Timestamp,User Count,Type,Name,Requests/s,Failures/s,50%,66%,75%,80%,90%,95%,98%,99%,99.9%,99.99%,100%,Total Request Count,Total Failure Count,Total Median Response Time,Total Average Response Time,Total Min Response Time,Total Max Response Time,Total Average Content Size
1781108470,0,,Aggregated,0.000000,0.000000,N/A,N/A,N/A,N/A,N/A,N/A,N/A,N/A,N/A,N/A,N/A,0,0,0,0.0,0,0,0
1781108471,10,gRPC,gRPC/listar-musicas,0.000000,0.000000,0,0,0,0,0,0,0,0,0,0,0,139,0,12,12.407763258923021,6.210252999153454,24.79532199959067,24374.0
1781108471,10,gRPC,gRPC/listar-musicas-playlist,0.000000,0.000000,0,0,0,0,0,0,0,0,0,0,0,136,0,11,11.627794323551237,7.901824000327906,17.481373000009626,14583.0
1781108471,10,gRPC,gRPC/listar-playlists,0.000000,0.000000,0,0,0,0,0,0,0,0,0,0,0,137,0,12,12.30903701463273,7.561612999779754,21.93774100032897,22473.0
1781108471,10,gRPC,gRPC/listar-playlists-musica,0.000000,0.000000,0,0,0,0,0,0,0,0,0,0,0,133,0,12,12.116271345844428,7.265729999744508,21.04072800011636,16984.0
1781108471,10,gRPC,gRPC/listar-playlists-usuario,0.000000,0.000000,0,0,0,0,0,0,0,0,0,0,0,137,0,11,11.808042335791882,6.021451000378875,21.501407999494404,16978.0
1781108471,10,gRPC,gRPC/listar-usuarios,0.000000,0.000000,0,0,0,0,0,0,0,0,0,0,0,142,0,11,11.302225584509408,4.838507999920694,19.957624000198848,15097.0
1781108471,10,,Aggregated,0.000000,0.000000,0,0,0,0,0,0,0,0,0,0,0,824,0,12,11.925338730581414,4.838507999920694,24.79532199959067,18420.760922330097
1781108472,20,gRPC,gRPC/listar-musicas,0.000000,0.000000,17,18,18,19,20,21,21,21,23,23,23,290,0,16,15.425787875862845,6.210252999153454,24.79532199959067,24374.0
1781108472,20,gRPC,gRPC/listar-musicas-playlist,0.000000,0.000000,17,18,18,18,19,20,21,22,22,22,22,281,0,16,14.815805167267191,7.901824000327906,22.070184000767767,14583.0
1781108472,20,gRPC,gRPC/listar-playlists,0.000000,0.000000,23,24,24,25,27,28,28,29,30,30,30,286,0,19,18.49476554547233,7.561612999779754,30.20319300048868,22473.0
1781108472,20,gRPC,gRPC/listar-playlists-musica,0.000000,0.000000,17,17,18,18,19,20,22,22,23,23,23,278,0,17,15.13725087767702,7.265729999744508,23.034759999973176,16984.0
1781108472,20,gRPC,gRPC/listar-playlists-usuario,0.000000,0.000000,18,18,18,19,20,21,22,22,23,23,23,283,0,17,15.25831431097705,6.021451000378875,22.696926000207895,16978.0
1781108472,20,gRPC,gRPC/listar-usuarios,0.000000,0.000000,35,36,36,37,40,42,55,66,72,72,72,293,0,21,24.48210891468759,4.838507999920694,72.23956600046222,15097.0
1781108472,20,,Aggregated,0.000000,0.000000,17,18,20,22,29,36,39,41,67,72,72,1711,0,17,17.31486808183026,4.838507999920694,72.23956600046222,18435.597895967272
1781108473,30,gRPC,gRPC/listar-musicas,42.000000,0.000000,19,22,23,24,25,25,27,29,31,31,31,447,0,18,18.315931302014956,6.210252999153454,31.42939299959835,24374.0
1781108473,30,gRPC,gRPC/listar-musicas-playlist,37.000000,0.000000,18,23,24,24,26,26,27,29,31,31,31,433,0,18,18.176136309481443,7.901824000327906,31.47908099981578,14583.0
1781108473,30,gRPC,gRPC/listar-playlists,40.000000,0.000000,25,40,42,42,43,44,45,47,50,50,50,441,0,24,26.355465916096193,7.561612999779754,49.567900000511145,22473.0
1781108473,30,gRPC,gRPC/listar-playlists-musica,35.000000,0.000000,18,21,22,22,23,24,26,28,32,32,32,430,0,18,17.726833646514045,7.265729999744508,31.55335500014189,16984.0
1781108473,30,gRPC,gRPC/listar-playlists-usuario,39.000000,0.000000,19,22,23,24,25,26,27,29,31,31,31,437,0,18,18.252952679653415,6.021451000378875,31.403146000229754,16978.0
1781108473,30,gRPC,gRPC/listar-usuarios,43.000000,0.000000,37,55,56,57,59,60,63,67,75,75,75,451,0,36,35.5220828071242,4.838507999920694,75.34176599983766,15097.0
1781108473,30,,Aggregated,236.000000,0.000000,21,24,25,28,42,56,58,59,72,75,75,2639,0,19,22.470552072007262,4.838507999920694,75.34176599983766,18435.567639257293
1781108474,40,gRPC,gRPC/listar-musicas,91.000000,0.000000,23,25,28,31,37,39,43,45,48,48,48,603,0,22,22.373620767824196,6.210252999153454,48.23808699984511,24374.0
1781108474,40,gRPC,gRPC/listar-musicas-playlist,86.500000,0.000000,23,26,29,31,37,38,43,46,49,49,49,584,0,22,22.419398085626447,7.901824000327906,49.0693210003883,14583.0
1781108474,40,gRPC,gRPC/listar-playlists,89.000000,0.000000,40,43,48,51,57,60,62,66,70,70,70,594,0,29,33.41172397136131,7.561612999779754,70.25591300043743,22473.0
1781108474,40,gRPC,gRPC/listar-playlists-musica,85.000000,0.000000,21,23,30,32,38,39,43,45,49,49,49,579,0,21,22.187628962006823,7.265729999744508,48.827126000105636,16984.0
1781108474,40,gRPC,gRPC/listar-playlists-usuario,88.000000,0.000000,22,25,29,30,35,39,44,45,49,49,49,589,0,22,22.313644952477343,6.021451000378875,48.75753699980123,16978.0
1781108474,40,gRPC,gRPC/listar-usuarios,92.500000,0.000000,55,58,63,64,71,73,77,82,100,100,100,608,0,51,43.94799569738881,4.838507999920694,102.12810400025774,15097.0
1781108474,40,,Aggregated,532.000000,0.000000,24,32,37,40,56,62,70,72,90,100,100,3557,0,23,27.871954251902267,4.838507999920694,102.12810400025774,18435.678942929433
1781108475,50,gRPC,gRPC/listar-musicas,112.333333,0.000000,24,32,37,39,46,51,56,58,67,67,67,753,0,24,26.91689670385482,6.210252999153454,66.96414100042603,24374.0
1781108475,50,gRPC,gRPC/listar-musicas-playlist,107.666667,0.000000,25,32,38,39,46,52,56,58,69,69,69,733,0,25,27.129897806279825,7.901824000327906,69.23449299938511,14583.0
1781108475,50,gRPC,gRPC/listar-playlists,110.000000,0.000000,42,47,51,55,59,61,64,66,70,70,70,747,0,42,37.18164996518542,7.561612999779754,70.25591300043743,22473.0
1781108475,50,gRPC,gRPC/listar-playlists-musica,106.333333,0.000000,23,32,38,39,47,52,56,61,69,69,69,725,0,23,27.010405077247736,7.265729999744508,69.23425700006192,16984.0
1781108475,50,gRPC,gRPC/listar-playlists-usuario,109.000000,0.000000,24,32,37,39,46,52,56,61,67,67,67,739,0,24,27.034810048728364,6.021451000378875,67.48305400014942,16978.0
1781108475,50,gRPC,gRPC/listar-usuarios,113.666667,0.000000,58,66,72,77,95,100,110,110,120,120,120,761,0,57,53.58067483049627,4.838507999920694,116.6888289999406,15097.0
1781108475,50,,Aggregated,659.000000,0.000000,30,39,45,50,59,70,91,100,120,120,120,4458,0,28,33.258298045541025,4.838507999920694,116.6888289999406,18434.10744728578
1781108476,60,gRPC,gRPC/listar-musicas,122.750000,0.000000,29,39,44,49,57,66,76,86,110,110,110,904,0,27,32.37610784071977,6.210252999153454,110.67763400023978,24374.0
1781108476,60,gRPC,gRPC/listar-musicas-playlist,118.000000,0.000000,30,38,45,49,57,65,75,82,110,110,110,874,0,28,32.37855816019224,7.901824000327906,110.97020099987276,14583.0
1781108476,60,gRPC,gRPC/listar-playlists,120.750000,0.000000,44,54,58,60,72,82,91,95,110,110,110,892,0,43,43.19032143496978,7.561612999779754,110.62174200014852,22473.0
1781108476,60,gRPC,gRPC/listar-playlists-musica,116.500000,0.000000,30,39,45,49,57,65,76,78,110,110,110,867,0,28,32.363444243378765,7.265729999744508,110.78972100040119,16984.0
1781108476,60,gRPC,gRPC/listar-playlists-usuario,119.250000,0.000000,30,38,45,49,58,66,75,81,110,110,110,885,0,29,32.40976786893675,6.021451000378875,108.33198899945273,16978.0
1781108476,60,gRPC,gRPC/listar-usuarios,124.000000,0.000000,63,76,88,94,100,110,120,130,170,170,170,911,0,61,61.500686092216576,4.838507999920694,168.56488000030367,15097.0
1781108476,60,,Aggregated,721.250000,0.000000,37,47,55,58,72,90,100,110,150,170,170,5333,0,36,39.16397970992678,4.838507999920694,168.56488000030367,18437.948434277143
1781108477,70,gRPC,gRPC/listar-musicas,128.800000,0.000000,36,46,53,58,67,76,86,92,110,110,110,1056,0,33,37.320684888266506,6.210252999153454,110.67763400023978,24374.0
1781108477,70,gRPC,gRPC/listar-musicas-playlist,124.800000,0.000000,37,46,53,58,68,74,83,93,110,110,110,1025,0,35,37.40924282245254,7.901824000327906,110.97020099987276,14583.0
1781108477,70,gRPC,gRPC/listar-playlists,127.400000,0.000000,49,58,63,69,79,85,93,95,110,110,110,1045,0,48,47.36567863347908,7.561612999779754,110.62174200014852,22473.0
1781108477,70,gRPC,gRPC/listar-playlists-musica,122.800000,0.000000,37,47,54,58,68,77,84,94,110,110,110,1014,0,35,37.526187282055545,7.265729999744508,110.78972100040119,16984.0
1781108477,70,gRPC,gRPC/listar-playlists-usuario,125.800000,0.000000,35,46,53,58,68,76,85,93,110,110,110,1034,0,34,37.460515528061514,6.021451000378875,108.33198899945273,16978.0
1781108477,70,gRPC,gRPC/listar-usuarios,130.200000,0.000000,70,91,100,100,120,130,140,150,170,170,170,1066,0,68,69.53208021483199,4.838507999920694,168.56488000030367,15097.0
1781108477,70,,Aggregated,759.800000,0.000000,42,55,62,66,81,98,110,120,150,170,170,6240,0,40,44.57679098975007,4.838507999920694,168.56488000030367,18436.095192307694
1781108478,80,gRPC,gRPC/listar-musicas,131.500000,0.000000,39,54,64,67,76,82,98,100,110,110,110,1212,0,38,42.429685831687884,6.210252999153454,112.8335369994602,24374.0
1781108478,80,gRPC,gRPC/listar-musicas-playlist,126.666667,0.000000,39,54,64,68,76,81,95,100,110,110,110,1178,0,38,42.62232952887242,7.901824000327906,112.3953940004867,14583.0
1781108478,80,gRPC,gRPC/listar-playlists,130.000000,0.000000,54,64,71,75,82,89,98,100,110,110,110,1201,0,52,51.396992995821144,7.561612999779754,113.15196599935007,22473.0
1781108478,80,gRPC,gRPC/listar-playlists-musica,125.166667,0.000000,39,54,64,68,76,82,95,100,110,110,110,1167,0,39,42.66571655955636,7.265729999744508,112.70650500046031,16984.0
1781108478,80,gRPC,gRPC/listar-playlists-usuario,127.666667,0.000000,39,54,65,68,76,82,96,100,110,110,110,1189,0,38,42.696668887306906,6.021451000378875,112.79162600021664,16978.0
1781108478,80,gRPC,gRPC/listar-usuarios,133.333333,0.000000,78,100,110,110,130,140,150,160,170,170,170,1223,0,75,76.89912256338404,4.838507999920694,168.56488000030367,15097.0
1781108478,80,,Aggregated,774.333333,0.000000,49,63,70,74,91,110,120,130,160,170,170,7170,0,46,49.92559685188672,4.838507999920694,168.56488000030367,18435.276987447698
1781108479,90,gRPC,gRPC/listar-musicas,134.142857,0.000000,45,63,70,75,86,98,110,110,140,140,140,1365,0,43,47.75391662637441,6.210252999153454,137.8748639999685,24374.0
1781108479,90,gRPC,gRPC/listar-musicas-playlist,129.428571,0.000000,45,64,71,75,83,97,110,110,120,140,140,1324,0,44,47.72471888067755,7.901824000327906,137.47176100059733,14583.0
1781108479,90,gRPC,gRPC/listar-playlists,132.714286,0.000000,58,70,76,80,94,100,110,120,120,120,120,1351,0,57,56.33814609102823,7.561612999779754,124.66819400015083,22473.0
1781108479,90,gRPC,gRPC/listar-playlists-musica,127.857143,0.000000,46,63,71,75,83,96,110,110,120,130,130,1309,0,44,47.655378007637744,7.265729999744508,126.84423000064271,16984.0
1781108479,90,gRPC,gRPC/listar-playlists-usuario,130.571429,0.000000,45,64,71,76,86,100,110,110,120,120,120,1337,0,44,48.06970016904001,6.021451000378875,121.51427999924636,16978.0
1781108479,90,gRPC,gRPC/listar-usuarios,135.571429,0.000000,90,110,120,120,140,150,160,170,170,180,180,1379,0,88,83.70882506237675,4.838507999920694,179.5525979996455,15097.0
1781108479,90,,Aggregated,790.285714,0.000000,55,70,77,82,100,110,130,150,170,180,180,8065,0,53,55.37123472548294,4.838507999920694,179.5525979996455,18436.43273403596
1781108480,100,gRPC,gRPC/listar-musicas,137.000000,0.000000,51,69,77,82,97,110,140,150,160,160,160,1518,0,50,53.515225415020026,6.210252999153454,157.90108900000632,24374.0
1781108480,100,gRPC,gRPC/listar-musicas-playlist,132.000000,0.000000,51,70,77,81,94,110,130,150,150,160,160,1467,0,50,53.11921591889254,7.901824000327906,155.67354600079852,14583.0
1781108480,100,gRPC,gRPC/listar-playlists,134.500000,0.000000,61,76,82,87,99,110,120,150,160,160,160,1504,0,60,61.07935504919103,7.561612999779754,162.20172800058208,22473.0
1781108480,100,gRPC,gRPC/listar-playlists-musica,130.625000,0.000000,52,70,77,81,95,100,120,150,150,150,150,1454,0,51,53.11591211073095,7.265729999744508,153.5561280006732,16984.0
1781108480,100,gRPC,gRPC/listar-playlists-usuario,133.250000,0.000000,52,70,78,83,95,100,120,140,160,160,160,1481,0,50,53.39585865294365,6.021451000378875,161.46954300074867,16978.0
1781108480,100,gRPC,gRPC/listar-usuarios,138.250000,0.000000,98,120,130,130,150,160,190,200,210,210,210,1531,0,96,91.28439696082359,4.838507999920694,214.66874399993685,15097.0
1781108480,100,,Aggregated,805.625000,0.000000,59,76,85,92,110,130,150,160,210,210,210,8955,0,58,61.093418933337084,4.838507999920694,214.66874399993685,18441.657844779453
1781108481,110,gRPC,gRPC/listar-musicas,139.111111,0.000000,64,78,87,93,100,140,150,160,170,170,170,1667,0,55,59.03458049070456,6.210252999153454,174.85975099953066,24374.0
1781108481,110,gRPC,gRPC/listar-musicas-playlist,133.777778,0.000000,64,78,86,93,100,140,150,170,170,170,170,1617,0,56,59.26191842982047,7.901824000327906,174.99394700007542,14583.0
1781108481,110,gRPC,gRPC/listar-playlists,136.777778,0.000000,71,83,90,95,100,120,150,160,170,170,170,1644,0,65,65.37477199816557,7.561612999779754,174.58265599998413,22473.0
1781108481,110,gRPC,gRPC/listar-playlists-musica,132.444444,0.000000,64,78,87,92,100,120,150,160,170,180,180,1602,0,56,58.439962750939635,7.265729999744508,175.00448299961135,16984.0
1781108481,110,gRPC,gRPC/listar-playlists-usuario,135.000000,0.000000,65,79,88,93,100,140,150,160,170,170,170,1630,0,56,58.95553616810396,6.021451000378875,174.3952619999618,16978.0
1781108481,110,gRPC,gRPC/listar-usuarios,140.333333,0.000000,110,130,140,150,160,190,210,220,230,230,230,1681,0,100.0,98.4749029095857,4.838507999920694,231.82506899956934,15097.0
1781108481,110,,Aggregated,817.444444,0.000000,70,86,95,100,130,150,170,180,220,230,230,9841,0,64,66.75825109399827,4.838507999920694,231.82506899956934,18434.95030992785
1781108482,120,gRPC,gRPC/listar-musicas,139.000000,0.000000,73,89,97,100,120,140,160,170,180,180,180,1824,0,62,64.34831549945214,6.210252999153454,181.53225399964867,24374.0
1781108482,120,gRPC,gRPC/listar-musicas-playlist,134.900000,0.000000,73,87,96,100,130,150,160,170,180,180,180,1763,0,63,64.67092099207106,7.901824000327906,181.63345600078173,14583.0
1781108482,120,gRPC,gRPC/listar-playlists,137.700000,0.000000,79,92,99,100,120,140,160,170,180,180,180,1799,0,70,70.37092403389498,7.561612999779754,181.36499600041134,22473.0
1781108482,120,gRPC,gRPC/listar-playlists-musica,133.600000,0.000000,73,88,95,100,120,140,160,170,180,180,180,1749,0,63,63.63334234362993,7.265729999744508,181.3894140004777,16984.0
1781108482,120,gRPC,gRPC/listar-playlists-usuario,136.300000,0.000000,74,90,97,100,120,140,160,170,180,180,180,1784,0,63,64.62701529541049,6.021451000378875,181.56523000016023,16978.0
1781108482,120,gRPC,gRPC/listar-usuarios,141.300000,0.000000,120,140,150,150,180,200,210,220,230,240,240,1838,0,110.0,104.65702801034519,4.838507999920694,237.6492639996286,15097.0
1781108482,120,,Aggregated,822.800000,0.000000,79,96,100,110,140,160,180,200,230,240,240,10757,0,69,72.22574900493026,4.838507999920694,237.6492639996286,18438.132007065167
1781108483,130,gRPC,gRPC/listar-musicas,149.600000,0.000000,82,97,110,110,140,150,170,180,200,210,210,1967,0,67,69.27548368479843,6.210252999153454,205.4940890002399,24374.0
1781108483,130,gRPC,gRPC/listar-musicas-playlist,145.900000,0.000000,82,98,110,120,140,160,170,180,200,200,200,1909,0,68,69.72830063699567,7.901824000327906,198.8061869997182,14583.0
1781108483,130,gRPC,gRPC/listar-playlists,148.400000,0.000000,87,99,100,110,140,150,170,180,200,200,200,1949,0,75,74.77387285068504,7.561612999779754,198.81762400018488,22473.0
1781108483,130,gRPC,gRPC/listar-playlists-musica,143.900000,0.000000,82,96,100,110,130,150,170,180,200,200,200,1891,0,69,68.62697735695996,7.265729999744508,199.02954300050624,16984.0
1781108483,130,gRPC,gRPC/listar-playlists-usuario,147.200000,0.000000,84,97,100,110,140,160,170,180,200,200,200,1927,0,68,69.7056502081019,6.021451000378875,199.03984400025365,16978.0
1781108483,130,gRPC,gRPC/listar-usuarios,151.800000,0.000000,130,150,160,170,190,210,220,230,250,250,250,1995,0,110.0,110.8041466370985,4.838507999920694,248.30015399948024,15097.0
1781108483,130,,Aggregated,886.800000,0.000000,91,100,120,130,150,170,190,200,230,250,250,11638,0,74,77.35531493246627,4.838507999920694,248.30015399948024,18433.953170647877
1781108484,140,gRPC,gRPC/listar-musicas,150.400000,0.000000,93,110,120,130,150,170,180,180,200,210,210,2129,0,72,74.58801548379432,6.210252999153454,205.4940890002399,24374.0
1781108484,140,gRPC,gRPC/listar-musicas-playlist,146.200000,0.000000,93,110,120,130,160,170,180,180,200,200,200,2059,0,72,75.10158900875413,7.901824000327906,198.8061869997182,14583.0
1781108484,140,gRPC,gRPC/listar-playlists,149.400000,0.000000,95,100,120,130,150,170,180,180,200,200,200,2101,0,78,79.50199806853128,7.561612999779754,198.81762400018488,22473.0
1781108484,140,gRPC,gRPC/listar-playlists-musica,145.100000,0.000000,92,100,110,120,150,170,180,190,200,200,200,2042,0,72,74.03997927522542,7.265729999744508,199.02954300050624,16984.0
1781108484,140,gRPC,gRPC/listar-playlists-usuario,148.200000,0.000000,94,100,120,130,160,170,180,190,200,200,200,2082,0,73,75.30849586743965,6.021451000378875,199.03984400025365,16978.0
1781108484,140,gRPC,gRPC/listar-usuarios,153.300000,0.000000,150,160,170,180,200,220,230,240,250,260,260,2153,0,120.0,116.88899569949454,4.838507999920694,259.28687899977376,15097.0
1781108484,140,,Aggregated,892.600000,0.000000,99,120,130,140,160,180,200,220,240,260,260,12566,0,79,82.77174029070801,4.838507999920694,259.28687899977376,18436.07997771765
1781108485,150,gRPC,gRPC/listar-musicas,150.100000,0.000000,100,120,130,140,160,170,180,190,200,210,210,2280,0,77,79.62942094035051,6.210252999153454,205.4940890002399,24374.0
1781108485,150,gRPC,gRPC/listar-musicas-playlist,146.100000,0.000000,100,120,140,150,170,180,190,190,200,200,200,2219,0,77,80.89454298424073,7.901824000327906,198.8061869997182,14583.0
1781108485,150,gRPC,gRPC/listar-playlists,149.400000,0.000000,100,120,130,140,170,170,190,190,200,200,200,2256,0,82,84.64505154032791,7.561612999779754,198.81762400018488,22473.0
1781108485,150,gRPC,gRPC/listar-playlists-musica,144.400000,0.000000,98,110,130,140,170,180,190,190,200,200,200,2194,0,77,79.60017341796548,7.265729999744508,199.02954300050624,16984.0
1781108485,150,gRPC,gRPC/listar-playlists-usuario,147.200000,0.000000,100,120,140,140,170,180,190,190,200,200,200,2236,0,78,80.7734197558185,6.021451000378875,199.03984400025365,16978.0
1781108485,150,gRPC,gRPC/listar-usuarios,152.900000,0.000000,150,170,190,200,220,230,240,240,250,260,260,2308,0,130.0,122.78921654246386,4.838507999920694,259.28687899977376,15097.0
1781108485,150,,Aggregated,890.100000,0.000000,110,130,150,160,170,190,210,230,250,260,260,13493,0,85,88.24345703209363,4.838507999920694,259.28687899977376,18431.85837100719
1781108486,160,gRPC,gRPC/listar-musicas,150.900000,0.000000,110,130,150,160,170,190,200,220,260,260,260,2433,0,81,85.59979537114562,6.210252999153454,255.37013899975136,24374.0
1781108486,160,gRPC,gRPC/listar-musicas-playlist,146.200000,0.000000,110,130,150,160,170,190,200,210,260,260,260,2363,0,81,86.4782751121556,7.901824000327906,259.89446000039607,14583.0
1781108486,160,gRPC,gRPC/listar-playlists,148.900000,0.000000,110,130,140,150,170,190,200,250,260,260,260,2407,0,86,90.1387642035659,7.561612999779754,257.21837200035225,22473.0
1781108486,160,gRPC,gRPC/listar-playlists-musica,144.800000,0.000000,110,130,150,160,180,190,200,210,250,260,260,2334,0,81,85.12163412854042,7.265729999744508,255.2104340002188,16984.0
1781108486,160,gRPC,gRPC/listar-playlists-usuario,147.600000,0.000000,110,130,150,160,180,190,200,250,260,260,260,2385,0,83,86.68201826876577,6.021451000378875,256.7167810002502,16978.0
1781108486,160,gRPC,gRPC/listar-usuarios,153.300000,0.000000,160,190,200,210,230,240,260,280,310,310,310,2457,0,130.0,129.34486256695396,4.838507999920694,311.6219160001492,15097.0
1781108486,160,,Aggregated,891.700000,0.000000,120,140,160,170,190,200,230,250,290,310,310,14379,0,90,94.08076407399841,4.838507999920694,311.6219160001492,18435.25954517004
1781108487,170,gRPC,gRPC/listar-musicas,150.900000,0.000000,120,150,160,160,180,200,240,260,280,280,280,2589,0,87,91.12196246272666,6.210252999153454,277.5758699999642,24374.0
1781108487,170,gRPC,gRPC/listar-musicas-playlist,145.800000,0.000000,130,150,160,160,180,190,220,240,270,280,280,2517,0,86,91.58657360310893,7.901824000327906,278.97765899979277,14583.0
1781108487,170,gRPC,gRPC/listar-playlists,149.200000,0.000000,120,150,160,160,180,200,240,260,280,280,280,2564,0,91,95.2333652924993,7.561612999779754,278.19913100029225,22473.0
1781108487,170,gRPC,gRPC/listar-playlists-musica,144.500000,0.000000,120,150,160,160,180,200,220,250,280,280,280,2481,0,87,90.3310110241903,7.265729999744508,277.86570900025254,16984.0
1781108487,170,gRPC,gRPC/listar-playlists-usuario,147.200000,0.000000,120,150,160,170,180,200,250,260,280,280,280,2542,0,89,92.03555936782182,6.021451000378875,278.3499359993584,16978.0
1781108487,170,gRPC,gRPC/listar-usuarios,153.100000,0.000000,180,200,210,220,240,260,290,310,330,330,330,2614,0,140.0,135.4163118504243,4.838507999920694,329.46082200032833,15097.0
1781108487,170,,Aggregated,890.700000,0.000000,140,160,170,170,200,220,250,270,320,330,330,15307,0,95,99.47477524178579,4.838507999920694,329.46082200032833,18435.31763245574
1781108488,180,gRPC,gRPC/listar-musicas,151.800000,0.000000,140,160,170,170,190,230,270,290,290,300,300,2748,0,93,96.99200183988388,6.210252999153454,299.51940499995544,24374.0
1781108488,180,gRPC,gRPC/listar-musicas-playlist,147.500000,0.000000,140,160,160,170,190,200,250,270,290,290,290,2669,0,93,96.79625617610567,7.901824000327906,293.4491269998034,14583.0
1781108488,180,gRPC,gRPC/listar-playlists,149.900000,0.000000,140,160,170,170,190,210,270,290,300,300,300,2722,0,95,100.47199431115632,7.561612999779754,295.7065150003473,22473.0
1781108488,180,gRPC,gRPC/listar-playlists-musica,146.600000,0.000000,140,160,170,170,190,210,260,280,290,290,290,2623,0,92,95.51286887724649,7.265729999744508,293.65319999942585,16984.0
1781108488,180,gRPC,gRPC/listar-playlists-usuario,148.800000,0.000000,140,160,170,170,190,210,270,280,290,300,300,2694,0,93,97.36285401855785,6.021451000378875,295.5451059997358,16978.0
1781108488,180,gRPC,gRPC/listar-usuarios,153.400000,0.000000,190,210,220,230,250,280,320,340,340,340,340,2773,0,140.0,141.5704602419797,4.838507999920694,342.7625539998189,15097.0
1781108488,180,,Aggregated,898.000000,0.000000,150,160,170,180,210,240,280,290,340,340,340,16229,0,99,104.98297290942237,4.838507999920694,342.7625539998189,18437.67514942387
1781108489,190,gRPC,gRPC/listar-musicas,151.500000,0.000000,150,160,170,180,210,250,280,290,320,330,330,2908,0,96,102.7177746282666,6.210252999153454,325.29659000010724,24374.0
1781108489,190,gRPC,gRPC/listar-musicas-playlist,147.700000,0.000000,150,160,170,170,190,230,280,290,320,330,330,2807,0,96,101.75147225223375,7.901824000327906,325.3873819994624,14583.0
1781108489,190,gRPC,gRPC/listar-playlists,150.100000,0.000000,150,160,170,180,200,240,280,290,320,330,330,2877,0,98,105.56488163120127,7.561612999779754,326.9353460000275,22473.0
1781108489,190,gRPC,gRPC/listar-playlists-musica,146.500000,0.000000,150,160,170,180,200,230,280,290,320,330,330,2776,0,95,100.84122430836362,7.265729999744508,327.02943200001755,16984.0
1781108489,190,gRPC,gRPC/listar-playlists-usuario,148.900000,0.000000,150,170,180,180,200,250,280,290,320,330,330,2851,0,96,102.98561652963461,6.021451000378875,327.4260749994937,16978.0
1781108489,190,gRPC,gRPC/listar-usuarios,153.400000,0.000000,200,220,230,230,270,310,340,340,370,370,370,2933,0,150.0,147.46182212751975,4.838507999920694,367.85153100026946,15097.0
1781108489,190,,Aggregated,898.100000,0.000000,160,170,180,190,220,260,290,310,340,370,370,17152,0,100.0,110.42925556145065,4.838507999920694,367.85153100026946,18441.01311800373
1781108490,200,gRPC,gRPC/listar-musicas,151.500000,0.000000,160,170,180,190,230,270,290,290,320,330,330,3064,0,100.0,108.23902503687994,6.210252999153454,325.29659000010724,24374.0
1781108490,200,gRPC,gRPC/listar-musicas-playlist,148.400000,0.000000,160,170,180,190,210,270,290,290,320,330,330,2955,0,100.0,106.95620845923207,7.901824000327906,325.3873819994624,14583.0
1781108490,200,gRPC,gRPC/listar-playlists,151.100000,0.000000,160,170,180,190,210,270,290,290,320,330,330,3036,0,100.0,110.8761838333215,7.561612999779754,326.9353460000275,22473.0
1781108490,200,gRPC,gRPC/listar-playlists-musica,147.000000,0.000000,160,170,180,190,210,250,290,290,320,330,330,2928,0,98,106.30537030499497,7.265729999744508,327.02943200001755,16984.0
1781108490,200,gRPC,gRPC/listar-playlists-usuario,149.600000,0.000000,160,170,190,190,210,270,280,290,320,330,330,2987,0,100.0,107.60916374622946,6.021451000378875,327.4260749994937,16978.0
1781108490,200,gRPC,gRPC/listar-usuarios,153.500000,0.000000,210,220,240,250,290,330,340,340,370,370,370,3092,0,150.0,153.38927081274792,4.838507999920694,367.85153100026946,15097.0
1781108490,200,,Aggregated,901.100000,0.000000,170,180,190,200,240,280,300,320,360,370,370,18062,0,110.0,115.78398762839211,4.838507999920694,367.85153100026946,18443.422157014727
1781108491,210,gRPC,gRPC/listar-musicas,152.100000,0.000000,170,180,200,210,250,270,290,300,320,330,330,3189,0,100.0,113.12963265130138,6.210252999153454,325.29659000010724,24374.0
1781108491,210,gRPC,gRPC/listar-musicas-playlist,149.000000,0.000000,170,180,190,200,250,270,290,300,320,330,330,3092,0,100.0,112.8071358796995,7.901824000327906,325.3873819994624,14583.0
1781108491,210,gRPC,gRPC/listar-playlists,151.600000,0.000000,170,180,200,200,240,270,290,300,320,330,330,3157,0,100.0,115.57341393568706,7.561612999779754,326.9353460000275,22473.0
1781108491,210,gRPC,gRPC/listar-playlists-musica,147.700000,0.000000,170,180,200,210,240,270,290,290,320,330,330,3064,0,100.0,111.9230493136503,7.265729999744508,327.02943200001755,16984.0
1781108491,210,gRPC,gRPC/listar-playlists-usuario,150.400000,0.000000,170,190,200,200,240,270,290,300,320,330,330,3126,0,100.0,113.14769495585058,6.021451000378875,327.4260749994937,16978.0
1781108491,210,gRPC,gRPC/listar-usuarios,153.500000,0.000000,220,240,260,270,310,330,340,350,370,370,370,3238,0,160.0,159.35606197776875,4.838507999920694,367.85153100026946,15097.0
1781108491,210,,Aggregated,904.300000,0.000000,170,190,210,220,260,280,310,330,360,370,370,18866,0,110.0,121.22666048303923,4.838507999920694,367.85153100026946,18433.31246687162
1781108492,220,gRPC,gRPC/listar-musicas,154.000000,0.000000,170,200,210,230,260,280,290,310,330,330,330,3357,0,110.0,118.97811534286642,6.210252999153454,332.63240099950053,24374.0
1781108492,220,gRPC,gRPC/listar-musicas-playlist,149.800000,0.000000,170,190,210,220,260,280,290,310,330,330,330,3254,0,110.0,118.66994354579772,7.901824000327906,332.9505390001941,14583.0
1781108492,220,gRPC,gRPC/listar-playlists,152.300000,0.000000,170,200,210,230,250,280,290,310,330,330,330,3321,0,110.0,121.41248382203003,7.561612999779754,333.1359909998355,22473.0
1781108492,220,gRPC,gRPC/listar-playlists-musica,146.100000,0.000000,170,190,210,220,250,280,290,300,330,330,330,3211,0,110.0,117.25548325787233,7.265729999744508,332.7384109998093,16984.0
1781108492,220,gRPC,gRPC/listar-playlists-usuario,151.100000,0.000000,180,200,210,220,250,280,290,320,330,330,330,3290,0,110.0,118.95306258905549,6.021451000378875,333.19758499965246,16978.0
1781108492,220,gRPC,gRPC/listar-usuarios,154.400000,0.000000,230,260,280,280,320,340,340,360,370,370,370,3390,0,160.0,165.14084167198033,4.838507999920694,373.62898599985783,15097.0
1781108492,220,,Aggregated,907.700000,0.000000,180,210,220,230,270,290,320,330,360,370,370,19823,0,120.0,126.94661626413878,4.838507999920694,373.62898599985783,18437.244967966504
1781108493,230,gRPC,gRPC/listar-musicas,154.500000,0.000000,190,210,230,240,270,290,310,330,360,360,360,3520,0,120.0,124.48338222102083,6.210252999153454,356.6196210003909,24374.0
1781108493,230,gRPC,gRPC/listar-musicas-playlist,148.500000,0.000000,180,210,220,230,270,290,320,330,360,360,360,3397,0,120.0,123.60576788667531,7.901824000327906,357.39620300046226,14583.0
1781108493,230,gRPC,gRPC/listar-playlists,153.300000,0.000000,190,210,220,230,270,290,320,320,360,360,360,3484,0,120.0,126.91967596927799,7.561612999779754,357.3374879997573,22473.0
1781108493,230,gRPC,gRPC/listar-playlists-musica,147.300000,0.000000,180,210,220,230,260,290,320,350,360,360,360,3364,0,110.0,122.9394800437059,7.265729999744508,356.7272669997692,16984.0
1781108493,230,gRPC,gRPC/listar-playlists-usuario,151.000000,0.000000,190,200,220,230,270,290,320,350,360,360,360,3453,0,120.0,124.53849036721238,6.021451000378875,356.920524999623,16978.0
1781108493,230,gRPC,gRPC/listar-usuarios,155.300000,0.000000,240,270,280,290,330,340,370,380,400,410,410,3551,0,170.0,171.0657083996098,4.838507999920694,407.8767049995804,15097.0
1781108493,230,,Aggregated,909.900000,0.000000,200,220,230,250,280,310,340,350,390,410,410,20769,0,130.0,132.47207851307328,4.838507999920694,407.8767049995804,18440.92252876884
1781108494,240,gRPC,gRPC/listar-musicas,153.300000,0.000000,200,220,240,250,280,310,340,350,380,380,380,3665,0,120.0,130.0891309909947,6.210252999153454,380.2449949998845,24374.0
1781108494,240,gRPC,gRPC/listar-musicas-playlist,147.800000,0.000000,200,220,230,240,280,300,340,350,380,380,380,3543,0,120.0,129.18869059216442,7.901824000327906,382.35378799981845,14583.0
1781108494,240,gRPC,gRPC/listar-playlists,151.000000,0.000000,200,220,230,240,280,310,350,360,380,380,380,3624,0,120.0,132.46868665755034,7.561612999779754,382.3660670004756,22473.0
1781108494,240,gRPC,gRPC/listar-playlists-musica,146.100000,0.000000,200,220,230,240,280,310,350,360,380,380,380,3512,0,120.0,129.21981123064626,7.265729999744508,381.0788880000473,16984.0
1781108494,240,gRPC,gRPC/listar-playlists-usuario,149.100000,0.000000,200,220,230,240,280,320,350,360,380,380,380,3579,0,120.0,129.72504379435213,6.021451000378875,381.1158290000094,16978.0
1781108494,240,gRPC,gRPC/listar-usuarios,154.000000,0.000000,260,280,290,310,340,360,390,400,430,430,430,3708,0,180.0,177.0229669433728,4.838507999920694,432.42598199958593,15097.0
1781108494,240,,Aggregated,901.300000,0.000000,210,230,250,270,290,330,360,370,410,430,430,21631,0,140.0,138.1843551618065,4.838507999920694,432.42598199958593,18437.9907077805
1781108495,250,gRPC,gRPC/listar-musicas,153.500000,0.000000,210,230,250,260,280,310,340,350,380,380,380,3822,0,130.0,134.6265243076918,6.210252999153454,380.2449949998845,24374.0
1781108495,250,gRPC,gRPC/listar-musicas-playlist,149.500000,0.000000,210,230,240,250,280,300,340,350,380,380,380,3710,0,130.0,134.3537834638919,7.901824000327906,382.35378799981845,14583.0
1781108495,250,gRPC,gRPC/listar-playlists,152.200000,0.000000,210,230,240,250,280,310,350,360,380,380,380,3786,0,130.0,137.25340664447097,7.561612999779754,382.3660670004756,22473.0
1781108495,250,gRPC,gRPC/listar-playlists-musica,147.900000,0.000000,210,230,240,250,280,310,350,360,380,380,380,3666,0,130.0,133.99257766776628,7.265729999744508,381.0788880000473,16984.0
1781108495,250,gRPC,gRPC/listar-playlists-usuario,150.900000,0.000000,210,230,240,250,280,320,350,360,380,380,380,3755,0,130.0,134.84503262423223,6.021451000378875,381.1158290000094,16978.0
1781108495,250,gRPC,gRPC/listar-usuarios,154.000000,0.000000,270,290,300,320,340,360,390,400,430,430,430,3866,0,180.0,181.96010409855919,4.838507999920694,432.42598199958593,15097.0
1781108495,250,,Aggregated,908.000000,0.000000,220,240,260,270,300,330,360,370,410,430,430,22605,0,140.0,143.05039415129642,4.838507999920694,432.42598199958593,18435.030833886307
1781108496,260,gRPC,gRPC/listar-musicas,153.400000,0.000000,220,240,260,270,300,340,400,420,440,440,440,3970,0,140.0,140.7018631196474,6.210252999153454,443.67518600029143,24374.0
1781108496,260,gRPC,gRPC/listar-musicas-playlist,147.900000,0.000000,220,240,250,270,290,330,370,420,450,450,450,3840,0,140.0,139.71168342683288,7.901824000327906,445.87261299966485,14583.0
1781108496,260,gRPC,gRPC/listar-playlists,153.200000,0.000000,220,240,260,270,310,340,410,420,440,450,450,3939,0,140.0,143.8724645110337,7.561612999779754,445.136919000106,22473.0
1781108496,260,gRPC,gRPC/listar-playlists-musica,146.800000,0.000000,220,240,260,280,300,350,410,420,440,450,450,3795,0,140.0,139.94452815758353,7.265729999744508,446.1919000004855,16984.0
1781108496,260,gRPC,gRPC/listar-playlists-usuario,151.400000,0.000000,220,240,250,270,290,340,410,420,450,450,450,3874,0,140.0,139.85796127103438,6.021451000378875,446.3142249996963,16978.0
1781108496,260,gRPC,gRPC/listar-usuarios,154.200000,0.000000,280,300,320,330,350,390,440,470,500,500,500,4015,0,190.0,188.2524692543039,4.838507999920694,502.5859190000119,15097.0
1781108496,260,,Aggregated,906.900000,0.000000,230,250,270,280,320,350,410,420,480,500,500,23433,0,150.0,148.95770021043177,4.838507999920694,502.5859190000119,18440.92322792643
1781108497,270,gRPC,gRPC/listar-musicas,154.000000,0.000000,230,250,270,280,310,340,400,420,440,440,440,4126,0,140.0,145.6766105087269,6.210252999153454,443.67518600029143,24374.0
1781108497,270,gRPC,gRPC/listar-musicas-playlist,147.800000,0.000000,230,250,270,280,300,330,370,420,450,450,450,3996,0,150.0,145.16837825426342,7.901824000327906,445.87261299966485,14583.0
1781108497,270,gRPC,gRPC/listar-playlists,150.500000,0.000000,230,250,280,290,320,350,410,420,440,450,450,4083,0,140.0,148.33615115526678,7.561612999779754,445.136919000106,22473.0
1781108497,270,gRPC,gRPC/listar-playlists-musica,146.700000,0.000000,230,250,280,290,310,350,410,420,440,450,450,3960,0,140.0,145.57267474268474,7.265729999744508,446.1919000004855,16984.0
1781108497,270,gRPC,gRPC/listar-playlists-usuario,150.000000,0.000000,220,250,270,280,300,350,410,420,450,450,450,4037,0,150.0,145.00109733663245,6.021451000378875,446.3142249996963,16978.0
1781108497,270,gRPC,gRPC/listar-usuarios,154.500000,0.000000,280,310,330,340,360,390,440,470,500,500,500,4167,0,200.0,193.4625005927612,4.838507999920694,502.5859190000119,15097.0
1781108497,270,,Aggregated,903.500000,0.000000,240,270,280,290,330,360,410,420,480,500,500,24369,0,150.0,154.08127135003673,4.838507999920694,502.5859190000119,18437.52620132135
1781108498,280,gRPC,gRPC/listar-musicas,154.000000,0.000000,240,270,280,290,330,370,410,420,440,440,440,4287,0,150.0,151.86464895474904,6.210252999153454,443.67518600029143,24374.0
1781108498,280,gRPC,gRPC/listar-musicas-playlist,149.800000,0.000000,240,270,280,290,320,350,410,420,450,450,450,4136,0,150.0,150.53091907109257,7.901824000327906,445.87261299966485,14583.0
1781108498,280,gRPC,gRPC/listar-playlists,153.100000,0.000000,230,270,290,300,330,400,410,420,440,450,450,4242,0,150.0,154.52491846887318,7.561612999779754,445.136919000106,22473.0
1781108498,280,gRPC,gRPC/listar-playlists-musica,147.800000,0.000000,240,270,290,290,340,400,420,420,440,450,450,4102,0,150.0,151.36167604657007,7.265729999744508,446.1919000004855,16984.0
1781108498,280,gRPC,gRPC/listar-playlists-usuario,151.800000,0.000000,230,260,280,290,320,380,420,420,450,450,450,4201,0,150.0,151.04421692620386,6.021451000378875,446.3142249996963,16978.0
1781108498,280,gRPC,gRPC/listar-usuarios,154.800000,0.000000,290,330,340,350,380,420,470,470,500,500,500,4324,0,200.0,199.73216734737093,4.838507999920694,502.5859190000119,15097.0
1781108498,280,,Aggregated,911.300000,0.000000,250,280,290,300,350,400,420,440,480,500,500,25292,0,160.0,160.05846028594195,4.838507999920694,502.5859190000119,18440.987901312667
1781108499,290,gRPC,gRPC/listar-musicas,153.500000,0.000000,250,280,290,300,340,380,410,420,440,440,440,4418,0,150.0,156.0669989031264,6.210252999153454,443.67518600029143,24374.0
1781108499,290,gRPC,gRPC/listar-musicas-playlist,147.400000,0.000000,250,280,290,300,340,360,410,420,450,450,450,4287,0,160.0,155.57503150595602,7.901824000327906,445.87261299966485,14583.0
1781108499,290,gRPC,gRPC/listar-playlists,152.300000,0.000000,250,280,300,300,350,410,410,420,440,450,450,4384,0,150.0,159.3885802014042,7.561612999779754,445.136919000106,22473.0
1781108499,290,gRPC,gRPC/listar-playlists-musica,145.400000,0.000000,250,280,300,300,350,400,420,420,440,450,450,4242,0,160.0,156.37342307402878,7.265729999744508,446.1919000004855,16984.0
1781108499,290,gRPC,gRPC/listar-playlists-usuario,148.600000,0.000000,240,270,290,300,340,400,420,420,450,450,450,4325,0,160.0,155.4807391960657,6.021451000378875,446.3142249996963,16978.0
1781108499,290,gRPC,gRPC/listar-usuarios,154.600000,0.000000,300,330,350,360,400,420,470,470,500,500,500,4483,0,200.0,204.7985807901017,4.838507999920694,502.5859190000119,15097.0
1781108499,290,,Aggregated,901.800000,0.000000,260,290,300,320,350,400,420,440,480,500,500,26139,0,160.0,164.85389617843214,4.838507999920694,502.5859190000119,18435.254370863462
1781108500,300,gRPC,gRPC/listar-musicas,151.900000,0.000000,260,290,300,320,350,400,410,420,440,440,440,4596,0,160.0,162.14358965013363,6.210252999153454,443.67518600029143,24374.0
1781108500,300,gRPC,gRPC/listar-musicas-playlist,146.700000,0.000000,260,290,300,310,340,400,420,420,450,450,450,4435,0,160.0,160.93990221985035,7.901824000327906,445.87261299966485,14583.0
1781108500,300,gRPC,gRPC/listar-playlists,149.700000,0.000000,260,290,300,320,360,410,420,420,440,450,450,4555,0,160.0,165.16315683643415,7.561612999779754,445.136919000106,22473.0
1781108500,300,gRPC,gRPC/listar-playlists-musica,144.800000,0.000000,260,290,300,320,360,410,420,420,440,450,450,4403,0,160.0,162.0713326813613,7.265729999744508,446.1919000004855,16984.0
1781108500,300,gRPC,gRPC/listar-playlists-usuario,147.700000,0.000000,250,280,300,310,350,410,420,420,450,450,450,4499,0,160.0,160.9279752769467,6.021451000378875,446.3142249996963,16978.0
1781108500,300,gRPC,gRPC/listar-usuarios,154.100000,0.000000,320,340,360,370,400,460,470,470,500,500,500,4641,0,210.0,210.3897468618898,4.838507999920694,502.5859190000119,15097.0
1781108500,300,,Aggregated,894.900000,0.000000,270,300,320,340,370,410,420,450,480,500,500,27129,0,170.0,170.4940262272866,4.838507999920694,502.5859190000119,18441.253824320836
1781108501,310,gRPC,gRPC/listar-musicas,152.000000,0.000000,270,300,320,340,370,410,420,420,450,450,450,4723,0,160.0,167.00422940631069,6.210252999153454,448.51495800048724,24374.0
1781108501,310,gRPC,gRPC/listar-musicas-playlist,144.600000,0.000000,270,300,310,320,350,410,420,430,450,450,450,4584,0,160.0,166.69960411235516,7.901824000327906,449.9881189994994,14583.0
1781108501,310,gRPC,gRPC/listar-playlists,150.700000,0.000000,280,300,320,340,400,410,440,440,450,450,450,4679,0,160.0,170.27738727611774,7.561612999779754,450.2018830007728,22473.0
1781108501,310,gRPC,gRPC/listar-playlists-musica,143.700000,0.000000,280,300,330,340,400,420,440,440,450,450,450,4542,0,160.0,168.4530273322385,7.265729999744508,451.5729869999632,16984.0
1781108501,310,gRPC,gRPC/listar-playlists-usuario,148.700000,0.000000,260,290,320,340,400,420,430,440,450,450,450,4628,0,160.0,166.60250957497482,6.021451000378875,451.79193500007386,16978.0
1781108501,310,gRPC,gRPC/listar-usuarios,154.000000,0.000000,330,350,380,390,420,460,470,480,500,500,500,4789,0,210.0,216.15510091689868,4.838507999920694,502.5859190000119,15097.0
1781108501,310,,Aggregated,893.700000,0.000000,280,310,340,350,400,420,440,460,490,500,500,27945,0,170.0,176.09435314185134,4.838507999920694,502.5859190000119,18433.819502594382
1781108502,320,gRPC,gRPC/listar-musicas,150.100000,0.000000,280,310,340,350,400,410,430,440,450,450,450,4900,0,170.0,173.28981562163426,6.210252999153454,454.4924909996553,24374.0
1781108502,320,gRPC,gRPC/listar-musicas-playlist,145.300000,0.000000,290,310,320,340,400,420,430,440,450,460,460,4726,0,170.0,171.9441964447817,7.901824000327906,459.78240899967204,14583.0
1781108502,320,gRPC,gRPC/listar-playlists,150.000000,0.000000,290,320,340,360,410,420,440,440,450,460,460,4861,0,170.0,176.87489251017217,7.561612999779754,459.4151379997129,22473.0
1781108502,320,gRPC,gRPC/listar-playlists-musica,146.200000,0.000000,290,320,340,350,410,430,440,450,460,460,460,4682,0,170.0,173.46336377488927,7.265729999744508,459.6676330002083,16984.0
1781108502,320,gRPC,gRPC/listar-playlists-usuario,147.100000,0.000000,280,300,340,350,410,420,440,450,460,460,460,4793,0,170.0,171.789080995615,6.021451000378875,459.4808270003341,16978.0
1781108502,320,gRPC,gRPC/listar-usuarios,153.800000,0.000000,340,370,390,400,450,470,490,500,510,510,510,4946,0,220.0,222.1035988641389,4.838507999920694,511.0979679993761,15097.0
1781108502,320,,Aggregated,892.500000,0.000000,290,320,350,360,410,430,450,470,500,510,510,28908,0,170.0,181.80372754338063,4.838507999920694,511.0979679993761,18443.251522070015
1781108503,330,gRPC,gRPC/listar-musicas,152.500000,0.000000,290,320,340,360,410,420,440,450,480,480,480,5039,0,170.0,177.83164566501569,6.210252999153454,477.0574430003762,24374.0
1781108503,330,gRPC,gRPC/listar-musicas-playlist,149.600000,0.000000,300,310,340,350,410,420,450,470,480,480,480,4890,0,170.0,177.59546444315723,7.901824000327906,480.2451220002695,14583.0
1781108503,330,gRPC,gRPC/listar-playlists,151.800000,0.000000,300,330,350,390,410,430,440,460,480,480,480,4972,0,170.0,180.69610947927416,7.561612999779754,480.4938739998761,22473.0
1781108503,330,gRPC,gRPC/listar-playlists-musica,146.600000,0.000000,300,330,350,400,420,440,470,470,480,480,480,4824,0,170.0,179.09277264469867,7.265729999744508,480.4242099999101,16984.0
1781108503,330,gRPC,gRPC/listar-playlists-usuario,149.800000,0.000000,290,320,340,360,410,430,450,470,480,480,480,4922,0,170.0,176.5504724518453,6.021451000378875,480.0033709998388,16978.0
1781108503,330,gRPC,gRPC/listar-usuarios,153.800000,0.000000,350,380,400,410,460,480,500,510,530,530,530,5104,0,220.0,227.28176260874528,4.838507999920694,530.6862409997848,15097.0
1781108503,330,,Aggregated,904.100000,0.000000,300,340,360,390,420,440,470,480,520,530,530,29751,0,180.0,186.74759224782628,4.838507999920694,530.6862409997848,18433.626836072737
1781108504,340,gRPC,gRPC/listar-musicas,151.600000,0.000000,300,340,360,390,410,430,450,460,480,480,480,5225,0,180.0,183.9876402960792,6.210252999153454,477.0574430003762,24374.0
1781108504,340,gRPC,gRPC/listar-musicas-playlist,148.000000,0.000000,300,320,340,380,410,430,460,470,480,480,480,5043,0,170.0,182.78423621436247,7.901824000327906,480.2451220002695,14583.0
1781108504,340,gRPC,gRPC/listar-playlists,151.000000,0.000000,300,340,400,410,420,440,460,470,480,480,480,5168,0,170.0,187.772369971931,7.561612999779754,480.4938739998761,22473.0
1781108504,340,gRPC,gRPC/listar-playlists-musica,147.100000,0.000000,300,340,400,410,430,450,470,470,480,480,480,4989,0,170.0,184.8762182928502,7.265729999744508,480.4242099999101,16984.0
1781108504,340,gRPC,gRPC/listar-playlists-usuario,149.000000,0.000000,290,330,360,400,420,450,460,470,480,480,480,5109,0,180.0,182.73295598159717,6.021451000378875,480.0033709998388,16978.0
1781108504,340,gRPC,gRPC/listar-usuarios,154.000000,0.000000,360,390,420,440,470,490,510,520,530,530,530,5264,0,230.0,233.15182650361672,4.838507999920694,530.6862409997848,15097.0
1781108504,340,,Aggregated,900.700000,0.000000,310,350,390,410,430,460,470,480,520,530,530,30798,0,190.0,192.76463639454093,4.838507999920694,530.6862409997848,18442.141340346774
1781108505,350,gRPC,gRPC/listar-musicas,153.500000,0.000000,310,350,380,400,420,440,470,510,530,530,530,5376,0,180.0,188.94583983538155,6.210252999153454,527.0372880004288,24374.0
1781108505,350,gRPC,gRPC/listar-musicas-playlist,145.800000,0.000000,310,340,360,400,420,460,490,520,530,530,530,5214,0,180.0,188.72114804392533,7.901824000327906,527.5781319996895,14583.0
1781108505,350,gRPC,gRPC/listar-playlists,152.100000,0.000000,310,350,410,410,430,450,470,480,530,530,530,5294,0,180.0,191.66182598922163,7.561612999779754,530.691418999595,22473.0
1781108505,350,gRPC,gRPC/listar-playlists-musica,146.300000,0.000000,310,350,410,420,440,470,520,530,530,530,530,5140,0,180.0,190.6927192307454,7.265729999744508,530.3537600002528,16984.0
1781108505,350,gRPC,gRPC/listar-playlists-usuario,149.300000,0.000000,310,340,400,410,430,460,470,520,530,530,530,5247,0,180.0,187.7024208723051,6.021451000378875,530.8279559994844,16978.0
1781108505,350,gRPC,gRPC/listar-usuarios,154.400000,0.000000,370,400,440,450,480,500,520,560,580,580,580,5420,0,230.0,238.33195812860393,4.838507999920694,581.9241139997757,15097.0
1781108505,350,,Aggregated,901.400000,0.000000,320,360,400,410,440,470,510,520,570,580,580,31691,0,190.0,197.88637152071806,4.838507999920694,581.9241139997757,18435.81818181818
1781108506,360,gRPC,gRPC/listar-musicas,151.100000,0.000000,330,370,400,410,440,470,530,550,560,560,560,5508,0,190.0,195.25536546877507,6.210252999153454,563.7138029997004,24374.0
1781108506,360,gRPC,gRPC/listar-musicas-playlist,148.300000,0.000000,310,340,390,410,440,470,530,560,560,560,560,5304,0,180.0,193.29687770098488,7.901824000327906,564.1153930000655,14583.0
1781108506,360,gRPC,gRPC/listar-playlists,148.700000,0.000000,330,400,410,420,440,480,550,560,560,560,560,5446,0,190.0,199.1900470130263,7.561612999779754,564.0100380005606,22473.0
1781108506,360,gRPC,gRPC/listar-playlists-musica,146.500000,0.000000,330,400,410,420,460,480,530,560,560,560,560,5254,0,180.0,196.20230835002585,7.265729999744508,563.4281799993914,16984.0
1781108506,360,gRPC,gRPC/listar-playlists-usuario,147.300000,0.000000,320,380,410,420,450,480,560,560,560,560,560,5382,0,190.0,194.58344201058713,6.021451000378875,564.4139380001434,16978.0
1781108506,360,gRPC,gRPC/listar-usuarios,154.000000,0.000000,380,420,450,460,490,520,580,610,620,620,620,5574,0,240.0,245.0455276196676,4.838507999920694,622.4154479996287,15097.0
1781108506,360,,Aggregated,895.900000,0.000000,340,390,410,420,460,490,550,560,610,620,620,32468,0,200.0,204.18507368131904,4.838507999920694,622.4154479996287,18441.184920537144
1781108507,370,gRPC,gRPC/listar-musicas,153.500000,0.000000,340,380,400,410,440,480,530,550,560,560,560,5647,0,190.0,199.22315781972873,6.210252999153454,563.7138029997004,24374.0
1781108507,370,gRPC,gRPC/listar-musicas-playlist,148.400000,0.000000,330,380,400,410,450,490,530,560,560,560,560,5465,0,190.0,198.49442838554867,7.901824000327906,564.1153930000655,14583.0
1781108507,370,gRPC,gRPC/listar-playlists,153.600000,0.000000,340,400,410,420,450,480,550,560,560,560,560,5592,0,190.0,202.65775448979514,7.561612999779754,564.0100380005606,22473.0
1781108507,370,gRPC,gRPC/listar-playlists-musica,146.500000,0.000000,340,400,420,420,460,490,530,560,560,560,560,5401,0,190.0,200.49066408425068,7.265729999744508,563.4281799993914,16984.0
1781108507,370,gRPC,gRPC/listar-playlists-usuario,151.000000,0.000000,340,390,410,420,450,480,560,560,560,560,560,5551,0,190.0,199.2911719279365,6.021451000378875,564.4139380001434,16978.0
1781108507,370,gRPC,gRPC/listar-usuarios,154.400000,0.000000,390,440,460,470,500,520,580,610,620,620,620,5723,0,250.0,249.42846564686758,4.838507999920694,622.4154479996287,15097.0
1781108507,370,,Aggregated,907.400000,0.000000,350,400,410,430,460,500,550,560,610,620,620,33379,0,200.0,208.50360608256833,4.838507999920694,622.4154479996287,18436.16291680398
1781108508,380,gRPC,gRPC/listar-musicas,153.000000,0.000000,350,390,410,420,460,500,540,550,560,560,560,5818,0,200.0,205.2915100192528,6.210252999153454,563.7138029997004,24374.0
1781108508,380,gRPC,gRPC/listar-musicas-playlist,148.100000,0.000000,340,390,410,420,470,520,550,560,560,560,560,5606,0,200.0,204.34493333482453,7.901824000327906,564.1153930000655,14583.0
1781108508,380,gRPC,gRPC/listar-playlists,148.400000,0.000000,350,410,420,440,480,500,550,560,560,560,560,5744,0,200.0,209.02230659330485,7.561612999779754,564.0100380005606,22473.0
1781108508,380,gRPC,gRPC/listar-playlists-musica,144.500000,0.000000,350,410,430,440,490,530,550,560,560,560,560,5574,0,200.0,208.13416030212272,7.265729999744508,563.4281799993914,16984.0
1781108508,380,gRPC,gRPC/listar-playlists-usuario,147.500000,0.000000,350,400,420,430,480,530,560,560,560,560,560,5666,0,200.0,204.39380270437186,6.021451000378875,564.4139380001434,16978.0
1781108508,380,gRPC,gRPC/listar-usuarios,154.400000,0.000000,400,450,460,480,520,560,590,610,620,620,620,5878,0,260.0,255.0272683661155,4.838507999920694,622.4154479996287,15097.0
1781108508,380,,Aggregated,895.900000,0.000000,360,410,430,440,480,530,560,560,610,620,620,34286,0,210.0,214.60226359861343,4.838507999920694,622.4154479996287,18440.514262381148
1781108509,390,gRPC,gRPC/listar-musicas,151.900000,0.000000,360,400,420,430,480,520,550,550,560,560,560,5981,0,200.0,210.42831603594902,6.210252999153454,563.7138029997004,24374.0
1781108509,390,gRPC,gRPC/listar-musicas-playlist,145.000000,0.000000,350,400,420,440,490,530,550,560,560,560,560,5790,0,200.0,210.48888351692946,7.901824000327906,564.1153930000655,14583.0
1781108509,390,gRPC,gRPC/listar-playlists,149.400000,0.000000,370,420,430,450,490,540,560,560,560,560,560,5938,0,210.0,214.90915922464578,7.561612999779754,564.0100380005606,22473.0
1781108509,390,gRPC,gRPC/listar-playlists-musica,144.000000,0.000000,370,420,430,460,490,530,550,560,560,560,560,5738,0,200.0,212.7928920308515,7.265729999744508,563.4281799993914,16984.0
1781108509,390,gRPC,gRPC/listar-playlists-usuario,149.300000,0.000000,370,410,430,450,490,550,560,560,560,560,560,5853,0,200.0,210.3138677208221,6.021451000378875,564.4139380001434,16978.0
1781108509,390,gRPC,gRPC/listar-usuarios,154.600000,0.000000,420,460,480,490,530,580,600,610,620,620,620,6038,0,260.0,260.2800197292201,4.838507999920694,622.4154479996287,15097.0
1781108509,390,,Aggregated,894.200000,0.000000,380,420,440,460,500,540,560,570,610,620,620,35338,0,210.0,220.07403991788047,4.838507999920694,622.4154479996287,18440.29797951214
1781108510,400,gRPC,gRPC/listar-musicas,151.700000,0.000000,380,410,430,460,500,540,550,560,580,590,590,6132,0,210.0,215.54949493313885,6.210252999153454,586.7279899994173,24374.0
1781108510,400,gRPC,gRPC/listar-musicas-playlist,145.800000,0.000000,380,410,450,470,520,550,560,580,590,590,590,5939,0,210.0,216.4269342086238,7.901824000327906,586.7966910000177,14583.0
1781108510,400,gRPC,gRPC/listar-playlists,150.800000,0.000000,400,420,450,470,500,550,560,560,590,590,590,6040,0,210.0,218.6675650249914,7.561612999779754,587.0765620002203,22473.0
1781108510,400,gRPC,gRPC/listar-playlists-musica,143.800000,0.000000,390,430,470,480,530,550,580,580,590,590,590,5865,0,210.0,218.1800467612993,7.265729999744508,587.1425840005031,16984.0
1781108510,400,gRPC,gRPC/listar-playlists-usuario,151.200000,0.000000,390,410,450,470,540,550,560,560,590,590,590,5982,0,200.0,215.33293971430436,6.021451000378875,587.0581180006411,16978.0
1781108510,400,gRPC,gRPC/listar-usuarios,154.400000,0.000000,440,470,490,510,560,590,610,620,640,640,640,6193,0,260.0,265.60215703020026,4.838507999920694,639.1047679999247,15097.0
1781108510,400,,Aggregated,897.700000,0.000000,390,430,460,480,530,550,580,590,620,640,640,36151,0,210.0,225.18002091394592,4.838507999920694,639.1047679999247,18435.893944842468
1781108512,410,gRPC,gRPC/listar-musicas,155.000000,0.000000,400,430,460,480,530,550,580,610,620,620,620,6280,0,210.0,222.1334635909243,6.210252999153454,624.9603109999953,24374.0
1781108512,410,gRPC,gRPC/listar-musicas-playlist,149.100000,0.000000,390,440,470,490,540,560,580,620,620,630,630,6048,0,210.0,221.5842670972256,7.901824000327906,629.3155880002814,14583.0
1781108512,410,gRPC,gRPC/listar-playlists,153.800000,0.000000,410,460,480,490,550,560,620,620,630,630,630,6210,0,210.0,226.6921084714893,7.561612999779754,629.2858750002779,22473.0
1781108512,410,gRPC,gRPC/listar-playlists-musica,147.900000,0.000000,410,460,480,490,540,550,580,600,620,620,620,5989,0,210.0,223.7406652115563,7.265729999744508,624.0232350000952,16984.0
1781108512,410,gRPC,gRPC/listar-playlists-usuario,150.900000,0.000000,400,450,480,490,550,560,620,620,620,620,620,6136,0,210.0,223.0178420822965,6.021451000378875,624.9494640005651,16978.0
1781108512,410,gRPC,gRPC/listar-usuarios,154.300000,0.000000,450,480,510,530,580,610,640,670,680,680,680,6349,0,270.0,272.35391149646,4.838507999920694,681.391547000203,15097.0
1781108512,410,,Aggregated,911.000000,0.000000,410,460,480,490,550,570,610,620,670,680,680,37012,0,220.0,231.83003078523333,4.838507999920694,681.391547000203,18441.831595158328
1781108513,420,gRPC,gRPC/listar-musicas,152.400000,0.000000,400,440,460,480,530,550,580,610,620,620,620,6434,0,220.0,226.33839011237058,6.210252999153454,624.9603109999953,24374.0
1781108513,420,gRPC,gRPC/listar-musicas-playlist,146.200000,0.000000,410,450,480,490,540,560,580,620,620,630,630,6221,0,220.0,227.02726569699757,7.901824000327906,629.3155880002814,14583.0
1781108513,420,gRPC,gRPC/listar-playlists,146.500000,0.000000,420,460,480,490,540,560,610,620,630,630,630,6371,0,220.0,230.53194730480948,7.561612999779754,629.2858750002779,22473.0
1781108513,420,gRPC,gRPC/listar-playlists-musica,145.200000,0.000000,420,460,480,490,540,550,580,600,620,620,620,6145,0,220.0,228.56649058519238,7.265729999744508,624.0232350000952,16984.0
1781108513,420,gRPC,gRPC/listar-playlists-usuario,146.300000,0.000000,400,450,480,490,550,560,620,620,620,620,620,6318,0,210.0,227.99958845045393,6.021451000378875,624.9494640005651,16978.0
1781108513,420,gRPC,gRPC/listar-usuarios,154.100000,0.000000,460,490,520,540,580,610,640,670,680,680,680,6497,0,270.0,276.57666523996045,4.838507999920694,681.391547000203,15097.0
1781108513,420,,Aggregated,890.700000,0.000000,420,460,480,490,550,570,610,620,670,680,680,37986,0,220.0,236.38387660461856,4.838507999920694,681.391547000203,18439.360159005948
1781108514,430,gRPC,gRPC/listar-musicas,154.500000,0.000000,420,460,480,500,540,560,600,610,620,620,620,6587,0,220.0,232.27396232715924,6.210252999153454,624.9603109999953,24374.0
1781108514,430,gRPC,gRPC/listar-musicas-playlist,145.500000,0.000000,430,480,490,510,550,580,610,620,620,630,630,6376,0,220.0,234.00646763582495,7.901824000327906,629.3155880002814,14583.0
1781108514,430,gRPC,gRPC/listar-playlists,151.800000,0.000000,430,480,490,510,550,580,620,620,630,630,630,6517,0,220.0,236.8582513194636,7.561612999779754,629.2858750002779,22473.0
1781108514,430,gRPC,gRPC/listar-playlists-musica,143.500000,0.000000,430,480,500,520,550,580,610,610,620,620,620,6325,0,220.0,236.70839601312292,7.265729999744508,624.0232350000952,16984.0
1781108514,430,gRPC,gRPC/listar-playlists-usuario,149.700000,0.000000,420,480,500,540,560,580,620,620,620,620,620,6441,0,210.0,233.72104830972916,6.021451000378875,624.9494640005651,16978.0
1781108514,430,gRPC,gRPC/listar-usuarios,155.000000,0.000000,470,510,540,550,600,620,650,670,680,680,680,6651,0,280.0,282.54734512630205,4.838507999920694,681.391547000203,15097.0
1781108514,430,,Aggregated,900.000000,0.000000,430,480,500,530,560,590,620,620,670,680,680,38897,0,230.0,242.88298122541693,4.838507999920694,681.391547000203,18437.88806334679
1781108515,440,gRPC,gRPC/listar-musicas,152.600000,0.000000,430,470,490,510,550,590,620,620,650,650,650,6765,0,230.0,238.65219604523168,6.210252999153454,650.6799710004998,24374.0
1781108515,440,gRPC,gRPC/listar-musicas-playlist,148.400000,0.000000,440,480,500,530,560,610,620,620,650,650,650,6532,0,230.0,239.6084001809582,7.901824000327906,652.6884530003372,14583.0
1781108515,440,gRPC,gRPC/listar-playlists,150.300000,0.000000,430,490,500,540,570,610,620,640,650,650,650,6666,0,220.0,242.76599533392394,7.561612999779754,651.4340769999762,22473.0
1781108515,440,gRPC,gRPC/listar-playlists-musica,144.000000,0.000000,440,480,500,530,550,580,610,620,650,650,650,6448,0,220.0,241.13953726674873,7.265729999744508,650.6582749998415,16984.0
1781108515,440,gRPC,gRPC/listar-playlists-usuario,151.600000,0.000000,430,490,530,550,570,610,620,630,650,650,650,6603,0,220.0,239.82633871179297,6.021451000378875,647.0527929996024,16978.0
1781108515,440,gRPC,gRPC/listar-usuarios,154.000000,0.000000,480,520,550,570,610,640,670,670,700,700,700,6814,0,280.0,289.0517568353443,4.838507999920694,697.9947720001292,15097.0
1781108515,440,,Aggregated,900.900000,0.000000,450,490,510,540,570,610,630,650,680,700,700,39828,0,230.0,248.71753597996434,4.838507999920694,697.9947720001292,18440.31354825751
1781108516,450,gRPC,gRPC/listar-musicas,153.000000,0.000000,430,460,490,500,550,590,620,620,650,650,650,6876,0,230.0,241.44576187681687,6.210252999153454,650.6799710004998,24374.0
1781108516,450,gRPC,gRPC/listar-musicas-playlist,147.700000,0.000000,440,480,500,520,550,610,620,620,650,650,650,6654,0,230.0,243.17924644665058,7.901824000327906,652.6884530003372,14583.0
1781108516,450,gRPC,gRPC/listar-playlists,152.100000,0.000000,430,480,500,530,570,610,620,640,650,650,650,6810,0,230.0,245.9192890690075,7.561612999779754,651.4340769999762,22473.0
1781108516,450,gRPC,gRPC/listar-playlists-musica,147.600000,0.000000,440,480,500,520,550,580,610,620,650,650,650,6588,0,230.0,245.04442216105093,7.265729999744508,650.6582749998415,16984.0
1781108516,450,gRPC,gRPC/listar-playlists-usuario,149.900000,0.000000,440,490,510,540,570,610,620,630,650,650,650,6759,0,220.0,244.33606445035798,6.021451000378875,647.0527929996024,16978.0
1781108516,450,gRPC,gRPC/listar-usuarios,153.700000,0.000000,480,520,540,560,600,640,670,670,700,700,700,6968,0,290.0,292.94726242179013,4.838507999920694,697.9947720001292,15097.0
1781108516,450,,Aggregated,904.000000,0.000000,450,490,510,540,570,610,630,650,680,700,700,40655,0,240.0,252.3695181515937,4.838507999920694,697.9947720001292,18435.932259254703
1781108517,460,gRPC,gRPC/listar-musicas,153.000000,0.000000,440,480,510,530,570,600,620,630,650,650,650,7058,0,240.0,248.27133315216693,6.210252999153454,650.6799710004998,24374.0
1781108517,460,gRPC,gRPC/listar-musicas-playlist,148.200000,0.000000,460,490,530,540,590,610,620,620,650,650,650,6817,0,230.0,249.99117745533502,7.901824000327906,652.6884530003372,14583.0
1781108517,460,gRPC,gRPC/listar-playlists,148.400000,0.000000,470,500,540,550,600,610,620,640,650,650,650,6984,0,230.0,253.16578746061452,7.561612999779754,651.4340769999762,22473.0
1781108517,460,gRPC,gRPC/listar-playlists-musica,145.300000,0.000000,470,500,540,540,590,610,620,620,650,650,650,6772,0,230.0,253.24799774438847,7.265729999744508,650.6582749998415,16984.0
1781108517,460,gRPC,gRPC/listar-playlists-usuario,147.700000,0.000000,460,500,550,550,600,620,620,630,650,650,650,6893,0,230.0,250.27595443173882,6.021451000378875,647.0527929996024,16978.0
1781108517,460,gRPC,gRPC/listar-usuarios,153.800000,0.000000,500,540,560,590,620,660,670,680,700,700,700,7120,0,290.0,298.7206467394725,4.838507999920694,698.7493839997114,15097.0
1781108517,460,,Aggregated,896.400000,0.000000,470,500,540,550,600,610,630,650,690,700,700,41644,0,240.0,259.1402695498525,4.838507999920694,698.7493839997114,18440.377413312843
1781108518,470,gRPC,gRPC/listar-musicas,149.700000,0.000000,460,500,530,550,600,630,690,710,770,770,770,7210,0,240.0,255.27779318599073,6.210252999153454,767.2117669999352,24374.0
1781108518,470,gRPC,gRPC/listar-musicas-playlist,144.000000,0.000000,470,510,540,560,610,630,660,690,720,750,750,6963,0,240.0,256.79494620365097,7.901824000327906,753.8192190004338,14583.0
1781108518,470,gRPC,gRPC/listar-playlists,151.500000,0.000000,470,530,560,580,620,650,710,720,720,720,720,7106,0,240.0,259.6599362220548,7.561612999779754,722.4268469999515,22473.0
1781108518,470,gRPC,gRPC/listar-playlists-musica,144.700000,0.000000,470,510,540,560,600,620,650,660,720,730,730,6874,0,240.0,258.0170328645635,7.265729999744508,728.4130600000935,16984.0
1781108518,470,gRPC,gRPC/listar-playlists-usuario,151.100000,0.000000,470,530,560,570,610,640,670,710,720,750,750,7029,0,230.0,256.63859371802147,6.021451000378875,753.5296880005262,16978.0
1781108518,470,gRPC,gRPC/listar-usuarios,153.700000,0.000000,510,560,590,610,660,690,740,770,810,820,820,7271,0,290.0,305.97724476578793,4.838507999920694,817.571467999187,15097.0
1781108518,470,,Aggregated,894.700000,0.000000,480,520,550,570,610,650,700,720,780,820,820,42453,0,250.0,265.6123692537168,4.838507999920694,817.571467999187,18439.869314300522
1781108519,480,gRPC,gRPC/listar-musicas,154.500000,0.000000,460,500,540,560,610,630,690,710,770,770,770,7331,0,240.0,258.17936073577795,6.210252999153454,767.2117669999352,24374.0
1781108519,480,gRPC,gRPC/listar-musicas-playlist,150.600000,0.000000,480,520,560,570,610,630,660,690,720,750,750,7099,0,250.0,260.6620744218936,7.901824000327906,753.8192190004338,14583.0
1781108519,480,gRPC,gRPC/listar-playlists,152.500000,0.000000,480,530,560,580,620,650,710,720,720,720,720,7267,0,240.0,263.1067074359333,7.561612999779754,722.4268469999515,22473.0
1781108519,480,gRPC,gRPC/listar-playlists-musica,150.800000,0.000000,480,520,550,560,610,620,650,660,720,730,730,7015,0,240.0,261.4695454343556,7.265729999744508,728.4130600000935,16984.0
1781108519,480,gRPC,gRPC/listar-playlists-usuario,149.700000,0.000000,480,540,560,580,610,640,670,710,720,750,750,7195,0,240.0,261.19996988533387,6.021451000378875,753.5296880005262,16978.0
1781108519,480,gRPC,gRPC/listar-usuarios,153.700000,0.000000,520,560,590,610,660,690,740,770,810,820,820,7425,0,300.0,309.90491996269924,4.838507999920694,817.571467999187,15097.0
1781108519,480,,Aggregated,911.800000,0.000000,480,530,560,580,620,650,700,720,780,820,820,43332,0,260.0,269.30988825999367,4.838507999920694,817.571467999187,18437.101841595126
1781108520,490,gRPC,gRPC/listar-musicas,153.900000,0.000000,470,520,560,580,620,650,690,710,770,770,770,7487,0,250.0,264.27273674168424,6.210252999153454,767.2117669999352,24374.0
1781108520,490,gRPC,gRPC/listar-musicas-playlist,146.700000,0.000000,490,540,570,590,610,650,670,690,720,750,750,7266,0,250.0,267.58116726810096,7.901824000327906,753.8192190004338,14583.0
1781108520,490,gRPC,gRPC/listar-playlists,150.000000,0.000000,490,550,580,600,650,670,710,720,720,720,720,7421,0,250.0,269.6584138915148,7.561612999779754,722.4268469999515,22473.0
1781108520,490,gRPC,gRPC/listar-playlists-musica,146.000000,0.000000,490,550,590,600,620,650,670,670,720,730,730,7195,0,250.0,269.9923286675477,7.265729999744508,728.4130600000935,16984.0
1781108520,490,gRPC,gRPC/listar-playlists-usuario,144.500000,0.000000,500,560,580,600,630,670,680,710,720,750,750,7331,0,240.0,267.60783001868333,6.021451000378875,753.5296880005262,16978.0
1781108520,490,gRPC,gRPC/listar-usuarios,153.700000,0.000000,530,580,610,630,670,700,740,770,810,820,820,7580,0,310.0,315.85979341280205,4.838507999920694,817.571467999187,15097.0
1781108520,490,,Aggregated,894.800000,0.000000,500,550,580,600,630,670,700,720,780,820,820,44280,0,260.0,276.0305978216583,4.838507999920694,817.571467999187,18435.43827913279
1781108521,500,gRPC,gRPC/listar-musicas,151.100000,0.000000,480,530,570,590,640,680,730,740,770,780,780,7636,0,250.0,270.1549383826596,6.210252999153454,780.7322650005517,24374.0
1781108521,500,gRPC,gRPC/listar-musicas-playlist,149.000000,0.000000,500,550,580,600,640,670,710,730,750,760,760,7375,0,260.0,272.26840612759594,7.901824000327906,761.3124599993171,14583.0
1781108521,500,gRPC,gRPC/listar-playlists,152.200000,0.000000,500,570,600,610,670,710,730,730,740,740,740,7567,0,260.0,276.45190373317416,7.561612999779754,743.2125499999529,22473.0
1781108521,500,gRPC,gRPC/listar-playlists-musica,143.500000,0.000000,490,550,590,600,630,670,680,710,740,760,760,7295,0,250.0,273.4834420721052,7.265729999744508,763.1042650000381,16984.0
1781108521,500,gRPC,gRPC/listar-playlists-usuario,152.700000,0.000000,500,560,590,610,650,670,720,730,750,760,760,7462,0,250.0,272.89762501983,6.021451000378875,761.2727790001372,16978.0
1781108521,500,gRPC,gRPC/listar-usuarios,153.700000,0.000000,540,590,630,650,690,740,780,790,830,840,840,7736,0,310.0,322.0829664411885,4.838507999920694,835.7859519992417,15097.0
1781108521,500,,Aggregated,902.200000,0.000000,500,560,600,610,660,690,730,740,810,840,840,45071,0,260.0,281.46373003556624,4.838507999920694,835.7859519992417,18439.82134853897
1781108522,500,gRPC,gRPC/listar-musicas,148.400000,0.000000,490,550,580,600,650,690,730,740,770,780,780,7804,0,260.0,274.65619548423774,6.210252999153454,780.7322650005517,24374.0
1781108522,500,gRPC,gRPC/listar-musicas-playlist,146.900000,0.000000,510,560,590,600,650,680,710,730,750,760,760,7570,0,260.0,278.16010146776927,7.901824000327906,761.3124599993171,14583.0
1781108522,500,gRPC,gRPC/listar-playlists,145.200000,0.000000,520,570,600,610,670,710,730,730,740,740,740,7753,0,260.0,280.4185652396409,7.561612999779754,743.2125499999529,22473.0
1781108522,500,gRPC,gRPC/listar-playlists-musica,142.000000,0.000000,510,560,600,610,630,670,690,710,740,760,760,7466,0,260.0,277.99463922341346,7.265729999744508,763.1042650000381,16984.0
1781108522,500,gRPC,gRPC/listar-playlists-usuario,145.600000,0.000000,520,570,600,610,660,680,720,730,750,760,760,7650,0,260.0,277.713230077383,6.021451000378875,761.2727790001372,16978.0
1781108522,500,gRPC,gRPC/listar-usuarios,153.200000,0.000000,550,600,640,650,700,740,780,790,830,840,840,7882,0,320.0,326.03776622824734,4.838507999920694,835.7859519992417,15097.0
1781108522,500,,Aggregated,881.300000,0.000000,520,570,600,610,660,700,730,750,810,840,840,46125,0,270.0,286.0274886486298,4.838507999920694,835.7859519992417,18439.457409214094
1781108523,500,gRPC,gRPC/listar-musicas,147.000000,0.000000,500,560,590,610,660,690,730,740,770,780,780,7939,0,270.0,279.5576254601317,6.210252999153454,780.7322650005517,24374.0
1781108523,500,gRPC,gRPC/listar-musicas-playlist,142.600000,0.000000,510,570,600,610,660,680,710,730,750,760,760,7715,0,270.0,283.5968838701242,7.901824000327906,761.3124599993171,14583.0
1781108523,500,gRPC,gRPC/listar-playlists,150.000000,0.000000,520,580,610,630,670,710,730,730,740,740,740,7855,0,260.0,284.14678404849576,7.561612999779754,743.2125499999529,22473.0
1781108523,500,gRPC,gRPC/listar-playlists-musica,141.500000,0.000000,520,590,610,620,660,670,690,710,740,760,760,7601,0,270.0,283.97558728035824,7.265729999744508,763.1042650000381,16984.0
1781108523,500,gRPC,gRPC/listar-playlists-usuario,147.400000,0.000000,530,570,610,620,660,680,720,730,750,760,760,7770,0,260.0,282.7636542514781,6.021451000378875,761.2727790001372,16978.0
1781108523,500,gRPC,gRPC/listar-usuarios,153.100000,0.000000,560,620,650,660,720,740,780,790,830,840,840,8029,0,320.0,331.3102721087373,4.838507999920694,835.7859519992417,15097.0
1781108523,500,,Aggregated,881.600000,0.000000,520,580,610,630,670,700,730,750,810,840,840,46909,0,280.0,291.0953792129451,4.838507999920694,835.7859519992417,18434.98482167601
1781108524,500,gRPC,gRPC/listar-musicas,151.600000,0.000000,510,570,600,620,670,700,730,740,770,780,780,8077,0,270.0,284.14663568639116,6.210252999153454,780.7322650005517,24374.0
1781108524,500,gRPC,gRPC/listar-musicas-playlist,152.100000,0.000000,520,570,600,630,670,700,710,730,750,760,760,7827,0,270.0,287.68362891542165,7.901824000327906,761.3124599993171,14583.0
1781108524,500,gRPC,gRPC/listar-playlists,153.500000,0.000000,530,600,630,650,680,710,730,730,740,740,740,7992,0,270.0,289.71839309296115,7.561612999779754,743.2125499999529,22473.0
1781108524,500,gRPC,gRPC/listar-playlists-musica,147.600000,0.000000,540,600,620,630,670,700,700,710,740,760,760,7761,0,270.0,290.03785766834187,7.265729999744508,763.1042650000381,16984.0
1781108524,500,gRPC,gRPC/listar-playlists-usuario,150.200000,0.000000,530,580,620,640,670,700,720,730,750,760,760,7920,0,260.0,288.40595627575544,6.021451000378875,761.2727790001372,16978.0
1781108524,500,gRPC,gRPC/listar-usuarios,152.200000,0.000000,570,630,660,680,720,750,780,790,830,840,840,8182,0,330.0,336.45290108568264,4.838507999920694,835.7859519992417,15097.0
1781108524,500,,Aggregated,907.200000,0.000000,530,590,620,650,680,710,730,750,810,840,840,47759,0,280.0,296.2833845204055,4.838507999920694,835.7859519992417,18434.565066270232
1781108525,500,gRPC,gRPC/listar-musicas,150.100000,0.000000,530,590,620,640,690,720,750,760,770,780,780,8259,0,280.0,289.8234931197462,6.210252999153454,780.7322650005517,24374.0
1781108525,500,gRPC,gRPC/listar-musicas-playlist,148.300000,0.000000,530,590,620,650,690,710,730,740,760,760,760,8019,0,280.0,293.6725152585122,7.901824000327906,761.3124599993171,14583.0
1781108525,500,gRPC,gRPC/listar-playlists,147.000000,0.000000,550,610,650,670,700,730,750,750,750,750,750,8198,0,280.0,295.18043005244584,7.561612999779754,754.6431869996013,22473.0
1781108525,500,gRPC,gRPC/listar-playlists-musica,144.400000,0.000000,550,610,630,650,670,700,710,730,760,760,760,7936,0,280.0,294.52054785030185,7.265729999744508,763.1042650000381,16984.0
1781108525,500,gRPC,gRPC/listar-playlists-usuario,144.900000,0.000000,550,600,630,650,690,710,740,750,760,760,760,8082,0,270.0,292.5955735097722,6.021451000378875,761.2727790001372,16978.0
1781108525,500,gRPC,gRPC/listar-usuarios,152.100000,0.000000,590,650,680,700,740,770,800,810,830,840,840,8335,0,330.0,341.20388895237744,4.838507999920694,835.7859519992417,15097.0
1781108525,500,,Aggregated,886.800000,0.000000,550,610,640,660,700,730,750,770,810,840,840,48829,0,290.0,301.3477278332149,4.838507999920694,835.7859519992417,18438.106698887957
1781108526,500,gRPC,gRPC/listar-musicas,149.500000,0.000000,530,590,620,640,690,720,750,760,770,780,780,8415,0,280.0,294.18150005026536,6.210252999153454,780.7322650005517,24374.0
1781108526,500,gRPC,gRPC/listar-musicas-playlist,144.800000,0.000000,530,590,620,650,690,710,730,740,760,760,760,8184,0,290.0,298.4166393128072,7.901824000327906,761.3124599993171,14583.0
1781108526,500,gRPC,gRPC/listar-playlists,146.100000,0.000000,550,610,650,670,700,730,750,750,750,750,750,8319,0,280.0,298.5940424992127,7.561612999779754,754.6431869996013,22473.0
1781108526,500,gRPC,gRPC/listar-playlists-musica,143.500000,0.000000,550,600,630,650,670,700,710,730,760,760,760,8077,0,280.0,299.2200779806843,7.265729999744508,763.1042650000381,16984.0
1781108526,500,gRPC,gRPC/listar-playlists-usuario,146.800000,0.000000,550,590,630,650,680,710,740,750,760,760,760,8254,0,280.0,298.0177268959259,6.021451000378875,761.2727790001372,16978.0
1781108526,500,gRPC,gRPC/listar-usuarios,151.900000,0.000000,590,640,680,700,740,770,800,810,830,840,840,8489,0,340.0,345.5136735812307,4.838507999920694,835.7859519992417,15097.0
1781108526,500,,Aggregated,882.600000,0.000000,550,600,640,660,700,730,750,770,810,840,840,49738,0,290.0,305.8323093266727,4.838507999920694,835.7859519992417,18434.235031565404
1781108527,500,gRPC,gRPC/listar-musicas,149.400000,0.000000,520,580,610,630,680,700,740,760,770,780,780,8557,0,280.0,297.8920476053515,6.210252999153454,780.7322650005517,24374.0
1781108527,500,gRPC,gRPC/listar-musicas-playlist,146.500000,0.000000,530,570,610,640,680,710,730,740,760,760,760,8306,0,290.0,301.98936821406426,7.901824000327906,761.3124599993171,14583.0
1781108527,500,gRPC,gRPC/listar-playlists,152.700000,0.000000,540,600,640,670,690,730,750,750,750,750,750,8452,0,290.0,302.8282783457112,7.561612999779754,754.6431869996013,22473.0
1781108527,500,gRPC,gRPC/listar-playlists-musica,147.600000,0.000000,550,600,630,660,680,700,710,730,760,760,760,8247,0,290.0,304.5021126344109,7.265729999744508,763.1042650000381,16984.0
1781108527,500,gRPC,gRPC/listar-playlists-usuario,148.800000,0.000000,540,580,620,640,680,700,730,750,760,760,760,8387,0,280.0,301.9839803799898,6.021451000378875,761.2727790001372,16978.0
1781108527,500,gRPC,gRPC/listar-usuarios,150.800000,0.000000,580,630,660,690,730,760,800,810,830,840,840,8641,0,340.0,349.4781517303627,4.838507999920694,835.7859519992417,15097.0
1781108527,500,,Aggregated,895.800000,0.000000,550,600,630,660,690,720,750,760,810,840,840,50590,0,290.0,309.95650974042417,4.838507999920694,835.7859519992417,18433.509053172565
1781108528,500,gRPC,gRPC/listar-musicas,152.800000,0.000000,540,600,630,660,710,750,780,800,830,830,830,8737,0,290.0,303.86192777143003,6.210252999153454,826.159693999216,24374.0
1781108528,500,gRPC,gRPC/listar-musicas-playlist,151.400000,0.000000,550,600,650,670,710,740,780,790,810,820,820,8450,0,290.0,307.4769808602389,7.901824000327906,824.8289630000727,14583.0
1781108528,500,gRPC,gRPC/listar-playlists,150.600000,0.000000,570,630,670,680,730,750,790,800,820,830,830,8634,0,290.0,308.84046677784954,7.561612999779754,825.2398840004389,22473.0
1781108528,500,gRPC,gRPC/listar-playlists-musica,148.400000,0.000000,570,610,650,670,700,720,760,780,820,820,820,8375,0,290.0,308.43396375737086,7.265729999744508,820.7132700008515,16984.0
1781108528,500,gRPC,gRPC/listar-playlists-usuario,149.200000,0.000000,550,600,640,670,700,730,760,790,820,820,820,8555,0,290.0,306.8464630167123,6.021451000378875,824.8314330003268,16978.0
1781108528,500,gRPC,gRPC/listar-usuarios,150.700000,0.000000,600,650,690,720,760,810,830,860,880,880,880,8788,0,340.0,355.01754969686687,4.838507999920694,883.2669799994619,15097.0
1781108528,500,,Aggregated,903.100000,0.000000,560,620,660,670,720,750,790,810,880,880,880,51539,0,300.0,315.2496343677616,4.838507999920694,883.2669799994619,18439.901744310133
1781108529,500,gRPC,gRPC/listar-musicas,150.100000,0.000000,540,590,630,660,710,750,780,800,830,830,830,8858,0,290.0,307.2326674347466,6.210252999153454,826.159693999216,24374.0
1781108529,500,gRPC,gRPC/listar-musicas-playlist,148.200000,0.000000,550,590,630,660,710,740,780,790,810,820,820,8624,0,300.0,311.98355792242745,7.901824000327906,824.8289630000727,14583.0
1781108529,500,gRPC,gRPC/listar-playlists,147.700000,0.000000,550,620,670,680,730,750,790,800,820,830,830,8783,0,290.0,312.27476467504914,7.561612999779754,825.2398840004389,22473.0
1781108529,500,gRPC,gRPC/listar-playlists-musica,148.200000,0.000000,570,610,650,670,690,720,760,780,820,820,820,8553,0,300.0,313.23894940090946,7.265729999744508,820.7132700008515,16984.0
1781108529,500,gRPC,gRPC/listar-playlists-usuario,149.500000,0.000000,550,590,630,660,700,730,760,790,820,820,820,8733,0,290.0,311.9225882245486,6.021451000378875,824.8314330003268,16978.0
1781108529,500,gRPC,gRPC/listar-usuarios,151.200000,0.000000,600,650,690,720,760,810,830,860,880,880,880,8941,0,350.0,358.7491032607168,4.838507999920694,883.2669799994619,15097.0
1781108529,500,,Aggregated,894.900000,0.000000,560,610,650,670,720,750,790,810,880,880,880,52492,0,300.0,319.39059017080825,4.838507999920694,883.2669799994619,18432.605844700145
1781108530,500,gRPC,gRPC/listar-musicas,153.300000,0.000000,540,590,620,650,700,750,780,800,830,830,830,9025,0,300.0,311.12010784852964,6.210252999153454,826.159693999216,24374.0
1781108530,500,gRPC,gRPC/listar-musicas-playlist,151.400000,0.000000,540,590,620,660,700,740,780,790,810,820,820,8757,0,300.0,315.2960000988936,7.901824000327906,824.8289630000727,14583.0
1781108530,500,gRPC,gRPC/listar-playlists,152.800000,0.000000,550,610,660,680,700,750,790,800,820,830,830,8934,0,290.0,316.46256699909947,7.561612999779754,825.2398840004389,22473.0
1781108530,500,gRPC,gRPC/listar-playlists-musica,149.800000,0.000000,570,610,650,660,690,710,750,770,820,820,820,8713,0,300.0,317.93716936990495,7.265729999744508,820.7132700008515,16984.0
1781108530,500,gRPC,gRPC/listar-playlists-usuario,155.500000,0.000000,550,590,630,660,690,710,760,790,820,820,820,8843,0,290.0,315.1633029311302,6.021451000378875,824.8314330003268,16978.0
1781108530,500,gRPC,gRPC/listar-usuarios,150.300000,0.000000,590,640,680,710,750,810,830,860,880,880,880,9094,0,350.0,362.42691220244797,4.838507999920694,883.2669799994619,15097.0
1781108530,500,,Aggregated,913.100000,0.000000,550,600,650,670,700,750,790,810,880,880,880,53366,0,310.0,323.225810513774,4.838507999920694,883.2669799994619,18436.132125323238
1781108531,500,gRPC,gRPC/listar-musicas,149.500000,0.000000,540,600,640,660,710,750,780,800,830,830,830,9202,0,300.0,316.2191655365113,6.210252999153454,826.159693999216,24374.0
1781108531,500,gRPC,gRPC/listar-musicas-playlist,147.700000,0.000000,550,600,650,680,720,750,780,790,810,820,820,8932,0,310.0,320.4037163794245,7.901824000327906,824.8289630000727,14583.0
1781108531,500,gRPC,gRPC/listar-playlists,148.400000,0.000000,570,630,680,690,740,750,790,800,820,830,830,9084,0,300.0,321.47033879402954,7.561612999779754,825.2398840004389,22473.0
1781108531,500,gRPC,gRPC/listar-playlists-musica,149.700000,0.000000,580,610,660,670,700,720,760,780,820,820,820,8841,0,300.0,321.3918063458867,7.265729999744508,820.7132700008515,16984.0
1781108531,500,gRPC,gRPC/listar-playlists-usuario,149.500000,0.000000,550,600,640,670,700,750,760,790,820,820,820,9016,0,300.0,319.72419195441336,6.021451000378875,824.8314330003268,16978.0
1781108531,500,gRPC,gRPC/listar-usuarios,150.300000,0.000000,600,650,690,720,770,810,830,860,880,880,880,9248,0,360.0,367.4315852449241,4.838507999920694,883.2669799994619,15097.0
1781108531,500,,Aggregated,895.100000,0.000000,570,620,660,680,720,750,790,810,880,880,880,54323,0,310.0,327.92733995698035,4.838507999920694,883.2669799994619,18436.682142002468
1781108532,500,gRPC,gRPC/listar-musicas,154.600000,0.000000,540,590,630,660,710,750,780,800,830,830,830,9304,0,310.0,317.87523508340246,6.210252999153454,826.159693999216,24374.0
1781108532,500,gRPC,gRPC/listar-musicas-playlist,149.100000,0.000000,550,590,620,680,720,750,780,790,810,820,820,9062,0,310.0,322.65110814709993,7.901824000327906,824.8289630000727,14583.0
1781108532,500,gRPC,gRPC/listar-playlists,153.000000,0.000000,550,630,680,680,740,750,790,800,820,830,830,9239,0,300.0,323.3514552087852,7.561612999779754,825.2398840004389,22473.0
1781108532,500,gRPC,gRPC/listar-playlists-musica,153.200000,0.000000,560,600,630,670,690,720,760,780,820,820,820,8987,0,310.0,323.8173861504377,7.265729999744508,820.7132700008515,16984.0
1781108532,500,gRPC,gRPC/listar-playlists-usuario,151.800000,0.000000,550,590,630,660,700,740,760,790,820,820,820,9171,0,300.0,322.5788044814075,6.021451000378875,824.8314330003268,16978.0
1781108532,500,gRPC,gRPC/listar-usuarios,150.000000,0.000000,590,640,680,710,770,810,830,860,880,880,880,9401,0,360.0,369.76145108340125,4.838507999920694,883.2669799994619,15097.0
1781108532,500,,Aggregated,911.700000,0.000000,550,600,650,680,720,750,790,810,880,880,880,55164,0,310.0,330.1693874771055,4.838507999920694,883.2669799994619,18432.713943876442
1781108533,500,gRPC,gRPC/listar-musicas,151.300000,0.000000,540,590,630,660,720,750,780,800,830,830,830,9438,0,310.0,321.53077926922737,6.210252999153454,826.159693999216,24374.0
1781108533,500,gRPC,gRPC/listar-musicas-playlist,149.200000,0.000000,550,590,630,680,720,740,780,790,810,820,820,9232,0,310.0,327.583212458732,7.901824000327906,824.8289630000727,14583.0
1781108533,500,gRPC,gRPC/listar-playlists,150.500000,0.000000,550,610,680,680,740,750,790,800,820,830,830,9375,0,300.0,327.53331426282296,7.561612999779754,825.2398840004389,22473.0
1781108533,500,gRPC,gRPC/listar-playlists-musica,150.100000,0.000000,570,610,630,670,700,720,760,780,820,820,820,9148,0,320.0,329.2964116366402,7.265729999744508,820.7132700008515,16984.0
1781108533,500,gRPC,gRPC/listar-playlists-usuario,148.400000,0.000000,550,590,630,660,710,740,760,790,820,820,820,9296,0,300.0,326.8717008290649,6.021451000378875,824.8314330003268,16978.0
1781108533,500,gRPC,gRPC/listar-usuarios,149.900000,0.000000,600,650,680,710,770,810,830,860,880,880,880,9543,0,360.0,373.74345986472355,4.838507999920694,883.2669799994619,15097.0
1781108533,500,,Aggregated,899.400000,0.000000,560,610,650,680,720,750,790,810,880,880,880,56032,0,320.0,334.57876348201165,4.838507999920694,883.2669799994619,18429.1875
1781108534,500,gRPC,gRPC/listar-musicas,149.900000,0.000000,540,590,620,650,720,760,780,800,830,830,830,9580,0,310.0,325.33254418820144,6.210252999153454,826.159693999216,24374.0
1781108534,500,gRPC,gRPC/listar-musicas-playlist,148.200000,0.000000,550,590,630,650,720,750,790,790,810,820,820,9334,0,310.0,330.4693996785956,7.901824000327906,824.8289630000727,14583.0
1781108534,500,gRPC,gRPC/listar-playlists,148.700000,0.000000,560,630,680,690,740,760,790,800,820,830,830,9509,0,310.0,331.8006725897539,7.561612999779754,825.2398840004389,22473.0
1781108534,500,gRPC,gRPC/listar-playlists-musica,148.200000,0.000000,570,610,630,660,700,720,760,780,820,820,820,9250,0,320.0,331.6832060754576,7.265729999744508,820.7132700008515,16984.0
1781108534,500,gRPC,gRPC/listar-playlists-usuario,151.000000,0.000000,550,600,640,660,710,750,770,790,820,820,820,9425,0,310.0,330.32424923893853,6.021451000378875,824.8314330003268,16978.0
1781108534,500,gRPC,gRPC/listar-usuarios,150.400000,0.000000,600,650,680,700,770,810,830,860,880,880,880,9695,0,370.0,377.8505863457516,4.838507999920694,883.2669799994619,15097.0
1781108534,500,,Aggregated,896.400000,0.000000,560,610,650,680,720,760,790,810,880,880,880,56793,0,330.0,338.0877376697142,4.838507999920694,883.2669799994619,18431.874773299525
1781108535,500,gRPC,gRPC/listar-musicas,149.100000,0.000000,540,590,640,670,720,760,780,800,830,830,830,9770,0,320.0,329.0322795864866,6.210252999153454,826.159693999216,24374.0
1781108535,500,gRPC,gRPC/listar-musicas-playlist,150.100000,0.000000,540,590,640,680,720,760,780,790,810,820,820,9538,0,320.0,334.2985534532402,7.901824000327906,824.8289630000727,14583.0
1781108535,500,gRPC,gRPC/listar-playlists,149.500000,0.000000,550,630,680,690,740,760,790,800,820,830,830,9720,0,310.0,334.80982731368,7.561612999779754,825.2398840004389,22473.0
1781108535,500,gRPC,gRPC/listar-playlists-musica,151.000000,0.000000,560,610,640,680,710,730,760,780,820,820,820,9434,0,330.0,334.67421140629364,7.265729999744508,820.7132700008515,16984.0
1781108535,500,gRPC,gRPC/listar-playlists-usuario,148.500000,0.000000,550,590,640,670,710,750,770,790,820,820,820,9608,0,310.0,333.07791685522443,6.021451000378875,824.8314330003268,16978.0
1781108535,500,gRPC,gRPC/listar-usuarios,150.200000,0.000000,590,650,690,720,780,810,830,860,880,880,880,9847,0,370.0,380.51537205443935,4.838507999920694,883.2669799994619,15097.0
1781108535,500,,Aggregated,898.400000,0.000000,550,610,650,680,730,760,790,820,880,880,880,57917,0,330.0,341.2124333107384,4.838507999920694,883.2669799994619,18434.587996615846
1781108536,500,gRPC,gRPC/listar-musicas,148.400000,0.000000,540,590,630,660,720,760,780,800,830,830,830,9917,0,330.0,332.02058273166966,6.210252999153454,826.159693999216,24374.0
1781108536,500,gRPC,gRPC/listar-musicas-playlist,148.300000,0.000000,550,590,620,650,720,760,780,790,810,820,820,9695,0,330.0,337.5210437960809,7.901824000327906,824.8289630000727,14583.0
1781108536,500,gRPC,gRPC/listar-playlists,150.600000,0.000000,550,610,670,690,740,760,790,800,820,830,830,9826,0,320.0,336.9828003124337,7.561612999779754,825.2398840004389,22473.0
1781108536,500,gRPC,gRPC/listar-playlists-musica,148.100000,0.000000,570,610,630,650,710,730,760,780,820,820,820,9579,0,340.0,338.23175632069945,7.265729999744508,820.7132700008515,16984.0
1781108536,500,gRPC,gRPC/listar-playlists-usuario,149.500000,0.000000,550,590,630,650,710,750,770,790,820,820,820,9742,0,320.0,336.18135934079163,6.021451000378875,824.8314330003268,16978.0
1781108536,500,gRPC,gRPC/listar-usuarios,149.900000,0.000000,600,650,680,710,780,810,830,860,880,880,880,10001,0,380.0,383.5957489894076,4.838507999920694,883.2669799994619,15097.0
1781108536,500,,Aggregated,894.800000,0.000000,550,600,640,680,730,760,790,820,880,880,880,58760,0,340.0,344.23841927433625,4.838507999920694,883.2669799994619,18430.792205582027
1781108537,500,gRPC,gRPC/listar-musicas,148.400000,0.000000,540,590,620,630,690,730,760,760,780,780,780,10046,0,330.0,334.61240441916874,6.210252999153454,826.159693999216,24374.0
1781108537,500,gRPC,gRPC/listar-musicas-playlist,151.400000,0.000000,540,580,610,640,700,720,750,760,770,780,780,9796,0,340.0,339.8014479772364,7.901824000327906,824.8289630000727,14583.0
1781108537,500,gRPC,gRPC/listar-playlists,149.800000,0.000000,550,610,650,680,710,740,760,770,770,780,780,9971,0,320.0,340.8561104429823,7.561612999779754,825.2398840004389,22473.0
1781108537,500,gRPC,gRPC/listar-playlists-musica,149.400000,0.000000,570,610,630,640,690,720,730,740,780,780,780,9731,0,340.0,341.81535167906515,7.265729999744508,820.7132700008515,16984.0
1781108537,500,gRPC,gRPC/listar-playlists-usuario,149.200000,0.000000,550,590,630,650,690,720,750,760,770,780,780,9893,0,320.0,339.78807674305034,6.021451000378875,824.8314330003268,16978.0
1781108537,500,gRPC,gRPC/listar-usuarios,150.000000,0.000000,590,630,670,690,740,780,810,820,830,830,830,10156,0,390.0,386.86584438519765,4.838507999920694,883.2669799994619,15097.0
1781108537,500,,Aggregated,898.200000,0.000000,550,600,630,660,700,740,760,780,820,830,830,59593,0,340.0,347.4506338393948,4.838507999920694,883.2669799994619,18430.92888426493
1781108538,500,gRPC,gRPC/listar-musicas,148.900000,0.000000,540,600,630,660,710,740,760,780,790,790,790,10224,0,330.0,338.65403590228544,6.210252999153454,826.159693999216,24374.0
1781108538,500,gRPC,gRPC/listar-musicas-playlist,149.200000,0.000000,540,590,630,680,720,740,760,760,790,790,790,9972,0,340.0,343.8041752513042,7.901824000327906,824.8289630000727,14583.0
1781108538,500,gRPC,gRPC/listar-playlists,148.000000,0.000000,550,630,680,690,720,750,760,770,790,790,790,10162,0,330.0,344.20085126933486,7.561612999779754,825.2398840004389,22473.0
1781108538,500,gRPC,gRPC/listar-playlists-musica,148.200000,0.000000,570,610,640,670,700,720,740,760,790,790,790,9896,0,340.0,344.7837826750186,7.265729999744508,820.7132700008515,16984.0
1781108538,500,gRPC,gRPC/listar-playlists-usuario,148.000000,0.000000,550,590,630,680,710,740,760,760,790,790,790,10048,0,330.0,342.5111318629578,6.021451000378875,824.8314330003268,16978.0
1781108538,500,gRPC,gRPC/listar-usuarios,149.900000,0.000000,590,650,690,720,770,800,820,830,840,840,840,10297,0,390.0,390.0315504290635,4.838507999920694,883.2669799994619,15097.0
1781108538,500,,Aggregated,892.200000,0.000000,550,610,650,680,720,750,770,790,840,840,840,60599,0,350.0,350.8023266118092,4.838507999920694,883.2669799994619,18434.536791036157
1781108539,500,gRPC,gRPC/listar-musicas,147.900000,0.000000,540,590,630,660,710,740,760,780,790,790,790,10381,0,340.0,341.51731140101816,6.210252999153454,826.159693999216,24374.0
1781108539,500,gRPC,gRPC/listar-musicas-playlist,148.700000,0.000000,540,590,620,640,720,740,760,760,790,790,790,10152,0,350.0,347.1457638760835,7.901824000327906,824.8289630000727,14583.0
1781108539,500,gRPC,gRPC/listar-playlists,148.000000,0.000000,550,610,670,690,720,750,770,770,790,790,790,10287,0,330.0,346.5450645593449,7.561612999779754,825.2398840004389,22473.0
1781108539,500,gRPC,gRPC/listar-playlists-musica,147.900000,0.000000,560,600,630,650,700,720,740,760,790,790,790,10045,0,350.0,348.0117943805862,7.265729999744508,820.7132700008515,16984.0
1781108539,500,gRPC,gRPC/listar-playlists-usuario,148.900000,0.000000,540,590,620,640,700,740,760,760,790,790,790,10222,0,340.0,346.22761498464087,6.021451000378875,824.8314330003268,16978.0
1781108539,500,gRPC,gRPC/listar-usuarios,149.800000,0.000000,590,640,680,700,770,800,820,830,840,840,840,10452,0,390.0,392.980616571572,4.838507999920694,883.2669799994619,15097.0
1781108539,500,,Aggregated,891.200000,0.000000,550,600,640,680,720,750,770,790,840,840,840,61539,0,350.0,353.86949159034197,4.838507999920694,883.2669799994619,18430.59037358423
1781108540,500,gRPC,gRPC/listar-musicas,149.400000,0.000000,530,580,610,630,700,730,760,780,790,790,790,10525,0,340.0,344.04189915686226,6.210252999153454,826.159693999216,24374.0
1781108540,500,gRPC,gRPC/listar-musicas-playlist,148.100000,0.000000,540,580,610,640,710,730,760,760,790,790,790,10274,0,350.0,349.5610460805905,7.901824000327906,824.8289630000727,14583.0
1781108540,500,gRPC,gRPC/listar-playlists,149.000000,0.000000,540,600,640,680,710,740,770,770,790,790,790,10421,0,340.0,349.4973044941919,7.561612999779754,825.2398840004389,22473.0
1781108540,500,gRPC,gRPC/listar-playlists-musica,149.200000,0.000000,560,600,630,640,700,720,740,750,790,790,790,10214,0,350.0,351.61652729811937,7.265729999744508,820.7132700008515,16984.0
1781108540,500,gRPC,gRPC/listar-playlists-usuario,148.000000,0.000000,540,590,610,640,690,720,760,760,790,790,790,10355,0,340.0,348.9251598066639,6.021451000378875,824.8314330003268,16978.0
1781108540,500,gRPC,gRPC/listar-usuarios,149.800000,0.000000,590,630,670,690,750,790,820,830,840,840,840,10606,0,400.0,395.66750495823754,4.838507999920694,883.2669799994619,15097.0
1781108540,500,,Aggregated,893.500000,0.000000,550,600,630,660,710,740,770,790,840,840,840,62395,0,360.0,356.68760931805474,4.838507999920694,883.2669799994619,18430.223142880037
1781108541,500,gRPC,gRPC/listar-musicas,151.000000,0.000000,540,600,630,660,710,740,770,780,790,790,790,10706,0,350.0,347.5330725566012,6.210252999153454,826.159693999216,24374.0
1781108541,500,gRPC,gRPC/listar-musicas-playlist,152.700000,0.000000,550,600,630,680,720,740,760,760,790,790,790,10420,0,360.0,352.81497818320395,7.901824000327906,824.8289630000727,14583.0
1781108541,500,gRPC,gRPC/listar-playlists,151.100000,0.000000,560,630,680,690,720,750,770,770,790,790,790,10603,0,340.0,353.0237926121832,7.561612999779754,825.2398840004389,22473.0
1781108541,500,gRPC,gRPC/listar-playlists-musica,152.300000,0.000000,580,610,640,670,700,720,740,760,790,790,790,10353,0,360.0,353.7947373395142,7.265729999744508,820.7132700008515,16984.0
1781108541,500,gRPC,gRPC/listar-playlists-usuario,152.100000,0.000000,550,600,630,670,710,740,760,760,790,790,790,10524,0,350.0,351.69952509853715,6.021451000378875,824.8314330003268,16978.0
1781108541,500,gRPC,gRPC/listar-usuarios,150.000000,0.000000,600,650,690,710,770,800,820,830,840,840,840,10760,0,400.0,399.0702712691518,4.838507999920694,883.2669799994619,15097.0
1781108541,500,,Aggregated,909.200000,0.000000,560,610,650,680,720,750,770,790,840,840,840,63366,0,360.0,359.78681402007413,4.838507999920694,883.2669799994619,18434.802054729666
1781108542,500,gRPC,gRPC/listar-musicas,149.000000,0.000000,540,590,620,660,710,740,770,780,790,790,790,10855,0,350.0,349.97181179244365,6.210252999153454,826.159693999216,24374.0
1781108542,500,gRPC,gRPC/listar-musicas-playlist,148.300000,0.000000,540,590,610,670,720,740,760,760,790,790,790,10626,0,370.0,355.79511182702703,7.901824000327906,824.8289630000727,14583.0
1781108542,500,gRPC,gRPC/listar-playlists,149.000000,0.000000,550,610,680,690,720,750,770,770,790,790,790,10772,0,340.0,355.21858107779053,7.561612999779754,825.2398840004389,22473.0
1781108542,500,gRPC,gRPC/listar-playlists-musica,149.900000,0.000000,560,600,620,670,700,720,740,760,790,790,790,10529,0,370.0,356.7928053872161,7.265729999744508,820.7132700008515,16984.0
1781108542,500,gRPC,gRPC/listar-playlists-usuario,149.100000,0.000000,540,590,620,650,700,740,760,760,790,790,790,10709,0,360.0,354.9534362892904,6.021451000378875,824.8314330003268,16978.0
1781108542,500,gRPC,gRPC/listar-usuarios,149.900000,0.000000,590,650,680,710,770,800,820,830,840,840,840,10915,0,410.0,401.43510719341094,4.838507999920694,883.2669799994619,15097.0
1781108542,500,,Aggregated,895.200000,0.000000,550,600,640,680,720,750,770,790,840,840,840,64406,0,370.0,362.47507099976787,4.838507999920694,883.2669799994619,18430.636540073905
1781108543,500,gRPC,gRPC/listar-musicas,155.000000,0.000000,540,590,620,660,710,740,770,780,790,790,790,10993,0,360.0,352.58364618329654,6.210252999153454,826.159693999216,24374.0
1781108543,500,gRPC,gRPC/listar-musicas-playlist,154.200000,0.000000,540,590,600,670,720,740,760,760,790,790,790,10726,0,380.0,357.94657890574257,7.901824000327906,824.8289630000727,14583.0
1781108543,500,gRPC,gRPC/listar-playlists,150.800000,0.000000,550,610,680,690,720,750,770,770,790,790,790,10902,0,350.0,358.27509050293105,7.561612999779754,825.2398840004389,22473.0
1781108543,500,gRPC,gRPC/listar-playlists-musica,153.300000,0.000000,570,600,620,660,700,730,740,760,790,790,790,10681,0,370.0,360.38912596545225,7.265729999744508,820.7132700008515,16984.0
1781108543,500,gRPC,gRPC/listar-playlists-usuario,155.000000,0.000000,540,590,610,630,700,740,760,760,790,790,790,10811,0,370.0,357.3895198131546,6.021451000378875,824.8314330003268,16978.0
1781108543,500,gRPC,gRPC/listar-usuarios,149.800000,0.000000,590,640,670,710,770,800,820,830,840,840,840,11059,0,410.0,404.0839716276402,4.838507999920694,883.2669799994619,15097.0
1781108543,500,,Aggregated,918.100000,0.000000,550,600,630,680,720,750,770,790,840,840,840,65172,0,380.0,365.23385901715596,4.838507999920694,883.2669799994619,18432.367749953966
1781108544,500,gRPC,gRPC/listar-musicas,148.500000,0.000000,540,590,620,660,710,740,760,770,790,790,790,11160,0,360.0,356.1460752402301,6.210252999153454,826.159693999216,24374.0
1781108544,500,gRPC,gRPC/listar-musicas-playlist,148.700000,0.000000,540,590,620,670,720,740,750,760,790,790,790,10891,0,390.0,361.44606958828376,7.901824000327906,824.8289630000727,14583.0
1781108544,500,gRPC,gRPC/listar-playlists,148.300000,0.000000,560,630,680,690,730,750,750,770,790,790,790,11045,0,360.0,361.8291052081448,7.561612999779754,825.2398840004389,22473.0
1781108544,500,gRPC,gRPC/listar-playlists-musica,151.700000,0.000000,580,600,630,670,690,730,740,750,790,790,790,10807,0,380.0,362.7326638810027,7.265729999744508,820.7132700008515,16984.0
1781108544,500,gRPC,gRPC/listar-playlists-usuario,149.900000,0.000000,540,590,630,650,700,740,750,750,790,790,790,10982,0,380.0,360.5101915355146,6.021451000378875,824.8314330003268,16978.0
1781108544,500,gRPC,gRPC/listar-usuarios,150.300000,0.000000,600,650,680,710,760,790,810,830,840,840,840,11214,0,420.0,407.6878557605736,4.838507999920694,883.2669799994619,15097.0
1781108544,500,,Aggregated,897.400000,0.000000,560,600,640,680,720,740,770,790,840,840,840,66099,0,380.0,368.5152308975187,4.838507999920694,883.2669799994619,18432.167203739846
1781108545,500,gRPC,gRPC/listar-musicas,148.900000,0.000000,540,590,630,660,710,740,760,770,790,790,790,11271,0,370.0,357.14398930147917,6.210252999153454,826.159693999216,24374.0
1781108545,500,gRPC,gRPC/listar-musicas-playlist,150.300000,0.000000,540,590,620,670,720,740,750,760,790,790,790,11029,0,390.0,362.86088836993315,7.901824000327906,824.8289630000727,14583.0
1781108545,500,gRPC,gRPC/listar-playlists,151.800000,0.000000,550,620,680,690,720,750,750,770,790,790,790,11206,0,360.0,362.8699297964448,7.561612999779754,825.2398840004389,22473.0
1781108545,500,gRPC,gRPC/listar-playlists-musica,152.600000,0.000000,560,600,630,670,690,730,740,750,790,790,790,10945,0,380.0,363.98737758264,7.265729999744508,820.7132700008515,16984.0
1781108545,500,gRPC,gRPC/listar-playlists-usuario,152.100000,0.000000,540,590,620,650,700,740,750,750,790,790,790,11136,0,390.0,362.25698613981837,6.021451000378875,824.8314330003268,16978.0
1781108545,500,gRPC,gRPC/listar-usuarios,150.400000,0.000000,590,640,680,710,760,790,810,830,840,840,840,11366,0,420.0,409.08026119479734,4.838507999920694,883.2669799994619,15097.0
1781108545,500,,Aggregated,906.100000,0.000000,550,600,640,680,720,740,770,790,840,840,840,66953,0,390.0,369.8299548725684,4.838507999920694,883.2669799994619,18429.89991486565
1781108546,500,gRPC,gRPC/listar-musicas,151.500000,0.000000,540,590,620,660,710,740,760,770,790,790,790,11436,0,370.0,359.93864889576497,6.210252999153454,826.159693999216,24374.0
1781108546,500,gRPC,gRPC/listar-musicas-playlist,150.800000,0.000000,540,590,610,670,720,740,750,750,790,790,790,11205,0,400.0,365.8052447926816,7.901824000327906,824.8289630000727,14583.0
1781108546,500,gRPC,gRPC/listar-playlists,152.600000,0.000000,550,620,670,680,720,750,750,770,790,790,790,11364,0,370.0,365.84750755807465,7.561612999779754,825.2398840004389,22473.0
1781108546,500,gRPC,gRPC/listar-playlists-musica,148.800000,0.000000,580,600,630,670,690,730,740,750,790,790,790,11134,0,390.0,367.94901523810006,7.265729999744508,820.7132700008515,16984.0
1781108546,500,gRPC,gRPC/listar-playlists-usuario,150.100000,0.000000,550,590,630,650,700,740,750,750,790,790,790,11271,0,390.0,365.10752924771657,6.021451000378875,824.8314330003268,16978.0
1781108546,500,gRPC,gRPC/listar-usuarios,150.800000,0.000000,600,650,680,710,760,790,810,830,840,840,840,11520,0,430.0,411.65180650781883,4.838507999920694,883.2669799994619,15097.0
1781108546,500,,Aggregated,904.600000,0.000000,560,600,640,670,720,740,770,790,840,840,840,67930,0,390.0,372.83523246497964,4.838507999920694,883.2669799994619,18429.31083468276
1781108547,500,gRPC,gRPC/listar-musicas,151.000000,0.000000,540,590,620,650,700,730,750,760,770,770,770,11573,0,380.0,362.4155760495955,6.210252999153454,826.159693999216,24374.0
1781108547,500,gRPC,gRPC/listar-musicas-playlist,150.900000,0.000000,540,590,600,640,700,730,740,750,770,770,770,11311,0,400.0,367.85036121509995,7.901824000327906,824.8289630000727,14583.0
1781108547,500,gRPC,gRPC/listar-playlists,151.700000,0.000000,560,620,670,680,720,740,750,760,770,770,770,11504,0,380.0,368.9835211000485,7.561612999779754,825.2398840004389,22473.0
1781108547,500,gRPC,gRPC/listar-playlists-musica,149.600000,0.000000,570,600,620,650,690,720,740,740,760,770,770,11231,0,400.0,369.36297398112436,7.265729999744508,820.7132700008515,16984.0
1781108547,500,gRPC,gRPC/listar-playlists-usuario,151.600000,0.000000,540,590,620,650,700,730,740,750,770,770,770,11399,0,400.0,367.3823105179413,6.021451000378875,824.8314330003268,16978.0
1781108547,500,gRPC,gRPC/listar-usuarios,150.700000,0.000000,590,640,670,690,750,790,800,810,820,820,820,11676,0,430.0,414.5010353724799,4.838507999920694,883.2669799994619,15097.0
1781108547,500,,Aggregated,905.500000,0.000000,560,600,640,670,710,740,760,780,820,820,820,68694,0,400.0,375.2234246287311,4.838507999920694,883.2669799994619,18431.15999941771
1781108548,500,gRPC,gRPC/listar-musicas,150.200000,0.000000,530,590,620,650,700,730,750,760,770,770,770,11742,0,380.0,364.29891861113674,6.210252999153454,826.159693999216,24374.0
1781108548,500,gRPC,gRPC/listar-musicas-playlist,151.200000,0.000000,540,590,620,670,710,730,740,750,770,770,770,11507,0,410.0,370.4487366797601,7.901824000327906,824.8289630000727,14583.0
1781108548,500,gRPC,gRPC/listar-playlists,150.700000,0.000000,550,620,670,680,720,740,750,760,770,770,770,11689,0,390.0,370.397265573955,7.561612999779754,825.2398840004389,22473.0
1781108548,500,gRPC,gRPC/listar-playlists-musica,150.300000,0.000000,560,610,630,660,690,720,740,740,760,770,770,11403,0,400.0,371.12762647092916,7.265729999744508,820.7132700008515,16984.0
1781108548,500,gRPC,gRPC/listar-playlists-usuario,148.800000,0.000000,540,590,630,660,700,730,740,750,770,770,770,11586,0,400.0,369.287747918006,6.021451000378875,824.8314330003268,16978.0
1781108548,500,gRPC,gRPC/listar-usuarios,150.900000,0.000000,590,640,680,700,750,790,800,810,820,820,820,11819,0,440.0,416.1454672243911,4.838507999920694,883.2669799994619,15097.0
1781108548,500,,Aggregated,902.100000,0.000000,550,610,640,670,710,740,760,780,820,820,820,69746,0,400.0,377.0665644158956,4.838507999920694,883.2669799994619,18431.165787285292
1781108549,500,gRPC,gRPC/listar-musicas,148.900000,0.000000,540,590,620,650,700,730,750,760,770,770,770,11885,0,390.0,366.41532104812524,6.210252999153454,826.159693999216,24374.0
1781108549,500,gRPC,gRPC/listar-musicas-playlist,149.000000,0.000000,540,590,610,630,700,730,740,750,770,770,770,11665,0,410.0,372.72048154556387,7.901824000327906,824.8289630000727,14583.0
1781108549,500,gRPC,gRPC/listar-playlists,151.800000,0.000000,550,610,670,680,720,740,750,760,770,770,770,11794,0,390.0,371.91758999762214,7.561612999779754,825.2398840004389,22473.0
1781108549,500,gRPC,gRPC/listar-playlists-musica,148.400000,0.000000,560,610,630,650,680,720,740,740,760,770,770,11548,0,400.0,373.815391214063,7.265729999744508,820.7132700008515,16984.0
1781108549,500,gRPC,gRPC/listar-playlists-usuario,150.600000,0.000000,540,590,620,630,690,730,740,750,770,770,770,11710,0,400.0,371.532828852094,6.021451000378875,824.8314330003268,16978.0
1781108549,500,gRPC,gRPC/listar-usuarios,150.900000,0.000000,590,640,680,700,750,790,800,810,820,820,820,11974,0,440.0,418.4684720287353,4.838507999920694,883.2669799994619,15097.0
1781108549,500,,Aggregated,899.600000,0.000000,550,610,630,670,710,740,760,780,820,820,820,70576,0,400.0,379.2682726704265,4.838507999920694,883.2669799994619,18427.75641861256
1781108550,500,gRPC,gRPC/listar-musicas,149.000000,0.000000,530,580,610,630,680,720,740,750,760,760,760,12015,0,390.0,368.2291672118988,6.210252999153454,826.159693999216,24374.0
1781108550,500,gRPC,gRPC/listar-musicas-playlist,153.400000,0.000000,540,580,610,630,680,720,740,740,750,750,750,11764,0,410.0,374.28149909231587,7.901824000327906,824.8289630000727,14583.0
1781108550,500,gRPC,gRPC/listar-playlists,153.100000,0.000000,550,610,640,670,690,730,740,750,750,750,750,11939,0,400.0,374.7087175355516,7.561612999779754,825.2398840004389,22473.0
1781108550,500,gRPC,gRPC/listar-playlists-musica,152.800000,0.000000,570,610,630,640,670,710,730,740,750,760,760,11699,0,410.0,376.2771878376784,7.265729999744508,820.7132700008515,16984.0
1781108550,500,gRPC,gRPC/listar-playlists-usuario,149.500000,0.000000,550,590,620,640,680,730,740,740,750,750,750,11862,0,400.0,374.1060240894471,6.021451000378875,824.8314330003268,16978.0
1781108550,500,gRPC,gRPC/listar-usuarios,151.300000,0.000000,590,640,670,680,730,770,800,800,810,810,810,12127,0,450.0,420.75975188076785,4.838507999920694,883.2669799994619,15097.0
1781108550,500,,Aggregated,909.100000,0.000000,550,600,630,660,690,730,750,760,810,810,810,71406,0,410.0,381.5258433093861,4.838507999920694,883.2669799994619,18428.190068061507
1781108551,500,gRPC,gRPC/listar-musicas,152.200000,0.000000,540,590,630,660,700,730,750,760,770,770,770,12197,0,390.0,370.7486242067688,6.210252999153454,826.159693999216,24374.0
1781108551,500,gRPC,gRPC/listar-musicas-playlist,152.500000,0.000000,540,590,620,670,700,730,750,750,770,770,770,11965,0,410.0,376.93536442373573,7.901824000327906,824.8289630000727,14583.0
1781108551,500,gRPC,gRPC/listar-playlists,150.000000,0.000000,560,620,670,680,720,740,750,770,770,770,770,12139,0,400.0,376.67533969132126,7.561612999779754,825.2398840004389,22473.0
1781108551,500,gRPC,gRPC/listar-playlists-musica,149.100000,0.000000,570,610,640,660,680,720,740,740,770,770,770,11874,0,410.0,377.92176495098533,7.265729999744508,820.7132700008515,16984.0
1781108551,500,gRPC,gRPC/listar-playlists-usuario,148.700000,0.000000,550,600,630,670,700,730,740,750,770,770,770,12028,0,410.0,375.6708576350205,6.021451000378875,824.8314330003268,16978.0
1781108551,500,gRPC,gRPC/listar-usuarios,150.800000,0.000000,600,650,680,710,750,790,810,810,830,830,830,12280,0,450.0,422.760370968573,4.838507999920694,883.2669799994619,15097.0
1781108551,500,,Aggregated,903.300000,0.000000,560,610,650,670,720,740,760,780,820,830,830,72483,0,410.0,383.5661330442863,4.838507999920694,883.2669799994619,18429.77774098754
1781108552,500,gRPC,gRPC/listar-musicas,149.900000,0.000000,540,590,620,650,690,730,750,760,770,770,770,12360,0,400.0,372.7057888912589,6.210252999153454,826.159693999216,24374.0
1781108552,500,gRPC,gRPC/listar-musicas-playlist,151.200000,0.000000,540,580,610,640,690,730,750,750,770,770,770,12131,0,420.0,378.9288730183829,7.901824000327906,824.8289630000727,14583.0
1781108552,500,gRPC,gRPC/listar-playlists,148.700000,0.000000,550,610,660,670,690,740,750,770,770,770,770,12268,0,400.0,378.2156492512996,7.561612999779754,825.2398840004389,22473.0
1781108552,500,gRPC,gRPC/listar-playlists-musica,150.100000,0.000000,560,600,630,640,670,690,730,750,770,770,770,12017,0,410.0,380.07461216276954,7.265729999744508,820.7132700008515,16984.0
1781108552,500,gRPC,gRPC/listar-playlists-usuario,151.200000,0.000000,550,590,620,630,680,720,740,750,770,770,770,12194,0,410.0,378.0770490005767,6.021451000378875,824.8314330003268,16978.0
1781108552,500,gRPC,gRPC/listar-usuarios,151.000000,0.000000,590,640,670,700,750,790,810,810,830,830,830,12437,0,450.0,424.6864236924558,4.838507999920694,883.2669799994619,15097.0
1781108552,500,,Aggregated,902.100000,0.000000,550,600,630,670,690,740,760,780,820,830,830,73407,0,410.0,385.56040289935595,4.838507999920694,883.2669799994619,18428.155707221384
1781108553,500,gRPC,gRPC/listar-musicas,151.600000,0.000000,530,580,610,630,680,710,750,760,770,770,770,12493,0,400.0,374.64747780540813,6.210252999153454,826.159693999216,24374.0
1781108553,500,gRPC,gRPC/listar-musicas-playlist,149.600000,0.000000,540,580,610,630,680,710,730,750,770,770,770,12242,0,420.0,380.7086649787611,7.901824000327906,824.8289630000727,14583.0
1781108553,500,gRPC,gRPC/listar-playlists,152.500000,0.000000,540,590,630,670,680,730,750,770,770,770,770,12389,0,400.0,380.3624892202713,7.561612999779754,825.2398840004389,22473.0
1781108553,500,gRPC,gRPC/listar-playlists-musica,150.500000,0.000000,560,600,630,650,680,680,710,740,770,770,770,12183,0,410.0,382.8585584657307,7.265729999744508,820.7132700008515,16984.0
1781108553,500,gRPC,gRPC/listar-playlists-usuario,150.900000,0.000000,550,580,620,630,680,690,740,750,770,770,770,12323,0,410.0,380.21308823452387,6.021451000378875,824.8314330003268,16978.0
1781108553,500,gRPC,gRPC/listar-usuarios,151.100000,0.000000,590,640,660,690,740,770,800,810,830,830,830,12581,0,460.0,426.750495834916,4.838507999920694,883.2669799994619,15097.0
1781108553,500,,Aggregated,906.200000,0.000000,550,600,630,660,680,730,750,770,820,830,830,74211,0,410.0,387.70663362633616,4.838507999920694,883.2669799994619,18427.440514209484
1781108554,500,gRPC,gRPC/listar-musicas,152.300000,0.000000,540,590,630,660,710,740,770,780,800,800,800,12674,0,400.0,377.63248821098017,6.210252999153454,826.159693999216,24374.0
1781108554,500,gRPC,gRPC/listar-musicas-playlist,153.000000,0.000000,550,590,620,670,710,740,760,770,800,800,800,12388,0,420.0,383.4851271012269,7.901824000327906,824.8289630000727,14583.0
1781108554,500,gRPC,gRPC/listar-playlists,151.500000,0.000000,560,620,670,680,720,750,780,790,800,800,800,12571,0,400.0,383.3873485127637,7.561612999779754,825.2398840004389,22473.0
1781108554,500,gRPC,gRPC/listar-playlists-musica,153.500000,0.000000,580,610,630,670,680,710,740,760,800,800,800,12321,0,410.0,384.67411934859126,7.265729999744508,820.7132700008515,16984.0
1781108554,500,gRPC,gRPC/listar-playlists-usuario,153.000000,0.000000,550,600,630,670,680,730,760,780,800,800,800,12492,0,410.0,382.58241271349993,6.021451000378875,824.8314330003268,16978.0
1781108554,500,gRPC,gRPC/listar-usuarios,150.900000,0.000000,600,650,680,710,760,800,820,840,860,860,860,12728,0,460.0,429.62431724804156,4.838507999920694,883.2669799994619,15097.0
1781108554,500,,Aggregated,914.200000,0.000000,560,610,650,670,710,750,780,800,850,860,860,75174,0,410.0,390.33891907194004,4.838507999920694,883.2669799994619,18431.665456141753
1781108555,500,gRPC,gRPC/listar-musicas,154.700000,0.000000,550,600,630,660,710,740,770,780,800,800,800,12802,0,410.0,379.3962689282898,6.210252999153454,826.159693999216,24374.0
1781108555,500,gRPC,gRPC/listar-musicas-playlist,149.400000,0.000000,550,600,620,670,710,740,760,770,800,800,800,12560,0,420.0,385.5686941617832,7.901824000327906,824.8289630000727,14583.0
1781108555,500,gRPC,gRPC/listar-playlists,152.400000,0.000000,560,620,670,680,720,750,780,790,800,800,800,12722,0,410.0,384.9668556757545,7.561612999779754,825.2398840004389,22473.0
1781108555,500,gRPC,gRPC/listar-playlists-musica,153.100000,0.000000,580,610,630,660,680,710,740,760,800,800,800,12490,0,410.0,386.96463230840664,7.265729999744508,820.7132700008515,16984.0
1781108555,500,gRPC,gRPC/listar-playlists-usuario,151.400000,0.000000,550,600,630,670,680,730,760,780,800,800,800,12672,0,410.0,385.0947901710115,6.021451000378875,824.8314330003268,16978.0
1781108555,500,gRPC,gRPC/listar-usuarios,151.100000,0.000000,600,650,690,710,760,800,820,840,860,860,860,12878,0,460.0,431.40034224002767,4.838507999920694,883.2669799994619,15097.0
1781108555,500,,Aggregated,912.100000,0.000000,560,610,650,670,710,750,780,800,850,860,860,76124,0,420.0,392.3336295694523,4.838507999920694,883.2669799994619,18427.75571436078
1781108556,500,gRPC,gRPC/listar-musicas,152.300000,0.000000,540,590,620,650,710,740,770,780,800,800,800,12961,0,410.0,381.0594960854082,6.210252999153454,826.159693999216,24374.0
1781108556,500,gRPC,gRPC/listar-musicas-playlist,151.600000,0.000000,550,590,620,670,710,730,760,770,800,800,800,12695,0,420.0,387.13547373083856,7.901824000327906,824.8289630000727,14583.0
1781108556,500,gRPC,gRPC/listar-playlists,149.100000,0.000000,550,610,670,680,720,750,780,790,800,800,800,12870,0,410.0,386.95297735858213,7.561612999779754,825.2398840004389,22473.0
1781108556,500,gRPC,gRPC/listar-playlists-musica,152.100000,0.000000,580,610,630,660,680,710,740,760,800,800,800,12649,0,420.0,389.18385057585607,7.265729999744508,820.7132700008515,16984.0
1781108556,500,gRPC,gRPC/listar-playlists-usuario,148.800000,0.000000,550,600,630,670,680,730,760,780,800,800,800,12779,0,420.0,386.60333093849744,6.021451000378875,824.8314330003268,16978.0
1781108556,500,gRPC,gRPC/listar-usuarios,150.200000,0.000000,600,650,680,710,760,800,820,840,860,860,860,13032,0,460.0,433.14256912316506,4.838507999920694,883.2669799994619,15097.0
1781108556,500,,Aggregated,904.100000,0.000000,560,610,640,670,710,750,780,800,850,860,860,76986,0,420.0,394.1182323953833,4.838507999920694,883.2669799994619,18429.411724209596
1781108557,500,gRPC,gRPC/listar-musicas,149.500000,0.000000,550,590,630,660,710,750,770,780,800,800,800,13141,0,410.0,383.6234552762332,6.210252999153454,826.159693999216,24374.0
1781108557,500,gRPC,gRPC/listar-musicas-playlist,148.400000,0.000000,550,590,620,670,710,750,760,770,800,800,800,12870,0,420.0,389.65625319611456,7.901824000327906,824.8289630000727,14583.0
1781108557,500,gRPC,gRPC/listar-playlists,148.100000,0.000000,570,630,670,680,720,760,780,790,800,800,800,13031,0,410.0,389.57028979686515,7.561612999779754,825.2398840004389,22473.0
1781108557,500,gRPC,gRPC/listar-playlists-musica,149.100000,0.000000,580,610,640,670,680,710,750,760,800,800,800,12779,0,420.0,390.83686168886453,7.265729999744508,820.7132700008515,16984.0
1781108557,500,gRPC,gRPC/listar-playlists-usuario,151.100000,0.000000,560,600,630,670,680,740,760,780,800,800,800,12961,0,420.0,388.74985549078383,6.021451000378875,824.8314330003268,16978.0
1781108557,500,gRPC,gRPC/listar-usuarios,150.100000,0.000000,610,650,690,720,770,800,820,840,860,860,860,13186,0,460.0,435.81727414500904,4.838507999920694,883.2669799994619,15097.0
1781108557,500,,Aggregated,896.300000,0.000000,570,610,650,680,720,750,780,800,850,860,860,77968,0,420.0,396.47470706156327,4.838507999920694,883.2669799994619,18430.47202698543
1781108558,500,gRPC,gRPC/listar-musicas,148.000000,0.000000,540,590,620,660,710,750,770,780,800,800,800,13237,0,410.0,384.3788451080284,6.210252999153454,826.159693999216,24374.0
1781108558,500,gRPC,gRPC/listar-musicas-playlist,148.200000,0.000000,540,580,620,670,710,750,760,770,800,800,800,12996,0,430.0,390.6354288566478,7.901824000327906,824.8289630000727,14583.0
1781108558,500,gRPC,gRPC/listar-playlists,148.400000,0.000000,550,610,670,680,720,760,780,790,800,800,800,13172,0,410.0,390.2485321112175,7.561612999779754,825.2398840004389,22473.0
1781108558,500,gRPC,gRPC/listar-playlists-musica,149.400000,0.000000,560,600,630,670,680,710,750,760,800,800,800,12910,0,420.0,391.69141519550755,7.265729999744508,820.7132700008515,16984.0
1781108558,500,gRPC,gRPC/listar-playlists-usuario,147.800000,0.000000,550,590,630,670,680,740,760,780,800,800,800,13100,0,420.0,390.1010199738206,6.021451000378875,824.8314330003268,16978.0
1781108558,500,gRPC,gRPC/listar-usuarios,150.000000,0.000000,600,650,680,710,770,800,820,840,860,860,860,13331,0,470.0,436.7833425208228,4.838507999920694,883.2669799994619,15097.0
1781108558,500,,Aggregated,891.800000,0.000000,550,600,650,680,720,750,780,800,850,860,860,78746,0,420.0,397.4156495829745,4.838507999920694,883.2669799994619,18427.691679577376
1781108559,500,gRPC,gRPC/listar-musicas,149.200000,0.000000,550,600,640,670,710,750,770,780,800,800,800,13385,0,410.0,386.5283259951416,6.210252999153454,826.159693999216,24374.0
1781108559,500,gRPC,gRPC/listar-musicas-playlist,150.500000,0.000000,550,590,640,670,710,750,760,770,800,800,800,13169,0,430.0,393.1319034763462,7.901824000327906,824.8289630000727,14583.0
1781108559,500,gRPC,gRPC/listar-playlists,150.500000,0.000000,560,620,680,680,720,760,780,790,800,800,800,13318,0,410.0,392.55272447814656,7.561612999779754,825.2398840004389,22473.0
1781108559,500,gRPC,gRPC/listar-playlists-musica,148.400000,0.000000,580,610,650,670,680,710,750,760,800,800,800,13087,0,420.0,394.8812459760068,7.265729999744508,820.7132700008515,16984.0
1781108559,500,gRPC,gRPC/listar-playlists-usuario,149.900000,0.000000,560,600,640,670,690,740,760,780,800,800,800,13233,0,420.0,392.5253787006011,6.021451000378875,824.8314330003268,16978.0
1781108559,500,gRPC,gRPC/listar-usuarios,149.900000,0.000000,600,650,690,720,770,800,820,840,860,860,860,13482,0,470.0,438.94510164330893,4.838507999920694,883.2669799994619,15097.0
1781108559,500,,Aggregated,898.400000,0.000000,570,610,660,680,720,750,780,800,850,860,860,79674,0,420.0,399.8645722282414,4.838507999920694,883.2669799994619,18425.862477094157
1781108560,500,gRPC,gRPC/listar-musicas,148.500000,0.000000,550,590,630,660,700,740,760,780,800,800,800,13532,0,420.0,388.44410472479814,6.210252999153454,826.159693999216,24374.0
1781108560,500,gRPC,gRPC/listar-musicas-playlist,151.700000,0.000000,550,590,620,660,710,740,760,770,800,800,800,13275,0,430.0,394.59899169687463,7.901824000327906,824.8289630000727,14583.0
1781108560,500,gRPC,gRPC/listar-playlists,150.500000,0.000000,560,620,670,680,720,750,780,790,800,800,800,13470,0,410.0,395.1112735869302,7.561612999779754,825.2398840004389,22473.0
1781108560,500,gRPC,gRPC/listar-playlists-musica,149.400000,0.000000,580,610,640,670,680,700,740,760,800,800,800,13188,0,420.0,395.86764559720945,7.265729999744508,820.7132700008515,16984.0
1781108560,500,gRPC,gRPC/listar-playlists-usuario,151.400000,0.000000,570,600,640,670,690,730,750,780,800,800,800,13365,0,420.0,394.20526099117507,6.021451000378875,824.8314330003268,16978.0
1781108560,500,gRPC,gRPC/listar-usuarios,150.000000,0.000000,600,650,680,710,750,790,810,840,860,860,860,13637,0,470.0,440.9783137946095,4.838507999920694,883.2669799994619,15097.0
1781108560,500,,Aggregated,901.500000,0.000000,570,610,650,670,710,750,780,800,850,860,860,80467,0,420.0,401.6522696711435,4.838507999920694,883.2669799994619,18428.714305243142
1781108561,500,gRPC,gRPC/listar-musicas,148.800000,0.000000,540,600,630,660,700,740,760,780,800,800,800,13710,0,420.0,389.754310343834,6.210252999153454,826.159693999216,24374.0
1781108561,500,gRPC,gRPC/listar-musicas-playlist,149.100000,0.000000,540,590,640,670,710,730,760,770,800,800,800,13475,0,430.0,396.2054109052323,7.901824000327906,824.8289630000727,14583.0
1781108561,500,gRPC,gRPC/listar-playlists,149.100000,0.000000,560,620,670,680,720,750,780,790,800,800,800,13657,0,410.0,395.71860192955637,7.561612999779754,825.2398840004389,22473.0
1781108561,500,gRPC,gRPC/listar-playlists-musica,148.100000,0.000000,560,610,660,670,680,710,740,760,800,800,800,13372,0,420.0,397.0440292630122,7.265729999744508,820.7132700008515,16984.0
1781108561,500,gRPC,gRPC/listar-playlists-usuario,148.200000,0.000000,560,600,640,670,690,730,750,780,800,800,800,13554,0,420.0,395.2609609349307,6.021451000378875,824.8314330003268,16978.0
1781108561,500,gRPC,gRPC/listar-usuarios,149.700000,0.000000,600,650,690,720,760,790,810,840,860,860,860,13790,0,470.0,442.056910575859,4.838507999920694,883.2669799994619,15097.0
1781108561,500,,Aggregated,893.000000,0.000000,560,610,660,680,720,750,780,800,850,860,860,81558,0,430.0,402.7726657589922,4.838507999920694,883.2669799994619,18428.660781284485
1781108562,500,gRPC,gRPC/listar-musicas,148.100000,0.000000,540,590,620,660,700,740,760,780,800,800,800,13854,0,420.0,391.17489106351695,6.210252999153454,826.159693999216,24374.0
1781108562,500,gRPC,gRPC/listar-musicas-playlist,148.600000,0.000000,540,590,610,660,710,730,760,770,800,800,800,13634,0,430.0,397.75032629573155,7.901824000327906,824.8289630000727,14583.0
1781108562,500,gRPC,gRPC/listar-playlists,148.500000,0.000000,560,610,670,680,720,750,780,790,800,800,800,13763,0,420.0,396.77284012671277,7.561612999779754,825.2398840004389,22473.0
1781108562,500,gRPC,gRPC/listar-playlists-musica,147.900000,0.000000,570,600,630,660,680,710,740,760,800,800,800,13527,0,420.0,398.98537304125136,7.265729999744508,820.7132700008515,16984.0
1781108562,500,gRPC,gRPC/listar-playlists-usuario,148.400000,0.000000,560,590,620,650,680,730,750,780,800,800,800,13680,0,420.0,396.7666202777075,6.021451000378875,824.8314330003268,16978.0
1781108562,500,gRPC,gRPC/listar-usuarios,149.900000,0.000000,600,650,680,710,760,790,810,840,860,860,860,13946,0,470.0,443.5967618062592,4.838507999920694,883.2669799994619,15097.0
1781108562,500,,Aggregated,891.400000,0.000000,560,600,640,670,710,750,780,800,850,860,860,82404,0,430.0,404.2800402268321,4.838507999920694,883.2669799994619,18425.58961943595
1781108563,500,gRPC,gRPC/listar-musicas,148.300000,0.000000,530,580,610,630,680,710,740,750,760,760,760,13982,0,420.0,392.47459043233897,6.210252999153454,826.159693999216,24374.0
1781108563,500,gRPC,gRPC/listar-musicas-playlist,150.600000,0.000000,540,580,610,640,680,710,740,750,760,760,760,13732,0,430.0,398.9293653016311,7.901824000327906,824.8289630000727,14583.0
1781108563,500,gRPC,gRPC/listar-playlists,151.400000,0.000000,550,600,640,670,690,740,750,760,760,760,760,13907,0,420.0,399.0110669564203,7.561612999779754,825.2398840004389,22473.0
1781108563,500,gRPC,gRPC/listar-playlists-musica,151.200000,0.000000,560,600,630,660,670,680,710,740,760,760,760,13667,0,420.0,400.6447039716851,7.265729999744508,820.7132700008515,16984.0
1781108563,500,gRPC,gRPC/listar-playlists-usuario,148.900000,0.000000,550,590,620,640,680,700,740,750,760,760,760,13829,0,430.0,398.72131988249583,6.021451000378875,824.8314330003268,16978.0
1781108563,500,gRPC,gRPC/listar-usuarios,149.700000,0.000000,590,640,670,690,730,770,800,810,820,820,820,14091,0,470.0,445.2699329155557,4.838507999920694,883.2669799994619,15097.0
1781108563,500,,Aggregated,900.100000,0.000000,550,600,630,660,680,730,750,760,810,820,820,83208,0,430.0,405.95317280140006,4.838507999920694,883.2669799994619,18426.40073069897
1781108564,500,gRPC,gRPC/listar-musicas,151.400000,0.000000,540,600,630,660,710,750,800,820,840,840,840,14165,0,420.0,394.7602797368136,6.210252999153454,837.3420830002942,24374.0
1781108564,500,gRPC,gRPC/listar-musicas-playlist,152.300000,0.000000,540,590,630,670,710,750,800,810,830,840,840,13933,0,430.0,401.2270760615806,7.901824000327906,836.1885809999876,14583.0
1781108564,500,gRPC,gRPC/listar-playlists,149.800000,0.000000,560,610,670,680,730,760,810,830,830,830,830,14107,0,420.0,400.6995856442149,7.561612999779754,834.6240119999493,22473.0
1781108564,500,gRPC,gRPC/listar-playlists-musica,148.800000,0.000000,580,610,640,670,680,720,770,790,830,840,840,13842,0,420.0,402.04441629764676,7.265729999744508,836.3210429997707,16984.0
1781108564,500,gRPC,gRPC/listar-playlists-usuario,148.600000,0.000000,560,600,640,670,680,730,770,810,830,840,840,13996,0,430.0,400.06040273607016,6.021451000378875,836.136285000066,16978.0
1781108564,500,gRPC,gRPC/listar-usuarios,149.700000,0.000000,600,650,690,720,760,810,850,870,890,890,890,14242,0,470.0,447.1146109316873,4.838507999920694,894.7723739993307,15097.0
1781108564,500,,Aggregated,900.600000,0.000000,560,610,660,670,720,750,810,830,890,890,890,84285,0,430.0,407.7462865740744,4.838507999920694,894.7723739993307,18427.921338316428
1781108565,500,gRPC,gRPC/listar-musicas,150.400000,0.000000,540,590,630,660,700,750,800,820,840,840,840,14320,0,420.0,396.19480311961973,6.210252999153454,837.3420830002942,24374.0
1781108565,500,gRPC,gRPC/listar-musicas-playlist,150.500000,0.000000,540,590,630,670,710,750,800,810,830,840,840,14088,0,430.0,402.666823778393,7.901824000327906,836.1885809999876,14583.0
1781108565,500,gRPC,gRPC/listar-playlists,148.600000,0.000000,550,610,670,680,730,760,810,830,830,830,830,14223,0,420.0,401.78397718097017,7.561612999779754,834.6240119999493,22473.0
1781108565,500,gRPC,gRPC/listar-playlists-musica,150.000000,0.000000,560,610,640,670,680,720,770,790,830,840,840,13982,0,430.0,403.71915735975045,7.265729999744508,836.3210429997707,16984.0
1781108565,500,gRPC,gRPC/listar-playlists-usuario,150.000000,0.000000,550,590,640,670,680,730,770,810,830,840,840,14158,0,430.0,401.8854386210652,6.021451000378875,836.136285000066,16978.0
1781108565,500,gRPC,gRPC/listar-usuarios,150.500000,0.000000,600,650,690,720,760,810,850,870,890,890,890,14397,0,480.0,448.5681616405568,4.838507999920694,894.7723739993307,15097.0
1781108565,500,,Aggregated,900.000000,0.000000,550,610,650,670,720,750,810,820,890,890,890,85168,0,430.0,409.2333320360685,4.838507999920694,894.7723739993307,18426.06124365959
1781108566,500,gRPC,gRPC/listar-musicas,153.900000,0.000000,540,590,620,650,690,750,800,820,840,840,840,14461,0,420.0,397.4685272598674,6.210252999153454,837.3420830002942,24374.0
1781108566,500,gRPC,gRPC/listar-musicas-playlist,153.000000,0.000000,540,580,610,650,690,730,800,810,830,840,840,14210,0,430.0,403.87469995052794,7.901824000327906,836.1885809999876,14583.0
1781108566,500,gRPC,gRPC/listar-playlists,153.600000,0.000000,550,600,670,670,690,750,810,830,830,830,830,14358,0,420.0,403.371594136436,7.561612999779754,834.6240119999493,22473.0
1781108566,500,gRPC,gRPC/listar-playlists-musica,152.300000,0.000000,560,610,640,670,680,710,760,790,830,840,840,14151,0,430.0,405.60252684199247,7.265729999744508,836.3210429997707,16984.0
1781108566,500,gRPC,gRPC/listar-playlists-usuario,157.200000,0.000000,540,590,620,650,680,730,770,810,830,840,840,14291,0,430.0,403.28483891652377,6.021451000378875,836.136285000066,16978.0
1781108566,500,gRPC,gRPC/listar-usuarios,150.200000,0.000000,590,640,670,700,750,810,850,870,890,890,890,14552,0,480.0,449.9266830407572,4.838507999920694,894.7723739993307,15097.0
1781108566,500,,Aggregated,920.200000,0.000000,550,600,640,670,700,750,810,830,890,890,890,86023,0,430.0,410.690388495158,4.838507999920694,894.7723739993307,18425.640863489996
1781108567,500,gRPC,gRPC/listar-musicas,149.500000,0.000000,540,590,630,660,700,750,800,820,840,840,840,14644,0,420.0,399.34295483883693,6.210252999153454,837.3420830002942,24374.0
1781108567,500,gRPC,gRPC/listar-musicas-playlist,148.700000,0.000000,540,590,640,670,710,740,800,810,830,840,840,14359,0,440.0,405.659220732015,7.901824000327906,836.1885809999876,14583.0
1781108567,500,gRPC,gRPC/listar-playlists,148.500000,0.000000,560,620,670,680,730,750,810,830,830,830,830,14559,0,420.0,405.21002998282546,7.561612999779754,834.6240119999493,22473.0
1781108567,500,gRPC,gRPC/listar-playlists-musica,151.700000,0.000000,570,610,650,670,680,720,770,790,830,840,840,14294,0,430.0,406.65425919798747,7.265729999744508,836.3210429997707,16984.0
1781108567,500,gRPC,gRPC/listar-playlists-usuario,150.500000,0.000000,550,600,640,670,680,730,770,810,830,840,840,14463,0,430.0,404.6646828209948,6.021451000378875,836.136285000066,16978.0
1781108567,500,gRPC,gRPC/listar-usuarios,150.600000,0.000000,600,650,680,720,760,800,850,870,890,890,890,14705,0,480.0,451.6997498357773,4.838507999920694,894.7723739993307,15097.0
1781108567,500,,Aggregated,899.500000,0.000000,560,610,660,670,720,750,810,830,890,890,890,87024,0,430.0,412.2991119417849,4.838507999920694,894.7723739993307,18429.836079702152
1781108568,500,gRPC,gRPC/listar-musicas,155.000000,0.000000,540,590,620,650,700,750,800,820,840,840,840,14791,0,430.0,400.8363787520066,6.210252999153454,837.3420830002942,24374.0
1781108568,500,gRPC,gRPC/listar-musicas-playlist,151.000000,0.000000,540,590,620,670,710,740,800,810,830,840,840,14562,0,440.0,407.3777854714326,7.901824000327906,836.1885809999876,14583.0
1781108568,500,gRPC,gRPC/listar-playlists,154.700000,0.000000,550,610,670,680,730,750,810,830,830,830,830,14708,0,420.0,406.4351517782811,7.561612999779754,834.6240119999493,22473.0
1781108568,500,gRPC,gRPC/listar-playlists-musica,155.300000,0.000000,560,610,630,660,680,720,760,790,830,840,840,14465,0,430.0,408.4217072508832,7.265729999744508,836.3210429997707,16984.0
1781108568,500,gRPC,gRPC/listar-playlists-usuario,154.400000,0.000000,540,590,630,660,680,730,770,810,830,840,840,14645,0,440.0,406.5710924106555,6.021451000378875,836.136285000066,16978.0
1781108568,500,gRPC,gRPC/listar-usuarios,150.500000,0.000000,590,650,680,710,760,800,850,870,890,890,890,14852,0,480.0,453.06106765426324,4.838507999920694,894.7723739993307,15097.0
1781108568,500,,Aggregated,920.900000,0.000000,550,610,640,670,710,750,810,820,890,890,890,88023,0,440.0,413.8665010627893,4.838507999920694,894.7723739993307,18426.358769866965
1781108569,500,gRPC,gRPC/listar-musicas,151.400000,0.000000,540,590,620,650,710,750,800,820,840,840,840,14931,0,430.0,402.1958084096124,6.210252999153454,837.3420830002942,24374.0
1781108569,500,gRPC,gRPC/listar-musicas-playlist,149.400000,0.000000,540,590,630,670,710,740,800,810,830,840,840,14664,0,440.0,408.6094931388431,7.901824000327906,836.1885809999876,14583.0
1781108569,500,gRPC,gRPC/listar-playlists,150.600000,0.000000,550,620,670,680,730,750,810,830,830,830,830,14839,0,420.0,408.1038211095058,7.561612999779754,834.6240119999493,22473.0
1781108569,500,gRPC,gRPC/listar-playlists-musica,150.700000,0.000000,560,610,630,660,690,720,770,790,830,840,840,14618,0,430.0,410.3414561220434,7.265729999744508,836.3210429997707,16984.0
1781108569,500,gRPC,gRPC/listar-playlists-usuario,148.600000,0.000000,540,590,630,670,700,730,770,810,830,840,840,14748,0,440.0,407.8700027207115,6.021451000378875,836.136285000066,16978.0
1781108569,500,gRPC,gRPC/listar-usuarios,150.700000,0.000000,600,650,680,710,760,800,850,870,890,890,890,15003,0,480.0,454.5979632102991,4.838507999920694,894.7723739993307,15097.0
1781108569,500,,Aggregated,901.400000,0.000000,550,610,640,670,710,750,810,820,890,890,890,88803,0,440.0,415.37852631056387,4.838507999920694,894.7723739993307,18427.46416224677
1781108570,500,gRPC,gRPC/listar-musicas,152.000000,0.000000,540,590,620,650,710,750,800,820,840,840,840,15115,0,430.0,404.0538679797497,6.210252999153454,837.3420830002942,24374.0
1781108570,500,gRPC,gRPC/listar-musicas-playlist,148.700000,0.000000,540,590,630,660,710,740,800,810,830,840,840,14842,0,440.0,410.43980341611643,7.901824000327906,836.1885809999876,14583.0
1781108570,500,gRPC,gRPC/listar-playlists,149.900000,0.000000,550,620,670,680,730,750,810,830,830,830,830,15016,0,420.0,409.93141542354573,7.561612999779754,834.6240119999493,22473.0
1781108570,500,gRPC,gRPC/listar-playlists-musica,148.700000,0.000000,570,610,640,660,690,720,770,790,830,840,840,14754,0,430.0,411.47786370611584,7.265729999744508,836.3210429997707,16984.0
1781108570,500,gRPC,gRPC/listar-playlists-usuario,152.100000,0.000000,540,590,630,660,700,730,770,810,830,840,840,14946,0,440.0,409.2804180050886,6.021451000378875,836.136285000066,16978.0
1781108570,500,gRPC,gRPC/listar-usuarios,151.400000,0.000000,600,650,680,710,760,800,850,870,890,890,890,15159,0,480.0,456.6260642692206,4.838507999920694,894.7723739993307,15097.0
1781108570,500,,Aggregated,902.800000,0.000000,550,610,640,670,710,750,810,820,890,890,890,89832,0,440.0,417.05178497302677,4.838507999920694,894.7723739993307,18428.833945587317
1781108571,500,gRPC,gRPC/listar-musicas,149.500000,0.000000,540,600,630,660,710,750,800,820,840,840,840,15220,0,430.0,404.75813290571114,6.210252999153454,837.3420830002942,24374.0
1781108571,500,gRPC,gRPC/listar-musicas-playlist,150.200000,0.000000,540,590,640,670,710,740,800,810,830,840,840,14969,0,440.0,411.1278352069612,7.901824000327906,836.1885809999876,14583.0
1781108571,500,gRPC,gRPC/listar-playlists,149.600000,0.000000,550,620,670,680,730,750,810,830,830,830,830,15146,0,420.0,410.4583380301039,7.561612999779754,834.6240119999493,22473.0
1781108571,500,gRPC,gRPC/listar-playlists-musica,151.000000,0.000000,560,610,640,670,690,720,770,790,830,840,840,14893,0,430.0,412.1974007448491,7.265729999744508,836.3210429997707,16984.0
1781108571,500,gRPC,gRPC/listar-playlists-usuario,148.600000,0.000000,540,590,630,670,700,730,770,810,830,840,840,15083,0,440.0,410.47040906252397,6.021451000378875,836.136285000066,16978.0
1781108571,500,gRPC,gRPC/listar-usuarios,150.900000,0.000000,590,640,680,710,760,800,850,870,890,890,890,15311,0,480.0,457.3043626102875,4.838507999920694,894.7723739993307,15097.0
1781108571,500,,Aggregated,899.800000,0.000000,550,610,650,670,720,750,810,830,890,890,890,90622,0,440.0,417.8142338609935,4.838507999920694,894.7723739993307,18426.136236234026
1781108572,500,gRPC,gRPC/listar-musicas,149.400000,0.000000,540,600,630,650,710,750,800,820,840,840,840,15407,0,430.0,406.28649748639737,6.210252999153454,837.3420830002942,24374.0
1781108572,500,gRPC,gRPC/listar-musicas-playlist,150.000000,0.000000,540,590,630,660,710,740,800,810,830,840,840,15148,0,440.0,412.760608102522,7.901824000327906,836.1885809999876,14583.0
1781108572,500,gRPC,gRPC/listar-playlists,153.300000,0.000000,550,620,670,680,730,750,810,830,830,830,830,15317,0,430.0,412.21893620297436,7.561612999779754,834.6240119999493,22473.0
1781108572,500,gRPC,gRPC/listar-playlists-musica,148.700000,0.000000,570,620,640,660,690,720,770,790,830,840,840,15086,0,430.0,414.4773040033838,7.265729999744508,836.3210429997707,16984.0
1781108572,500,gRPC,gRPC/listar-playlists-usuario,151.000000,0.000000,550,600,630,660,700,730,770,810,830,840,840,15224,0,440.0,412.09630506279854,6.021451000378875,836.136285000066,16978.0
1781108572,500,gRPC,gRPC/listar-usuarios,150.800000,0.000000,600,650,680,710,760,800,850,870,890,890,890,15466,0,490.0,458.7886282473883,4.838507999920694,894.7723739993307,15097.0
1781108572,500,,Aggregated,903.200000,0.000000,560,610,650,670,710,750,810,820,890,890,890,91648,0,440.0,419.5213740078986,4.838507999920694,894.7723739993307,18427.421667685056
1781108573,500,gRPC,gRPC/listar-musicas,149.000000,0.000000,540,590,620,640,700,730,750,780,810,810,810,15509,0,430.0,407.7117006604502,6.210252999153454,837.3420830002942,24374.0
1781108573,500,gRPC,gRPC/listar-musicas-playlist,152.700000,0.000000,540,590,620,640,700,730,740,750,810,810,810,15247,0,440.0,413.9704522424742,7.901824000327906,836.1885809999876,14583.0
1781108573,500,gRPC,gRPC/listar-playlists,151.700000,0.000000,550,620,670,680,710,740,750,760,810,810,810,15440,0,430.0,414.17691905640913,7.561612999779754,834.6240119999493,22473.0
1781108573,500,gRPC,gRPC/listar-playlists-musica,150.700000,0.000000,560,610,630,650,680,700,740,750,800,810,810,15167,0,430.0,415.19196289174204,7.265729999744508,836.3210429997707,16984.0
1781108573,500,gRPC,gRPC/listar-playlists-usuario,150.400000,0.000000,550,600,630,650,690,730,740,750,810,810,810,15335,0,440.0,413.3606794813854,6.021451000378875,836.136285000066,16978.0
1781108573,500,gRPC,gRPC/listar-usuarios,150.900000,0.000000,590,640,680,700,750,780,810,830,860,860,860,15612,0,490.0,460.4029637579495,4.838507999920694,894.7723739993307,15097.0
1781108573,500,,Aggregated,905.400000,0.000000,550,610,640,670,700,740,760,790,860,860,860,92310,0,440.0,420.9057899721572,4.838507999920694,894.7723739993307,18426.983089589427
1781108574,500,gRPC,gRPC/listar-musicas,149.600000,0.000000,540,590,630,650,700,740,750,780,810,810,810,15678,0,430.0,408.8173394830918,6.210252999153454,837.3420830002942,24374.0
1781108574,500,gRPC,gRPC/listar-musicas-playlist,149.200000,0.000000,540,600,620,660,710,740,750,760,810,810,810,15444,0,440.0,415.36620174223015,7.901824000327906,836.1885809999876,14583.0
1781108574,500,gRPC,gRPC/listar-playlists,149.200000,0.000000,550,620,670,680,700,740,750,760,810,810,810,15625,0,430.0,414.61366464377306,7.561612999779754,834.6240119999493,22473.0
1781108574,500,gRPC,gRPC/listar-playlists-musica,148.300000,0.000000,560,620,640,660,690,710,740,750,800,810,810,15340,0,440.0,416.0926550091299,7.265729999744508,836.3210429997707,16984.0
1781108574,500,gRPC,gRPC/listar-playlists-usuario,148.300000,0.000000,550,600,630,650,690,730,750,750,810,810,810,15522,0,450.0,414.3204975843991,6.021451000378875,836.136285000066,16978.0
1781108574,500,gRPC,gRPC/listar-usuarios,150.800000,0.000000,590,650,680,700,750,790,810,840,860,860,860,15764,0,490.0,461.22688414977847,4.838507999920694,894.7723739993307,15097.0
1781108574,500,,Aggregated,895.400000,0.000000,550,610,640,670,710,740,770,790,860,860,860,93373,0,450.0,421.82876282505555,4.838507999920694,894.7723739993307,18426.65688153963
1781108575,500,gRPC,gRPC/listar-musicas,148.300000,0.000000,540,590,620,650,710,740,760,780,810,810,810,15823,0,440.0,409.8900398879429,6.210252999153454,837.3420830002942,24374.0
1781108575,500,gRPC,gRPC/listar-musicas-playlist,149.300000,0.000000,540,590,620,640,710,740,750,760,810,810,810,15602,0,450.0,416.4969743549545,7.901824000327906,836.1885809999876,14583.0
1781108575,500,gRPC,gRPC/listar-playlists,148.100000,0.000000,550,610,650,680,710,740,750,760,810,810,810,15732,0,430.0,415.41417020200527,7.561612999779754,834.6240119999493,22473.0
1781108575,500,gRPC,gRPC/listar-playlists-musica,148.100000,0.000000,560,600,630,640,690,710,740,750,800,810,810,15497,0,440.0,417.61221380777255,7.265729999744508,836.3210429997707,16984.0
1781108575,500,gRPC,gRPC/listar-playlists-usuario,149.700000,0.000000,540,590,620,630,700,730,750,750,810,810,810,15648,0,450.0,415.4729044363524,6.021451000378875,836.136285000066,16978.0
1781108575,500,gRPC,gRPC/listar-usuarios,150.800000,0.000000,590,640,670,700,750,790,810,840,860,860,860,15919,0,490.0,462.3925394276723,4.838507999920694,894.7723739993307,15097.0
1781108575,500,,Aggregated,894.300000,0.000000,550,600,630,660,710,740,770,800,860,860,860,94221,0,450.0,422.974230180097,4.838507999920694,894.7723739993307,18424.14046762399
1781108576,500,gRPC,gRPC/listar-musicas,149.600000,0.000000,540,580,620,640,690,730,750,780,810,810,810,15964,0,440.0,411.1530750293108,6.210252999153454,837.3420830002942,24374.0
1781108576,500,gRPC,gRPC/listar-musicas-playlist,148.400000,0.000000,540,590,620,640,700,740,750,760,810,810,810,15717,0,450.0,417.7214766049497,7.901824000327906,836.1885809999876,14583.0
1781108576,500,gRPC,gRPC/listar-playlists,149.800000,0.000000,550,610,650,680,700,740,750,760,810,810,810,15901,0,430.0,417.636752770137,7.561612999779754,834.6240119999493,22473.0
1781108576,500,gRPC,gRPC/listar-playlists-musica,150.400000,0.000000,560,610,630,640,680,710,740,750,800,810,810,15641,0,440.0,419.0219095630751,7.265729999744508,836.3210429997707,16984.0
1781108576,500,gRPC,gRPC/listar-playlists-usuario,148.200000,0.000000,540,590,620,640,680,710,740,750,810,810,810,15810,0,450.0,417.20392539102085,6.021451000378875,836.136285000066,16978.0
1781108576,500,gRPC,gRPC/listar-usuarios,150.800000,0.000000,590,640,670,690,740,780,810,840,860,860,860,16073,0,490.0,463.80608030716814,4.838507999920694,894.7723739993307,15097.0
1781108576,500,,Aggregated,897.200000,0.000000,550,600,630,660,700,740,760,790,860,860,860,95106,0,450.0,424.5209452616124,4.838507999920694,894.7723739993307,18425.48025361176
1781108577,500,gRPC,gRPC/listar-musicas,153.900000,0.000000,540,600,630,650,710,740,760,780,810,810,810,16141,0,440.0,412.3974801406921,6.210252999153454,837.3420830002942,24374.0
1781108577,500,gRPC,gRPC/listar-musicas-playlist,156.100000,0.000000,540,590,620,660,710,740,750,760,810,810,810,15928,0,450.0,419.09178848901325,7.901824000327906,836.1885809999876,14583.0
1781108577,500,gRPC,gRPC/listar-playlists,153.000000,0.000000,560,620,670,680,710,750,760,760,810,810,810,16096,0,430.0,418.2868915513134,7.561612999779754,834.6240119999493,22473.0
1781108577,500,gRPC,gRPC/listar-playlists-musica,153.100000,0.000000,560,610,640,660,690,710,740,760,800,810,810,15825,0,440.0,419.8446390676181,7.265729999744508,836.3210429997707,16984.0
1781108577,500,gRPC,gRPC/listar-playlists-usuario,152.900000,0.000000,550,600,630,650,700,740,750,760,810,810,810,15991,0,450.0,417.95701946632687,6.021451000378875,836.136285000066,16978.0
1781108577,500,gRPC,gRPC/listar-usuarios,150.900000,0.000000,590,650,680,710,760,790,810,840,860,860,860,16225,0,490.0,464.8085622560933,4.838507999920694,894.7723739993307,15097.0
1781108577,500,,Aggregated,919.900000,0.000000,560,610,640,670,710,740,770,800,860,860,860,96206,0,450.0,425.4792692196929,4.838507999920694,894.7723739993307,18425.461915057273
1781108578,500,gRPC,gRPC/listar-musicas,150.700000,0.000000,540,590,620,650,710,740,760,780,810,810,810,16296,0,440.0,413.53735396360486,6.210252999153454,837.3420830002942,24374.0
1781108578,500,gRPC,gRPC/listar-musicas-playlist,148.500000,0.000000,540,590,610,660,710,740,750,760,810,810,810,16067,0,450.0,420.09384386201515,7.901824000327906,836.1885809999876,14583.0
1781108578,500,gRPC,gRPC/listar-playlists,149.200000,0.000000,550,610,670,680,710,750,760,760,810,810,810,16204,0,430.0,419.07000549512065,7.561612999779754,834.6240119999493,22473.0
1781108578,500,gRPC,gRPC/listar-playlists-musica,150.300000,0.000000,560,600,630,660,690,710,740,760,800,810,810,15953,0,440.0,421.0757038744477,7.265729999744508,836.3210429997707,16984.0
1781108578,500,gRPC,gRPC/listar-playlists-usuario,149.800000,0.000000,550,590,620,640,700,740,750,760,810,810,810,16130,0,460.0,419.22143363918417,6.021451000378875,836.136285000066,16978.0
1781108578,500,gRPC,gRPC/listar-usuarios,151.000000,0.000000,590,640,680,700,760,790,810,840,860,860,860,16372,0,490.0,465.9362094878521,4.838507999920694,894.7723739993307,15097.0
1781108578,500,,Aggregated,899.500000,0.000000,550,600,640,670,710,740,770,800,860,860,860,97022,0,450.0,426.57369389219764,4.838507999920694,894.7723739993307,18424.94725938447
1781108579,500,gRPC,gRPC/listar-musicas,157.100000,0.000000,540,590,620,650,710,740,760,780,810,810,810,16430,0,440.0,414.78629372403543,6.210252999153454,837.3420830002942,24374.0
1781108579,500,gRPC,gRPC/listar-musicas-playlist,155.500000,0.000000,540,590,610,640,710,740,750,760,810,810,810,16178,0,450.0,421.2360612677094,7.901824000327906,836.1885809999876,14583.0
1781108579,500,gRPC,gRPC/listar-playlists,154.200000,0.000000,550,600,650,680,730,750,760,760,810,810,810,16326,0,430.0,420.6026171922042,7.561612999779754,834.6240119999493,22473.0
1781108579,500,gRPC,gRPC/listar-playlists-musica,154.000000,0.000000,560,600,630,660,690,740,740,760,800,810,810,16119,0,440.0,422.9647961233365,7.265729999744508,836.3210429997707,16984.0
1781108579,500,gRPC,gRPC/listar-playlists-usuario,157.700000,0.000000,550,590,610,640,690,740,750,760,810,810,810,16260,0,460.0,420.5963027477884,6.021451000378875,836.136285000066,16978.0
1781108579,500,gRPC,gRPC/listar-usuarios,150.800000,0.000000,590,640,670,700,760,800,810,840,860,860,860,16520,0,490.0,467.2883883709505,4.838507999920694,894.7723739993307,15097.0
1781108579,500,,Aggregated,929.300000,0.000000,550,600,630,670,720,740,770,800,860,860,860,97833,0,450.0,428.00204164886935,4.838507999920694,894.7723739993307,18424.382447640368
1781108580,500,gRPC,gRPC/listar-musicas,149.600000,0.000000,540,590,630,660,710,740,760,780,810,810,810,16612,0,440.0,416.2466195329823,6.210252999153454,837.3420830002942,24374.0
1781108580,500,gRPC,gRPC/listar-musicas-playlist,148.800000,0.000000,550,600,620,670,730,740,750,760,810,810,810,16327,0,450.0,422.67029483046497,7.901824000327906,836.1885809999876,14583.0
1781108580,500,gRPC,gRPC/listar-playlists,148.500000,0.000000,560,620,670,680,740,750,760,760,810,810,810,16528,0,430.0,422.0664446372773,7.561612999779754,834.6240119999493,22473.0
1781108580,500,gRPC,gRPC/listar-playlists-musica,152.200000,0.000000,570,610,640,670,700,740,750,760,800,810,810,16263,0,440.0,423.72558347955834,7.265729999744508,836.3210429997707,16984.0
1781108580,500,gRPC,gRPC/listar-playlists-usuario,150.600000,0.000000,550,600,630,650,700,740,750,760,810,810,810,16431,0,460.0,421.64846663946435,6.021451000378875,836.136285000066,16978.0
1781108580,500,gRPC,gRPC/listar-usuarios,150.500000,0.000000,600,650,680,710,770,800,820,840,860,860,860,16675,0,490.0,468.74096133385916,4.838507999920694,894.7723739993307,15097.0
1781108580,500,,Aggregated,900.200000,0.000000,560,610,650,680,730,750,770,800,860,860,860,98836,0,450.0,429.26617420845645,4.838507999920694,894.7723739993307,18428.002529442714
1781108581,500,gRPC,gRPC/listar-musicas,150.500000,0.000000,540,590,620,660,710,740,760,780,810,810,810,16762,0,440.0,417.2421445107926,6.210252999153454,837.3420830002942,24374.0
1781108581,500,gRPC,gRPC/listar-musicas-playlist,150.500000,0.000000,540,590,610,670,730,740,750,760,810,810,810,16531,0,450.0,423.74145090744696,7.901824000327906,836.1885809999876,14583.0
1781108581,500,gRPC,gRPC/listar-playlists,153.200000,0.000000,550,620,670,680,730,750,760,760,810,810,810,16678,0,430.0,422.851463597369,7.561612999779754,834.6240119999493,22473.0
1781108581,500,gRPC,gRPC/listar-playlists-musica,154.000000,0.000000,560,600,630,670,690,740,750,760,800,810,810,16434,0,440.0,424.9307556009524,7.265729999744508,836.3210429997707,16984.0
1781108581,500,gRPC,gRPC/listar-playlists-usuario,152.400000,0.000000,550,590,620,640,700,740,750,760,810,810,810,16614,0,460.0,422.99959371692785,6.021451000378875,836.136285000066,16978.0
1781108581,500,gRPC,gRPC/listar-usuarios,150.700000,0.000000,600,650,680,710,770,800,820,840,860,860,860,16829,0,500.0,469.7297361431522,4.838507999920694,894.7723739993307,15097.0
1781108581,500,,Aggregated,911.300000,0.000000,550,600,640,670,730,750,770,800,860,860,860,99848,0,460.0,430.32517905446275,4.838507999920694,894.7723739993307,18424.887989744413
1781108582,500,gRPC,gRPC/listar-musicas,151.700000,0.000000,540,590,620,660,710,740,760,780,810,810,810,16915,0,440.0,418.1326627188241,6.210252999153454,837.3420830002942,24374.0
1781108582,500,gRPC,gRPC/listar-musicas-playlist,149.800000,0.000000,550,590,610,670,730,740,750,760,810,810,810,16643,0,450.0,424.5761357437965,7.901824000327906,836.1885809999876,14583.0
1781108582,500,gRPC,gRPC/listar-playlists,150.700000,0.000000,550,620,680,680,730,750,760,760,810,810,810,16811,0,430.0,424.0301179528832,7.561612999779754,834.6240119999493,22473.0
1781108582,500,gRPC,gRPC/listar-playlists-musica,148.700000,0.000000,560,600,630,670,690,740,750,760,800,810,810,16595,0,440.0,426.28165560229303,7.265729999744508,836.3210429997707,16984.0
1781108582,500,gRPC,gRPC/listar-playlists-usuario,149.300000,0.000000,550,590,620,650,700,740,750,760,810,810,810,16723,0,460.0,423.9227051407663,6.021451000378875,836.136285000066,16978.0
1781108582,500,gRPC,gRPC/listar-usuarios,150.500000,0.000000,600,650,680,710,770,800,820,840,860,860,860,16984,0,500.0,470.67399449794556,4.838507999920694,894.7723739993307,15097.0
1781108582,500,,Aggregated,900.700000,0.000000,550,600,640,680,730,750,770,800,860,860,860,100671,0,460.0,431.35198344429904,4.838507999920694,894.7723739993307,18426.00852281193
1781108583,500,gRPC,gRPC/listar-musicas,150.800000,0.000000,540,590,620,650,700,740,750,760,770,770,770,17083,0,440.0,419.6651879670965,6.210252999153454,837.3420830002942,24374.0
1781108583,500,gRPC,gRPC/listar-musicas-playlist,149.900000,0.000000,540,590,610,660,700,740,750,750,760,770,770,16810,0,450.0,426.05922410755477,7.901824000327906,836.1885809999876,14583.0
1781108583,500,gRPC,gRPC/listar-playlists,150.000000,0.000000,550,620,670,680,730,750,760,760,760,760,760,16984,0,430.0,425.5375099894556,7.561612999779754,834.6240119999493,22473.0
1781108583,500,gRPC,gRPC/listar-playlists-musica,148.600000,0.000000,560,600,630,660,690,730,740,750,760,770,770,16723,0,450.0,427.2032776111376,7.265729999744508,836.3210429997707,16984.0
1781108583,500,gRPC,gRPC/listar-playlists-usuario,151.400000,0.000000,540,590,620,640,690,740,750,750,760,770,770,16915,0,460.0,425.02816300455436,6.021451000378875,836.136285000066,16978.0
1781108583,500,gRPC,gRPC/listar-usuarios,150.600000,0.000000,600,640,680,710,760,790,810,820,820,820,820,17134,0,500.0,472.2892308888232,4.838507999920694,894.7723739993307,15097.0
1781108583,500,,Aggregated,901.300000,0.000000,550,600,640,680,720,740,760,780,820,820,820,101649,0,460.0,432.7066720155926,4.838507999920694,894.7723739993307,18426.94964042932
1781108584,500,gRPC,gRPC/listar-musicas,149.300000,0.000000,540,600,630,660,700,740,760,760,770,770,770,17188,0,450.0,420.3755475231504,6.210252999153454,837.3420830002942,24374.0
1781108584,500,gRPC,gRPC/listar-musicas-playlist,150.200000,0.000000,540,600,620,670,710,740,750,750,760,770,770,16937,0,460.0,426.9088445801495,7.901824000327906,836.1885809999876,14583.0
1781108584,500,gRPC,gRPC/listar-playlists,149.500000,0.000000,550,630,680,680,730,750,760,760,760,760,760,17114,0,430.0,426.2278764181322,7.561612999779754,834.6240119999493,22473.0
1781108584,500,gRPC,gRPC/listar-playlists-musica,149.900000,0.000000,560,610,640,670,690,730,740,750,760,770,770,16863,0,450.0,428.0533925306917,7.265729999744508,836.3210429997707,16984.0
1781108584,500,gRPC,gRPC/listar-playlists-usuario,148.400000,0.000000,550,600,630,660,700,740,750,750,760,770,770,17051,0,460.0,426.2267921657992,6.021451000378875,836.136285000066,16978.0
1781108584,500,gRPC,gRPC/listar-usuarios,150.500000,0.000000,600,650,680,710,760,790,810,820,820,820,820,17280,0,500.0,473.1263158455492,4.838507999920694,894.7723739993307,15097.0
1781108584,500,,Aggregated,897.800000,0.000000,550,610,650,680,720,740,760,790,820,820,820,102433,0,460.0,433.5703730026158,4.838507999920694,894.7723739993307,18424.772631866683
1781108585,500,gRPC,gRPC/listar-musicas,148.700000,0.000000,540,600,630,660,700,740,760,760,770,770,770,17375,0,450.0,421.6106025660952,6.210252999153454,837.3420830002942,24374.0
1781108585,500,gRPC,gRPC/listar-musicas-playlist,149.400000,0.000000,550,600,620,660,700,740,750,750,760,770,770,17116,0,460.0,428.2145945157735,7.901824000327906,836.1885809999876,14583.0
1781108585,500,gRPC,gRPC/listar-playlists,151.600000,0.000000,560,620,670,680,730,750,760,760,760,760,760,17285,0,440.0,427.68139933867093,7.561612999779754,834.6240119999493,22473.0
1781108585,500,gRPC,gRPC/listar-playlists-musica,148.300000,0.000000,570,610,640,660,690,730,740,750,760,770,770,17054,0,450.0,429.9183187034153,7.265729999744508,836.3210429997707,16984.0
1781108585,500,gRPC,gRPC/listar-playlists-usuario,150.100000,0.000000,550,600,630,660,690,740,750,750,760,770,770,17192,0,460.0,427.56864573487917,6.021451000378875,836.136285000066,16978.0
1781108585,500,gRPC,gRPC/listar-usuarios,150.500000,0.000000,600,650,680,710,760,790,810,820,820,820,820,17433,0,500.0,474.30478016308655,4.838507999920694,894.7723739993307,15097.0
1781108585,500,,Aggregated,898.600000,0.000000,560,610,650,680,720,740,760,780,820,820,820,103455,0,460.0,434.9564603364928,4.838507999920694,894.7723739993307,18426.01707022377
1781108586,500,gRPC,gRPC/listar-musicas,149.000000,0.000000,540,600,630,650,700,740,750,760,770,770,770,17480,0,450.0,422.7237925261956,6.210252999153454,837.3420830002942,24374.0
1781108586,500,gRPC,gRPC/listar-musicas-playlist,154.300000,0.000000,550,600,620,650,700,740,750,750,760,770,770,17224,0,460.0,429.2811801734777,7.901824000327906,836.1885809999876,14583.0
1781108586,500,gRPC,gRPC/listar-playlists,152.600000,0.000000,560,620,670,680,730,750,760,760,760,760,760,17410,0,440.0,429.2279353427876,7.561612999779754,834.6240119999493,22473.0
1781108586,500,gRPC,gRPC/listar-playlists-musica,151.900000,0.000000,570,610,640,660,680,730,740,750,760,770,770,17150,0,450.0,430.6522137714315,7.265729999744508,836.3210429997707,16984.0
1781108586,500,gRPC,gRPC/listar-playlists-usuario,150.300000,0.000000,560,600,630,670,690,740,750,750,760,770,770,17306,0,460.0,428.59102348717374,6.021451000378875,836.136285000066,16978.0
1781108586,500,gRPC,gRPC/listar-usuarios,150.700000,0.000000,600,650,680,700,750,790,810,810,820,820,820,17590,0,500.0,475.6782032703854,4.838507999920694,894.7723739993307,15097.0
1781108586,500,,Aggregated,908.800000,0.000000,560,610,650,670,720,740,760,780,820,820,820,104160,0,460.0,436.1181894120475,4.838507999920694,894.7723739993307,18424.953341013825
