Timestamp,User Count,Type,Name,Requests/s,Failures/s,50%,66%,75%,80%,90%,95%,98%,99%,99.9%,99.99%,100%,Total Request Count,Total Failure Count,Total Median Response Time,Total Average Response Time,Total Min Response Time,Total Max Response Time,Total Average Content Size
1780243575,0,,Aggregated,0.000000,0.000000,N/A,N/A,N/A,N/A,N/A,N/A,N/A,N/A,N/A,N/A,N/A,0,0,0,0.0,0,0,0
1780243576,10,GET,REST/listar-musicas,0.000000,0.000000,0,0,0,0,0,0,0,0,0,0,0,77,0,2,2.683289532470766,1.174911000020984,7.044260000043323,50889.0
1780243576,10,GET,REST/listar-musicas-playlist,0.000000,0.000000,0,0,0,0,0,0,0,0,0,0,0,70,0,44,44.64254888571629,42.5062810001009,48.151028999996015,300.0
1780243576,10,GET,REST/listar-playlists-musica,0.000000,0.000000,0,0,0,0,0,0,0,0,0,0,0,68,0,44,44.49502566177109,43.183034999970005,51.69332699995266,511.0
1780243576,10,GET,REST/listar-playlists-usuario,0.000000,0.000000,0,0,0,0,0,0,0,0,0,0,0,70,0,44,43.93416748571326,41.04165400008242,49.566480000066804,712.0
1780243576,10,GET,REST/listar-usuarios,0.000000,0.000000,0,0,0,0,0,0,0,0,0,0,0,77,0,2,3.556941831173437,0.9293570000181717,18.679939999969974,21998.0
1780243576,10,,Aggregated,0.000000,0.000000,0,0,0,0,0,0,0,0,0,0,0,362,0,43,26.81361797237878,0.9293570000181717,51.69332699995266,15795.267955801104
1780243577,20,GET,REST/listar-musicas,0.000000,0.000000,2,2,3,3,4,4,5,6,8,8,8,230,0,2,2.4465263130467894,1.174911000020984,7.782892000022912,50889.0
1780243577,20,GET,REST/listar-musicas-playlist,0.000000,0.000000,44,44,44,44,44,44,46,48,48,48,48,210,0,44,44.062594057144054,41.92698700001074,48.151028999996015,300.0
1780243577,20,GET,REST/listar-playlists-musica,0.000000,0.000000,44,44,44,44,44,45,47,48,48,48,48,210,0,44,44.06901234761908,42.202861000077974,51.69332699995266,511.0
1780243577,20,GET,REST/listar-playlists-usuario,0.000000,0.000000,44,44,45,45,46,46,48,49,49,49,49,218,0,44,43.76010451834823,40.71244800002205,49.566480000066804,712.0
1780243577,20,GET,REST/listar-usuarios,0.000000,0.000000,2,2,2,3,3,10,17,20,24,24,24,230,0,2,3.0358507869595006,0.8350240000254416,23.659177000013187,21998.0
1780243577,20,,Aggregated,0.000000,0.000000,43,44,44,44,44,45,46,48,49,49,49,1098,0,43,26.69242883697774,0.8350240000254416,51.69332699995266,15564.24043715847
1780243578,30,GET,REST/listar-musicas,60.000000,0.000000,2,3,3,3,4,5,5,7,8,8,8,443,0,2,2.5333675485336893,1.1684879999620534,7.782892000022912,50889.0
1780243578,30,GET,REST/listar-musicas-playlist,50.000000,0.000000,44,44,44,44,46,47,48,49,60,60,60,423,0,44,44.28593610402061,41.77091700000801,60.11890100000983,300.0
1780243578,30,GET,REST/listar-playlists-musica,50.000000,0.000000,44,44,44,44,45,47,48,48,61,61,61,413,0,44,44.15601305326929,42.202861000077974,60.78571400007604,511.0
1780243578,30,GET,REST/listar-playlists-usuario,60.000000,0.000000,44,44,45,45,46,48,51,54,63,63,63,434,0,44,44.079699306452255,40.68100899996807,62.81310700001086,712.0
1780243578,30,GET,REST/listar-usuarios,60.000000,0.000000,2,3,3,3,4,10,18,20,24,24,24,443,0,2,3.115432363433201,0.8350240000254416,23.659177000013187,21998.0
1780243578,30,,Aggregated,280.000000,0.000000,43,44,44,44,45,46,48,49,62,63,63,2156,0,43,27.181072459648618,0.8350240000254416,62.81310700001086,15276.387755102041
1780243579,40,GET,REST/listar-musicas,95.000000,0.000000,3,3,4,4,7,10,15,18,33,33,33,721,0,2,3.518887313455533,1.1684879999620534,33.0987270000378,50889.0
1780243579,40,GET,REST/listar-musicas-playlist,88.500000,0.000000,44,44,45,45,47,48,50,52,60,60,60,689,0,44,44.43702972278854,41.77091700000801,60.11890100000983,300.0
1780243579,40,GET,REST/listar-playlists-musica,85.000000,0.000000,44,44,45,45,47,49,52,55,63,63,63,683,0,44,44.6079824860894,41.798611999979585,63.239213999963795,511.0
1780243579,40,GET,REST/listar-playlists-usuario,95.000000,0.000000,44,45,46,46,48,51,56,62,74,74,74,703,0,44,44.7558426756761,40.68100899996807,74.21536399999695,712.0
1780243579,40,GET,REST/listar-usuarios,95.000000,0.000000,2,3,4,5,9,12,19,21,37,37,37,721,0,2,3.9710467198346717,0.8350240000254416,36.58260899999277,21998.0
1780243579,40,,Aggregated,458.500000,0.000000,43,44,44,44,46,48,51,54,63,74,74,3517,0,43,27.849862199602658,0.8350240000254416,74.21536399999695,15242.47256184248
1780243580,50,GET,REST/listar-musicas,130.666667,0.000000,3,4,5,5,7,9,14,18,33,33,33,1054,0,3,3.8290997210644,1.1684879999620534,33.0987270000378,50889.0
1780243580,50,GET,REST/listar-musicas-playlist,125.000000,0.000000,44,45,46,46,48,49,52,55,66,66,66,1018,0,44,44.90113911394977,41.77091700000801,65.59566700002506,300.0
1780243580,50,GET,REST/listar-playlists-musica,121.000000,0.000000,44,45,46,46,48,50,52,55,63,63,63,1009,0,44,44.9767095004943,41.75330099997154,63.239213999963795,511.0
1780243580,50,GET,REST/listar-playlists-usuario,127.666667,0.000000,45,45,46,47,49,51,55,60,74,74,74,1035,0,45,45.084605461835814,40.68100899996807,74.21536399999695,712.0
1780243580,50,GET,REST/listar-usuarios,131.000000,0.000000,3,4,5,6,8,12,19,22,37,37,37,1057,0,3,4.200498533585701,0.8350240000254416,36.58260899999277,21998.0
1780243580,50,,Aggregated,635.333333,0.000000,43,44,45,45,47,49,51,54,63,74,74,5173,0,43,28.26777966615138,0.8350240000254416,74.21536399999695,15164.66479798956
1780243581,50,GET,REST/listar-musicas,160.750000,0.000000,3,4,5,6,8,11,15,18,24,33,33,1370,0,3,4.2404383401487165,1.1684879999620534,33.0987270000378,50889.0
1780243581,50,GET,REST/listar-musicas-playlist,154.250000,0.000000,44,46,47,47,49,51,54,56,63,66,66,1336,0,44,45.42173288473177,41.77091700000801,65.59566700002506,300.0
1780243581,50,GET,REST/listar-playlists-musica,151.000000,0.000000,44,46,47,47,49,51,54,57,63,64,64,1320,0,44,45.489788406815606,41.75330099997154,63.71251100006248,511.0
1780243581,50,GET,REST/listar-playlists-usuario,157.750000,0.000000,45,46,47,47,49,52,56,60,67,74,74,1355,0,45,45.55183534243499,40.68100899996807,74.21536399999695,712.0
1780243581,50,GET,REST/listar-usuarios,161.000000,0.000000,3,4,6,6,9,12,18,21,36,37,37,1370,0,3,4.559674117518147,0.8350240000254416,36.58260899999277,21998.0
1780243581,50,,Aggregated,784.750000,0.000000,43,44,45,46,48,50,53,56,63,74,74,6751,0,43,28.811857026662814,0.8350240000254416,74.21536399999695,15093.359502295956
1780243582,50,GET,REST/listar-musicas,193.400000,0.000000,3,4,5,6,8,10,14,17,24,33,33,1711,0,3,4.235423282293378,1.1684879999620534,33.0987270000378,50889.0
1780243582,50,GET,REST/listar-musicas-playlist,186.800000,0.000000,44,46,47,47,49,51,53,56,63,66,66,1675,0,44,45.42979178328464,41.77091700000801,65.59566700002506,300.0
1780243582,50,GET,REST/listar-playlists-musica,183.400000,0.000000,44,46,47,47,49,51,54,57,63,64,64,1663,0,44,45.519692471435256,41.711499999905755,63.71251100006248,511.0
1780243582,50,GET,REST/listar-playlists-usuario,190.400000,0.000000,45,46,47,47,49,52,56,60,67,74,74,1685,0,45,45.551761579227254,40.68100899996807,74.21536399999695,712.0
1780243582,50,GET,REST/listar-usuarios,193.400000,0.000000,3,4,5,6,9,11,18,20,36,37,37,1713,0,3,4.496588486281527,0.8350240000254416,36.58260899999277,21998.0
1780243582,50,,Aggregated,947.400000,0.000000,43,44,45,46,48,50,52,55,63,74,74,8447,0,43,28.826605113176267,0.8350240000254416,74.21536399999695,15071.10997987451
1780243583,50,GET,REST/listar-musicas,213.000000,0.000000,3,4,5,6,8,10,13,16,24,33,33,2036,0,3,4.217520343322403,1.1580899999898975,33.0987270000378,50889.0
1780243583,50,GET,REST/listar-musicas-playlist,208.166667,0.000000,44,46,47,47,49,51,54,56,63,66,66,2016,0,44,45.46509565178655,41.408866999972815,65.59566700002506,300.0
1780243583,50,GET,REST/listar-playlists-musica,205.166667,0.000000,45,46,47,47,49,51,53,57,63,64,64,1996,0,44,45.50166292685097,41.711499999905755,63.71251100006248,511.0
1780243583,50,GET,REST/listar-playlists-usuario,211.500000,0.000000,45,46,47,47,49,51,55,59,67,74,74,2031,0,45,45.557933875429214,40.68100899996807,74.21536399999695,712.0
1780243583,50,GET,REST/listar-usuarios,213.000000,0.000000,3,5,5,6,8,11,17,20,36,37,37,2042,0,3,4.415817582272869,0.8350240000254416,36.58260899999277,21998.0
1780243583,50,,Aggregated,1050.833333,0.000000,43,44,45,46,48,50,52,55,63,74,74,10121,0,43,28.911282151862185,0.8350240000254416,74.21536399999695,14978.830945558739
1780243584,50,GET,REST/listar-musicas,231.714286,0.000000,4,5,5,6,8,10,14,18,24,33,33,2380,0,4,4.415424134876191,1.1580899999898975,33.0987270000378,50889.0
1780243584,50,GET,REST/listar-musicas-playlist,226.428571,0.000000,44,46,47,47,49,51,54,57,66,69,69,2339,0,44,45.48138384266801,41.408866999972815,69.42214399998647,300.0
1780243584,50,GET,REST/listar-playlists-musica,224.571429,0.000000,45,46,47,47,49,51,53,57,63,64,64,2333,0,45,45.50540027903771,41.711499999905755,64.11618499998895,511.0
1780243584,50,GET,REST/listar-playlists-usuario,229.285714,0.000000,45,46,47,48,49,51,55,59,66,74,74,2358,0,45,45.64956817175388,40.68100899996807,74.21536399999695,712.0
1780243584,50,GET,REST/listar-usuarios,231.714286,0.000000,4,5,6,6,8,11,17,20,32,37,37,2382,0,3,4.519468743493576,0.8350240000254416,36.58260899999277,21998.0
1780243584,50,,Aggregated,1143.714286,0.000000,43,44,45,46,48,50,52,55,64,69,74,11792,0,43,28.956989602781253,0.8350240000254416,74.21536399999695,15017.623388738128
1780243585,50,GET,REST/listar-musicas,244.000000,0.000000,4,5,6,6,8,10,14,17,24,33,33,2706,0,4,4.436702555802878,1.1580899999898975,33.0987270000378,50889.0
1780243585,50,GET,REST/listar-musicas-playlist,240.625000,0.000000,45,46,47,47,49,51,54,57,66,69,69,2681,0,44,45.504783221559826,41.408866999972815,69.42214399998647,300.0
1780243585,50,GET,REST/listar-playlists-musica,238.250000,0.000000,45,46,47,47,49,51,53,56,63,64,64,2660,0,45,45.48675964398282,41.495931999975255,64.11618499998895,511.0
1780243585,50,GET,REST/listar-playlists-usuario,241.625000,0.000000,45,46,47,48,49,51,55,58,66,74,74,2693,0,45,45.68407134088196,40.68100899996807,74.21536399999695,712.0
1780243585,50,GET,REST/listar-usuarios,244.375000,0.000000,4,5,6,6,8,11,16,20,32,37,37,2710,0,4,4.513242606273384,0.8350240000254416,36.58260899999277,21998.0
1780243585,50,,Aggregated,1208.875000,0.000000,43,44,45,46,48,50,52,55,64,69,74,13450,0,43,29.0153838788099,0.8350240000254416,74.21536399999695,14974.066171003717
1780243586,50,GET,REST/listar-musicas,253.555556,0.000000,4,5,6,6,8,10,14,17,24,33,33,3041,0,4,4.490001338704818,1.1580899999898975,33.0987270000378,50889.0
1780243586,50,GET,REST/listar-musicas-playlist,248.555556,0.000000,45,46,47,47,49,51,54,57,66,69,69,3007,0,45,45.54355452677156,41.408866999972815,69.42214399998647,300.0
1780243586,50,GET,REST/listar-playlists-musica,248.111111,0.000000,45,46,47,47,49,51,53,56,63,64,64,2994,0,45,45.51237017735329,41.495931999975255,64.11618499998895,511.0
1780243586,50,GET,REST/listar-playlists-usuario,250.555556,0.000000,45,46,47,48,50,51,55,59,67,74,74,3026,0,45,45.72816097719598,40.68100899996807,74.21536399999695,712.0
1780243586,50,GET,REST/listar-usuarios,253.666667,0.000000,4,5,6,6,8,10,15,19,32,37,37,3042,0,4,4.504475678829613,0.8350240000254416,36.58260899999277,21998.0
1780243586,50,,Aggregated,1254.444444,0.000000,43,44,46,46,48,50,52,55,64,69,74,15110,0,43,29.049876173129995,0.8350240000254416,74.21536399999695,14974.05102581072
1780243587,50,GET,REST/listar-musicas,260.400000,0.000000,4,5,6,6,8,10,14,18,27,33,33,3381,0,4,4.435345725820927,1.1580899999898975,33.0987270000378,50889.0
1780243587,50,GET,REST/listar-musicas-playlist,258.100000,0.000000,45,46,47,47,50,51,54,57,66,69,69,3344,0,45,45.50659726345778,41.408866999972815,69.42214399998647,300.0
1780243587,50,GET,REST/listar-playlists-musica,255.500000,0.000000,45,46,47,47,49,51,53,57,64,66,66,3334,0,45,45.53553743251248,41.495931999975255,65.69351600001028,511.0
1780243587,50,GET,REST/listar-playlists-usuario,258.800000,0.000000,45,46,47,48,50,51,55,59,67,74,74,3363,0,45,45.6976746984819,40.68100899996807,74.21536399999695,712.0
1780243587,50,GET,REST/listar-usuarios,260.400000,0.000000,4,5,6,6,8,10,15,18,32,37,37,3384,0,3,4.449794147458873,0.8350240000254416,36.58260899999277,21998.0
1780243587,50,,Aggregated,1293.200000,0.000000,43,45,46,46,48,50,52,55,65,69,74,16806,0,43,29.02087530370074,0.8350240000254416,74.21536399999695,14970.740866357253
1780243588,50,GET,REST/listar-musicas,287.200000,0.000000,4,5,6,6,8,10,13,16,27,28,28,3708,0,4,4.476444559870111,1.1580899999898975,33.0987270000378,50889.0
1780243588,50,GET,REST/listar-musicas-playlist,285.100000,0.000000,45,46,47,47,50,51,54,57,66,69,69,3681,0,45,45.53325005025897,41.408866999972815,69.42214399998647,300.0
1780243588,50,GET,REST/listar-playlists-musica,283.800000,0.000000,45,46,47,47,49,51,53,57,64,66,66,3666,0,45,45.5596195701025,41.495931999975255,65.69351600001028,511.0
1780243588,50,GET,REST/listar-playlists-usuario,285.900000,0.000000,45,46,47,48,49,51,54,59,66,67,67,3699,0,45,45.759177287643595,40.68100899996807,74.21536399999695,712.0
1780243588,50,GET,REST/listar-usuarios,287.600000,0.000000,4,5,6,6,8,10,13,16,28,32,32,3709,0,4,4.469285884335658,0.8350240000254416,36.58260899999277,21998.0
1780243588,50,,Aggregated,1429.600000,0.000000,43,45,46,46,48,50,52,54,64,67,69,18463,0,43,29.08887468661607,0.8350240000254416,74.21536399999695,14943.308671396848
1780243589,50,GET,REST/listar-musicas,308.300000,0.000000,4,5,6,7,9,11,16,20,28,37,37,4031,0,4,4.596675591168234,1.1580899999898975,37.377266999897074,50889.0
1780243589,50,GET,REST/listar-musicas-playlist,306.400000,0.000000,45,46,47,48,50,51,54,57,66,72,72,4008,0,45,45.560357510230574,41.408866999972815,71.62502599999243,300.0
1780243589,50,GET,REST/listar-playlists-musica,305.600000,0.000000,45,46,47,47,50,51,54,58,64,67,67,3984,0,45,45.61760316842247,41.495931999975255,66.59430299998803,511.0
1780243589,50,GET,REST/listar-playlists-usuario,307.100000,0.000000,45,46,47,48,50,52,55,60,67,73,73,4014,0,45,45.817715959390355,40.68100899996807,74.21536399999695,712.0
1780243589,50,GET,REST/listar-usuarios,308.500000,0.000000,4,5,6,6,8,11,14,18,29,30,30,4033,0,4,4.581906330027273,0.8350240000254416,36.58260899999277,21998.0
1780243589,50,,Aggregated,1535.900000,0.000000,43,45,46,46,48,50,52,56,66,72,73,20070,0,43,29.161274704633293,0.8350240000254416,74.21536399999695,14945.076482311908
1780243590,50,GET,REST/listar-musicas,321.300000,0.000000,4,5,6,6,8,10,15,19,28,37,37,4368,0,4,4.559834263506684,1.1580899999898975,37.377266999897074,50889.0
1780243590,50,GET,REST/listar-musicas-playlist,320.600000,0.000000,45,46,47,47,49,51,53,58,66,72,72,4337,0,45,45.54814951187539,41.23966999998174,71.62502599999243,300.0
1780243590,50,GET,REST/listar-playlists-musica,319.300000,0.000000,45,46,47,47,49,51,53,58,64,67,67,4320,0,45,45.572372588193474,41.495931999975255,66.59430299998803,511.0
1780243590,50,GET,REST/listar-playlists-usuario,320.900000,0.000000,45,46,47,48,49,51,54,60,67,73,73,4360,0,45,45.789309623851956,40.68100899996807,74.21536399999695,712.0
1780243590,50,GET,REST/listar-usuarios,321.300000,0.000000,4,5,6,6,8,10,13,17,28,30,30,4368,0,4,4.572057439789617,0.8350240000254416,36.58260899999277,21998.0
1780243590,50,,Aggregated,1603.400000,0.000000,43,45,46,46,48,50,52,54,66,72,73,21753,0,43,29.1428523391712,0.8350240000254416,74.21536399999695,14939.702845584517
1780243591,50,GET,REST/listar-musicas,327.200000,0.000000,4,5,6,7,9,11,17,20,28,37,37,4693,0,4,4.645866207968589,1.1580899999898975,37.377266999897074,50889.0
1780243591,50,GET,REST/listar-musicas-playlist,327.100000,0.000000,45,46,47,47,50,51,55,59,66,72,72,4667,0,45,45.58745430640742,41.23966999998174,71.62502599999243,300.0
1780243591,50,GET,REST/listar-playlists-musica,326.500000,0.000000,45,46,47,47,49,51,54,59,65,67,67,4646,0,45,45.63920062247008,41.495931999975255,66.59430299998803,511.0
1780243591,50,GET,REST/listar-playlists-usuario,327.600000,0.000000,45,46,47,48,50,52,56,60,67,73,73,4671,0,45,45.83982194733323,40.68100899996807,74.21536399999695,712.0
1780243591,50,GET,REST/listar-usuarios,327.100000,0.000000,4,5,6,6,8,11,14,18,28,30,30,4695,0,4,4.62954508753993,0.8350240000254416,36.58260899999277,21998.0
1780243591,50,,Aggregated,1635.500000,0.000000,43,45,46,46,48,50,53,56,66,72,73,23372,0,43,29.19959558257693,0.8350240000254416,74.21536399999695,14941.068158480233
1780243592,50,GET,REST/listar-musicas,329.400000,0.000000,4,5,6,7,9,11,17,20,28,37,37,5022,0,4,4.666137892273,1.1580899999898975,37.377266999897074,50889.0
1780243592,50,GET,REST/listar-musicas-playlist,328.700000,0.000000,45,46,47,48,50,51,55,59,67,72,72,4986,0,45,45.616964622343154,41.169365000087055,71.62502599999243,300.0
1780243592,50,GET,REST/listar-playlists-musica,329.400000,0.000000,45,46,47,47,50,51,54,58,65,67,67,4973,0,45,45.661758307057035,41.495931999975255,66.59430299998803,511.0
1780243592,50,GET,REST/listar-playlists-usuario,328.700000,0.000000,45,46,47,48,50,52,56,60,67,73,73,5008,0,45,45.8757137555897,40.68100899996807,74.21536399999695,712.0
1780243592,50,GET,REST/listar-usuarios,329.400000,0.000000,4,5,6,6,8,11,15,18,28,30,30,5023,0,4,4.642565312960618,0.8350240000254416,36.58260899999277,21998.0
1780243592,50,,Aggregated,1645.600000,0.000000,43,45,46,46,48,50,53,56,66,72,73,25012,0,43,29.226796506396344,0.8350240000254416,74.21536399999695,14939.35754837678
1780243593,50,GET,REST/listar-musicas,329.400000,0.000000,4,5,6,6,8,11,15,19,28,37,37,5357,0,4,4.624359653723351,1.1580899999898975,37.377266999897074,50889.0
1780243593,50,GET,REST/listar-musicas-playlist,330.400000,0.000000,45,46,47,47,49,51,55,58,64,72,72,5331,0,45,45.6002412901898,41.169365000087055,71.62502599999243,300.0
1780243593,50,GET,REST/listar-playlists-musica,329.300000,0.000000,45,46,47,47,49,51,54,59,65,67,67,5316,0,45,45.62639125357328,41.495931999975255,66.59430299998803,511.0
1780243593,50,GET,REST/listar-playlists-usuario,329.700000,0.000000,45,46,47,48,50,52,56,60,67,73,73,5340,0,45,45.856587856927455,40.68100899996807,74.21536399999695,712.0
1780243593,50,GET,REST/listar-usuarios,329.400000,0.000000,4,5,6,6,8,11,14,17,28,30,30,5365,0,4,4.5943470344828645,0.8350240000254416,36.58260899999277,21998.0
1780243593,50,,Aggregated,1648.200000,0.000000,43,45,46,46,48,50,53,56,65,72,73,26709,0,43,29.201405065071146,0.8350240000254416,74.21536399999695,14929.405780822943
1780243594,50,GET,REST/listar-musicas,328.900000,0.000000,4,5,6,6,8,11,15,19,28,37,37,5690,0,4,4.629348767661595,1.1580899999898975,37.377266999897074,50889.0
1780243594,50,GET,REST/listar-musicas-playlist,328.600000,0.000000,45,46,47,47,49,51,54,58,64,72,72,5656,0,45,45.60145276608946,41.169365000087055,71.62502599999243,300.0
1780243594,50,GET,REST/listar-playlists-musica,329.600000,0.000000,45,46,47,47,49,51,54,58,65,67,67,5640,0,45,45.62452873776537,41.495931999975255,66.59430299998803,511.0
1780243594,50,GET,REST/listar-playlists-usuario,328.200000,0.000000,45,46,47,48,50,52,56,60,67,73,73,5669,0,45,45.84545399558859,40.68100899996807,74.21536399999695,712.0
1780243594,50,GET,REST/listar-usuarios,329.500000,0.000000,4,5,6,6,8,11,14,17,28,30,30,5690,0,4,4.586902061159944,0.8350240000254416,36.58260899999277,21998.0
1780243594,50,,Aggregated,1644.800000,0.000000,43,45,46,46,48,50,52,56,65,72,73,28345,0,43,29.19677208830423,0.8350240000254416,74.21536399999695,14935.339495501852
1780243595,50,GET,REST/listar-musicas,329.000000,0.000000,4,5,6,6,8,10,15,19,28,37,37,6025,0,4,4.630415528795824,1.1580899999898975,37.377266999897074,50889.0
1780243595,50,GET,REST/listar-musicas-playlist,329.300000,0.000000,45,46,47,47,49,51,54,58,66,73,73,5991,0,45,45.625481020364205,41.169365000087055,73.16256900003282,300.0
1780243595,50,GET,REST/listar-playlists-musica,328.900000,0.000000,45,46,47,47,49,51,55,59,67,79,79,5978,0,45,45.66094734877824,41.495931999975255,79.01106199994956,511.0
1780243595,50,GET,REST/listar-playlists-usuario,329.800000,0.000000,45,46,47,48,50,52,56,60,70,73,73,6001,0,45,45.8780500416585,40.68100899996807,74.21536399999695,712.0
1780243595,50,GET,REST/listar-usuarios,328.800000,0.000000,4,5,6,6,8,10,13,17,28,30,30,6028,0,4,4.590180666887898,0.8350240000254416,36.58260899999277,21998.0
1780243595,50,,Aggregated,1645.800000,0.000000,43,45,46,46,48,50,53,56,66,73,79,30023,0,43,29.217114910734633,0.8350240000254416,79.01106199994956,14933.049295540086
1780243596,50,GET,REST/listar-musicas,329.300000,0.000000,4,5,6,7,8,11,15,19,29,37,37,6352,0,4,4.6467034392307935,1.1580899999898975,37.377266999897074,50889.0
1780243596,50,GET,REST/listar-musicas-playlist,330.400000,0.000000,45,46,47,47,49,51,55,58,68,82,82,6320,0,45,45.64665033670898,41.169365000087055,81.85738999998193,300.0
1780243596,50,GET,REST/listar-playlists-musica,329.500000,0.000000,45,46,47,47,49,51,54,58,67,79,79,6306,0,45,45.65681259086563,41.495931999975255,79.01106199994956,511.0
1780243596,50,GET,REST/listar-playlists-usuario,330.800000,0.000000,45,46,47,48,50,52,57,60,70,73,73,6343,0,45,45.879205660884885,40.68100899996807,74.21536399999695,712.0
1780243596,50,GET,REST/listar-usuarios,329.400000,0.000000,4,5,6,6,8,11,14,17,29,36,36,6353,0,4,4.609736177553995,0.8350240000254416,36.58260899999277,21998.0
1780243596,50,,Aggregated,1649.400000,0.000000,43,45,46,46,48,50,53,56,66,79,82,31674,0,43,29.24202835180238,0.8350240000254416,81.85738999998193,14921.85401275494
1780243597,50,GET,REST/listar-musicas,329.000000,0.000000,4,5,6,7,9,11,15,19,29,37,37,6670,0,4,4.692896596850724,1.1580899999898975,37.377266999897074,50889.0
1780243597,50,GET,REST/listar-musicas-playlist,329.100000,0.000000,45,46,47,48,50,52,57,60,68,82,82,6648,0,45,45.71971128218991,41.169365000087055,81.85738999998193,300.0
1780243597,50,GET,REST/listar-playlists-musica,329.800000,0.000000,45,46,47,48,50,51,55,59,67,79,79,6620,0,45,45.70532220241707,41.495931999975255,79.01106199994956,511.0
1780243597,50,GET,REST/listar-playlists-usuario,330.200000,0.000000,45,46,47,48,50,52,58,62,73,73,73,6659,0,45,45.94673335801062,40.68100899996807,74.21536399999695,712.0
1780243597,50,GET,REST/listar-usuarios,329.200000,0.000000,4,5,6,7,9,11,14,19,30,36,36,6670,0,4,4.667824166866742,0.8350240000254416,36.58260899999277,21998.0
1780243597,50,,Aggregated,1647.300000,0.000000,43,45,46,46,48,50,53,58,68,79,82,33267,0,43,29.30559348630753,0.8350240000254416,81.85738999998193,14917.928217152134
1780243598,50,GET,REST/listar-musicas,329.900000,0.000000,4,5,6,7,9,11,14,17,25,34,34,6997,0,4,4.744107978418585,1.1580899999898975,37.377266999897074,50889.0
1780243598,50,GET,REST/listar-musicas-playlist,329.400000,0.000000,45,46,47,48,50,52,57,60,68,82,82,6972,0,45,45.719592513625884,41.169365000087055,81.85738999998193,300.0
1780243598,50,GET,REST/listar-playlists-musica,329.400000,0.000000,45,46,47,48,50,51,55,59,67,79,79,6955,0,45,45.738686038965,41.495931999975255,79.01106199994956,511.0
1780243598,50,GET,REST/listar-playlists-usuario,328.900000,0.000000,45,46,47,48,50,52,56,61,73,73,73,6983,0,45,45.96050899455707,40.58283899996695,74.21536399999695,712.0
1780243598,50,GET,REST/listar-usuarios,329.600000,0.000000,4,5,6,7,9,11,14,16,30,36,36,7000,0,4,4.720145088428719,0.8350240000254416,36.58260899999277,21998.0
1780243598,50,,Aggregated,1647.200000,0.000000,43,45,46,46,48,50,53,57,68,79,82,34907,0,43,29.33644638207219,0.8350240000254416,81.85738999998193,14916.029277795285
1780243599,50,GET,REST/listar-musicas,327.400000,0.000000,4,5,6,7,9,11,15,18,25,34,34,7330,0,4,4.767906531649854,1.1580899999898975,37.377266999897074,50889.0
1780243599,50,GET,REST/listar-musicas-playlist,326.900000,0.000000,45,46,47,48,50,52,56,60,68,82,82,7294,0,45,45.71885041431318,41.169365000087055,81.85738999998193,300.0
1780243599,50,GET,REST/listar-playlists-musica,327.500000,0.000000,45,46,47,48,50,52,55,59,67,79,79,7285,0,45,45.75099411063861,41.495931999975255,79.01106199994956,511.0
1780243599,50,GET,REST/listar-playlists-usuario,326.400000,0.000000,45,47,48,48,50,52,57,61,73,73,73,7309,0,45,45.97488718648152,40.58283899996695,74.21536399999695,712.0
1780243599,50,GET,REST/listar-usuarios,327.300000,0.000000,4,5,6,7,9,11,15,17,30,36,36,7332,0,4,4.741050565739331,0.8350240000254416,36.58260899999277,21998.0
1780243599,50,,Aggregated,1635.500000,0.000000,43,45,46,46,48,50,53,57,68,79,82,36550,0,43,29.343635433351437,0.8350240000254416,81.85738999998193,14922.586839945281
1780243600,50,GET,REST/listar-musicas,326.700000,0.000000,4,5,6,7,9,11,13,16,24,34,34,7672,0,4,4.713606329248273,1.1580899999898975,37.377266999897074,50889.0
1780243600,50,GET,REST/listar-musicas-playlist,326.000000,0.000000,45,46,47,48,50,51,55,59,68,82,82,7643,0,45,45.6828811082036,41.169365000087055,81.85738999998193,300.0
1780243600,50,GET,REST/listar-playlists-musica,326.600000,0.000000,45,46,47,48,50,51,54,57,67,79,79,7628,0,45,45.716702342816575,41.495931999975255,79.01106199994956,511.0
1780243600,50,GET,REST/listar-playlists-usuario,327.200000,0.000000,45,46,47,48,50,51,55,61,73,73,73,7655,0,45,45.94177621724284,40.58283899996695,74.21536399999695,712.0
1780243600,50,GET,REST/listar-usuarios,326.600000,0.000000,4,5,6,6,8,11,14,16,30,36,36,7674,0,4,4.6895854064372475,0.8350240000254416,36.58260899999277,21998.0
1780243600,50,,Aggregated,1633.100000,0.000000,43,45,46,46,48,50,53,56,68,79,82,38272,0,43,29.30905698398287,0.8350240000254416,81.85738999998193,14916.237144648829
1780243601,50,GET,REST/listar-musicas,328.100000,0.000000,4,5,6,7,9,11,13,17,27,34,34,8001,0,4,4.70862534645578,1.1580899999898975,37.377266999897074,50889.0
1780243601,50,GET,REST/listar-musicas-playlist,329.000000,0.000000,45,46,47,48,50,52,56,60,67,82,82,7970,0,45,45.72161891869498,41.169365000087055,81.85738999998193,300.0
1780243601,50,GET,REST/listar-playlists-musica,328.600000,0.000000,45,46,47,48,50,51,54,58,67,79,79,7951,0,45,45.7438291974601,41.495931999975255,79.01106199994956,511.0
1780243601,50,GET,REST/listar-playlists-usuario,327.900000,0.000000,45,46,47,48,50,51,55,61,73,73,73,7985,0,45,45.945233977331625,40.58283899996695,74.21536399999695,712.0
1780243601,50,GET,REST/listar-usuarios,328.700000,0.000000,4,5,6,7,9,11,14,17,30,36,36,8001,0,4,4.692803950006338,0.8350240000254416,36.58260899999277,21998.0
1780243601,50,,Aggregated,1642.300000,0.000000,43,45,46,46,48,50,53,56,68,79,82,39908,0,43,29.32254229329941,0.8350240000254416,81.85738999998193,14917.013330660518
1780243602,50,GET,REST/listar-musicas,326.800000,0.000000,4,5,6,7,9,11,14,17,27,34,34,8332,0,4,4.714501494718292,1.1580899999898975,37.377266999897074,50889.0
1780243602,50,GET,REST/listar-musicas-playlist,327.600000,0.000000,45,46,47,48,50,52,56,60,67,82,82,8294,0,45,45.742966853388026,41.169365000087055,81.85738999998193,300.0
1780243602,50,GET,REST/listar-playlists-musica,326.800000,0.000000,45,47,47,48,50,52,55,58,67,79,79,8286,0,45,45.761536736302844,41.495931999975255,79.01106199994956,511.0
1780243602,50,GET,REST/listar-playlists-usuario,327.300000,0.000000,45,47,48,48,50,52,56,62,73,73,73,8310,0,45,45.94649685920481,40.58283899996695,74.21536399999695,712.0
1780243602,50,GET,REST/listar-usuarios,326.800000,0.000000,4,5,6,7,9,11,14,17,30,36,36,8334,0,4,4.696135719702474,0.8350240000254416,36.58260899999277,21998.0
1780243602,50,,Aggregated,1635.300000,0.000000,43,45,46,47,49,50,53,56,68,79,82,41556,0,43,29.329253800197073,0.8350240000254416,81.85738999998193,14919.08619693907
1780243603,50,GET,REST/listar-musicas,328.800000,0.000000,4,5,6,7,9,11,13,17,27,34,34,8656,0,4,4.704997298520625,1.1580899999898975,37.377266999897074,50889.0
1780243603,50,GET,REST/listar-musicas-playlist,327.300000,0.000000,45,46,47,48,50,52,56,61,68,82,82,8629,0,45,45.754914516398166,41.169365000087055,81.85738999998193,300.0
1780243603,50,GET,REST/listar-playlists-musica,329.100000,0.000000,45,47,47,48,50,52,54,58,67,79,79,8611,0,45,45.761083591337375,41.495931999975255,79.01106199994956,511.0
1780243603,50,GET,REST/listar-playlists-usuario,327.600000,0.000000,45,47,47,48,50,52,56,62,73,73,73,8645,0,45,45.96131854031144,40.58283899996695,74.21536399999695,712.0
1780243603,50,GET,REST/listar-usuarios,329.200000,0.000000,4,5,6,7,9,11,14,16,30,36,36,8658,0,4,4.68753152875957,0.8350240000254416,36.58260899999277,21998.0
1780243603,50,,Aggregated,1642.000000,0.000000,43,45,46,47,49,50,53,56,68,79,82,43199,0,43,29.341293815597375,0.8350240000254416,81.85738999998193,14910.021736614273
1780243604,50,GET,REST/listar-musicas,327.700000,0.000000,4,5,6,7,9,11,14,18,46,48,48,8975,0,4,4.7627955813920755,1.1580899999898975,47.922746999915944,50889.0
1780243604,50,GET,REST/listar-musicas-playlist,328.800000,0.000000,45,47,47,48,50,52,56,63,81,82,82,8939,0,45,45.80191058552413,14.147236999974666,82.36999500002185,300.0
1780243604,50,GET,REST/listar-playlists-musica,327.100000,0.000000,45,47,47,48,50,52,55,58,82,85,85,8931,0,45,45.81112188097707,14.546608000046035,85.47844200006693,511.0
1780243604,50,GET,REST/listar-playlists-usuario,329.100000,0.000000,46,47,48,48,50,52,57,63,75,83,83,8956,0,45,46.012770821906294,40.58283899996695,82.94049899996025,712.0
1780243604,50,GET,REST/listar-usuarios,327.200000,0.000000,4,5,6,7,9,11,14,18,30,36,36,8977,0,4,4.720887902974318,0.8350240000254416,36.58260899999277,21998.0
1780243604,50,,Aggregated,1639.900000,0.000000,43,45,46,47,49,51,53,57,75,83,85,44778,0,43,29.384480878377698,0.8350240000254416,85.47844200006693,14914.175130644513
1780243605,50,GET,REST/listar-musicas,326.900000,0.000000,4,5,6,7,9,11,14,18,46,48,48,9297,0,4,4.763912193502892,1.1580899999898975,47.922746999915944,50889.0
1780243605,50,GET,REST/listar-musicas-playlist,327.400000,0.000000,45,47,47,48,50,52,56,63,79,82,82,9270,0,45,45.81693482437983,14.147236999974666,82.36999500002185,300.0
1780243605,50,GET,REST/listar-playlists-musica,327.200000,0.000000,46,47,47,48,50,52,55,58,82,85,85,9251,0,45,45.827927254567804,14.546608000046035,85.47844200006693,511.0
1780243605,50,GET,REST/listar-playlists-usuario,326.400000,0.000000,46,47,48,48,50,52,57,64,75,83,83,9292,0,45,46.024806588139626,40.58283899996695,82.94049899996025,712.0
1780243605,50,GET,REST/listar-usuarios,327.200000,0.000000,4,5,6,7,9,11,14,16,29,32,32,9299,0,4,4.718044617700904,0.8350240000254416,36.58260899999277,21998.0
1780243605,50,,Aggregated,1635.100000,0.000000,43,45,46,47,49,51,53,57,73,83,85,46409,0,43,29.401685712555686,0.8350240000254416,85.47844200006693,14906.561227348144
1780243606,50,GET,REST/listar-musicas,327.300000,0.000000,4,5,6,7,9,11,14,18,46,48,48,9622,0,4,4.783120619725154,1.1580899999898975,47.922746999915944,50889.0
1780243606,50,GET,REST/listar-musicas-playlist,326.500000,0.000000,45,47,47,48,50,52,56,60,79,82,82,9598,0,45,45.85277321462827,14.147236999974666,82.36999500002185,300.0
1780243606,50,GET,REST/listar-playlists-musica,327.000000,0.000000,46,47,48,48,50,52,55,58,82,85,85,9577,0,45,45.862982812781276,14.546608000046035,85.47844200006693,511.0
1780243606,50,GET,REST/listar-playlists-usuario,326.500000,0.000000,46,47,48,48,50,51,55,62,75,83,83,9606,0,45,46.03737369987431,40.58283899996695,82.94049899996025,712.0
1780243606,50,GET,REST/listar-usuarios,327.100000,0.000000,4,5,6,7,9,11,14,16,24,27,27,9624,0,4,4.743386646820551,0.8350240000254416,36.58260899999277,21998.0
1780243606,50,,Aggregated,1634.400000,0.000000,43,45,46,47,49,51,53,56,70,83,85,48027,0,43,29.425807465904448,0.8350240000254416,85.47844200006693,14907.769150686072
1780243607,50,GET,REST/listar-musicas,326.000000,0.000000,4,5,6,7,9,11,14,18,46,48,48,9946,0,4,4.795397298511488,1.1580899999898975,47.922746999915944,50889.0
1780243607,50,GET,REST/listar-musicas-playlist,325.400000,0.000000,46,47,48,48,50,52,56,62,79,82,82,9911,0,45,45.88535293552631,14.147236999974666,82.36999500002185,300.0
1780243607,50,GET,REST/listar-playlists-musica,325.300000,0.000000,46,47,48,48,50,52,55,59,82,85,85,9898,0,45,45.89493321418545,14.546608000046035,85.47844200006693,511.0
1780243607,50,GET,REST/listar-playlists-usuario,325.300000,0.000000,46,47,48,48,50,52,57,64,77,83,83,9926,0,45,46.0666140634691,40.58283899996695,82.94049899996025,712.0
1780243607,50,GET,REST/listar-usuarios,325.900000,0.000000,4,5,6,7,9,11,14,16,30,42,42,9948,0,4,4.765901435162998,0.8350240000254416,42.157535999990614,21998.0
1780243607,50,,Aggregated,1627.900000,0.000000,43,45,46,47,49,51,53,57,76,83,85,49629,0,43,29.446517199621145,0.8350240000254416,85.47844200006693,14912.180136613673
1780243608,50,GET,REST/listar-musicas,324.500000,0.000000,4,5,6,7,9,10,14,17,46,48,48,10266,0,4,4.808575996590141,1.1580899999898975,47.922746999915944,50889.0
1780243608,50,GET,REST/listar-musicas-playlist,325.200000,0.000000,46,47,48,48,50,52,56,62,79,82,82,10236,0,45,45.911248331868066,14.147236999974666,82.36999500002185,300.0
1780243608,50,GET,REST/listar-playlists-musica,325.300000,0.000000,46,47,48,48,50,52,55,58,82,85,85,10217,0,45,45.919300079671885,14.546608000046035,85.47844200006693,511.0
1780243608,50,GET,REST/listar-playlists-usuario,325.200000,0.000000,46,47,48,48,50,52,56,63,77,83,83,10252,0,45,46.08531472756478,40.58283899996695,82.94049899996025,712.0
1780243608,50,GET,REST/listar-usuarios,324.600000,0.000000,4,5,6,7,9,11,13,15,30,42,42,10267,0,4,4.773588573487861,0.8350240000254416,42.157535999990614,21998.0
1780243608,50,,Aggregated,1624.800000,0.000000,44,45,46,47,49,51,53,57,76,83,85,51238,0,43,29.46927960675661,0.8350240000254416,85.47844200006693,14908.291717084976
1780243609,50,GET,REST/listar-musicas,324.700000,0.000000,4,5,6,7,9,10,13,17,46,48,48,10592,0,4,4.814887859044093,1.1580899999898975,47.922746999915944,50889.0
1780243609,50,GET,REST/listar-musicas-playlist,324.600000,0.000000,46,47,48,49,50,52,56,62,79,82,82,10559,0,45,45.929847541718125,14.147236999974666,82.36999500002185,300.0
1780243609,50,GET,REST/listar-playlists-musica,324.400000,0.000000,46,47,48,48,50,52,55,59,82,85,85,10545,0,45,45.93999291939381,14.546608000046035,85.47844200006693,511.0
1780243609,50,GET,REST/listar-playlists-usuario,325.200000,0.000000,46,47,48,48,50,52,57,63,77,83,83,10577,0,45,46.103611144274794,40.58283899996695,82.94049899996025,712.0
1780243609,50,GET,REST/listar-usuarios,324.700000,0.000000,4,5,6,7,9,11,13,16,30,42,42,10595,0,4,4.788735151580967,0.8350240000254416,42.157535999990614,21998.0
1780243609,50,,Aggregated,1623.600000,0.000000,44,45,46,47,49,51,53,57,76,83,85,52868,0,43,29.484457927952658,0.8350240000254416,85.47844200006693,14908.302129832791
1780243610,50,GET,REST/listar-musicas,324.200000,0.000000,4,5,6,7,9,10,13,18,46,48,48,10932,0,4,4.778663478869014,1.1440009999432732,47.922746999915944,50889.0
1780243610,50,GET,REST/listar-musicas-playlist,323.600000,0.000000,46,47,48,48,50,52,56,61,79,82,82,10905,0,45,45.91035217450727,14.147236999974666,82.36999500002185,300.0
1780243610,50,GET,REST/listar-playlists-musica,324.200000,0.000000,46,47,48,48,50,52,55,59,82,85,85,10888,0,45,45.926967007348125,14.546608000046035,85.47844200006693,511.0
1780243610,50,GET,REST/listar-playlists-usuario,323.300000,0.000000,46,47,48,48,50,52,57,64,77,83,83,10911,0,45,46.081641562917476,40.58283899996695,82.94049899996025,712.0
1780243610,50,GET,REST/listar-usuarios,324.200000,0.000000,4,5,6,7,8,10,13,16,30,42,42,10937,0,4,4.749717184511314,0.8350240000254416,42.157535999990614,21998.0
1780243610,50,,Aggregated,1619.500000,0.000000,44,45,46,47,49,51,53,57,76,83,85,54573,0,43,29.45943972898675,0.8350240000254416,85.47844200006693,14906.90586920272
1780243611,50,GET,REST/listar-musicas,324.400000,0.000000,4,5,6,7,8,10,13,17,46,48,48,11268,0,4,4.749877673766128,1.1440009999432732,47.922746999915944,50889.0
1780243611,50,GET,REST/listar-musicas-playlist,323.300000,0.000000,46,47,48,48,50,52,56,61,79,82,82,11242,0,45,45.89235363022615,14.147236999974666,82.36999500002185,300.0
1780243611,50,GET,REST/listar-playlists-musica,324.100000,0.000000,46,47,48,48,50,52,55,58,82,85,85,11218,0,45,45.927293055982005,14.546608000046035,85.47844200006693,511.0
1780243611,50,GET,REST/listar-playlists-usuario,323.700000,0.000000,46,47,48,48,50,51,56,64,77,83,83,11259,0,45,46.06975461133246,40.58283899996695,82.94049899996025,712.0
1780243611,50,GET,REST/listar-usuarios,324.000000,0.000000,4,5,6,7,8,10,13,16,30,42,42,11268,0,4,4.723951611998566,0.8350240000254416,42.157535999990614,21998.0
1780243611,50,,Aggregated,1619.500000,0.000000,44,45,46,47,49,51,53,57,76,83,85,56255,0,43,29.44777688337026,0.8350240000254416,85.47844200006693,14903.779610701271
1780243612,50,GET,REST/listar-musicas,324.100000,0.000000,4,5,6,7,9,11,14,18,46,48,48,11592,0,4,4.780417727915465,1.1440009999432732,47.922746999915944,50889.0
1780243612,50,GET,REST/listar-musicas-playlist,324.200000,0.000000,46,47,48,48,50,52,56,61,79,82,82,11570,0,45,45.88670202575647,14.147236999974666,82.36999500002185,300.0
1780243612,50,GET,REST/listar-playlists-musica,324.300000,0.000000,46,47,48,48,50,52,55,58,82,85,85,11552,0,45,45.934259344183396,14.546608000046035,85.47844200006693,511.0
1780243612,50,GET,REST/listar-playlists-usuario,324.300000,0.000000,46,47,48,48,50,52,56,64,77,83,83,11576,0,45,46.07895419160263,40.58283899996695,82.94049899996025,712.0
1780243612,50,GET,REST/listar-usuarios,324.300000,0.000000,4,5,6,7,9,11,14,18,30,42,42,11598,0,4,4.751573238747979,0.8350240000254416,42.157535999990614,21998.0
1780243612,50,,Aggregated,1621.200000,0.000000,44,45,46,47,49,51,53,57,76,83,85,57888,0,43,29.46163330619457,0.8350240000254416,85.47844200006693,14902.126105583195
1780243613,50,GET,REST/listar-musicas,325.000000,0.000000,4,5,6,7,9,11,15,18,46,48,48,11927,0,4,4.777871137921925,1.1440009999432732,47.922746999915944,50889.0
1780243613,50,GET,REST/listar-musicas-playlist,324.800000,0.000000,46,47,48,48,50,52,57,63,79,82,82,11889,0,45,45.901563916814204,14.147236999974666,82.36999500002185,300.0
1780243613,50,GET,REST/listar-playlists-musica,324.500000,0.000000,46,47,48,48,50,52,56,61,82,85,85,11877,0,45,45.94084989071353,14.546608000046035,85.47844200006693,511.0
1780243613,50,GET,REST/listar-playlists-usuario,325.300000,0.000000,46,47,48,48,50,52,57,65,77,83,83,11910,0,45,46.08326283593547,40.58283899996695,82.94049899996025,712.0
1780243613,50,GET,REST/listar-usuarios,324.600000,0.000000,4,5,6,7,9,11,14,18,31,42,42,11927,0,4,4.754082194600479,0.8350240000254416,42.157535999990614,21998.0
1780243613,50,,Aggregated,1624.200000,0.000000,44,45,46,47,49,51,53,58,76,83,85,59530,0,43,29.462496813908853,0.8350240000254416,85.47844200006693,14907.425096589956
1780243614,50,GET,REST/listar-musicas,323.400000,0.000000,4,5,6,7,9,11,14,17,28,36,36,12256,0,4,4.784849553769068,1.1440009999432732,47.922746999915944,50889.0
1780243614,50,GET,REST/listar-musicas-playlist,323.600000,0.000000,46,47,47,48,50,52,56,60,70,76,76,12223,0,45,45.90838369246542,14.147236999974666,82.36999500002185,300.0
1780243614,50,GET,REST/listar-playlists-musica,323.400000,0.000000,46,47,48,48,50,52,56,60,70,76,76,12208,0,45,45.95483884198916,14.546608000046035,85.47844200006693,511.0
1780243614,50,GET,REST/listar-playlists-usuario,323.800000,0.000000,46,47,48,48,50,52,56,62,72,77,77,12230,0,45,46.08422042477441,40.58283899996695,82.94049899996025,712.0
1780243614,50,GET,REST/listar-usuarios,323.400000,0.000000,4,5,6,7,9,11,14,17,31,42,42,12258,0,4,4.76026947723925,0.8350240000254416,42.157535999990614,21998.0
1780243614,50,,Aggregated,1617.600000,0.000000,43,45,46,47,49,51,53,57,70,76,77,61175,0,43,29.468890259648358,0.8350240000254416,85.47844200006693,14907.397073968124
1780243615,50,GET,REST/listar-musicas,324.900000,0.000000,4,5,6,7,9,11,14,17,27,36,36,12585,0,4,4.762071174572413,1.1440009999432732,47.922746999915944,50889.0
1780243615,50,GET,REST/listar-musicas-playlist,322.800000,0.000000,45,47,47,48,50,52,56,61,68,76,76,12555,0,45,45.907046915014234,14.147236999974666,82.36999500002185,300.0
1780243615,50,GET,REST/listar-playlists-musica,325.100000,0.000000,46,47,47,48,50,52,55,61,70,76,76,12535,0,45,45.94717596920657,14.546608000046035,85.47844200006693,511.0
1780243615,50,GET,REST/listar-playlists-usuario,323.800000,0.000000,46,47,48,48,50,51,55,60,72,77,77,12583,0,45,46.06787561265112,40.58283899996695,82.94049899996025,712.0
1780243615,50,GET,REST/listar-usuarios,325.000000,0.000000,4,5,6,6,9,11,14,17,31,42,42,12585,0,4,4.74140276535552,0.8350240000254416,42.157535999990614,21998.0
1780243615,50,,Aggregated,1621.600000,0.000000,43,45,46,47,49,50,53,57,69,76,77,62843,0,43,29.463649462310645,0.8350240000254416,85.47844200006693,14900.846172206928
1780243616,50,GET,REST/listar-musicas,324.200000,0.000000,4,5,6,7,9,11,14,16,26,31,31,12917,0,4,4.7829649212661,1.1440009999432732,47.922746999915944,50889.0
1780243616,50,GET,REST/listar-musicas-playlist,325.000000,0.000000,45,47,47,48,50,52,55,59,68,70,70,12886,0,45,45.911055773553045,14.147236999974666,82.36999500002185,300.0
1780243616,50,GET,REST/listar-playlists-musica,324.500000,0.000000,45,47,47,48,50,52,54,58,67,74,74,12869,0,45,45.950726737975266,14.546608000046035,85.47844200006693,511.0
1780243616,50,GET,REST/listar-playlists-usuario,325.000000,0.000000,46,47,47,48,50,51,54,59,68,72,72,12897,0,45,46.082574120337114,40.58283899996695,82.94049899996025,712.0
1780243616,50,GET,REST/listar-usuarios,324.400000,0.000000,4,5,6,7,9,11,13,16,29,31,31,12919,0,4,4.761852593312109,0.8350240000254416,42.157535999990614,21998.0
1780243616,50,,Aggregated,1623.100000,0.000000,43,45,46,47,49,50,53,55,67,72,74,64488,0,43,29.47178788394725,0.8350240000254416,85.47844200006693,14904.321703262622
1780243617,50,GET,REST/listar-musicas,326.600000,0.000000,4,5,6,6,9,11,14,17,33,34,34,13253,0,4,4.769931404813521,1.1440009999432732,47.922746999915944,50889.0
1780243617,50,GET,REST/listar-musicas-playlist,325.600000,0.000000,45,46,47,48,50,52,55,60,70,76,76,13225,0,45,45.90917100756195,14.147236999974666,82.36999500002185,300.0
1780243617,50,GET,REST/listar-playlists-musica,326.500000,0.000000,45,46,47,48,50,52,54,59,70,74,74,13206,0,45,45.93757353134979,14.546608000046035,85.47844200006693,511.0
1780243617,50,GET,REST/listar-playlists-usuario,325.700000,0.000000,45,46,47,48,50,51,54,60,70,72,72,13240,0,45,46.07675355792958,40.58283899996695,82.94049899996025,712.0
1780243617,50,GET,REST/listar-usuarios,326.600000,0.000000,4,5,6,6,8,11,14,16,30,31,31,13256,0,4,4.7437125652534124,0.8350240000254416,42.157535999990614,21998.0
1780243617,50,,Aggregated,1631.000000,0.000000,43,45,46,47,48,50,53,56,69,74,76,66180,0,43,29.464417564369754,0.8350240000254416,85.47844200006693,14901.481580537928
1780243618,50,GET,REST/listar-musicas,326.200000,0.000000,4,5,6,6,9,11,14,17,34,37,37,13582,0,4,4.773064378515165,1.1440009999432732,47.922746999915944,50889.0
1780243618,50,GET,REST/listar-musicas-playlist,326.300000,0.000000,45,46,47,48,50,52,55,60,71,76,76,13549,0,45,45.9139083505799,14.147236999974666,82.36999500002185,300.0
1780243618,50,GET,REST/listar-playlists-musica,325.500000,0.000000,45,46,47,48,50,52,56,61,70,75,75,13535,0,45,45.94614939615861,14.546608000046035,85.47844200006693,511.0
1780243618,50,GET,REST/listar-playlists-usuario,327.500000,0.000000,45,46,47,48,50,52,55,62,72,73,73,13568,0,45,46.082408014444816,40.58283899996695,82.94049899996025,712.0
1780243618,50,GET,REST/listar-usuarios,326.200000,0.000000,4,5,6,6,8,11,14,17,30,32,32,13584,0,4,4.742247815076486,0.8350240000254416,42.157535999990614,21998.0
1780243618,50,,Aggregated,1631.700000,0.000000,43,45,46,46,48,50,53,57,70,75,76,67818,0,43,29.468006177828702,0.8350240000254416,85.47844200006693,14902.190141260433
1780243619,50,GET,REST/listar-musicas,327.100000,0.000000,4,5,6,7,9,11,14,17,34,37,37,13897,0,4,4.788337062674779,1.1440009999432732,47.922746999915944,50889.0
1780243619,50,GET,REST/listar-musicas-playlist,327.900000,0.000000,45,46,47,48,50,52,55,61,71,76,76,13874,0,45,45.93076748118846,14.147236999974666,82.36999500002185,300.0
1780243619,50,GET,REST/listar-playlists-musica,327.400000,0.000000,45,47,47,48,50,52,55,61,70,75,75,13854,0,45,45.96380044478172,14.546608000046035,85.47844200006693,511.0
1780243619,50,GET,REST/listar-playlists-usuario,326.900000,0.000000,45,46,47,48,50,52,55,62,72,73,73,13884,0,45,46.09192103334688,40.58283899996695,82.94049899996025,712.0
1780243619,50,GET,REST/listar-usuarios,327.200000,0.000000,4,5,6,6,9,11,14,16,30,32,32,13901,0,4,4.753308343931972,0.8350240000254416,42.157535999990614,21998.0
1780243619,50,,Aggregated,1636.500000,0.000000,43,45,46,47,49,50,53,57,70,75,76,69410,0,43,29.485455272611734,0.8350240000254416,85.47844200006693,14898.798919464054
1780243620,50,GET,REST/listar-musicas,327.500000,0.000000,4,5,6,7,9,12,15,17,34,37,37,14225,0,4,4.803525316062645,1.1440009999432732,47.922746999915944,50889.0
1780243620,50,GET,REST/listar-musicas-playlist,328.400000,0.000000,45,47,47,48,50,52,55,61,71,76,76,14187,0,45,45.945368660182424,14.147236999974666,82.36999500002185,300.0
1780243620,50,GET,REST/listar-playlists-musica,328.800000,0.000000,45,47,47,48,50,52,55,61,70,75,75,14175,0,45,45.97557552670214,14.546608000046035,85.47844200006693,511.0
1780243620,50,GET,REST/listar-playlists-usuario,328.000000,0.000000,46,47,48,48,50,52,55,61,72,73,73,14208,0,45,46.10268967834932,40.58283899996695,82.94049899996025,712.0
1780243620,50,GET,REST/listar-usuarios,328.100000,0.000000,4,5,6,7,9,11,14,16,30,32,32,14225,0,4,4.771148758312758,0.8350240000254416,42.157535999990614,21998.0
1780243620,50,,Aggregated,1640.800000,0.000000,43,45,46,47,49,51,53,57,70,75,76,71020,0,43,29.495317965798087,0.8350240000254416,85.47844200006693,14903.311686848774
1780243621,50,GET,REST/listar-musicas,328.800000,0.000000,4,5,6,7,9,11,14,16,34,37,37,14548,0,4,4.807845624346506,1.1440009999432732,47.922746999915944,50889.0
1780243621,50,GET,REST/listar-musicas-playlist,328.300000,0.000000,45,46,47,48,50,52,55,62,71,76,76,14528,0,45,45.93549292786396,14.147236999974666,82.36999500002185,300.0
1780243621,50,GET,REST/listar-playlists-musica,328.400000,0.000000,45,46,47,48,50,52,56,61,70,75,75,14502,0,45,45.9707205208939,14.546608000046035,85.47844200006693,511.0
1780243621,50,GET,REST/listar-playlists-usuario,328.700000,0.000000,46,47,47,48,50,52,55,60,72,73,73,14545,0,45,46.09611392285928,40.58283899996695,82.94049899996025,712.0
1780243621,50,GET,REST/listar-usuarios,328.800000,0.000000,4,5,6,7,9,11,14,15,30,32,32,14551,0,4,4.768001787849518,0.8350240000254416,42.157535999990614,21998.0
1780243621,50,,Aggregated,1643.000000,0.000000,43,45,46,47,49,50,53,56,70,75,76,72674,0,43,29.49899468057336,0.8350240000254416,85.47844200006693,14895.988001210886
1780243622,50,GET,REST/listar-musicas,326.600000,0.000000,4,5,6,7,9,11,14,17,34,37,37,14884,0,4,4.824632657954316,1.1440009999432732,47.922746999915944,50889.0
1780243622,50,GET,REST/listar-musicas-playlist,327.100000,0.000000,45,46,47,48,50,52,55,62,71,76,76,14851,0,45,45.93860993502179,14.147236999974666,82.36999500002185,300.0
1780243622,50,GET,REST/listar-playlists-musica,327.100000,0.000000,45,46,47,48,50,52,56,61,70,75,75,14842,0,45,45.98005606084113,14.546608000046035,85.47844200006693,511.0
1780243622,50,GET,REST/listar-playlists-usuario,326.500000,0.000000,46,47,48,48,50,52,55,59,70,73,73,14866,0,45,46.10287310897278,40.58283899996695,82.94049899996025,712.0
1780243622,50,GET,REST/listar-usuarios,326.800000,0.000000,4,5,6,7,9,11,13,15,28,32,32,14889,0,4,4.7815612417889986,0.8350240000254416,42.157535999990614,21998.0
1780243622,50,,Aggregated,1634.100000,0.000000,43,45,46,47,49,50,53,56,70,75,76,74332,0,43,29.503283883764528,0.8350240000254416,85.47844200006693,14900.503847602648
1780243623,50,GET,REST/listar-musicas,326.500000,0.000000,4,5,6,7,9,11,14,16,34,37,37,15212,0,4,4.811702069089713,1.1440009999432732,47.922746999915944,50889.0
1780243623,50,GET,REST/listar-musicas-playlist,326.600000,0.000000,45,47,47,48,50,52,55,62,71,76,76,15191,0,45,45.937041753999644,14.147236999974666,82.36999500002185,300.0
1780243623,50,GET,REST/listar-playlists-musica,326.500000,0.000000,45,47,47,48,50,52,56,62,70,75,75,15164,0,45,45.98346003270926,14.546608000046035,85.47844200006693,511.0
1780243623,50,GET,REST/listar-playlists-usuario,325.700000,0.000000,46,47,48,48,50,52,56,61,70,73,73,15202,0,45,46.10986736093868,40.58283899996695,82.94049899996025,712.0
1780243623,50,GET,REST/listar-usuarios,326.500000,0.000000,4,5,6,7,9,11,14,15,28,32,32,15213,0,4,4.77513886761298,0.8350240000254416,42.157535999990614,21998.0
1780243623,50,,Aggregated,1631.800000,0.000000,43,45,46,47,49,51,53,57,70,75,76,75982,0,43,29.505998687978558,0.8350240000254416,85.47844200006693,14897.067331736464
1780243624,50,GET,REST/listar-musicas,327.300000,0.000000,4,5,6,7,9,11,14,16,34,37,37,15549,0,4,4.819622951700569,1.1440009999432732,47.922746999915944,50889.0
1780243624,50,GET,REST/listar-musicas-playlist,325.600000,0.000000,45,46,47,48,50,52,55,62,71,76,76,15512,0,45,45.92891618192421,14.147236999974666,82.36999500002185,300.0
1780243624,50,GET,REST/listar-playlists-musica,327.300000,0.000000,45,46,47,48,50,52,56,61,70,75,75,15506,0,45,45.9754316807045,14.546608000046035,85.47844200006693,511.0
1780243624,50,GET,REST/listar-playlists-usuario,325.300000,0.000000,46,47,48,48,50,52,55,61,70,73,73,15525,0,45,46.10913534454047,40.58283899996695,82.94049899996025,712.0
1780243624,50,GET,REST/listar-usuarios,327.300000,0.000000,4,5,6,7,9,11,13,15,28,32,32,15551,0,4,4.782599537071313,0.8350240000254416,42.157535999990614,21998.0
1780243624,50,,Aggregated,1632.800000,0.000000,43,45,46,47,49,50,53,56,70,75,76,77643,0,43,29.5004474370643,0.8350240000254416,85.47844200006693,14901.471156446814
1780243625,50,GET,REST/listar-musicas,325.400000,0.000000,4,5,6,7,9,11,14,16,34,37,37,15868,0,4,4.828338828837456,1.1260910000601143,47.922746999915944,50889.0
1780243625,50,GET,REST/listar-musicas-playlist,327.100000,0.000000,45,47,47,48,50,52,55,61,71,76,76,15839,0,45,45.93433657219569,14.147236999974666,82.36999500002185,300.0
1780243625,50,GET,REST/listar-playlists-musica,325.100000,0.000000,45,46,47,48,50,52,55,60,70,75,75,15818,0,45,45.975940102478496,14.546608000046035,85.47844200006693,511.0
1780243625,50,GET,REST/listar-playlists-usuario,326.700000,0.000000,46,47,48,48,50,52,56,61,70,73,73,15858,0,45,46.113280356601884,40.58283899996695,82.94049899996025,712.0
1780243625,50,GET,REST/listar-usuarios,324.900000,0.000000,4,5,6,7,9,11,13,15,28,32,32,15868,0,4,4.791435917884805,0.8350240000254416,42.157535999990614,21998.0
1780243625,50,,Aggregated,1629.200000,0.000000,43,45,46,47,49,50,53,56,70,75,76,79251,0,43,29.51019372732189,0.8350240000254416,85.47844200006693,14898.190685291038
1780243626,50,GET,REST/listar-musicas,326.300000,0.000000,4,5,6,7,9,11,13,15,33,37,37,16209,0,4,4.82208765741215,1.1260910000601143,47.922746999915944,50889.0
1780243626,50,GET,REST/listar-musicas-playlist,325.700000,0.000000,45,46,47,48,50,52,55,62,73,79,79,16169,0,45,45.92999452446085,14.147236999974666,82.36999500002185,300.0
1780243626,50,GET,REST/listar-playlists-musica,326.100000,0.000000,45,47,47,48,50,52,55,58,70,75,75,16160,0,45,45.97716724764884,14.546608000046035,85.47844200006693,511.0
1780243626,50,GET,REST/listar-playlists-usuario,325.500000,0.000000,46,47,48,48,50,51,55,60,73,76,76,16184,0,45,46.10616250488094,40.58283899996695,82.94049899996025,712.0
1780243626,50,GET,REST/listar-usuarios,326.200000,0.000000,4,5,6,7,9,11,13,16,27,32,32,16210,0,4,4.786353318815389,0.8350240000254416,42.157535999990614,21998.0
1780243626,50,,Aggregated,1629.800000,0.000000,43,45,46,47,48,50,53,56,70,76,79,80932,0,43,29.500855586220275,0.8350240000254416,85.47844200006693,14902.372967429446
1780243627,50,GET,REST/listar-musicas,325.000000,0.000000,4,5,6,7,9,11,13,15,27,33,33,16535,0,4,4.820632804837819,1.1260910000601143,47.922746999915944,50889.0
1780243627,50,GET,REST/listar-musicas-playlist,325.900000,0.000000,45,46,47,48,50,51,55,61,73,79,79,16510,0,45,45.91092258346499,14.147236999974666,82.36999500002185,300.0
1780243627,50,GET,REST/listar-playlists-musica,325.200000,0.000000,45,46,47,48,50,51,54,57,70,74,74,16489,0,45,45.95753372357373,14.546608000046035,85.47844200006693,511.0
1780243627,50,GET,REST/listar-playlists-usuario,326.200000,0.000000,46,47,48,48,50,51,54,58,69,76,76,16523,0,45,46.10291516758417,40.58283899996695,82.94049899996025,712.0
1780243627,50,GET,REST/listar-usuarios,325.100000,0.000000,4,5,6,7,8,10,13,15,27,28,28,16535,0,4,4.78404280296329,0.8350240000254416,42.157535999990614,21998.0
1780243627,50,,Aggregated,1627.400000,0.000000,43,45,46,47,48,50,53,55,68,76,79,82592,0,43,29.49867885400505,0.8350240000254416,85.47844200006693,14896.476656334755
1780243628,50,GET,REST/listar-musicas,327.200000,0.000000,4,5,6,7,9,11,14,16,27,33,33,16874,0,4,4.8197767387100665,1.1260910000601143,47.922746999915944,50889.0
1780243628,50,GET,REST/listar-musicas-playlist,326.100000,0.000000,45,46,47,48,50,52,57,63,73,79,79,16836,0,45,45.92463540342163,14.147236999974666,82.36999500002185,300.0
1780243628,50,GET,REST/listar-playlists-musica,327.600000,0.000000,45,46,47,48,50,52,54,57,70,74,74,16828,0,45,45.95111642738335,14.546608000046035,85.47844200006693,511.0
1780243628,50,GET,REST/listar-playlists-usuario,325.400000,0.000000,46,47,48,48,50,51,54,58,69,76,76,16852,0,45,46.10674866662676,40.58283899996695,82.94049899996025,712.0
1780243628,50,GET,REST/listar-usuarios,327.400000,0.000000,4,5,6,7,9,11,14,16,27,28,28,16876,0,4,4.783907530694357,0.8350240000254416,42.157535999990614,21998.0
1780243628,50,,Aggregated,1633.700000,0.000000,43,45,46,47,49,50,53,56,69,76,79,84266,0,43,29.49594870527841,0.8350240000254416,85.47844200006693,14900.289155768638
1780243629,50,GET,REST/listar-musicas,326.200000,0.000000,4,5,6,7,9,11,13,14,26,28,28,17197,0,4,4.825572588358071,1.1260910000601143,47.922746999915944,50889.0
1780243629,50,GET,REST/listar-musicas-playlist,327.500000,0.000000,45,46,47,48,50,52,57,62,73,79,79,17169,0,45,45.92345646630595,14.147236999974666,82.36999500002185,300.0
1780243629,50,GET,REST/listar-playlists-musica,326.400000,0.000000,45,46,47,48,50,51,54,56,69,74,74,17152,0,45,45.94691210092153,14.546608000046035,85.47844200006693,511.0
1780243629,50,GET,REST/listar-playlists-usuario,327.300000,0.000000,46,47,48,48,50,51,53,57,68,76,76,17189,0,45,46.10767213991473,40.58283899996695,82.94049899996025,712.0
1780243629,50,GET,REST/listar-usuarios,326.100000,0.000000,4,5,6,6,8,10,13,16,27,28,28,17200,0,4,4.7805462294766174,0.8350240000254416,42.157535999990614,21998.0
1780243629,50,,Aggregated,1633.500000,0.000000,43,45,46,46,48,50,52,55,67,76,79,85907,0,43,29.50046915602904,0.8350240000254416,85.47844200006693,14895.848685206094
1780243630,50,GET,REST/listar-musicas,327.000000,0.000000,4,5,6,7,9,11,13,15,26,27,27,17521,0,4,4.841085583014271,1.1260910000601143,47.922746999915944,50889.0
1780243630,50,GET,REST/listar-musicas-playlist,326.700000,0.000000,45,46,47,48,50,52,57,62,73,79,79,17487,0,45,45.94351248138658,14.147236999974666,82.36999500002185,300.0
1780243630,50,GET,REST/listar-playlists-musica,325.900000,0.000000,45,47,47,48,50,51,54,56,70,74,74,17479,0,45,45.959951109331605,14.546608000046035,85.47844200006693,511.0
1780243630,50,GET,REST/listar-playlists-usuario,325.900000,0.000000,46,47,48,48,50,51,54,58,68,76,76,17499,0,45,46.12414742899552,40.58283899996695,82.94049899996025,712.0
1780243630,50,GET,REST/listar-usuarios,326.500000,0.000000,4,5,6,7,8,10,13,15,27,28,28,17523,0,4,4.790708738115507,0.8350240000254416,42.157535999990614,21998.0
1780243630,50,,Aggregated,1632.100000,0.000000,43,45,46,47,49,50,53,56,69,76,79,87509,0,43,29.512883175215975,0.8350240000254416,85.47844200006693,14898.287947525398
1780243631,50,GET,REST/listar-musicas,325.900000,0.000000,4,5,6,7,9,10,13,14,26,29,29,17848,0,4,4.840287530143075,1.1260910000601143,47.922746999915944,50889.0
1780243631,50,GET,REST/listar-musicas-playlist,327.000000,0.000000,45,46,47,48,50,52,56,60,73,79,79,17820,0,45,45.95668201200943,14.147236999974666,82.36999500002185,300.0
1780243631,50,GET,REST/listar-playlists-musica,326.400000,0.000000,45,46,47,48,50,51,53,56,70,74,74,17804,0,45,45.97446542456795,14.546608000046035,85.47844200006693,511.0
1780243631,50,GET,REST/listar-playlists-usuario,327.100000,0.000000,46,47,48,48,50,51,55,60,69,76,76,17831,0,45,46.132872930962336,40.58283899996695,82.94049899996025,712.0
1780243631,50,GET,REST/listar-usuarios,326.000000,0.000000,4,5,6,6,8,10,13,16,27,31,31,17851,0,4,4.790835015909295,0.8350240000254416,42.157535999990614,21998.0
1780243631,50,,Aggregated,1632.400000,0.000000,43,45,46,47,49,50,52,56,69,76,79,89154,0,43,29.521764147564635,0.8350240000254416,85.47844200006693,14896.613567534827
1780243632,50,GET,REST/listar-musicas,327.300000,0.000000,4,5,6,7,9,10,13,14,26,29,29,18188,0,4,4.823775975752949,1.1260910000601143,47.922746999915944,50889.0
1780243632,50,GET,REST/listar-musicas-playlist,327.000000,0.000000,45,46,47,48,50,52,56,60,73,79,79,18158,0,45,45.940586247825166,14.147236999974666,82.36999500002185,300.0
1780243632,50,GET,REST/listar-playlists-musica,327.200000,0.000000,45,46,47,48,49,51,53,56,70,74,74,18143,0,45,45.960103469768306,14.546608000046035,85.47844200006693,511.0
1780243632,50,GET,REST/listar-playlists-usuario,327.500000,0.000000,46,47,48,48,50,51,54,58,69,76,76,18174,0,45,46.11909391729897,40.58283899996695,82.94049899996025,712.0
1780243632,50,GET,REST/listar-usuarios,327.300000,0.000000,4,5,6,6,8,10,13,16,27,31,31,18192,0,4,4.776395362576759,0.8350240000254416,42.157535999990614,21998.0
1780243632,50,,Aggregated,1636.300000,0.000000,43,45,46,47,48,50,52,55,69,76,79,90855,0,43,29.50678286363964,0.8350240000254416,85.47844200006693,14896.429574596885
1780243633,50,GET,REST/listar-musicas,325.500000,0.000000,4,5,6,7,9,10,13,14,26,29,29,18528,0,4,4.806379823402155,1.1260910000601143,47.922746999915944,50889.0
1780243633,50,GET,REST/listar-musicas-playlist,325.900000,0.000000,45,46,47,48,50,52,56,60,73,79,79,18499,0,45,45.92203532947788,14.147236999974666,82.36999500002185,300.0
1780243633,50,GET,REST/listar-playlists-musica,326.100000,0.000000,45,46,47,48,49,51,53,56,70,74,74,18480,0,45,45.94322717429693,14.546608000046035,85.47844200006693,511.0
1780243633,50,GET,REST/listar-playlists-usuario,326.900000,0.000000,45,46,47,48,50,51,54,58,69,76,76,18521,0,45,46.1011634698986,40.58283899996695,82.94049899996025,712.0
1780243633,50,GET,REST/listar-usuarios,325.500000,0.000000,4,5,6,6,8,10,13,16,27,31,31,18530,0,4,4.759152363518473,0.8350240000254416,42.157535999990614,21998.0
1780243633,50,,Aggregated,1629.900000,0.000000,43,45,46,46,48,50,52,56,69,76,79,92558,0,43,29.490934517070105,0.8350240000254416,85.47844200006693,14895.246915447611
1780243634,50,GET,REST/listar-musicas,326.700000,0.000000,4,5,6,7,8,10,12,14,26,29,29,18860,0,4,4.815800704612555,1.1260910000601143,47.922746999915944,50889.0
1780243634,50,GET,REST/listar-musicas-playlist,328.000000,0.000000,45,46,47,48,50,52,56,60,73,79,79,18828,0,45,45.924146777088055,14.147236999974666,82.36999500002185,300.0
1780243634,50,GET,REST/listar-playlists-musica,327.400000,0.000000,45,46,47,48,49,51,53,56,70,74,74,18812,0,45,45.94752608420184,14.546608000046035,85.47844200006693,511.0
1780243634,50,GET,REST/listar-playlists-usuario,327.400000,0.000000,46,47,47,48,50,51,56,60,69,76,76,18836,0,45,46.11377444414914,40.58283899996695,82.94049899996025,712.0
1780243634,50,GET,REST/listar-usuarios,327.100000,0.000000,4,5,6,6,8,10,12,15,27,31,31,18862,0,4,4.768806551001757,0.8350240000254416,42.157535999990614,21998.0
1780243634,50,,Aggregated,1636.600000,0.000000,43,45,46,46,48,50,52,56,69,76,79,94198,0,43,29.495307565967156,0.8350240000254416,85.47844200006693,14898.037962589438
1780243635,50,GET,REST/listar-musicas,328.800000,0.000000,4,5,6,7,9,10,13,14,25,29,29,19183,0,4,4.819218362977296,1.1260910000601143,47.922746999915944,50889.0
1780243635,50,GET,REST/listar-musicas-playlist,328.300000,0.000000,45,46,47,48,50,52,56,60,73,79,79,19150,0,45,45.92448400240275,14.147236999974666,82.36999500002185,300.0
1780243635,50,GET,REST/listar-playlists-musica,328.800000,0.000000,45,46,47,48,50,51,53,56,70,74,74,19133,0,45,45.95307962635265,14.546608000046035,85.47844200006693,511.0
1780243635,50,GET,REST/listar-playlists-usuario,327.900000,0.000000,46,47,48,48,50,51,56,61,69,76,76,19171,0,45,46.11964021996731,40.58283899996695,82.94049899996025,712.0
1780243635,50,GET,REST/listar-usuarios,329.000000,0.000000,4,5,6,6,8,10,13,15,27,31,31,19183,0,4,4.77343077532167,0.8350240000254416,42.157535999990614,21998.0
1780243635,50,,Aggregated,1642.800000,0.000000,43,45,46,47,48,50,53,56,69,76,79,95820,0,43,29.501665124336974,0.8350240000254416,85.47844200006693,14896.29551241912
1780243636,50,GET,REST/listar-musicas,327.500000,0.000000,4,5,6,7,9,10,12,14,25,29,29,19511,0,4,4.811682716467296,1.1260910000601143,47.922746999915944,50889.0
1780243636,50,GET,REST/listar-musicas-playlist,329.200000,0.000000,45,46,47,48,50,52,56,61,71,75,75,19488,0,45,45.925888120536285,14.147236999974666,82.36999500002185,300.0
1780243636,50,GET,REST/listar-playlists-musica,327.700000,0.000000,45,46,47,48,50,51,54,57,70,74,74,19471,0,45,45.95673989517765,14.546608000046035,85.47844200006693,511.0
1780243636,50,GET,REST/listar-playlists-usuario,329.300000,0.000000,46,47,47,48,50,51,56,61,68,69,69,19490,0,45,46.111873565263984,40.58283899996695,82.94049899996025,712.0
1780243636,50,GET,REST/listar-usuarios,327.400000,0.000000,4,5,6,6,8,10,13,16,29,37,37,19517,0,4,4.773142416354704,0.8350240000254416,42.157535999990614,21998.0
1780243636,50,,Aggregated,1641.100000,0.000000,43,45,46,47,48,50,53,56,69,74,75,97477,0,43,29.500148424756254,0.8350240000254416,85.47844200006693,14894.828585204716
1780243637,50,GET,REST/listar-musicas,329.000000,0.000000,4,5,6,7,9,10,13,15,25,29,29,19842,0,4,4.820225537243794,1.1260910000601143,47.922746999915944,50889.0
1780243637,50,GET,REST/listar-musicas-playlist,329.200000,0.000000,45,46,47,48,50,52,55,60,71,75,75,19809,0,45,45.92528748851582,14.147236999974666,82.36999500002185,300.0
1780243637,50,GET,REST/listar-playlists-musica,329.900000,0.000000,45,46,47,48,50,52,55,58,70,74,74,19793,0,45,45.95901095427703,14.546608000046035,85.47844200006693,511.0
1780243637,50,GET,REST/listar-playlists-usuario,328.000000,0.000000,45,47,47,48,50,52,57,61,68,69,69,19833,0,45,46.12164261801009,40.58283899996695,82.94049899996025,712.0
1780243637,50,GET,REST/listar-usuarios,329.400000,0.000000,4,5,6,6,8,10,13,16,29,37,37,19842,0,4,4.776941621358496,0.8350240000254416,42.157535999990614,21998.0
1780243637,50,,Aggregated,1645.500000,0.000000,43,45,46,47,48,50,53,56,69,74,75,99119,0,43,29.505526210736203,0.8350240000254416,85.47844200006693,14895.2458459024
1780243638,50,GET,REST/listar-musicas,327.800000,0.000000,4,5,6,7,9,10,13,15,24,29,29,20190,0,4,4.805380598117453,1.1260910000601143,47.922746999915944,50889.0
1780243638,50,GET,REST/listar-musicas-playlist,329.100000,0.000000,45,46,47,47,50,51,55,59,71,75,75,20151,0,45,45.90458856041932,14.147236999974666,82.36999500002185,300.0
1780243638,50,GET,REST/listar-playlists-musica,327.500000,0.000000,45,46,47,48,50,52,55,58,70,74,74,20141,0,45,45.934882096668744,14.546608000046035,85.47844200006693,511.0
1780243638,50,GET,REST/listar-playlists-usuario,328.900000,0.000000,45,46,47,48,50,52,56,61,68,69,69,20168,0,45,46.10283530493821,40.58283899996695,82.94049899996025,712.0
1780243638,50,GET,REST/listar-usuarios,327.600000,0.000000,4,5,6,6,8,10,13,16,29,37,37,20191,0,4,4.762376600267211,0.8350240000254416,42.157535999990614,21998.0
1780243638,50,,Aggregated,1640.900000,0.000000,43,45,46,46,48,50,53,56,69,74,75,100841,0,43,29.48381696960529,0.8350240000254416,85.47844200006693,14897.784581668171
1780243639,50,GET,REST/listar-musicas,328.600000,0.000000,4,5,6,6,8,10,13,15,26,29,29,20514,0,4,4.802391477039622,1.1260910000601143,47.922746999915944,50889.0
1780243639,50,GET,REST/listar-musicas-playlist,327.800000,0.000000,45,46,47,47,50,51,55,60,71,75,75,20486,0,45,45.908887788880676,14.147236999974666,82.36999500002185,300.0
1780243639,50,GET,REST/listar-playlists-musica,328.500000,0.000000,45,46,47,47,50,51,55,58,70,74,74,20468,0,45,45.934369760944136,14.546608000046035,85.47844200006693,511.0
1780243639,50,GET,REST/listar-playlists-usuario,327.300000,0.000000,45,46,47,48,50,52,57,61,68,71,71,20501,0,45,46.10325896044064,40.58283899996695,82.94049899996025,712.0
1780243639,50,GET,REST/listar-usuarios,328.600000,0.000000,4,5,6,6,8,10,13,17,29,37,37,20518,0,4,4.757513658299851,0.8350240000254416,42.157535999990614,21998.0
1780243639,50,,Aggregated,1640.800000,0.000000,43,45,46,46,48,50,53,56,69,74,75,102487,0,43,29.486354283557617,0.8350240000254416,85.47844200006693,14894.509254832321
1780243640,50,GET,REST/listar-musicas,328.700000,0.000000,4,5,6,6,8,10,13,15,26,27,27,20845,0,4,4.80221880522867,1.1260910000601143,47.922746999915944,50889.0
1780243640,50,GET,REST/listar-musicas-playlist,328.200000,0.000000,45,46,47,47,50,51,55,61,70,75,75,20809,0,45,45.922344957951275,14.147236999974666,82.36999500002185,300.0
1780243640,50,GET,REST/listar-playlists-musica,328.500000,0.000000,45,46,47,48,50,52,54,57,70,74,74,20800,0,45,45.94419152514444,14.546608000046035,85.47844200006693,511.0
1780243640,50,GET,REST/listar-playlists-usuario,330.000000,0.000000,45,46,47,48,50,51,56,60,67,71,71,20828,0,45,46.100648336949924,40.58283899996695,82.94049899996025,712.0
1780243640,50,GET,REST/listar-usuarios,328.600000,0.000000,4,5,6,6,8,10,13,16,27,37,37,20848,0,4,4.756479491653675,0.8350240000254416,42.157535999990614,21998.0
1780243640,50,,Aggregated,1643.900000,0.000000,43,45,46,46,48,50,53,56,68,74,75,104130,0,43,29.48897434890971,0.8350240000254416,85.47844200006693,14895.770143090367
1780243641,50,GET,REST/listar-musicas,328.900000,0.000000,4,5,6,6,8,10,13,15,26,29,29,21169,0,4,4.80937351523415,1.1260910000601143,47.922746999915944,50889.0
1780243641,50,GET,REST/listar-musicas-playlist,328.000000,0.000000,45,46,47,47,49,51,55,63,70,75,75,21138,0,45,45.932062893367785,14.147236999974666,82.36999500002185,300.0
1780243641,50,GET,REST/listar-playlists-musica,329.300000,0.000000,45,46,47,48,50,52,55,57,70,74,74,21121,0,45,45.95157417991599,14.546608000046035,85.47844200006693,511.0
1780243641,50,GET,REST/listar-playlists-usuario,327.700000,0.000000,45,46,47,48,50,52,57,61,68,71,71,21155,0,45,46.11136301299897,40.58283899996695,82.94049899996025,712.0
1780243641,50,GET,REST/listar-usuarios,329.500000,0.000000,4,5,6,6,8,10,13,17,27,37,37,21171,0,4,4.762931850927955,0.8350240000254416,42.157535999990614,21998.0
1780243641,50,,Aggregated,1643.400000,0.000000,43,45,46,46,48,50,53,56,68,74,75,105754,0,43,29.498521913062003,0.8350240000254416,85.47844200006693,14894.807666849481
1780243642,50,GET,REST/listar-musicas,330.400000,0.000000,4,5,6,7,8,10,14,16,26,29,29,21502,0,4,4.810275123429934,1.1260910000601143,47.922746999915944,50889.0
1780243642,50,GET,REST/listar-musicas-playlist,329.600000,0.000000,45,46,47,48,50,52,56,64,70,75,75,21464,0,45,45.943259122997,14.147236999974666,82.36999500002185,300.0
1780243642,50,GET,REST/listar-playlists-musica,329.800000,0.000000,45,46,47,48,50,52,55,58,70,74,74,21455,0,45,45.95737277608973,14.546608000046035,85.47844200006693,511.0
1780243642,50,GET,REST/listar-playlists-usuario,330.600000,0.000000,45,46,47,48,50,52,56,61,68,71,71,21483,0,45,46.11051692133285,40.58283899996695,82.94049899996025,712.0
1780243642,50,GET,REST/listar-usuarios,330.000000,0.000000,4,5,6,6,8,10,13,17,27,37,37,21502,0,4,4.761518022741871,0.8350240000254416,42.157535999990614,21998.0
1780243642,50,,Aggregated,1650.400000,0.000000,43,45,46,46,48,50,53,57,69,74,75,107406,0,43,29.500646872399656,0.8350240000254416,85.47844200006693,14895.954369402081
1780243643,50,GET,REST/listar-musicas,330.300000,0.000000,4,5,6,7,8,10,14,17,27,30,30,21834,0,4,4.807129514609846,1.1260910000601143,47.922746999915944,50889.0
1780243643,50,GET,REST/listar-musicas-playlist,330.300000,0.000000,45,46,47,48,50,52,56,63,70,75,75,21798,0,45,45.93513648513669,14.147236999974666,82.36999500002185,300.0
1780243643,50,GET,REST/listar-playlists-musica,330.400000,0.000000,45,46,47,48,50,52,55,58,70,74,74,21786,0,45,45.95125560892332,14.546608000046035,85.47844200006693,511.0
1780243643,50,GET,REST/listar-playlists-usuario,329.000000,0.000000,45,46,47,48,50,52,56,61,69,71,71,21819,0,45,46.10807986901297,40.58283899996695,82.94049899996025,712.0
1780243643,50,GET,REST/listar-usuarios,330.600000,0.000000,4,5,6,6,8,10,13,17,29,37,37,21835,0,4,4.755847855094836,0.8350240000254416,42.157535999990614,21998.0
1780243643,50,,Aggregated,1650.600000,0.000000,43,45,46,46,48,50,53,57,69,74,75,109072,0,43,29.49632497982023,0.8350240000254416,85.47844200006693,14895.151184538654
1780243644,50,GET,REST/listar-musicas,329.500000,0.000000,4,5,6,6,8,11,14,17,27,30,30,22167,0,4,4.802261349753765,1.1260910000601143,47.922746999915944,50889.0
1780243644,50,GET,REST/listar-musicas-playlist,329.200000,0.000000,45,46,47,48,50,52,56,63,70,75,75,22139,0,45,45.926510143457705,14.147236999974666,82.36999500002185,300.0
1780243644,50,GET,REST/listar-playlists-musica,328.800000,0.000000,45,46,47,48,50,52,55,58,70,74,74,22117,0,45,45.94517688574418,14.546608000046035,85.47844200006693,511.0
1780243644,50,GET,REST/listar-playlists-usuario,329.800000,0.000000,45,46,47,48,50,52,56,61,69,71,71,22154,0,45,46.10233763329394,40.58283899996695,82.94049899996025,712.0
1780243644,50,GET,REST/listar-usuarios,329.100000,0.000000,4,5,6,6,8,10,13,17,29,37,37,22167,0,4,4.748383577615175,0.8350240000254416,42.157535999990614,21998.0
1780243644,50,,Aggregated,1646.400000,0.000000,43,45,46,46,48,50,53,57,69,74,75,110744,0,43,29.491410995457628,0.8350240000254416,85.47844200006693,14893.838618796504
1780243645,50,GET,REST/listar-musicas,327.800000,0.000000,4,5,6,7,8,11,14,17,27,30,30,22497,0,4,4.804347671822553,1.1260910000601143,47.922746999915944,50889.0
1780243645,50,GET,REST/listar-musicas-playlist,328.100000,0.000000,45,46,47,48,50,51,56,63,70,75,75,22468,0,45,45.9240932685157,14.147236999974666,82.36999500002185,300.0
1780243645,50,GET,REST/listar-playlists-musica,328.200000,0.000000,45,46,47,48,50,52,55,58,70,74,74,22453,0,45,45.94967618233657,14.546608000046035,85.47844200006693,511.0
1780243645,50,GET,REST/listar-playlists-usuario,328.800000,0.000000,45,47,47,48,50,52,55,59,69,71,71,22478,0,45,46.10730387756887,40.58283899996695,82.94049899996025,712.0
1780243645,50,GET,REST/listar-usuarios,328.000000,0.000000,4,5,6,6,8,10,13,17,29,37,37,22501,0,4,4.7499616735254575,0.8350240000254416,42.157535999990614,21998.0
1780243645,50,,Aggregated,1640.900000,0.000000,43,45,46,47,49,50,53,57,68,74,75,112397,0,43,29.492716715107687,0.8350240000254416,85.47844200006693,14894.036762547043
1780243646,50,GET,REST/listar-musicas,328.200000,0.000000,4,5,6,6,8,10,13,18,27,30,30,22834,0,4,4.805217648331152,1.1260910000601143,47.922746999915944,50889.0
1780243646,50,GET,REST/listar-musicas-playlist,328.200000,0.000000,45,46,47,48,50,51,54,60,67,68,68,22798,0,45,45.91971644144265,14.147236999974666,82.36999500002185,300.0
1780243646,50,GET,REST/listar-playlists-musica,329.500000,0.000000,45,46,47,48,50,51,53,58,65,72,72,22784,0,45,45.94632094162579,14.546608000046035,85.47844200006693,511.0
1780243646,50,GET,REST/listar-playlists-usuario,327.700000,0.000000,45,46,47,48,50,51,54,58,69,71,71,22809,0,45,46.10143293550758,40.58283899996695,82.94049899996025,712.0
1780243646,50,GET,REST/listar-usuarios,329.000000,0.000000,4,5,6,6,8,10,12,14,28,29,29,22834,0,4,4.746537654462505,0.8350240000254416,42.157535999990614,21998.0
1780243646,50,,Aggregated,1642.600000,0.000000,43,45,46,46,48,50,52,55,67,71,72,114059,0,43,29.48781802554782,0.8350240000254416,85.47844200006693,14896.008118605283
1780243647,50,GET,REST/listar-musicas,329.200000,0.000000,4,5,6,6,8,10,13,16,27,30,30,23153,0,4,4.8002756254478145,1.1260910000601143,47.922746999915944,50889.0
1780243647,50,GET,REST/listar-musicas-playlist,327.800000,0.000000,45,46,47,48,50,51,54,60,67,71,71,23131,0,45,45.92053380057112,14.147236999974666,82.36999500002185,300.0
1780243647,50,GET,REST/listar-playlists-musica,328.100000,0.000000,45,46,47,48,50,51,54,58,65,67,67,23107,0,45,45.94963894802451,14.546608000046035,85.47844200006693,511.0
1780243647,50,GET,REST/listar-playlists-usuario,328.500000,0.000000,45,46,47,48,50,51,54,58,69,71,71,23152,0,45,46.096581491058615,40.58283899996695,82.94049899996025,712.0
1780243647,50,GET,REST/listar-usuarios,328.600000,0.000000,4,5,6,6,8,10,12,14,29,30,30,23157,0,4,4.741947333246845,0.8350240000254416,42.157535999990614,21998.0
1780243647,50,,Aggregated,1642.200000,0.000000,43,45,46,46,48,50,52,55,67,71,71,115700,0,43,29.4911347030766,0.8350240000254416,85.47844200006693,14890.854831460674
1780243648,50,GET,REST/listar-musicas,328.800000,0.000000,4,5,6,7,9,11,13,16,27,30,30,23496,0,4,4.80963224770148,1.1260910000601143,47.922746999915944,50889.0
1780243648,50,GET,REST/listar-musicas-playlist,328.200000,0.000000,45,46,47,48,50,51,54,61,68,71,71,23453,0,45,45.921874272630795,14.147236999974666,82.36999500002185,300.0
1780243648,50,GET,REST/listar-playlists-musica,328.600000,0.000000,45,46,47,48,50,51,54,59,67,67,67,23449,0,45,45.95274483253025,14.546608000046035,85.47844200006693,511.0
1780243648,50,GET,REST/listar-playlists-usuario,328.800000,0.000000,45,47,47,48,50,51,54,58,68,70,70,23463,0,45,46.09910216711374,40.58283899996695,82.94049899996025,712.0
1780243648,50,GET,REST/listar-usuarios,328.700000,0.000000,4,5,6,6,8,10,13,14,28,30,30,23498,0,4,4.748529412034984,0.8350240000254416,42.157535999990614,21998.0
1780243648,50,,Aggregated,1643.100000,0.000000,43,45,46,47,48,50,52,55,67,70,71,117359,0,43,29.48868794431591,0.8350240000254416,85.47844200006693,14897.203819050947
1780243649,50,GET,REST/listar-musicas,328.900000,0.000000,4,5,6,7,9,11,13,17,27,30,30,23813,0,4,4.816457458782775,1.1260910000601143,47.922746999915944,50889.0
1780243649,50,GET,REST/listar-musicas-playlist,328.300000,0.000000,45,46,47,48,50,51,54,60,68,71,71,23786,0,45,45.90962955784949,14.147236999974666,82.36999500002185,300.0
1780243649,50,GET,REST/listar-playlists-musica,328.500000,0.000000,45,46,47,48,50,52,54,58,67,67,67,23767,0,45,45.94020134682565,14.546608000046035,85.47844200006693,511.0
1780243649,50,GET,REST/listar-playlists-usuario,329.800000,0.000000,46,47,48,48,50,51,54,58,68,70,70,23807,0,45,46.09882361603691,40.58283899996695,82.94049899996025,712.0
1780243649,50,GET,REST/listar-usuarios,328.800000,0.000000,4,5,6,6,8,10,13,15,29,30,30,23817,0,4,4.753314188268824,0.8350240000254416,42.157535999990614,21998.0
1780243649,50,,Aggregated,1644.300000,0.000000,43,45,46,47,48,50,52,55,67,70,71,118990,0,43,29.49193960322691,0.8350240000254416,85.47844200006693,14891.818169594084
1780243650,50,GET,REST/listar-musicas,329.600000,0.000000,4,5,6,7,9,11,14,16,27,35,35,24144,0,4,4.826837427973582,1.1260910000601143,47.922746999915944,50889.0
1780243650,50,GET,REST/listar-musicas-playlist,329.300000,0.000000,45,46,47,48,50,51,54,60,71,74,74,24120,0,45,45.919267380307026,14.147236999974666,82.36999500002185,300.0
1780243650,50,GET,REST/listar-playlists-musica,329.900000,0.000000,45,46,47,48,50,51,54,59,67,74,74,24101,0,45,45.95017444209807,14.546608000046035,85.47844200006693,511.0
1780243650,50,GET,REST/listar-playlists-usuario,328.100000,0.000000,46,47,48,48,50,51,54,58,68,70,70,24129,0,45,46.098678345185874,40.58283899996695,82.94049899996025,712.0
1780243650,50,GET,REST/listar-usuarios,329.700000,0.000000,4,5,6,7,8,10,13,15,29,30,30,24145,0,4,4.761482634002875,0.8350240000254416,42.157535999990614,21998.0
1780243650,50,,Aggregated,1646.600000,0.000000,43,45,46,46,48,50,52,55,67,74,74,120639,0,43,29.499896835119454,0.8350240000254416,85.47844200006693,14891.844138296903
1780243651,50,GET,REST/listar-musicas,327.900000,0.000000,4,5,6,7,9,11,14,16,27,35,35,24487,0,4,4.816461724465807,1.1260910000601143,47.922746999915944,50889.0
1780243651,50,GET,REST/listar-musicas-playlist,327.800000,0.000000,45,46,47,48,49,51,54,60,71,74,74,24454,0,45,45.91266476719578,14.147236999974666,82.36999500002185,300.0
1780243651,50,GET,REST/listar-playlists-musica,326.800000,0.000000,45,46,47,48,50,51,53,59,67,74,74,24439,0,45,45.93715991067588,14.546608000046035,85.47844200006693,511.0
1780243651,50,GET,REST/listar-playlists-usuario,329.500000,0.000000,45,47,47,48,49,51,53,57,67,70,70,24474,0,45,46.086984810982585,40.58283899996695,82.94049899996025,712.0
1780243651,50,GET,REST/listar-usuarios,327.000000,0.000000,4,5,6,6,8,10,13,15,29,30,30,24489,0,4,4.750499372452862,0.8350240000254416,42.157535999990614,21998.0
1780243651,50,,Aggregated,1639.000000,0.000000,43,45,46,46,48,50,52,54,67,74,74,122343,0,43,29.487711588868706,0.8350240000254416,85.47844200006693,14893.193578709039
1780243652,50,GET,REST/listar-musicas,326.800000,0.000000,4,5,6,7,9,11,14,16,27,35,35,24817,0,4,4.808934465849767,1.1260910000601143,47.922746999915944,50889.0
1780243652,50,GET,REST/listar-musicas-playlist,328.200000,0.000000,45,46,47,48,49,51,54,58,71,74,74,24788,0,45,45.918878910521414,14.147236999974666,82.36999500002185,300.0
1780243652,50,GET,REST/listar-playlists-musica,327.300000,0.000000,45,46,47,48,50,51,54,58,67,74,74,24769,0,45,45.940774000363696,14.546608000046035,85.47844200006693,511.0
1780243652,50,GET,REST/listar-playlists-usuario,326.300000,0.000000,45,47,47,48,50,51,53,57,67,70,70,24802,0,45,46.08908866180104,40.58283899996695,82.94049899996025,712.0
1780243652,50,GET,REST/listar-usuarios,327.300000,0.000000,4,5,6,6,8,10,13,15,29,30,30,24818,0,4,4.7450149559996495,0.8350240000254416,42.157535999990614,21998.0
1780243652,50,,Aggregated,1635.900000,0.000000,43,45,46,46,48,50,52,54,67,74,74,123994,0,43,29.488127542106557,0.8350240000254416,85.47844200006693,14892.745294127135
1780243653,50,GET,REST/listar-musicas,327.600000,0.000000,4,5,6,7,9,11,13,16,27,35,35,25153,0,4,4.796678272571585,1.1260910000601143,47.922746999915944,50889.0
1780243653,50,GET,REST/listar-musicas-playlist,327.700000,0.000000,45,46,47,48,49,51,54,60,71,74,74,25127,0,45,45.914638751422885,14.147236999974666,82.36999500002185,300.0
1780243653,50,GET,REST/listar-playlists-musica,327.500000,0.000000,45,46,47,48,50,51,54,59,67,74,74,25104,0,45,45.93642239894079,14.546608000046035,85.47844200006693,511.0
1780243653,50,GET,REST/listar-playlists-usuario,328.300000,0.000000,45,46,47,48,49,51,53,57,67,70,70,25144,0,45,46.079100652362,40.58283899996695,82.94049899996025,712.0
1780243653,50,GET,REST/listar-usuarios,327.600000,0.000000,4,5,6,6,8,10,13,15,27,30,30,25154,0,4,4.735371785719959,0.8350240000254416,42.157535999990614,21998.0
1780243653,50,,Aggregated,1638.700000,0.000000,43,45,46,46,48,50,52,54,67,74,74,125682,0,43,29.481249288688563,0.8350240000254416,85.47844200006693,14891.690783087475
1780243654,50,GET,REST/listar-musicas,329.000000,0.000000,4,5,6,7,9,11,14,16,27,35,35,25494,0,4,4.797611038518585,1.1260910000601143,47.922746999915944,50889.0
1780243654,50,GET,REST/listar-musicas-playlist,329.200000,0.000000,45,46,47,47,49,51,54,61,71,74,74,25460,0,45,45.911855314650595,14.147236999974666,82.36999500002185,300.0
1780243654,50,GET,REST/listar-playlists-musica,329.300000,0.000000,45,46,47,48,50,51,54,59,67,74,74,25444,0,45,45.92856654995328,14.546608000046035,85.47844200006693,511.0
1780243654,50,GET,REST/listar-playlists-usuario,329.400000,0.000000,45,46,47,48,49,51,53,57,66,69,69,25476,0,45,46.07893917416358,40.58283899996695,82.94049899996025,712.0
1780243654,50,GET,REST/listar-usuarios,329.300000,0.000000,4,5,6,6,8,10,13,16,27,30,30,25494,0,4,4.734068963207026,0.8350240000254416,42.157535999990614,21998.0
1780243654,50,,Aggregated,1646.200000,0.000000,43,45,46,46,48,50,52,55,67,74,74,127368,0,43,29.47702710235659,0.8350240000254416,85.47844200006693,14893.536634005402
1780243655,50,GET,REST/listar-musicas,329.600000,0.000000,4,5,6,7,9,11,14,16,27,35,35,25827,0,4,4.789485509543987,1.1260910000601143,47.922746999915944,50889.0
1780243655,50,GET,REST/listar-musicas-playlist,329.300000,0.000000,45,46,47,48,49,51,54,61,71,74,74,25796,0,45,45.910690148201375,14.147236999974666,82.36999500002185,300.0
1780243655,50,GET,REST/listar-playlists-musica,329.100000,0.000000,45,46,47,48,50,52,54,59,67,74,74,25781,0,45,45.92482253392079,14.546608000046035,85.47844200006693,511.0
1780243655,50,GET,REST/listar-playlists-usuario,329.600000,0.000000,45,46,47,48,49,51,53,57,66,69,69,25809,0,45,46.07117885210549,40.58283899996695,82.94049899996025,712.0
1780243655,50,GET,REST/listar-usuarios,329.400000,0.000000,4,5,6,6,8,10,13,16,27,30,30,25831,0,4,4.723895097092605,0.8350240000254416,42.157535999990614,21998.0
1780243655,50,,Aggregated,1647.000000,0.000000,43,45,46,46,48,50,52,55,67,74,74,129044,0,43,29.471126470908814,0.8350240000254416,85.47844200006693,14892.822913114907
1780243656,50,GET,REST/listar-musicas,329.600000,0.000000,4,5,6,6,9,10,13,16,27,35,35,26159,0,4,4.785382583890527,1.1260910000601143,47.922746999915944,50889.0
1780243656,50,GET,REST/listar-musicas-playlist,330.200000,0.000000,45,46,47,48,49,51,55,62,71,74,74,26132,0,45,45.909874421322655,14.147236999974666,82.36999500002185,300.0
1780243656,50,GET,REST/listar-playlists-musica,328.400000,0.000000,45,46,47,48,50,52,54,59,67,74,74,26113,0,45,45.91951480392956,14.546608000046035,85.47844200006693,511.0
1780243656,50,GET,REST/listar-playlists-usuario,329.400000,0.000000,45,46,47,48,49,51,53,57,66,69,69,26147,0,45,46.06666466680657,40.58283899996695,82.94049899996025,712.0
1780243656,50,GET,REST/listar-usuarios,328.900000,0.000000,4,5,6,6,8,10,13,16,27,30,30,26159,0,4,4.72011681998546,0.8350240000254416,42.157535999990614,21998.0
1780243656,50,,Aggregated,1646.500000,0.000000,43,45,46,46,48,50,52,55,67,74,74,130710,0,43,29.469608816478924,0.8350240000254416,85.47844200006693,14891.37051488027
1780243657,50,GET,REST/listar-musicas,329.400000,0.000000,4,5,6,7,9,11,15,17,27,35,35,26486,0,4,4.800028067544801,1.1260910000601143,47.922746999915944,50889.0
1780243657,50,GET,REST/listar-musicas-playlist,330.300000,0.000000,45,46,47,48,50,52,56,62,68,74,74,26458,0,45,45.91563703363831,14.147236999974666,82.36999500002185,300.0
1780243657,50,GET,REST/listar-playlists-musica,329.600000,0.000000,45,46,47,48,50,52,55,59,67,74,74,26436,0,45,45.92689487906685,14.546608000046035,85.47844200006693,511.0
1780243657,50,GET,REST/listar-playlists-usuario,330.500000,0.000000,45,46,47,48,50,51,53,57,66,69,69,26470,0,45,46.07009265916096,40.58283899996695,82.94049899996025,712.0
1780243657,50,GET,REST/listar-usuarios,329.700000,0.000000,4,5,6,6,9,11,14,17,27,30,30,26486,0,4,4.731948112323546,0.8350240000254416,42.157535999990614,21998.0
1780243657,50,,Aggregated,1649.500000,0.000000,43,45,46,46,48,50,53,56,66,74,74,132336,0,43,29.477229109591946,0.8350240000254416,85.47844200006693,14892.22825232741
1780243658,50,GET,REST/listar-musicas,329.600000,0.000000,4,5,6,6,9,11,14,17,27,35,35,26825,0,4,4.793149872693095,1.1260910000601143,47.922746999915944,50889.0
1780243658,50,GET,REST/listar-musicas-playlist,330.200000,0.000000,45,46,47,48,50,52,55,62,67,74,74,26795,0,45,45.91001366247447,14.147236999974666,82.36999500002185,300.0
1780243658,50,GET,REST/listar-playlists-musica,330.000000,0.000000,45,46,47,48,50,52,55,58,67,74,74,26777,0,45,45.92132781088274,14.546608000046035,85.47844200006693,511.0
1780243658,50,GET,REST/listar-playlists-usuario,329.300000,0.000000,45,46,47,48,49,51,53,57,66,69,69,26808,0,45,46.060267234780284,40.58283899996695,82.94049899996025,712.0
1780243658,50,GET,REST/listar-usuarios,329.800000,0.000000,4,5,6,6,8,11,14,18,27,30,30,26825,0,4,4.727322780279672,0.8350240000254416,42.157535999990614,21998.0
1780243658,50,,Aggregated,1648.900000,0.000000,43,44,46,46,48,50,53,55,66,74,74,134030,0,43,29.47074933838662,0.8350240000254416,85.47844200006693,14892.207848989032
1780243659,50,GET,REST/listar-musicas,330.300000,0.000000,4,5,6,6,8,10,14,17,26,29,29,27163,0,4,4.781493013437081,1.1260910000601143,47.922746999915944,50889.0
1780243659,50,GET,REST/listar-musicas-playlist,331.000000,0.000000,45,46,47,47,49,52,54,61,67,68,68,27130,0,45,45.906266854920915,14.147236999974666,82.36999500002185,300.0
1780243659,50,GET,REST/listar-playlists-musica,330.500000,0.000000,45,46,47,47,50,51,54,57,66,70,70,27113,0,45,45.91465898572659,14.546608000046035,85.47844200006693,511.0
1780243659,50,GET,REST/listar-playlists-usuario,330.700000,0.000000,45,46,47,47,49,51,53,57,66,69,69,27151,0,45,46.050998999778564,40.58283899996695,82.94049899996025,712.0
1780243659,50,GET,REST/listar-usuarios,330.400000,0.000000,4,5,5,6,8,10,14,17,27,29,29,27163,0,4,4.716114613592054,0.8350240000254416,42.157535999990614,21998.0
1780243659,50,,Aggregated,1652.900000,0.000000,43,44,46,46,48,50,52,55,66,69,70,135720,0,43,29.462388437002385,0.8350240000254416,85.47844200006693,14892.092808723843
1780243660,50,GET,REST/listar-musicas,328.800000,0.000000,4,5,5,6,8,10,14,18,27,31,31,27487,0,4,4.783855037290019,1.1260910000601143,47.922746999915944,50889.0
1780243660,50,GET,REST/listar-musicas-playlist,329.400000,0.000000,45,46,47,48,50,52,57,63,69,73,73,27461,0,45,45.917117263865244,14.147236999974666,82.36999500002185,300.0
1780243660,50,GET,REST/listar-playlists-musica,329.000000,0.000000,45,46,47,47,50,52,55,58,68,72,72,27441,0,45,45.91630529503314,14.546608000046035,85.47844200006693,511.0
1780243660,50,GET,REST/listar-playlists-usuario,329.400000,0.000000,45,46,47,47,49,51,55,60,70,79,79,27473,0,45,46.06014781771144,40.58283899996695,82.94049899996025,712.0
1780243660,50,GET,REST/listar-usuarios,329.000000,0.000000,4,5,5,6,8,10,14,17,27,29,29,27490,0,4,4.717331299308809,0.8350240000254416,42.157535999990614,21998.0
1780243660,50,,Aggregated,1645.600000,0.000000,43,44,46,46,48,50,53,57,68,73,79,137352,0,43,29.468103796143957,0.8350240000254416,85.47844200006693,14891.172971634924
1780243661,50,GET,REST/listar-musicas,331.300000,0.000000,4,5,5,6,8,10,14,17,27,31,31,27825,0,4,4.7723164802153235,1.1260910000601143,47.922746999915944,50889.0
1780243661,50,GET,REST/listar-musicas-playlist,331.100000,0.000000,45,46,47,48,50,52,57,63,69,73,73,27800,0,45,45.90952201014412,14.147236999974666,82.36999500002185,300.0
1780243661,50,GET,REST/listar-playlists-musica,331.600000,0.000000,45,46,47,47,50,52,55,58,68,72,72,27783,0,45,45.90674975175488,14.546608000046035,85.47844200006693,511.0
1780243661,50,GET,REST/listar-playlists-usuario,330.200000,0.000000,45,46,47,47,49,51,54,59,70,79,79,27816,0,45,46.051083115508554,40.58283899996695,82.94049899996025,712.0
1780243661,50,GET,REST/listar-usuarios,331.400000,0.000000,4,5,5,6,8,10,14,17,27,29,29,27831,0,4,4.70382268211703,0.8350240000254416,42.157535999990614,21998.0
1780243661,50,,Aggregated,1655.600000,0.000000,43,44,46,46,48,50,53,56,68,73,79,139055,0,43,29.458636246837393,0.8350240000254416,85.47844200006693,14890.18638668153
1780243662,50,GET,REST/listar-musicas,332.800000,0.000000,4,5,5,6,8,10,14,17,25,31,31,28165,0,4,4.7694466615299085,1.1260910000601143,47.922746999915944,50889.0
1780243662,50,GET,REST/listar-musicas-playlist,331.200000,0.000000,45,46,47,47,50,52,57,62,69,73,73,28128,0,45,45.9103392638653,14.147236999974666,82.36999500002185,300.0
1780243662,50,GET,REST/listar-playlists-musica,332.400000,0.000000,45,46,47,47,50,51,55,58,68,72,72,28118,0,45,45.90616983818216,14.546608000046035,85.47844200006693,511.0
1780243662,50,GET,REST/listar-playlists-usuario,332.700000,0.000000,45,46,47,47,49,51,54,58,70,79,79,28141,0,45,46.05251813506937,40.58283899996695,82.94049899996025,712.0
1780243662,50,GET,REST/listar-usuarios,332.300000,0.000000,4,5,5,6,8,10,14,17,26,29,29,28167,0,4,4.704897186601295,0.8350240000254416,42.157535999990614,21998.0
1780243662,50,,Aggregated,1661.400000,0.000000,43,44,46,46,48,50,53,56,68,73,79,140719,0,43,29.455680636161212,0.8350240000254416,85.47844200006693,14893.151891357955
1780243663,50,GET,REST/listar-musicas,331.700000,0.000000,4,5,5,6,8,10,14,16,25,35,35,28495,0,4,4.76050339357748,1.1260910000601143,47.922746999915944,50889.0
1780243663,50,GET,REST/listar-musicas-playlist,331.500000,0.000000,45,46,47,47,50,52,57,63,69,73,73,28468,0,45,45.90416230736273,14.147236999974666,82.36999500002185,300.0
1780243663,50,GET,REST/listar-playlists-musica,331.100000,0.000000,45,46,47,47,49,51,54,57,67,72,72,28451,0,45,45.899488385821435,14.546608000046035,85.47844200006693,511.0
1780243663,50,GET,REST/listar-playlists-usuario,332.000000,0.000000,45,46,47,48,50,51,54,58,70,79,79,28482,0,45,46.048110189382356,40.58283899996695,82.94049899996025,712.0
1780243663,50,GET,REST/listar-usuarios,331.400000,0.000000,4,5,5,6,8,10,13,17,27,29,29,28499,0,4,4.6968734969647175,0.8350240000254416,42.157535999990614,21998.0
1780243663,50,,Aggregated,1657.700000,0.000000,43,44,46,46,48,50,52,56,68,73,79,142395,0,43,29.451420717265147,0.8350240000254416,85.47844200006693,14890.699125671548
1780243664,50,GET,REST/listar-musicas,331.600000,0.000000,4,5,6,6,8,10,14,17,26,35,35,28825,0,4,4.765153123572892,1.1260910000601143,47.922746999915944,50889.0
1780243664,50,GET,REST/listar-musicas-playlist,331.000000,0.000000,45,46,47,47,50,52,57,63,69,73,73,28803,0,45,45.90115241183222,14.147236999974666,82.36999500002185,300.0
1780243664,50,GET,REST/listar-playlists-musica,331.400000,0.000000,45,46,47,47,50,51,54,57,68,72,72,28782,0,45,45.90103411107651,14.546608000046035,85.47844200006693,511.0
1780243664,50,GET,REST/listar-playlists-usuario,331.400000,0.000000,45,46,47,48,50,51,54,58,70,79,79,28814,0,45,46.05055047955816,40.58283899996695,82.94049899996025,712.0
1780243664,50,GET,REST/listar-usuarios,331.200000,0.000000,4,5,5,6,8,10,14,17,28,29,29,28826,0,4,4.700380095538665,0.8350240000254416,42.157535999990614,21998.0
1780243664,50,,Aggregated,1656.600000,0.000000,43,44,46,46,48,50,53,56,68,73,79,144050,0,43,29.454798428614904,0.8350240000254416,85.47844200006693,14889.648337382852
1780243665,50,GET,REST/listar-musicas,331.500000,0.000000,4,5,6,6,8,11,15,18,26,35,35,29147,0,4,4.778651621744551,1.1260910000601143,47.922746999915944,50889.0
1780243665,50,GET,REST/listar-musicas-playlist,332.100000,0.000000,45,46,47,48,50,52,58,63,69,73,73,29115,0,45,45.91469757839617,14.147236999974666,82.36999500002185,300.0
1780243665,50,GET,REST/listar-playlists-musica,331.800000,0.000000,45,46,47,47,50,52,55,60,68,72,72,29101,0,45,45.913959183808245,14.546608000046035,85.47844200006693,511.0
1780243665,50,GET,REST/listar-playlists-usuario,331.700000,0.000000,45,46,47,48,50,51,55,58,70,79,79,29132,0,45,46.05776024656697,40.58283899996695,82.94049899996025,712.0
1780243665,50,GET,REST/listar-usuarios,331.700000,0.000000,4,5,5,6,8,11,15,21,29,31,31,29147,0,4,4.716133441108777,0.8350240000254416,42.157535999990614,21998.0
1780243665,50,,Aggregated,1658.800000,0.000000,43,45,46,46,48,50,53,57,68,73,79,145642,0,43,29.465729102408513,0.8350240000254416,85.47844200006693,14891.202290548055
1780243666,50,GET,REST/listar-musicas,332.600000,0.000000,4,5,6,6,8,11,16,19,27,35,35,29486,0,4,4.77002432415338,1.1260910000601143,47.922746999915944,50889.0
1780243666,50,GET,REST/listar-musicas-playlist,330.600000,0.000000,45,46,47,48,50,52,58,63,69,73,73,29458,0,45,45.91236049188683,14.147236999974666,82.36999500002185,300.0
1780243666,50,GET,REST/listar-playlists-musica,332.200000,0.000000,45,46,47,48,50,52,55,60,68,72,72,29440,0,45,45.909909253634595,14.546608000046035,85.47844200006693,511.0
1780243666,50,GET,REST/listar-playlists-usuario,331.600000,0.000000,45,46,47,48,50,51,55,58,70,79,79,29474,0,45,46.05191323030431,40.58283899996695,82.94049899996025,712.0
1780243666,50,GET,REST/listar-usuarios,332.500000,0.000000,4,5,5,6,8,11,15,20,29,31,31,29489,0,4,4.706793439316221,0.8350240000254416,42.157535999990614,21998.0
1780243666,50,,Aggregated,1659.500000,0.000000,43,44,46,46,48,50,53,57,68,73,79,147347,0,43,29.460088792448975,0.8350240000254416,85.47844200006693,14890.556333009834
1780243667,50,GET,REST/listar-musicas,331.200000,0.000000,4,5,5,6,8,10,15,19,27,35,35,29821,0,4,4.766828436336362,1.1260910000601143,47.922746999915944,50889.0
1780243667,50,GET,REST/listar-musicas-playlist,330.700000,0.000000,45,46,47,48,50,52,58,63,69,73,73,29789,0,45,45.913098064016935,14.147236999974666,82.36999500002185,300.0
1780243667,50,GET,REST/listar-playlists-musica,331.100000,0.000000,45,46,47,47,50,51,55,59,68,72,72,29771,0,45,45.90768284978676,14.546608000046035,85.47844200006693,511.0
1780243667,50,GET,REST/listar-playlists-usuario,329.700000,0.000000,45,46,47,48,50,51,55,58,70,79,79,29801,0,45,46.049942246367124,40.58283899996695,82.94049899996025,712.0
1780243667,50,GET,REST/listar-usuarios,331.000000,0.000000,4,5,5,6,8,10,15,20,29,31,31,29821,0,4,4.702059023204962,0.8350240000254416,42.157535999990614,21998.0
1780243667,50,,Aggregated,1653.700000,0.000000,43,44,46,46,48,50,53,57,68,73,79,149003,0,43,29.45664802832808,0.8350240000254416,85.47844200006693,14891.85600289927
1780243668,50,GET,REST/listar-musicas,329.700000,0.000000,4,5,6,6,8,11,15,20,28,35,35,30147,0,4,4.773228656582297,1.1260910000601143,47.922746999915944,50889.0
1780243668,50,GET,REST/listar-musicas-playlist,328.900000,0.000000,45,46,47,48,50,52,58,63,69,73,73,30120,0,45,45.913197457304236,14.147236999974666,82.36999500002185,300.0
1780243668,50,GET,REST/listar-playlists-musica,329.600000,0.000000,45,46,47,48,50,52,56,61,70,72,72,30103,0,45,45.91368277806206,14.546608000046035,85.47844200006693,511.0
1780243668,50,GET,REST/listar-playlists-usuario,329.000000,0.000000,45,46,47,48,50,51,56,60,70,79,79,30129,0,45,46.054908957980295,40.58283899996695,82.94049899996025,712.0
1780243668,50,GET,REST/listar-usuarios,329.400000,0.000000,4,5,5,6,8,11,14,17,29,31,31,30148,0,4,4.706560311629093,0.8350240000254416,42.157535999990614,21998.0
1780243668,50,,Aggregated,1646.600000,0.000000,43,45,46,46,48,50,54,58,69,73,79,150647,0,43,29.462421134586013,0.8350240000254416,85.47844200006693,14890.551209118004
1780243669,50,GET,REST/listar-musicas,330.100000,0.000000,4,5,6,6,8,11,15,20,28,35,35,30474,0,4,4.772989378978353,1.1260910000601143,47.922746999915944,50889.0
1780243669,50,GET,REST/listar-musicas-playlist,329.300000,0.000000,45,46,47,48,50,52,58,63,69,73,73,30444,0,45,45.917920393312485,14.147236999974666,82.36999500002185,300.0
1780243669,50,GET,REST/listar-playlists-musica,330.000000,0.000000,45,46,47,48,50,52,56,61,70,72,72,30425,0,45,45.9183565247331,14.546608000046035,85.47844200006693,511.0
1780243669,50,GET,REST/listar-playlists-usuario,329.300000,0.000000,45,47,48,48,50,52,57,60,70,79,79,30464,0,45,46.05872482878118,40.58283899996695,82.94049899996025,712.0
1780243669,50,GET,REST/listar-usuarios,330.200000,0.000000,4,5,6,6,8,11,15,18,29,31,31,30475,0,4,4.709446065594521,0.8350240000254416,42.157535999990614,21998.0
1780243669,50,,Aggregated,1648.900000,0.000000,43,45,46,47,49,51,54,58,69,73,79,152282,0,43,29.465705770130324,0.8350240000254416,85.47844200006693,14890.474113815158
1780243670,50,GET,REST/listar-musicas,330.600000,0.000000,4,5,6,6,8,10,14,18,27,35,35,30805,0,4,4.767873525596057,1.1260910000601143,47.922746999915944,50889.0
1780243670,50,GET,REST/listar-musicas-playlist,330.400000,0.000000,45,46,47,48,50,52,57,62,67,71,71,30778,0,45,45.91580741861096,14.147236999974666,82.36999500002185,300.0
1780243670,50,GET,REST/listar-playlists-musica,330.400000,0.000000,45,46,47,48,50,52,55,61,69,72,72,30772,0,45,45.91285764074497,14.546608000046035,85.47844200006693,511.0
1780243670,50,GET,REST/listar-playlists-usuario,331.000000,0.000000,45,47,47,48,50,51,56,58,67,70,70,30790,0,45,46.05602341061995,40.58283899996695,82.94049899996025,712.0
1780243670,50,GET,REST/listar-usuarios,330.600000,0.000000,4,5,6,6,8,10,14,18,29,31,31,30813,0,4,4.705776506636642,0.8350240000254416,42.157535999990614,21998.0
1780243670,50,,Aggregated,1653.000000,0.000000,43,45,46,46,48,50,53,57,67,71,72,153958,0,43,29.462357086471528,0.8350240000254416,85.47844200006693,14889.387956455657
1780243671,50,GET,REST/listar-musicas,329.100000,0.000000,4,5,6,6,9,11,15,19,28,35,35,31135,0,4,4.770531815930156,1.1260910000601143,47.922746999915944,50889.0
1780243671,50,GET,REST/listar-musicas-playlist,329.500000,0.000000,45,46,47,48,50,53,57,62,67,71,71,31107,0,45,45.920865263960096,14.147236999974666,82.36999500002185,300.0
1780243671,50,GET,REST/listar-playlists-musica,329.800000,0.000000,45,46,47,48,50,52,56,61,69,72,72,31093,0,45,45.91563469542995,14.546608000046035,85.47844200006693,511.0
1780243671,50,GET,REST/listar-playlists-usuario,328.700000,0.000000,45,47,48,48,50,52,56,60,67,70,70,31125,0,45,46.06114743588713,40.58283899996695,82.94049899996025,712.0
1780243671,50,GET,REST/listar-usuarios,329.700000,0.000000,4,5,6,7,8,11,15,20,29,31,31,31140,0,4,4.708235581759635,0.8350240000254416,42.157535999990614,21998.0
1780243671,50,,Aggregated,1646.800000,0.000000,43,45,46,47,49,51,54,58,67,71,72,155600,0,43,29.466024186362358,0.8350240000254416,85.47844200006693,14889.642403598971
1780243673,50,GET,REST/listar-musicas,328.700000,0.000000,4,5,6,6,9,11,15,20,27,28,28,31482,0,4,4.758807433421806,1.1260910000601143,47.922746999915944,50889.0
1780243673,50,GET,REST/listar-musicas-playlist,329.100000,0.000000,45,46,47,48,50,52,57,62,67,71,71,31449,0,45,45.90803887627609,14.147236999974666,82.36999500002185,300.0
1780243673,50,GET,REST/listar-playlists-musica,329.800000,0.000000,45,46,47,48,50,52,56,61,69,72,72,31435,0,45,45.902559937362945,14.546608000046035,85.47844200006693,511.0
1780243673,50,GET,REST/listar-playlists-usuario,328.400000,0.000000,45,47,47,48,50,52,56,60,68,70,70,31467,0,45,46.05242101207574,40.58283899996695,82.94049899996025,712.0
1780243673,50,GET,REST/listar-usuarios,329.600000,0.000000,4,5,6,6,8,11,15,19,30,31,31,31485,0,4,4.697894695759761,0.8350240000254416,42.157535999990614,21998.0
1780243673,50,,Aggregated,1645.600000,0.000000,43,45,46,46,48,50,54,58,67,71,72,157318,0,43,29.453529846254103,0.8350240000254416,85.47844200006693,14890.83904575446
1780243674,50,GET,REST/listar-musicas,327.800000,0.000000,4,5,6,6,8,10,15,19,28,43,43,31828,0,4,4.755894397825322,1.1260910000601143,47.922746999915944,50889.0
1780243674,50,GET,REST/listar-musicas-playlist,328.500000,0.000000,45,46,47,48,50,53,57,63,74,82,82,31794,0,45,45.90569513467973,14.147236999974666,82.36999500002185,300.0
1780243674,50,GET,REST/listar-playlists-musica,327.800000,0.000000,45,46,47,47,50,52,55,61,70,75,75,31784,0,45,45.900507810282015,14.546608000046035,85.47844200006693,511.0
1780243674,50,GET,REST/listar-playlists-usuario,327.800000,0.000000,45,46,47,48,50,51,57,61,80,85,85,31810,0,45,46.05221126469624,40.58283899996695,85.3076380000175,712.0
1780243674,50,GET,REST/listar-usuarios,328.000000,0.000000,4,5,6,6,8,10,14,18,26,27,27,31832,0,4,4.691376830516349,0.8350240000254416,42.157535999990614,21998.0
1780243674,50,,Aggregated,1639.900000,0.000000,43,45,46,46,48,50,54,58,69,82,85,159048,0,43,29.450573197066337,0.8350240000254416,85.47844200006693,14890.875534429857
1780243675,50,GET,REST/listar-musicas,329.000000,0.000000,4,5,5,6,8,10,13,17,28,43,43,32162,0,4,4.749595175268407,1.1260910000601143,47.922746999915944,50889.0
1780243675,50,GET,REST/listar-musicas-playlist,328.000000,0.000000,45,46,47,48,50,52,56,62,69,82,82,32137,0,45,45.90287062140228,14.147236999974666,82.36999500002185,300.0
1780243675,50,GET,REST/listar-playlists-musica,328.700000,0.000000,45,46,47,47,50,51,55,61,69,75,75,32112,0,45,45.89441649093809,14.546608000046035,85.47844200006693,511.0
1780243675,50,GET,REST/listar-playlists-usuario,328.700000,0.000000,45,46,47,48,49,51,56,61,80,85,85,32149,0,45,46.04530021546507,40.58283899996695,85.3076380000175,712.0
1780243675,50,GET,REST/listar-usuarios,328.900000,0.000000,4,5,5,6,8,9,13,16,25,26,26,32162,0,4,4.683303818543565,0.8350240000254416,42.157535999990614,21998.0
1780243675,50,,Aggregated,1643.300000,0.000000,43,44,46,46,48,50,53,57,69,82,85,160722,0,43,29.446082736545165,0.8350240000254416,85.47844200006693,14889.885105959358
1780243676,50,GET,REST/listar-musicas,328.500000,0.000000,4,5,6,6,8,10,13,17,28,43,43,32501,0,4,4.745899824712557,1.1260910000601143,47.922746999915944,50889.0
1780243676,50,GET,REST/listar-musicas-playlist,329.100000,0.000000,45,46,47,48,50,52,57,62,74,82,82,32459,0,45,45.90435745346454,14.147236999974666,82.36999500002185,300.0
1780243676,50,GET,REST/listar-playlists-musica,329.200000,0.000000,45,46,47,47,49,51,55,61,69,75,75,32452,0,45,45.89142434598807,14.546608000046035,85.47844200006693,511.0
1780243676,50,GET,REST/listar-playlists-usuario,328.700000,0.000000,45,46,47,48,49,51,56,61,80,85,85,32481,0,45,46.04464011104916,40.58283899996695,85.3076380000175,712.0
1780243676,50,GET,REST/listar-usuarios,328.800000,0.000000,4,5,6,6,8,10,13,16,26,28,28,32502,0,4,4.683839925604558,0.8350240000254416,42.157535999990614,21998.0
1780243676,50,,Aggregated,1644.300000,0.000000,43,45,46,46,48,50,53,57,69,82,85,162395,0,43,29.442622324394375,0.8350240000254416,85.47844200006693,14891.89648080298
1780243677,50,GET,REST/listar-musicas,329.400000,0.000000,4,5,6,6,8,11,14,19,28,43,43,32818,0,4,4.758136301480396,1.1260910000601143,47.922746999915944,50889.0
1780243677,50,GET,REST/listar-musicas-playlist,330.100000,0.000000,45,46,47,48,50,52,57,63,74,82,82,32791,0,45,45.91467618486805,14.147236999974666,82.36999500002185,300.0
1780243677,50,GET,REST/listar-playlists-musica,329.500000,0.000000,45,46,47,47,50,52,55,61,69,75,75,32771,0,45,45.90172704879327,14.546608000046035,85.47844200006693,511.0
1780243677,50,GET,REST/listar-playlists-usuario,331.500000,0.000000,45,46,47,48,50,52,56,61,80,85,85,32801,0,45,46.05269273293471,40.58283899996695,85.3076380000175,712.0
1780243677,50,GET,REST/listar-usuarios,329.500000,0.000000,4,5,6,6,8,10,14,18,27,32,32,32820,0,4,4.692169030712953,0.8350240000254416,42.157535999990614,21998.0
1780243677,50,,Aggregated,1650.000000,0.000000,43,45,46,46,48,50,53,58,69,82,85,164001,0,43,29.454439442180334,0.8350240000254416,85.47844200006693,14890.074786129353
1780243678,50,GET,REST/listar-musicas,331.600000,0.000000,4,5,6,6,8,10,13,17,28,43,43,33145,0,4,4.754278245134531,1.1260910000601143,47.922746999915944,50889.0
1780243678,50,GET,REST/listar-musicas-playlist,331.900000,0.000000,45,46,47,48,50,52,57,63,74,82,82,33120,0,45,45.9176871793783,14.147236999974666,82.36999500002185,300.0
1780243678,50,GET,REST/listar-playlists-musica,331.600000,0.000000,45,46,47,47,50,52,55,61,69,75,75,33098,0,45,45.90375795084309,14.546608000046035,85.47844200006693,511.0
1780243678,50,GET,REST/listar-playlists-usuario,331.800000,0.000000,45,46,47,48,50,51,56,61,80,85,85,33134,0,45,46.052002111908884,40.58283899996695,85.3076380000175,712.0
1780243678,50,GET,REST/listar-usuarios,331.700000,0.000000,4,5,6,6,8,10,13,18,30,32,32,33145,0,4,4.691984220998592,0.8350240000254416,42.157535999990614,21998.0
1780243678,50,,Aggregated,1658.600000,0.000000,43,45,46,46,48,50,53,58,69,82,85,165642,0,43,29.45569232111422,0.8350240000254416,85.47844200006693,14889.219527656029
1780243679,50,GET,REST/listar-musicas,329.100000,0.000000,4,5,6,6,8,11,14,17,27,43,43,33489,0,4,4.753429065692736,1.1260910000601143,47.922746999915944,50889.0
1780243679,50,GET,REST/listar-musicas-playlist,329.100000,0.000000,45,46,47,48,50,52,57,62,74,82,82,33453,0,45,45.91178798332024,14.147236999974666,82.36999500002185,300.0
1780243679,50,GET,REST/listar-playlists-musica,329.100000,0.000000,45,46,47,47,50,52,55,61,69,75,75,33445,0,45,45.90066343202291,14.546608000046035,85.47844200006693,511.0
1780243679,50,GET,REST/listar-playlists-usuario,329.700000,0.000000,45,46,47,48,50,51,55,60,80,85,85,33469,0,45,46.04736207627919,40.58283899996695,85.3076380000175,712.0
1780243679,50,GET,REST/listar-usuarios,329.100000,0.000000,4,5,6,6,8,11,14,18,28,32,32,33491,0,4,4.69188810244535,0.8350240000254416,42.157535999990614,21998.0
1780243679,50,,Aggregated,1646.100000,0.000000,43,45,46,46,48,50,53,57,69,82,85,167347,0,43,29.450886503140193,0.8350240000254416,85.47844200006693,14890.693959258308
1780243680,50,GET,REST/listar-musicas,329.300000,0.000000,4,5,5,6,8,10,13,17,28,43,43,33821,0,4,4.749897675881378,1.1260910000601143,47.922746999915944,50889.0
1780243680,50,GET,REST/listar-musicas-playlist,329.100000,0.000000,45,46,47,48,50,52,58,63,71,82,82,33793,0,45,45.915210262096096,9.925686999963546,82.36999500002185,300.0
1780243680,50,GET,REST/listar-playlists-musica,329.100000,0.000000,45,46,47,47,50,52,56,62,70,75,75,33778,0,45,45.899544961187985,10.218787999974666,85.47844200006693,511.0
1780243680,50,GET,REST/listar-playlists-usuario,329.400000,0.000000,45,46,47,48,50,51,55,60,78,85,85,33804,0,45,46.043924136344444,40.58283899996695,85.3076380000175,712.0
1780243680,50,GET,REST/listar-usuarios,329.000000,0.000000,4,5,6,6,8,10,13,18,35,51,51,33825,0,4,4.693911713348006,0.8350240000254416,50.68145400002777,21998.0
1780243680,50,,Aggregated,1645.900000,0.000000,43,45,46,46,48,50,53,58,70,82,85,169021,0,43,29.451335600848342,0.8350240000254416,85.47844200006693,14889.665337443277
1780243681,50,GET,REST/listar-musicas,329.900000,0.000000,4,5,5,6,8,10,13,17,27,43,43,34153,0,4,4.747099944104023,1.1260910000601143,47.922746999915944,50889.0
1780243681,50,GET,REST/listar-musicas-playlist,330.100000,0.000000,45,46,47,48,50,52,58,63,71,82,82,34127,0,45,45.91126675711351,9.925686999963546,82.36999500002185,300.0
1780243681,50,GET,REST/listar-playlists-musica,329.200000,0.000000,45,46,47,47,50,52,56,61,70,75,75,34110,0,45,45.89572791468795,10.218787999974666,85.47844200006693,511.0
1780243681,50,GET,REST/listar-playlists-usuario,330.500000,0.000000,45,46,47,48,49,51,54,60,78,85,85,34147,0,45,46.03893636732334,40.58283899996695,85.3076380000175,712.0
1780243681,50,GET,REST/listar-usuarios,329.400000,0.000000,4,5,5,6,8,10,13,17,35,51,51,34156,0,4,4.689515472332732,0.8350240000254416,50.68145400002777,21998.0
1780243681,50,,Aggregated,1649.100000,0.000000,43,44,46,46,48,50,53,57,70,82,85,170693,0,43,29.44884344870027,0.8350240000254416,85.47844200006693,14888.464547462403
1780243682,50,GET,REST/listar-musicas,331.400000,0.000000,4,5,6,7,9,11,15,20,37,43,43,34472,0,4,4.76438025171114,1.1260910000601143,47.922746999915944,50889.0
1780243682,50,GET,REST/listar-musicas-playlist,329.500000,0.000000,45,46,47,48,50,52,59,64,74,82,82,34444,0,45,45.921703856753304,9.925686999963546,82.36999500002185,300.0
1780243682,50,GET,REST/listar-playlists-musica,330.600000,0.000000,45,46,47,48,50,53,58,65,71,75,75,34427,0,45,45.912828532285886,10.218787999974666,85.47844200006693,511.0
1780243682,50,GET,REST/listar-playlists-usuario,330.100000,0.000000,45,46,47,48,50,51,55,60,80,85,85,34458,0,45,46.04648007197139,40.58283899996695,85.3076380000175,712.0
1780243682,50,GET,REST/listar-usuarios,331.000000,0.000000,4,5,6,6,8,11,16,19,50,51,51,34476,0,4,4.706523701850427,0.8350240000254416,50.68145400002777,21998.0
1780243682,50,,Aggregated,1652.600000,0.000000,43,45,46,46,48,51,54,59,70,82,85,172277,0,43,29.461492555738765,0.8350240000254416,85.47844200006693,14889.440546329457
1780243683,50,GET,REST/listar-musicas,330.900000,0.000000,4,5,6,7,9,11,14,20,29,37,37,34803,0,4,4.762454258885332,1.1260910000601143,47.922746999915944,50889.0
1780243683,50,GET,REST/listar-musicas-playlist,331.100000,0.000000,45,47,47,48,50,52,58,63,70,71,71,34772,0,45,45.9254025569715,9.925686999963546,82.36999500002185,300.0
1780243683,50,GET,REST/listar-playlists-musica,330.400000,0.000000,45,46,47,48,51,53,57,65,70,72,72,34756,0,45,45.919760237743304,10.218787999974666,85.47844200006693,511.0
1780243683,50,GET,REST/listar-playlists-usuario,330.400000,0.000000,45,46,47,48,50,52,54,59,69,69,69,34789,0,45,46.04661236146458,40.58283899996695,85.3076380000175,712.0
1780243683,50,GET,REST/listar-usuarios,330.100000,0.000000,4,5,6,6,9,11,16,19,50,51,51,34804,0,4,4.704739804303992,0.8350240000254416,50.68145400002777,21998.0
1780243683,50,,Aggregated,1652.900000,0.000000,43,45,46,47,49,51,54,58,69,71,72,173924,0,43,29.4629397995562,0.8350240000254416,85.47844200006693,14889.664123410224
1780243684,50,GET,REST/listar-musicas,329.200000,0.000000,4,5,6,7,9,11,14,19,29,37,37,35143,0,4,4.7581392671936635,1.1260910000601143,47.922746999915944,50889.0
1780243684,50,GET,REST/listar-musicas-playlist,329.500000,0.000000,45,47,47,48,50,53,58,63,70,71,71,35105,0,45,45.92825941142332,9.925686999963546,82.36999500002185,300.0
1780243684,50,GET,REST/listar-playlists-musica,329.700000,0.000000,45,47,47,48,51,53,57,65,70,72,72,35097,0,45,45.917855420235576,10.218787999974666,85.47844200006693,511.0
1780243684,50,GET,REST/listar-playlists-usuario,329.100000,0.000000,45,46,47,48,50,52,55,59,69,69,69,35119,0,45,46.044096839687604,40.58283899996695,85.3076380000175,712.0
1780243684,50,GET,REST/listar-usuarios,329.400000,0.000000,4,5,6,7,9,11,16,19,50,51,51,35147,0,4,4.701413107747329,0.8350240000254416,50.68145400002777,21998.0
1780243684,50,,Aggregated,1646.900000,0.000000,43,45,46,47,49,51,54,58,69,71,72,175611,0,43,29.459253748341524,0.8350240000254416,85.47844200006693,14891.01837584206
1780243685,50,GET,REST/listar-musicas,327.600000,0.000000,4,5,6,7,9,11,15,19,29,37,37,35476,0,4,4.755134510344648,1.1260910000601143,47.922746999915944,50889.0
1780243685,50,GET,REST/listar-musicas-playlist,328.100000,0.000000,45,47,47,48,50,53,58,63,70,71,71,35444,0,45,45.9247584003503,9.925686999963546,82.36999500002185,300.0
1780243685,50,GET,REST/listar-playlists-musica,327.200000,0.000000,45,47,47,48,51,53,57,64,70,72,72,35429,0,45,45.91518376222888,10.218787999974666,85.47844200006693,511.0
1780243685,50,GET,REST/listar-playlists-usuario,327.900000,0.000000,45,46,47,48,50,52,55,59,69,69,69,35460,0,45,46.04172441923266,40.58283899996695,85.3076380000175,712.0
1780243685,50,GET,REST/listar-usuarios,327.300000,0.000000,4,5,6,7,8,11,16,19,50,51,51,35478,0,4,4.697768171768267,0.8350240000254416,50.68145400002777,21998.0
1780243685,50,,Aggregated,1638.100000,0.000000,43,45,46,47,49,51,54,58,69,71,72,177287,0,43,29.45780740407923,0.8350240000254416,85.47844200006693,14889.80098371567
1780243686,50,GET,REST/listar-musicas,328.400000,0.000000,4,5,6,6,8,11,13,16,28,37,37,35814,0,4,4.749388494694435,1.1260910000601143,47.922746999915944,50889.0
1780243686,50,GET,REST/listar-musicas-playlist,327.800000,0.000000,45,46,47,48,50,52,58,63,71,72,72,35779,0,45,45.925243886526076,9.925686999963546,82.36999500002185,300.0
1780243686,50,GET,REST/listar-playlists-musica,327.900000,0.000000,45,46,47,48,50,52,56,62,70,72,72,35765,0,45,45.91133538996241,10.218787999974666,85.47844200006693,511.0
1780243686,50,GET,REST/listar-playlists-usuario,328.100000,0.000000,45,46,47,48,50,51,54,59,69,71,71,35795,0,45,46.04152957446538,40.58283899996695,85.3076380000175,712.0
1780243686,50,GET,REST/listar-usuarios,328.200000,0.000000,4,5,6,6,8,10,14,18,35,51,51,35814,0,4,4.6916732169820206,0.8350240000254416,50.68145400002777,21998.0
1780243686,50,,Aggregated,1640.400000,0.000000,43,45,46,46,48,50,53,57,69,72,72,178967,0,43,29.45435162067868,0.8350240000254416,85.47844200006693,14890.29079662731
1780243687,50,GET,REST/listar-musicas,327.000000,0.000000,4,5,6,6,8,11,14,19,38,47,47,36138,0,4,4.752725427472092,1.1260910000601143,47.922746999915944,50889.0
1780243687,50,GET,REST/listar-musicas-playlist,327.200000,0.000000,45,46,47,48,50,52,57,62,72,80,80,36106,0,45,45.92655552456695,9.925686999963546,82.36999500002185,300.0
1780243687,50,GET,REST/listar-playlists-musica,327.100000,0.000000,45,46,47,48,50,52,56,64,74,81,81,36093,0,45,45.91524600543059,10.218787999974666,85.47844200006693,511.0
1780243687,50,GET,REST/listar-playlists-usuario,326.500000,0.000000,45,46,47,48,50,51,55,59,71,84,84,36120,0,45,46.04466936198751,40.58283899996695,85.3076380000175,712.0
1780243687,50,GET,REST/listar-usuarios,327.100000,0.000000,4,5,6,6,8,11,14,17,38,51,51,36143,0,4,4.691860537060911,0.8350240000254416,50.68145400002777,21998.0
1780243687,50,,Aggregated,1634.900000,0.000000,43,45,46,46,48,50,53,57,71,81,84,180600,0,43,29.456857984983348,0.8350240000254416,85.47844200006693,14889.773859357696
1780243688,50,GET,REST/listar-musicas,327.600000,0.000000,4,5,6,7,9,11,15,22,44,47,47,36461,0,4,4.762920920435134,1.1260910000601143,47.922746999915944,50889.0
1780243688,50,GET,REST/listar-musicas-playlist,327.200000,0.000000,45,47,47,48,50,53,59,63,77,80,80,36427,0,45,45.931928006232056,9.925686999963546,82.36999500002185,300.0
1780243688,50,GET,REST/listar-playlists-musica,327.200000,0.000000,45,47,47,48,50,52,57,65,75,81,81,36413,0,45,45.91893332408769,10.218787999974666,85.47844200006693,511.0
1780243688,50,GET,REST/listar-playlists-usuario,327.000000,0.000000,45,46,47,48,50,52,56,62,75,84,84,36452,0,45,46.05503183441207,40.58283899996695,85.3076380000175,712.0
1780243688,50,GET,REST/listar-usuarios,327.500000,0.000000,4,5,6,6,8,11,15,20,38,51,51,36463,0,4,4.701682474946967,0.8350240000254416,50.68145400002777,21998.0
1780243688,50,,Aggregated,1636.500000,0.000000,43,45,46,47,49,51,54,59,74,81,84,182216,0,43,29.465605593389085,0.8350240000254416,85.47844200006693,14889.284530447381
1780243689,50,GET,REST/listar-musicas,328.600000,0.000000,4,5,6,7,9,11,14,20,44,47,47,36795,0,4,4.760898754477106,1.1260910000601143,47.922746999915944,50889.0
1780243689,50,GET,REST/listar-musicas-playlist,328.400000,0.000000,45,47,47,48,50,52,57,61,77,80,80,36766,0,45,45.92764619335844,9.925686999963546,82.36999500002185,300.0
1780243689,50,GET,REST/listar-playlists-musica,328.400000,0.000000,45,46,47,48,50,52,56,63,75,81,81,36749,0,45,45.91262643299154,10.218787999974666,85.47844200006693,511.0
1780243689,50,GET,REST/listar-playlists-usuario,327.600000,0.000000,45,47,48,48,50,52,55,62,79,84,84,36771,0,45,46.054625059394255,40.58283899996695,85.3076380000175,712.0
1780243689,50,GET,REST/listar-usuarios,328.400000,0.000000,4,5,6,6,8,11,15,19,37,38,38,36798,0,4,4.700691345915315,0.8350240000254416,50.68145400002777,21998.0
1780243689,50,,Aggregated,1641.400000,0.000000,43,45,46,47,49,51,53,58,74,81,84,183879,0,43,29.462020549426512,0.8350240000254416,85.47844200006693,14889.860451710092
1780243690,50,GET,REST/listar-musicas,327.400000,0.000000,4,5,6,7,9,11,14,19,44,47,47,37124,0,4,4.75522510621122,1.1260910000601143,47.922746999915944,50889.0
1780243690,50,GET,REST/listar-musicas-playlist,327.200000,0.000000,45,46,47,48,50,52,57,61,77,80,80,37107,0,45,45.91955872458076,9.925686999963546,82.36999500002185,300.0
1780243690,50,GET,REST/listar-playlists-musica,327.900000,0.000000,45,46,47,48,50,52,56,63,75,81,81,37084,0,45,45.90637747101198,10.218787999974666,85.47844200006693,511.0
1780243690,50,GET,REST/listar-playlists-usuario,327.300000,0.000000,45,47,48,48,50,52,55,62,75,84,84,37123,0,45,46.049642727607846,40.58283899996695,85.3076380000175,712.0
1780243690,50,GET,REST/listar-usuarios,327.500000,0.000000,4,5,6,6,8,11,15,20,37,38,38,37128,0,4,4.697167101459594,0.8350240000254416,50.68145400002777,21998.0
1780243690,50,,Aggregated,1637.300000,0.000000,43,45,46,47,49,51,53,58,74,81,84,185566,0,43,29.459919660341757,0.8350240000254416,85.47844200006693,14886.663397389608
1780243691,50,GET,REST/listar-musicas,327.300000,0.000000,4,5,6,6,8,10,13,17,44,47,47,37475,0,4,4.758848511460613,1.1260910000601143,47.922746999915944,50889.0
1780243691,50,GET,REST/listar-musicas-playlist,328.100000,0.000000,45,46,47,48,50,52,57,61,77,80,80,37436,0,45,45.91724150171012,9.925686999963546,82.36999500002185,300.0
1780243691,50,GET,REST/listar-playlists-musica,327.500000,0.000000,45,46,47,48,50,52,54,61,75,81,81,37425,0,45,45.905275907815906,10.218787999974666,85.47844200006693,511.0
1780243691,50,GET,REST/listar-playlists-usuario,326.900000,0.000000,45,46,47,48,50,51,55,61,75,84,84,37453,0,45,46.04650888014274,40.58283899996695,85.3076380000175,712.0
1780243691,50,GET,REST/listar-usuarios,327.500000,0.000000,4,5,6,6,8,10,14,20,37,38,38,37475,0,4,4.7001618416542446,0.8350240000254416,50.68145400002777,21998.0
1780243691,50,,Aggregated,1637.300000,0.000000,43,45,46,46,48,50,53,57,74,81,84,187264,0,43,29.455843695419226,0.8350240000254416,85.47844200006693,14890.538683356117
