Timestamp,User Count,Type,Name,Requests/s,Failures/s,50%,66%,75%,80%,90%,95%,98%,99%,99.9%,99.99%,100%,Total Request Count,Total Failure Count,Total Median Response Time,Total Average Response Time,Total Min Response Time,Total Max Response Time,Total Average Content Size
1781108350,0,,Aggregated,0.000000,0.000000,N/A,N/A,N/A,N/A,N/A,N/A,N/A,N/A,N/A,N/A,N/A,0,0,0,0.0,0,0,0
1781108351,10,gRPC,gRPC/listar-musicas,0.000000,0.000000,0,0,0,0,0,0,0,0,0,0,0,141,0,12,12.019646290787184,4.328965000240714,18.80214800075919,24374.0
1781108351,10,gRPC,gRPC/listar-musicas-playlist,0.000000,0.000000,0,0,0,0,0,0,0,0,0,0,0,137,0,11,11.627898087615002,8.545263000087289,18.3081029999812,14583.0
1781108351,10,gRPC,gRPC/listar-playlists,0.000000,0.000000,0,0,0,0,0,0,0,0,0,0,0,139,0,12,12.192213503616546,8.858977999807394,16.40267099992343,22473.0
1781108351,10,gRPC,gRPC/listar-playlists-musica,0.000000,0.000000,0,0,0,0,0,0,0,0,0,0,0,134,0,12,11.842072850745964,9.004875999380602,16.365423000024748,16984.0
1781108351,10,gRPC,gRPC/listar-playlists-usuario,0.000000,0.000000,0,0,0,0,0,0,0,0,0,0,0,138,0,12,11.798636572482634,8.573987999625388,16.776435999418027,16978.0
1781108351,10,gRPC,gRPC/listar-usuarios,0.000000,0.000000,0,0,0,0,0,0,0,0,0,0,0,143,0,11,11.239247272744404,5.435588000182179,16.25067599979957,15097.0
1781108351,10,,Aggregated,0.000000,0.000000,0,0,0,0,0,0,0,0,0,0,0,832,0,12,11.784581503620144,4.328965000240714,18.80214800075919,18432.743990384617
1781108352,20,gRPC,gRPC/listar-musicas,0.000000,0.000000,38,39,39,39,41,43,45,45,46,46,46,289,0,17,25.269557031134326,4.328965000240714,45.7160460000523,24374.0
1781108352,20,gRPC,gRPC/listar-musicas-playlist,0.000000,0.000000,17,18,18,18,19,19,20,21,22,22,22,281,0,15,14.567212377232702,4.820254999685858,22.480560999611043,14583.0
1781108352,20,gRPC,gRPC/listar-playlists,0.000000,0.000000,17,18,19,19,21,21,22,23,23,23,23,286,0,16,15.309384286713037,8.858977999807394,23.299166000469995,22473.0
1781108352,20,gRPC,gRPC/listar-playlists-musica,0.000000,0.000000,16,17,17,18,18,19,20,21,22,22,22,278,0,15,14.514452363308912,9.004875999380602,22.07641099994362,16984.0
1781108352,20,gRPC,gRPC/listar-playlists-usuario,0.000000,0.000000,17,18,19,19,19,21,22,23,23,23,23,284,0,16,15.041974926060915,7.78348800031381,23.19562600041536,16978.0
1781108352,20,gRPC,gRPC/listar-usuarios,0.000000,0.000000,23,24,26,28,33,34,39,44,48,48,48,295,0,15,18.58383412204063,5.435588000182179,48.44191799929831,15097.0
1781108352,20,,Aggregated,0.000000,0.000000,17,19,21,23,37,39,41,43,47,48,48,1713,0,15,17.258576922360362,4.328965000240714,48.44191799929831,18427.382370110918
1781108353,30,gRPC,gRPC/listar-musicas,82.000000,0.000000,38,39,40,41,43,47,52,53,55,55,55,433,0,37,30.117939346422535,4.328965000240714,55.356484999720124,24374.0
1781108353,30,gRPC,gRPC/listar-musicas-playlist,76.000000,0.000000,18,23,24,24,27,31,34,35,36,36,36,422,0,18,18.26842408769084,4.820254999685858,36.369976999594655,14583.0
1781108353,30,gRPC,gRPC/listar-playlists,80.000000,0.000000,20,23,24,25,27,30,33,34,36,36,36,430,0,18,18.690345516279194,8.858977999807394,35.571308000726276,22473.0
1781108353,30,gRPC,gRPC/listar-playlists-musica,74.000000,0.000000,18,24,25,26,28,32,35,37,38,38,38,418,0,17,18.598503263148995,9.004875999380602,37.705269000070984,16984.0
1781108353,30,gRPC,gRPC/listar-playlists-usuario,78.000000,0.000000,19,28,29,30,33,37,43,45,48,48,48,425,0,18,20.45767713411752,7.78348800031381,47.780380000403966,16978.0
1781108353,30,gRPC,gRPC/listar-usuarios,83.000000,0.000000,29,55,56,57,64,70,78,80,84,84,84,439,0,24,31.9295452186794,5.435588000182179,83.59570700031327,15097.0
1781108353,30,,Aggregated,473.000000,0.000000,23,27,32,36,41,56,63,69,80,84,84,2567,0,19,23.090357916245825,4.328965000240714,83.59570700031327,18431.594468250878
1781108354,40,gRPC,gRPC/listar-musicas,111.000000,0.000000,37,38,39,40,42,45,51,53,55,55,55,589,0,37,31.576764312385592,4.328965000240714,55.356484999720124,24374.0
1781108354,40,gRPC,gRPC/listar-musicas-playlist,107.000000,0.000000,23,28,32,33,35,37,40,42,45,45,45,569,0,22,22.362227054489136,4.820254999685858,44.66719199990621,14583.0
1781108354,40,gRPC,gRPC/listar-playlists,109.500000,0.000000,24,28,52,55,58,60,62,64,66,66,66,580,0,22,27.86143586379161,8.858977999807394,65.86195999989286,22473.0
1781108354,40,gRPC,gRPC/listar-playlists-musica,105.500000,0.000000,25,29,33,34,37,38,40,43,46,46,46,564,0,22,22.875622673756286,9.004875999380602,45.74604600020393,16984.0
1781108354,40,gRPC,gRPC/listar-playlists-usuario,108.500000,0.000000,29,34,37,37,40,42,44,46,48,48,48,574,0,23,25.003453212537966,7.78348800031381,47.780380000403966,16978.0
1781108354,40,gRPC,gRPC/listar-usuarios,114.000000,0.000000,55,61,64,65,70,73,79,83,97,97,97,594,0,38,40.74008385015974,5.435588000182179,97.0917479999116,15097.0
1781108354,40,,Aggregated,655.500000,0.000000,29,36,38,40,56,64,69,73,94,97,97,3470,0,25,28.51178596944924,4.328965000240714,97.0917479999116,18438.13227665706
1781108355,50,gRPC,gRPC/listar-musicas,121.666667,0.000000,38,39,41,42,47,51,52,57,64,64,64,744,0,38,34.142003780902755,4.328965000240714,63.793440999688755,24374.0
1781108355,50,gRPC,gRPC/listar-musicas-playlist,117.666667,0.000000,28,34,37,40,47,49,53,55,64,64,64,722,0,24,27.180145729928167,4.820254999685858,63.85120600043592,14583.0
1781108355,50,gRPC,gRPC/listar-playlists,120.333333,0.000000,27,45,51,53,57,60,62,64,68,68,68,737,0,25,31.848420689282875,8.858977999807394,68.42749800034653,22473.0
1781108355,50,gRPC,gRPC/listar-playlists-musica,116.333333,0.000000,29,36,38,40,46,49,51,53,65,65,65,716,0,26,27.58441245670035,9.004875999380602,64.59904499934055,16984.0
1781108355,50,gRPC,gRPC/listar-playlists-usuario,119.000000,0.000000,33,38,40,41,48,49,53,57,63,63,63,730,0,30,29.277278442457654,7.78348800031381,62.72841400004836,16978.0
1781108355,50,gRPC,gRPC/listar-usuarios,123.666667,0.000000,60,67,74,86,98,100,100,110,120,120,120,750,0,57,51.83151915198565,5.435588000182179,117.10603000028641,15097.0
1781108355,50,,Aggregated,718.666667,0.000000,36,40,45,49,60,70,97,100,110,120,120,4399,0,33,33.75642055557673,4.328965000240714,117.10603000028641,18436.694021368494
1781108356,60,gRPC,gRPC/listar-musicas,130.250000,0.000000,39,42,45,47,55,69,77,86,88,88,88,894,0,38,38.08348986017265,4.328965000240714,88.09648900023603,24374.0
1781108356,60,gRPC,gRPC/listar-musicas-playlist,125.250000,0.000000,33,40,45,47,55,69,79,86,90,90,90,864,0,31,32.44205079283065,4.820254999685858,90.17313200001809,14583.0
1781108356,60,gRPC,gRPC/listar-playlists,128.000000,0.000000,41,53,57,60,76,90,100,100,110,110,110,882,0,33,39.49522577891199,8.858977999807394,114.26992999986396,22473.0
1781108356,60,gRPC,gRPC/listar-playlists-musica,124.000000,0.000000,33,40,45,47,57,69,77,88,92,92,92,856,0,32,32.78420462499109,9.004875999380602,92.40812400003051,16984.0
1781108356,60,gRPC,gRPC/listar-playlists-usuario,126.500000,0.000000,37,41,45,48,57,67,79,87,91,91,91,874,0,36,34.03258327573081,7.78348800031381,91.0137830005624,16978.0
1781108356,60,gRPC,gRPC/listar-usuarios,131.500000,0.000000,65,78,91,96,100,110,120,130,150,150,150,902,0,64,59.37195617181771,5.435588000182179,151.3460070000292,15097.0
1781108356,60,,Aggregated,765.500000,0.000000,38,47,53,59,74,91,100,110,140,150,150,5272,0,37,39.50542912859656,4.328965000240714,151.3460070000292,18438.130500758725
1781108357,70,gRPC,gRPC/listar-musicas,134.200000,0.000000,40,46,52,60,67,72,83,87,96,96,96,1048,0,39,42.197024624040935,4.328965000240714,96.16542999992816,24374.0
1781108357,70,gRPC,gRPC/listar-musicas-playlist,130.000000,0.000000,36,47,53,61,68,73,83,87,90,90,90,1017,0,34,37.55357457816877,4.820254999685858,90.17313200001809,14583.0
1781108357,70,gRPC,gRPC/listar-playlists,132.800000,0.000000,50,59,65,68,80,90,98,100,110,110,110,1037,0,44,44.157496233371184,8.858977999807394,114.26992999986396,22473.0
1781108357,70,gRPC,gRPC/listar-playlists-musica,128.400000,0.000000,37,46,54,60,70,73,85,89,97,97,97,1007,0,36,38.04372787883849,9.004875999380602,96.56490300039877,16984.0
1781108357,70,gRPC,gRPC/listar-playlists-usuario,131.400000,0.000000,40,47,53,60,69,72,85,88,96,96,96,1027,0,38,38.95768746542185,7.78348800031381,96.37982299955183,16978.0
1781108357,70,gRPC,gRPC/listar-usuarios,135.600000,0.000000,72,94,100,100,120,120,130,140,150,150,150,1058,0,68,67.52762874667377,5.435588000182179,151.3460070000292,15097.0
1781108357,70,,Aggregated,792.400000,0.000000,43,56,64,68,83,99,110,120,140,150,150,6194,0,40,44.87723619001588,4.328965000240714,151.3460070000292,18435.790119470454
1781108358,80,gRPC,gRPC/listar-musicas,137.000000,0.000000,43,53,65,67,77,88,100,110,120,120,120,1194,0,41,47.131994271353314,4.328965000240714,118.27897300008772,24374.0
1781108358,80,gRPC,gRPC/listar-musicas-playlist,131.833333,0.000000,41,55,65,69,77,86,100,110,110,120,120,1160,0,39,43.032604534483525,4.820254999685858,116.14153099981195,14583.0
1781108358,80,gRPC,gRPC/listar-playlists,134.833333,0.000000,54,65,71,75,87,100,110,110,120,120,120,1182,0,52,49.26034176904456,8.858977999807394,124.90278499990382,22473.0
1781108358,80,gRPC,gRPC/listar-playlists-musica,130.666667,0.000000,42,56,66,69,77,89,100,110,120,120,120,1147,0,39,43.58695431996351,9.004875999380602,118.22934199972224,16984.0
1781108358,80,gRPC,gRPC/listar-playlists-usuario,133.666667,0.000000,42,55,65,69,78,89,100,110,120,120,120,1170,0,40,44.448616209388284,7.78348800031381,116.7431369995029,16978.0
1781108358,80,gRPC,gRPC/listar-usuarios,138.166667,0.000000,83,100,110,120,130,140,160,170,180,180,180,1205,0,75,75.83480256512432,5.435588000182179,176.79101700014144,15097.0
1781108358,80,,Aggregated,806.166667,0.000000,48,65,71,76,96,110,130,140,170,180,180,7058,0,45,50.694134464715916,4.328965000240714,176.79101700014144,18435.635449135734
1781108359,90,gRPC,gRPC/listar-musicas,139.000000,0.000000,46,65,70,74,86,98,110,120,140,140,140,1348,0,44,51.75567977002622,4.328965000240714,140.5319880004754,24374.0
1781108359,90,gRPC,gRPC/listar-musicas-playlist,134.571429,0.000000,47,65,71,74,85,96,110,120,140,140,140,1308,0,44,48.08181528363619,4.820254999685858,140.84871599970938,14583.0
1781108359,90,gRPC,gRPC/listar-playlists,137.428571,0.000000,59,71,78,83,100,110,120,120,140,140,140,1335,0,56,54.828106989517735,8.858977999807394,142.06973499949527,22473.0
1781108359,90,gRPC,gRPC/listar-playlists-musica,133.285714,0.000000,46,66,72,75,85,97,110,110,140,140,140,1293,0,44,48.53389453828338,9.004875999380602,140.3159980000055,16984.0
1781108359,90,gRPC,gRPC/listar-playlists-usuario,136.000000,0.000000,47,65,72,75,87,99,110,120,140,140,140,1319,0,44,49.40240476268439,7.78348800031381,140.5551990001186,16978.0
1781108359,90,gRPC,gRPC/listar-usuarios,140.571429,0.000000,92,110,120,120,140,150,170,180,190,190,190,1364,0,88,82.07141282329555,5.435588000182179,190.29809499988914,15097.0
1781108359,90,,Aggregated,820.857143,0.000000,56,70,78,84,100,120,130,140,190,190,190,7967,0,51,55.94511085263645,4.328965000240714,190.29809499988914,18435.89469059872
1781108360,100,gRPC,gRPC/listar-musicas,140.250000,0.000000,52,70,77,83,100,110,130,130,140,150,150,1502,0,48,56.96515012050317,4.328965000240714,146.83008199972392,24374.0
1781108360,100,gRPC,gRPC/listar-musicas-playlist,136.000000,0.000000,51,70,77,82,100,110,130,130,140,150,150,1453,0,48,53.56456541706461,4.820254999685858,145.7941850003408,14583.0
1781108360,100,gRPC,gRPC/listar-playlists,138.750000,0.000000,64,77,87,92,110,120,130,130,140,150,150,1488,0,60,59.93077420363269,8.858977999807394,145.7859689999168,22473.0
1781108360,100,gRPC,gRPC/listar-playlists-musica,134.625000,0.000000,51,71,78,83,100,110,120,130,140,140,140,1439,0,49,53.95228450729569,9.004875999380602,140.3159980000055,16984.0
1781108360,100,gRPC,gRPC/listar-playlists-usuario,137.375000,0.000000,51,71,78,83,99,110,120,130,140,150,150,1468,0,48,54.607738715244714,7.78348800031381,147.19919999970443,16978.0
1781108360,100,gRPC,gRPC/listar-usuarios,141.625000,0.000000,99,120,130,130,150,160,180,190,200,210,210,1517,0,96,89.35103301712235,5.435588000182179,209.3449049998526,15097.0
1781108360,100,,Aggregated,828.625000,0.000000,63,77,88,96,110,130,150,160,190,210,210,8867,0,59,61.56704364203791,4.328965000240714,209.3449049998526,18439.66392240893
1781108361,110,gRPC,gRPC/listar-musicas,141.666667,0.000000,66,79,90,97,110,120,140,140,150,150,150,1661,0,55,61.99439459421477,4.328965000240714,148.65014699989842,24374.0
1781108361,110,gRPC,gRPC/listar-musicas-playlist,137.111111,0.000000,67,79,89,96,110,130,140,140,150,150,150,1605,0,56,59.157337249843515,4.820254999685858,148.08859000004304,14583.0
1781108361,110,gRPC,gRPC/listar-playlists,140.000000,0.000000,72,88,97,100,110,120,140,140,150,150,150,1644,0,65,64.59253280535643,8.858977999807394,147.74299100008648,22473.0
1781108361,110,gRPC,gRPC/listar-playlists-musica,134.777778,0.000000,68,80,90,96,110,120,140,140,150,150,150,1593,0,58,59.253958310105155,9.004875999380602,147.6957479999328,16984.0
1781108361,110,gRPC,gRPC/listar-playlists-usuario,138.555556,0.000000,67,80,90,97,110,120,130,140,150,150,150,1622,0,58,59.82860449998461,7.78348800031381,147.6097730001129,16978.0
1781108361,110,gRPC,gRPC/listar-usuarios,143.222222,0.000000,110,130,140,150,160,180,190,200,200,210,210,1675,0,100.0,96.25844289192344,5.435588000182179,209.3449049998526,15097.0
1781108361,110,,Aggregated,835.333333,0.000000,72,89,100,100,130,140,160,170,200,210,210,9800,0,65,67.01803913978999,4.328965000240714,209.3449049998526,18440.596326530613
1781108362,120,gRPC,gRPC/listar-musicas,142.500000,0.000000,73,91,100,110,120,140,140,150,170,170,170,1820,0,64,67.0419615977967,4.328965000240714,170.9865250004441,24374.0
1781108362,120,gRPC,gRPC/listar-musicas-playlist,137.500000,0.000000,74,90,100,110,130,140,150,150,170,170,170,1761,0,64,64.78656425155785,4.820254999685858,166.4404539997122,14583.0
1781108362,120,gRPC,gRPC/listar-playlists,141.000000,0.000000,82,96,100,110,120,130,140,150,160,160,160,1796,0,70,69.12931238474854,8.858977999807394,156.88835799937806,22473.0
1781108362,120,gRPC,gRPC/listar-playlists-musica,136.100000,0.000000,74,90,100,100,120,140,140,150,160,160,160,1739,0,66,64.28482856354104,9.004875999380602,162.01799800001027,16984.0
1781108362,120,gRPC,gRPC/listar-playlists-usuario,139.700000,0.000000,75,91,100,110,130,130,140,150,160,160,160,1777,0,64,65.39518939109136,7.78348800031381,161.30891000011616,16978.0
1781108362,120,gRPC,gRPC/listar-usuarios,143.900000,0.000000,120,140,150,160,180,190,200,210,220,220,220,1834,0,100.0,102.91981451852111,5.435588000182179,217.05673599990405,15097.0
1781108362,120,,Aggregated,840.700000,0.000000,82,100,110,120,140,150,170,190,210,220,220,10727,0,70,72.4354677957425,4.328965000240714,217.05673599990405,18439.06320499674
1781108363,130,gRPC,gRPC/listar-musicas,149.800000,0.000000,83,100,110,120,130,140,160,170,180,190,190,1957,0,67,71.57028685691648,4.328965000240714,188.89407700044103,24374.0
1781108363,130,gRPC,gRPC/listar-musicas-playlist,144.600000,0.000000,83,100,110,120,140,150,160,170,180,190,190,1899,0,69,69.9054629304887,4.820254999685858,190.76052099990193,14583.0
1781108363,130,gRPC,gRPC/listar-playlists,148.000000,0.000000,91,100,110,120,130,140,160,160,180,190,190,1942,0,74,73.63774954119647,8.858977999807394,188.8242770000943,22473.0
1781108363,130,gRPC,gRPC/listar-playlists-musica,143.200000,0.000000,84,100,110,110,130,140,160,170,180,180,180,1883,0,70,69.07383466223807,9.004875999380602,183.66298700038897,16984.0
1781108363,130,gRPC,gRPC/listar-playlists-usuario,146.700000,0.000000,84,100,110,120,130,140,160,170,180,190,190,1918,0,69,70.52237290509377,7.78348800031381,188.49793200024578,16978.0
1781108363,130,gRPC,gRPC/listar-usuarios,151.200000,0.000000,130,150,160,170,190,200,210,220,240,240,240,1984,0,110.0,109.34960844504604,5.435588000182179,237.3483089995716,15097.0
1781108363,130,,Aggregated,883.500000,0.000000,94,110,120,130,150,160,190,200,230,240,240,11583,0,74,77.53566434852144,4.328965000240714,237.3483089995716,18435.01036001036
1781108364,140,gRPC,gRPC/listar-musicas,151.000000,0.000000,96,110,120,130,150,170,180,190,200,200,200,2116,0,71,77.28752086672442,4.328965000240714,203.237566000098,24374.0
1781108364,140,gRPC,gRPC/listar-musicas-playlist,145.800000,0.000000,96,110,120,130,150,170,180,190,200,200,200,2050,0,72,75.77359356243765,4.820254999685858,204.8991739993653,14583.0
1781108364,140,gRPC,gRPC/listar-playlists,149.700000,0.000000,100,110,120,130,140,160,180,190,200,200,200,2091,0,79,78.51882422524825,8.858977999807394,203.59288599956926,22473.0
1781108364,140,gRPC,gRPC/listar-playlists-musica,144.600000,0.000000,96,110,120,120,140,160,180,190,200,200,200,2030,0,73,74.49851039063707,9.004875999380602,203.4403610005029,16984.0
1781108364,140,gRPC,gRPC/listar-playlists-usuario,147.600000,0.000000,97,110,120,130,150,170,180,190,200,200,200,2074,0,73,76.63225822033608,7.78348800031381,203.42061100018327,16978.0
1781108364,140,gRPC,gRPC/listar-usuarios,152.700000,0.000000,150,160,180,180,200,220,230,250,260,260,260,2140,0,120.0,116.0158474957788,5.435588000182179,256.9042900004206,15097.0
1781108364,140,,Aggregated,891.400000,0.000000,100,120,130,140,160,180,200,210,250,260,260,12501,0,79,83.31336018677828,4.328965000240714,256.9042900004206,18435.249100071993
1781108365,150,gRPC,gRPC/listar-musicas,152.600000,0.000000,100,120,130,140,170,180,190,200,200,200,200,2270,0,76,82.60703422598567,4.328965000240714,203.237566000098,24374.0
1781108365,150,gRPC,gRPC/listar-musicas-playlist,147.500000,0.000000,110,120,140,140,160,180,190,200,200,200,200,2200,0,77,81.1018918404503,4.820254999685858,204.8991739993653,14583.0
1781108365,150,gRPC,gRPC/listar-playlists,151.100000,0.000000,110,120,130,140,160,170,180,190,200,200,200,2242,0,84,83.48435902764906,8.858977999807394,203.59288599956926,22473.0
1781108365,150,gRPC,gRPC/listar-playlists-musica,145.500000,0.000000,100,120,130,140,160,180,190,190,200,200,200,2181,0,78,79.87121141769799,9.004875999380602,203.4403610005029,16984.0
1781108365,150,gRPC,gRPC/listar-playlists-usuario,148.600000,0.000000,100,120,130,140,170,180,190,200,200,200,200,2225,0,78,81.87213812492955,7.78348800031381,203.42061100018327,16978.0
1781108365,150,gRPC,gRPC/listar-usuarios,153.500000,0.000000,160,180,190,200,220,230,240,250,260,260,260,2297,0,130.0,122.39045784195234,5.435588000182179,258.4698649998245,15097.0
1781108365,150,,Aggregated,898.800000,0.000000,110,130,150,160,180,190,210,230,250,260,260,13415,0,85,88.75211060565736,4.328965000240714,258.4698649998245,18433.992471114423
1781108366,160,gRPC,gRPC/listar-musicas,152.100000,0.000000,110,130,150,160,170,180,190,200,220,230,230,2433,0,82,87.63792787216956,4.328965000240714,229.34236099990812,24374.0
1781108366,160,gRPC,gRPC/listar-musicas-playlist,146.700000,0.000000,120,140,150,160,170,180,190,200,220,230,230,2363,0,82,86.54943123486939,4.820254999685858,229.29952999948,14583.0
1781108366,160,gRPC,gRPC/listar-playlists,151.400000,0.000000,120,130,140,160,170,180,190,200,230,230,230,2408,0,89,88.87287594268625,8.858977999807394,229.30710399941745,22473.0
1781108366,160,gRPC,gRPC/listar-playlists-musica,145.500000,0.000000,110,130,150,160,170,180,190,210,220,230,230,2339,0,83,85.27708151004741,9.004875999380602,226.59754200049065,16984.0
1781108366,160,gRPC,gRPC/listar-playlists-usuario,149.200000,0.000000,120,130,150,160,170,180,200,210,230,230,230,2385,0,83,87.02046277356861,7.78348800031381,231.50318300031358,16978.0
1781108366,160,gRPC,gRPC/listar-usuarios,153.400000,0.000000,170,190,200,210,230,240,250,260,270,270,270,2457,0,130.0,128.12159383881266,5.435588000182179,273.6852939997334,15097.0
1781108366,160,,Aggregated,898.300000,0.000000,120,140,160,170,180,200,220,230,260,270,270,14385,0,92,94.09432903857422,4.328965000240714,273.6852939997334,18435.035801181788
1781108367,170,gRPC,gRPC/listar-musicas,151.700000,0.000000,120,150,160,160,180,190,210,230,270,270,270,2590,0,87,92.98301593512868,4.328965000240714,271.2562489996344,24374.0
1781108367,170,gRPC,gRPC/listar-musicas-playlist,145.700000,0.000000,130,150,160,160,180,190,210,220,240,270,270,2518,0,88,91.7137208220808,4.820254999685858,265.94407800075714,14583.0
1781108367,170,gRPC,gRPC/listar-playlists,149.500000,0.000000,120,140,160,160,170,190,210,230,270,270,270,2565,0,94,94.04066643781195,8.858977999807394,272.3080910000135,22473.0
1781108367,170,gRPC,gRPC/listar-playlists-musica,144.500000,0.000000,120,150,160,160,180,190,210,230,270,270,270,2485,0,88,90.46903808531088,9.004875999380602,272.47396999973716,16984.0
1781108367,170,gRPC,gRPC/listar-playlists-usuario,147.700000,0.000000,130,150,160,160,180,190,220,230,270,270,270,2542,0,89,92.12390569038486,7.78348800031381,269.1641740002524,16978.0
1781108367,170,gRPC,gRPC/listar-usuarios,153.500000,0.000000,180,200,210,220,230,250,270,290,310,320,320,2615,0,140.0,134.19992146843578,5.435588000182179,319.28213799983496,15097.0
1781108367,170,,Aggregated,892.700000,0.000000,130,160,170,170,200,220,240,250,290,320,320,15315,0,97,99.4386413491269,4.328965000240714,319.28213799983496,18435.120470127327
1781108368,180,gRPC,gRPC/listar-musicas,152.700000,0.000000,140,160,170,170,190,210,260,270,300,300,300,2744,0,94,98.88775396282104,4.328965000240714,302.5712740000017,24374.0
1781108368,180,gRPC,gRPC/listar-musicas-playlist,147.200000,0.000000,140,160,170,170,180,200,240,270,270,300,300,2661,0,94,97.03538633934534,4.820254999685858,296.0011269997267,14583.0
1781108368,180,gRPC,gRPC/listar-playlists,151.100000,0.000000,140,160,170,170,190,210,250,270,300,300,300,2715,0,98,100.02903144051056,8.858977999807394,304.879088999769,22473.0
1781108368,180,gRPC,gRPC/listar-playlists-musica,145.500000,0.000000,130,160,170,170,180,210,250,270,300,300,300,2619,0,94,95.7621417556315,9.004875999380602,303.4951750005348,16984.0
1781108368,180,gRPC,gRPC/listar-playlists-usuario,149.000000,0.000000,140,160,170,170,190,210,240,270,300,300,300,2690,0,96,97.69563782229106,7.78348800031381,302.8542810006911,16978.0
1781108368,180,gRPC,gRPC/listar-usuarios,154.500000,0.000000,190,210,220,230,250,270,310,330,350,350,350,2768,0,140.0,140.56348186053566,5.435588000182179,346.5679310002088,15097.0
1781108368,180,,Aggregated,900.000000,0.000000,150,170,180,180,210,230,270,270,330,350,350,16197,0,100.0,105.19355516909806,4.328965000240714,346.5679310002088,18438.119775267023
1781108369,190,gRPC,gRPC/listar-musicas,153.000000,0.000000,150,170,170,180,210,250,270,290,310,310,310,2894,0,98,104.5538089139514,4.328965000240714,311.3472070008356,24374.0
1781108369,190,gRPC,gRPC/listar-musicas-playlist,146.900000,0.000000,160,170,170,180,200,220,270,270,310,310,310,2792,0,100.0,101.93338536139055,4.820254999685858,314.11265900078433,14583.0
1781108369,190,gRPC,gRPC/listar-playlists,150.200000,0.000000,150,170,180,180,200,230,270,270,310,310,310,2869,0,100.0,105.46602442139616,8.858977999807394,313.3533729996998,22473.0
1781108369,190,gRPC,gRPC/listar-playlists-musica,145.400000,0.000000,150,170,170,180,200,230,270,270,310,310,310,2765,0,98,101.24171961012522,9.004875999380602,313.71457099976396,16984.0
1781108369,190,gRPC,gRPC/listar-playlists-usuario,148.400000,0.000000,150,170,180,180,200,230,270,270,310,310,310,2839,0,100.0,103.13115942830765,7.78348800031381,310.44653200024186,16978.0
1781108369,190,gRPC,gRPC/listar-usuarios,154.600000,0.000000,200,220,230,230,260,300,330,340,360,360,360,2922,0,150.0,146.80050414304077,5.435588000182179,361.14444400027423,15097.0
1781108369,190,,Aggregated,898.500000,0.000000,160,170,180,200,220,250,280,310,350,360,360,17081,0,110.0,110.73312735998388,4.328965000240714,361.14444400027423,18441.769509981852
1781108370,200,gRPC,gRPC/listar-musicas,152.300000,0.000000,160,180,190,200,230,260,270,290,310,310,310,3049,0,100.0,110.41240087142239,4.328965000240714,311.3472070008356,24374.0
1781108370,200,gRPC,gRPC/listar-musicas-playlist,147.400000,0.000000,160,170,180,190,220,250,270,270,310,310,310,2939,0,100.0,107.65216788159452,4.820254999685858,314.11265900078433,14583.0
1781108370,200,gRPC,gRPC/listar-playlists,150.300000,0.000000,160,180,190,200,230,250,270,300,310,310,310,3008,0,110.0,110.88904993782745,8.858977999807394,313.3533729996998,22473.0
1781108370,200,gRPC,gRPC/listar-playlists-musica,146.500000,0.000000,160,170,180,190,230,250,270,290,310,310,310,2911,0,100.0,107.24108351288213,9.004875999380602,313.71457099976396,16984.0
1781108370,200,gRPC,gRPC/listar-playlists-usuario,148.800000,0.000000,160,180,180,190,220,250,270,290,310,310,310,2973,0,100.0,108.29806207667849,7.78348800031381,310.44653200024186,16978.0
1781108370,200,gRPC,gRPC/listar-usuarios,155.500000,0.000000,210,230,240,250,290,310,330,340,360,360,360,3076,0,150.0,153.25148064823318,5.435588000182179,361.14444400027423,15097.0
1781108370,200,,Aggregated,900.800000,0.000000,170,180,200,210,240,270,300,310,350,360,360,17956,0,110.0,116.51491874626227,4.328965000240714,361.14444400027423,18441.13037424816
1781108371,210,gRPC,gRPC/listar-musicas,151.500000,0.000000,170,180,200,210,240,260,280,290,310,310,310,3187,0,110.0,114.68486582804165,4.328965000240714,311.3472070008356,24374.0
1781108371,210,gRPC,gRPC/listar-musicas-playlist,147.700000,0.000000,170,180,190,200,230,250,270,270,310,310,310,3087,0,110.0,112.40877748753081,4.820254999685858,314.11265900078433,14583.0
1781108371,210,gRPC,gRPC/listar-playlists,150.500000,0.000000,170,190,200,210,240,260,290,300,310,310,310,3160,0,110.0,115.75743482151513,8.858977999807394,313.3533729996998,22473.0
1781108371,210,gRPC,gRPC/listar-playlists-musica,147.400000,0.000000,170,180,200,220,240,250,270,290,310,310,310,3062,0,110.0,112.49858148660924,9.004875999380602,313.71457099976396,16984.0
1781108371,210,gRPC,gRPC/listar-playlists-usuario,149.000000,0.000000,170,180,200,210,240,250,270,300,310,310,310,3126,0,110.0,113.42275281092742,7.78348800031381,310.44653200024186,16978.0
1781108371,210,gRPC,gRPC/listar-usuarios,154.400000,0.000000,220,240,260,270,300,320,330,340,360,360,360,3234,0,160.0,158.51093836764312,5.435588000182179,361.14444400027423,15097.0
1781108371,210,,Aggregated,900.500000,0.000000,180,200,220,220,250,270,300,310,350,360,360,18856,0,120.0,121.44434737027323,4.328965000240714,361.14444400027423,18435.207520152737
1781108372,220,gRPC,gRPC/listar-musicas,153.500000,0.000000,180,200,220,230,250,270,280,300,310,310,310,3358,0,110.0,120.16848855448931,4.328965000240714,311.3472070008356,24374.0
1781108372,220,gRPC,gRPC/listar-musicas-playlist,149.500000,0.000000,180,190,220,230,240,260,270,280,310,310,310,3256,0,110.0,118.16612217229931,4.820254999685858,314.11265900078433,14583.0
1781108372,220,gRPC,gRPC/listar-playlists,151.400000,0.000000,180,200,220,230,240,270,290,300,310,310,310,3330,0,110.0,121.40709925885533,8.858977999807394,313.3533729996998,22473.0
1781108372,220,gRPC,gRPC/listar-playlists-musica,148.100000,0.000000,180,200,220,230,240,260,270,290,310,310,310,3218,0,110.0,118.01222742262134,9.004875999380602,313.71457099976396,16984.0
1781108372,220,gRPC,gRPC/listar-playlists-usuario,149.900000,0.000000,180,190,220,230,240,260,270,300,310,310,310,3294,0,110.0,118.89663661413654,7.78348800031381,310.44653200024186,16978.0
1781108372,220,gRPC,gRPC/listar-usuarios,154.600000,0.000000,230,250,270,280,300,320,340,350,360,360,360,3392,0,160.0,164.03933700411773,5.435588000182179,361.14444400027423,15097.0
1781108372,220,,Aggregated,907.000000,0.000000,180,220,230,230,260,280,300,320,350,360,360,19848,0,120.0,126.98461400956728,4.328965000240714,361.14444400027423,18437.842503022974
1781108373,230,gRPC,gRPC/listar-musicas,153.300000,0.000000,180,220,230,240,260,280,300,310,350,360,360,3510,0,120.0,125.59564866551821,4.328965000240714,356.9016310002553,24374.0
1781108373,230,gRPC,gRPC/listar-musicas-playlist,148.600000,0.000000,180,210,230,230,260,270,300,310,350,350,350,3387,0,120.0,123.12879145615854,4.820254999685858,351.43208899989986,14583.0
1781108373,230,gRPC,gRPC/listar-playlists,151.700000,0.000000,190,220,230,240,260,280,310,320,350,350,350,3473,0,120.0,126.97069523552982,8.858977999807394,351.2495499999204,22473.0
1781108373,230,gRPC,gRPC/listar-playlists-musica,146.700000,0.000000,180,220,230,230,260,270,310,340,350,350,350,3353,0,110.0,123.63535405219093,9.004875999380602,351.2411589999829,16984.0
1781108373,230,gRPC,gRPC/listar-playlists-usuario,150.400000,0.000000,180,210,230,230,250,270,300,310,350,350,350,3422,0,120.0,123.45133245001983,7.78348800031381,351.43304000030184,16978.0
1781108373,230,gRPC,gRPC/listar-usuarios,154.600000,0.000000,240,270,280,290,320,340,360,380,400,400,400,3545,0,170.0,170.1907877836283,5.435588000182179,404.9189759998626,15097.0
1781108373,230,,Aggregated,905.300000,0.000000,200,230,240,240,270,300,320,350,380,400,400,20690,0,130.0,132.3911702515657,4.328965000240714,404.9189759998626,18441.712083131948
1781108374,240,gRPC,gRPC/listar-musicas,154.200000,0.000000,200,230,240,250,270,300,320,350,400,400,400,3644,0,120.0,130.56757088857557,4.328965000240714,395.7512520000819,24374.0
1781108374,240,gRPC,gRPC/listar-musicas-playlist,148.900000,0.000000,190,230,240,240,260,290,310,350,400,400,400,3531,0,120.0,128.42306525885135,4.820254999685858,396.716173000641,14583.0
1781108374,240,gRPC,gRPC/listar-playlists,152.100000,0.000000,200,230,240,250,270,300,350,370,400,400,400,3612,0,120.0,132.41532376633344,8.858977999807394,396.94880600018223,22473.0
1781108374,240,gRPC,gRPC/listar-playlists-musica,146.900000,0.000000,210,230,240,240,270,300,350,380,390,400,400,3504,0,120.0,129.88273819377824,9.004875999380602,395.09645999987697,16984.0
1781108374,240,gRPC,gRPC/listar-playlists-usuario,149.400000,0.000000,200,230,240,240,270,290,310,350,390,400,400,3568,0,120.0,129.08458649438487,7.78348800031381,395.1075380000475,16978.0
1781108374,240,gRPC,gRPC/listar-usuarios,154.400000,0.000000,260,280,290,300,330,350,380,400,440,440,440,3698,0,180.0,176.04424357624748,5.435588000182179,443.98274600007426,15097.0
1781108374,240,,Aggregated,905.900000,0.000000,210,230,250,260,290,310,350,370,410,440,440,21557,0,130.0,137.97043898403712,4.328965000240714,443.98274600007426,18434.94229252679
1781108375,250,gRPC,gRPC/listar-musicas,151.400000,0.000000,220,240,250,260,290,300,340,360,400,400,400,3802,0,130.0,135.9766106364989,4.328965000240714,395.7512520000819,24374.0
1781108375,250,gRPC,gRPC/listar-musicas-playlist,147.300000,0.000000,220,240,250,260,280,300,340,350,400,400,400,3691,0,130.0,134.6676582915193,4.820254999685858,396.716173000641,14583.0
1781108375,250,gRPC,gRPC/listar-playlists,150.200000,0.000000,220,240,250,260,290,300,350,370,400,400,400,3764,0,130.0,138.03844186556844,8.858977999807394,396.94880600018223,22473.0
1781108375,250,gRPC,gRPC/listar-playlists-musica,147.200000,0.000000,220,240,250,260,290,310,350,390,390,400,400,3631,0,120.0,134.6860810319485,9.004875999380602,395.09645999987697,16984.0
1781108375,250,gRPC,gRPC/listar-playlists-usuario,149.700000,0.000000,220,240,250,250,280,310,340,350,390,400,400,3728,0,130.0,134.9260618082011,7.78348800031381,395.1075380000475,16978.0
1781108375,250,gRPC,gRPC/listar-usuarios,155.300000,0.000000,270,290,310,310,340,360,400,410,440,460,460,3848,0,180.0,181.66379966657067,5.435588000182179,460.7685950004452,15097.0
1781108375,250,,Aggregated,901.100000,0.000000,230,250,260,270,300,320,350,380,420,460,460,22464,0,140.0,143.55012087521803,4.328965000240714,460.7685950004452,18435.73348468661
1781108376,250,gRPC,gRPC/listar-musicas,152.000000,0.000000,230,240,260,270,300,330,360,370,400,400,400,3952,0,140.0,141.3315384529279,4.328965000240714,395.7512520000819,24374.0
1781108376,250,gRPC,gRPC/listar-musicas-playlist,149.200000,0.000000,230,240,260,260,300,330,350,360,400,400,400,3831,0,140.0,139.76877738005666,4.820254999685858,396.716173000641,14583.0
1781108376,250,gRPC,gRPC/listar-playlists,149.800000,0.000000,230,250,260,270,300,330,370,390,400,400,400,3904,0,130.0,143.29498289190704,8.858977999807394,396.94880600018223,22473.0
1781108376,250,gRPC,gRPC/listar-playlists-musica,145.600000,0.000000,230,240,260,270,310,350,380,390,390,400,400,3794,0,130.0,141.3801519230375,9.004875999380602,395.09645999987697,16984.0
1781108376,250,gRPC,gRPC/listar-playlists-usuario,150.000000,0.000000,230,240,260,260,300,320,350,360,390,400,400,3866,0,130.0,140.08379763708396,7.78348800031381,395.1075380000475,16978.0
1781108376,250,gRPC,gRPC/listar-usuarios,154.700000,0.000000,280,300,310,320,360,380,410,430,450,460,460,3999,0,190.0,187.34121118903846,5.435588000182179,460.7685950004452,15097.0
1781108376,250,,Aggregated,901.300000,0.000000,230,250,270,290,310,350,380,390,440,460,460,23346,0,150.0,149.08583058874774,4.328965000240714,460.7685950004452,18434.646620406067
1781108377,250,gRPC,gRPC/listar-musicas,152.300000,0.000000,230,250,260,270,300,320,360,370,400,400,400,4108,0,140.0,145.00825972540645,4.328965000240714,395.7512520000819,24374.0
1781108377,250,gRPC,gRPC/listar-musicas-playlist,148.300000,0.000000,230,250,260,270,300,320,350,360,400,400,400,4001,0,150.0,143.95027479530222,4.820254999685858,396.716173000641,14583.0
1781108377,250,gRPC,gRPC/listar-playlists,151.400000,0.000000,230,250,270,280,310,330,370,390,400,400,400,4074,0,140.0,147.76121013524937,8.858977999807394,396.94880600018223,22473.0
1781108377,250,gRPC,gRPC/listar-playlists-musica,146.500000,0.000000,230,250,260,270,310,350,380,390,390,400,400,3952,0,140.0,145.31573342054793,9.004875999380602,395.09645999987697,16984.0
1781108377,250,gRPC,gRPC/listar-playlists-usuario,149.100000,0.000000,230,250,260,270,300,320,350,360,390,400,400,4036,0,140.0,144.45841432060504,7.78348800031381,395.1075380000475,16978.0
1781108377,250,gRPC,gRPC/listar-usuarios,154.500000,0.000000,290,300,320,330,360,380,410,430,450,460,460,4155,0,200.0,191.36074499349084,5.435588000182179,460.7685950004452,15097.0
1781108377,250,,Aggregated,902.000000,0.000000,240,260,280,290,310,350,380,390,440,460,460,24326,0,150.0,153.17125645905173,4.328965000240714,460.7685950004452,18433.034119871743
1781108378,250,gRPC,gRPC/listar-musicas,151.600000,0.000000,240,250,270,290,310,340,360,380,400,400,400,4271,0,150.0,149.96839309739474,4.328965000240714,395.7512520000819,24374.0
1781108378,250,gRPC,gRPC/listar-musicas-playlist,149.400000,0.000000,240,260,270,290,310,330,350,360,400,400,400,4138,0,150.0,148.69166663074148,4.820254999685858,396.716173000641,14583.0
1781108378,250,gRPC,gRPC/listar-playlists,151.100000,0.000000,240,260,290,300,310,340,370,390,400,400,400,4236,0,150.0,153.15890210741327,8.858977999807394,396.94880600018223,22473.0
1781108378,250,gRPC,gRPC/listar-playlists-musica,147.100000,0.000000,240,260,280,300,320,350,380,390,390,400,400,4103,0,150.0,150.80512737484898,9.004875999380602,395.09645999987697,16984.0
1781108378,250,gRPC,gRPC/listar-playlists-usuario,150.200000,0.000000,240,250,270,280,310,330,350,370,390,400,400,4189,0,150.0,149.31404735735683,7.78348800031381,395.1075380000475,16978.0
1781108378,250,gRPC,gRPC/listar-usuarios,152.900000,0.000000,290,310,330,340,370,400,420,430,450,460,460,4303,0,200.0,196.36248074807204,5.435588000182179,460.7685950004452,15097.0
1781108378,250,,Aggregated,902.300000,0.000000,250,270,290,300,330,350,380,390,440,460,460,25240,0,160.0,158.2313775523733,4.328965000240714,460.7685950004452,18439.382765451664
1781108379,250,gRPC,gRPC/listar-musicas,151.600000,0.000000,240,260,280,300,320,350,370,380,400,400,400,4416,0,160.0,154.03980788994156,4.328965000240714,395.7512520000819,24374.0
1781108379,250,gRPC,gRPC/listar-musicas-playlist,148.200000,0.000000,240,260,280,300,320,340,360,370,400,400,400,4286,0,160.0,152.7743489041092,4.820254999685858,396.716173000641,14583.0
1781108379,250,gRPC,gRPC/listar-playlists,152.800000,0.000000,250,270,300,300,320,350,390,390,400,400,400,4357,0,160.0,156.697315424376,8.858977999807394,396.94880600018223,22473.0
1781108379,250,gRPC,gRPC/listar-playlists-musica,147.200000,0.000000,240,270,300,300,350,360,390,390,390,400,400,4247,0,160.0,155.33860144878983,9.004875999380602,395.09645999987697,16984.0
1781108379,250,gRPC,gRPC/listar-playlists-usuario,150.900000,0.000000,240,260,280,300,320,340,360,380,390,400,400,4330,0,160.0,153.49510175080226,7.78348800031381,395.1075380000475,16978.0
1781108379,250,gRPC,gRPC/listar-usuarios,152.600000,0.000000,300,320,340,350,380,400,420,440,450,460,460,4453,0,210.0,200.8737674657444,5.435588000182179,460.7685950004452,15097.0
1781108379,250,,Aggregated,903.300000,0.000000,250,280,300,310,340,360,390,400,440,460,460,26089,0,160.0,162.390607988345,4.328965000240714,460.7685950004452,18434.049292805397
1781108380,250,gRPC,gRPC/listar-musicas,152.900000,0.000000,250,260,290,300,320,350,370,380,400,400,400,4575,0,160.0,157.3861300292862,4.328965000240714,395.7512520000819,24374.0
1781108380,250,gRPC,gRPC/listar-musicas-playlist,148.200000,0.000000,250,260,290,300,320,340,360,370,400,400,400,4456,0,160.0,156.74460673698744,4.820254999685858,396.716173000641,14583.0
1781108380,250,gRPC,gRPC/listar-playlists,150.200000,0.000000,250,280,300,300,320,350,390,390,400,400,400,4530,0,160.0,160.8884084799134,8.858977999807394,396.94880600018223,22473.0
1781108380,250,gRPC,gRPC/listar-playlists-musica,146.300000,0.000000,250,270,300,310,340,360,390,390,390,400,400,4418,0,160.0,159.19489197872463,9.004875999380602,395.09645999987697,16984.0
1781108380,250,gRPC,gRPC/listar-playlists-usuario,150.100000,0.000000,250,270,290,300,320,340,360,380,390,400,400,4491,0,160.0,157.24189563103585,7.78348800031381,395.1075380000475,16978.0
1781108380,250,gRPC,gRPC/listar-usuarios,152.300000,0.000000,300,320,340,360,380,400,420,440,450,460,460,4606,0,210.0,204.52472495657082,5.435588000182179,460.7685950004452,15097.0
1781108380,250,,Aggregated,900.000000,0.000000,260,290,300,310,340,360,390,400,440,460,460,27076,0,170.0,166.15664323049768,4.328965000240714,460.7685950004452,18433.885359728174
1781108381,250,gRPC,gRPC/listar-musicas,154.000000,0.000000,250,270,300,300,330,350,370,380,400,400,400,4725,0,160.0,160.86598507724563,4.328965000240714,395.7512520000819,24374.0
1781108381,250,gRPC,gRPC/listar-musicas-playlist,149.500000,0.000000,250,280,300,300,330,340,360,370,400,400,400,4591,0,170.0,160.15460929536493,4.820254999685858,396.716173000641,14583.0
1781108381,250,gRPC,gRPC/listar-playlists,152.100000,0.000000,260,290,300,310,330,370,390,390,400,400,400,4678,0,160.0,164.61039238905667,8.858977999807394,396.94880600018223,22473.0
1781108381,250,gRPC,gRPC/listar-playlists-musica,148.700000,0.000000,250,290,300,310,350,370,390,390,390,400,400,4557,0,160.0,163.00943343317945,9.004875999380602,395.09645999987697,16984.0
1781108381,250,gRPC,gRPC/listar-playlists-usuario,151.000000,0.000000,250,280,300,310,330,340,370,380,390,400,400,4629,0,170.0,160.37927113371916,7.78348800031381,395.1075380000475,16978.0
1781108381,250,gRPC,gRPC/listar-usuarios,152.400000,0.000000,310,330,350,360,390,410,430,440,450,460,460,4761,0,220.0,208.23497771748808,5.435588000182179,460.7685950004452,15097.0
1781108381,250,,Aggregated,907.700000,0.000000,260,300,310,310,350,370,390,400,440,460,460,27941,0,170.0,169.7163798542271,4.328965000240714,460.7685950004452,18435.648831466304
1781108382,250,gRPC,gRPC/listar-musicas,151.800000,0.000000,250,280,300,310,340,360,380,380,400,400,400,4866,0,170.0,163.72693784401764,4.328965000240714,395.7512520000819,24374.0
1781108382,250,gRPC,gRPC/listar-musicas-playlist,147.500000,0.000000,250,280,300,310,330,350,360,380,400,400,400,4760,0,170.0,163.45457545525662,4.820254999685858,396.716173000641,14583.0
1781108382,250,gRPC,gRPC/listar-playlists,150.700000,0.000000,260,290,300,310,340,370,390,390,400,400,400,4832,0,170.0,167.7587678747953,8.858977999807394,396.94880600018223,22473.0
1781108382,250,gRPC,gRPC/listar-playlists-musica,145.900000,0.000000,260,300,310,310,350,380,390,390,390,400,400,4723,0,170.0,166.7366093343206,9.004875999380602,395.09645999987697,16984.0
1781108382,250,gRPC,gRPC/listar-playlists-usuario,148.400000,0.000000,250,280,300,310,330,350,370,380,390,400,400,4797,0,170.0,163.9890738067506,7.78348800031381,395.1075380000475,16978.0
1781108382,250,gRPC,gRPC/listar-usuarios,152.100000,0.000000,310,340,350,360,390,410,430,440,450,460,460,4917,0,220.0,211.46852444782613,5.435588000182179,460.7685950004452,15097.0
1781108382,250,,Aggregated,896.400000,0.000000,270,300,310,320,350,370,390,410,440,460,460,28895,0,170.0,173.01584193576602,4.328965000240714,460.7685950004452,18428.77130991521
1781108383,250,gRPC,gRPC/listar-musicas,148.700000,0.000000,250,280,300,310,340,360,380,380,400,400,400,5024,0,170.0,166.60178696357082,4.328965000240714,395.7512520000819,24374.0
1781108383,250,gRPC,gRPC/listar-musicas-playlist,148.200000,0.000000,260,290,300,310,330,350,360,380,400,400,400,4912,0,170.0,166.63254878644503,4.820254999685858,396.716173000641,14583.0
1781108383,250,gRPC,gRPC/listar-playlists,149.800000,0.000000,260,300,310,310,340,370,390,390,400,400,400,4986,0,170.0,170.8106721357805,8.858977999807394,396.94880600018223,22473.0
1781108383,250,gRPC,gRPC/listar-playlists-musica,148.200000,0.000000,260,300,310,320,350,380,390,390,390,400,400,4860,0,170.0,169.49268599382557,9.004875999380602,395.09645999987697,16984.0
1781108383,250,gRPC,gRPC/listar-playlists-usuario,148.000000,0.000000,250,290,300,310,330,350,370,380,390,400,400,4959,0,170.0,167.06963521737782,7.78348800031381,395.1075380000475,16978.0
1781108383,250,gRPC,gRPC/listar-usuarios,151.800000,0.000000,310,340,360,360,390,410,430,440,450,460,460,5068,0,220.0,214.46090117994441,5.435588000182179,460.7685950004452,15097.0
1781108383,250,,Aggregated,894.700000,0.000000,270,300,310,320,350,370,390,410,440,460,460,29809,0,180.0,175.99681608795726,4.328965000240714,460.7685950004452,18430.164983729745
1781108384,250,gRPC,gRPC/listar-musicas,149.600000,0.000000,250,280,300,310,330,350,370,380,390,390,390,5185,0,170.0,169.88608526499212,4.328965000240714,395.7512520000819,24374.0
1781108384,250,gRPC,gRPC/listar-musicas-playlist,149.800000,0.000000,260,290,300,310,330,340,360,380,390,400,400,5061,0,170.0,169.75102846374435,4.820254999685858,396.716173000641,14583.0
1781108384,250,gRPC,gRPC/listar-playlists,149.500000,0.000000,260,300,310,310,340,370,380,390,390,400,400,5146,0,170.0,174.35985087446494,8.858977999807394,396.94880600018223,22473.0
1781108384,250,gRPC,gRPC/listar-playlists-musica,147.400000,0.000000,250,300,310,320,350,380,390,390,390,390,390,5017,0,180.0,173.07425817859092,9.004875999380602,395.09645999987697,16984.0
1781108384,250,gRPC,gRPC/listar-playlists-usuario,150.900000,0.000000,250,290,310,310,330,340,360,380,390,390,390,5093,0,170.0,169.79767261927654,7.78348800031381,395.1075380000475,16978.0
1781108384,250,gRPC,gRPC/listar-usuarios,151.500000,0.000000,310,340,360,370,390,410,430,440,450,450,450,5219,0,230.0,217.82478019753952,5.435588000182179,460.7685950004452,15097.0
1781108384,250,,Aggregated,898.700000,0.000000,270,300,310,320,350,370,390,410,440,450,450,30721,0,180.0,179.26323125994986,4.328965000240714,460.7685950004452,18433.60359363302
1781108385,250,gRPC,gRPC/listar-musicas,151.600000,0.000000,250,280,300,310,330,350,370,380,390,390,390,5320,0,180.0,171.88985361371948,4.328965000240714,395.7512520000819,24374.0
1781108385,250,gRPC,gRPC/listar-musicas-playlist,149.900000,0.000000,260,290,300,310,330,340,360,380,390,400,400,5211,0,180.0,171.97758215774584,4.820254999685858,396.716173000641,14583.0
1781108385,250,gRPC,gRPC/listar-playlists,150.800000,0.000000,260,300,310,310,340,370,380,390,390,400,400,5285,0,180.0,176.47041532336806,8.858977999807394,396.94880600018223,22473.0
1781108385,250,gRPC,gRPC/listar-playlists-musica,148.700000,0.000000,260,300,310,320,350,380,390,390,390,390,390,5164,0,180.0,175.32850334352884,9.004875999380602,395.09645999987697,16984.0
1781108385,250,gRPC,gRPC/listar-playlists-usuario,149.400000,0.000000,250,290,300,310,330,340,360,380,390,390,390,5248,0,180.0,172.38617098818116,7.78348800031381,395.1075380000475,16978.0
1781108385,250,gRPC,gRPC/listar-usuarios,151.000000,0.000000,310,340,360,360,390,410,430,440,450,450,450,5368,0,230.0,220.3190061808785,5.435588000182179,460.7685950004452,15097.0
1781108385,250,,Aggregated,901.400000,0.000000,270,300,310,320,350,370,390,410,440,450,450,31596,0,180.0,181.54281518622352,4.328965000240714,460.7685950004452,18428.855361438156
1781108386,250,gRPC,gRPC/listar-musicas,151.400000,0.000000,250,280,300,310,330,350,370,380,390,390,390,5487,0,180.0,174.71207198724085,4.328965000240714,395.7512520000819,24374.0
1781108386,250,gRPC,gRPC/listar-musicas-playlist,150.800000,0.000000,260,290,300,310,330,340,360,380,390,400,400,5352,0,180.0,174.7646714437627,4.820254999685858,396.716173000641,14583.0
1781108386,250,gRPC,gRPC/listar-playlists,151.800000,0.000000,260,300,310,310,330,370,380,390,390,400,400,5451,0,180.0,179.55785901761263,8.858977999807394,396.94880600018223,22473.0
1781108386,250,gRPC,gRPC/listar-playlists-musica,151.300000,0.000000,260,300,310,320,350,380,390,390,390,390,390,5317,0,180.0,178.38345120142495,9.004875999380602,395.09645999987697,16984.0
1781108386,250,gRPC,gRPC/listar-playlists-usuario,150.700000,0.000000,250,280,300,310,330,340,360,380,390,390,390,5403,0,180.0,174.98474330630634,7.78348800031381,395.1075380000475,16978.0
1781108386,250,gRPC,gRPC/listar-usuarios,151.000000,0.000000,310,340,360,360,390,410,430,430,440,450,450,5524,0,230.0,223.18176006425756,5.435588000182179,460.7685950004452,15097.0
1781108386,250,,Aggregated,907.000000,0.000000,270,300,310,320,350,370,390,400,440,450,450,32534,0,190.0,184.40766492847274,4.328965000240714,460.7685950004452,18433.656082867154
1781108387,250,gRPC,gRPC/listar-musicas,151.600000,0.000000,250,280,300,310,330,350,370,380,390,390,390,5634,0,180.0,177.12973508626055,4.328965000240714,395.7512520000819,24374.0
1781108387,250,gRPC,gRPC/listar-musicas-playlist,151.100000,0.000000,260,290,300,310,330,340,360,380,390,400,400,5504,0,180.0,177.09214290352838,4.820254999685858,396.716173000641,14583.0
1781108387,250,gRPC,gRPC/listar-playlists,152.700000,0.000000,260,300,310,310,340,370,380,390,390,400,400,5580,0,190.0,181.6947769254498,8.858977999807394,396.94880600018223,22473.0
1781108387,250,gRPC,gRPC/listar-playlists-musica,151.500000,0.000000,260,300,310,320,350,380,390,390,390,390,390,5467,0,190.0,181.10722700036007,9.004875999380602,395.09645999987697,16984.0
1781108387,250,gRPC,gRPC/listar-playlists-usuario,152.800000,0.000000,250,280,300,310,330,340,360,380,390,390,390,5548,0,180.0,177.44168979721923,7.78348800031381,395.1075380000475,16978.0
1781108387,250,gRPC,gRPC/listar-usuarios,150.500000,0.000000,310,340,360,360,390,410,430,430,440,450,450,5678,0,240.0,225.82106520464293,5.435588000182179,460.7685950004452,15097.0
1781108387,250,,Aggregated,910.200000,0.000000,270,300,310,320,350,370,390,400,440,450,450,33411,0,190.0,186.86338782134447,4.328965000240714,460.7685950004452,18429.66466133908
1781108388,250,gRPC,gRPC/listar-musicas,151.900000,0.000000,250,280,300,310,330,350,370,380,390,390,390,5794,0,190.0,179.04827533068496,4.328965000240714,395.7512520000819,24374.0
1781108388,250,gRPC,gRPC/listar-musicas-playlist,149.700000,0.000000,250,290,300,310,330,340,360,380,390,400,400,5684,0,180.0,179.44744481281182,4.820254999685858,396.716173000641,14583.0
1781108388,250,gRPC,gRPC/listar-playlists,149.400000,0.000000,260,300,310,310,340,370,380,390,390,400,400,5749,0,190.0,184.0136768531925,8.858977999807394,396.94880600018223,22473.0
1781108388,250,gRPC,gRPC/listar-playlists-musica,150.500000,0.000000,250,300,310,320,350,380,390,390,390,390,390,5637,0,200.0,183.2377986696783,9.004875999380602,395.09645999987697,16984.0
1781108388,250,gRPC,gRPC/listar-playlists-usuario,150.400000,0.000000,250,280,300,310,330,340,360,380,390,390,390,5711,0,190.0,179.5845236811349,7.78348800031381,395.1075380000475,16978.0
1781108388,250,gRPC,gRPC/listar-usuarios,151.400000,0.000000,300,340,350,360,390,410,430,430,440,450,450,5827,0,240.0,227.83404930907068,5.435588000182179,460.7685950004452,15097.0
1781108388,250,,Aggregated,903.300000,0.000000,260,300,310,320,350,370,390,400,440,450,450,34402,0,200.0,188.9828295732495,4.328965000240714,460.7685950004452,18428.59107028661
1781108389,250,gRPC,gRPC/listar-musicas,152.400000,0.000000,250,280,300,300,340,350,370,380,410,420,420,5941,0,190.0,181.54813592947113,4.328965000240714,416.2811989999682,24374.0
1781108389,250,gRPC,gRPC/listar-musicas-playlist,153.100000,0.000000,250,290,300,310,330,350,360,380,420,420,420,5809,0,190.0,181.8381797161341,4.820254999685858,418.2559359996958,14583.0
1781108389,250,gRPC,gRPC/listar-playlists,150.500000,0.000000,260,300,310,310,340,370,380,390,420,420,420,5896,0,200.0,186.7203764185894,8.858977999807394,418.13109400027315,22473.0
1781108389,250,gRPC,gRPC/listar-playlists-musica,152.600000,0.000000,250,300,310,310,350,380,390,410,420,420,420,5782,0,200.0,186.0752266172571,9.004875999380602,421.0533890000079,16984.0
1781108389,250,gRPC,gRPC/listar-playlists-usuario,151.400000,0.000000,250,280,300,310,330,350,370,380,410,420,420,5867,0,190.0,182.0990624244012,7.78348800031381,417.8800190002221,16978.0
1781108389,250,gRPC,gRPC/listar-usuarios,151.400000,0.000000,310,340,350,360,390,410,430,440,480,480,480,5979,0,240.0,230.6745977584809,5.435588000182179,480.5411360002836,15097.0
1781108389,250,,Aggregated,911.400000,0.000000,270,300,310,320,350,370,400,410,450,480,480,35274,0,210.0,191.62114816677803,4.328965000240714,480.5411360002836,18429.885071157227
1781108390,250,gRPC,gRPC/listar-musicas,151.500000,0.000000,250,290,300,310,340,360,370,380,410,420,420,6084,0,200.0,183.74221812097207,4.328965000240714,416.2811989999682,24374.0
1781108390,250,gRPC,gRPC/listar-musicas-playlist,151.200000,0.000000,250,290,300,310,330,350,360,380,420,420,420,5973,0,190.0,184.1277059614967,4.820254999685858,418.2559359996958,14583.0
1781108390,250,gRPC,gRPC/listar-playlists,152.700000,0.000000,260,300,310,310,340,370,380,390,420,420,420,6044,0,200.0,188.94526511681056,8.858977999807394,418.13109400027315,22473.0
1781108390,250,gRPC,gRPC/listar-playlists-musica,151.600000,0.000000,250,300,310,330,350,380,380,410,420,420,420,5936,0,210.0,188.63074328284878,9.004875999380602,421.0533890000079,16984.0
1781108390,250,gRPC,gRPC/listar-playlists-usuario,150.300000,0.000000,250,290,300,310,330,350,370,380,410,420,420,6010,0,190.0,184.4343978781969,7.78348800031381,417.8800190002221,16978.0
1781108390,250,gRPC,gRPC/listar-usuarios,151.300000,0.000000,310,340,360,360,400,410,430,440,480,480,480,6130,0,250.0,233.04998012495176,5.435588000182179,480.5411360002836,15097.0
1781108390,250,,Aggregated,908.600000,0.000000,270,300,310,320,350,370,400,410,450,480,480,36177,0,210.0,193.94717159142388,4.328965000240714,480.5411360002836,18426.677198219862
1781108391,250,gRPC,gRPC/listar-musicas,148.500000,0.000000,250,280,300,310,330,350,370,380,410,420,420,6251,0,200.0,185.47416779923097,4.328965000240714,416.2811989999682,24374.0
1781108391,250,gRPC,gRPC/listar-musicas-playlist,149.500000,0.000000,250,290,300,310,330,350,360,380,420,420,420,6130,0,200.0,185.98010072316723,4.820254999685858,418.2559359996958,14583.0
1781108391,250,gRPC,gRPC/listar-playlists,149.900000,0.000000,260,300,310,310,340,370,380,390,420,420,420,6215,0,210.0,190.95073914867297,8.858977999807394,418.13109400027315,22473.0
1781108391,250,gRPC,gRPC/listar-playlists-musica,149.200000,0.000000,250,300,310,310,350,380,380,410,420,420,420,6082,0,220.0,190.27592875583386,9.004875999380602,421.0533890000079,16984.0
1781108391,250,gRPC,gRPC/listar-playlists-usuario,149.300000,0.000000,250,280,300,310,330,350,370,380,410,420,420,6177,0,200.0,186.23431901132534,7.78348800031381,417.8800190002221,16978.0
1781108391,250,gRPC,gRPC/listar-usuarios,151.200000,0.000000,310,340,360,360,390,410,430,440,480,480,480,6285,0,250.0,234.87345966331796,5.435588000182179,480.5411360002836,15097.0
1781108391,250,,Aggregated,897.600000,0.000000,270,300,310,320,350,370,400,410,450,480,480,37140,0,210.0,195.7464503329272,4.328965000240714,480.5411360002836,18429.719924609584
1781108392,250,gRPC,gRPC/listar-musicas,150.000000,0.000000,250,280,300,300,330,350,370,380,410,420,420,6414,0,200.0,187.3787589522912,4.328965000240714,416.2811989999682,24374.0
1781108392,250,gRPC,gRPC/listar-musicas-playlist,152.100000,0.000000,250,290,300,310,330,350,360,380,420,420,420,6281,0,200.0,187.8279449172138,4.820254999685858,418.2559359996958,14583.0
1781108392,250,gRPC,gRPC/listar-playlists,150.900000,0.000000,260,300,310,310,330,370,380,390,420,420,420,6367,0,210.0,192.9484437765032,8.858977999807394,418.13109400027315,22473.0
1781108392,250,gRPC,gRPC/listar-playlists-musica,150.700000,0.000000,250,300,310,310,350,380,380,410,420,420,420,6237,0,220.0,192.38853364501747,9.004875999380602,421.0533890000079,16984.0
1781108392,250,gRPC,gRPC/listar-playlists-usuario,151.500000,0.000000,250,280,300,310,330,350,370,380,410,420,420,6316,0,200.0,187.85498749571656,7.78348800031381,417.8800190002221,16978.0
1781108392,250,gRPC,gRPC/listar-usuarios,151.400000,0.000000,310,340,360,360,390,410,430,440,480,480,480,6441,0,260.0,236.98872713180515,5.435588000182179,480.5411360002836,15097.0
1781108392,250,,Aggregated,906.600000,0.000000,270,300,310,320,350,370,400,410,450,480,480,38056,0,220.0,197.68134329127827,4.328965000240714,480.5411360002836,18431.21407925163
1781108393,250,gRPC,gRPC/listar-musicas,152.500000,0.000000,250,280,300,300,340,350,370,380,410,420,420,6534,0,200.0,188.41831647260383,4.328965000240714,416.2811989999682,24374.0
1781108393,250,gRPC,gRPC/listar-musicas-playlist,151.100000,0.000000,250,290,300,310,330,350,360,380,420,420,420,6424,0,200.0,188.9355612742867,4.820254999685858,418.2559359996958,14583.0
1781108393,250,gRPC,gRPC/listar-playlists,149.900000,0.000000,260,300,300,310,340,370,380,390,420,420,420,6498,0,220.0,194.03303744521276,8.858977999807394,418.13109400027315,22473.0
1781108393,250,gRPC,gRPC/listar-playlists-musica,151.000000,0.000000,250,300,310,310,350,380,380,410,420,420,420,6377,0,220.0,193.5415340232043,9.004875999380602,421.0533890000079,16984.0
1781108393,250,gRPC,gRPC/listar-playlists-usuario,151.000000,0.000000,250,280,300,300,330,350,370,380,410,420,420,6461,0,210.0,189.23704249186682,7.78348800031381,417.8800190002221,16978.0
1781108393,250,gRPC,gRPC/listar-usuarios,151.300000,0.000000,310,340,350,360,390,410,430,440,480,480,480,6591,0,260.0,238.32509566135045,5.435588000182179,480.5411360002836,15097.0
1781108393,250,,Aggregated,906.800000,0.000000,270,300,310,320,350,370,400,410,450,480,480,38885,0,220.0,198.87744894655756,4.328965000240714,480.5411360002836,18425.526938408126
1781108394,250,gRPC,gRPC/listar-musicas,151.700000,0.000000,250,280,300,300,340,360,380,390,410,420,420,6704,0,210.0,190.58742468257645,4.328965000240714,416.2811989999682,24374.0
1781108394,250,gRPC,gRPC/listar-musicas-playlist,151.900000,0.000000,250,290,300,310,330,350,370,380,420,420,420,6593,0,210.0,191.22145397436822,4.820254999685858,418.2559359996958,14583.0
1781108394,250,gRPC,gRPC/listar-playlists,152.000000,0.000000,250,300,300,310,340,370,380,410,420,420,420,6666,0,220.0,196.32284430227864,8.858977999807394,418.13109400027315,22473.0
1781108394,250,gRPC,gRPC/listar-playlists-musica,153.000000,0.000000,250,300,310,310,350,380,400,410,420,420,420,6534,0,220.0,195.86187595836762,9.004875999380602,421.0533890000079,16984.0
1781108394,250,gRPC,gRPC/listar-playlists-usuario,151.900000,0.000000,250,280,300,310,330,360,370,380,410,420,420,6621,0,210.0,191.16822063433858,7.78348800031381,417.8800190002221,16978.0
1781108394,250,gRPC,gRPC/listar-usuarios,151.100000,0.000000,300,340,350,360,400,420,430,450,480,480,480,6746,0,260.0,240.35299106403158,5.435588000182179,480.5411360002836,15097.0
1781108394,250,,Aggregated,911.600000,0.000000,260,300,310,320,350,380,410,420,460,480,480,39864,0,220.0,201.03393501138603,4.328965000240714,480.5411360002836,18427.23231487056
1781108395,250,gRPC,gRPC/listar-musicas,152.800000,0.000000,250,280,300,310,350,370,380,400,410,420,420,6847,0,210.0,192.4580335254854,4.328965000240714,416.2811989999682,24374.0
1781108395,250,gRPC,gRPC/listar-musicas-playlist,151.600000,0.000000,250,290,300,310,340,360,380,380,420,420,420,6717,0,210.0,192.75716079604166,4.820254999685858,418.2559359996958,14583.0
1781108395,250,gRPC,gRPC/listar-playlists,153.200000,0.000000,250,300,300,310,340,380,410,410,420,420,420,6795,0,220.0,197.9942767592325,8.858977999807394,418.13109400027315,22473.0
1781108395,250,gRPC,gRPC/listar-playlists-musica,151.800000,0.000000,250,300,310,310,370,380,410,410,420,420,420,6680,0,220.0,197.93548059715152,9.004875999380602,421.0533890000079,16984.0
1781108395,250,gRPC,gRPC/listar-playlists-usuario,153.300000,0.000000,250,280,300,300,340,360,380,390,410,420,420,6762,0,220.0,193.02206588035278,7.78348800031381,417.8800190002221,16978.0
1781108395,250,gRPC,gRPC/listar-usuarios,151.100000,0.000000,300,340,350,360,400,420,440,460,480,480,480,6894,0,270.0,242.35571832810373,5.435588000182179,480.5411360002836,15097.0
1781108395,250,,Aggregated,913.800000,0.000000,260,300,310,320,360,380,410,420,460,480,480,40695,0,220.0,202.8776423939274,4.328965000240714,480.5411360002836,18426.929549084653
1781108396,250,gRPC,gRPC/listar-musicas,151.800000,0.000000,250,280,300,310,350,370,380,400,410,420,420,7011,0,210.0,193.5995747806306,4.328965000240714,416.2811989999682,24374.0
1781108396,250,gRPC,gRPC/listar-musicas-playlist,149.600000,0.000000,250,290,300,310,340,360,380,380,420,420,420,6903,0,210.0,194.15162685716547,4.820254999685858,418.2559359996958,14583.0
1781108396,250,gRPC,gRPC/listar-playlists,149.300000,0.000000,250,300,300,310,340,380,410,410,420,420,420,6977,0,220.0,199.4639244949089,8.858977999807394,418.13109400027315,22473.0
1781108396,250,gRPC,gRPC/listar-playlists-musica,150.500000,0.000000,250,290,310,310,370,380,410,410,420,420,420,6856,0,220.0,199.19438178514906,9.004875999380602,421.0533890000079,16984.0
1781108396,250,gRPC,gRPC/listar-playlists-usuario,150.300000,0.000000,250,280,300,300,340,360,380,390,410,420,420,6940,0,220.0,194.38858252765849,7.78348800031381,417.8800190002221,16978.0
1781108396,250,gRPC,gRPC/listar-usuarios,151.200000,0.000000,300,340,350,360,400,420,440,460,480,480,480,7049,0,270.0,243.58121120711476,5.435588000182179,480.5411360002836,15097.0
1781108396,250,,Aggregated,902.700000,0.000000,260,300,310,320,360,380,410,420,460,480,480,41736,0,220.0,204.16313260118116,4.328965000240714,480.5411360002836,18426.18029998083
1781108397,250,gRPC,gRPC/listar-musicas,152.600000,0.000000,250,280,300,310,340,370,380,400,410,420,420,7166,0,220.0,195.25225020904222,4.328965000240714,416.2811989999682,24374.0
1781108397,250,gRPC,gRPC/listar-musicas-playlist,153.300000,0.000000,250,290,300,310,340,360,380,380,420,420,420,7040,0,220.0,195.84280802031404,4.820254999685858,418.2559359996958,14583.0
1781108397,250,gRPC,gRPC/listar-playlists,150.800000,0.000000,250,300,310,310,340,380,410,410,420,420,420,7139,0,230.0,201.32602797142192,8.858977999807394,418.13109400027315,22473.0
1781108397,250,gRPC,gRPC/listar-playlists-musica,152.800000,0.000000,250,290,310,310,370,380,410,410,420,420,420,7006,0,220.0,201.0054270127018,9.004875999380602,421.0533890000079,16984.0
1781108397,250,gRPC,gRPC/listar-playlists-usuario,151.600000,0.000000,250,280,300,300,330,360,380,390,410,420,420,7092,0,220.0,195.88646916214805,7.78348800031381,417.8800190002221,16978.0
1781108397,250,gRPC,gRPC/listar-usuarios,151.800000,0.000000,300,340,350,360,400,420,440,460,480,480,480,7203,0,270.0,245.32272203775528,5.435588000182179,480.5411360002836,15097.0
1781108397,250,,Aggregated,912.900000,0.000000,260,300,310,320,360,380,410,420,460,480,480,42646,0,230.0,205.87412500435903,4.328965000240714,480.5411360002836,18428.568259625757
1781108398,250,gRPC,gRPC/listar-musicas,151.400000,0.000000,250,290,300,310,340,370,380,390,400,410,410,7320,0,220.0,196.77004039480852,4.328965000240714,416.2811989999682,24374.0
1781108398,250,gRPC,gRPC/listar-musicas-playlist,151.100000,0.000000,250,290,310,310,340,360,380,380,410,410,410,7190,0,220.0,197.27125024436862,4.820254999685858,418.2559359996958,14583.0
1781108398,250,gRPC,gRPC/listar-playlists,152.600000,0.000000,250,300,310,310,340,380,390,410,410,410,410,7261,0,230.0,202.582253847952,8.858977999807394,418.13109400027315,22473.0
1781108398,250,gRPC,gRPC/listar-playlists-musica,150.600000,0.000000,250,300,310,320,370,380,400,410,410,410,410,7151,0,220.0,202.61642379974688,9.004875999380602,421.0533890000079,16984.0
1781108398,250,gRPC,gRPC/listar-playlists-usuario,150.200000,0.000000,250,290,300,310,340,360,370,380,410,410,410,7234,0,220.0,197.4031285327548,7.78348800031381,417.8800190002221,16978.0
1781108398,250,gRPC,gRPC/listar-usuarios,151.300000,0.000000,300,340,360,370,400,420,440,460,480,480,480,7355,0,270.0,247.00202867830828,5.435588000182179,480.5411360002836,15097.0
1781108398,250,,Aggregated,907.200000,0.000000,260,300,310,320,360,380,410,420,460,480,480,43511,0,230.0,207.3799942420055,4.328965000240714,480.5411360002836,18426.507641745764
1781108399,250,gRPC,gRPC/listar-musicas,148.700000,0.000000,250,280,300,310,340,360,380,390,400,410,410,7476,0,220.0,198.0659864373999,4.328965000240714,416.2811989999682,24374.0
1781108399,250,gRPC,gRPC/listar-musicas-playlist,149.300000,0.000000,250,290,310,310,340,360,380,380,410,410,410,7358,0,220.0,198.8253607923365,4.820254999685858,418.2559359996958,14583.0
1781108399,250,gRPC,gRPC/listar-playlists,150.200000,0.000000,260,300,310,310,340,380,390,410,410,410,410,7433,0,230.0,204.3004035833423,8.858977999807394,418.13109400027315,22473.0
1781108399,250,gRPC,gRPC/listar-playlists-musica,149.500000,0.000000,250,300,310,320,350,380,390,410,410,410,410,7320,0,230.0,204.0189533684424,9.004875999380602,421.0533890000079,16984.0
1781108399,250,gRPC,gRPC/listar-playlists-usuario,149.500000,0.000000,250,290,300,310,330,360,370,380,410,410,410,7393,0,220.0,198.84472441863198,7.78348800031381,417.8800190002221,16978.0
1781108399,250,gRPC,gRPC/listar-usuarios,151.400000,0.000000,310,340,360,360,400,420,430,440,460,460,460,7503,0,270.0,248.44090322550298,5.435588000182179,480.5411360002836,15097.0
1781108399,250,,Aggregated,898.600000,0.000000,260,300,310,320,360,380,400,410,460,460,460,44483,0,230.0,208.83917681666924,4.328965000240714,480.5411360002836,18426.760155565047
1781108400,250,gRPC,gRPC/listar-musicas,150.200000,0.000000,250,280,300,310,340,370,380,390,400,410,410,7624,0,220.0,199.61748895330462,4.328965000240714,416.2811989999682,24374.0
1781108400,250,gRPC,gRPC/listar-musicas-playlist,152.200000,0.000000,250,290,310,310,340,360,380,380,410,410,410,7491,0,220.0,200.33970390094956,4.820254999685858,418.2559359996958,14583.0
1781108400,250,gRPC,gRPC/listar-playlists,150.900000,0.000000,260,300,310,320,340,380,390,410,410,410,410,7577,0,230.0,205.93012878434533,8.858977999807394,418.13109400027315,22473.0
1781108400,250,gRPC,gRPC/listar-playlists-musica,149.900000,0.000000,250,300,310,320,370,380,400,410,410,410,410,7447,0,230.0,205.63940366697932,9.004875999380602,421.0533890000079,16984.0
1781108400,250,gRPC,gRPC/listar-playlists-usuario,152.500000,0.000000,250,280,300,310,340,360,370,390,410,410,410,7526,0,220.0,200.14480898351525,7.78348800031381,417.8800190002221,16978.0
1781108400,250,gRPC,gRPC/listar-usuarios,151.000000,0.000000,310,340,360,370,400,420,440,450,460,460,460,7652,0,270.0,250.10147188394563,5.435588000182179,480.5411360002836,15097.0
1781108400,250,,Aggregated,906.700000,0.000000,260,300,310,320,360,380,400,420,460,460,460,45317,0,230.0,210.3939796958068,4.328965000240714,480.5411360002836,18428.51623011232
1781108401,250,gRPC,gRPC/listar-musicas,152.100000,0.000000,250,290,300,310,350,370,380,390,400,410,410,7747,0,220.0,200.456696086613,4.328965000240714,416.2811989999682,24374.0
1781108401,250,gRPC,gRPC/listar-musicas-playlist,151.400000,0.000000,250,290,310,310,340,360,380,380,410,410,410,7636,0,220.0,201.212068324255,4.820254999685858,418.2559359996958,14583.0
1781108401,250,gRPC,gRPC/listar-playlists,150.000000,0.000000,260,300,310,320,350,380,390,410,410,410,410,7718,0,230.0,206.9319416873516,8.858977999807394,418.13109400027315,22473.0
1781108401,250,gRPC,gRPC/listar-playlists-musica,151.100000,0.000000,250,300,310,330,370,380,400,410,410,410,410,7600,0,230.0,206.75339868289436,9.004875999380602,421.0533890000079,16984.0
1781108401,250,gRPC,gRPC/listar-playlists-usuario,151.000000,0.000000,250,290,300,310,340,360,370,390,410,410,410,7675,0,230.0,201.2994922415554,7.78348800031381,417.8800190002221,16978.0
1781108401,250,gRPC,gRPC/listar-usuarios,151.400000,0.000000,310,340,360,370,400,420,440,450,460,460,460,7805,0,280.0,251.18881789557358,5.435588000182179,480.5411360002836,15097.0
1781108401,250,,Aggregated,907.000000,0.000000,260,300,310,330,360,380,400,420,460,460,460,46181,0,230.0,211.4142669251183,4.328965000240714,480.5411360002836,18424.122799419674
1781108402,250,gRPC,gRPC/listar-musicas,151.700000,0.000000,250,280,300,310,340,370,380,390,400,410,410,7914,0,220.0,201.72925440611374,4.328965000240714,416.2811989999682,24374.0
1781108402,250,gRPC,gRPC/listar-musicas-playlist,152.100000,0.000000,250,290,310,310,340,360,370,380,410,410,410,7803,0,230.0,202.6441776771768,4.820254999685858,418.2559359996958,14583.0
1781108402,250,gRPC,gRPC/listar-playlists,152.100000,0.000000,260,300,310,320,350,370,390,410,410,410,410,7877,0,230.0,208.1996960173895,8.858977999807394,418.13109400027315,22473.0
1781108402,250,gRPC,gRPC/listar-playlists-musica,153.200000,0.000000,250,300,310,330,370,380,400,410,410,410,410,7745,0,230.0,207.94468089425402,9.004875999380602,421.0533890000079,16984.0
1781108402,250,gRPC,gRPC/listar-playlists-usuario,152.900000,0.000000,250,290,300,310,340,360,370,390,410,410,410,7831,0,230.0,202.42812213956458,7.78348800031381,417.8800190002221,16978.0
1781108402,250,gRPC,gRPC/listar-usuarios,151.300000,0.000000,310,340,360,370,400,420,440,450,460,460,460,7959,0,280.0,252.4293669519974,5.435588000182179,480.5411360002836,15097.0
1781108402,250,,Aggregated,913.300000,0.000000,260,300,310,320,360,380,400,420,460,460,460,47129,0,230.0,212.66180807752906,4.328965000240714,480.5411360002836,18425.16554563008
1781108403,250,gRPC,gRPC/listar-musicas,152.000000,0.000000,250,280,300,310,340,360,370,380,400,400,400,8065,0,220.0,203.07282675821187,4.328965000240714,416.2811989999682,24374.0
1781108403,250,gRPC,gRPC/listar-musicas-playlist,151.500000,0.000000,250,290,310,310,340,350,370,380,410,410,410,7944,0,230.0,203.859269265107,4.820254999685858,418.2559359996958,14583.0
1781108403,250,gRPC,gRPC/listar-playlists,154.400000,0.000000,260,300,310,320,340,370,380,390,410,410,410,8013,0,230.0,209.38896142705335,8.858977999807394,418.13109400027315,22473.0
1781108403,250,gRPC,gRPC/listar-playlists-musica,151.900000,0.000000,250,300,310,320,350,370,380,400,410,410,410,7907,0,230.0,209.50597608916075,9.004875999380602,421.0533890000079,16984.0
1781108403,250,gRPC,gRPC/listar-playlists-usuario,153.200000,0.000000,250,290,300,310,340,350,370,380,400,410,410,7978,0,230.0,203.75458708647918,7.78348800031381,417.8800190002221,16978.0
1781108403,250,gRPC,gRPC/listar-usuarios,151.000000,0.000000,310,340,360,370,400,420,430,440,460,460,460,8112,0,280.0,253.81991607753307,5.435588000182179,480.5411360002836,15097.0
1781108403,250,,Aggregated,914.000000,0.000000,260,300,310,320,350,370,400,410,450,460,460,48019,0,230.0,214.0023561235314,4.328965000240714,480.5411360002836,18424.15808325871
1781108404,250,gRPC,gRPC/listar-musicas,151.700000,0.000000,250,290,300,310,340,360,370,380,400,400,400,8221,0,220.0,204.11418452438602,4.328965000240714,416.2811989999682,24374.0
1781108404,250,gRPC,gRPC/listar-musicas-playlist,149.600000,0.000000,250,290,310,310,340,350,370,380,410,410,410,8113,0,230.0,204.93292381511364,4.820254999685858,418.2559359996958,14583.0
1781108404,250,gRPC,gRPC/listar-playlists,149.300000,0.000000,260,300,310,320,340,370,380,390,410,410,410,8187,0,230.0,210.67003565041742,8.858977999807394,418.13109400027315,22473.0
1781108404,250,gRPC,gRPC/listar-playlists-musica,150.500000,0.000000,250,300,310,320,350,370,380,400,410,410,410,8065,0,230.0,210.5121164318666,9.004875999380602,421.0533890000079,16984.0
1781108404,250,gRPC,gRPC/listar-playlists-usuario,150.300000,0.000000,250,290,300,310,340,350,370,380,400,410,410,8149,0,230.0,205.07992805386252,7.78348800031381,417.8800190002221,16978.0
1781108404,250,gRPC,gRPC/listar-usuarios,150.800000,0.000000,310,340,360,370,400,420,430,440,460,460,460,8256,0,280.0,254.98956465127716,5.435588000182179,480.5411360002836,15097.0
1781108404,250,,Aggregated,902.200000,0.000000,270,300,310,330,350,380,400,410,450,460,460,48991,0,230.0,215.13276933011906,4.328965000240714,480.5411360002836,18424.761650098997
1781108405,250,gRPC,gRPC/listar-musicas,150.900000,0.000000,250,290,300,310,340,350,370,380,390,390,390,8369,0,220.0,205.461652400284,4.328965000240714,416.2811989999682,24374.0
1781108405,250,gRPC,gRPC/listar-musicas-playlist,151.500000,0.000000,250,290,310,310,340,350,360,380,390,390,390,8240,0,230.0,206.2891965851966,4.820254999685858,418.2559359996958,14583.0
1781108405,250,gRPC,gRPC/listar-playlists,150.000000,0.000000,260,300,310,320,340,370,380,380,390,390,390,8332,0,230.0,212.10021979956323,8.858977999807394,418.13109400027315,22473.0
1781108405,250,gRPC,gRPC/listar-playlists-musica,152.200000,0.000000,260,300,310,320,350,370,380,390,390,390,390,8209,0,230.0,211.99649481045282,9.004875999380602,421.0533890000079,16984.0
1781108405,250,gRPC,gRPC/listar-playlists-usuario,151.000000,0.000000,250,290,300,310,340,350,370,380,390,390,390,8295,0,230.0,206.3238315439327,7.78348800031381,417.8800190002221,16978.0
1781108405,250,gRPC,gRPC/listar-usuarios,150.600000,0.000000,310,340,360,370,400,410,430,430,450,450,450,8406,0,280.0,256.37658944336755,5.435588000182179,480.5411360002836,15097.0
1781108405,250,,Aggregated,906.200000,0.000000,270,300,310,320,350,370,390,410,440,450,450,49851,0,230.0,216.51296061436793,4.328965000240714,480.5411360002836,18425.99967904355
1781108406,250,gRPC,gRPC/listar-musicas,150.900000,0.000000,250,290,300,310,340,350,370,380,390,390,390,8530,0,230.0,206.58474349460477,4.328965000240714,416.2811989999682,24374.0
1781108406,250,gRPC,gRPC/listar-musicas-playlist,150.600000,0.000000,260,300,310,310,340,350,360,380,390,390,390,8400,0,230.0,207.31649861619343,4.820254999685858,418.2559359996958,14583.0
1781108406,250,gRPC,gRPC/listar-playlists,152.100000,0.000000,260,300,310,320,340,370,380,380,390,390,390,8471,0,230.0,213.0741026279028,8.858977999807394,418.13109400027315,22473.0
1781108406,250,gRPC,gRPC/listar-playlists-musica,150.000000,0.000000,260,300,310,330,350,370,380,390,390,390,390,8361,0,230.0,213.18674292584708,9.004875999380602,421.0533890000079,16984.0
1781108406,250,gRPC,gRPC/listar-playlists-usuario,149.600000,0.000000,250,290,310,310,340,350,370,380,390,390,390,8445,0,230.0,207.44173075558533,7.78348800031381,417.8800190002221,16978.0
1781108406,250,gRPC,gRPC/listar-usuarios,150.100000,0.000000,310,340,360,370,400,410,430,430,450,450,450,8560,0,280.0,257.6267709959048,5.435588000182179,480.5411360002836,15097.0
1781108406,250,,Aggregated,903.300000,0.000000,270,300,310,330,350,370,390,410,440,450,450,50767,0,230.0,217.6248765399739,4.328965000240714,480.5411360002836,18425.13753028542
1781108407,250,gRPC,gRPC/listar-musicas,147.300000,0.000000,250,290,300,310,340,350,370,380,390,390,390,8676,0,230.0,207.44582939776106,4.328965000240714,416.2811989999682,24374.0
1781108407,250,gRPC,gRPC/listar-musicas-playlist,148.400000,0.000000,250,300,310,310,340,350,360,380,390,390,390,8555,0,230.0,208.37506383203095,4.820254999685858,418.2559359996958,14583.0
1781108407,250,gRPC,gRPC/listar-playlists,148.400000,0.000000,260,300,310,320,340,370,380,380,390,390,390,8639,0,230.0,214.17840553987259,8.858977999807394,418.13109400027315,22473.0
1781108407,250,gRPC,gRPC/listar-playlists-musica,147.600000,0.000000,260,300,310,320,350,370,380,390,390,390,390,8526,0,230.0,214.07452621569377,9.004875999380602,421.0533890000079,16984.0
1781108407,250,gRPC,gRPC/listar-playlists-usuario,148.600000,0.000000,250,290,300,310,340,350,370,380,390,390,390,8602,0,230.0,208.4457496737878,7.78348800031381,417.8800190002221,16978.0
1781108407,250,gRPC,gRPC/listar-usuarios,150.000000,0.000000,310,340,360,370,400,410,430,430,450,450,450,8710,0,280.0,258.553276595517,5.435588000182179,480.5411360002836,15097.0
1781108407,250,,Aggregated,890.300000,0.000000,270,300,310,320,350,370,390,410,440,450,450,51708,0,240.0,218.59257215039952,4.328965000240714,480.5411360002836,18424.921598205307
1781108408,250,gRPC,gRPC/listar-musicas,149.200000,0.000000,250,290,300,310,340,350,370,380,390,390,390,8834,0,230.0,208.44551363753462,4.328965000240714,416.2811989999682,24374.0
1781108408,250,gRPC,gRPC/listar-musicas-playlist,148.900000,0.000000,250,300,310,310,340,350,360,380,390,390,390,8701,0,230.0,209.3437815976346,4.820254999685858,418.2559359996958,14583.0
1781108408,250,gRPC,gRPC/listar-playlists,150.300000,0.000000,260,300,310,320,340,370,380,380,390,390,390,8787,0,240.0,215.24087575110462,8.858977999807394,418.13109400027315,22473.0
1781108408,250,gRPC,gRPC/listar-playlists-musica,149.900000,0.000000,260,300,310,320,350,370,380,390,390,390,390,8657,0,230.0,215.16481561152932,9.004875999380602,421.0533890000079,16984.0
1781108408,250,gRPC,gRPC/listar-playlists-usuario,150.600000,0.000000,250,290,300,310,340,350,370,380,390,390,390,8736,0,230.0,209.26268982576926,7.78348800031381,417.8800190002221,16978.0
1781108408,250,gRPC,gRPC/listar-usuarios,149.700000,0.000000,310,340,360,370,400,410,430,430,450,450,450,8865,0,280.0,259.66918792114456,5.435588000182179,480.5411360002836,15097.0
1781108408,250,,Aggregated,898.600000,0.000000,270,300,310,320,350,370,390,410,440,450,450,52580,0,240.0,219.60816858820525,4.328965000240714,480.5411360002836,18426.436877139597
1781108409,250,gRPC,gRPC/listar-musicas,150.800000,0.000000,250,290,300,310,340,360,370,380,390,390,390,8954,0,230.0,209.09249322280445,4.328965000240714,416.2811989999682,24374.0
1781108409,250,gRPC,gRPC/listar-musicas-playlist,149.100000,0.000000,250,300,310,310,340,350,360,380,390,390,390,8844,0,230.0,210.05345755619823,4.820254999685858,418.2559359996958,14583.0
1781108409,250,gRPC,gRPC/listar-playlists,148.500000,0.000000,260,300,310,310,340,370,380,380,390,390,390,8919,0,240.0,215.88690729408628,8.858977999807394,418.13109400027315,22473.0
1781108409,250,gRPC,gRPC/listar-playlists-musica,149.100000,0.000000,250,300,310,320,350,370,380,390,390,390,390,8798,0,230.0,215.8155235764961,9.004875999380602,421.0533890000079,16984.0
1781108409,250,gRPC,gRPC/listar-playlists-usuario,149.800000,0.000000,250,300,310,310,340,350,370,380,390,390,390,8882,0,230.0,210.16791558859777,7.78348800031381,417.8800190002221,16978.0
1781108409,250,gRPC,gRPC/listar-usuarios,149.700000,0.000000,310,340,360,370,390,410,430,430,450,450,450,9012,0,280.0,260.55360471137897,5.435588000182179,480.5411360002836,15097.0
1781108409,250,,Aggregated,897.000000,0.000000,270,300,310,320,350,370,390,410,440,450,450,53409,0,240.0,220.35589090682956,4.328965000240714,480.5411360002836,18422.57909715591
1781108410,250,gRPC,gRPC/listar-musicas,150.700000,0.000000,250,290,300,310,340,350,370,380,390,390,390,9124,0,230.0,210.19139655195056,4.328965000240714,416.2811989999682,24374.0
1781108410,250,gRPC,gRPC/listar-musicas-playlist,151.000000,0.000000,250,290,310,310,330,340,360,380,390,390,390,9014,0,230.0,211.29866207100318,4.820254999685858,418.2559359996958,14583.0
1781108410,250,gRPC,gRPC/listar-playlists,150.200000,0.000000,260,300,310,310,340,370,380,380,390,390,390,9086,0,240.0,217.0963720542543,8.858977999807394,418.13109400027315,22473.0
1781108410,250,gRPC,gRPC/listar-playlists-musica,152.100000,0.000000,250,300,310,320,350,370,380,390,390,390,390,8954,0,230.0,217.0361845777319,9.004875999380602,421.0533890000079,16984.0
1781108410,250,gRPC,gRPC/listar-playlists-usuario,149.900000,0.000000,250,300,310,310,330,340,370,380,390,390,390,9041,0,230.0,211.16254016457444,7.78348800031381,417.8800190002221,16978.0
1781108410,250,gRPC,gRPC/listar-usuarios,149.700000,0.000000,310,340,360,360,390,410,430,430,440,440,440,9164,0,280.0,261.62788920863676,5.435588000182179,480.5411360002836,15097.0
1781108410,250,,Aggregated,903.600000,0.000000,270,300,310,320,350,370,390,410,440,440,440,54383,0,240.0,221.48448187076553,4.328965000240714,480.5411360002836,18423.973631465717
1781108411,250,gRPC,gRPC/listar-musicas,151.000000,0.000000,250,290,300,310,340,360,370,380,390,400,400,9270,0,230.0,211.1971847781005,4.328965000240714,416.2811989999682,24374.0
1781108411,250,gRPC,gRPC/listar-musicas-playlist,149.800000,0.000000,250,300,310,310,340,350,360,380,390,400,400,9139,0,230.0,212.07707927136698,4.820254999685858,418.2559359996958,14583.0
1781108411,250,gRPC,gRPC/listar-playlists,152.400000,0.000000,260,300,310,310,340,370,380,390,400,400,400,9217,0,240.0,217.9886102777429,8.858977999807394,418.13109400027315,22473.0
1781108411,250,gRPC,gRPC/listar-playlists-musica,151.100000,0.000000,250,300,310,320,350,380,390,390,400,400,400,9102,0,230.0,218.13205966633734,9.004875999380602,421.0533890000079,16984.0
1781108411,250,gRPC,gRPC/listar-playlists-usuario,152.200000,0.000000,250,290,310,310,340,350,370,380,390,400,400,9184,0,230.0,212.17422889883687,7.78348800031381,417.8800190002221,16978.0
1781108411,250,gRPC,gRPC/listar-usuarios,150.200000,0.000000,310,340,360,360,400,410,430,440,450,450,450,9316,0,280.0,262.70640645233493,5.435588000182179,480.5411360002836,15097.0
1781108411,250,,Aggregated,906.700000,0.000000,270,300,310,320,350,380,390,410,440,450,450,55228,0,240.0,222.47031141963913,4.328965000240714,480.5411360002836,18423.854385456652
1781108412,250,gRPC,gRPC/listar-musicas,148.400000,0.000000,250,290,300,310,340,360,370,380,390,400,400,9433,0,230.0,211.69648026025646,4.328965000240714,416.2811989999682,24374.0
1781108412,250,gRPC,gRPC/listar-musicas-playlist,148.600000,0.000000,250,290,310,310,340,350,360,380,390,400,400,9324,0,230.0,212.70400588878408,4.820254999685858,418.2559359996958,14583.0
1781108412,250,gRPC,gRPC/listar-playlists,148.400000,0.000000,260,300,310,310,340,370,380,390,400,400,400,9398,0,240.0,218.67431015800764,8.858977999807394,418.13109400027315,22473.0
1781108412,250,gRPC,gRPC/listar-playlists-musica,149.600000,0.000000,250,300,310,320,350,380,390,390,400,400,400,9276,0,230.0,218.6554979184994,9.004875999380602,421.0533890000079,16984.0
1781108412,250,gRPC,gRPC/listar-playlists-usuario,148.600000,0.000000,250,290,310,310,340,350,370,380,390,400,400,9361,0,230.0,212.8067617062198,7.78348800031381,417.8800190002221,16978.0
1781108412,250,gRPC,gRPC/listar-usuarios,149.700000,0.000000,310,340,360,370,400,410,430,440,450,450,450,9472,0,280.0,263.27284175052284,5.435588000182179,480.5411360002836,15097.0
1781108412,250,,Aggregated,893.300000,0.000000,270,300,310,320,350,380,390,410,440,450,450,56264,0,240.0,223.04384807606667,4.328965000240714,480.5411360002836,18423.26379212285
1781108413,250,gRPC,gRPC/listar-musicas,149.100000,0.000000,250,280,300,310,340,360,370,380,390,400,400,9595,0,230.0,212.61617274163615,4.328965000240714,416.2811989999682,24374.0
1781108413,250,gRPC,gRPC/listar-musicas-playlist,150.900000,0.000000,250,290,310,310,330,350,360,380,390,400,400,9462,0,240.0,213.66960395339328,4.820254999685858,418.2559359996958,14583.0
1781108413,250,gRPC,gRPC/listar-playlists,148.100000,0.000000,260,300,310,310,340,370,380,390,400,400,400,9560,0,240.0,219.6948865414184,8.858977999807394,418.13109400027315,22473.0
1781108413,250,gRPC,gRPC/listar-playlists-musica,148.900000,0.000000,250,300,310,310,350,380,390,390,400,400,400,9427,0,230.0,219.6753222657261,9.004875999380602,421.0533890000079,16984.0
1781108413,250,gRPC,gRPC/listar-playlists-usuario,150.100000,0.000000,250,290,300,310,330,350,370,380,390,400,400,9513,0,230.0,213.59353776231634,7.78348800031381,417.8800190002221,16978.0
1781108413,250,gRPC,gRPC/listar-usuarios,149.900000,0.000000,310,340,360,360,390,410,430,440,450,450,450,9627,0,290.0,264.22767138931664,5.435588000182179,480.5411360002836,15097.0
1781108413,250,,Aggregated,897.000000,0.000000,260,300,310,320,350,370,390,410,440,450,450,57184,0,240.0,223.9890785113982,4.328965000240714,480.5411360002836,18425.669015808617
1781108414,250,gRPC,gRPC/listar-musicas,149.400000,0.000000,250,290,300,310,340,360,380,380,400,400,400,9741,0,230.0,213.65323185196561,4.328965000240714,416.2811989999682,24374.0
1781108414,250,gRPC,gRPC/listar-musicas-playlist,150.000000,0.000000,250,300,310,310,340,350,370,380,400,410,410,9610,0,240.0,214.59740038969926,4.820254999685858,418.2559359996958,14583.0
1781108414,250,gRPC,gRPC/listar-playlists,151.400000,0.000000,260,300,310,310,350,380,390,400,410,410,410,9681,0,240.0,220.5930177550833,8.858977999807394,418.13109400027315,22473.0
1781108414,250,gRPC,gRPC/listar-playlists-musica,149.500000,0.000000,250,300,310,330,360,380,390,400,400,400,400,9572,0,230.0,220.8380079544509,9.004875999380602,421.0533890000079,16984.0
1781108414,250,gRPC,gRPC/listar-playlists-usuario,148.800000,0.000000,250,290,310,310,340,350,380,380,400,400,400,9655,0,230.0,214.60927181045324,7.78348800031381,417.8800190002221,16978.0
1781108414,250,gRPC,gRPC/listar-usuarios,149.900000,0.000000,310,350,360,370,400,420,430,440,460,460,460,9773,0,290.0,265.4044825007627,5.435588000182179,480.5411360002836,15097.0
1781108414,250,,Aggregated,899.000000,0.000000,270,300,310,330,360,380,400,410,450,460,460,58032,0,240.0,225.02671100516616,4.328965000240714,480.5411360002836,18423.75406672181
1781108415,250,gRPC,gRPC/listar-musicas,147.800000,0.000000,250,280,300,310,340,360,380,380,400,400,400,9897,0,230.0,214.2429775492569,4.328965000240714,416.2811989999682,24374.0
1781108415,250,gRPC,gRPC/listar-musicas-playlist,149.600000,0.000000,250,290,300,310,330,350,370,380,400,410,410,9773,0,240.0,215.33910663061585,4.820254999685858,418.2559359996958,14583.0
1781108415,250,gRPC,gRPC/listar-playlists,148.800000,0.000000,260,300,310,310,340,380,390,400,410,410,410,9852,0,240.0,221.3683797014785,8.858977999807394,418.13109400027315,22473.0
1781108415,250,gRPC,gRPC/listar-playlists-musica,147.700000,0.000000,250,300,310,310,350,380,390,400,400,400,400,9741,0,230.0,221.47852141782244,9.004875999380602,421.0533890000079,16984.0
1781108415,250,gRPC,gRPC/listar-playlists-usuario,148.800000,0.000000,250,290,300,310,330,350,370,380,400,400,400,9814,0,240.0,215.3267222033742,7.78348800031381,417.8800190002221,16978.0
1781108415,250,gRPC,gRPC/listar-usuarios,150.000000,0.000000,310,340,360,360,390,410,430,440,460,460,460,9923,0,290.0,266.0546807714356,5.435588000182179,480.5411360002836,15097.0
1781108415,250,,Aggregated,892.700000,0.000000,260,300,310,320,350,380,400,410,450,460,460,59000,0,240.0,225.70326170940317,4.328965000240714,480.5411360002836,18424.133898305085
1781108416,250,gRPC,gRPC/listar-musicas,150.100000,0.000000,250,290,300,310,340,360,380,380,400,400,400,10044,0,230.0,215.0569467711064,4.328965000240714,416.2811989999682,24374.0
1781108416,250,gRPC,gRPC/listar-musicas-playlist,151.400000,0.000000,250,300,310,310,330,350,370,380,400,410,410,9911,0,240.0,216.19038518746902,4.820254999685858,418.2559359996958,14583.0
1781108416,250,gRPC,gRPC/listar-playlists,151.100000,0.000000,260,300,310,310,340,380,390,400,410,410,410,9997,0,240.0,222.27856122906545,8.858977999807394,418.13109400027315,22473.0
1781108416,250,gRPC,gRPC/listar-playlists-musica,150.900000,0.000000,250,300,310,320,350,380,390,400,400,400,400,9867,0,240.0,222.37988465136465,9.004875999380602,421.0533890000079,16984.0
1781108416,250,gRPC,gRPC/listar-playlists-usuario,151.600000,0.000000,250,290,300,310,330,350,370,380,400,400,400,9946,0,240.0,215.99908593986652,7.78348800031381,417.8800190002221,16978.0
1781108416,250,gRPC,gRPC/listar-usuarios,151.100000,0.000000,310,340,360,360,390,410,430,440,460,460,460,10077,0,290.0,266.97713278346185,5.435588000182179,480.5411360002836,15097.0
1781108416,250,,Aggregated,906.200000,0.000000,260,300,310,320,350,380,400,410,450,460,460,59842,0,240.0,226.55812732262896,4.328965000240714,480.5411360002836,18424.9178670499
1781108417,250,gRPC,gRPC/listar-musicas,152.200000,0.000000,250,280,300,310,340,360,380,380,400,400,400,10178,0,230.0,215.54835610581614,4.328965000240714,416.2811989999682,24374.0
1781108417,250,gRPC,gRPC/listar-musicas-playlist,150.000000,0.000000,250,290,300,310,340,350,370,380,400,410,410,10065,0,240.0,216.60071052955936,4.820254999685858,418.2559359996958,14583.0
1781108417,250,gRPC,gRPC/listar-playlists,150.200000,0.000000,260,300,310,310,340,380,390,400,410,410,410,10146,0,240.0,222.82226942075326,8.858977999807394,418.13109400027315,22473.0
1781108417,250,gRPC,gRPC/listar-playlists-musica,151.000000,0.000000,250,300,310,330,360,380,390,400,400,400,400,10038,0,240.0,223.0746438151036,9.004875999380602,421.0533890000079,16984.0
1781108417,250,gRPC,gRPC/listar-playlists-usuario,150.700000,0.000000,250,290,300,310,340,350,380,380,400,400,400,10102,0,240.0,216.61043238991405,7.78348800031381,417.8800190002221,16978.0
1781108417,250,gRPC,gRPC/listar-usuarios,150.500000,0.000000,310,340,360,360,400,420,430,440,460,460,460,10233,0,290.0,267.5242123717333,5.435588000182179,480.5411360002836,15097.0
1781108417,250,,Aggregated,904.600000,0.000000,260,300,310,320,350,380,400,410,450,460,460,60762,0,240.0,227.11051633071298,4.328965000240714,480.5411360002836,18421.912939007932
1781108418,250,gRPC,gRPC/listar-musicas,151.400000,0.000000,250,280,300,310,340,360,380,380,400,400,400,10344,0,230.0,216.2518460390559,4.328965000240714,416.2811989999682,24374.0
1781108418,250,gRPC,gRPC/listar-musicas-playlist,153.100000,0.000000,250,290,300,310,340,350,370,380,400,410,410,10232,0,240.0,217.4243724878821,4.820254999685858,418.2559359996958,14583.0
1781108418,250,gRPC,gRPC/listar-playlists,150.500000,0.000000,260,300,310,310,340,380,390,400,410,410,410,10307,0,240.0,223.52624893043108,8.858977999807394,418.13109400027315,22473.0
1781108418,250,gRPC,gRPC/listar-playlists-musica,152.800000,0.000000,250,300,310,310,350,380,390,400,400,400,400,10178,0,240.0,223.62935868333693,9.004875999380602,421.0533890000079,16984.0
1781108418,250,gRPC,gRPC/listar-playlists-usuario,151.600000,0.000000,250,290,300,310,340,350,370,380,400,400,400,10273,0,240.0,217.32358433630955,7.78348800031381,417.8800190002221,16978.0
1781108418,250,gRPC,gRPC/listar-usuarios,150.700000,0.000000,310,340,360,360,400,410,430,440,460,460,460,10388,0,290.0,268.20728433528586,5.435588000182179,480.5411360002836,15097.0
1781108418,250,,Aggregated,910.100000,0.000000,260,300,310,320,350,380,400,410,450,460,460,61722,0,240.0,227.8001747624959,4.328965000240714,480.5411360002836,18422.489630925764
1781108419,250,gRPC,gRPC/listar-musicas,151.300000,0.000000,250,280,300,310,340,360,380,390,410,420,420,10490,0,230.0,217.13519146587194,4.328965000240714,416.2811989999682,24374.0
1781108419,250,gRPC,gRPC/listar-musicas-playlist,150.900000,0.000000,250,290,300,310,340,350,370,380,420,420,420,10369,0,240.0,218.2181863451642,4.820254999685858,418.2559359996958,14583.0
1781108419,250,gRPC,gRPC/listar-playlists,152.000000,0.000000,260,300,310,310,340,380,400,410,420,420,420,10452,0,240.0,224.4222454932977,8.858977999807394,418.13109400027315,22473.0
1781108419,250,gRPC,gRPC/listar-playlists-musica,151.100000,0.000000,250,300,310,310,360,380,400,410,420,420,420,10332,0,240.0,224.64577074545178,9.004875999380602,421.0533890000079,16984.0
1781108419,250,gRPC,gRPC/listar-playlists-usuario,150.900000,0.000000,250,290,300,310,340,360,380,390,410,420,420,10404,0,240.0,218.10451801018002,7.78348800031381,417.8800190002221,16978.0
1781108419,250,gRPC,gRPC/listar-usuarios,150.700000,0.000000,310,340,360,360,400,420,440,450,470,470,470,10536,0,290.0,269.1603559675354,5.435588000182179,480.5411360002836,15097.0
1781108419,250,,Aggregated,906.900000,0.000000,260,300,310,320,350,380,400,420,450,470,470,62583,0,240.0,228.69128775833371,4.328965000240714,480.5411360002836,18422.925954332648
1781108420,250,gRPC,gRPC/listar-musicas,149.200000,0.000000,250,280,300,310,340,360,380,390,410,420,420,10643,0,230.0,217.53492256478424,4.328965000240714,416.2811989999682,24374.0
1781108420,250,gRPC,gRPC/listar-musicas-playlist,149.600000,0.000000,250,290,300,310,340,350,370,380,420,420,420,10534,0,240.0,218.62570874302347,4.820254999685858,418.2559359996958,14583.0
1781108420,250,gRPC,gRPC/listar-playlists,150.300000,0.000000,250,300,310,310,340,380,400,410,420,420,420,10608,0,240.0,224.83377061481363,8.858977999807394,418.13109400027315,22473.0
1781108420,250,gRPC,gRPC/listar-playlists-musica,150.600000,0.000000,250,290,310,310,360,380,400,400,420,420,420,10488,0,240.0,224.99479864206776,9.004875999380602,421.0533890000079,16984.0
1781108420,250,gRPC,gRPC/listar-playlists-usuario,150.600000,0.000000,250,280,300,310,340,360,380,390,410,420,420,10571,0,240.0,218.62914713129422,7.78348800031381,417.8800190002221,16978.0
1781108420,250,gRPC,gRPC/listar-usuarios,151.000000,0.000000,310,340,360,360,400,420,440,450,470,470,470,10686,0,290.0,269.6346269740737,5.435588000182179,480.5411360002836,15097.0
1781108420,250,,Aggregated,901.300000,0.000000,260,300,310,310,350,380,400,420,450,470,470,63530,0,240.0,229.11150356942832,4.328965000240714,480.5411360002836,18422.045647725485
1781108421,250,gRPC,gRPC/listar-musicas,151.600000,0.000000,250,280,300,300,340,360,380,390,410,420,420,10805,0,230.0,218.28651168736673,4.328965000240714,416.2811989999682,24374.0
1781108421,250,gRPC,gRPC/listar-musicas-playlist,152.700000,0.000000,250,290,300,310,340,350,370,380,420,420,420,10672,0,240.0,219.42277214205507,4.820254999685858,418.2559359996958,14583.0
1781108421,250,gRPC,gRPC/listar-playlists,151.600000,0.000000,250,300,300,310,340,380,390,410,420,420,420,10770,0,240.0,225.66014515663434,8.858977999807394,418.13109400027315,22473.0
1781108421,250,gRPC,gRPC/listar-playlists-musica,150.100000,0.000000,250,290,310,310,350,380,390,400,420,420,420,10637,0,240.0,225.8296836958742,9.004875999380602,421.0533890000079,16984.0
1781108421,250,gRPC,gRPC/listar-playlists-usuario,151.600000,0.000000,250,280,300,300,340,350,380,380,410,420,420,10723,0,240.0,219.27461532396808,7.78348800031381,417.8800190002221,16978.0
1781108421,250,gRPC,gRPC/listar-usuarios,151.100000,0.000000,300,330,350,360,400,420,430,440,470,470,470,10840,0,290.0,270.4280643870804,5.435588000182179,480.5411360002836,15097.0
1781108421,250,,Aggregated,908.700000,0.000000,260,300,310,310,350,380,400,420,450,470,470,64447,0,240.0,229.88653637821497,4.328965000240714,480.5411360002836,18424.293419398888
1781108422,250,gRPC,gRPC/listar-musicas,153.000000,0.000000,250,290,300,310,340,360,380,390,410,420,420,10958,0,230.0,218.9671318467785,4.328965000240714,416.2811989999682,24374.0
1781108422,250,gRPC,gRPC/listar-musicas-playlist,151.200000,0.000000,250,290,310,310,340,350,370,380,420,420,420,10828,0,240.0,219.97982631806556,4.820254999685858,418.2559359996958,14583.0
1781108422,250,gRPC,gRPC/listar-playlists,152.500000,0.000000,260,300,310,310,340,380,390,410,420,420,420,10904,0,240.0,226.22274864141204,8.858977999807394,418.13109400027315,22473.0
1781108422,250,gRPC,gRPC/listar-playlists-musica,150.500000,0.000000,250,300,310,330,360,380,390,400,420,420,420,10791,0,240.0,226.56944582253828,9.004875999380602,421.0533890000079,16984.0
1781108422,250,gRPC,gRPC/listar-playlists-usuario,150.700000,0.000000,250,290,300,310,340,360,380,380,410,420,420,10872,0,240.0,219.9652149058044,7.78348800031381,417.8800190002221,16978.0
1781108422,250,gRPC,gRPC/listar-usuarios,151.300000,0.000000,310,340,360,360,400,420,430,440,470,470,470,10995,0,290.0,271.11367988112283,5.435588000182179,480.5411360002836,15097.0
1781108422,250,,Aggregated,909.200000,0.000000,260,300,310,320,360,380,400,420,450,470,470,65348,0,240.0,230.54085600102275,4.328965000240714,480.5411360002836,18422.771668605008
1781108423,250,gRPC,gRPC/listar-musicas,150.800000,0.000000,250,280,300,300,340,360,380,390,410,420,420,11119,0,230.0,219.28638246937658,4.328965000240714,416.2811989999682,24374.0
1781108423,250,gRPC,gRPC/listar-musicas-playlist,151.000000,0.000000,250,290,300,310,340,350,370,380,420,420,420,11010,0,240.0,220.36613008873917,4.820254999685858,418.2559359996958,14583.0
1781108423,250,gRPC,gRPC/listar-playlists,151.000000,0.000000,250,300,300,310,340,380,390,410,420,420,420,11074,0,240.0,226.67288665143172,8.858977999807394,418.13109400027315,22473.0
1781108423,250,gRPC,gRPC/listar-playlists-musica,151.500000,0.000000,250,300,310,310,350,380,390,400,420,420,420,10962,0,240.0,226.88030067943905,9.004875999380602,421.0533890000079,16984.0
1781108423,250,gRPC,gRPC/listar-playlists-usuario,150.000000,0.000000,250,290,300,300,340,350,380,380,410,420,420,11037,0,240.0,220.37741455938226,7.78348800031381,417.8800190002221,16978.0
1781108423,250,gRPC,gRPC/listar-usuarios,151.100000,0.000000,310,340,360,360,400,420,430,440,470,470,470,11152,0,290.0,271.492152240579,5.435588000182179,480.5411360002836,15097.0
1781108423,250,,Aggregated,905.400000,0.000000,260,300,310,310,350,380,400,420,450,470,470,66354,0,240.0,230.9084574864941,4.328965000240714,480.5411360002836,18421.8867890406
1781108424,250,gRPC,gRPC/listar-musicas,151.100000,0.000000,250,280,300,310,340,360,380,380,410,420,420,11262,0,230.0,220.0629753936236,4.328965000240714,416.2811989999682,24374.0
1781108424,250,gRPC,gRPC/listar-musicas-playlist,149.900000,0.000000,250,290,310,310,340,350,370,380,420,420,420,11129,0,240.0,221.20343755782432,4.820254999685858,418.2559359996958,14583.0
1781108424,250,gRPC,gRPC/listar-playlists,151.400000,0.000000,250,300,310,310,340,370,390,390,420,420,420,11215,0,240.0,227.56740018269815,8.858977999807394,418.13109400027315,22473.0
1781108424,250,gRPC,gRPC/listar-playlists-musica,151.000000,0.000000,250,300,310,320,350,380,390,390,420,420,420,11095,0,240.0,227.76636241613423,9.004875999380602,421.0533890000079,16984.0
1781108424,250,gRPC,gRPC/listar-playlists-usuario,151.900000,0.000000,250,290,300,310,340,350,370,380,410,420,420,11178,0,240.0,221.03562499471315,7.78348800031381,417.8800190002221,16978.0
1781108424,250,gRPC,gRPC/listar-usuarios,151.400000,0.000000,300,340,360,360,390,410,430,440,470,470,470,11299,0,290.0,272.34277451180947,5.435588000182179,480.5411360002836,15097.0
1781108424,250,,Aggregated,906.700000,0.000000,260,300,310,320,350,380,400,420,440,470,470,67178,0,240.0,231.73205059572857,4.328965000240714,480.5411360002836,18423.10662716961
1781108425,250,gRPC,gRPC/listar-musicas,152.200000,0.000000,250,280,300,310,340,360,380,390,410,420,420,11400,0,230.0,220.65247727561325,4.328965000240714,416.2811989999682,24374.0
1781108425,250,gRPC,gRPC/listar-musicas-playlist,150.100000,0.000000,250,290,310,310,340,350,370,380,420,420,420,11294,0,240.0,221.8001153458491,4.820254999685858,418.2559359996958,14583.0
1781108425,250,gRPC,gRPC/listar-playlists,150.200000,0.000000,260,300,310,310,340,380,390,390,420,420,420,11366,0,240.0,228.18212735605857,8.858977999807394,418.13109400027315,22473.0
1781108425,250,gRPC,gRPC/listar-playlists-musica,151.100000,0.000000,250,300,310,330,360,380,390,390,420,420,420,11257,0,240.0,228.5004716143736,9.004875999380602,421.0533890000079,16984.0
1781108425,250,gRPC,gRPC/listar-playlists-usuario,150.700000,0.000000,250,290,300,310,340,360,380,380,410,420,420,11331,0,240.0,221.77029595789426,7.78348800031381,417.8800190002221,16978.0
1781108425,250,gRPC,gRPC/listar-usuarios,151.300000,0.000000,310,340,360,360,400,420,430,440,470,470,470,11451,0,290.0,272.99834335725546,5.435588000182179,480.5411360002836,15097.0
1781108425,250,,Aggregated,905.600000,0.000000,260,300,310,330,360,380,400,420,440,470,470,68099,0,240.0,232.38490822820935,4.328965000240714,480.5411360002836,18420.74733843375
1781108427,250,gRPC,gRPC/listar-musicas,151.700000,0.000000,250,280,300,310,340,360,380,390,410,420,420,11560,0,240.0,221.1452533014706,4.328965000240714,416.2811989999682,24374.0
1781108427,250,gRPC,gRPC/listar-musicas-playlist,152.800000,0.000000,250,290,300,310,340,350,370,380,420,420,420,11449,0,240.0,222.3519105593523,4.820254999685858,418.2559359996958,14583.0
1781108427,250,gRPC,gRPC/listar-playlists,150.900000,0.000000,260,300,310,310,340,370,390,390,420,420,420,11523,0,240.0,228.7290182785699,8.858977999807394,418.13109400027315,22473.0
1781108427,250,gRPC,gRPC/listar-playlists-musica,153.100000,0.000000,250,290,310,320,350,380,390,410,420,420,420,11397,0,240.0,228.93242077037883,9.004875999380602,421.0533890000079,16984.0
1781108427,250,gRPC,gRPC/listar-playlists-usuario,151.900000,0.000000,250,290,300,310,340,350,370,390,410,420,420,11495,0,240.0,222.23845981973895,7.78348800031381,417.8800190002221,16978.0
1781108427,250,gRPC,gRPC/listar-usuarios,151.400000,0.000000,300,340,360,360,400,420,430,440,470,470,470,11604,0,290.0,273.5183645616118,5.435588000182179,480.5411360002836,15097.0
1781108427,250,,Aggregated,911.800000,0.000000,260,300,310,320,350,380,400,420,450,470,470,69028,0,240.0,232.8833462841724,4.328965000240714,480.5411360002836,18421.436692356725
1781108428,250,gRPC,gRPC/listar-musicas,149.600000,0.000000,250,290,300,310,340,360,380,390,410,420,420,11731,0,240.0,221.79587430611198,4.328965000240714,416.2811989999682,24374.0
1781108428,250,gRPC,gRPC/listar-musicas-playlist,150.900000,0.000000,250,290,310,320,340,360,370,390,420,420,420,11599,0,240.0,222.93758927442275,4.820254999685858,418.2559359996958,14583.0
1781108428,250,gRPC,gRPC/listar-playlists,150.700000,0.000000,260,300,310,320,340,380,390,390,420,420,420,11684,0,240.0,229.4186791638959,8.858977999807394,418.13109400027315,22473.0
1781108428,250,gRPC,gRPC/listar-playlists-musica,150.900000,0.000000,250,300,310,330,360,380,390,410,420,420,420,11554,0,240.0,229.63243873836032,9.004875999380602,421.0533890000079,16984.0
1781108428,250,gRPC,gRPC/listar-playlists-usuario,150.900000,0.000000,250,290,300,310,340,360,380,390,410,420,420,11630,0,240.0,222.7403088034307,7.78348800031381,417.8800190002221,16978.0
1781108428,250,gRPC,gRPC/listar-usuarios,151.700000,0.000000,310,340,360,370,400,420,440,440,470,470,470,11759,0,290.0,274.2169759823911,5.435588000182179,480.5411360002836,15097.0
1781108428,250,,Aggregated,904.700000,0.000000,260,300,310,330,360,380,400,420,450,470,470,69957,0,240.0,233.52100227245148,4.328965000240714,480.5411360002836,18423.703732292695
1781108429,250,gRPC,gRPC/listar-musicas,150.900000,0.000000,250,280,300,300,340,350,370,380,390,390,390,11856,0,240.0,221.95708490393025,4.328965000240714,416.2811989999682,24374.0
1781108429,250,gRPC,gRPC/listar-musicas-playlist,153.200000,0.000000,250,280,300,310,340,340,360,380,390,390,390,11748,0,240.0,223.07842811908614,4.820254999685858,418.2559359996958,14583.0
1781108429,250,gRPC,gRPC/listar-playlists,151.900000,0.000000,250,300,300,310,340,370,390,390,390,390,390,11822,0,240.0,229.56031640390495,8.858977999807394,418.13109400027315,22473.0
1781108429,250,gRPC,gRPC/listar-playlists-musica,151.500000,0.000000,250,290,300,320,350,380,390,390,390,390,390,11701,0,240.0,229.74868939996713,9.004875999380602,421.0533890000079,16984.0
1781108429,250,gRPC,gRPC/listar-playlists-usuario,153.400000,0.000000,250,290,300,300,340,340,370,380,390,390,390,11785,0,240.0,223.02503146159546,7.78348800031381,417.8800190002221,16978.0
1781108429,250,gRPC,gRPC/listar-usuarios,151.600000,0.000000,300,330,350,360,390,410,430,440,440,450,450,11913,0,290.0,274.4811022502253,5.435588000182179,480.5411360002836,15097.0
1781108429,250,,Aggregated,912.500000,0.000000,260,300,310,320,350,370,390,400,440,450,450,70825,0,240.0,233.71187312731186,4.328965000240714,480.5411360002836,18420.62984821744
1781108430,250,gRPC,gRPC/listar-musicas,153.000000,0.000000,250,280,300,310,340,360,380,380,390,390,390,12024,0,240.0,222.66330228634308,4.328965000240714,416.2811989999682,24374.0
1781108430,250,gRPC,gRPC/listar-musicas-playlist,151.300000,0.000000,250,290,300,310,340,350,360,380,390,390,390,11903,0,240.0,223.85401581131075,4.820254999685858,418.2559359996958,14583.0
1781108430,250,gRPC,gRPC/listar-playlists,152.700000,0.000000,260,300,310,320,340,380,390,390,390,390,390,11987,0,240.0,230.35833764945104,8.858977999807394,418.13109400027315,22473.0
1781108430,250,gRPC,gRPC/listar-playlists-musica,150.600000,0.000000,250,300,310,330,350,380,390,390,390,390,390,11854,0,240.0,230.55409972254293,9.004875999380602,421.0533890000079,16984.0
1781108430,250,gRPC,gRPC/listar-playlists-usuario,150.700000,0.000000,250,290,300,310,340,350,370,380,390,390,390,11940,0,240.0,223.69002273357708,7.78348800031381,417.8800190002221,16978.0
1781108430,250,gRPC,gRPC/listar-usuarios,151.600000,0.000000,310,340,360,360,400,410,430,440,440,450,450,12061,0,290.0,275.192186597375,5.435588000182179,480.5411360002836,15097.0
1781108430,250,,Aggregated,909.900000,0.000000,270,300,310,330,350,380,390,410,440,450,450,71769,0,240.0,234.44778974763292,4.328965000240714,480.5411360002836,18422.561955719044
1781108431,250,gRPC,gRPC/listar-musicas,149.400000,0.000000,250,280,300,310,340,360,380,380,400,400,400,12168,0,240.0,223.30551829618625,4.328965000240714,416.2811989999682,24374.0
1781108431,250,gRPC,gRPC/listar-musicas-playlist,150.800000,0.000000,250,290,300,320,340,350,360,380,400,400,400,12038,0,240.0,224.36563172429217,4.820254999685858,418.2559359996958,14583.0
1781108431,250,gRPC,gRPC/listar-playlists,149.700000,0.000000,260,300,310,320,340,380,390,390,400,400,400,12114,0,240.0,230.90799050338143,8.858977999807394,418.13109400027315,22473.0
1781108431,250,gRPC,gRPC/listar-playlists-musica,151.200000,0.000000,250,300,310,330,360,380,390,390,400,400,400,12001,0,240.0,231.26370746946318,9.004875999380602,421.0533890000079,16984.0
1781108431,250,gRPC,gRPC/listar-playlists-usuario,149.700000,0.000000,250,290,300,310,340,350,370,390,400,400,400,12083,0,240.0,224.3404767435998,7.78348800031381,417.8800190002221,16978.0
1781108431,250,gRPC,gRPC/listar-usuarios,151.500000,0.000000,310,340,360,370,400,410,430,440,450,450,450,12211,0,290.0,275.90736795675576,5.435588000182179,480.5411360002836,15097.0
1781108431,250,,Aggregated,902.300000,0.000000,270,300,310,330,350,380,400,410,440,450,450,72615,0,240.0,235.0825727774819,4.328965000240714,480.5411360002836,18421.683302348
1781108432,250,gRPC,gRPC/listar-musicas,151.200000,0.000000,250,280,300,300,340,360,380,380,400,400,400,12332,0,240.0,223.5867056786407,4.328965000240714,416.2811989999682,24374.0
1781108432,250,gRPC,gRPC/listar-musicas-playlist,150.100000,0.000000,250,290,300,310,340,350,360,380,400,400,400,12222,0,240.0,224.6826477620713,4.820254999685858,418.2559359996958,14583.0
1781108432,250,gRPC,gRPC/listar-playlists,151.500000,0.000000,260,300,310,310,340,360,390,390,400,400,400,12287,0,240.0,231.30399193464302,8.858977999807394,418.13109400027315,22473.0
1781108432,250,gRPC,gRPC/listar-playlists-musica,151.000000,0.000000,250,290,310,320,350,380,390,390,400,400,400,12175,0,240.0,231.52382877610077,9.004875999380602,421.0533890000079,16984.0
1781108432,250,gRPC,gRPC/listar-playlists-usuario,152.000000,0.000000,250,290,300,310,340,340,370,390,400,400,400,12256,0,240.0,224.69675941015953,7.78348800031381,417.8800190002221,16978.0
1781108432,250,gRPC,gRPC/listar-usuarios,151.500000,0.000000,310,340,350,360,390,410,430,440,450,450,450,12366,0,290.0,276.22357306048434,5.435588000182179,480.5411360002836,15097.0
1781108432,250,,Aggregated,907.300000,0.000000,260,300,310,320,350,380,390,410,440,450,450,73638,0,240.0,235.3926169562436,4.328965000240714,480.5411360002836,18421.07899454086
1781108433,250,gRPC,gRPC/listar-musicas,152.400000,0.000000,250,290,300,310,340,360,380,380,400,400,400,12479,0,240.0,224.1894068470231,4.328965000240714,416.2811989999682,24374.0
1781108433,250,gRPC,gRPC/listar-musicas-playlist,150.300000,0.000000,250,300,310,320,340,350,360,380,400,400,400,12353,0,240.0,225.3352708905555,4.820254999685858,418.2559359996958,14583.0
1781108433,250,gRPC,gRPC/listar-playlists,150.500000,0.000000,260,300,310,320,340,380,390,390,400,400,400,12445,0,240.0,231.98978669280527,8.858977999807394,418.13109400027315,22473.0
1781108433,250,gRPC,gRPC/listar-playlists-musica,151.300000,0.000000,260,300,320,330,360,380,390,390,400,400,400,12320,0,240.0,232.19893486834647,9.004875999380602,421.0533890000079,16984.0
1781108433,250,gRPC,gRPC/listar-playlists-usuario,151.000000,0.000000,250,290,300,310,340,350,370,390,400,400,400,12406,0,240.0,225.19748173246185,7.78348800031381,417.8800190002221,16978.0
1781108433,250,gRPC,gRPC/listar-usuarios,151.500000,0.000000,310,340,360,370,400,410,430,440,450,450,450,12518,0,290.0,276.8543557495571,5.435588000182179,480.5411360002836,15097.0
1781108433,250,,Aggregated,907.000000,0.000000,270,300,320,330,350,380,400,410,440,450,450,74521,0,240.0,236.0206219182626,4.328965000240714,480.5411360002836,18422.184672776802
1781108434,250,gRPC,gRPC/listar-musicas,151.800000,0.000000,250,280,300,310,340,360,380,380,400,400,400,12644,0,240.0,224.65869035819352,4.328965000240714,416.2811989999682,24374.0
1781108434,250,gRPC,gRPC/listar-musicas-playlist,154.400000,0.000000,250,290,310,310,340,350,360,380,400,400,400,12514,0,240.0,225.6959575186214,4.820254999685858,418.2559359996958,14583.0
1781108434,250,gRPC,gRPC/listar-playlists,150.800000,0.000000,260,300,310,320,340,380,390,390,400,400,400,12585,0,240.0,232.36690617790717,8.858977999807394,418.13109400027315,22473.0
1781108434,250,gRPC,gRPC/listar-playlists-musica,153.100000,0.000000,250,290,310,320,350,380,390,390,400,400,400,12475,0,240.0,232.69733652072378,9.004875999380602,421.0533890000079,16984.0
1781108434,250,gRPC,gRPC/listar-playlists-usuario,152.000000,0.000000,250,290,300,310,340,350,370,380,400,400,400,12559,0,240.0,225.6572280649671,7.78348800031381,417.8800190002221,16978.0
1781108434,250,gRPC,gRPC/listar-usuarios,151.400000,0.000000,310,340,360,370,400,410,430,440,450,450,450,12674,0,290.0,277.3826037571367,5.435588000182179,480.5411360002836,15097.0
1781108434,250,,Aggregated,913.500000,0.000000,260,300,310,320,350,380,400,410,440,450,450,75451,0,240.0,236.4681280288911,4.328965000240714,480.5411360002836,18421.766484208296
1781108435,250,gRPC,gRPC/listar-musicas,151.700000,0.000000,250,280,300,310,330,350,370,380,400,400,400,12789,0,240.0,225.0530358978812,4.328965000240714,416.2811989999682,24374.0
1781108435,250,gRPC,gRPC/listar-musicas-playlist,151.400000,0.000000,250,290,300,310,330,340,360,380,400,400,400,12667,0,240.0,226.20883622941733,4.820254999685858,418.2559359996958,14583.0
1781108435,250,gRPC,gRPC/listar-playlists,152.500000,0.000000,260,300,310,310,330,360,390,390,400,400,400,12752,0,240.0,232.8682376802044,8.858977999807394,418.13109400027315,22473.0
1781108435,250,gRPC,gRPC/listar-playlists-musica,152.000000,0.000000,250,290,310,320,350,380,390,390,400,400,400,12630,0,240.0,233.07285235788004,9.004875999380602,421.0533890000079,16984.0
1781108435,250,gRPC,gRPC/listar-playlists-usuario,153.000000,0.000000,250,290,300,310,330,340,360,380,400,400,400,12714,0,240.0,226.15316106747943,7.78348800031381,417.8800190002221,16978.0
1781108435,250,gRPC,gRPC/listar-usuarios,151.300000,0.000000,310,340,360,360,390,410,430,440,450,450,450,12823,0,290.0,277.80150838882844,5.435588000182179,480.5411360002836,15097.0
1781108435,250,,Aggregated,911.900000,0.000000,270,300,310,320,350,370,390,400,440,450,450,76375,0,240.0,236.91517549821071,4.328965000240714,480.5411360002836,18421.90096235679
1781108436,250,gRPC,gRPC/listar-musicas,150.900000,0.000000,250,280,300,310,340,360,380,380,400,400,400,12947,0,240.0,225.5984095595892,4.328965000240714,416.2811989999682,24374.0
1781108436,250,gRPC,gRPC/listar-musicas-playlist,149.900000,0.000000,250,290,310,310,330,350,360,380,400,400,400,12814,0,240.0,226.75524545083752,4.820254999685858,418.2559359996958,14583.0
1781108436,250,gRPC,gRPC/listar-playlists,150.600000,0.000000,260,300,310,320,340,380,390,390,400,400,400,12900,0,240.0,233.4824763054237,8.858977999807394,418.13109400027315,22473.0
1781108436,250,gRPC,gRPC/listar-playlists-musica,150.700000,0.000000,250,300,320,320,350,380,390,390,400,400,400,12770,0,240.0,233.700906841897,9.004875999380602,421.0533890000079,16984.0
1781108436,250,gRPC,gRPC/listar-playlists-usuario,150.800000,0.000000,250,290,310,320,330,340,370,380,400,400,400,12848,0,240.0,226.5968028416821,7.78348800031381,417.8800190002221,16978.0
1781108436,250,gRPC,gRPC/listar-usuarios,151.200000,0.000000,310,340,360,370,390,410,430,440,450,450,450,12974,0,290.0,278.4529495333708,5.435588000182179,480.5411360002836,15097.0
1781108436,250,,Aggregated,904.100000,0.000000,270,300,320,320,350,380,390,410,440,450,450,77253,0,240.0,237.48868184590748,4.328965000240714,480.5411360002836,18422.92133638823
1781108437,250,gRPC,gRPC/listar-musicas,150.600000,0.000000,250,280,300,310,330,350,370,380,400,400,400,13068,0,240.0,225.7987203014999,4.328965000240714,416.2811989999682,24374.0
1781108437,250,gRPC,gRPC/listar-musicas-playlist,152.900000,0.000000,250,280,300,310,330,340,350,380,400,400,400,12958,0,240.0,226.8987748497478,4.820254999685858,418.2559359996958,14583.0
1781108437,250,gRPC,gRPC/listar-playlists,151.600000,0.000000,250,300,310,310,330,370,390,390,400,400,400,13035,0,240.0,233.67575670555908,8.858977999807394,418.13109400027315,22473.0
1781108437,250,gRPC,gRPC/listar-playlists-musica,151.100000,0.000000,250,290,310,320,350,380,390,390,400,400,400,12913,0,240.0,233.87441876419322,9.004875999380602,421.0533890000079,16984.0
1781108437,250,gRPC,gRPC/listar-playlists-usuario,151.600000,0.000000,250,290,300,310,330,340,360,380,400,400,400,12996,0,240.0,226.88608434402366,7.78348800031381,417.8800190002221,16978.0
1781108437,250,gRPC,gRPC/listar-usuarios,151.400000,0.000000,310,340,350,360,390,410,430,440,450,450,450,13127,0,290.0,278.7113875012536,5.435588000182179,480.5411360002836,15097.0
1781108437,250,,Aggregated,909.200000,0.000000,260,300,310,320,350,370,390,400,440,450,450,78097,0,240.0,237.70608084082482,4.328965000240714,480.5411360002836,18420.173630229074
1781108438,250,gRPC,gRPC/listar-musicas,152.900000,0.000000,250,280,300,310,340,350,370,380,400,400,400,13238,0,240.0,226.26888695392074,4.328965000240714,416.2811989999682,24374.0
1781108438,250,gRPC,gRPC/listar-musicas-playlist,151.100000,0.000000,250,290,310,310,330,340,360,380,400,400,400,13129,0,240.0,227.45153011912743,4.820254999685858,418.2559359996958,14583.0
1781108438,250,gRPC,gRPC/listar-playlists,152.500000,0.000000,260,300,310,320,340,380,390,390,400,400,400,13201,0,240.0,234.17950482804014,8.858977999807394,418.13109400027315,22473.0
1781108438,250,gRPC,gRPC/listar-playlists-musica,150.400000,0.000000,250,300,320,320,350,380,390,390,400,400,400,13069,0,240.0,234.39256128257898,9.004875999380602,421.0533890000079,16984.0
1781108438,250,gRPC,gRPC/listar-playlists-usuario,150.600000,0.000000,250,290,310,310,330,340,370,380,400,400,400,13155,0,240.0,227.26034323557067,7.78348800031381,417.8800190002221,16978.0
1781108438,250,gRPC,gRPC/listar-usuarios,151.300000,0.000000,310,340,360,370,390,410,430,440,450,450,450,13283,0,290.0,279.1385581524472,5.435588000182179,480.5411360002836,15097.0
1781108438,250,,Aggregated,908.800000,0.000000,270,300,310,320,350,380,390,410,440,450,450,79075,0,240.0,238.1744669525121,4.328965000240714,480.5411360002836,18420.894454631678
1781108439,250,gRPC,gRPC/listar-musicas,150.600000,0.000000,250,290,300,310,340,350,370,380,400,400,400,13389,0,240.0,226.78828346822058,4.328965000240714,416.2811989999682,24374.0
1781108439,250,gRPC,gRPC/listar-musicas-playlist,150.800000,0.000000,250,290,310,310,330,340,360,380,400,400,400,13269,0,240.0,227.88320185537893,4.820254999685858,418.2559359996958,14583.0
1781108439,250,gRPC,gRPC/listar-playlists,150.900000,0.000000,250,300,310,320,340,380,390,390,400,400,400,13339,0,240.0,234.627378473346,8.858977999807394,418.13109400027315,22473.0
1781108439,250,gRPC,gRPC/listar-playlists-musica,151.300000,0.000000,250,300,310,320,350,380,390,390,400,400,400,13231,0,240.0,234.99898729355468,9.004875999380602,421.0533890000079,16984.0
1781108439,250,gRPC,gRPC/listar-playlists-usuario,150.000000,0.000000,250,290,300,310,330,340,370,380,400,400,400,13303,0,240.0,227.7661089436166,7.78348800031381,417.8800190002221,16978.0
1781108439,250,gRPC,gRPC/listar-usuarios,151.300000,0.000000,310,340,360,370,390,410,430,440,450,450,450,13437,0,290.0,279.6526238373862,5.435588000182179,480.5411360002836,15097.0
1781108439,250,,Aggregated,904.900000,0.000000,270,300,310,320,350,380,390,410,440,450,450,79968,0,240.0,238.68149245813228,4.328965000240714,480.5411360002836,18420.42675820328
1781108440,250,gRPC,gRPC/listar-musicas,151.400000,0.000000,250,280,300,300,330,350,370,380,390,390,390,13547,0,240.0,226.9672756202858,4.328965000240714,416.2811989999682,24374.0
1781108440,250,gRPC,gRPC/listar-musicas-playlist,151.400000,0.000000,250,280,300,310,330,340,350,380,390,390,390,13438,0,240.0,228.05674166535306,4.820254999685858,418.2559359996958,14583.0
1781108440,250,gRPC,gRPC/listar-playlists,151.400000,0.000000,250,300,310,310,330,360,390,390,390,390,390,13512,0,240.0,234.90005894796877,8.858977999807394,418.13109400027315,22473.0
1781108440,250,gRPC,gRPC/listar-playlists-musica,151.100000,0.000000,250,290,310,320,350,370,390,390,390,390,390,13390,0,240.0,235.1082230109056,9.004875999380602,421.0533890000079,16984.0
1781108440,250,gRPC,gRPC/listar-playlists-usuario,152.200000,0.000000,250,280,300,300,330,340,360,380,390,390,390,13475,0,240.0,228.03418970530092,7.78348800031381,417.8800190002221,16978.0
1781108440,250,gRPC,gRPC/listar-usuarios,151.300000,0.000000,300,330,350,360,390,400,420,430,440,450,450,13586,0,290.0,279.87691777182084,5.435588000182179,480.5411360002836,15097.0
1781108440,250,,Aggregated,908.800000,0.000000,260,300,310,320,340,370,390,400,430,450,450,80948,0,240.0,238.87667874530456,4.328965000240714,480.5411360002836,18420.69303750556
1781108441,250,gRPC,gRPC/listar-musicas,152.200000,0.000000,250,290,300,310,340,360,370,390,420,420,420,13697,0,240.0,227.59915468270526,4.328965000240714,424.3328239999755,24374.0
1781108441,250,gRPC,gRPC/listar-musicas-playlist,150.000000,0.000000,250,290,310,320,330,350,360,380,420,430,430,13571,0,240.0,228.70358785454331,4.820254999685858,425.94935200031614,14583.0
1781108441,250,gRPC,gRPC/listar-playlists,150.200000,0.000000,260,300,310,320,340,380,390,390,420,420,420,13670,0,240.0,235.60728193759735,8.858977999807394,424.13445400052296,22473.0
1781108441,250,gRPC,gRPC/listar-playlists-musica,151.000000,0.000000,250,300,320,330,350,380,390,410,430,430,430,13538,0,240.0,235.8250000223843,9.004875999380602,426.0327129995858,16984.0
1781108441,250,gRPC,gRPC/listar-playlists-usuario,150.800000,0.000000,250,290,300,320,330,350,370,380,420,420,420,13623,0,240.0,228.57460439241953,7.78348800031381,423.57418699975824,16978.0
1781108441,250,gRPC,gRPC/listar-usuarios,151.300000,0.000000,310,340,360,370,390,410,430,440,480,480,480,13734,0,290.0,280.5819509261654,5.435588000182179,480.68585000055464,15097.0
1781108441,250,,Aggregated,905.500000,0.000000,260,300,320,320,350,380,400,420,450,480,480,81833,0,240.0,239.53535562072634,4.328965000240714,480.68585000055464,18421.97359256046
1781108442,250,gRPC,gRPC/listar-musicas,151.900000,0.000000,250,280,300,310,340,350,380,390,420,420,420,13856,0,240.0,228.0352468898683,4.328965000240714,424.3328239999755,24374.0
1781108442,250,gRPC,gRPC/listar-musicas-playlist,154.500000,0.000000,250,290,300,310,330,350,360,380,420,430,430,13724,0,240.0,229.04883876326235,4.820254999685858,425.94935200031614,14583.0
1781108442,250,gRPC,gRPC/listar-playlists,151.000000,0.000000,260,300,310,310,340,380,390,390,420,420,420,13796,0,240.0,235.96659070810043,8.858977999807394,424.13445400052296,22473.0
1781108442,250,gRPC,gRPC/listar-playlists-musica,153.300000,0.000000,250,300,310,320,350,380,390,410,430,430,430,13686,0,240.0,236.30869816279628,9.004875999380602,426.0327129995858,16984.0
1781108442,250,gRPC,gRPC/listar-playlists-usuario,152.100000,0.000000,250,290,300,310,330,350,370,380,420,420,420,13769,0,240.0,229.0090381213542,7.78348800031381,423.57418699975824,16978.0
1781108442,250,gRPC,gRPC/listar-usuarios,151.500000,0.000000,310,340,360,360,390,410,430,440,480,480,480,13889,0,290.0,281.0815655784403,5.435588000182179,480.68585000055464,15097.0
1781108442,250,,Aggregated,914.300000,0.000000,260,300,310,320,350,380,400,420,450,480,480,82720,0,250.0,239.9638041920921,4.328965000240714,480.68585000055464,18421.132531431336
1781108443,250,gRPC,gRPC/listar-musicas,151.500000,0.000000,250,280,300,300,330,350,370,390,420,420,420,14013,0,240.0,228.26645677620883,4.328965000240714,424.3328239999755,24374.0
1781108443,250,gRPC,gRPC/listar-musicas-playlist,151.200000,0.000000,250,290,300,310,330,340,360,380,420,430,430,13894,0,240.0,229.33113640247683,4.820254999685858,425.94935200031614,14583.0
1781108443,250,gRPC,gRPC/listar-playlists,152.300000,0.000000,260,300,300,310,330,370,390,390,420,420,420,13968,0,240.0,236.30148362506785,8.858977999807394,424.13445400052296,22473.0
1781108443,250,gRPC,gRPC/listar-playlists-musica,151.500000,0.000000,250,300,300,320,350,380,390,410,430,430,430,13857,0,240.0,236.52257917926107,9.004875999380602,426.0327129995858,16984.0
1781108443,250,gRPC,gRPC/listar-playlists-usuario,152.200000,0.000000,250,290,300,300,330,340,370,380,420,420,420,13929,0,240.0,229.3190483385685,7.78348800031381,423.57418699975824,16978.0
1781108443,250,gRPC,gRPC/listar-usuarios,151.400000,0.000000,310,340,360,360,390,410,430,440,480,480,480,14042,0,290.0,281.3470547036717,5.435588000182179,480.68585000055464,15097.0
1781108443,250,,Aggregated,910.100000,0.000000,260,300,310,320,350,370,390,420,450,480,480,83703,0,250.0,240.23078667908936,4.328965000240714,480.68585000055464,18421.058408898127
1781108444,250,gRPC,gRPC/listar-musicas,149.600000,0.000000,250,290,300,310,340,360,380,390,420,420,420,14160,0,240.0,228.69789756956337,4.328965000240714,424.3328239999755,24374.0
1781108444,250,gRPC,gRPC/listar-musicas-playlist,149.800000,0.000000,250,290,300,310,330,350,360,390,420,430,430,14027,0,240.0,229.77450795622826,4.820254999685858,425.94935200031614,14583.0
1781108444,250,gRPC,gRPC/listar-playlists,150.600000,0.000000,260,300,310,310,340,380,390,390,420,420,420,14112,0,240.0,236.76976584927326,8.858977999807394,424.13445400052296,22473.0
1781108444,250,gRPC,gRPC/listar-playlists-musica,150.800000,0.000000,250,300,310,320,350,380,390,410,430,430,430,13992,0,240.0,237.02203870283256,9.004875999380602,426.0327129995858,16984.0
1781108444,250,gRPC,gRPC/listar-playlists-usuario,150.800000,0.000000,250,290,300,310,330,350,370,390,420,420,420,14062,0,240.0,229.64372012394577,7.78348800031381,423.57418699975824,16978.0
1781108444,250,gRPC,gRPC/listar-usuarios,151.300000,0.000000,310,340,360,360,390,410,430,440,480,480,480,14196,0,290.0,281.7903002421782,5.435588000182179,480.68585000055464,15097.0
1781108444,250,,Aggregated,902.900000,0.000000,260,300,310,320,350,380,400,420,450,480,480,84549,0,250.0,240.6730020284433,4.328965000240714,480.68585000055464,18421.652923156988
1781108445,250,gRPC,gRPC/listar-musicas,150.500000,0.000000,250,280,300,300,340,360,390,400,430,430,430,14292,0,240.0,228.96389493499984,4.328965000240714,431.8171530003383,24374.0
1781108445,250,gRPC,gRPC/listar-musicas-playlist,152.700000,0.000000,250,280,300,300,330,350,380,390,430,430,430,14180,0,240.0,229.9431301904802,4.820254999685858,433.2533000006151,14583.0
1781108445,250,gRPC,gRPC/listar-playlists,151.400000,0.000000,250,300,300,310,340,380,400,420,430,430,430,14261,0,240.0,237.0610744566968,8.858977999807394,433.06076699991536,22473.0
1781108445,250,gRPC,gRPC/listar-playlists-musica,150.600000,0.000000,250,290,300,310,360,390,410,430,430,430,430,14152,0,240.0,237.440371795579,9.004875999380602,433.30012200021883,16984.0
1781108445,250,gRPC,gRPC/listar-playlists-usuario,151.300000,0.000000,250,290,300,300,330,350,380,390,430,430,430,14217,0,240.0,229.95144343771057,7.78348800031381,431.829633000234,16978.0
1781108445,250,gRPC,gRPC/listar-usuarios,151.300000,0.000000,300,340,350,360,390,410,440,460,480,490,490,14347,0,290.0,282.1001642820082,5.435588000182179,485.9667739992801,15097.0
1781108445,250,,Aggregated,907.800000,0.000000,260,300,310,310,350,380,410,420,470,490,490,85449,0,250.0,240.96759968282663,4.328965000240714,485.9667739992801,18419.853409636158
1781108446,250,gRPC,gRPC/listar-musicas,151.100000,0.000000,250,290,300,310,340,370,390,400,430,430,430,14451,0,240.0,229.42874902435977,4.328965000240714,431.8171530003383,24374.0
1781108446,250,gRPC,gRPC/listar-musicas-playlist,150.700000,0.000000,250,290,300,310,340,360,390,390,430,430,430,14340,0,240.0,230.48145233821504,4.820254999685858,433.2533000006151,14583.0
1781108446,250,gRPC,gRPC/listar-playlists,152.200000,0.000000,260,300,310,310,340,380,400,420,430,430,430,14412,0,240.0,237.48219635810122,8.858977999807394,433.06076699991536,22473.0
1781108446,250,gRPC,gRPC/listar-playlists-musica,150.200000,0.000000,250,300,310,320,360,390,410,430,430,430,430,14281,0,240.0,237.74702892073614,9.004875999380602,433.30012200021883,16984.0
1781108446,250,gRPC,gRPC/listar-playlists-usuario,150.200000,0.000000,250,290,300,310,340,360,390,390,430,430,430,14377,0,240.0,230.38625912373448,7.78348800031381,431.829633000234,16978.0
1781108446,250,gRPC,gRPC/listar-usuarios,151.100000,0.000000,310,340,360,360,400,420,450,470,490,490,490,14496,0,290.0,282.5493434730938,5.435588000182179,487.8126630001134,15097.0
1781108446,250,,Aggregated,905.500000,0.000000,260,300,310,320,360,390,410,430,470,490,490,86357,0,250.0,241.399494459266,4.328965000240714,487.8126630001134,18420.24493671619
1781108447,250,gRPC,gRPC/listar-musicas,150.600000,0.000000,250,290,300,310,340,370,390,400,430,430,430,14602,0,240.0,229.88323212334137,4.328965000240714,431.8171530003383,24374.0
1781108447,250,gRPC,gRPC/listar-musicas-playlist,150.800000,0.000000,250,290,300,310,340,360,390,390,430,430,430,14480,0,240.0,230.87429898584273,4.820254999685858,433.2533000006151,14583.0
1781108447,250,gRPC,gRPC/listar-playlists,150.900000,0.000000,260,300,310,310,350,390,400,420,430,430,430,14563,0,240.0,237.96971267286594,8.858977999807394,433.06076699991536,22473.0
1781108447,250,gRPC,gRPC/listar-playlists-musica,151.400000,0.000000,250,300,310,320,360,390,410,430,430,430,430,14444,0,240.0,238.3142865866824,9.004875999380602,433.30012200021883,16984.0
1781108447,250,gRPC,gRPC/listar-playlists-usuario,150.000000,0.000000,250,290,300,310,340,360,390,400,430,430,430,14516,0,240.0,230.7972703688292,7.78348800031381,431.829633000234,16978.0
1781108447,250,gRPC,gRPC/listar-usuarios,151.400000,0.000000,310,340,360,360,400,430,450,470,490,490,490,14649,0,290.0,283.03950561997203,5.435588000182179,487.8126630001134,15097.0
1781108447,250,,Aggregated,905.100000,0.000000,260,300,310,320,360,390,420,430,470,490,490,87254,0,250.0,241.86946363941868,4.328965000240714,487.8126630001134,18420.59715313911
1781108448,250,gRPC,gRPC/listar-musicas,151.100000,0.000000,250,280,300,300,340,370,390,400,430,430,430,14758,0,240.0,229.9719196355219,4.328965000240714,431.8171530003383,24374.0
1781108448,250,gRPC,gRPC/listar-musicas-playlist,149.900000,0.000000,250,280,300,310,330,350,390,390,430,430,430,14649,0,240.0,230.9387880328352,4.820254999685858,433.2533000006151,14583.0
1781108448,250,gRPC,gRPC/listar-playlists,151.300000,0.000000,250,300,310,310,330,380,400,420,430,430,430,14723,0,240.0,238.0676467790495,8.858977999807394,433.06076699991536,22473.0
1781108448,250,gRPC,gRPC/listar-playlists-musica,150.900000,0.000000,250,290,310,310,360,390,410,430,430,430,430,14602,0,240.0,238.32689077503358,9.004875999380602,433.30012200021883,16984.0
1781108448,250,gRPC,gRPC/listar-playlists-usuario,151.900000,0.000000,250,280,300,300,330,360,390,400,430,430,430,14686,0,240.0,230.939803855912,7.78348800031381,431.829633000234,16978.0
1781108448,250,gRPC,gRPC/listar-usuarios,151.300000,0.000000,300,340,350,360,390,420,450,470,490,490,490,14805,0,290.0,283.1514923448813,5.435588000182179,487.8126630001134,15097.0
1781108448,250,,Aggregated,906.400000,0.000000,260,300,310,320,350,390,410,430,470,490,490,88223,0,250.0,241.95172372389038,4.328965000240714,487.8126630001134,18419.89276039128
1781108449,250,gRPC,gRPC/listar-musicas,152.200000,0.000000,250,290,300,310,340,370,390,400,430,430,430,14919,0,240.0,230.41576680662422,4.328965000240714,431.8171530003383,24374.0
1781108449,250,gRPC,gRPC/listar-musicas-playlist,150.100000,0.000000,250,290,310,310,340,360,390,390,430,430,430,14788,0,240.0,231.43343571896094,4.820254999685858,433.2533000006151,14583.0
1781108449,250,gRPC,gRPC/listar-playlists,150.200000,0.000000,260,300,310,320,340,380,400,420,430,430,430,14885,0,250.0,238.58538535552125,8.858977999807394,433.06076699991536,22473.0
1781108449,250,gRPC,gRPC/listar-playlists-musica,151.100000,0.000000,250,300,310,320,360,390,410,430,430,430,430,14753,0,240.0,238.8347419499115,9.004875999380602,433.30012200021883,16984.0
1781108449,250,gRPC,gRPC/listar-playlists-usuario,150.700000,0.000000,250,290,300,310,340,360,390,400,430,430,430,14838,0,240.0,231.31622560095227,7.78348800031381,431.829633000234,16978.0
1781108449,250,gRPC,gRPC/listar-usuarios,151.000000,0.000000,310,340,360,370,400,430,450,470,490,490,490,14957,0,300.0,283.6190820027388,5.435588000182179,487.8126630001134,15097.0
1781108449,250,,Aggregated,905.300000,0.000000,260,300,310,320,360,390,420,430,470,490,490,89140,0,250.0,242.4191569035869,4.328965000240714,487.8126630001134,18421.472515144716
1781108450,250,gRPC,gRPC/listar-musicas,151.500000,0.000000,250,280,300,310,340,370,390,400,430,430,430,15072,0,240.0,230.7257166200256,4.328965000240714,431.8171530003383,24374.0
1781108450,250,gRPC,gRPC/listar-musicas-playlist,152.900000,0.000000,250,280,300,310,330,350,390,390,430,430,430,14942,0,240.0,231.6548609401006,4.820254999685858,433.2533000006151,14583.0
1781108450,250,gRPC,gRPC/listar-playlists,150.700000,0.000000,250,300,310,310,340,380,390,400,430,430,430,15018,0,250.0,238.84878130276536,8.858977999807394,433.06076699991536,22473.0
1781108450,250,gRPC,gRPC/listar-playlists-musica,152.800000,0.000000,250,300,310,320,360,390,400,420,430,430,430,14905,0,240.0,239.18784267366954,9.004875999380602,433.30012200021883,16984.0
1781108450,250,gRPC,gRPC/listar-playlists-usuario,151.700000,0.000000,250,290,300,310,330,350,390,390,430,430,430,14986,0,240.0,231.62537438141806,7.78348800031381,431.829633000234,16978.0
1781108450,250,gRPC,gRPC/listar-usuarios,151.200000,0.000000,300,340,360,360,390,420,440,460,490,490,490,15110,0,300.0,283.9407075340156,5.435588000182179,487.8126630001134,15097.0
1781108450,250,,Aggregated,910.800000,0.000000,260,300,310,320,360,390,400,430,470,490,490,90033,0,250.0,242.7164781473321,4.328965000240714,487.8126630001134,18420.558306398765
1781108451,250,gRPC,gRPC/listar-musicas,151.700000,0.000000,250,280,300,310,340,360,390,400,430,430,430,15228,0,240.0,231.0032339322316,4.328965000240714,431.8171530003383,24374.0
1781108451,250,gRPC,gRPC/listar-musicas-playlist,151.500000,0.000000,250,280,300,310,330,350,390,390,430,430,430,15113,0,240.0,231.98082257367741,4.820254999685858,433.2533000006151,14583.0
1781108451,250,gRPC,gRPC/listar-playlists,152.600000,0.000000,250,300,310,310,340,380,390,400,430,430,430,15184,0,250.0,239.24880003516344,8.858977999807394,433.06076699991536,22473.0
1781108451,250,gRPC,gRPC/listar-playlists-musica,152.600000,0.000000,250,290,310,310,350,390,400,420,430,430,430,15072,0,240.0,239.46051893080138,9.004875999380602,433.30012200021883,16984.0
1781108451,250,gRPC,gRPC/listar-playlists-usuario,153.000000,0.000000,250,280,300,300,330,350,390,390,430,430,430,15147,0,240.0,231.95344619812104,7.78348800031381,431.829633000234,16978.0
1781108451,250,gRPC,gRPC/listar-usuarios,150.900000,0.000000,300,340,350,360,390,420,440,460,490,490,490,15260,0,300.0,284.2715626045198,5.435588000182179,487.8126630001134,15097.0
1781108451,250,,Aggregated,912.300000,0.000000,260,300,310,320,350,380,400,430,470,490,490,91004,0,250.0,243.03249344910975,4.328965000240714,487.8126630001134,18420.27841633335
1781108452,250,gRPC,gRPC/listar-musicas,152.200000,0.000000,250,280,300,310,340,370,390,400,430,430,430,15376,0,240.0,231.40974156588328,4.328965000240714,431.8171530003383,24374.0
1781108452,250,gRPC,gRPC/listar-musicas-playlist,150.100000,0.000000,250,290,310,310,340,360,390,390,430,430,430,15242,0,240.0,232.4023038946977,4.820254999685858,433.2533000006151,14583.0
1781108452,250,gRPC,gRPC/listar-playlists,150.900000,0.000000,260,300,310,320,340,380,400,400,430,430,430,15328,0,250.0,239.68315393031827,8.858977999807394,433.06076699991536,22473.0
1781108452,250,gRPC,gRPC/listar-playlists-musica,151.000000,0.000000,250,300,310,330,360,390,400,420,430,430,430,15207,0,240.0,239.9269928454686,9.004875999380602,433.30012200021883,16984.0
1781108452,250,gRPC,gRPC/listar-playlists-usuario,151.100000,0.000000,250,280,300,310,340,360,390,400,430,430,430,15290,0,240.0,232.28028220490202,7.78348800031381,431.829633000234,16978.0
1781108452,250,gRPC,gRPC/listar-usuarios,151.600000,0.000000,300,340,360,370,400,420,450,460,490,490,490,15412,0,300.0,284.69297976621885,5.435588000182179,487.8126630001134,15097.0
1781108452,250,,Aggregated,906.900000,0.000000,260,300,310,330,360,390,400,430,470,490,490,91855,0,250.0,243.45020940607276,4.328965000240714,487.8126630001134,18420.980088182463
1781108453,250,gRPC,gRPC/listar-musicas,150.700000,0.000000,250,280,300,310,340,370,390,400,430,430,430,15515,0,240.0,231.69686688217982,4.328965000240714,431.8171530003383,24374.0
1781108453,250,gRPC,gRPC/listar-musicas-playlist,152.900000,0.000000,250,280,300,310,340,350,390,390,430,430,430,15408,0,240.0,232.64638918730412,4.820254999685858,433.2533000006151,14583.0
1781108453,250,gRPC,gRPC/listar-playlists,151.600000,0.000000,250,300,310,320,340,380,400,400,430,430,430,15480,0,250.0,239.96168044282436,8.858977999807394,433.06076699991536,22473.0
1781108453,250,gRPC,gRPC/listar-playlists-musica,151.100000,0.000000,250,290,310,330,360,390,400,420,430,430,430,15372,0,240.0,240.28086422456715,9.004875999380602,433.30012200021883,16984.0
1781108453,250,gRPC,gRPC/listar-playlists-usuario,152.100000,0.000000,250,280,300,310,340,360,390,400,430,430,430,15446,0,240.0,232.65245958532628,7.78348800031381,431.829633000234,16978.0
1781108453,250,gRPC,gRPC/listar-usuarios,151.400000,0.000000,300,340,350,360,400,420,440,460,490,490,490,15566,0,300.0,284.99834383271025,5.435588000182179,487.8126630001134,15097.0
1781108453,250,,Aggregated,909.800000,0.000000,260,300,310,330,350,390,400,430,470,490,490,92787,0,250.0,243.75646182379919,4.328965000240714,487.8126630001134,18419.171349434728
1781108454,250,gRPC,gRPC/listar-musicas,152.600000,0.000000,250,290,300,310,340,370,390,400,430,430,430,15677,0,240.0,231.93967627403308,4.328965000240714,431.8171530003383,24374.0
1781108454,250,gRPC,gRPC/listar-musicas-playlist,151.100000,0.000000,250,290,310,310,340,350,390,390,430,430,430,15563,0,240.0,232.92856605654364,4.820254999685858,433.2533000006151,14583.0
1781108454,250,gRPC,gRPC/listar-playlists,152.500000,0.000000,260,300,310,320,340,380,400,400,430,430,430,15645,0,250.0,240.24389806059008,8.858977999807394,433.06076699991536,22473.0
1781108454,250,gRPC,gRPC/listar-playlists-musica,150.200000,0.000000,250,300,310,330,360,390,400,420,430,430,430,15513,0,240.0,240.47659721904472,9.004875999380602,433.30012200021883,16984.0
1781108454,250,gRPC,gRPC/listar-playlists-usuario,150.400000,0.000000,250,290,300,310,340,360,390,390,430,430,430,15610,0,240.0,232.87298356841475,7.78348800031381,431.829633000234,16978.0
1781108454,250,gRPC,gRPC/listar-usuarios,151.300000,0.000000,310,340,360,370,400,420,440,460,490,490,490,15720,0,300.0,285.24502052436145,5.435588000182179,487.8126630001134,15097.0
1781108454,250,,Aggregated,908.100000,0.000000,260,300,310,330,360,390,400,430,470,490,490,93728,0,250.0,243.99873903688157,4.328965000240714,487.8126630001134,18420.116976783884
1781108455,250,gRPC,gRPC/listar-musicas,150.700000,0.000000,250,280,300,310,340,360,380,380,400,400,400,15846,0,240.0,232.27699538098045,4.328965000240714,431.8171530003383,24374.0
1781108455,250,gRPC,gRPC/listar-musicas-playlist,150.900000,0.000000,250,290,300,310,330,350,360,380,400,400,400,15713,0,240.0,233.24284907605093,4.820254999685858,433.2533000006151,14583.0
1781108455,250,gRPC,gRPC/listar-playlists,150.900000,0.000000,260,300,310,310,340,380,390,400,400,400,400,15799,0,250.0,240.5998904732533,8.858977999807394,433.06076699991536,22473.0
1781108455,250,gRPC,gRPC/listar-playlists-musica,151.400000,0.000000,250,300,310,330,350,380,390,400,400,400,400,15669,0,240.0,240.86551418272012,9.004875999380602,433.30012200021883,16984.0
1781108455,250,gRPC,gRPC/listar-playlists-usuario,150.000000,0.000000,250,290,300,310,330,350,370,390,400,400,400,15745,0,240.0,233.13194459345561,7.78348800031381,431.829633000234,16978.0
1781108455,250,gRPC,gRPC/listar-usuarios,151.500000,0.000000,310,340,360,360,390,410,430,440,460,460,460,15874,0,300.0,285.62726526785747,5.435588000182179,487.8126630001134,15097.0
1781108455,250,,Aggregated,905.400000,0.000000,260,300,310,320,350,380,400,410,440,460,460,94646,0,250.0,244.338643409556,4.328965000240714,487.8126630001134,18421.430319295057
1781108456,250,gRPC,gRPC/listar-musicas,151.400000,0.000000,250,280,300,300,330,350,370,380,400,400,400,15970,0,240.0,232.4240233784603,4.328965000240714,431.8171530003383,24374.0
1781108456,250,gRPC,gRPC/listar-musicas-playlist,151.600000,0.000000,250,290,300,310,330,340,350,380,400,400,400,15861,0,240.0,233.3469360491136,4.820254999685858,433.2533000006151,14583.0
1781108456,250,gRPC,gRPC/listar-playlists,151.400000,0.000000,260,300,300,310,340,370,390,390,400,400,400,15936,0,250.0,240.76079911652394,8.858977999807394,433.06076699991536,22473.0
1781108456,250,gRPC,gRPC/listar-playlists-musica,151.100000,0.000000,250,290,310,310,350,380,390,390,400,400,400,15814,0,240.0,241.00565703851285,9.004875999380602,433.30012200021883,16984.0
1781108456,250,gRPC,gRPC/listar-playlists-usuario,152.200000,0.000000,250,280,300,300,330,340,370,380,400,400,400,15899,0,240.0,233.41469266123391,7.78348800031381,431.829633000234,16978.0
1781108456,250,gRPC,gRPC/listar-usuarios,151.400000,0.000000,310,340,350,360,390,410,430,440,460,460,460,16022,0,300.0,285.83379363100556,5.435588000182179,487.8126630001134,15097.0
1781108456,250,,Aggregated,909.100000,0.000000,260,300,310,320,350,370,390,400,440,460,460,95502,0,250.0,244.5147138419491,4.328965000240714,487.8126630001134,18419.360882494606
1781108457,250,gRPC,gRPC/listar-musicas,152.400000,0.000000,250,290,300,310,340,360,380,390,400,400,400,16137,0,240.0,232.83509628673315,4.328965000240714,431.8171530003383,24374.0
1781108457,250,gRPC,gRPC/listar-musicas-playlist,150.200000,0.000000,250,290,310,310,340,350,360,380,400,400,400,16008,0,240.0,233.79635678516934,4.820254999685858,433.2533000006151,14583.0
1781108457,250,gRPC,gRPC/listar-playlists,150.300000,0.000000,260,300,310,320,340,380,390,400,400,400,400,16100,0,250.0,241.20970357875234,8.858977999807394,433.06076699991536,22473.0
1781108457,250,gRPC,gRPC/listar-playlists-musica,151.100000,0.000000,250,300,310,330,350,380,390,400,400,400,400,15967,0,240.0,241.45764124337987,9.004875999380602,433.30012200021883,16984.0
1781108457,250,gRPC,gRPC/listar-playlists-usuario,150.800000,0.000000,250,290,300,310,340,350,370,390,400,400,400,16053,0,240.0,233.73306852874583,7.78348800031381,431.829633000234,16978.0
1781108457,250,gRPC,gRPC/listar-usuarios,151.700000,0.000000,310,340,360,360,390,410,430,440,460,460,460,16174,0,300.0,286.23712356324734,5.435588000182179,487.8126630001134,15097.0
1781108457,250,,Aggregated,906.500000,0.000000,270,300,310,330,350,380,400,410,440,460,460,96439,0,250.0,244.92600088294986,4.328965000240714,487.8126630001134,18420.902767552547
1781108458,250,gRPC,gRPC/listar-musicas,151.800000,0.000000,250,290,300,310,340,360,380,390,400,400,400,16282,0,240.0,233.16189797420554,4.328965000240714,431.8171530003383,24374.0
1781108458,250,gRPC,gRPC/listar-musicas-playlist,154.500000,0.000000,250,290,300,310,340,350,360,380,400,400,400,16152,0,240.0,234.02842997226296,4.820254999685858,433.2533000006151,14583.0
1781108458,250,gRPC,gRPC/listar-playlists,151.000000,0.000000,260,300,300,320,340,380,390,400,400,400,400,16229,0,250.0,241.46976261716082,8.858977999807394,433.06076699991536,22473.0
1781108458,250,gRPC,gRPC/listar-playlists-musica,153.100000,0.000000,250,300,310,330,360,380,390,400,400,400,400,16115,0,240.0,241.82173116816944,9.004875999380602,433.30012200021883,16984.0
1781108458,250,gRPC,gRPC/listar-playlists-usuario,152.000000,0.000000,250,290,300,310,340,350,370,390,400,400,400,16197,0,240.0,234.05757801629625,7.78348800031381,431.829633000234,16978.0
1781108458,250,gRPC,gRPC/listar-usuarios,151.400000,0.000000,310,340,350,360,400,410,430,440,460,460,460,16327,0,300.0,286.5780246876313,5.435588000182179,487.8126630001134,15097.0
1781108458,250,,Aggregated,913.800000,0.000000,270,300,310,330,350,380,400,410,450,460,460,97302,0,250.0,245.23780805350108,4.328965000240714,487.8126630001134,18419.91887114345
1781108459,250,gRPC,gRPC/listar-musicas,151.600000,0.000000,250,280,300,300,340,360,370,380,400,400,400,16448,0,240.0,233.25071503337873,4.328965000240714,431.8171530003383,24374.0
1781108459,250,gRPC,gRPC/listar-musicas-playlist,151.300000,0.000000,250,290,300,310,330,350,360,380,400,400,400,16338,0,240.0,234.13889867039967,4.820254999685858,433.2533000006151,14583.0
1781108459,250,gRPC,gRPC/listar-playlists,152.300000,0.000000,260,300,300,310,340,370,390,400,400,400,400,16412,0,250.0,241.61553928807638,8.858977999807394,433.06076699991536,22473.0
1781108459,250,gRPC,gRPC/listar-playlists-musica,151.500000,0.000000,250,300,300,320,350,380,390,400,400,400,400,16290,0,240.0,241.87831663149495,9.004875999380602,433.30012200021883,16984.0
1781108459,250,gRPC,gRPC/listar-playlists-usuario,152.600000,0.000000,250,290,300,300,330,340,370,380,400,400,400,16375,0,240.0,234.19156873685193,7.78348800031381,431.829633000234,16978.0
1781108459,250,gRPC,gRPC/listar-usuarios,151.400000,0.000000,300,340,350,360,390,410,430,440,460,460,460,16482,0,300.0,286.68576613523624,5.435588000182179,487.8126630001134,15097.0
1781108459,250,,Aggregated,910.700000,0.000000,260,300,310,320,350,370,400,410,450,460,460,98345,0,250.0,245.33532799405936,4.328965000240714,487.8126630001134,18419.85201077838
1781108460,250,gRPC,gRPC/listar-musicas,149.400000,0.000000,250,290,300,300,340,360,380,390,400,410,410,16598,0,240.0,233.61747463573985,4.328965000240714,431.8171530003383,24374.0
1781108460,250,gRPC,gRPC/listar-musicas-playlist,149.500000,0.000000,250,290,300,310,340,350,370,390,400,410,410,16469,0,240.0,234.53784366294207,4.820254999685858,433.2533000006151,14583.0
1781108460,250,gRPC,gRPC/listar-playlists,150.300000,0.000000,260,300,300,310,340,380,390,400,410,410,410,16561,0,250.0,242.01732543004084,8.858977999807394,433.06076699991536,22473.0
1781108460,250,gRPC,gRPC/listar-playlists-musica,150.700000,0.000000,250,300,310,320,360,380,400,400,410,410,410,16438,0,240.0,242.30571997919756,9.004875999380602,433.30012200021883,16984.0
1781108460,250,gRPC,gRPC/listar-playlists-usuario,150.600000,0.000000,250,290,300,300,340,350,380,390,400,410,410,16524,0,240.0,234.49327716593712,7.78348800031381,431.829633000234,16978.0
1781108460,250,gRPC,gRPC/listar-usuarios,151.200000,0.000000,300,340,350,360,400,420,440,450,460,460,460,16635,0,300.0,287.0670069026731,5.435588000182179,487.8126630001134,15097.0
1781108460,250,,Aggregated,901.700000,0.000000,260,300,310,320,350,380,400,410,450,460,460,99225,0,250.0,245.7181508135029,4.328965000240714,487.8126630001134,18420.443345930966
1781108461,250,gRPC,gRPC/listar-musicas,151.800000,0.000000,250,290,300,310,340,360,380,390,400,410,410,16744,0,240.0,234.0556398759565,4.328965000240714,431.8171530003383,24374.0
1781108461,250,gRPC,gRPC/listar-musicas-playlist,152.900000,0.000000,250,290,300,310,340,350,370,390,400,410,410,16625,0,240.0,234.8993258223154,4.820254999685858,433.2533000006151,14583.0
1781108461,250,gRPC,gRPC/listar-playlists,152.600000,0.000000,250,300,300,310,340,380,390,400,410,410,410,16696,0,250.0,242.37833697202402,8.858977999807394,433.06076699991536,22473.0
1781108461,250,gRPC,gRPC/listar-playlists-musica,150.400000,0.000000,250,300,310,330,360,380,400,400,410,410,410,16586,0,240.0,242.76528284396764,9.004875999380602,433.30012200021883,16984.0
1781108461,250,gRPC,gRPC/listar-playlists-usuario,151.700000,0.000000,250,290,300,310,340,350,370,390,400,410,410,16661,0,240.0,234.96256938286703,7.78348800031381,431.829633000234,16978.0
1781108461,250,gRPC,gRPC/listar-usuarios,151.600000,0.000000,300,340,350,360,400,420,440,450,460,460,460,16781,0,300.0,287.5091344537849,5.435588000182179,487.8126630001134,15097.0
1781108461,250,,Aggregated,911.000000,0.000000,270,300,310,330,350,380,400,410,450,460,460,100093,0,250.0,246.13993760773283,4.328965000240714,487.8126630001134,18419.66649016415
1781108462,250,gRPC,gRPC/listar-musicas,151.100000,0.000000,250,290,300,310,340,360,380,390,400,410,410,16899,0,240.0,234.23888946316458,4.328965000240714,431.8171530003383,24374.0
1781108462,250,gRPC,gRPC/listar-musicas-playlist,150.700000,0.000000,250,290,300,310,340,350,370,390,400,410,410,16778,0,240.0,235.15081388782872,4.820254999685858,433.2533000006151,14583.0
1781108462,250,gRPC,gRPC/listar-playlists,152.200000,0.000000,260,300,310,320,340,380,390,400,410,410,410,16861,0,250.0,242.65815654681876,8.858977999807394,433.06076699991536,22473.0
1781108462,250,gRPC,gRPC/listar-playlists-musica,150.100000,0.000000,260,300,320,330,360,380,400,400,410,410,410,16728,0,240.0,242.9480852982453,9.004875999380602,433.30012200021883,16984.0
1781108462,250,gRPC,gRPC/listar-playlists-usuario,150.400000,0.000000,250,290,300,310,340,350,370,390,400,410,410,16825,0,240.0,235.1660392005318,7.78348800031381,431.829633000234,16978.0
1781108462,250,gRPC,gRPC/listar-usuarios,151.100000,0.000000,310,340,360,370,400,420,440,450,460,460,460,16933,0,300.0,287.73252675538663,5.435588000182179,487.8126630001134,15097.0
1781108462,250,,Aggregated,905.600000,0.000000,270,300,310,330,350,380,400,410,450,460,460,101024,0,250.0,246.35830675830346,4.328965000240714,487.8126630001134,18420.25415742794
1781108463,250,gRPC,gRPC/listar-musicas,150.600000,0.000000,250,290,300,310,340,360,380,390,400,410,410,17062,0,240.0,234.48712775958396,4.328965000240714,431.8171530003383,24374.0
1781108463,250,gRPC,gRPC/listar-musicas-playlist,150.800000,0.000000,250,290,300,310,340,350,370,390,400,410,410,16930,0,240.0,235.3952287213226,4.820254999685858,433.2533000006151,14583.0
1781108463,250,gRPC,gRPC/listar-playlists,150.900000,0.000000,260,300,310,320,340,380,390,400,410,410,410,17015,0,250.0,242.93715404125237,8.858977999807394,433.06076699991536,22473.0
1781108463,250,gRPC,gRPC/listar-playlists-musica,151.300000,0.000000,250,300,320,330,360,390,400,400,410,410,410,16885,0,240.0,243.25171952176774,9.004875999380602,433.30012200021883,16984.0
1781108463,250,gRPC,gRPC/listar-playlists-usuario,150.000000,0.000000,250,290,300,310,340,350,380,390,400,410,410,16964,0,240.0,235.35233130057458,7.78348800031381,431.829633000234,16978.0
1781108463,250,gRPC,gRPC/listar-usuarios,151.100000,0.000000,310,340,360,360,400,420,440,450,460,460,460,17089,0,300.0,288.03927890759905,5.435588000182179,487.8126630001134,15097.0
1781108463,250,,Aggregated,904.700000,0.000000,270,300,310,330,350,380,400,410,450,460,460,101945,0,250.0,246.62084203892124,4.328965000240714,487.8126630001134,18420.910667516797
1781108464,250,gRPC,gRPC/listar-musicas,150.900000,0.000000,250,280,300,310,340,360,380,390,400,410,410,17187,0,240.0,234.5831309326825,4.328965000240714,431.8171530003383,24374.0
1781108464,250,gRPC,gRPC/listar-musicas-playlist,149.800000,0.000000,250,290,300,310,340,350,370,380,400,410,410,17075,0,240.0,235.42220060491874,4.820254999685858,433.2533000006151,14583.0
1781108464,250,gRPC,gRPC/listar-playlists,151.000000,0.000000,260,300,310,310,340,380,390,400,410,410,410,17159,0,250.0,243.05554153662237,8.858977999807394,433.06076699991536,22473.0
1781108464,250,gRPC,gRPC/listar-playlists-musica,150.900000,0.000000,250,300,310,320,360,390,400,400,410,410,410,17040,0,240.0,243.36463889125824,9.004875999380602,433.30012200021883,16984.0
1781108464,250,gRPC,gRPC/listar-playlists-usuario,151.700000,0.000000,250,290,300,310,340,350,370,390,400,410,410,17113,0,240.0,235.48604857178466,7.78348800031381,431.829633000234,16978.0
1781108464,250,gRPC,gRPC/listar-usuarios,150.900000,0.000000,310,340,350,360,390,410,440,440,460,460,460,17244,0,300.0,288.12736898358594,5.435588000182179,487.8126630001134,15097.0
1781108464,250,,Aggregated,905.200000,0.000000,270,300,310,320,350,380,400,410,450,460,460,102818,0,250.0,246.72215886872743,4.328965000240714,487.8126630001134,18419.142679297398
1781108465,250,gRPC,gRPC/listar-musicas,152.100000,0.000000,250,280,300,310,340,360,380,390,400,410,410,17352,0,240.0,234.8642834449641,4.328965000240714,431.8171530003383,24374.0
1781108465,250,gRPC,gRPC/listar-musicas-playlist,150.100000,0.000000,250,290,310,320,340,350,370,380,400,410,410,17243,0,240.0,235.77247124398247,4.820254999685858,433.2533000006151,14583.0
1781108465,250,gRPC,gRPC/listar-playlists,150.200000,0.000000,250,300,310,320,340,380,390,400,410,410,410,17315,0,250.0,243.325548713365,8.858977999807394,433.06076699991536,22473.0
1781108465,250,gRPC,gRPC/listar-playlists-musica,151.000000,0.000000,250,300,320,330,360,390,400,400,410,410,410,17183,0,240.0,243.6163192810359,9.004875999380602,433.30012200021883,16984.0
1781108465,250,gRPC,gRPC/listar-playlists-usuario,150.700000,0.000000,250,280,300,310,340,350,370,390,400,410,410,17269,0,240.0,235.72239931061182,7.78348800031381,431.829633000234,16978.0
1781108465,250,gRPC,gRPC/listar-usuarios,151.000000,0.000000,300,340,360,370,400,420,440,440,460,460,460,17397,0,300.0,288.40753182922083,5.435588000182179,487.8126630001134,15097.0
1781108465,250,,Aggregated,905.100000,0.000000,260,300,310,330,350,380,400,410,450,460,460,103759,0,250.0,246.99685620623552,4.328965000240714,487.8126630001134,18419.452529419133
1781108466,250,gRPC,gRPC/listar-musicas,151.500000,0.000000,250,280,300,310,340,360,380,390,420,430,430,17495,0,240.0,235.2297919422132,4.328965000240714,431.8171530003383,24374.0
1781108466,250,gRPC,gRPC/listar-musicas-playlist,152.700000,0.000000,250,280,300,310,340,350,370,390,420,430,430,17366,0,240.0,236.0625953746395,4.820254999685858,433.2533000006151,14583.0
1781108466,250,gRPC,gRPC/listar-playlists,150.800000,0.000000,250,300,310,310,340,380,400,410,430,430,430,17443,0,250.0,243.6705292231219,8.858977999807394,433.06076699991536,22473.0
1781108466,250,gRPC,gRPC/listar-playlists-musica,152.900000,0.000000,250,300,310,330,360,390,400,410,430,430,430,17328,0,240.0,244.0199561592245,9.004875999380602,433.30012200021883,16984.0
1781108466,250,gRPC,gRPC/listar-playlists-usuario,151.800000,0.000000,250,290,300,310,340,350,370,390,430,430,430,17410,0,240.0,236.10464463647057,7.78348800031381,431.829633000234,16978.0
1781108466,250,gRPC,gRPC/listar-usuarios,151.200000,0.000000,300,340,360,360,400,420,440,450,490,490,490,17542,0,300.0,288.86664488438936,5.435588000182179,488.3675860000949,15097.0
1781108466,250,,Aggregated,910.900000,0.000000,260,300,310,330,350,380,400,420,460,490,490,104584,0,250.0,247.37447057440704,4.328965000240714,488.3675860000949,18419.503490017592
