Timestamp,User Count,Type,Name,Requests/s,Failures/s,50%,66%,75%,80%,90%,95%,98%,99%,99.9%,99.99%,100%,Total Request Count,Total Failure Count,Total Median Response Time,Total Average Response Time,Total Min Response Time,Total Max Response Time,Total Average Content Size
1780244056,0,,Aggregated,0.000000,0.000000,N/A,N/A,N/A,N/A,N/A,N/A,N/A,N/A,N/A,N/A,N/A,0,0,0,0.0,0,0,0
1780244057,10,POST,GraphQL/listar-musicas,0.000000,0.000000,0,0,0,0,0,0,0,0,0,0,0,56,0,23,23.588560607115433,7.349325999939538,48.943016999828615,50908.0
1780244057,10,POST,GraphQL/listar-musicas-playlist,0.000000,0.000000,0,0,0,0,0,0,0,0,0,0,0,47,0,48,49.33127414894076,42.551918000071964,71.77106999984062,327.0
1780244057,10,POST,GraphQL/listar-playlists-musica,0.000000,0.000000,0,0,0,0,0,0,0,0,0,0,0,46,0,48,48.7310563043504,43.28397199992651,71.8204769998465,538.0
1780244057,10,POST,GraphQL/listar-playlists-usuario,0.000000,0.000000,0,0,0,0,0,0,0,0,0,0,0,52,0,50,51.21551453845541,42.20906099999411,74.74921299990456,739.0
1780244057,10,POST,GraphQL/listar-usuarios,0.000000,0.000000,0,0,0,0,0,0,0,0,0,0,0,56,0,9,18.613371053577662,3.546314999994138,113.38683100007074,22017.0
1780244057,10,,Aggregated,0.000000,0.000000,0,0,0,0,0,0,0,0,0,0,0,257,0,44,37.30238678598766,3.546314999994138,113.38683100007074,16195.894941634242
1780244058,20,POST,GraphQL/listar-musicas,0.000000,0.000000,41,56,62,67,76,87,150,200,200,200,200,125,0,32,39.58088707200841,7.349325999939538,198.7126569999873,50908.0
1780244058,20,POST,GraphQL/listar-musicas-playlist,0.000000,0.000000,56,64,71,72,84,88,96,140,140,140,140,118,0,52,58.05910251695546,42.551918000071964,139.28542099984043,327.0
1780244058,20,POST,GraphQL/listar-playlists-musica,0.000000,0.000000,60,66,72,77,88,100,120,120,120,120,120,111,0,52,58.863581459456064,43.28397199992651,119.60193400000207,538.0
1780244058,20,POST,GraphQL/listar-playlists-usuario,0.000000,0.000000,58,62,71,75,84,91,98,110,110,110,110,121,0,55,58.66264117354479,42.20906099999411,106.98346900016986,739.0
1780244058,20,POST,GraphQL/listar-usuarios,0.000000,0.000000,26,33,40,43,67,86,190,260,260,260,260,129,0,22,30.23465687596392,3.5139199999321136,264.12013499998466,22017.0
1780244058,20,,Aggregated,0.000000,0.000000,53,60,65,70,83,91,110,150,260,260,260,604,0,48,48.561080864237915,3.5139199999321136,264.12013499998466,15548.701986754966
1780244059,30,POST,GraphQL/listar-musicas,40.000000,0.000000,57,72,87,96,130,160,180,200,220,220,220,197,0,46,58.234362984771465,7.349325999939538,216.36900800012882,50908.0
1780244059,30,POST,GraphQL/listar-musicas-playlist,33.000000,0.000000,60,69,76,80,91,110,140,170,180,180,180,181,0,56,63.4673021436444,42.551918000071964,183.04167699989193,327.0
1780244059,30,POST,GraphQL/listar-playlists-musica,32.000000,0.000000,64,76,84,91,110,140,190,200,260,260,260,178,0,59,69.52681916292416,43.28397199992651,260.44430699994336,538.0
1780244059,30,POST,GraphQL/listar-playlists-usuario,36.000000,0.000000,62,74,82,84,97,110,110,170,190,190,190,191,0,59,65.88260591622978,42.20906099999411,189.0726970000287,739.0
1780244059,30,POST,GraphQL/listar-usuarios,41.000000,0.000000,33,47,67,79,130,250,370,590,630,630,630,199,0,27,53.715700819095595,3.5139199999321136,630.4290800001127,22017.0
1780244059,30,,Aggregated,182.000000,0.000000,59,71,80,85,110,140,190,260,630,630,630,946,0,53,61.95404566596189,3.5139199999321136,630.4290800001127,15545.834038054969
1780244060,40,POST,GraphQL/listar-musicas,50.500000,0.000000,70,88,100,110,120,150,180,190,220,220,220,267,0,62,66.79730813483344,7.349325999939538,216.36900800012882,50908.0
1780244060,40,POST,GraphQL/listar-musicas-playlist,47.500000,0.000000,76,100,120,130,140,150,160,170,180,180,180,249,0,64,81.40704357027566,42.551918000071964,183.04167699989193,327.0
1780244060,40,POST,GraphQL/listar-playlists-musica,44.500000,0.000000,80,110,130,140,150,160,170,190,260,260,260,239,0,69,86.69026623013006,43.28397199992651,260.44430699994336,538.0
1780244060,40,POST,GraphQL/listar-playlists-usuario,49.000000,0.000000,80,98,110,120,140,150,160,170,190,190,190,261,0,71,81.50418709961374,42.20906099999411,189.0726970000287,739.0
1780244060,40,POST,GraphQL/listar-usuarios,54.000000,0.000000,53,88,100,110,130,180,330,520,630,630,630,272,0,44,65.77848156617749,3.5139199999321136,630.4290800001127,22017.0
1780244060,40,,Aggregated,245.500000,0.000000,72,95,110,120,140,160,180,200,590,630,630,1288,0,64,76.07806565916125,3.5139199999321136,630.4290800001127,15515.48447204969
1780244061,50,POST,GraphQL/listar-musicas,58.333333,0.000000,84,100,120,120,140,150,180,190,220,220,220,334,0,73,77.54831195808845,7.349325999939538,216.36900800012882,50908.0
1780244061,50,POST,GraphQL/listar-musicas-playlist,52.666667,0.000000,96,130,140,150,160,180,200,200,200,200,200,312,0,82,96.89117533653462,42.551918000071964,199.80806400008078,327.0
1780244061,50,POST,GraphQL/listar-playlists-musica,50.000000,0.000000,110,140,150,160,170,180,200,200,260,260,260,303,0,92,103.29293166997071,43.28397199992651,260.44430699994336,538.0
1780244061,50,POST,GraphQL/listar-playlists-usuario,55.666667,0.000000,97,120,130,140,160,180,190,190,200,200,200,322,0,84,94.38881727639529,42.20906099999411,202.01621900014288,739.0
1780244061,50,POST,GraphQL/listar-usuarios,59.666667,0.000000,89,110,120,130,150,160,260,370,630,630,630,349,0,72,79.64877520630964,3.5139199999321136,630.4290800001127,22017.0
1780244061,50,,Aggregated,276.333333,0.000000,92,120,140,140,160,180,190,200,590,630,630,1620,0,80,89.88861907716215,3.5139199999321136,630.4290800001127,15549.506790123456
1780244062,60,POST,GraphQL/listar-musicas,60.750000,0.000000,99,120,130,140,160,180,190,200,220,220,220,405,0,89,90.08960409876887,7.349325999939538,216.36900800012882,50908.0
1780244062,60,POST,GraphQL/listar-musicas-playlist,58.000000,0.000000,130,150,160,170,180,210,230,230,260,260,260,382,0,110.0,113.05446931413626,42.551918000071964,259.5844560000842,327.0
1780244062,60,POST,GraphQL/listar-playlists-musica,55.250000,0.000000,140,160,170,180,190,210,230,240,260,260,260,365,0,120.0,118.23386062465846,43.28397199992651,260.44430699994336,538.0
1780244062,60,POST,GraphQL/listar-playlists-usuario,59.750000,0.000000,110,140,160,160,190,200,210,220,240,240,240,395,0,100.0,109.19879329620103,42.20906099999411,236.03364900009183,739.0
1780244062,60,POST,GraphQL/listar-usuarios,62.250000,0.000000,100,130,140,150,170,200,280,450,630,630,630,411,0,95,93.43072500000464,3.5139199999321136,630.4290800001127,22017.0
1780244062,60,,Aggregated,296.000000,0.000000,110,140,150,160,180,200,220,240,590,630,630,1958,0,100.0,104.37283319356646,3.5139199999321136,630.4290800001127,15464.717058222675
1780244063,70,POST,GraphQL/listar-musicas,62.400000,0.000000,110,130,150,160,200,230,240,240,260,260,260,472,0,100.0,104.52458786864696,7.349325999939538,258.0507640000178,50908.0
1780244063,70,POST,GraphQL/listar-musicas-playlist,58.600000,0.000000,140,160,180,190,220,250,280,280,290,290,290,453,0,140.0,129.16017208609065,42.551918000071964,286.77614399998674,327.0
1780244063,70,POST,GraphQL/listar-playlists-musica,55.400000,0.000000,150,170,180,190,220,260,280,290,310,310,310,428,0,140.0,133.90646425467298,43.28397199992651,307.21172199992,538.0
1780244063,70,POST,GraphQL/listar-playlists-usuario,60.600000,0.000000,130,160,170,180,210,250,270,280,280,280,280,465,0,120.0,125.09027486021633,42.20906099999411,284.3447709999509,739.0
1780244063,70,POST,GraphQL/listar-usuarios,64.400000,0.000000,120,140,150,170,220,240,310,370,630,630,630,481,0,110.0,108.66874813514151,3.5139199999321136,630.4290800001127,22017.0
1780244063,70,,Aggregated,301.400000,0.000000,130,150,170,180,210,250,270,280,520,630,630,2299,0,120.0,119.87550056242027,3.5139199999321136,630.4290800001127,15372.241409308395
1780244064,80,POST,GraphQL/listar-musicas,63.666667,0.000000,120,150,170,190,240,280,300,310,350,350,350,545,0,110.0,123.18376781284799,7.349325999939538,348.8430090001202,50908.0
1780244064,80,POST,GraphQL/listar-musicas-playlist,58.500000,0.000000,150,180,190,210,260,280,320,340,360,360,360,499,0,140.0,141.89687759919548,42.551918000071964,359.9056370001108,327.0
1780244064,80,POST,GraphQL/listar-playlists-musica,56.166667,0.000000,160,180,200,210,270,300,320,350,360,360,360,481,0,150.0,148.74320187941933,43.28397199992651,356.3077520000206,538.0
1780244064,80,POST,GraphQL/listar-playlists-usuario,61.166667,0.000000,140,170,190,210,270,310,320,340,360,360,360,529,0,130.0,142.46388353308328,42.20906099999411,355.5906789999881,739.0
1780244064,80,POST,GraphQL/listar-usuarios,65.500000,0.000000,130,150,180,200,250,280,310,350,630,630,630,549,0,120.0,124.39622811840093,3.5139199999321136,630.4290800001127,22017.0
1780244064,80,,Aggregated,305.000000,0.000000,140,170,190,210,260,290,320,330,520,630,630,2603,0,130.0,135.66811337303307,3.5139199999321136,630.4290800001127,15614.704187475989
1780244065,90,POST,GraphQL/listar-musicas,64.714286,0.000000,130,170,200,220,270,290,320,330,350,350,350,612,0,120.0,136.4704145702651,7.349325999939538,348.8430090001202,50908.0
1780244065,90,POST,GraphQL/listar-musicas-playlist,58.714286,0.000000,160,190,210,220,270,310,350,360,400,400,400,561,0,150.0,153.17860378430842,42.551918000071964,403.72184199986805,327.0
1780244065,90,POST,GraphQL/listar-playlists-musica,56.571429,0.000000,170,200,220,240,270,310,360,380,400,400,400,549,0,160.0,162.14620157013053,43.28397199992651,396.06502099991303,538.0
1780244065,90,POST,GraphQL/listar-playlists-usuario,61.000000,0.000000,150,190,210,230,290,320,360,360,400,400,400,588,0,150.0,155.45404950680594,42.20906099999411,402.9929309999716,739.0
1780244065,90,POST,GraphQL/listar-usuarios,65.285714,0.000000,140,180,210,230,280,310,340,360,630,630,630,627,0,140.0,140.19553858533223,3.5139199999321136,630.4290800001127,22017.0
1780244065,90,,Aggregated,306.285714,0.000000,150,190,210,230,280,310,340,360,520,630,630,2937,0,140.0,149.05718042390436,3.5139199999321136,630.4290800001127,15619.23595505618
1780244066,100,POST,GraphQL/listar-musicas,64.375000,0.000000,140,190,220,230,280,300,330,340,350,350,350,671,0,140.0,146.70272257079122,7.349325999939538,353.89684699998725,50908.0
1780244066,100,POST,GraphQL/listar-musicas-playlist,60.125000,0.000000,170,210,240,260,290,330,380,390,400,400,400,641,0,170.0,170.2978629719144,42.551918000071964,403.72184199986805,327.0
1780244066,100,POST,GraphQL/listar-playlists-musica,58.250000,0.000000,180,220,250,260,300,330,380,390,410,410,410,627,0,180.0,178.34764501754512,43.28397199992651,412.7222919998985,538.0
1780244066,100,POST,GraphQL/listar-playlists-usuario,61.500000,0.000000,170,210,250,260,310,330,360,380,400,400,400,660,0,160.0,168.90641675606315,42.20906099999411,402.9929309999716,739.0
1780244066,100,POST,GraphQL/listar-usuarios,67.000000,0.000000,150,200,230,250,290,320,350,360,630,630,630,692,0,140.0,151.80225057225886,3.5139199999321136,630.4290800001127,22017.0
1780244066,100,,Aggregated,311.250000,0.000000,160,210,240,260,290,320,360,380,450,630,630,3291,0,160.0,162.85257456426768,3.5139199999321136,630.4290800001127,15323.520206624127
1780244067,110,POST,GraphQL/listar-musicas,64.888889,0.000000,170,220,270,280,330,350,380,390,420,420,420,745,0,150.0,165.81747875033747,7.349325999939538,416.9505009999739,50908.0
1780244067,110,POST,GraphQL/listar-musicas-playlist,60.888889,0.000000,190,240,270,280,360,420,430,440,460,460,460,691,0,180.0,187.3517543777097,42.551918000071964,460.3825470001084,327.0
1780244067,110,POST,GraphQL/listar-playlists-musica,59.666667,0.000000,200,250,270,290,350,400,440,450,480,480,480,664,0,180.0,191.08190140963873,43.28397199992651,482.06852499993147,538.0
1780244067,110,POST,GraphQL/listar-playlists-usuario,62.333333,0.000000,190,250,280,300,360,380,410,420,440,440,440,726,0,170.0,186.8670853002778,42.20906099999411,437.79109100000824,739.0
1780244067,110,POST,GraphQL/listar-usuarios,66.555556,0.000000,180,230,270,280,350,380,410,430,630,630,630,764,0,150.0,171.16293348429681,3.5139199999321136,630.4290800001127,22017.0
1780244067,110,,Aggregated,314.333333,0.000000,190,240,270,290,340,380,420,430,480,630,630,3590,0,170.0,180.029652253483,3.5139199999321136,630.4290800001127,15561.880501392758
1780244068,120,POST,GraphQL/listar-musicas,65.500000,0.000000,210,270,290,310,340,370,390,410,430,430,430,811,0,160.0,178.73936998520594,7.349325999939538,426.2536269998236,50908.0
1780244068,120,POST,GraphQL/listar-musicas-playlist,62.000000,0.000000,220,270,320,330,380,420,430,440,470,470,470,757,0,190.0,200.65619262615274,42.551918000071964,467.8766469999118,327.0
1780244068,120,POST,GraphQL/listar-playlists-musica,59.000000,0.000000,230,270,320,330,370,400,440,450,480,480,480,738,0,200.0,206.470550016261,43.28397199992651,482.06852499993147,538.0
1780244068,120,POST,GraphQL/listar-playlists-usuario,63.100000,0.000000,220,280,310,320,360,380,410,420,440,440,440,773,0,180.0,195.69294275808883,42.20906099999411,437.79109100000824,739.0
1780244068,120,POST,GraphQL/listar-usuarios,66.100000,0.000000,220,270,300,310,360,390,420,440,470,470,470,837,0,170.0,185.5160129283193,3.5139199999321136,630.4290800001127,22017.0
1780244068,120,,Aggregated,315.700000,0.000000,220,270,310,320,360,390,420,440,460,480,480,3916,0,180.0,192.99723706869432,3.5139199999321136,630.4290800001127,15559.358273748723
1780244069,130,POST,GraphQL/listar-musicas,67.900000,0.000000,250,300,320,340,370,390,420,430,470,470,470,882,0,180.0,194.75182050000194,7.349325999939538,472.6484149998669,50908.0
1780244069,130,POST,GraphQL/listar-musicas-playlist,62.800000,0.000000,260,320,340,370,430,470,480,490,510,510,510,812,0,200.0,218.1498355209328,42.551918000071964,510.39642599994295,327.0
1780244069,130,POST,GraphQL/listar-playlists-musica,61.200000,0.000000,260,320,340,360,410,440,470,480,500,500,500,784,0,210.0,219.98936877551117,43.28397199992651,503.4022699999241,538.0
1780244069,130,POST,GraphQL/listar-playlists-usuario,65.400000,0.000000,270,320,350,360,390,430,470,480,510,510,510,849,0,200.0,215.03203450059283,42.20906099999411,512.0512179998968,739.0
1780244069,130,POST,GraphQL/listar-usuarios,69.700000,0.000000,250,300,330,350,400,430,450,470,500,500,500,901,0,190.0,201.40659509989248,3.5139199999321136,630.4290800001127,22017.0
1780244069,130,,Aggregated,327.000000,0.000000,260,310,340,350,400,430,470,480,500,510,510,4228,0,200.0,209.41579392620812,3.5139199999321136,630.4290800001127,15622.729422894985
1780244070,140,POST,GraphQL/listar-musicas,67.500000,0.000000,280,320,340,350,390,420,450,470,490,490,490,952,0,200.0,207.68027634244135,7.349325999939538,493.52632500017535,50908.0
1780244070,140,POST,GraphQL/listar-musicas-playlist,64.800000,0.000000,310,350,380,400,430,470,480,490,510,510,510,887,0,210.0,232.17304912739195,42.551918000071964,510.39642599994295,327.0
1780244070,140,POST,GraphQL/listar-playlists-musica,63.600000,0.000000,290,350,380,390,430,450,480,480,500,500,500,858,0,220.0,235.6005665291382,43.28397199992651,504.12183799994637,538.0
1780244070,140,POST,GraphQL/listar-playlists-usuario,66.500000,0.000000,300,340,360,370,410,440,470,480,510,510,510,903,0,210.0,223.85792670653737,42.20906099999411,512.0512179998968,739.0
1780244070,140,POST,GraphQL/listar-usuarios,70.300000,0.000000,280,320,350,370,410,440,480,490,500,500,500,968,0,210.0,212.48163357231562,3.5139199999321136,630.4290800001127,22017.0
1780244070,140,,Aggregated,332.700000,0.000000,290,340,360,380,420,450,480,480,500,510,510,4568,0,210.0,221.89586971322416,3.5139199999321136,630.4290800001127,15585.779772329246
1780244071,150,POST,GraphQL/listar-musicas,67.400000,0.000000,310,340,370,380,420,450,480,490,530,530,530,1015,0,220.0,220.65926157438838,7.349325999939538,528.9407859997937,50908.0
1780244071,150,POST,GraphQL/listar-musicas-playlist,63.100000,0.000000,330,380,420,440,500,540,560,580,620,620,620,952,0,230.0,252.7631693907528,42.551918000071964,616.1437379998915,327.0
1780244071,150,POST,GraphQL/listar-playlists-musica,62.000000,0.000000,330,380,400,410,460,530,580,600,640,640,640,904,0,240.0,250.78207583738995,43.28397199992651,643.376354000111,538.0
1780244071,150,POST,GraphQL/listar-playlists-usuario,64.600000,0.000000,330,370,390,400,450,490,550,560,600,600,600,984,0,240.0,243.8013646361812,42.20906099999411,597.4504440000601,739.0
1780244071,150,POST,GraphQL/listar-usuarios,70.300000,0.000000,310,350,390,410,460,490,530,550,590,590,590,1040,0,220.0,230.43845705000135,3.5139199999321136,630.4290800001127,22017.0
1780244071,150,,Aggregated,327.400000,0.000000,320,360,390,410,460,500,550,570,620,640,640,4895,0,230.0,239.19575535219758,3.5139199999321136,643.376354000111,15545.27722165475
1780244072,160,POST,GraphQL/listar-musicas,66.500000,0.000000,330,360,390,400,440,460,480,490,530,530,530,1078,0,230.0,231.6925165686508,7.349325999939538,528.9407859997937,50908.0
1780244072,160,POST,GraphQL/listar-musicas-playlist,64.300000,0.000000,370,420,450,470,500,540,560,580,620,620,620,1035,0,260.0,268.24488958453617,42.551918000071964,616.1437379998915,327.0
1780244072,160,POST,GraphQL/listar-playlists-musica,62.700000,0.000000,370,410,440,460,510,540,580,600,640,640,640,990,0,260.0,270.62213623838375,43.28397199992651,643.376354000111,538.0
1780244072,160,POST,GraphQL/listar-playlists-usuario,65.600000,0.000000,350,380,410,430,470,500,550,560,600,600,600,1052,0,260.0,255.1718256083675,42.20906099999411,597.4504440000601,739.0
1780244072,160,POST,GraphQL/listar-usuarios,70.300000,0.000000,330,370,400,420,470,500,530,550,590,590,590,1114,0,240.0,240.59537405475976,3.5139199999321136,630.4290800001127,22017.0
1780244072,160,,Aggregated,329.400000,0.000000,340,390,420,440,480,510,550,570,620,640,640,5269,0,250.0,252.75724344164115,3.5139199999321136,643.376354000111,15383.233061301955
1780244073,170,POST,GraphQL/listar-musicas,67.400000,0.000000,350,390,420,430,460,500,550,560,590,590,590,1150,0,260.0,247.23780859565747,7.349325999939538,589.3504240000311,50908.0
1780244073,170,POST,GraphQL/listar-musicas-playlist,61.100000,0.000000,390,440,470,480,530,560,590,610,620,620,620,1060,0,260.0,274.58165472357945,42.551918000071964,617.8278449999652,327.0
1780244073,170,POST,GraphQL/listar-playlists-musica,61.300000,0.000000,400,440,470,500,570,620,650,660,680,680,680,1040,0,270.0,286.43802747403856,43.28397199992651,682.9070649998812,538.0
1780244073,170,POST,GraphQL/listar-playlists-usuario,64.900000,0.000000,370,410,440,460,500,560,600,630,660,660,660,1112,0,270.0,269.7707875989226,42.20906099999411,662.834046999933,739.0
1780244073,170,POST,GraphQL/listar-usuarios,69.500000,0.000000,360,410,440,460,520,570,600,620,640,640,640,1190,0,260.0,259.11661889832186,3.5139199999321136,636.8686650000654,22017.0
1780244073,170,,Aggregated,324.200000,0.000000,370,420,450,460,510,560,610,630,670,680,680,5552,0,260.0,266.8604961750733,3.5139199999321136,682.9070649998812,15574.988832853025
1780244074,180,POST,GraphQL/listar-musicas,67.000000,0.000000,380,420,450,460,510,560,590,620,630,630,630,1221,0,280.0,262.71432008026716,7.349325999939538,630.5431709999993,50908.0
1780244074,180,POST,GraphQL/listar-musicas-playlist,63.900000,0.000000,430,480,510,530,580,620,660,660,670,670,670,1151,0,280.0,298.218482633357,42.551918000071964,667.895174000023,327.0
1780244074,180,POST,GraphQL/listar-playlists-musica,61.700000,0.000000,430,500,540,550,600,630,650,660,680,680,680,1113,0,290.0,305.1720060305483,43.28397199992651,682.9070649998812,538.0
1780244074,180,POST,GraphQL/listar-playlists-usuario,66.800000,0.000000,400,450,480,500,550,600,630,640,660,660,660,1198,0,300.0,288.3135476544251,42.20906099999411,662.834046999933,739.0
1780244074,180,POST,GraphQL/listar-usuarios,68.500000,0.000000,390,440,480,500,550,590,610,620,640,640,640,1241,0,280.0,270.79296514343514,3.5139199999321136,636.8686650000654,22017.0
1780244074,180,,Aggregated,327.900000,0.000000,400,450,490,510,560,600,640,650,670,680,680,5924,0,280.0,284.4587780003385,3.5139199999321136,682.9070649998812,15419.017218095882
1780244075,190,POST,GraphQL/listar-musicas,66.200000,0.000000,410,450,480,490,550,570,590,620,630,630,630,1294,0,290.0,276.4467419319982,7.349325999939538,630.5431709999993,50908.0
1780244075,190,POST,GraphQL/listar-musicas-playlist,64.100000,0.000000,460,500,530,540,590,620,660,660,670,670,670,1210,0,320.0,308.90871382644093,42.551918000071964,667.895174000023,327.0
1780244075,190,POST,GraphQL/listar-playlists-musica,63.900000,0.000000,460,530,550,560,600,630,650,660,680,680,680,1171,0,310.0,317.1896502305724,43.28397199992651,682.9070649998812,538.0
1780244075,190,POST,GraphQL/listar-playlists-usuario,65.800000,0.000000,420,470,500,520,570,600,630,640,660,660,660,1240,0,310.0,295.68189401451787,42.20906099999411,662.834046999933,739.0
1780244075,190,POST,GraphQL/listar-usuarios,70.000000,0.000000,410,460,490,510,560,590,610,620,640,640,640,1315,0,290.0,282.3769207718638,3.5139199999321136,636.8686650000654,22017.0
1780244075,190,,Aggregated,330.000000,0.000000,430,480,510,530,570,600,640,650,670,680,680,6230,0,300.0,295.48987280947074,3.5139199999321136,682.9070649998812,15532.798555377207
1780244076,200,POST,GraphQL/listar-musicas,68.100000,0.000000,430,480,500,520,580,620,650,680,690,690,690,1355,0,300.0,290.5231441926253,7.349325999939538,694.8618850001367,50908.0
1780244076,200,POST,GraphQL/listar-musicas-playlist,63.100000,0.000000,480,520,550,560,630,670,700,740,770,770,770,1255,0,320.0,321.7085961904337,42.551918000071964,772.8174559999843,327.0
1780244076,200,POST,GraphQL/listar-playlists-musica,59.400000,0.000000,510,550,580,590,650,680,710,750,780,780,780,1229,0,330.0,334.2883059178208,43.28397199992651,782.5663210001039,538.0
1780244076,200,POST,GraphQL/listar-playlists-usuario,65.900000,0.000000,450,500,540,560,600,650,680,710,730,730,730,1305,0,320.0,311.80919185364127,42.20906099999411,730.3628759998446,739.0
1780244076,200,POST,GraphQL/listar-usuarios,67.500000,0.000000,450,510,540,560,610,630,660,700,740,740,740,1405,0,310.0,303.45140434163835,3.5139199999321136,740.351278999924,22017.0
1780244076,200,,Aggregated,324.000000,0.000000,460,510,550,560,620,650,690,710,770,780,780,6549,0,320.0,311.727545433197,3.5139199999321136,782.5663210001039,15567.293785310734
1780244077,210,POST,GraphQL/listar-musicas,66.300000,0.000000,450,500,550,570,620,640,670,680,690,690,690,1424,0,310.0,305.04172968610067,7.349325999939538,694.8618850001367,50908.0
1780244077,210,POST,GraphQL/listar-musicas-playlist,65.100000,0.000000,520,560,610,640,680,700,720,740,770,770,770,1341,0,340.0,342.8910698143139,42.551918000071964,772.8174559999843,327.0
1780244077,210,POST,GraphQL/listar-playlists-musica,61.400000,0.000000,540,590,640,650,670,700,720,750,780,780,780,1296,0,340.0,351.2275706805577,43.28397199992651,782.5663210001039,538.0
1780244077,210,POST,GraphQL/listar-playlists-usuario,66.200000,0.000000,490,540,580,600,650,670,710,720,730,730,730,1399,0,340.0,331.8616087405308,42.20906099999411,730.3628759998446,739.0
1780244077,210,POST,GraphQL/listar-usuarios,70.100000,0.000000,480,540,570,600,630,650,680,700,740,740,740,1459,0,310.0,314.77523913776764,3.5139199999321136,740.351278999924,22017.0
1780244077,210,,Aggregated,329.100000,0.000000,500,550,580,610,660,680,700,720,770,780,780,6919,0,330.0,328.50393753808515,3.5139199999321136,782.5663210001039,15433.648070530424
1780244078,220,POST,GraphQL/listar-musicas,66.400000,0.000000,480,550,580,600,620,650,670,680,690,690,690,1495,0,320.0,318.30664172709464,7.349325999939538,694.8618850001367,50908.0
1780244078,220,POST,GraphQL/listar-musicas-playlist,62.000000,0.000000,540,590,640,660,680,700,720,730,770,770,770,1410,0,360.0,356.32871980637873,42.551918000071964,772.8174559999843,327.0
1780244078,220,POST,GraphQL/listar-playlists-musica,62.000000,0.000000,560,620,650,660,680,700,720,750,780,780,780,1360,0,360.0,364.530339786767,43.28397199992651,782.5663210001039,538.0
1780244078,220,POST,GraphQL/listar-playlists-usuario,66.300000,0.000000,510,570,600,630,660,680,710,720,730,730,730,1451,0,350.0,341.81916087043555,42.20906099999411,730.3628759998446,739.0
1780244078,220,POST,GraphQL/listar-usuarios,70.100000,0.000000,510,570,600,610,640,660,700,740,820,820,820,1526,0,330.0,327.03757621625414,3.5139199999321136,816.2549920000401,22017.0
1780244078,220,,Aggregated,326.800000,0.000000,520,580,610,630,660,680,710,720,780,820,820,7242,0,340.0,340.94064210825815,3.5139199999321136,816.2549920000401,15461.259458713062
1780244079,230,POST,GraphQL/listar-musicas,68.000000,0.000000,510,580,600,620,650,680,700,720,740,740,740,1556,0,330.0,331.64916887339746,7.349325999939538,736.4126300001317,50908.0
1780244079,230,POST,GraphQL/listar-musicas-playlist,63.600000,0.000000,560,640,660,670,700,730,750,760,770,770,770,1452,0,370.0,366.5419077004092,42.551918000071964,772.8174559999843,327.0
1780244079,230,POST,GraphQL/listar-playlists-musica,59.800000,0.000000,600,650,670,680,720,750,760,770,830,830,830,1417,0,370.0,379.4640540797473,43.28397199992651,830.9525279998979,538.0
1780244079,230,POST,GraphQL/listar-playlists-usuario,65.300000,0.000000,550,610,630,650,680,720,740,750,760,760,760,1506,0,350.0,354.60130477490264,42.20906099999411,758.7088499999481,739.0
1780244079,230,POST,GraphQL/listar-usuarios,68.600000,0.000000,550,610,630,640,690,720,750,780,820,820,820,1622,0,340.0,348.43244148767263,3.5139199999321136,816.2549920000401,22017.0
1780244079,230,,Aggregated,325.300000,0.000000,560,610,640,660,690,720,750,760,790,830,830,7553,0,350.0,355.5080771167759,3.5139199999321136,830.9525279998979,15526.877532106448
1780244080,240,POST,GraphQL/listar-musicas,67.600000,0.000000,570,620,640,660,730,760,770,780,790,790,790,1636,0,340.0,351.95087493582355,7.349325999939538,792.9036499999711,50908.0
1780244080,240,POST,GraphQL/listar-musicas-playlist,65.500000,0.000000,600,660,680,700,770,800,810,810,830,830,830,1516,0,380.0,384.6099303100231,42.551918000071964,829.7316539999429,327.0
1780244080,240,POST,GraphQL/listar-playlists-musica,61.600000,0.000000,630,670,680,700,760,790,810,820,840,840,840,1462,0,380.0,392.2107197653905,43.28397199992651,837.8631629998381,538.0
1780244080,240,POST,GraphQL/listar-playlists-usuario,65.500000,0.000000,590,640,660,680,740,790,810,820,840,840,840,1574,0,370.0,372.91865662833715,42.20906099999411,836.696917999916,739.0
1780244080,240,POST,GraphQL/listar-usuarios,69.500000,0.000000,590,630,650,680,740,770,790,830,860,860,860,1674,0,350.0,361.60379615830743,3.5139199999321136,862.577151999858,22017.0
1780244080,240,,Aggregated,329.700000,0.000000,590,640,670,690,750,780,800,810,850,860,860,7862,0,360.0,371.98818091376387,3.5139199999321136,862.577151999858,15592.396336809972
1780244081,250,POST,GraphQL/listar-musicas,67.500000,0.000000,590,620,650,680,740,760,770,780,790,790,790,1692,0,350.0,361.4612157671436,7.349325999939538,792.9036499999711,50908.0
1780244081,250,POST,GraphQL/listar-musicas-playlist,64.500000,0.000000,650,680,720,740,780,800,810,820,840,840,840,1593,0,400.0,400.58983333458536,42.551918000071964,839.9251579999145,327.0
1780244081,250,POST,GraphQL/listar-playlists-musica,63.600000,0.000000,660,680,730,750,780,800,820,830,840,840,840,1530,0,400.0,407.60225689411976,43.28397199992651,843.0721520001043,538.0
1780244081,250,POST,GraphQL/listar-playlists-usuario,65.800000,0.000000,620,660,680,710,770,800,810,820,840,840,840,1642,0,380.0,385.7974246266763,42.20906099999411,836.696917999916,739.0
1780244081,250,POST,GraphQL/listar-usuarios,69.000000,0.000000,610,650,690,710,750,780,820,850,880,880,880,1754,0,370.0,376.86828644185147,3.5139199999321136,879.7602750000806,22017.0
1780244081,250,,Aggregated,330.400000,0.000000,620,660,690,720,760,790,810,820,850,880,880,8211,0,380.0,385.80803559664014,3.5139199999321136,879.7602750000806,15505.01071733041
1780244082,250,POST,GraphQL/listar-musicas,68.500000,0.000000,610,650,700,710,750,760,780,790,810,810,810,1761,0,370.0,375.42018547132625,7.349325999939538,812.8822799999398,50908.0
1780244082,250,POST,GraphQL/listar-musicas-playlist,62.700000,0.000000,670,720,750,780,800,820,840,850,860,860,860,1664,0,420.0,417.344630903843,42.551918000071964,863.8879420000194,327.0
1780244082,250,POST,GraphQL/listar-playlists-musica,60.300000,0.000000,680,750,770,780,820,830,840,850,870,870,870,1629,0,420.0,431.1455896494794,43.28397199992651,872.7468279998902,538.0
1780244082,250,POST,GraphQL/listar-playlists-usuario,63.700000,0.000000,640,680,720,740,780,800,810,820,840,840,840,1701,0,390.0,398.02704338330614,42.20906099999411,836.696917999916,739.0
1780244082,250,POST,GraphQL/listar-usuarios,68.900000,0.000000,630,680,710,740,770,790,820,850,880,880,880,1811,0,380.0,388.3498175069063,3.5139199999321136,879.7602750000806,22017.0
1780244082,250,,Aggregated,324.100000,0.000000,650,700,730,750,790,810,830,840,860,880,880,8566,0,390.0,401.384321536074,3.5139199999321136,879.7602750000806,15433.031053000233
1780244083,250,POST,GraphQL/listar-musicas,67.800000,0.000000,640,690,720,740,770,780,810,830,840,840,840,1828,0,380.0,388.9661676017539,7.349325999939538,840.5754059999708,50908.0
1780244083,250,POST,GraphQL/listar-musicas-playlist,65.500000,0.000000,690,740,780,800,820,840,850,860,870,870,870,1713,0,430.0,428.22025037536196,42.551918000071964,867.8155049999532,327.0
1780244083,250,POST,GraphQL/listar-playlists-musica,61.600000,0.000000,700,760,790,810,830,850,870,880,900,900,900,1675,0,440.0,442.3695911146275,43.28397199992651,899.9659480000446,538.0
1780244083,250,POST,GraphQL/listar-playlists-usuario,67.700000,0.000000,660,710,750,770,800,820,830,840,870,870,870,1775,0,400.0,413.1194912411289,42.20906099999411,866.5850279999177,739.0
1780244083,250,POST,GraphQL/listar-usuarios,67.600000,0.000000,650,710,740,760,790,810,830,850,880,880,880,1889,0,400.0,403.60776217734633,3.5139199999321136,879.7602750000806,22017.0
1780244083,250,,Aggregated,330.200000,0.000000,670,720,750,770,810,830,850,860,880,900,900,8880,0,410.0,414.5543545148661,3.5139199999321136,899.9659480000446,15475.558896396396
1780244084,250,POST,GraphQL/listar-musicas,66.900000,0.000000,660,720,740,750,770,800,810,830,840,840,840,1895,0,390.0,401.3840139878667,7.349325999939538,840.5754059999708,50908.0
1780244084,250,POST,GraphQL/listar-musicas-playlist,64.900000,0.000000,720,780,800,820,840,850,860,860,890,890,890,1809,0,460.0,447.3816975566572,42.551918000071964,886.6581339998447,327.0
1780244084,250,POST,GraphQL/listar-playlists-musica,62.100000,0.000000,750,780,800,820,840,850,870,880,900,900,900,1756,0,460.0,458.59811011389525,43.28397199992651,899.9659480000446,538.0
1780244084,250,POST,GraphQL/listar-playlists-usuario,64.400000,0.000000,690,740,770,790,810,830,830,840,870,870,870,1871,0,420.0,429.4778937402478,42.20906099999411,866.5850279999177,739.0
1780244084,250,POST,GraphQL/listar-usuarios,69.700000,0.000000,690,740,760,770,800,810,840,850,880,880,880,1943,0,410.0,413.4215790102973,3.5139199999321136,879.7602750000806,22017.0
1780244084,250,,Aggregated,328.000000,0.000000,700,750,770,790,820,840,850,860,880,900,900,9274,0,430.0,429.3795283536785,3.5139199999321136,899.9659480000446,15329.807095104594
1780244085,250,POST,GraphQL/listar-musicas,67.300000,0.000000,670,720,740,750,770,800,810,830,840,840,840,1961,0,410.0,408.535677240697,7.349325999939538,840.5754059999708,50908.0
1780244085,250,POST,GraphQL/listar-musicas-playlist,64.000000,0.000000,730,780,800,810,840,850,860,860,890,890,890,1886,0,470.0,457.9956168303254,42.551918000071964,886.6581339998447,327.0
1780244085,250,POST,GraphQL/listar-playlists-musica,60.700000,0.000000,760,790,800,820,840,850,870,880,900,900,900,1823,0,490.0,467.9442337493144,43.28397199992651,899.9659480000446,538.0
1780244085,250,POST,GraphQL/listar-playlists-usuario,67.100000,0.000000,690,740,770,790,810,830,830,840,870,870,870,1925,0,440.0,435.57507498857314,42.20906099999411,866.5850279999177,739.0
1780244085,250,POST,GraphQL/listar-usuarios,68.600000,0.000000,690,740,760,770,800,810,830,850,880,880,880,2017,0,430.0,422.3053863182986,3.5139199999321136,879.7602750000806,22017.0
1780244085,250,,Aggregated,327.700000,0.000000,710,750,780,790,820,840,850,860,880,900,900,9612,0,440.0,437.81237183655986,3.5139199999321136,899.9659480000446,15320.323345817727
1780244086,250,POST,GraphQL/listar-musicas,67.200000,0.000000,700,730,750,760,780,800,820,830,840,840,840,2029,0,420.0,419.38252710202437,7.349325999939538,844.5324219999293,50908.0
1780244086,250,POST,GraphQL/listar-musicas-playlist,64.400000,0.000000,760,800,820,830,840,860,870,890,910,910,910,1933,0,480.0,467.00253061251595,42.551918000071964,907.5742570000784,327.0
1780244086,250,POST,GraphQL/listar-playlists-musica,63.300000,0.000000,770,800,820,830,840,860,880,880,910,910,910,1891,0,510.0,479.9352352707559,43.28397199992651,909.1499269998167,538.0
1780244086,250,POST,GraphQL/listar-playlists-usuario,65.800000,0.000000,720,760,790,800,820,830,840,850,890,890,890,1988,0,450.0,446.46842774899574,42.20906099999411,885.9764119999909,739.0
1780244086,250,POST,GraphQL/listar-usuarios,68.200000,0.000000,710,750,770,780,800,820,850,860,900,900,900,2089,0,440.0,433.89791131929456,3.5139199999321136,895.6379159999415,22017.0
1780244086,250,,Aggregated,328.900000,0.000000,730,770,790,800,830,840,860,880,900,910,910,9930,0,450.0,448.6598731291044,3.5139199999321136,909.1499269998167,15347.877744209467
1780244087,250,POST,GraphQL/listar-musicas,68.300000,0.000000,710,740,760,770,790,810,820,830,840,840,840,2107,0,430.0,431.41668017703194,7.349325999939538,844.5324219999293,50908.0
1780244087,250,POST,GraphQL/listar-musicas-playlist,62.800000,0.000000,790,810,830,830,850,860,870,890,910,910,910,2006,0,490.0,479.31083396908883,42.551918000071964,907.5742570000784,327.0
1780244087,250,POST,GraphQL/listar-playlists-musica,62.200000,0.000000,790,810,830,830,850,860,880,880,910,910,910,1943,0,520.0,489.0034749680906,43.28397199992651,909.1499269998167,538.0
1780244087,250,POST,GraphQL/listar-playlists-usuario,66.600000,0.000000,740,780,800,800,830,830,840,850,890,890,890,2048,0,460.0,455.9254508867206,42.20906099999411,885.9764119999909,739.0
1780244087,250,POST,GraphQL/listar-usuarios,66.500000,0.000000,740,760,780,790,810,820,850,860,900,900,900,2143,0,450.0,441.45709205646614,3.5139199999321136,895.6379159999415,22017.0
1780244087,250,,Aggregated,326.400000,0.000000,750,780,800,810,830,840,860,880,900,910,910,10247,0,470.0,458.710266578609,3.5139199999321136,909.1499269998167,15386.001268663998
1780244088,250,POST,GraphQL/listar-musicas,68.300000,0.000000,730,750,770,780,800,810,830,830,840,840,840,2172,0,450.0,439.2611853931885,7.349325999939538,844.5324219999293,50908.0
1780244088,250,POST,GraphQL/listar-musicas-playlist,65.300000,0.000000,790,810,820,830,840,860,870,890,910,910,910,2073,0,510.0,487.2326604669523,42.551918000071964,907.5742570000784,327.0
1780244088,250,POST,GraphQL/listar-playlists-musica,62.700000,0.000000,790,820,830,830,850,860,880,880,910,910,910,2015,0,540.0,499.39547811513677,43.28397199992651,909.1499269998167,538.0
1780244088,250,POST,GraphQL/listar-playlists-usuario,64.900000,0.000000,750,780,800,810,830,840,850,850,890,890,890,2136,0,480.0,467.21822048221134,42.20906099999411,885.9764119999909,739.0
1780244088,250,POST,GraphQL/listar-usuarios,66.700000,0.000000,740,770,780,790,810,820,850,860,900,900,900,2205,0,460.0,449.7606434485289,3.5139199999321136,895.6379159999415,22017.0
1780244088,250,,Aggregated,327.900000,0.000000,760,790,800,810,830,840,860,880,900,910,910,10601,0,480.0,467.8889563228011,3.5139199999321136,909.1499269998167,15324.97934157155
1780244089,250,POST,GraphQL/listar-musicas,65.900000,0.000000,720,740,770,780,800,810,830,830,840,840,840,2240,0,460.0,446.33999877991357,7.349325999939538,844.5324219999293,50908.0
1780244089,250,POST,GraphQL/listar-musicas-playlist,64.700000,0.000000,780,810,820,830,840,860,870,890,910,910,910,2143,0,520.0,495.4518280970563,42.551918000071964,907.5742570000784,327.0
1780244089,250,POST,GraphQL/listar-playlists-musica,65.800000,0.000000,790,810,830,830,840,860,880,880,910,910,910,2085,0,550.0,507.01493461007226,43.28397199992651,909.1499269998167,538.0
1780244089,250,POST,GraphQL/listar-playlists-usuario,66.300000,0.000000,740,780,800,810,830,840,850,850,890,890,890,2187,0,490.0,472.38706451349,42.20906099999411,885.9764119999909,739.0
1780244089,250,POST,GraphQL/listar-usuarios,70.400000,0.000000,740,760,780,790,810,820,850,860,900,900,900,2279,0,480.0,457.14399806582094,3.5139199999321136,895.6379159999415,22017.0
1780244089,250,,Aggregated,333.100000,0.000000,750,780,800,810,830,840,860,880,900,910,910,10934,0,500.0,474.99750184964506,3.5139199999321136,909.1499269998167,15332.846808121456
1780244090,250,POST,GraphQL/listar-musicas,68.400000,0.000000,720,750,770,780,800,810,830,830,840,840,840,2305,0,470.0,453.8922004355775,7.349325999939538,844.5324219999293,50908.0
1780244090,250,POST,GraphQL/listar-musicas-playlist,61.900000,0.000000,790,820,830,840,850,860,880,890,910,910,910,2195,0,540.0,502.80126273211414,42.551918000071964,907.5742570000784,327.0
1780244090,250,POST,GraphQL/listar-playlists-musica,61.300000,0.000000,790,820,830,840,850,860,880,880,910,910,910,2147,0,560.0,515.6156499692601,43.28397199992651,909.1499269998167,538.0
1780244090,250,POST,GraphQL/listar-playlists-usuario,65.700000,0.000000,740,780,800,810,830,840,850,860,890,890,890,2256,0,500.0,481.0001881945939,42.20906099999411,885.9764119999909,739.0
1780244090,250,POST,GraphQL/listar-usuarios,66.600000,0.000000,740,760,780,790,810,820,840,850,900,900,900,2366,0,500.0,467.8362892654291,3.5139199999321136,895.6379159999415,22017.0
1780244090,250,,Aggregated,323.900000,0.000000,750,790,800,820,840,850,860,880,900,910,910,11269,0,520.0,483.5330711823607,3.5139199999321136,909.1499269998167,15349.649214659687
1780244091,250,POST,GraphQL/listar-musicas,67.000000,0.000000,730,760,780,780,800,810,830,830,840,840,840,2384,0,490.0,464.08615179865996,7.349325999939538,844.5324219999293,50908.0
1780244091,250,POST,GraphQL/listar-musicas-playlist,65.700000,0.000000,800,820,830,840,850,860,880,890,910,910,910,2265,0,550.0,512.5823737461326,42.551918000071964,907.5742570000784,327.0
1780244091,250,POST,GraphQL/listar-playlists-musica,62.500000,0.000000,800,820,830,840,850,860,880,880,910,910,910,2203,0,580.0,523.4896617625975,43.28397199992651,909.1499269998167,538.0
1780244091,250,POST,GraphQL/listar-playlists-usuario,67.200000,0.000000,760,790,810,820,830,840,850,860,890,890,890,2321,0,520.0,489.85854736148383,42.20906099999411,885.9764119999909,739.0
1780244091,250,POST,GraphQL/listar-usuarios,67.800000,0.000000,750,770,790,790,810,820,840,850,900,900,900,2416,0,510.0,474.2995424503326,3.5139199999321136,895.6379159999415,22017.0
1780244091,250,,Aggregated,330.200000,0.000000,770,800,810,820,840,850,860,880,900,910,910,11589,0,540.0,492.1475166340511,3.5139199999321136,909.1499269998167,15376.549486582104
1780244092,250,POST,GraphQL/listar-musicas,66.900000,0.000000,720,750,770,780,800,810,830,830,840,840,840,2444,0,500.0,468.4752355069582,7.349325999939538,844.5324219999293,50908.0
1780244092,250,POST,GraphQL/listar-musicas-playlist,66.300000,0.000000,790,820,830,840,850,860,880,890,910,910,910,2342,0,560.0,519.1090472689958,42.551918000071964,907.5742570000784,327.0
1780244092,250,POST,GraphQL/listar-playlists-musica,67.900000,0.000000,800,810,830,830,850,860,880,880,910,910,910,2280,0,600.0,530.8248047850898,43.28397199992651,909.1499269998167,538.0
1780244092,250,POST,GraphQL/listar-playlists-usuario,67.100000,0.000000,750,790,800,810,830,840,850,860,890,890,890,2393,0,540.0,496.1642885624757,42.20906099999411,885.9764119999909,739.0
1780244092,250,POST,GraphQL/listar-usuarios,66.800000,0.000000,740,770,780,790,810,820,840,850,900,900,900,2493,0,530.0,480.67719130084384,3.5139199999321136,895.6379159999415,22017.0
1780244092,250,,Aggregated,335.000000,0.000000,760,790,800,810,830,850,860,880,900,910,910,11952,0,550.0,498.3799196482618,3.5139199999321136,909.1499269998167,15316.970716198126
1780244093,250,POST,GraphQL/listar-musicas,66.400000,0.000000,710,740,760,780,790,800,820,820,840,840,840,2509,0,520.0,473.9298212467146,7.349325999939538,844.5324219999293,50908.0
1780244093,250,POST,GraphQL/listar-musicas-playlist,65.300000,0.000000,780,800,820,820,840,860,880,890,910,910,910,2410,0,590.0,525.3183600248911,42.551918000071964,907.5742570000784,327.0
1780244093,250,POST,GraphQL/listar-playlists-musica,66.900000,0.000000,780,800,820,820,840,850,870,890,910,910,910,2368,0,620.0,539.181223667232,43.28397199992651,909.1499269998167,538.0
1780244093,250,POST,GraphQL/listar-playlists-usuario,64.400000,0.000000,740,780,800,810,830,840,850,860,890,890,890,2449,0,560.0,500.6718078403444,42.20906099999411,885.9764119999909,739.0
1780244093,250,POST,GraphQL/listar-usuarios,69.700000,0.000000,740,760,770,780,800,810,840,860,900,900,900,2560,0,550.0,487.1319017480485,3.5139199999321136,895.6379159999415,22017.0
1780244093,250,,Aggregated,332.700000,0.000000,750,780,800,800,830,840,860,870,900,910,910,12296,0,570.0,504.6430735757994,3.5139199999321136,909.1499269998167,15286.561239427456
1780244094,250,POST,GraphQL/listar-musicas,67.500000,0.000000,720,750,770,780,800,810,820,830,840,840,840,2579,0,550.0,480.86412460294974,7.349325999939538,844.5324219999293,50908.0
1780244094,250,POST,GraphQL/listar-musicas-playlist,65.600000,0.000000,780,810,820,830,850,860,890,900,920,920,920,2457,0,600.0,530.7399708823717,42.551918000071964,915.1422959998854,327.0
1780244094,250,POST,GraphQL/listar-playlists-musica,68.100000,0.000000,790,810,820,830,850,860,900,900,930,930,930,2420,0,630.0,545.1087002190105,43.28397199992651,925.4606370000147,538.0
1780244094,250,POST,GraphQL/listar-playlists-usuario,66.600000,0.000000,750,780,800,810,830,840,850,860,890,890,890,2518,0,580.0,507.77169785107316,42.20906099999411,885.9764119999909,739.0
1780244094,250,POST,GraphQL/listar-usuarios,67.000000,0.000000,740,760,780,790,810,820,840,860,900,900,900,2640,0,570.0,495.1051408174257,3.5139199999321136,895.6379159999415,22017.0
1780244094,250,,Aggregated,334.800000,0.000000,760,790,800,810,830,850,860,890,910,930,930,12614,0,580.0,511.2562587035063,3.5139199999321136,925.4606370000147,15330.80807039797
1780244095,250,POST,GraphQL/listar-musicas,66.900000,0.000000,730,760,780,780,800,810,820,830,840,840,840,2647,0,560.0,487.7438379731798,7.349325999939538,844.5324219999293,50908.0
1780244095,250,POST,GraphQL/listar-musicas-playlist,69.400000,0.000000,790,810,820,830,850,860,890,900,920,920,920,2551,0,620.0,540.5907855570317,42.551918000071964,915.1422959998854,327.0
1780244095,250,POST,GraphQL/listar-playlists-musica,68.100000,0.000000,790,810,820,830,850,860,900,900,930,930,930,2507,0,640.0,553.4917093442382,43.28397199992651,925.4606370000147,538.0
1780244095,250,POST,GraphQL/listar-playlists-usuario,66.600000,0.000000,760,790,800,810,830,840,850,860,890,890,890,2597,0,590.0,515.7118228355798,42.20906099999411,885.9764119999909,739.0
1780244095,250,POST,GraphQL/listar-usuarios,67.500000,0.000000,740,760,780,790,810,820,840,860,900,900,900,2696,0,580.0,500.12087020104036,3.5139199999321136,895.6379159999415,22017.0
1780244095,250,,Aggregated,338.500000,0.000000,760,790,800,810,830,850,860,890,910,930,930,12998,0,590.0,518.9520094139895,3.5139199999321136,925.4606370000147,15249.533312817357
1780244096,250,POST,GraphQL/listar-musicas,66.100000,0.000000,720,750,770,780,800,800,820,820,840,840,840,2709,0,570.0,491.2446542835019,7.349325999939538,844.5324219999293,50908.0
1780244096,250,POST,GraphQL/listar-musicas-playlist,67.700000,0.000000,780,800,820,820,840,850,870,890,920,920,920,2640,0,630.0,545.8430089484804,42.551918000071964,915.1422959998854,327.0
1780244096,250,POST,GraphQL/listar-playlists-musica,69.800000,0.000000,780,800,820,830,840,860,890,900,930,930,930,2577,0,650.0,557.8872876169982,43.28397199992651,925.4606370000147,538.0
1780244096,250,POST,GraphQL/listar-playlists-usuario,67.000000,0.000000,750,780,800,810,830,840,850,860,880,880,880,2671,0,600.0,520.3322080692633,42.20906099999411,885.9764119999909,739.0
1780244096,250,POST,GraphQL/listar-usuarios,69.100000,0.000000,730,750,770,780,800,810,830,840,880,880,880,2768,0,590.0,504.60486841546344,3.5139199999321136,895.6379159999415,22017.0
1780244096,250,,Aggregated,339.700000,0.000000,750,780,800,800,830,840,860,870,910,930,930,13365,0,600.0,523.4595178297069,3.5139199999321136,925.4606370000147,15194.642947998504
1780244097,250,POST,GraphQL/listar-musicas,67.200000,0.000000,700,740,750,760,790,800,810,820,830,830,830,2779,0,580.0,496.64978925369144,7.349325999939538,844.5324219999293,50908.0
1780244097,250,POST,GraphQL/listar-musicas-playlist,68.000000,0.000000,770,800,810,820,840,850,870,890,920,920,920,2683,0,640.0,549.9792516969769,42.551918000071964,915.1422959998854,327.0
1780244097,250,POST,GraphQL/listar-playlists-musica,67.200000,0.000000,780,800,810,820,840,860,890,900,930,930,930,2643,0,660.0,563.5174573026884,43.28397199992651,925.4606370000147,538.0
1780244097,250,POST,GraphQL/listar-playlists-usuario,66.200000,0.000000,740,770,790,800,820,840,850,860,880,880,880,2732,0,610.0,525.3080946010256,42.20906099999411,885.9764119999909,739.0
1780244097,250,POST,GraphQL/listar-usuarios,68.100000,0.000000,730,750,760,780,800,810,830,840,880,880,880,2843,0,600.0,510.9530833169199,3.5139199999321136,895.6379159999415,22017.0
1780244097,250,,Aggregated,336.700000,0.000000,740,780,790,800,820,840,860,870,910,930,930,13680,0,610.0,528.723835278511,3.5139199999321136,925.4606370000147,15232.886403508772
1780244098,250,POST,GraphQL/listar-musicas,66.900000,0.000000,710,740,760,770,800,810,820,840,860,860,860,2850,0,580.0,502.67305925895033,7.349325999939538,860.4323550000572,50908.0
1780244098,250,POST,GraphQL/listar-musicas-playlist,67.500000,0.000000,790,810,820,830,850,860,880,890,920,920,920,2757,0,650.0,557.1847158262565,42.551918000071964,915.1422959998854,327.0
1780244098,250,POST,GraphQL/listar-playlists-musica,67.800000,0.000000,780,800,820,830,850,870,890,900,930,930,930,2697,0,660.0,568.4890302888421,43.28397199992651,925.4606370000147,538.0
1780244098,250,POST,GraphQL/listar-playlists-usuario,69.100000,0.000000,750,770,790,800,830,840,860,870,880,880,880,2804,0,620.0,531.3013172389453,42.20906099999411,885.9764119999909,739.0
1780244098,250,POST,GraphQL/listar-usuarios,67.800000,0.000000,740,760,770,780,800,820,840,840,880,880,880,2897,0,610.0,515.4499888343124,3.5139199999321136,895.6379159999415,22017.0
1780244098,250,,Aggregated,339.100000,0.000000,750,780,800,800,830,850,870,880,910,930,930,14005,0,620.0,534.453331403144,3.5139199999321136,925.4606370000147,15229.97001071046
1780244099,250,POST,GraphQL/listar-musicas,67.600000,0.000000,720,750,770,780,800,820,830,840,860,860,860,2923,0,590.0,508.1434484071187,7.349325999939538,860.4323550000572,50908.0
1780244099,250,POST,GraphQL/listar-musicas-playlist,70.000000,0.000000,780,810,820,830,850,860,880,890,920,920,920,2818,0,660.0,561.2788685791307,42.551918000071964,915.1422959998854,327.0
1780244099,250,POST,GraphQL/listar-playlists-musica,69.300000,0.000000,780,800,820,830,850,880,890,900,930,930,930,2765,0,670.0,573.2749819334565,43.28397199992651,925.4606370000147,538.0
1780244099,250,POST,GraphQL/listar-playlists-usuario,68.400000,0.000000,750,780,790,800,830,840,870,880,880,880,880,2888,0,620.0,537.2092503819263,42.20906099999411,885.9764119999909,739.0
1780244099,250,POST,GraphQL/listar-usuarios,65.100000,0.000000,740,760,770,780,800,820,840,850,880,880,880,2957,0,610.0,519.7003959546846,3.5139199999321136,895.6379159999415,22017.0
1780244099,250,,Aggregated,340.400000,0.000000,750,780,800,810,830,850,870,880,910,930,930,14351,0,630.0,539.3566206074161,3.5139199999321136,925.4606370000147,15222.050101038256
1780244100,250,POST,GraphQL/listar-musicas,66.800000,0.000000,710,740,760,770,800,810,830,840,860,860,860,2983,0,600.0,511.6917076057693,7.349325999939538,860.4323550000572,50908.0
1780244100,250,POST,GraphQL/listar-musicas-playlist,68.000000,0.000000,770,800,820,830,850,860,880,890,920,920,920,2894,0,660.0,565.1749216285382,42.551918000071964,915.1422959998854,327.0
1780244100,250,POST,GraphQL/listar-playlists-musica,69.300000,0.000000,770,800,810,820,850,870,890,900,930,930,930,2835,0,670.0,577.1750988215194,43.28397199992651,925.4606370000147,538.0
1780244100,250,POST,GraphQL/listar-playlists-usuario,68.200000,0.000000,740,770,790,800,820,840,870,880,880,880,880,2934,0,630.0,539.9111967689173,42.20906099999411,885.9764119999909,739.0
1780244100,250,POST,GraphQL/listar-usuarios,67.700000,0.000000,730,750,760,780,800,820,840,850,880,880,880,3029,0,620.0,523.7811126493901,3.5139199999321136,895.6379159999415,22017.0
1780244100,250,,Aggregated,340.000000,0.000000,740,770,790,800,830,850,870,880,910,930,930,14675,0,630.0,543.0266735042612,3.5139199999321136,925.4606370000147,15208.712163543441
1780244101,250,POST,GraphQL/listar-musicas,68.400000,0.000000,710,740,760,770,800,820,840,850,870,870,870,3047,0,600.0,516.9586305933742,7.349325999939538,866.2005510000199,50908.0
1780244101,250,POST,GraphQL/listar-musicas-playlist,66.800000,0.000000,770,800,820,830,860,870,900,920,950,950,950,2947,0,670.0,570.2599365327417,42.551918000071964,950.8667309999055,327.0
1780244101,250,POST,GraphQL/listar-playlists-musica,67.000000,0.000000,780,800,820,840,860,880,900,920,940,940,940,2897,0,680.0,582.8867290107034,43.28397199992651,938.1770160000542,538.0
1780244101,250,POST,GraphQL/listar-playlists-usuario,66.800000,0.000000,740,770,790,800,830,850,880,890,910,910,910,3007,0,630.0,546.4958934652493,42.20906099999411,914.8491490000197,739.0
1780244101,250,POST,GraphQL/listar-usuarios,66.300000,0.000000,730,750,770,780,810,840,860,890,910,910,910,3097,0,620.0,530.090625396191,3.5139199999321136,913.8214420001987,22017.0
1780244101,250,,Aggregated,335.300000,0.000000,740,780,790,800,840,860,880,900,930,950,950,14995,0,640.0,548.8066457369814,3.5139199999321136,950.8667309999055,15208.25295098366
1780244102,250,POST,GraphQL/listar-musicas,67.400000,0.000000,730,760,770,790,820,850,870,880,910,910,910,3113,0,610.0,523.1282064082916,7.349325999939538,905.0429310000254,50908.0
1780244102,250,POST,GraphQL/listar-musicas-playlist,67.300000,0.000000,790,820,840,850,870,900,920,920,950,950,950,3012,0,670.0,576.5835443432907,42.551918000071964,950.8667309999055,327.0
1780244102,250,POST,GraphQL/listar-playlists-musica,64.900000,0.000000,790,810,840,850,880,900,920,940,960,960,960,2953,0,680.0,588.0448449143269,43.28397199992651,955.5640280000262,538.0
1780244102,250,POST,GraphQL/listar-playlists-usuario,69.200000,0.000000,750,790,800,810,850,870,890,900,940,940,940,3058,0,630.0,551.1355111939195,42.20906099999411,943.1929840000066,739.0
1780244102,250,POST,GraphQL/listar-usuarios,67.200000,0.000000,740,770,780,800,830,850,880,890,910,910,910,3162,0,630.0,535.5256012520565,3.5139199999321136,913.8214420001987,22017.0
1780244102,250,,Aggregated,336.000000,0.000000,760,790,810,820,860,880,900,920,950,960,960,15298,0,640.0,554.3449152525187,3.5139199999321136,955.5640280000262,15226.033337691202
1780244103,250,POST,GraphQL/listar-musicas,67.900000,0.000000,730,760,780,790,820,850,870,880,910,910,910,3183,0,610.0,527.6630322777293,7.349325999939538,905.0429310000254,50908.0
1780244103,250,POST,GraphQL/listar-musicas-playlist,68.500000,0.000000,780,810,830,850,870,890,920,920,950,950,950,3080,0,670.0,580.3127299370104,42.551918000071964,950.8667309999055,327.0
1780244103,250,POST,GraphQL/listar-playlists-musica,67.200000,0.000000,780,800,820,840,870,890,920,940,960,960,960,3021,0,690.0,591.8825274415776,43.28397199992651,955.5640280000262,538.0
1780244103,250,POST,GraphQL/listar-playlists-usuario,67.400000,0.000000,750,780,800,810,850,870,890,900,940,940,940,3143,0,640.0,556.5428413149871,42.20906099999411,943.1929840000066,739.0
1780244103,250,POST,GraphQL/listar-usuarios,65.300000,0.000000,740,760,780,790,830,850,880,890,910,910,910,3213,0,630.0,538.5992398699043,3.5139199999321136,913.8214420001987,22017.0
1780244103,250,,Aggregated,336.300000,0.000000,760,790,800,820,850,870,900,920,950,960,960,15640,0,650.0,558.4862700321003,3.5139199999321136,955.5640280000262,15200.506393861893
1780244104,250,POST,GraphQL/listar-musicas,66.600000,0.000000,720,750,770,790,820,850,870,880,910,910,910,3246,0,620.0,531.0734841771452,7.349325999939538,905.0429310000254,50908.0
1780244104,250,POST,GraphQL/listar-musicas-playlist,65.800000,0.000000,770,800,830,850,870,890,920,920,950,950,950,3147,0,680.0,583.8604665306615,42.551918000071964,950.8667309999055,327.0
1780244104,250,POST,GraphQL/listar-playlists-musica,65.700000,0.000000,780,800,820,830,870,890,920,940,960,960,960,3097,0,700.0,595.8813159380061,43.28397199992651,955.5640280000262,538.0
1780244104,250,POST,GraphQL/listar-playlists-usuario,66.700000,0.000000,750,780,800,810,850,870,890,900,940,940,940,3197,0,650.0,559.6316087216154,42.20906099999411,943.1929840000066,739.0
1780244104,250,POST,GraphQL/listar-usuarios,67.500000,0.000000,740,760,780,790,830,850,880,890,910,910,910,3283,0,640.0,542.5719341571745,3.5139199999321136,913.8214420001987,22017.0
1780244104,250,,Aggregated,332.300000,0.000000,750,780,800,810,850,880,900,920,950,960,960,15970,0,650.0,562.1242182963085,3.5139199999321136,955.5640280000262,15190.170131496556
1780244105,250,POST,GraphQL/listar-musicas,68.100000,0.000000,720,750,770,780,820,850,870,880,910,910,910,3313,0,620.0,534.7470782140093,7.349325999939538,905.0429310000254,50908.0
1780244105,250,POST,GraphQL/listar-musicas-playlist,63.300000,0.000000,770,810,830,850,870,890,920,920,950,950,950,3204,0,680.0,587.5310776772752,42.551918000071964,950.8667309999055,327.0
1780244105,250,POST,GraphQL/listar-playlists-musica,63.400000,0.000000,780,810,820,840,870,890,920,940,960,960,960,3160,0,700.0,599.7782832139261,43.28397199992651,955.5640280000262,538.0
1780244105,250,POST,GraphQL/listar-playlists-usuario,64.600000,0.000000,750,780,810,810,850,870,890,900,940,940,940,3265,0,650.0,563.4905230615634,42.20906099999411,943.1929840000066,739.0
1780244105,250,POST,GraphQL/listar-usuarios,65.500000,0.000000,740,770,780,790,820,850,880,890,910,910,910,3369,0,640.0,547.7013852612064,3.5139199999321136,913.8214420001987,22017.0
1780244105,250,,Aggregated,324.900000,0.000000,750,780,810,820,850,880,900,920,950,960,960,16311,0,660.0,566.1436173562649,3.5139199999321136,955.5640280000262,15204.101526577157
1780244106,250,POST,GraphQL/listar-musicas,66.800000,0.000000,740,770,780,800,830,850,870,880,910,910,910,3390,0,630.0,540.1797910563454,7.349325999939538,905.0429310000254,50908.0
1780244106,250,POST,GraphQL/listar-musicas-playlist,66.400000,0.000000,800,820,840,850,870,890,920,920,950,950,950,3271,0,690.0,592.3792819691195,42.551918000071964,950.8667309999055,327.0
1780244106,250,POST,GraphQL/listar-playlists-musica,64.000000,0.000000,790,820,830,850,870,890,920,940,960,960,960,3210,0,700.0,603.0715948358273,43.28397199992651,955.5640280000262,538.0
1780244106,250,POST,GraphQL/listar-playlists-usuario,66.800000,0.000000,770,800,810,820,860,870,890,900,940,940,940,3329,0,650.0,568.066368339743,42.20906099999411,943.1929840000066,739.0
1780244106,250,POST,GraphQL/listar-usuarios,65.000000,0.000000,750,780,790,800,830,850,880,890,910,910,910,3425,0,640.0,551.2594953018992,3.5139199999321136,913.8214420001987,22017.0
1780244106,250,,Aggregated,329.000000,0.000000,770,800,820,830,860,880,900,920,950,960,960,16625,0,660.0,570.4600694157612,3.5139199999321136,955.5640280000262,15232.666045112783
1780244107,250,POST,GraphQL/listar-musicas,65.900000,0.000000,740,770,780,800,830,850,870,880,910,910,910,3448,0,630.0,542.2973410452466,7.349325999939538,905.0429310000254,50908.0
1780244107,250,POST,GraphQL/listar-musicas-playlist,64.700000,0.000000,780,820,840,850,870,890,910,920,950,950,950,3350,0,690.0,595.0186010453699,42.551918000071964,950.8667309999055,327.0
1780244107,250,POST,GraphQL/listar-playlists-musica,66.200000,0.000000,780,810,830,840,870,890,920,940,960,960,960,3284,0,710.0,606.109792044155,43.28397199992651,955.5640280000262,538.0
1780244107,250,POST,GraphQL/listar-playlists-usuario,65.000000,0.000000,760,790,810,820,850,870,890,900,940,940,940,3398,0,660.0,570.8913592975292,42.20906099999411,943.1929840000066,739.0
1780244107,250,POST,GraphQL/listar-usuarios,66.200000,0.000000,740,770,780,790,830,850,880,890,910,910,910,3505,0,650.0,554.3664019517842,3.5139199999321136,913.8214420001987,22017.0
1780244107,250,,Aggregated,328.000000,0.000000,760,790,810,820,860,880,900,920,950,960,960,16985,0,660.0,573.2446970993839,3.5139199999321136,955.5640280000262,15194.214483367678
1780244108,250,POST,GraphQL/listar-musicas,65.700000,0.000000,720,750,770,780,820,850,870,880,910,910,910,3520,0,630.0,545.4556718622188,7.349325999939538,905.0429310000254,50908.0
1780244108,250,POST,GraphQL/listar-musicas-playlist,64.200000,0.000000,760,800,820,840,870,890,910,920,950,950,950,3413,0,690.0,597.8710717623762,42.551918000071964,950.8667309999055,327.0
1780244108,250,POST,GraphQL/listar-playlists-musica,66.000000,0.000000,780,800,820,830,860,880,920,940,960,960,960,3370,0,710.0,609.8558434949568,43.28397199992651,955.5640280000262,538.0
1780244108,250,POST,GraphQL/listar-playlists-usuario,63.700000,0.000000,750,780,810,820,850,870,890,900,940,940,940,3456,0,660.0,573.3495828420147,42.20906099999411,943.1929840000066,739.0
1780244108,250,POST,GraphQL/listar-usuarios,68.100000,0.000000,740,770,780,790,820,850,880,890,910,910,910,3563,0,650.0,557.2628334549544,3.5139199999321136,913.8214420001987,22017.0
1780244108,250,,Aggregated,327.700000,0.000000,750,780,800,820,850,870,900,920,950,960,960,17322,0,670.0,576.3061863156702,3.5139199999321136,955.5640280000262,15190.268213832122
1780244109,250,POST,GraphQL/listar-musicas,66.300000,0.000000,730,750,770,790,820,850,870,880,910,910,910,3586,0,640.0,548.9603169436729,7.349325999939538,905.0429310000254,50908.0
1780244109,250,POST,GraphQL/listar-musicas-playlist,63.700000,0.000000,780,810,830,840,870,890,920,920,950,950,950,3464,0,700.0,600.7432008908747,42.551918000071964,950.8667309999055,327.0
1780244109,250,POST,GraphQL/listar-playlists-musica,64.000000,0.000000,780,810,820,830,860,890,920,940,960,960,960,3430,0,720.0,613.0715185973772,43.28397199992651,955.5640280000262,538.0
1780244109,250,POST,GraphQL/listar-playlists-usuario,65.800000,0.000000,760,790,810,820,840,870,890,900,940,940,940,3521,0,660.0,576.7187914524292,42.20906099999411,943.1929840000066,739.0
1780244109,250,POST,GraphQL/listar-usuarios,66.700000,0.000000,740,770,790,790,820,840,880,890,910,910,910,3644,0,660.0,561.4470559025802,3.5139199999321136,913.8214420001987,22017.0
1780244109,250,,Aggregated,326.500000,0.000000,760,790,810,820,850,870,900,920,950,960,960,17645,0,670.0,579.7065111730254,3.5139199999321136,955.5640280000262,15209.188041938227
1780244110,250,POST,GraphQL/listar-musicas,65.200000,0.000000,740,770,790,800,830,850,870,880,910,910,910,3653,0,640.0,552.9222994864523,7.349325999939538,905.0429310000254,50908.0
1780244110,250,POST,GraphQL/listar-musicas-playlist,67.600000,0.000000,780,820,830,840,870,890,910,920,950,950,950,3556,0,700.0,605.7836281223256,42.551918000071964,950.8667309999055,327.0
1780244110,250,POST,GraphQL/listar-playlists-musica,66.600000,0.000000,780,820,830,840,870,890,920,940,960,960,960,3509,0,720.0,617.0212337332592,43.28397199992651,955.5640280000262,538.0
1780244110,250,POST,GraphQL/listar-playlists-usuario,65.500000,0.000000,760,790,810,820,850,870,890,900,940,940,940,3608,0,670.0,581.7120701064312,42.20906099999411,943.1929840000066,739.0
1780244110,250,POST,GraphQL/listar-usuarios,66.800000,0.000000,740,770,790,800,830,850,880,890,910,910,910,3699,0,660.0,564.1541292287111,3.5139199999321136,913.8214420001987,22017.0
1780244110,250,,Aggregated,331.700000,0.000000,760,790,810,820,860,870,900,920,950,960,960,18025,0,680.0,583.8969500004458,3.5139199999321136,955.5640280000262,15152.553287101247
1780244111,250,POST,GraphQL/listar-musicas,64.500000,0.000000,720,750,780,790,820,850,870,880,910,910,910,3717,0,640.0,554.6490045738522,7.349325999939538,905.0429310000254,50908.0
1780244111,250,POST,GraphQL/listar-musicas-playlist,67.400000,0.000000,770,810,820,830,860,880,910,920,930,930,930,3642,0,700.0,608.0075526460708,42.551918000071964,950.8667309999055,327.0
1780244111,250,POST,GraphQL/listar-playlists-musica,69.200000,0.000000,770,800,820,830,850,880,920,930,960,960,960,3576,0,720.0,619.1003794930103,43.28397199992651,955.5640280000262,538.0
1780244111,250,POST,GraphQL/listar-playlists-usuario,66.200000,0.000000,750,780,800,810,840,860,880,900,940,940,940,3682,0,670.0,583.8279751401417,42.20906099999411,943.1929840000066,739.0
1780244111,250,POST,GraphQL/listar-usuarios,67.300000,0.000000,730,760,780,790,810,830,850,880,890,890,890,3771,0,660.0,566.3681569997352,3.5139199999321136,913.8214420001987,22017.0
1780244111,250,,Aggregated,334.600000,0.000000,750,780,800,810,840,860,890,910,940,960,960,18388,0,680.0,585.9977016704944,3.5139199999321136,955.5640280000262,15123.284914074397
1780244112,250,POST,GraphQL/listar-musicas,66.400000,0.000000,710,740,760,770,790,820,840,840,860,860,860,3783,0,640.0,557.4616506323041,7.349325999939538,905.0429310000254,50908.0
1780244112,250,POST,GraphQL/listar-musicas-playlist,64.600000,0.000000,760,790,820,820,840,850,870,880,900,900,900,3689,0,700.0,610.2969559373786,42.551918000071964,950.8667309999055,327.0
1780244112,250,POST,GraphQL/listar-playlists-musica,65.600000,0.000000,770,790,820,820,840,860,870,880,890,890,890,3648,0,720.0,622.0624820430392,43.28397199992651,955.5640280000262,538.0
1780244112,250,POST,GraphQL/listar-playlists-usuario,63.600000,0.000000,750,770,790,800,820,840,860,870,890,890,890,3737,0,670.0,586.4140816414233,42.20906099999411,943.1929840000066,739.0
1780244112,250,POST,GraphQL/listar-usuarios,66.700000,0.000000,730,750,770,780,800,810,830,830,850,850,850,3851,0,670.0,570.0247775782917,3.5139199999321136,913.8214420001987,22017.0
1780244112,250,,Aggregated,326.900000,0.000000,740,770,790,800,820,840,860,870,880,900,900,18708,0,680.0,588.8465720994253,3.5139199999321136,955.5640280000262,15143.414635450075
1780244113,250,POST,GraphQL/listar-musicas,65.800000,0.000000,710,750,770,780,810,830,850,850,870,870,870,3859,0,650.0,561.2981799823801,7.349325999939538,905.0429310000254,50908.0
1780244113,250,POST,GraphQL/listar-musicas-playlist,66.600000,0.000000,770,810,820,830,850,870,880,880,900,900,900,3759,0,710.0,614.3266966608113,42.551918000071964,950.8667309999055,327.0
1780244113,250,POST,GraphQL/listar-playlists-musica,67.200000,0.000000,770,810,820,830,850,870,880,890,900,900,900,3699,0,730.0,624.7363742538541,43.28397199992651,955.5640280000262,538.0
1780244113,250,POST,GraphQL/listar-playlists-usuario,67.900000,0.000000,750,780,790,800,830,860,870,880,890,890,890,3805,0,680.0,589.6601873802881,42.20906099999411,943.1929840000066,739.0
1780244113,250,POST,GraphQL/listar-usuarios,66.300000,0.000000,730,760,770,780,800,820,830,840,850,850,850,3901,0,670.0,572.3781995314029,3.5139199999321136,913.8214420001987,22017.0
1780244113,250,,Aggregated,333.800000,0.000000,750,780,800,810,830,850,870,880,890,900,900,19023,0,680.0,592.0574014098212,3.5139199999321136,955.5640280000262,15159.198811964465
1780244114,250,POST,GraphQL/listar-musicas,66.500000,0.000000,710,750,770,780,820,830,850,850,870,870,870,3927,0,650.0,564.2185587733657,7.349325999939538,905.0429310000254,50908.0
1780244114,250,POST,GraphQL/listar-musicas-playlist,69.400000,0.000000,770,810,820,830,850,870,880,880,900,900,900,3821,0,710.0,616.5666548277911,42.551918000071964,950.8667309999055,327.0
1780244114,250,POST,GraphQL/listar-playlists-musica,67.600000,0.000000,770,800,820,820,850,870,880,890,910,910,910,3771,0,730.0,627.6183741572547,43.28397199992651,955.5640280000262,538.0
1780244114,250,POST,GraphQL/listar-playlists-usuario,67.400000,0.000000,750,780,800,810,830,860,870,880,900,900,900,3889,0,680.0,593.1804638382611,42.20906099999411,943.1929840000066,739.0
1780244114,250,POST,GraphQL/listar-usuarios,65.800000,0.000000,730,750,770,780,800,820,830,840,850,850,850,3963,0,670.0,574.9570922379519,3.5139199999321136,913.8214420001987,22017.0
1780244114,250,,Aggregated,336.700000,0.000000,750,780,800,810,830,850,870,880,900,910,910,19371,0,690.0,594.8980505783403,3.5139199999321136,955.5640280000262,15142.291208507562
1780244115,250,POST,GraphQL/listar-musicas,65.600000,0.000000,710,740,770,780,820,830,850,850,870,870,870,3992,0,650.0,565.8215078464448,7.349325999939538,905.0429310000254,50908.0
1780244115,250,POST,GraphQL/listar-musicas-playlist,68.000000,0.000000,760,800,820,820,850,870,880,880,900,900,900,3900,0,710.0,618.2378284592285,42.551918000071964,950.8667309999055,327.0
1780244115,250,POST,GraphQL/listar-playlists-musica,69.300000,0.000000,760,790,810,820,850,870,880,890,910,910,910,3852,0,730.0,629.5842802611652,43.28397199992651,955.5640280000262,538.0
1780244115,250,POST,GraphQL/listar-playlists-usuario,69.100000,0.000000,740,770,790,800,830,860,870,880,900,900,900,3949,0,680.0,594.7876364679662,42.20906099999411,943.1929840000066,739.0
1780244115,250,POST,GraphQL/listar-usuarios,67.900000,0.000000,720,750,770,780,800,820,830,840,850,850,850,4033,0,670.0,576.7940141455502,3.5139199999321136,913.8214420001987,22017.0
1780244115,250,,Aggregated,339.900000,0.000000,740,770,790,810,830,850,870,880,900,910,910,19726,0,690.0,596.6781036875708,3.5139199999321136,955.5640280000262,15121.427760316334
1780244116,250,POST,GraphQL/listar-musicas,66.800000,0.000000,700,730,750,770,810,830,850,850,870,870,870,4062,0,650.0,568.3494677577564,7.349325999939538,905.0429310000254,50908.0
1780244116,250,POST,GraphQL/listar-musicas-playlist,67.300000,0.000000,750,780,810,820,840,870,880,880,900,900,900,3953,0,710.0,620.4956396483656,42.551918000071964,950.8667309999055,327.0
1780244116,250,POST,GraphQL/listar-playlists-musica,67.500000,0.000000,760,780,810,820,850,870,880,890,910,910,910,3905,0,730.0,631.8774855623578,43.28397199992651,955.5640280000262,538.0
1780244116,250,POST,GraphQL/listar-playlists-usuario,66.700000,0.000000,740,770,780,790,820,850,870,880,900,900,900,4012,0,680.0,597.3435110301594,42.20906099999411,943.1929840000066,739.0
1780244116,250,POST,GraphQL/listar-usuarios,67.700000,0.000000,720,750,760,770,790,810,830,840,850,850,850,4111,0,680.0,579.9461253330101,3.5139199999321136,913.8214420001987,22017.0
1780244116,250,,Aggregated,336.000000,0.000000,740,760,780,800,830,850,870,880,900,910,910,20043,0,690.0,599.1935872963138,3.5139199999321136,955.5640280000262,15150.35533602754
1780244117,250,POST,GraphQL/listar-musicas,67.500000,0.000000,710,740,760,780,820,840,850,860,870,870,870,4139,0,660.0,571.7894464534932,7.349325999939538,905.0429310000254,50908.0
1780244117,250,POST,GraphQL/listar-musicas-playlist,68.200000,0.000000,770,810,820,830,860,870,880,890,900,900,900,4021,0,720.0,624.0415187179781,42.551918000071964,950.8667309999055,327.0
1780244117,250,POST,GraphQL/listar-playlists-musica,66.400000,0.000000,770,800,820,830,860,880,890,890,910,910,910,3959,0,740.0,634.4496178860844,43.28397199992651,955.5640280000262,538.0
1780244117,250,POST,GraphQL/listar-playlists-usuario,69.600000,0.000000,740,770,790,800,840,860,880,880,900,900,900,4077,0,690.0,600.1421956732888,42.20906099999411,943.1929840000066,739.0
1780244117,250,POST,GraphQL/listar-usuarios,65.900000,0.000000,730,750,770,780,800,820,840,850,870,870,870,4169,0,680.0,582.487209439435,3.5139199999321136,913.8214420001987,22017.0
1780244117,250,,Aggregated,337.600000,0.000000,750,770,790,810,840,860,880,890,900,910,910,20365,0,690.0,602.1538134426715,3.5139199999321136,955.5640280000262,15170.87144610852
1780244118,250,POST,GraphQL/listar-musicas,67.600000,0.000000,710,740,760,780,820,840,850,860,870,870,870,4198,0,660.0,573.1419125235844,7.349325999939538,905.0429310000254,50908.0
1780244118,250,POST,GraphQL/listar-musicas-playlist,69.000000,0.000000,760,780,820,830,860,870,880,890,900,900,900,4103,0,720.0,625.9342304096972,42.551918000071964,950.8667309999055,327.0
1780244118,250,POST,GraphQL/listar-playlists-musica,67.700000,0.000000,770,790,820,820,860,880,890,890,910,910,910,4033,0,740.0,636.5592573811075,43.28397199992651,955.5640280000262,538.0
1780244118,250,POST,GraphQL/listar-playlists-usuario,67.800000,0.000000,740,770,790,800,830,860,880,880,900,900,900,4153,0,690.0,602.1549851098001,42.20906099999411,943.1929840000066,739.0
1780244118,250,POST,GraphQL/listar-usuarios,64.600000,0.000000,720,750,760,770,800,820,840,850,870,870,870,4238,0,680.0,584.2562179915068,3.5139199999321136,913.8214420001987,22017.0
1780244118,250,,Aggregated,336.700000,0.000000,740,770,790,800,840,860,880,890,900,910,910,20725,0,690.0,604.0206941458142,3.5139199999321136,955.5640280000262,15131.499734620023
1780244119,250,POST,GraphQL/listar-musicas,67.100000,0.000000,710,730,760,770,810,830,850,860,870,870,870,4266,0,660.0,575.309744955698,7.349325999939538,905.0429310000254,50908.0
1780244119,250,POST,GraphQL/listar-musicas-playlist,67.500000,0.000000,750,780,810,820,860,870,880,890,890,890,890,4161,0,720.0,627.7440472235011,42.551918000071964,950.8667309999055,327.0
1780244119,250,POST,GraphQL/listar-playlists-musica,67.800000,0.000000,760,790,810,820,860,870,890,890,910,910,910,4111,0,740.0,638.844723469717,43.28397199992651,955.5640280000262,538.0
1780244119,250,POST,GraphQL/listar-playlists-usuario,67.300000,0.000000,740,760,780,800,830,860,880,880,900,900,900,4208,0,690.0,603.962145548717,42.20906099999411,943.1929840000066,739.0
1780244119,250,POST,GraphQL/listar-usuarios,66.700000,0.000000,720,750,760,770,790,820,840,850,870,870,870,4312,0,690.0,586.8653232820053,3.5139199999321136,913.8214420001987,22017.0
1780244119,250,,Aggregated,336.400000,0.000000,740,770,780,800,830,860,880,880,900,910,910,21058,0,700.0,606.1658748752492,3.5139199999321136,955.5640280000262,15138.802782790388
1780244120,250,POST,GraphQL/listar-musicas,68.600000,0.000000,700,730,750,760,810,840,850,860,870,870,870,4334,0,660.0,577.6283656070623,7.349325999939538,905.0429310000254,50908.0
1780244120,250,POST,GraphQL/listar-musicas-playlist,64.800000,0.000000,760,780,810,820,860,870,880,890,890,890,890,4215,0,720.0,629.7735269715278,42.551918000071964,950.8667309999055,327.0
1780244120,250,POST,GraphQL/listar-playlists-musica,65.200000,0.000000,770,800,820,820,850,870,890,890,910,910,910,4173,0,740.0,641.3021722978689,43.28397199992651,955.5640280000262,538.0
1780244120,250,POST,GraphQL/listar-playlists-usuario,66.600000,0.000000,740,760,780,790,820,860,880,880,900,900,900,4271,0,690.0,606.0809382446738,42.20906099999411,943.1929840000066,739.0
1780244120,250,POST,GraphQL/listar-usuarios,66.400000,0.000000,730,750,770,780,790,820,840,850,870,870,870,4394,0,690.0,590.017658967457,3.5139199999321136,913.8214420001987,22017.0
1780244120,250,,Aggregated,331.600000,0.000000,740,770,780,800,830,850,880,880,900,910,910,21387,0,700.0,608.5565997321264,3.5139199999321136,955.5640280000262,15156.759620330107
1780244121,250,POST,GraphQL/listar-musicas,67.600000,0.000000,710,740,760,770,830,840,850,860,870,870,870,4403,0,670.0,580.317363615491,7.349325999939538,905.0429310000254,50908.0
1780244121,250,POST,GraphQL/listar-musicas-playlist,67.000000,0.000000,770,800,820,840,870,880,890,890,910,910,910,4285,0,720.0,632.8408723015145,42.551918000071964,950.8667309999055,327.0
1780244121,250,POST,GraphQL/listar-playlists-musica,64.500000,0.000000,780,810,820,830,860,880,890,900,920,920,920,4239,0,740.0,643.986040436189,43.28397199992651,955.5640280000262,538.0
1780244121,250,POST,GraphQL/listar-playlists-usuario,68.000000,0.000000,740,770,790,800,840,870,880,890,900,900,900,4355,0,690.0,609.3799322787602,42.20906099999411,943.1929840000066,739.0
1780244121,250,POST,GraphQL/listar-usuarios,66.600000,0.000000,730,760,770,780,800,830,840,850,870,870,870,4447,0,690.0,591.7987769269185,3.5139199999321136,913.8214420001987,22017.0
1780244121,250,,Aggregated,333.700000,0.000000,750,770,790,810,840,870,880,890,910,920,920,21729,0,700.0,611.2704717790956,3.5139199999321136,955.5640280000262,15139.10649362603
1780244123,250,POST,GraphQL/listar-musicas,67.000000,0.000000,700,720,740,760,800,840,850,850,870,870,870,4463,0,670.0,581.229098521175,7.349325999939538,905.0429310000254,50908.0
1780244123,250,POST,GraphQL/listar-musicas-playlist,67.700000,0.000000,750,770,800,820,860,880,890,890,910,910,910,4394,0,720.0,634.7155232157462,42.551918000071964,950.8667309999055,327.0
1780244123,250,POST,GraphQL/listar-playlists-musica,67.600000,0.000000,760,790,810,820,850,870,890,890,920,920,920,4333,0,740.0,645.7854884218796,43.28397199992651,955.5640280000262,538.0
1780244123,250,POST,GraphQL/listar-playlists-usuario,67.700000,0.000000,730,760,770,790,830,870,880,890,900,900,900,4427,0,690.0,610.5424237366165,42.20906099999411,943.1929840000066,739.0
1780244123,250,POST,GraphQL/listar-usuarios,66.800000,0.000000,720,750,760,770,800,830,840,850,870,870,870,4521,0,690.0,592.9686140723306,3.5139199999321136,913.8214420001987,22017.0
1780244123,250,,Aggregated,336.800000,0.000000,740,760,780,790,830,860,880,890,910,920,920,22138,0,700.0,612.7399228089703,3.5139199999321136,955.5640280000262,15077.279158008854
1780244124,250,POST,GraphQL/listar-musicas,67.600000,0.000000,700,720,740,750,790,840,850,850,870,870,870,4533,0,670.0,583.1259222563439,7.349325999939538,905.0429310000254,50908.0
1780244124,250,POST,GraphQL/listar-musicas-playlist,63.800000,0.000000,750,780,810,820,860,880,890,890,910,910,910,4438,0,720.0,636.1964595265862,42.551918000071964,950.8667309999055,327.0
1780244124,250,POST,GraphQL/listar-playlists-musica,65.000000,0.000000,760,790,810,820,850,870,890,890,920,920,920,4400,0,740.0,647.9421995229552,43.28397199992651,955.5640280000262,538.0
1780244124,250,POST,GraphQL/listar-playlists-usuario,66.900000,0.000000,730,760,770,790,810,860,880,880,890,890,890,4488,0,700.0,612.3398290020052,42.20906099999411,943.1929840000066,739.0
1780244124,250,POST,GraphQL/listar-usuarios,66.900000,0.000000,720,750,760,770,790,820,840,850,870,870,870,4594,0,690.0,595.2911227851557,3.5139199999321136,913.8214420001987,22017.0
1780244124,250,,Aggregated,330.200000,0.000000,740,760,780,790,830,860,880,890,910,920,920,22453,0,700.0,614.6458799048675,3.5139199999321136,955.5640280000262,15100.303745601925
1780244125,250,POST,GraphQL/listar-musicas,66.900000,0.000000,720,740,760,770,830,840,850,860,870,870,870,4609,0,670.0,586.3831439485803,7.349325999939538,905.0429310000254,50908.0
1780244125,250,POST,GraphQL/listar-musicas-playlist,69.500000,0.000000,760,800,830,850,880,890,910,930,940,940,940,4501,0,730.0,639.1947790226593,42.551918000071964,950.8667309999055,327.0
1780244125,250,POST,GraphQL/listar-playlists-musica,68.300000,0.000000,780,810,830,840,870,890,920,930,950,950,950,4448,0,740.0,650.2484427039129,43.28397199992651,955.5640280000262,538.0
1780244125,250,POST,GraphQL/listar-playlists-usuario,66.800000,0.000000,740,770,790,800,830,870,890,900,920,920,920,4545,0,700.0,614.8409705133113,42.20906099999411,943.1929840000066,739.0
1780244125,250,POST,GraphQL/listar-usuarios,66.900000,0.000000,730,760,770,780,820,840,860,870,900,900,900,4654,0,690.0,597.9974857825543,3.5139199999321136,913.8214420001987,22017.0
1780244125,250,,Aggregated,338.400000,0.000000,750,770,790,810,850,880,890,910,940,950,950,22757,0,700.0,617.3701803314138,3.5139199999321136,955.5640280000262,15130.539877839785
1780244126,250,POST,GraphQL/listar-musicas,66.600000,0.000000,710,740,750,770,830,840,850,860,870,870,870,4675,0,670.0,587.7276679574346,7.349325999939538,905.0429310000254,50908.0
1780244126,250,POST,GraphQL/listar-musicas-playlist,66.800000,0.000000,750,790,820,840,880,890,910,930,940,940,940,4585,0,730.0,641.0548861445997,42.551918000071964,950.8667309999055,327.0
1780244126,250,POST,GraphQL/listar-playlists-musica,69.400000,0.000000,770,800,820,830,870,890,920,930,950,950,950,4521,0,740.0,651.8938296560507,43.28397199992651,955.5640280000262,538.0
1780244126,250,POST,GraphQL/listar-playlists-usuario,67.400000,0.000000,740,760,780,790,830,870,880,890,920,920,920,4637,0,700.0,616.9282584884629,42.20906099999411,943.1929840000066,739.0
1780244126,250,POST,GraphQL/listar-usuarios,68.100000,0.000000,730,760,770,780,820,840,860,870,900,900,900,4713,0,690.0,599.3468151973282,3.5139199999321136,913.8214420001987,22017.0
1780244126,250,,Aggregated,338.300000,0.000000,740,770,790,800,850,870,890,910,940,950,950,23131,0,700.0,619.0607141578383,3.5139199999321136,955.5640280000262,15093.13721845143
1780244127,250,POST,GraphQL/listar-musicas,67.200000,0.000000,700,730,740,750,790,840,850,860,870,870,870,4742,0,670.0,588.8129589392678,7.349325999939538,905.0429310000254,50908.0
1780244127,250,POST,GraphQL/listar-musicas-playlist,66.300000,0.000000,740,770,800,810,870,880,910,930,940,940,940,4653,0,730.0,642.0034248158153,42.551918000071964,950.8667309999055,327.0
1780244127,250,POST,GraphQL/listar-playlists-musica,67.700000,0.000000,760,780,800,820,850,880,920,930,950,950,950,4606,0,740.0,653.241737953105,43.28397199992651,955.5640280000262,538.0
1780244127,250,POST,GraphQL/listar-playlists-usuario,64.400000,0.000000,730,760,770,790,810,870,880,890,920,920,920,4690,0,700.0,617.70360626354,42.20906099999411,943.1929840000066,739.0
1780244127,250,POST,GraphQL/listar-usuarios,68.600000,0.000000,710,750,760,770,800,840,860,870,900,900,900,4786,0,690.0,600.3587781356057,3.5139199999321136,913.8214420001987,22017.0
1780244127,250,,Aggregated,334.200000,0.000000,740,760,780,790,830,870,890,910,940,950,950,23477,0,700.0,620.1206055928337,3.5139199999321136,955.5640280000262,15089.00485581633
1780244128,250,POST,GraphQL/listar-musicas,66.800000,0.000000,710,730,750,750,790,840,850,860,870,870,870,4812,0,670.0,590.7524007130107,7.349325999939538,905.0429310000254,50908.0
1780244128,250,POST,GraphQL/listar-musicas-playlist,68.400000,0.000000,750,780,800,820,870,890,910,930,940,940,940,4700,0,730.0,643.4797571308483,42.551918000071964,950.8667309999055,327.0
1780244128,250,POST,GraphQL/listar-playlists-musica,66.900000,0.000000,770,800,820,820,860,880,920,930,950,950,950,4661,0,740.0,654.9446884314532,43.28397199992651,955.5640280000262,538.0
1780244128,250,POST,GraphQL/listar-playlists-usuario,67.800000,0.000000,740,760,780,790,820,870,880,890,920,920,920,4759,0,700.0,619.6872600783785,42.20906099999411,943.1929840000066,739.0
1780244128,250,POST,GraphQL/listar-usuarios,67.900000,0.000000,730,760,770,780,800,840,860,870,900,900,900,4862,0,690.0,602.7761755697259,3.5139199999321136,913.8214420001987,22017.0
1780244128,250,,Aggregated,337.800000,0.000000,740,770,780,800,830,870,890,910,940,950,950,23794,0,700.0,621.9863007421176,3.5139199999321136,955.5640280000262,15112.102588887956
1780244129,250,POST,GraphQL/listar-musicas,67.100000,0.000000,710,740,750,760,810,840,860,870,880,880,880,4883,0,670.0,593.0257599414317,7.349325999939538,905.0429310000254,50908.0
1780244129,250,POST,GraphQL/listar-musicas-playlist,69.700000,0.000000,760,800,820,840,880,890,910,930,940,940,940,4771,0,730.0,646.2010529622692,42.551918000071964,950.8667309999055,327.0
1780244129,250,POST,GraphQL/listar-playlists-musica,67.800000,0.000000,770,810,820,840,870,890,920,930,950,950,950,4715,0,750.0,656.8749377957589,43.28397199992651,955.5640280000262,538.0
1780244129,250,POST,GraphQL/listar-playlists-usuario,66.700000,0.000000,740,770,790,800,830,870,890,900,920,920,920,4838,0,700.0,622.0858533532457,42.20906099999411,943.1929840000066,739.0
1780244129,250,POST,GraphQL/listar-usuarios,66.400000,0.000000,730,760,780,790,830,850,870,870,900,900,900,4917,0,700.0,604.8960036093158,3.5139199999321136,913.8214420001987,22017.0
1780244129,250,,Aggregated,337.700000,0.000000,740,770,790,810,850,880,900,910,940,950,950,24124,0,710.0,624.268792466172,3.5139199999321136,955.5640280000262,15109.990963355995
1780244130,250,POST,GraphQL/listar-musicas,66.100000,0.000000,710,740,750,760,810,840,860,870,880,880,880,4946,0,670.0,594.0273284739205,7.349325999939538,905.0429310000254,50908.0
1780244130,250,POST,GraphQL/listar-musicas-playlist,67.800000,0.000000,760,780,820,840,870,890,910,930,940,940,940,4859,0,730.0,648.0089453642697,42.551918000071964,950.8667309999055,327.0
1780244130,250,POST,GraphQL/listar-playlists-musica,69.300000,0.000000,770,800,820,840,870,890,920,930,950,950,950,4786,0,750.0,658.5367590775182,43.28397199992651,955.5640280000262,538.0
1780244130,250,POST,GraphQL/listar-playlists-usuario,68.100000,0.000000,740,770,780,800,830,870,890,900,920,920,920,4908,0,700.0,623.2963887889158,42.20906099999411,943.1929840000066,739.0
1780244130,250,POST,GraphQL/listar-usuarios,67.800000,0.000000,730,760,770,780,820,840,870,880,900,900,900,4990,0,700.0,606.2419204262533,3.5139199999321136,913.8214420001987,22017.0
1780244130,250,,Aggregated,339.100000,0.000000,740,770,790,800,850,870,900,910,940,950,950,24489,0,710.0,625.7004132551325,3.5139199999321136,955.5640280000262,15086.225284821756
1780244131,250,POST,GraphQL/listar-musicas,67.500000,0.000000,700,730,750,750,780,830,860,870,880,880,880,5013,0,670.0,595.2285783828072,7.349325999939538,905.0429310000254,50908.0
1780244131,250,POST,GraphQL/listar-musicas-playlist,66.800000,0.000000,750,770,790,810,870,880,910,930,940,940,940,4915,0,730.0,648.6645158099665,42.551918000071964,950.8667309999055,327.0
1780244131,250,POST,GraphQL/listar-playlists-musica,67.700000,0.000000,760,780,810,820,860,880,910,930,950,950,950,4864,0,750.0,659.7088353106498,43.28397199992651,955.5640280000262,538.0
1780244131,250,POST,GraphQL/listar-playlists-usuario,68.300000,0.000000,730,750,780,790,820,850,880,900,920,920,920,4958,0,700.0,624.1197213838236,42.20906099999411,943.1929840000066,739.0
1780244131,250,POST,GraphQL/listar-usuarios,66.300000,0.000000,720,750,770,780,810,840,870,870,900,900,900,5064,0,700.0,607.6203302458537,3.5139199999321136,913.8214420001987,22017.0
1780244131,250,,Aggregated,336.600000,0.000000,730,760,780,790,830,870,890,910,940,950,950,24814,0,710.0,626.753673916979,3.5139199999321136,955.5640280000262,15095.667405496897
1780244132,250,POST,GraphQL/listar-musicas,66.900000,0.000000,710,740,750,760,790,820,860,870,880,880,880,5088,0,680.0,597.1014374984298,7.349325999939538,905.0429310000254,50908.0
1780244132,250,POST,GraphQL/listar-musicas-playlist,67.700000,0.000000,760,790,810,820,870,890,920,930,940,940,940,4968,0,730.0,650.1306298125979,42.551918000071964,950.8667309999055,327.0
1780244132,250,POST,GraphQL/listar-playlists-musica,66.100000,0.000000,770,810,820,830,860,880,920,930,950,950,950,4916,0,750.0,661.2672212024,43.28397199992651,955.5640280000262,538.0
1780244132,250,POST,GraphQL/listar-playlists-usuario,69.500000,0.000000,730,760,780,790,820,850,880,900,920,920,920,5021,0,700.0,625.5742601194978,42.20906099999411,943.1929840000066,739.0
1780244132,250,POST,GraphQL/listar-usuarios,67.100000,0.000000,740,760,780,790,810,840,870,870,900,900,900,5133,0,700.0,609.620135075005,3.5139199999321136,913.8214420001987,22017.0
1780244132,250,,Aggregated,337.300000,0.000000,740,770,790,800,840,870,890,910,940,950,950,25126,0,710.0,628.3880942343359,3.5139199999321136,955.5640280000262,15124.294674838813
1780244133,250,POST,GraphQL/listar-musicas,67.300000,0.000000,710,740,750,760,810,840,860,870,1500,1500,1500,5158,0,680.0,598.8700731409481,7.349325999939538,1548.4597679999297,50908.0
1780244133,250,POST,GraphQL/listar-musicas-playlist,69.200000,0.000000,760,800,820,840,880,900,920,930,940,940,940,5037,0,730.0,652.575578230889,42.551918000071964,950.8667309999055,327.0
1780244133,250,POST,GraphQL/listar-playlists-musica,68.000000,0.000000,770,810,820,840,880,910,920,930,950,950,950,4990,0,750.0,663.619068130661,43.28397199992651,955.5640280000262,538.0
1780244133,250,POST,GraphQL/listar-playlists-usuario,67.800000,0.000000,740,770,790,790,830,870,890,900,920,920,920,5106,0,700.0,627.6326209900114,42.20906099999411,943.1929840000066,739.0
1780244133,250,POST,GraphQL/listar-usuarios,66.000000,0.000000,740,760,780,790,830,850,870,880,900,900,900,5193,0,700.0,611.517125335259,3.5139199999321136,913.8214420001987,22017.0
1780244133,250,,Aggregated,338.300000,0.000000,740,770,790,810,850,880,900,920,940,1500,1500,25484,0,710.0,630.5036403006949,3.5139199999321136,1548.4597679999297,15108.41304347826
1780244134,250,POST,GraphQL/listar-musicas,67.700000,0.000000,700,720,740,750,780,820,850,860,1500,1500,1500,5219,0,680.0,599.2557521820298,7.349325999939538,1548.4597679999297,50908.0
1780244134,250,POST,GraphQL/listar-musicas-playlist,68.000000,0.000000,750,780,800,820,860,880,900,910,920,920,920,5118,0,730.0,653.5232456348161,42.551918000071964,950.8667309999055,327.0
1780244134,250,POST,GraphQL/listar-playlists-musica,67.600000,0.000000,760,790,810,820,860,880,910,920,920,920,920,5083,0,750.0,664.6540639791457,43.28397199992651,955.5640280000262,538.0
1780244134,250,POST,GraphQL/listar-playlists-usuario,66.600000,0.000000,720,750,770,790,820,840,870,880,900,900,900,5166,0,700.0,627.976040523035,42.20906099999411,943.1929840000066,739.0
1780244134,250,POST,GraphQL/listar-usuarios,66.900000,0.000000,720,740,760,780,810,840,860,870,880,880,880,5272,0,700.0,612.3021438901746,3.5139199999321136,913.8214420001987,22017.0
1780244134,250,,Aggregated,336.900000,0.000000,730,760,780,790,830,860,890,910,920,1500,1500,25858,0,710.0,631.2501151262238,3.5139199999321136,1548.4597679999297,15081.92396937118
1780244135,250,POST,GraphQL/listar-musicas,68.900000,0.000000,700,730,740,750,780,820,850,860,1500,1500,1500,5281,0,680.0,600.6013365800067,7.349325999939538,1548.4597679999297,50908.0
1780244135,250,POST,GraphQL/listar-musicas-playlist,62.800000,0.000000,760,780,810,830,860,880,900,910,920,920,920,5190,0,730.0,655.2126203734077,42.551918000071964,950.8667309999055,327.0
1780244135,250,POST,GraphQL/listar-playlists-musica,63.600000,0.000000,770,800,820,830,860,880,910,920,920,920,920,5153,0,750.0,666.3989139429456,43.28397199992651,955.5640280000262,538.0
1780244135,250,POST,GraphQL/listar-playlists-usuario,66.500000,0.000000,730,750,770,790,820,850,870,880,900,900,900,5240,0,700.0,629.3613710885496,42.20906099999411,943.1929840000066,739.0
1780244135,250,POST,GraphQL/listar-usuarios,66.600000,0.000000,730,750,770,780,810,840,860,870,880,880,880,5343,0,700.0,614.1363759459108,3.5139199999321136,913.8214420001987,22017.0
1780244135,250,,Aggregated,328.400000,0.000000,740,760,780,800,840,860,890,910,920,1500,1500,26207,0,710.0,632.864005912462,3.5139199999321136,1548.4597679999297,15065.584881901783
1780244136,250,POST,GraphQL/listar-musicas,67.800000,0.000000,710,740,750,770,800,830,860,860,1500,1500,1500,5361,0,680.0,603.0917159919815,7.349325999939538,1548.4597679999297,50908.0
1780244136,250,POST,GraphQL/listar-musicas-playlist,67.500000,0.000000,770,800,820,840,870,890,910,910,920,920,920,5241,0,740.0,656.8476367441301,42.551918000071964,950.8667309999055,327.0
1780244136,250,POST,GraphQL/listar-playlists-musica,66.500000,0.000000,780,820,830,850,870,900,920,920,950,950,950,5196,0,750.0,667.9936045858349,43.28397199992651,955.5640280000262,538.0
1780244136,250,POST,GraphQL/listar-playlists-usuario,67.700000,0.000000,740,760,780,790,830,860,880,890,900,900,900,5289,0,700.0,630.9364096112686,42.20906099999411,943.1929840000066,739.0
1780244136,250,POST,GraphQL/listar-usuarios,66.700000,0.000000,740,760,790,790,830,860,870,880,900,900,900,5411,0,700.0,616.485064440399,3.5139199999321136,913.8214420001987,22017.0
1780244136,250,,Aggregated,336.200000,0.000000,750,780,790,810,850,870,900,910,940,1500,1500,26498,0,710.0,634.743425056905,3.5139199999321136,1548.4597679999297,15113.201034040305
1780244137,250,POST,GraphQL/listar-musicas,66.400000,0.000000,710,730,750,760,800,830,860,860,1500,1500,1500,5423,0,680.0,603.6747805838121,7.349325999939538,1548.4597679999297,50908.0
1780244137,250,POST,GraphQL/listar-musicas-playlist,66.800000,0.000000,760,780,820,840,870,890,910,910,920,920,920,5342,0,740.0,658.728753802132,42.551918000071964,950.8667309999055,327.0
1780244137,250,POST,GraphQL/listar-playlists-musica,67.900000,0.000000,770,800,830,850,880,900,920,920,950,950,950,5272,0,750.0,669.2604919859631,43.28397199992651,955.5640280000262,538.0
1780244137,250,POST,GraphQL/listar-playlists-usuario,67.900000,0.000000,730,760,780,790,840,860,880,890,910,910,910,5390,0,700.0,632.3697424558446,42.20906099999411,943.1929840000066,739.0
1780244137,250,POST,GraphQL/listar-usuarios,68.800000,0.000000,730,750,790,800,830,860,870,880,900,900,900,5470,0,700.0,617.313602344241,3.5139199999321136,913.8214420001987,22017.0
1780244137,250,,Aggregated,337.800000,0.000000,740,770,790,810,850,870,900,910,940,1500,1500,26897,0,710.0,635.9882874791563,3.5139199999321136,1548.4597679999297,15060.172286872143
1780244138,250,POST,GraphQL/listar-musicas,67.300000,0.000000,700,720,740,750,780,820,840,850,1500,1500,1500,5492,0,680.0,604.1192418486914,7.349325999939538,1548.4597679999297,50908.0
1780244138,250,POST,GraphQL/listar-musicas-playlist,65.600000,0.000000,750,770,790,810,850,890,910,910,920,920,920,5411,0,740.0,659.3421902411736,42.551918000071964,950.8667309999055,327.0
1780244138,250,POST,GraphQL/listar-playlists-musica,66.900000,0.000000,760,780,810,830,860,900,920,920,950,950,950,5361,0,750.0,670.0095654174585,43.28397199992651,955.5640280000262,538.0
1780244138,250,POST,GraphQL/listar-playlists-usuario,65.500000,0.000000,720,750,760,780,820,850,880,890,910,910,910,5449,0,700.0,632.7506362987708,42.20906099999411,943.1929840000066,739.0
1780244138,250,POST,GraphQL/listar-usuarios,69.000000,0.000000,720,740,760,780,820,850,870,880,900,900,900,5539,0,700.0,617.8473341191552,3.5139199999321136,913.8214420001987,22017.0
1780244138,250,,Aggregated,334.300000,0.000000,730,760,780,790,840,860,900,910,940,1500,1500,27252,0,710.0,636.5609624507882,3.5139199999321136,1548.4597679999297,15052.815389696168
1780244139,250,POST,GraphQL/listar-musicas,67.600000,0.000000,700,720,740,750,780,810,840,850,1500,1500,1500,5566,0,680.0,605.507635758177,7.349325999939538,1548.4597679999297,50908.0
1780244139,250,POST,GraphQL/listar-musicas-playlist,66.400000,0.000000,750,770,790,810,850,890,910,910,920,920,920,5457,0,740.0,660.2093103225196,42.551918000071964,950.8667309999055,327.0
1780244139,250,POST,GraphQL/listar-playlists-musica,66.900000,0.000000,760,780,810,820,860,900,920,920,950,950,950,5415,0,750.0,671.1587330395192,43.28397199992651,955.5640280000262,538.0
1780244139,250,POST,GraphQL/listar-playlists-usuario,68.100000,0.000000,720,750,770,780,810,850,880,890,910,910,910,5508,0,700.0,633.7835914515255,42.20906099999411,943.1929840000066,739.0
1780244139,250,POST,GraphQL/listar-usuarios,67.900000,0.000000,720,740,760,770,810,850,870,880,900,900,900,5616,0,700.0,619.4023805473647,3.5139199999321136,913.8214420001987,22017.0
1780244139,250,,Aggregated,336.900000,0.000000,730,760,780,790,830,860,900,910,940,1500,1500,27562,0,710.0,637.7180914787689,3.5139199999321136,1548.4597679999297,15084.882120310573
1780244140,250,POST,GraphQL/listar-musicas,67.600000,0.000000,710,730,750,760,810,840,860,880,1500,1500,1500,5637,0,680.0,607.5094726980687,7.349325999939538,1548.4597679999297,50908.0
1780244140,250,POST,GraphQL/listar-musicas-playlist,70.400000,0.000000,760,780,820,840,890,910,930,950,950,950,950,5522,0,740.0,662.5210638377382,42.551918000071964,953.5747969998738,327.0
1780244140,250,POST,GraphQL/listar-playlists-musica,68.400000,0.000000,780,810,830,850,890,920,940,950,970,970,970,5470,0,750.0,673.2080865398533,43.28397199992651,966.8594449999546,538.0
1780244140,250,POST,GraphQL/listar-playlists-usuario,68.000000,0.000000,730,760,780,790,840,870,890,910,930,930,930,5592,0,700.0,636.1947393619465,42.20906099999411,943.1929840000066,739.0
1780244140,250,POST,GraphQL/listar-usuarios,66.300000,0.000000,730,750,780,800,850,870,890,900,920,920,920,5671,0,700.0,621.4717959277021,3.5139199999321136,915.9475320000183,22017.0
1780244140,250,,Aggregated,340.700000,0.000000,740,770,790,810,860,890,920,930,950,1500,1500,27892,0,710.0,639.8748021906574,3.5139199999321136,1548.4597679999297,15083.459235623117
1780244141,250,POST,GraphQL/listar-musicas,66.800000,0.000000,700,730,750,760,810,840,860,880,1500,1500,1500,5701,0,680.0,607.9188541810233,7.349325999939538,1548.4597679999297,50908.0
1780244141,250,POST,GraphQL/listar-musicas-playlist,68.300000,0.000000,750,780,800,830,880,910,930,950,950,950,950,5613,0,740.0,663.383839353642,42.551918000071964,953.5747969998738,327.0
1780244141,250,POST,GraphQL/listar-playlists-musica,69.900000,0.000000,760,790,820,840,890,920,940,950,970,970,970,5539,0,750.0,673.930968239754,43.28397199992651,966.8594449999546,538.0
1780244141,250,POST,GraphQL/listar-playlists-usuario,66.200000,0.000000,720,760,780,790,840,870,890,910,930,930,930,5664,0,700.0,636.6921808066745,42.20906099999411,943.1929840000066,739.0
1780244141,250,POST,GraphQL/listar-usuarios,69.800000,0.000000,730,750,780,800,850,870,890,900,920,920,920,5742,0,700.0,622.1267325104491,3.5139199999321136,915.9475320000183,22017.0
1780244141,250,,Aggregated,341.000000,0.000000,730,760,790,800,860,890,920,930,950,1500,1500,28259,0,710.0,640.5286358760677,3.5139199999321136,1548.4597679999297,15062.431473158993
1780244142,250,POST,GraphQL/listar-musicas,68.000000,0.000000,690,720,730,750,790,830,860,880,1500,1500,1500,5767,0,680.0,608.5929603178453,7.349325999939538,1548.4597679999297,50908.0
1780244142,250,POST,GraphQL/listar-musicas-playlist,66.800000,0.000000,750,770,780,800,850,910,930,950,950,950,950,5666,0,740.0,663.8673200878915,42.551918000071964,953.5747969998738,327.0
1780244142,250,POST,GraphQL/listar-playlists-musica,68.400000,0.000000,760,780,800,810,870,920,940,950,970,970,970,5620,0,750.0,674.7705742008893,43.28397199992651,966.8594449999546,538.0
1780244142,250,POST,GraphQL/listar-playlists-usuario,65.600000,0.000000,720,750,770,780,830,860,890,910,930,930,930,5720,0,700.0,637.2757589507,42.20906099999411,943.1929840000066,739.0
1780244142,250,POST,GraphQL/listar-usuarios,67.800000,0.000000,710,740,750,770,830,870,890,900,920,920,920,5818,0,700.0,622.9437440665173,3.5139199999321136,915.9475320000183,22017.0
1780244142,250,,Aggregated,336.600000,0.000000,730,750,770,790,840,880,920,930,950,1500,1500,28591,0,710.0,641.2137563903617,3.5139199999321136,1548.4597679999297,15067.145745164562
1780244143,250,POST,GraphQL/listar-musicas,67.700000,0.000000,700,730,750,760,800,830,860,870,900,900,900,5844,0,680.0,610.3784212462378,7.349325999939538,1548.4597679999297,50908.0
1780244143,250,POST,GraphQL/listar-musicas-playlist,68.300000,0.000000,750,780,800,810,860,910,930,950,950,950,950,5720,0,740.0,665.0518308987747,42.551918000071964,953.5747969998738,327.0
1780244143,250,POST,GraphQL/listar-playlists-musica,66.400000,0.000000,770,790,810,830,870,920,940,950,970,970,970,5670,0,750.0,675.9482061957668,43.28397199992651,966.8594449999546,538.0
1780244143,250,POST,GraphQL/listar-playlists-usuario,70.500000,0.000000,720,760,780,790,830,860,890,910,930,930,930,5773,0,700.0,638.377780898667,42.20906099999411,943.1929840000066,739.0
1780244143,250,POST,GraphQL/listar-usuarios,67.000000,0.000000,730,750,770,790,830,870,890,900,920,920,920,5885,0,700.0,624.544917225488,3.5139199999321136,915.9475320000183,22017.0
1780244143,250,,Aggregated,339.900000,0.000000,730,760,780,800,840,880,920,930,950,970,970,28892,0,710.0,642.550742857324,3.5139199999321136,1548.4597679999297,15099.804236466842
1780244144,250,POST,GraphQL/listar-musicas,67.000000,0.000000,700,730,750,770,820,850,870,890,900,900,900,5912,0,680.0,611.8542370125197,7.349325999939538,1548.4597679999297,50908.0
1780244144,250,POST,GraphQL/listar-musicas-playlist,70.100000,0.000000,760,780,810,840,890,920,940,950,960,960,960,5790,0,740.0,666.9932424582022,42.551918000071964,962.7252049999697,327.0
1780244144,250,POST,GraphQL/listar-playlists-musica,69.800000,0.000000,770,800,830,850,900,920,940,950,970,970,970,5742,0,750.0,678.0222820424938,43.28397199992651,970.5248199998096,538.0
1780244144,250,POST,GraphQL/listar-playlists-usuario,68.700000,0.000000,730,760,780,800,850,870,900,910,930,930,930,5863,0,710.0,640.4436380112578,42.20906099999411,943.1929840000066,739.0
1780244144,250,POST,GraphQL/listar-usuarios,67.600000,0.000000,720,750,780,810,860,880,890,900,930,930,930,5946,0,700.0,626.1796418508236,3.5139199999321136,932.3939109999628,22017.0
1780244144,250,,Aggregated,343.100000,0.000000,740,770,790,810,860,900,920,930,960,970,970,29253,0,710.0,644.3975751766934,3.5139199999321136,1548.4597679999297,15082.092810993745
1780244145,250,POST,GraphQL/listar-musicas,66.900000,0.000000,690,720,730,750,820,850,870,890,900,900,900,5970,0,680.0,612.2467266989979,7.349325999939538,1548.4597679999297,50908.0
1780244145,250,POST,GraphQL/listar-musicas-playlist,69.000000,0.000000,740,770,780,800,880,920,940,950,960,960,960,5873,0,740.0,667.6451664180136,42.551918000071964,962.7252049999697,327.0
1780244145,250,POST,GraphQL/listar-playlists-musica,69.700000,0.000000,750,780,800,820,890,920,940,950,970,970,970,5821,0,750.0,678.6562273544058,43.28397199992651,970.5248199998096,538.0
1780244145,250,POST,GraphQL/listar-playlists-usuario,66.800000,0.000000,710,750,770,790,840,870,900,910,930,930,930,5920,0,710.0,640.7409481119938,42.20906099999411,943.1929840000066,739.0
1780244145,250,POST,GraphQL/listar-usuarios,68.400000,0.000000,710,740,750,770,840,870,880,900,930,930,930,6022,0,700.0,626.9096402892719,3.5139199999321136,932.3939109999628,22017.0
1780244145,250,,Aggregated,340.800000,0.000000,730,750,780,790,850,890,920,930,960,970,970,29606,0,710.0,644.9735589691544,3.5139199999321136,1548.4597679999297,15062.290853205432
1780244146,250,POST,GraphQL/listar-musicas,68.800000,0.000000,690,720,730,740,800,840,870,890,900,900,900,6034,0,680.0,613.0751945225416,7.349325999939538,1548.4597679999297,50908.0
1780244146,250,POST,GraphQL/listar-musicas-playlist,66.100000,0.000000,740,770,790,800,870,920,940,950,960,960,960,5942,0,740.0,668.6212858922911,42.551918000071964,962.7252049999697,327.0
1780244146,250,POST,GraphQL/listar-playlists-musica,65.500000,0.000000,760,780,800,820,880,920,940,950,970,970,970,5905,0,750.0,679.8962809270101,43.28397199992651,970.5248199998096,538.0
1780244146,250,POST,GraphQL/listar-playlists-usuario,67.900000,0.000000,710,740,770,780,830,870,900,910,930,930,930,5992,0,710.0,641.6699804142196,42.20906099999411,943.1929840000066,739.0
1780244146,250,POST,GraphQL/listar-usuarios,66.500000,0.000000,710,740,750,770,830,870,880,900,930,930,930,6094,0,700.0,627.880992279455,3.5139199999321136,932.3939109999628,22017.0
1780244146,250,,Aggregated,334.800000,0.000000,730,750,770,790,840,880,920,930,960,970,970,29967,0,710.0,645.9847242963192,3.5139199999321136,1548.4597679999297,15046.500550605666
1780244147,250,POST,GraphQL/listar-musicas,68.400000,0.000000,700,730,750,770,820,850,870,890,900,900,900,6115,0,680.0,615.1321565411308,7.349325999939538,1548.4597679999297,50908.0
1780244147,250,POST,GraphQL/listar-musicas-playlist,69.700000,0.000000,750,780,800,820,890,920,940,950,960,960,960,5992,0,740.0,669.8864375744317,42.551918000071964,962.7252049999697,327.0
1780244147,250,POST,GraphQL/listar-playlists-musica,66.300000,0.000000,770,800,820,840,890,920,940,950,970,970,970,5948,0,750.0,681.0339810068918,43.28397199992651,970.5248199998096,538.0
1780244147,250,POST,GraphQL/listar-playlists-usuario,69.600000,0.000000,730,760,780,800,840,870,900,910,930,930,930,6041,0,710.0,642.8470936465823,42.20906099999411,943.1929840000066,739.0
1780244147,250,POST,GraphQL/listar-usuarios,65.100000,0.000000,730,750,770,790,830,870,880,900,930,930,930,6160,0,700.0,629.566526713961,3.5139199999321136,932.3939109999628,22017.0
1780244147,250,,Aggregated,339.100000,0.000000,740,770,790,810,860,890,920,930,960,970,970,30256,0,720.0,647.403883114119,3.5139199999321136,1548.4597679999297,15089.597005552618
1780244148,250,POST,GraphQL/listar-musicas,67.600000,0.000000,710,730,750,770,820,850,870,890,900,900,900,6172,0,680.0,615.8548165567103,7.349325999939538,1548.4597679999297,50908.0
1780244148,250,POST,GraphQL/listar-musicas-playlist,67.900000,0.000000,760,780,810,830,900,920,940,950,960,960,960,6094,0,740.0,671.6280441245478,42.551918000071964,962.7252049999697,327.0
1780244148,250,POST,GraphQL/listar-playlists-musica,68.300000,0.000000,770,800,820,850,910,920,940,950,970,970,970,6026,0,750.0,682.4202514639883,43.28397199992651,970.5248199998096,538.0
1780244148,250,POST,GraphQL/listar-playlists-usuario,68.800000,0.000000,730,760,790,800,850,870,900,910,930,930,930,6145,0,710.0,644.4869436185522,42.20906099999411,943.1929840000066,739.0
1780244148,250,POST,GraphQL/listar-usuarios,66.900000,0.000000,720,750,780,800,850,880,880,900,930,930,930,6220,0,700.0,630.6318392424438,3.5139199999321136,932.3939109999628,22017.0
1780244148,250,,Aggregated,339.500000,0.000000,740,770,790,810,860,900,920,930,960,970,970,30657,0,720.0,648.7628917581229,3.5139199999321136,1548.4597679999297,15034.92830348697
1780244149,250,POST,GraphQL/listar-musicas,67.900000,0.000000,690,720,730,740,790,830,860,870,900,900,900,6243,0,680.0,616.1237504464228,7.349325999939538,1548.4597679999297,50908.0
1780244149,250,POST,GraphQL/listar-musicas-playlist,65.300000,0.000000,740,770,790,800,870,900,910,920,960,960,960,6158,0,740.0,672.0180516891836,42.551918000071964,962.7252049999697,327.0
1780244149,250,POST,GraphQL/listar-playlists-musica,66.500000,0.000000,760,780,800,820,870,910,920,920,970,970,970,6094,0,750.0,682.877896219067,43.28397199992651,970.5248199998096,538.0
1780244149,250,POST,GraphQL/listar-playlists-usuario,65.700000,0.000000,720,750,770,780,830,850,890,900,920,920,920,6198,0,710.0,644.7282216586002,42.20906099999411,943.1929840000066,739.0
1780244149,250,POST,GraphQL/listar-usuarios,69.200000,0.000000,710,740,760,770,820,840,880,880,930,930,930,6288,0,700.0,630.9262327511137,3.5139199999321136,932.3939109999628,22017.0
1780244149,250,,Aggregated,334.600000,0.000000,730,750,770,790,830,870,910,920,930,970,970,30981,0,720.0,649.091227051315,3.5139199999321136,1548.4597679999297,15045.80549368968
1780244150,250,POST,GraphQL/listar-musicas,68.400000,0.000000,700,720,740,750,800,830,860,870,900,900,900,6303,0,680.0,617.0748492072054,7.349325999939538,1548.4597679999297,50908.0
1780244150,250,POST,GraphQL/listar-musicas-playlist,63.800000,0.000000,750,780,800,820,870,900,920,920,960,960,960,6215,0,740.0,673.014330729846,42.551918000071964,962.7252049999697,327.0
1780244150,250,POST,GraphQL/listar-playlists-musica,65.100000,0.000000,760,790,820,830,880,910,920,920,970,970,970,6170,0,750.0,684.180339393516,43.28397199992651,970.5248199998096,538.0
1780244150,250,POST,GraphQL/listar-playlists-usuario,67.600000,0.000000,720,750,770,790,830,860,890,900,920,920,920,6260,0,710.0,645.70514224393,42.20906099999411,943.1929840000066,739.0
1780244150,250,POST,GraphQL/listar-usuarios,67.700000,0.000000,710,750,770,780,820,840,880,880,930,930,930,6368,0,700.0,632.3607374340454,3.5139199999321136,932.3939109999628,22017.0
1780244150,250,,Aggregated,332.600000,0.000000,730,760,780,800,840,880,910,920,930,970,970,31316,0,720.0,650.2294961209534,3.5139199999321136,1548.4597679999297,15042.000415123259
1780244151,250,POST,GraphQL/listar-musicas,67.800000,0.000000,710,740,770,780,820,850,870,880,900,900,900,6380,0,680.0,619.209645673827,7.349325999939538,1548.4597679999297,50908.0
1780244151,250,POST,GraphQL/listar-musicas-playlist,68.100000,0.000000,760,800,820,860,890,910,920,920,960,960,960,6277,0,740.0,674.7396528513609,42.551918000071964,962.7252049999697,327.0
1780244151,250,POST,GraphQL/listar-playlists-musica,67.200000,0.000000,770,820,850,870,900,920,920,920,970,970,970,6220,0,750.0,685.6756312019281,43.28397199992651,970.5248199998096,538.0
1780244151,250,POST,GraphQL/listar-playlists-usuario,67.400000,0.000000,740,770,790,800,840,870,900,910,940,940,940,6342,0,710.0,647.5526024884894,42.20906099999411,943.1929840000066,739.0
1780244151,250,POST,GraphQL/listar-usuarios,66.400000,0.000000,730,770,790,810,840,870,880,880,930,930,930,6422,0,710.0,634.0168729699474,3.5139199999321136,932.3939109999628,22017.0
1780244151,250,,Aggregated,336.900000,0.000000,740,780,800,820,870,890,910,920,940,970,970,31641,0,720.0,651.9779946783542,3.5139199999321136,1548.4597679999297,15052.365317151796
1780244152,250,POST,GraphQL/listar-musicas,66.400000,0.000000,700,740,760,780,820,850,870,880,900,900,900,6449,0,680.0,619.4848224335582,7.349325999939538,1548.4597679999297,50908.0
1780244152,250,POST,GraphQL/listar-musicas-playlist,68.900000,0.000000,750,790,820,850,890,910,920,920,960,960,960,6344,0,740.0,675.4174360539085,42.551918000071964,962.7252049999697,327.0
1780244152,250,POST,GraphQL/listar-playlists-musica,70.100000,0.000000,760,800,840,870,900,920,920,920,970,970,970,6284,0,750.0,686.2965530837039,43.28397199992651,970.5248199998096,538.0
1780244152,250,POST,GraphQL/listar-playlists-usuario,68.400000,0.000000,730,760,790,800,840,860,900,910,940,940,940,6407,0,710.0,647.768102881536,42.20906099999411,943.1929840000066,739.0
1780244152,250,POST,GraphQL/listar-usuarios,67.900000,0.000000,730,760,790,810,840,870,880,880,930,930,930,6493,0,710.0,634.6819207417224,3.5139199999321136,932.3939109999628,22017.0
1780244152,250,,Aggregated,341.700000,0.000000,740,770,800,820,870,890,910,920,940,970,970,31977,0,720.0,652.4637495798789,3.5139199999321136,1548.4597679999297,15056.200581668074
1780244153,250,POST,GraphQL/listar-musicas,67.400000,0.000000,690,720,740,760,810,840,860,870,900,900,900,6512,0,680.0,619.6495766735286,7.349325999939538,1548.4597679999297,50908.0
1780244153,250,POST,GraphQL/listar-musicas-playlist,65.100000,0.000000,740,770,790,810,880,900,920,920,930,930,930,6421,0,740.0,675.7514941809684,42.551918000071964,962.7252049999697,327.0
1780244153,250,POST,GraphQL/listar-playlists-musica,67.700000,0.000000,750,780,800,820,880,900,920,920,930,930,930,6371,0,750.0,686.6004847391289,43.28397199992651,970.5248199998096,538.0
1780244153,250,POST,GraphQL/listar-playlists-usuario,63.800000,0.000000,720,750,770,780,820,850,870,890,940,940,940,6469,0,710.0,647.9994207461742,42.20906099999411,943.1929840000066,739.0
1780244153,250,POST,GraphQL/listar-usuarios,68.600000,0.000000,710,740,770,780,820,840,870,880,900,900,900,6568,0,700.0,635.0647631557556,3.5139199999321136,932.3939109999628,22017.0
1780244153,250,,Aggregated,332.600000,0.000000,730,760,780,790,840,880,900,920,930,940,940,32341,0,720.0,652.7783214161836,3.5139199999321136,1548.4597679999297,15040.611236510931
1780244154,250,POST,GraphQL/listar-musicas,67.600000,0.000000,710,740,760,770,810,830,860,870,900,900,900,6591,0,680.0,621.1552307127927,7.349325999939538,1548.4597679999297,50908.0
1780244154,250,POST,GraphQL/listar-musicas-playlist,67.800000,0.000000,750,780,810,820,880,900,920,920,930,930,930,6470,0,740.0,676.5740567034005,42.551918000071964,962.7252049999697,327.0
1780244154,250,POST,GraphQL/listar-playlists-musica,66.400000,0.000000,760,790,820,840,880,900,920,920,930,930,930,6424,0,750.0,687.581519037825,43.28397199992651,970.5248199998096,538.0
1780244154,250,POST,GraphQL/listar-playlists-usuario,68.300000,0.000000,730,760,780,790,830,850,870,890,940,940,940,6527,0,710.0,649.0731684470662,42.20906099999411,943.1929840000066,739.0
1780244154,250,POST,GraphQL/listar-usuarios,67.800000,0.000000,720,760,770,790,830,840,870,880,900,900,900,6631,0,710.0,636.2087285415478,3.5139199999321136,932.3939109999628,22017.0
1780244154,250,,Aggregated,337.900000,0.000000,740,770,790,800,840,880,910,920,930,940,940,32643,0,720.0,653.8520540456087,3.5139199999321136,1548.4597679999297,15069.834574028122
1780244155,250,POST,GraphQL/listar-musicas,67.200000,0.000000,720,750,770,780,820,840,870,880,920,920,920,6658,0,680.0,622.5666455019549,7.349325999939538,1548.4597679999297,50908.0
1780244155,250,POST,GraphQL/listar-musicas-playlist,69.500000,0.000000,760,800,830,850,890,910,920,920,930,930,930,6541,0,740.0,678.2403338437555,42.551918000071964,962.7252049999697,327.0
1780244155,250,POST,GraphQL/listar-playlists-musica,67.800000,0.000000,780,820,840,860,890,910,920,920,930,930,930,6493,0,750.0,689.2805153676251,43.28397199992651,970.5248199998096,538.0
1780244155,250,POST,GraphQL/listar-playlists-usuario,68.900000,0.000000,740,770,790,810,840,860,890,920,940,940,940,6598,0,710.0,650.671711245681,42.20906099999411,943.1929840000066,739.0
1780244155,250,POST,GraphQL/listar-usuarios,66.500000,0.000000,740,770,800,810,830,850,880,880,900,900,900,6699,0,710.0,637.8254595673984,3.5139199999321136,932.3939109999628,22017.0
1780244155,250,,Aggregated,339.900000,0.000000,750,780,800,820,860,880,910,920,930,940,940,32989,0,720.0,655.4561168918968,3.5139199999321136,1548.4597679999297,15063.973142562672
1780244156,250,POST,GraphQL/listar-musicas,65.700000,0.000000,700,740,760,780,820,840,870,880,920,920,920,6720,0,680.0,622.8165625788715,7.349325999939538,1548.4597679999297,50908.0
1780244156,250,POST,GraphQL/listar-musicas-playlist,69.300000,0.000000,750,780,820,840,890,910,920,920,930,930,930,6627,0,740.0,678.6971323958054,42.551918000071964,962.7252049999697,327.0
1780244156,250,POST,GraphQL/listar-playlists-musica,70.100000,0.000000,760,800,840,850,880,910,920,920,930,930,930,6572,0,750.0,689.5713277783003,43.28397199992651,970.5248199998096,538.0
1780244156,250,POST,GraphQL/listar-playlists-usuario,66.700000,0.000000,740,770,790,800,840,860,890,920,940,940,940,6674,0,710.0,651.2371150227754,42.20906099999411,943.1929840000066,739.0
1780244156,250,POST,GraphQL/listar-usuarios,69.600000,0.000000,720,760,780,800,830,850,880,880,900,900,900,6768,0,710.0,638.1890677612298,3.5139199999321136,932.3939109999628,22017.0
1780244156,250,,Aggregated,341.400000,0.000000,740,770,800,810,860,880,910,920,930,940,940,33361,0,720.0,655.8717088620184,3.5139199999321136,1548.4597679999297,15039.946854111087
1780244157,250,POST,GraphQL/listar-musicas,67.500000,0.000000,690,740,760,770,800,840,870,880,920,920,920,6785,0,680.0,623.298455803982,7.349325999939538,1548.4597679999297,50908.0
1780244157,250,POST,GraphQL/listar-musicas-playlist,66.300000,0.000000,740,770,800,820,870,900,910,920,930,930,930,6690,0,740.0,679.27818409432,42.551918000071964,962.7252049999697,327.0
1780244157,250,POST,GraphQL/listar-playlists-musica,68.000000,0.000000,750,790,830,840,870,890,920,920,930,930,930,6657,0,750.0,690.3585635715776,43.28397199992651,970.5248199998096,538.0
1780244157,250,POST,GraphQL/listar-playlists-usuario,66.900000,0.000000,720,760,790,800,830,850,880,910,940,940,940,6729,0,710.0,651.5683716760288,42.20906099999411,943.1929840000066,739.0
1780244157,250,POST,GraphQL/listar-usuarios,68.200000,0.000000,710,760,780,800,820,840,870,880,900,900,900,6846,0,710.0,638.9089943638619,3.5139199999321136,932.3939109999628,22017.0
1780244157,250,,Aggregated,336.900000,0.000000,730,760,790,800,840,870,900,920,930,940,940,33707,0,720.0,656.4672792102469,3.5139199999321136,1548.4597679999297,15037.855311953006
1780244158,250,POST,GraphQL/listar-musicas,67.600000,0.000000,720,750,770,780,810,840,870,880,920,920,920,6861,0,690.0,624.8572588799035,7.349325999939538,1548.4597679999297,50908.0
1780244158,250,POST,GraphQL/listar-musicas-playlist,67.800000,0.000000,750,790,820,830,870,900,910,920,930,930,930,6747,0,740.0,680.2911254600565,42.551918000071964,962.7252049999697,327.0
1780244158,250,POST,GraphQL/listar-playlists-musica,66.300000,0.000000,770,820,840,850,880,900,920,920,930,930,930,6701,0,750.0,691.1996505597662,43.28397199992651,970.5248199998096,538.0
1780244158,250,POST,GraphQL/listar-playlists-usuario,68.700000,0.000000,740,770,790,800,840,860,880,910,940,940,940,6793,0,710.0,652.801886168703,42.20906099999411,943.1929840000066,739.0
1780244158,250,POST,GraphQL/listar-usuarios,66.800000,0.000000,730,770,790,800,830,840,870,880,900,900,900,6910,0,710.0,640.0998669234444,3.5139199999321136,932.3939109999628,22017.0
1780244158,250,,Aggregated,337.200000,0.000000,740,780,800,810,850,870,910,920,930,940,940,34012,0,720.0,657.6023764624186,3.5139199999321136,1548.4597679999297,15060.822415618017
1780244159,250,POST,GraphQL/listar-musicas,66.900000,0.000000,730,750,770,780,820,850,870,890,920,920,920,6927,0,690.0,625.8999789844112,7.349325999939538,1548.4597679999297,50908.0
1780244159,250,POST,GraphQL/listar-musicas-playlist,70.300000,0.000000,760,790,820,840,870,910,920,920,960,960,960,6830,0,740.0,681.5022217120062,42.551918000071964,962.7252049999697,327.0
1780244159,250,POST,GraphQL/listar-playlists-musica,69.800000,0.000000,770,810,840,850,870,910,920,930,960,960,960,6770,0,750.0,692.319259201476,43.28397199992651,970.5248199998096,538.0
1780244159,250,POST,GraphQL/listar-playlists-usuario,69.400000,0.000000,750,780,800,810,840,870,900,920,960,960,960,6880,0,710.0,654.3178265065407,42.20906099999411,960.6675740001265,739.0
1780244159,250,POST,GraphQL/listar-usuarios,66.000000,0.000000,740,770,790,800,830,840,870,890,920,920,920,6971,0,710.0,641.0619089023091,3.5139199999321136,932.3939109999628,22017.0
1780244159,250,,Aggregated,342.400000,0.000000,750,780,800,820,850,880,910,920,960,960,960,34378,0,720.0,658.7881763579838,3.5139199999321136,1548.4597679999297,15041.020798184885
1780244160,250,POST,GraphQL/listar-musicas,67.200000,0.000000,700,730,750,760,790,830,870,890,920,920,920,6992,0,690.0,625.9999303815811,7.349325999939538,1548.4597679999297,50908.0
1780244160,250,POST,GraphQL/listar-musicas-playlist,67.900000,0.000000,750,770,790,810,860,900,920,920,960,960,960,6907,0,740.0,681.9080891992189,42.551918000071964,962.7252049999697,327.0
1780244160,250,POST,GraphQL/listar-playlists-musica,68.200000,0.000000,750,790,820,840,870,900,920,930,960,960,960,6848,0,750.0,692.6386454795545,43.28397199992651,970.5248199998096,538.0
1780244160,250,POST,GraphQL/listar-playlists-usuario,66.500000,0.000000,730,770,790,800,830,860,900,920,960,960,960,6948,0,710.0,654.4969083613992,42.20906099999411,960.6675740001265,739.0
1780244160,250,POST,GraphQL/listar-usuarios,68.100000,0.000000,710,750,770,790,810,830,870,890,920,920,920,7039,0,710.0,641.2954471113783,3.5139199999321136,932.3939109999628,22017.0
1780244160,250,,Aggregated,337.900000,0.000000,730,760,780,800,840,870,910,920,960,960,960,34734,0,720.0,659.0557753521845,3.5139199999321136,1548.4597679999297,15028.611274255773
1780244161,250,POST,GraphQL/listar-musicas,68.700000,0.000000,700,740,760,770,790,820,860,890,920,920,920,7053,0,690.0,626.6817257664837,7.349325999939538,1548.4597679999297,50908.0
1780244161,250,POST,GraphQL/listar-musicas-playlist,64.900000,0.000000,750,770,800,820,850,870,910,920,960,960,960,6970,0,740.0,682.6719778450504,42.551918000071964,962.7252049999697,327.0
1780244161,250,POST,GraphQL/listar-playlists-musica,63.900000,0.000000,750,790,820,830,860,880,910,930,960,960,960,6924,0,750.0,693.4550329670692,43.28397199992651,970.5248199998096,538.0
1780244161,250,POST,GraphQL/listar-playlists-usuario,67.600000,0.000000,730,770,790,800,830,850,890,900,960,960,960,7016,0,710.0,655.3731120752562,42.20906099999411,960.6675740001265,739.0
1780244161,250,POST,GraphQL/listar-usuarios,66.800000,0.000000,710,750,770,780,810,830,840,870,920,920,920,7121,0,710.0,642.3098156652145,3.5139199999321136,932.3939109999628,22017.0
1780244161,250,,Aggregated,331.900000,0.000000,730,760,780,800,840,860,890,910,960,960,960,35084,0,720.0,659.8927858096793,3.5139199999321136,1548.4597679999297,15021.842064758865
1780244162,250,POST,GraphQL/listar-musicas,68.700000,0.000000,730,750,770,780,810,840,870,890,920,920,920,7133,0,690.0,628.4629360120578,7.349325999939538,1548.4597679999297,50908.0
1780244162,250,POST,GraphQL/listar-musicas-playlist,67.500000,0.000000,760,800,830,840,870,910,920,930,960,960,960,7018,0,740.0,683.9537138850102,42.551918000071964,962.7252049999697,327.0
1780244162,250,POST,GraphQL/listar-playlists-musica,63.600000,0.000000,770,820,840,850,880,910,930,930,960,960,960,6970,0,750.0,694.6882838527956,43.28397199992651,970.5248199998096,538.0
1780244162,250,POST,GraphQL/listar-playlists-usuario,68.000000,0.000000,750,790,800,820,850,870,900,920,960,960,960,7078,0,710.0,656.9956540795421,42.20906099999411,961.8178979999357,739.0
1780244162,250,POST,GraphQL/listar-usuarios,66.300000,0.000000,730,770,790,800,830,840,870,880,920,920,920,7177,0,710.0,643.689768624494,3.5139199999321136,932.3939109999628,22017.0
1780244162,250,,Aggregated,334.100000,0.000000,750,780,800,820,850,880,910,920,960,960,960,35376,0,720.0,661.3174845676671,3.5139199999321136,1548.4597679999297,15050.26461442786
1780244163,250,POST,GraphQL/listar-musicas,66.900000,0.000000,720,750,770,780,810,840,870,890,920,920,920,7200,0,690.0,628.8445139665286,7.349325999939538,1548.4597679999297,50908.0
1780244163,250,POST,GraphQL/listar-musicas-playlist,68.400000,0.000000,760,780,810,840,870,900,920,930,960,960,960,7103,0,740.0,684.3206810613829,42.551918000071964,962.7252049999697,327.0
1780244163,250,POST,GraphQL/listar-playlists-musica,69.100000,0.000000,760,810,830,850,880,910,930,930,960,960,960,7038,0,750.0,695.096984945153,43.28397199992651,970.5248199998096,538.0
1780244163,250,POST,GraphQL/listar-playlists-usuario,68.000000,0.000000,750,780,800,810,840,870,900,920,960,960,960,7157,0,710.0,657.5470387746266,42.20906099999411,961.8178979999357,739.0
1780244163,250,POST,GraphQL/listar-usuarios,68.100000,0.000000,730,760,790,800,830,840,870,880,920,920,920,7244,0,710.0,644.1137322176967,3.5139199999321136,932.3939109999628,22017.0
1780244163,250,,Aggregated,340.500000,0.000000,740,770,800,810,850,880,910,920,960,960,960,35742,0,720.0,661.7572298941519,3.5139199999321136,1548.4597679999297,15036.284930893626
1780244164,250,POST,GraphQL/listar-musicas,67.600000,0.000000,700,730,750,760,790,830,870,880,910,910,910,7269,0,690.0,628.9410197632421,7.349325999939538,1548.4597679999297,50908.0
1780244164,250,POST,GraphQL/listar-musicas-playlist,64.900000,0.000000,740,760,790,810,860,880,920,930,960,960,960,7177,0,740.0,684.4254162031486,42.551918000071964,962.7252049999697,327.0
1780244164,250,POST,GraphQL/listar-playlists-musica,67.100000,0.000000,740,780,810,830,870,890,920,930,960,960,960,7121,0,750.0,695.2012658050825,43.28397199992651,970.5248199998096,538.0
1780244164,250,POST,GraphQL/listar-playlists-usuario,65.200000,0.000000,730,770,790,800,830,860,900,910,960,960,960,7221,0,710.0,657.6715768174772,42.20906099999411,961.8178979999357,739.0
1780244164,250,POST,GraphQL/listar-usuarios,68.700000,0.000000,710,740,760,780,820,840,860,870,920,920,920,7303,0,710.0,644.2341138968911,3.5139199999321136,932.3939109999628,22017.0
1780244164,250,,Aggregated,333.500000,0.000000,730,760,780,800,840,870,900,920,960,960,960,36091,0,720.0,661.8910500827018,3.5139199999321136,1548.4597679999297,15027.422321354354
1780244165,250,POST,GraphQL/listar-musicas,68.100000,0.000000,710,740,760,770,810,840,870,880,910,910,910,7336,0,690.0,630.1392942561351,7.349325999939538,1548.4597679999297,50908.0
1780244165,250,POST,GraphQL/listar-musicas-playlist,63.600000,0.000000,740,770,800,820,860,880,920,930,960,960,960,7222,0,740.0,685.2090237384381,42.551918000071964,962.7252049999697,327.0
1780244165,250,POST,GraphQL/listar-playlists-musica,65.600000,0.000000,750,780,820,840,870,890,920,930,960,960,960,7177,0,750.0,696.0603570565684,43.28397199992651,970.5248199998096,538.0
1780244165,250,POST,GraphQL/listar-playlists-usuario,67.100000,0.000000,740,770,790,810,840,860,900,910,960,960,960,7277,0,710.0,658.6039540037108,42.20906099999411,961.8178979999357,739.0
1780244165,250,POST,GraphQL/listar-usuarios,67.900000,0.000000,720,740,780,790,820,840,860,870,920,920,920,7383,0,710.0,645.4450048229713,3.5139199999321136,932.3939109999628,22017.0
1780244165,250,,Aggregated,332.300000,0.000000,730,760,780,800,840,870,900,920,960,960,960,36395,0,720.0,662.8627025302875,3.5139199999321136,1548.4597679999297,15046.383349361176
1780244166,250,POST,GraphQL/listar-musicas,67.500000,0.000000,730,760,780,790,830,860,890,900,940,940,940,7407,0,690.0,631.7035177151349,7.349325999939538,1548.4597679999297,50908.0
1780244166,250,POST,GraphQL/listar-musicas-playlist,69.000000,0.000000,760,800,840,860,880,930,960,970,980,980,980,7284,0,740.0,686.8690875130426,42.551918000071964,975.5781599999409,327.0
1780244166,250,POST,GraphQL/listar-playlists-musica,67.700000,0.000000,770,820,850,860,890,930,960,970,980,980,980,7224,0,750.0,697.4512712934652,43.28397199992651,975.1909070000693,538.0
1780244166,250,POST,GraphQL/listar-playlists-usuario,68.200000,0.000000,760,790,810,820,860,880,910,920,980,980,980,7350,0,710.0,660.2079936737423,42.20906099999411,975.079661999871,739.0
1780244166,250,POST,GraphQL/listar-usuarios,66.600000,0.000000,730,770,800,810,830,870,920,920,940,940,940,7444,0,710.0,646.9773016183498,3.5139199999321136,936.1766219999481,22017.0
1780244166,250,,Aggregated,339.000000,0.000000,750,780,810,830,870,900,930,960,970,980,980,36709,0,720.0,664.3928780335561,3.5139199999321136,1548.4597679999297,15055.439646953064
1780244167,250,POST,GraphQL/listar-musicas,66.200000,0.000000,710,750,770,790,830,860,890,900,940,940,940,7472,0,690.0,631.752552175188,7.349325999939538,1548.4597679999297,50908.0
1780244167,250,POST,GraphQL/listar-musicas-playlist,67.900000,0.000000,750,780,820,850,880,920,960,970,980,980,980,7371,0,740.0,687.1098255883875,42.551918000071964,975.5781599999409,327.0
1780244167,250,POST,GraphQL/listar-playlists-musica,69.400000,0.000000,760,800,840,860,890,930,960,970,980,980,980,7294,0,750.0,697.8227452341642,43.28397199992651,975.1909070000693,538.0
1780244167,250,POST,GraphQL/listar-playlists-usuario,66.500000,0.000000,740,780,800,820,860,880,910,920,980,980,980,7427,0,710.0,660.3931310102332,42.20906099999411,975.079661999871,739.0
1780244167,250,POST,GraphQL/listar-usuarios,69.400000,0.000000,720,760,790,810,830,870,920,920,940,940,940,7511,0,710.0,647.2271285903336,3.5139199999321136,936.1766219999481,22017.0
1780244167,250,,Aggregated,339.400000,0.000000,740,770,800,820,870,890,930,960,970,980,980,37075,0,720.0,664.6290881957597,3.5139199999321136,1548.4597679999297,15039.172083614296
1780244168,250,POST,GraphQL/listar-musicas,67.300000,0.000000,700,730,760,770,820,840,880,900,940,940,940,7534,0,690.0,632.0326347133,7.349325999939538,1548.4597679999297,50908.0
1780244168,250,POST,GraphQL/listar-musicas-playlist,65.300000,0.000000,740,770,800,820,870,920,960,970,980,980,980,7428,0,740.0,687.3536903478736,42.551918000071964,975.5781599999409,327.0
1780244168,250,POST,GraphQL/listar-playlists-musica,67.700000,0.000000,750,780,810,820,880,910,960,970,980,980,980,7392,0,750.0,698.4084491301405,43.28397199992651,975.1909070000693,538.0
1780244168,250,POST,GraphQL/listar-playlists-usuario,63.600000,0.000000,730,760,780,800,850,870,900,920,980,980,980,7474,0,710.0,660.5056156775491,42.20906099999411,975.079661999871,739.0
1780244168,250,POST,GraphQL/listar-usuarios,68.600000,0.000000,720,750,770,790,830,860,920,920,940,940,940,7595,0,710.0,648.0247371701115,3.5139199999321136,936.1766219999481,22017.0
1780244168,250,,Aggregated,332.500000,0.000000,730,760,780,800,850,880,930,960,970,980,980,37423,0,720.0,665.0562271379846,3.5139199999321136,1548.4597679999297,15035.917083077253
1780244169,250,POST,GraphQL/listar-musicas,67.200000,0.000000,710,750,770,780,820,840,880,900,940,940,940,7608,0,690.0,632.9663831746851,7.349325999939538,1548.4597679999297,50908.0
1780244169,250,POST,GraphQL/listar-musicas-playlist,67.500000,0.000000,760,790,820,850,880,920,960,970,980,980,980,7493,0,740.0,688.4952398672101,42.551918000071964,975.5781599999409,327.0
1780244169,250,POST,GraphQL/listar-playlists-musica,66.300000,0.000000,760,790,820,850,880,910,960,970,980,980,980,7450,0,750.0,699.3583167381207,43.28397199992651,975.1909070000693,538.0
1780244169,250,POST,GraphQL/listar-playlists-usuario,68.500000,0.000000,740,780,800,820,850,870,900,920,980,980,980,7543,0,710.0,661.4243810364583,42.20906099999411,975.079661999871,739.0
1780244169,250,POST,GraphQL/listar-usuarios,66.600000,0.000000,720,760,780,800,830,860,920,920,940,940,940,7658,0,710.0,648.9000096566986,3.5139199999321136,936.1766219999481,22017.0
1780244169,250,,Aggregated,336.100000,0.000000,740,770,800,820,860,890,930,960,970,980,980,37752,0,720.0,666.0077059579831,3.5139199999321136,1548.4597679999297,15044.152309811401
1780244170,250,POST,GraphQL/listar-musicas,66.700000,0.000000,720,750,770,790,830,850,880,900,940,940,940,7678,0,690.0,633.9781966306334,7.349325999939538,1548.4597679999297,50908.0
1780244170,250,POST,GraphQL/listar-musicas-playlist,69.200000,0.000000,760,810,850,860,910,940,960,970,980,980,980,7545,0,740.0,689.6442907779991,42.551918000071964,975.5781599999409,327.0
1780244170,250,POST,GraphQL/listar-playlists-musica,69.000000,0.000000,770,810,850,860,900,940,960,970,980,980,980,7504,0,750.0,700.2402623820633,43.28397199992651,975.1909070000693,538.0
1780244170,250,POST,GraphQL/listar-playlists-usuario,67.600000,0.000000,750,780,810,820,860,880,910,920,980,980,980,7623,0,710.0,662.6597843653428,42.20906099999411,975.079661999871,739.0
1780244170,250,POST,GraphQL/listar-usuarios,66.300000,0.000000,730,760,790,810,840,880,920,920,940,940,940,7722,0,710.0,649.9047550340586,3.5139199999321136,936.1766219999481,22017.0
1780244170,250,,Aggregated,338.800000,0.000000,750,780,810,830,870,900,940,960,970,980,980,38072,0,720.0,667.0433324005775,3.5139199999321136,1548.4597679999297,15051.078535406597
1780244171,250,POST,GraphQL/listar-musicas,65.900000,0.000000,700,730,750,780,830,850,880,900,940,940,940,7736,0,690.0,633.8990106273275,7.349325999939538,1548.4597679999297,50908.0
1780244171,250,POST,GraphQL/listar-musicas-playlist,68.800000,0.000000,760,790,820,850,900,930,960,970,980,980,980,7658,0,740.0,689.9819673987993,42.551918000071964,975.5781599999409,327.0
1780244171,250,POST,GraphQL/listar-playlists-musica,70.300000,0.000000,760,790,810,850,890,930,960,970,980,980,980,7603,0,750.0,700.8746791675662,43.28397199992651,975.1909070000693,538.0
1780244171,250,POST,GraphQL/listar-playlists-usuario,67.800000,0.000000,730,770,790,810,850,880,910,920,980,980,980,7700,0,710.0,662.6885732954556,42.20906099999411,975.079661999871,739.0
1780244171,250,POST,GraphQL/listar-usuarios,67.800000,0.000000,720,750,770,790,830,880,920,920,940,940,940,7786,0,710.0,650.0149258273825,3.5139199999321136,936.1766219999481,22017.0
1780244171,250,,Aggregated,340.600000,0.000000,730,770,790,810,870,900,940,960,970,980,980,38483,0,720.0,667.3126592295514,3.5139199999321136,1548.4597679999297,15007.497596341242
1780244172,250,POST,GraphQL/listar-musicas,67.600000,0.000000,680,720,750,760,820,840,880,900,940,940,940,7795,0,690.0,634.159558074279,7.349325999939538,1548.4597679999297,50908.0
1780244172,250,POST,GraphQL/listar-musicas-playlist,66.100000,0.000000,750,780,810,840,880,930,960,970,980,980,980,7724,0,740.0,690.6202216396952,42.551918000071964,975.5781599999409,327.0
1780244172,250,POST,GraphQL/listar-playlists-musica,68.000000,0.000000,760,790,810,840,880,920,960,970,980,980,980,7678,0,750.0,701.5586637836687,43.28397199992651,975.1909070000693,538.0
1780244172,250,POST,GraphQL/listar-playlists-usuario,66.600000,0.000000,720,760,780,800,850,870,900,910,980,980,980,7767,0,710.0,663.2108323818727,42.20906099999411,975.079661999871,739.0
1780244172,250,POST,GraphQL/listar-usuarios,67.100000,0.000000,720,750,770,790,830,870,920,920,940,940,940,7873,0,710.0,650.9800167676871,3.5139199999321136,936.1766219999481,22017.0
1780244172,250,,Aggregated,335.400000,0.000000,730,770,790,800,850,890,940,960,970,980,980,38837,0,720.0,667.9330528822219,3.5139199999321136,1548.4597679999297,15000.232407240517
