Timestamp,User Count,Type,Name,Requests/s,Failures/s,50%,66%,75%,80%,90%,95%,98%,99%,99.9%,99.99%,100%,Total Request Count,Total Failure Count,Total Median Response Time,Total Average Response Time,Total Min Response Time,Total Max Response Time,Total Average Content Size
1780244537,0,,Aggregated,0.000000,0.000000,N/A,N/A,N/A,N/A,N/A,N/A,N/A,N/A,N/A,N/A,N/A,0,0,0,0.0,0,0,0
1780244538,10,POST,SOAP/listar-musicas,0.000000,0.000000,0,0,0,0,0,0,0,0,0,0,0,20,0,98,101.7145854500086,41.56605399998625,146.18511300000137,71703.0
1780244538,10,POST,SOAP/listar-musicas-playlist,0.000000,0.000000,0,0,0,0,0,0,0,0,0,0,0,20,0,48,49.70515884999713,42.98161299993808,61.535123000112435,753.0
1780244538,10,POST,SOAP/listar-playlists-musica,0.000000,0.000000,0,0,0,0,0,0,0,0,0,0,0,13,0,44,44.61775569232556,42.64575499996681,47.5840540000263,1263.0
1780244538,10,POST,SOAP/listar-playlists-usuario,0.000000,0.000000,0,0,0,0,0,0,0,0,0,0,0,20,0,23,31.662754349997613,2.3791250000613218,76.12852500005829,1608.0
1780244538,10,POST,SOAP/listar-usuarios,0.000000,0.000000,0,0,0,0,0,0,0,0,0,0,0,22,0,99,252.3697441364034,6.272203999969861,523.1217210000523,28012.0
1780244538,10,,Aggregated,0.000000,0.000000,0,0,0,0,0,0,0,0,0,0,0,95,0,48,103.09279124211763,2.3791250000613218,523.1217210000523,22252.242105263158
1780244539,20,POST,SOAP/listar-musicas,0.000000,0.000000,95,110,120,130,160,180,230,230,230,230,230,71,0,98,100.30801645071207,21.359629000016866,232.86135300008937,71703.0
1780244539,20,POST,SOAP/listar-musicas-playlist,0.000000,0.000000,55,63,75,78,96,110,120,130,130,130,130,61,0,53,62.19613022950607,42.98161299993808,134.89274600010503,753.0
1780244539,20,POST,SOAP/listar-playlists-musica,0.000000,0.000000,0,0,0,0,0,0,0,0,0,0,0,58,0,56,63.32912365516661,42.64575499996681,132.45702800008985,1263.0
1780244539,20,POST,SOAP/listar-playlists-usuario,0.000000,0.000000,31,44,55,58,68,87,93,200,200,200,200,68,0,31,36.93568042646522,2.3791250000613218,195.46550999984902,1608.0
1780244539,20,POST,SOAP/listar-usuarios,0.000000,0.000000,59,89,100,120,230,410,600,650,650,650,650,77,0,75,152.1529801558546,6.272203999969861,648.4586059998492,28012.0
1780244539,20,,Aggregated,0.000000,0.000000,57,75,89,98,120,180,280,490,650,650,650,335,0,59,86.01888962686729,2.3791250000613218,648.4586059998492,22317.516417910447
1780244540,30,POST,SOAP/listar-musicas,10.000000,0.000000,110,120,130,140,160,160,210,230,230,230,230,123,0,110.0,104.96476628456615,21.359629000016866,232.86135300008937,71703.0
1780244540,30,POST,SOAP/listar-musicas-playlist,10.000000,0.000000,90,120,130,140,160,190,200,200,200,200,200,112,0,84,93.69432384820746,42.98161299993808,202.25335899999664,753.0
1780244540,30,POST,SOAP/listar-playlists-musica,0.000000,0.000000,120,130,140,140,160,190,190,200,200,200,200,108,0,91,94.1563317777873,42.64575499996681,196.98290099995575,1263.0
1780244540,30,POST,SOAP/listar-playlists-usuario,10.000000,0.000000,58,71,87,90,110,130,140,150,200,200,200,114,0,56,56.83186900877277,2.3791250000613218,195.46550999984902,1608.0
1780244540,30,POST,SOAP/listar-usuarios,10.000000,0.000000,89,110,120,130,180,280,490,600,650,650,650,130,0,96,135.89570946155615,6.272203999969861,648.4586059998492,28012.0
1780244540,30,,Aggregated,40.000000,0.000000,87,110,120,130,150,180,230,280,650,650,650,587,0,87,98.32809140205164,2.3791250000613218,648.4586059998492,21916.66269165247
1780244541,40,POST,SOAP/listar-musicas,29.500000,0.000000,120,140,150,160,180,190,220,230,230,230,230,174,0,120.0,118.33213806897835,21.359629000016866,232.86135300008937,71703.0
1780244541,40,POST,SOAP/listar-musicas-playlist,25.000000,0.000000,120,140,170,180,200,220,260,260,260,260,260,157,0,110.0,117.58163252865863,42.98161299993808,262.2496809999575,753.0
1780244541,40,POST,SOAP/listar-playlists-musica,20.500000,0.000000,140,150,160,170,190,200,220,240,240,240,240,153,0,120.0,115.10938422876286,42.64575499996681,242.70199700004014,1263.0
1780244541,40,POST,SOAP/listar-playlists-usuario,28.500000,0.000000,77,110,120,130,150,180,200,220,230,230,230,163,0,74,80.30145560736258,2.3791250000613218,227.33636099997057,1608.0
1780244541,40,POST,SOAP/listar-usuarios,30.000000,0.000000,100,130,150,150,210,300,410,600,650,650,650,179,0,110.0,143.22386132962438,6.272203999969861,648.4586059998492,28012.0
1780244541,40,,Aggregated,133.500000,0.000000,110,130,150,150,190,210,260,300,650,650,650,826,0,110.0,115.48190382567216,2.3791250000613218,648.4586059998492,21869.290556900727
1780244542,50,POST,SOAP/listar-musicas,36.333333,0.000000,130,160,170,180,210,240,250,250,340,340,340,226,0,130.0,135.9127211769998,21.359629000016866,341.4776500001153,71703.0
1780244542,50,POST,SOAP/listar-musicas-playlist,32.000000,0.000000,140,180,200,210,230,260,300,310,310,310,310,209,0,140.0,143.16284384209976,42.98161299993808,306.0174619999998,753.0
1780244542,50,POST,SOAP/listar-playlists-musica,29.333333,0.000000,150,170,190,200,220,240,270,280,300,300,300,197,0,140.0,134.96647734518302,42.64575499996681,300.2908930000103,1263.0
1780244542,50,POST,SOAP/listar-playlists-usuario,36.000000,0.000000,110,130,150,160,200,220,240,250,250,250,250,215,0,100.0,102.95699371162999,2.3791250000613218,246.68292600017594,1608.0
1780244542,50,POST,SOAP/listar-usuarios,38.000000,0.000000,130,150,180,190,230,300,360,490,650,650,650,232,0,130.0,154.6164981336327,6.272203999969861,648.4586059998492,28012.0
1780244542,50,,Aggregated,171.666667,0.000000,130,160,180,190,220,250,300,320,600,650,650,1079,0,130.0,134.59915347637167,2.3791250000613218,648.4586059998492,21738.248378127897
1780244543,60,POST,SOAP/listar-musicas,40.000000,0.000000,150,180,200,220,290,330,340,350,370,370,370,277,0,140.0,160.2332546895391,21.359629000016866,367.463460999943,71703.0
1780244543,60,POST,SOAP/listar-musicas-playlist,36.500000,0.000000,170,200,220,240,280,310,370,370,390,390,390,255,0,160.0,164.52901785882227,42.98161299993808,387.06932299987784,753.0
1780244543,60,POST,SOAP/listar-playlists-musica,34.000000,0.000000,160,200,220,220,270,330,350,370,370,370,370,232,0,150.0,155.02022014224542,42.64575499996681,371.5907660000539,1263.0
1780244543,60,POST,SOAP/listar-playlists-usuario,38.500000,0.000000,130,160,180,200,250,290,320,330,350,350,350,272,0,130.0,129.54881590440903,2.3791250000613218,353.9889010000934,1608.0
1780244543,60,POST,SOAP/listar-usuarios,41.000000,0.000000,140,180,200,220,290,330,410,490,650,650,650,288,0,140.0,168.82286831598182,6.272203999969861,648.4586059998492,28012.0
1780244543,60,,Aggregated,190.000000,0.000000,150,180,200,220,280,320,350,370,600,650,650,1324,0,140.0,155.71183245997358,2.3791250000613218,648.4586059998492,21791.23413897281
1780244544,70,POST,SOAP/listar-musicas,42.200000,0.000000,160,200,240,270,350,410,480,510,540,540,540,328,0,160.0,187.65159815244863,21.359629000016866,536.5425459999642,71703.0
1780244544,70,POST,SOAP/listar-musicas-playlist,37.600000,0.000000,180,200,230,260,300,350,430,530,550,550,550,288,0,170.0,178.11365878124582,42.98161299993808,547.4226679998537,753.0
1780244544,70,POST,SOAP/listar-playlists-musica,35.400000,0.000000,180,210,220,240,300,350,430,480,520,520,520,279,0,160.0,170.75069051613335,42.64575499996681,515.8251059999657,1263.0
1780244544,70,POST,SOAP/listar-playlists-usuario,40.600000,0.000000,140,180,200,230,310,350,450,460,490,490,490,313,0,140.0,153.2369064440876,2.3791250000613218,494.4956029999048,1608.0
1780244544,70,POST,SOAP/listar-usuarios,43.200000,0.000000,160,200,220,230,320,420,470,490,650,650,650,343,0,170.0,186.0292897026328,6.272203999969861,648.4586059998492,28012.0
1780244544,70,,Aggregated,199.000000,0.000000,160,200,220,240,320,370,460,490,600,650,650,1551,0,160.0,175.53649172276332,2.3791250000613218,648.4586059998492,22049.80335267569
1780244545,80,POST,SOAP/listar-musicas,43.333333,0.000000,180,230,270,290,340,390,470,510,540,540,540,373,0,170.0,198.01866343432422,21.359629000016866,536.5425459999642,71703.0
1780244545,80,POST,SOAP/listar-musicas-playlist,38.000000,0.000000,200,230,270,280,310,350,400,530,550,550,550,347,0,190.0,195.20592463976777,42.98161299993808,547.4226679998537,753.0
1780244545,80,POST,SOAP/listar-playlists-musica,36.666667,0.000000,200,230,250,280,320,350,420,480,520,520,520,343,0,190.0,191.04106678717307,42.64575499996681,515.8251059999657,1263.0
1780244545,80,POST,SOAP/listar-playlists-usuario,40.500000,0.000000,160,200,240,260,310,350,440,460,490,490,490,368,0,160.0,167.85566652989172,2.3791250000613218,494.4956029999048,1608.0
1780244545,80,POST,SOAP/listar-usuarios,45.333333,0.000000,180,220,250,280,320,400,470,490,650,650,650,406,0,190.0,199.03993917981302,6.272203999969861,648.4586059998492,28012.0
1780244545,80,,Aggregated,203.833333,0.000000,180,220,250,280,320,360,450,490,600,650,650,1837,0,180.0,190.36777561731478,2.3791250000613218,648.4586059998492,21450.372890582472
1780244546,90,POST,SOAP/listar-musicas,44.142857,0.000000,200,270,320,350,410,470,530,540,550,550,550,432,0,200.0,227.38646518518829,21.359629000016866,547.813491999932,71703.0
1780244546,90,POST,SOAP/listar-musicas-playlist,40.285714,0.000000,210,260,290,310,390,460,510,540,580,580,580,386,0,200.0,219.0092846813453,42.98161299993808,578.3403660000204,753.0
1780244546,90,POST,SOAP/listar-playlists-musica,39.000000,0.000000,200,240,280,310,370,440,500,540,550,550,550,368,0,200.0,208.48991905706632,42.64575499996681,550.0505979998707,1263.0
1780244546,90,POST,SOAP/listar-playlists-usuario,41.142857,0.000000,180,240,280,310,380,450,500,510,540,540,540,408,0,180.0,193.3236629730396,2.3791250000613218,542.3468849999153,1608.0
1780244546,90,POST,SOAP/listar-usuarios,46.857143,0.000000,190,240,280,300,410,470,570,590,650,650,650,439,0,190.0,219.3241788747246,6.272203999969861,648.4586059998492,28012.0
1780244546,90,,Aggregated,211.428571,0.000000,200,250,290,310,390,460,520,540,610,650,650,2033,0,190.0,213.79842404279654,2.3791250000613218,648.4586059998492,21979.572060993607
1780244547,100,POST,SOAP/listar-musicas,45.625000,0.000000,220,300,340,360,400,460,530,540,550,550,550,476,0,210.0,238.15085699160136,21.359629000016866,547.813491999932,71703.0
1780244547,100,POST,SOAP/listar-musicas-playlist,42.750000,0.000000,230,290,330,360,400,440,500,530,580,580,580,440,0,220.0,237.75376567272497,42.98161299993808,578.3403660000204,753.0
1780244547,100,POST,SOAP/listar-playlists-musica,39.625000,0.000000,220,280,320,350,400,440,490,540,550,550,550,428,0,210.0,228.36097301869046,42.64575499996681,550.0505979998707,1263.0
1780244547,100,POST,SOAP/listar-playlists-usuario,43.375000,0.000000,200,260,310,330,380,440,500,510,540,540,540,458,0,190.0,208.09654032532933,2.3791250000613218,542.3468849999153,1608.0
1780244547,100,POST,SOAP/listar-usuarios,46.125000,0.000000,210,290,320,340,400,470,550,590,650,650,650,507,0,220.0,237.41510751282928,6.272203999969861,648.4586059998492,28012.0
1780244547,100,,Aggregated,217.500000,0.000000,210,280,320,350,400,450,510,540,600,650,650,2309,0,210.0,230.13756442356282,2.3791250000613218,648.4586059998492,21628.86964053703
1780244548,110,POST,SOAP/listar-musicas,45.666667,0.000000,270,350,390,410,470,520,530,540,560,560,560,532,0,240.0,262.8781229868435,21.359629000016866,557.0118079999702,71703.0
1780244548,110,POST,SOAP/listar-musicas-playlist,40.888889,0.000000,270,330,380,390,460,490,540,540,580,580,580,479,0,240.0,257.8301510897683,42.98161299993808,578.3403660000204,753.0
1780244548,110,POST,SOAP/listar-playlists-musica,39.222222,0.000000,240,310,350,370,450,480,540,550,560,560,560,458,0,220.0,245.47921047816575,42.64575499996681,564.3658839999262,1263.0
1780244548,110,POST,SOAP/listar-playlists-usuario,43.777778,0.000000,240,320,360,390,450,490,520,530,540,540,540,507,0,210.0,232.10236727810897,2.3791250000613218,542.3468849999153,1608.0
1780244548,110,POST,SOAP/listar-usuarios,48.222222,0.000000,240,320,360,390,480,520,570,600,640,640,640,550,0,230.0,258.0641718254617,6.272203999969861,648.4586059998492,28012.0
1780244548,110,,Aggregated,217.777778,0.000000,250,320,370,390,460,500,540,550,610,640,640,2526,0,230.0,251.54096473238548,2.3791250000613218,648.4586059998492,21895.088281868568
1780244549,120,POST,SOAP/listar-musicas,46.000000,0.000000,320,390,430,440,490,520,530,540,560,560,560,581,0,270.0,277.9297808485377,21.359629000016866,557.0118079999702,71703.0
1780244549,120,POST,SOAP/listar-musicas-playlist,43.300000,0.000000,310,390,440,450,500,530,540,550,580,580,580,543,0,280.0,282.37180723204233,42.98161299993808,578.3403660000204,753.0
1780244549,120,POST,SOAP/listar-playlists-musica,40.700000,0.000000,280,360,400,420,480,520,540,550,560,560,560,508,0,240.0,263.55846897834624,42.64575499996681,564.3658839999262,1263.0
1780244549,120,POST,SOAP/listar-playlists-usuario,44.200000,0.000000,290,360,400,420,470,500,520,530,540,540,540,556,0,240.0,247.41786003956992,2.3791250000613218,542.3468849999153,1608.0
1780244549,120,POST,SOAP/listar-usuarios,48.700000,0.000000,300,370,400,430,490,520,570,600,640,640,640,612,0,260.0,275.0247293872612,6.272203999969861,648.4586059998492,28012.0
1780244549,120,,Aggregated,222.900000,0.000000,310,370,410,440,490,520,540,550,610,640,640,2800,0,250.0,269.4900931457161,2.3791250000613218,648.4586059998492,21695.470714285715
1780244550,130,POST,SOAP/listar-musicas,50.000000,0.000000,370,430,470,490,520,540,550,590,640,640,640,628,0,300.0,297.15375802229227,21.359629000016866,638.3752799999911,71703.0
1780244550,130,POST,SOAP/listar-musicas-playlist,45.100000,0.000000,360,440,460,490,540,570,580,630,640,640,640,580,0,290.0,300.5442993293084,42.98161299993808,635.8796709998842,753.0
1780244550,130,POST,SOAP/listar-playlists-musica,44.300000,0.000000,340,410,450,480,540,550,560,570,600,600,600,552,0,260.0,285.61400692572386,42.64575499996681,596.0767220001344,1263.0
1780244550,130,POST,SOAP/listar-playlists-usuario,48.300000,0.000000,330,410,450,480,510,520,550,590,610,610,610,614,0,270.0,272.45940994462535,2.3791250000613218,606.6089630000988,1608.0
1780244550,130,POST,SOAP/listar-usuarios,53.200000,0.000000,340,420,470,490,530,570,610,630,690,690,690,672,0,300.0,299.30297669048065,6.272203999969861,685.1327020001463,28012.0
1780244550,130,,Aggregated,240.900000,0.000000,350,420,460,490,530,550,580,600,640,690,690,3046,0,280.0,291.2044857235727,2.3791250000613218,685.1327020001463,21659.479973736048
1780244551,140,POST,SOAP/listar-musicas,50.300000,0.000000,410,480,510,520,550,620,670,680,680,680,680,682,0,320.0,320.42496117888544,21.359629000016866,682.1157350000249,71703.0
1780244551,140,POST,SOAP/listar-musicas-playlist,46.600000,0.000000,410,470,510,530,580,660,710,710,720,720,720,624,0,300.0,324.14944399358734,42.98161299993808,718.8577429999441,753.0
1780244551,140,POST,SOAP/listar-playlists-musica,45.400000,0.000000,370,460,510,530,560,630,700,700,710,710,710,594,0,280.0,309.58213509764175,42.64575499996681,708.0372610000722,1263.0
1780244551,140,POST,SOAP/listar-playlists-usuario,48.900000,0.000000,380,460,490,500,540,590,630,640,660,660,660,672,0,300.0,295.9656948214289,2.3791250000613218,664.199176000011,1608.0
1780244551,140,POST,SOAP/listar-usuarios,53.000000,0.000000,380,470,500,520,580,610,690,770,820,820,820,713,0,310.0,316.7776464796682,6.272203999969861,818.4182039999541,28012.0
1780244551,140,,Aggregated,244.200000,0.000000,390,470,500,520,570,620,680,700,790,820,820,3285,0,310.0,313.3766434350087,2.3791250000613218,818.4182039999541,21666.566818873667
1780244552,150,POST,SOAP/listar-musicas,50.600000,0.000000,440,510,530,540,590,660,670,680,710,710,710,732,0,340.0,335.91798134153095,21.359629000016866,712.3875090001093,71703.0
1780244552,150,POST,SOAP/listar-musicas-playlist,46.200000,0.000000,450,510,540,560,590,670,710,710,720,720,720,678,0,340.0,341.41247965339005,42.98161299993808,718.8577429999441,753.0
1780244552,150,POST,SOAP/listar-playlists-musica,45.700000,0.000000,420,500,540,550,620,680,700,720,720,720,720,648,0,320.0,329.7235282499976,42.64575499996681,724.5309960001123,1263.0
1780244552,150,POST,SOAP/listar-playlists-usuario,47.900000,0.000000,420,480,510,520,590,630,660,660,690,690,690,709,0,310.0,310.8333958533152,2.3791250000613218,694.5301040000231,1608.0
1780244552,150,POST,SOAP/listar-usuarios,52.400000,0.000000,420,500,530,550,610,670,750,770,820,820,820,769,0,330.0,334.855380845259,6.272203999969861,818.4182039999541,28012.0
1780244552,150,,Aggregated,242.800000,0.000000,430,500,530,540,600,660,700,710,790,820,820,3536,0,330.0,330.5755473368227,2.3791250000613218,818.4182039999541,21633.725678733033
1780244553,160,POST,SOAP/listar-musicas,50.800000,0.000000,480,530,550,580,660,670,700,720,770,770,770,779,0,360.0,355.1069293530171,21.359629000016866,767.1074750001026,71703.0
1780244553,160,POST,SOAP/listar-musicas-playlist,45.300000,0.000000,480,540,570,580,700,710,740,750,830,830,830,715,0,360.0,360.38634504755123,42.98161299993808,826.0606169999392,753.0
1780244553,160,POST,SOAP/listar-playlists-musica,43.400000,0.000000,460,540,560,570,660,700,710,720,740,740,740,682,0,330.0,343.7495136759514,42.64575499996681,743.9604280000367,1263.0
1780244553,160,POST,SOAP/listar-playlists-usuario,47.300000,0.000000,460,510,540,580,640,670,720,760,780,780,780,757,0,330.0,333.1009985667114,2.3791250000613218,781.6756810000243,1608.0
1780244553,160,POST,SOAP/listar-usuarios,51.700000,0.000000,490,540,580,610,690,760,790,850,950,950,950,833,0,350.0,363.40365584154137,6.272203999969861,952.3825969999962,28012.0
1780244553,160,,Aggregated,238.500000,0.000000,480,530,560,590,660,700,740,770,870,950,950,3766,0,350.0,351.4642602849198,2.3791250000613218,952.3825969999962,21722.68985661179
1780244554,170,POST,SOAP/listar-musicas,50.300000,0.000000,520,560,620,640,680,740,800,820,840,840,840,835,0,380.0,377.8255024095812,21.359629000016866,842.6100690001022,71703.0
1780244554,170,POST,SOAP/listar-musicas-playlist,48.400000,0.000000,530,580,640,690,740,830,840,850,880,880,880,768,0,380.0,387.9710660729144,42.98161299993808,883.2684750000226,753.0
1780244554,170,POST,SOAP/listar-playlists-musica,44.700000,0.000000,520,560,600,640,700,740,800,810,860,860,860,730,0,350.0,367.2935400917787,42.64575499996681,864.2875549999189,1263.0
1780244554,170,POST,SOAP/listar-playlists-usuario,47.900000,0.000000,500,550,600,630,680,730,770,790,810,810,810,800,0,350.0,352.3275269937505,2.3791250000613218,813.0946829999175,1608.0
1780244554,170,POST,SOAP/listar-usuarios,52.500000,0.000000,510,580,630,670,750,770,860,910,950,950,950,874,0,370.0,381.4612645984029,6.272203999969861,952.3825969999962,28012.0
1780244554,170,,Aggregated,243.800000,0.000000,510,570,620,650,710,770,820,850,930,950,950,4007,0,370.0,373.5536621854271,2.3791250000613218,952.3825969999962,21747.239081607186
1780244555,180,POST,SOAP/listar-musicas,50.500000,0.000000,530,600,650,660,710,750,800,820,840,840,840,886,0,400.0,392.5022002889394,21.359629000016866,842.6100690001022,71703.0
1780244555,180,POST,SOAP/listar-musicas-playlist,46.400000,0.000000,560,630,700,720,770,820,840,850,880,880,880,833,0,420.0,411.2524840960365,42.98161299993808,883.2684750000226,753.0
1780244555,180,POST,SOAP/listar-playlists-musica,45.400000,0.000000,530,570,630,660,710,760,800,810,860,860,860,779,0,370.0,379.79560801925317,42.64575499996681,864.2875549999189,1263.0
1780244555,180,POST,SOAP/listar-playlists-usuario,48.600000,0.000000,510,580,630,650,710,730,770,790,810,810,810,845,0,370.0,365.0545083301785,2.3791250000613218,813.0946829999175,1608.0
1780244555,180,POST,SOAP/listar-usuarios,51.900000,0.000000,530,620,680,710,760,790,870,920,950,950,950,926,0,390.0,396.2995210118837,6.272203999969861,952.3825969999962,28012.0
1780244555,180,,Aggregated,242.800000,0.000000,530,600,650,680,740,770,820,850,930,950,950,4269,0,390.0,389.23294995338705,2.3791250000613218,952.3825969999962,21653.28086202858
1780244556,190,POST,SOAP/listar-musicas,50.700000,0.000000,560,650,680,700,760,800,840,860,880,880,880,943,0,430.0,414.4551808059381,21.359629000016866,884.2108020000978,71703.0
1780244556,190,POST,SOAP/listar-musicas-playlist,45.200000,0.000000,570,690,710,750,780,830,840,850,880,880,880,845,0,420.0,415.8582892568026,42.98161299993808,883.2684750000226,753.0
1780244556,190,POST,SOAP/listar-playlists-musica,43.800000,0.000000,560,640,690,700,760,800,850,860,890,890,890,834,0,410.0,403.208996707431,42.64575499996681,892.175189999989,1263.0
1780244556,190,POST,SOAP/listar-playlists-usuario,48.600000,0.000000,560,630,660,680,740,770,810,840,870,870,870,892,0,390.0,384.2230366076238,2.3791250000613218,868.387981000069,1608.0
1780244556,190,POST,SOAP/listar-usuarios,51.400000,0.000000,580,670,720,740,780,840,890,920,950,950,950,964,0,400.0,411.4989426421203,6.272203999969861,952.3825969999962,28012.0
1780244556,190,,Aggregated,239.700000,0.000000,570,660,690,710,770,810,850,870,930,950,950,4478,0,410.0,405.9668875696755,2.3791250000613218,952.3825969999962,21827.481018311748
1780244557,200,POST,SOAP/listar-musicas,49.800000,0.000000,630,680,710,740,790,830,860,880,900,900,900,987,0,440.0,430.68887163829663,21.359629000016866,899.1006060000473,71703.0
1780244557,200,POST,SOAP/listar-musicas-playlist,45.100000,0.000000,640,720,770,790,840,920,930,940,940,940,940,901,0,440.0,443.9058046259697,42.98161299993808,943.2504290000452,753.0
1780244557,200,POST,SOAP/listar-playlists-musica,45.000000,0.000000,600,680,700,720,790,820,870,890,920,920,920,863,0,420.0,416.366459453068,42.64575499996681,915.738668999893,1263.0
1780244557,200,POST,SOAP/listar-playlists-usuario,48.800000,0.000000,610,670,710,730,790,830,870,880,900,900,900,948,0,410.0,407.83729068565486,2.3791250000613218,898.0823050001163,1608.0
1780244557,200,POST,SOAP/listar-usuarios,53.000000,0.000000,660,730,770,790,860,880,930,1000,1100,1100,1100,1035,0,430.0,441.2329582000025,6.272203999969861,1059.0005869999004,28012.0
1780244557,200,,Aggregated,241.700000,0.000000,630,700,740,760,810,860,910,930,1000,1100,1100,4734,0,430.0,428.32259486480876,2.3791250000613218,1059.0005869999004,21769.346641318123
1780244558,210,POST,SOAP/listar-musicas,50.300000,0.000000,660,730,770,800,860,900,1000,1000,1100,1100,1100,1040,0,460.0,455.5764296798063,21.359629000016866,1057.1357720000378,71703.0
1780244558,210,POST,SOAP/listar-musicas-playlist,47.300000,0.000000,710,770,820,850,930,990,1000,1100,1100,1100,1100,950,0,460.0,470.32192493052446,42.98161299993808,1076.037592000148,753.0
1780244558,210,POST,SOAP/listar-playlists-musica,44.900000,0.000000,670,710,760,800,860,890,930,990,1100,1100,1100,911,0,440.0,441.3096214039485,42.64575499996681,1056.0265550000167,1263.0
1780244558,210,POST,SOAP/listar-playlists-usuario,48.800000,0.000000,650,720,760,790,850,880,950,980,1000,1000,1000,992,0,440.0,428.9635225846782,2.3791250000613218,1019.5230909998827,1608.0
1780244558,210,POST,SOAP/listar-usuarios,51.800000,0.000000,710,770,810,830,870,910,970,1000,1100,1100,1100,1086,0,460.0,461.1635703775341,6.272203999969861,1059.0005869999004,28012.0
1780244558,210,,Aggregated,243.100000,0.000000,680,750,790,820,870,920,990,1000,1100,1100,1100,4979,0,450.0,451.6958892315729,2.3791250000613218,1076.037592000148,21782.131150833502
1780244559,220,POST,SOAP/listar-musicas,49.600000,0.000000,680,750,790,810,870,900,1000,1000,1100,1100,1100,1095,0,480.0,468.86864800273827,21.359629000016866,1057.1357720000378,71703.0
1780244559,220,POST,SOAP/listar-musicas-playlist,45.200000,0.000000,710,790,830,870,930,980,1000,1100,1100,1100,1100,1005,0,480.0,484.7535415004955,42.98161299993808,1076.037592000148,753.0
1780244559,220,POST,SOAP/listar-playlists-musica,43.600000,0.000000,680,730,780,810,870,900,930,990,1100,1100,1100,953,0,450.0,452.4170783819489,42.64575499996681,1056.0265550000167,1263.0
1780244559,220,POST,SOAP/listar-playlists-usuario,48.300000,0.000000,670,730,780,810,860,880,950,980,1000,1000,1000,1046,0,450.0,444.1540797007655,2.3791250000613218,1019.5230909998827,1608.0
1780244559,220,POST,SOAP/listar-usuarios,53.500000,0.000000,740,790,830,850,880,910,970,1000,1100,1100,1100,1138,0,480.0,475.35678589455296,6.272203999969861,1059.0005869999004,28012.0
1780244559,220,,Aggregated,240.200000,0.000000,700,760,810,830,880,920,990,1000,1100,1100,1100,5237,0,470.0,465.396819588314,2.3791250000613218,1076.037592000148,21774.83540194768
1780244560,230,POST,SOAP/listar-musicas,51.300000,0.000000,720,770,810,840,890,940,1000,1000,1100,1100,1100,1148,0,500.0,484.5986567020891,21.359629000016866,1057.1357720000378,71703.0
1780244560,230,POST,SOAP/listar-musicas-playlist,45.600000,0.000000,760,830,890,910,940,1000,1000,1100,1100,1100,1100,1046,0,500.0,501.47391837284687,42.98161299993808,1076.037592000148,753.0
1780244560,230,POST,SOAP/listar-playlists-musica,44.100000,0.000000,710,790,830,860,890,940,1000,1000,1100,1100,1100,1025,0,480.0,481.33913601170457,42.64575499996681,1056.0265550000167,1263.0
1780244560,230,POST,SOAP/listar-playlists-usuario,46.400000,0.000000,710,770,810,830,880,900,980,990,1000,1000,1000,1101,0,480.0,462.94963805903797,2.3791250000613218,1019.5230909998827,1608.0
1780244560,230,POST,SOAP/listar-usuarios,50.100000,0.000000,770,820,860,870,910,960,990,1000,1100,1100,1100,1196,0,500.0,495.25996679933195,6.272203999969861,1059.0005869999004,28012.0
1780244560,230,,Aggregated,237.500000,0.000000,740,800,830,860,910,950,1000,1000,1100,1100,1100,5516,0,490.0,485.1834776502899,2.3791250000613218,1076.037592000148,21695.0719724438
1780244561,240,POST,SOAP/listar-musicas,50.500000,0.000000,750,810,860,880,940,990,1000,1000,1100,1100,1100,1196,0,520.0,502.88767919063343,21.359629000016866,1057.1357720000378,71703.0
1780244561,240,POST,SOAP/listar-musicas-playlist,47.200000,0.000000,820,910,930,940,1000,1000,1100,1100,1100,1100,1100,1101,0,520.0,526.4529994795607,42.98161299993808,1076.037592000148,753.0
1780244561,240,POST,SOAP/listar-playlists-musica,45.200000,0.000000,760,820,860,870,920,1000,1000,1000,1100,1100,1100,1046,0,480.0,490.9723466682579,42.64575499996681,1056.0265550000167,1263.0
1780244561,240,POST,SOAP/listar-playlists-usuario,48.900000,0.000000,750,810,850,870,920,970,1000,1000,1000,1000,1000,1155,0,490.0,483.87836651082375,2.3791250000613218,1019.5385629999691,1608.0
1780244561,240,POST,SOAP/listar-usuarios,51.900000,0.000000,810,860,880,900,970,990,1000,1000,1100,1100,1100,1261,0,520.0,517.1411800222047,6.272203999969861,1059.0005869999004,28012.0
1780244561,240,,Aggregated,243.700000,0.000000,780,840,870,890,960,1000,1000,1000,1100,1100,1100,5759,0,510.0,504.5372517246042,2.3791250000613218,1076.037592000148,21720.317937141866
1780244562,250,POST,SOAP/listar-musicas,50.500000,0.000000,800,870,900,940,1000,1100,1100,1100,1200,1200,1200,1261,0,530.0,529.2282095249789,21.359629000016866,1180.956229000003,71703.0
1780244562,250,POST,SOAP/listar-musicas-playlist,48.000000,0.000000,860,930,990,1000,1000,1000,1100,1100,1200,1200,1200,1154,0,540.0,549.7609609636019,42.98161299993808,1156.1819999999443,753.0
1780244562,250,POST,SOAP/listar-playlists-musica,44.600000,0.000000,800,870,900,940,1000,1000,1000,1100,1100,1100,1100,1101,0,520.0,516.9404681307869,42.64575499996681,1107.164408000017,1263.0
1780244562,250,POST,SOAP/listar-playlists-usuario,49.900000,0.000000,790,840,880,890,980,1000,1100,1100,1100,1100,1100,1196,0,510.0,500.93377465384816,2.3791250000613218,1116.1931850001565,1608.0
1780244562,250,POST,SOAP/listar-usuarios,53.100000,0.000000,830,870,900,910,990,1000,1000,1100,1100,1100,1100,1286,0,520.0,526.1531123569207,6.272203999969861,1079.1613080000388,28012.0
1780244562,250,,Aggregated,246.100000,0.000000,810,870,910,940,1000,1000,1100,1100,1200,1200,1200,5998,0,520.0,524.6218862207396,2.3791250000613218,1180.956229000003,21777.860620206735
1780244563,260,POST,SOAP/listar-musicas,50.400000,0.000000,830,890,950,980,1000,1100,1100,1100,1200,1200,1200,1304,0,540.0,541.6035340904895,21.359629000016866,1180.956229000003,71703.0
1780244563,260,POST,SOAP/listar-musicas-playlist,49.200000,0.000000,890,940,1000,1000,1000,1100,1100,1100,1200,1200,1200,1207,0,560.0,565.5999822858298,42.98161299993808,1156.1819999999443,753.0
1780244563,260,POST,SOAP/listar-playlists-musica,47.000000,0.000000,830,890,950,1000,1000,1000,1100,1100,1100,1100,1100,1166,0,540.0,539.6371965171497,42.64575499996681,1107.164408000017,1263.0
1780244563,260,POST,SOAP/listar-playlists-usuario,50.800000,0.000000,820,870,920,950,1000,1000,1100,1100,1100,1100,1100,1270,0,520.0,524.7372060063011,2.3791250000613218,1116.1931850001565,1608.0
1780244563,260,POST,SOAP/listar-usuarios,54.300000,0.000000,850,900,960,990,1000,1000,1100,1100,1100,1100,1100,1365,0,550.0,550.8810639223451,6.272203999969861,1147.4296449998747,28012.0
1780244563,260,,Aggregated,251.700000,0.000000,840,900,960,990,1000,1000,1100,1100,1200,1200,1200,6312,0,540.0,544.441708189796,2.3791250000613218,1180.956229000003,21571.733365019012
1780244564,270,POST,SOAP/listar-musicas,51.000000,0.000000,860,930,980,1000,1100,1100,1200,1200,1200,1200,1200,1361,0,550.0,560.3181746098443,21.359629000016866,1216.0950239999693,71703.0
1780244564,270,POST,SOAP/listar-musicas-playlist,45.500000,0.000000,930,1000,1000,1000,1100,1100,1100,1200,1200,1200,1200,1265,0,570.0,587.5616770497995,42.98161299993808,1213.864089000026,753.0
1780244564,270,POST,SOAP/listar-playlists-musica,46.200000,0.000000,860,940,1000,1000,1100,1100,1100,1100,1200,1200,1200,1196,0,550.0,553.2274456304315,42.64575499996681,1177.1088899999995,1263.0
1780244564,270,POST,SOAP/listar-playlists-usuario,49.100000,0.000000,840,890,950,980,1000,1000,1100,1100,1200,1200,1200,1290,0,530.0,531.5344163069785,2.3791250000613218,1157.3328970000603,1608.0
1780244564,270,POST,SOAP/listar-usuarios,53.900000,0.000000,870,940,990,1000,1000,1100,1100,1100,1200,1200,1200,1417,0,570.0,567.7369984177848,6.272203999969861,1163.0627240001559,28012.0
1780244564,270,,Aggregated,245.700000,0.000000,870,940,990,1000,1000,1100,1100,1200,1200,1200,1200,6529,0,560.0,560.2207544616314,2.3791250000613218,1216.0950239999693,21721.274314596416
1780244565,280,POST,SOAP/listar-musicas,51.500000,0.000000,900,970,1000,1000,1100,1100,1200,1200,1200,1200,1200,1417,0,570.0,578.8262790042337,21.359629000016866,1224.9761289999697,71703.0
1780244565,280,POST,SOAP/listar-musicas-playlist,48.000000,0.000000,940,1000,1000,1000,1100,1100,1200,1200,1200,1200,1200,1288,0,580.0,596.4749844635066,42.98161299993808,1249.2470060001324,753.0
1780244565,280,POST,SOAP/listar-playlists-musica,44.900000,0.000000,910,990,1000,1000,1100,1100,1200,1200,1300,1300,1300,1261,0,570.0,578.1715449793788,42.64575499996681,1255.5653360000179,1263.0
1780244565,280,POST,SOAP/listar-playlists-usuario,49.300000,0.000000,880,960,990,1000,1000,1100,1200,1200,1200,1200,1200,1361,0,560.0,557.2616191800158,2.3791250000613218,1200.3911930000868,1608.0
1780244565,280,POST,SOAP/listar-usuarios,53.900000,0.000000,900,980,1000,1000,1100,1100,1200,1200,1200,1200,1200,1466,0,590.0,583.68358349659,6.272203999969861,1220.9469330000502,28012.0
1780244565,280,,Aggregated,247.600000,0.000000,910,990,1000,1000,1100,1100,1200,1200,1200,1300,1300,6793,0,580.0,578.7787623534515,2.3791250000613218,1255.5653360000179,21701.71323421169
1780244566,290,POST,SOAP/listar-musicas,51.500000,0.000000,950,1000,1000,1100,1100,1200,1200,1200,1200,1200,1200,1461,0,600.0,595.0629774893895,21.359629000016866,1224.9761289999697,71703.0
1780244566,290,POST,SOAP/listar-musicas-playlist,48.800000,0.000000,1000,1000,1100,1100,1100,1200,1200,1200,1200,1200,1200,1353,0,630.0,621.7183584781939,42.98161299993808,1249.2470060001324,753.0
1780244566,290,POST,SOAP/listar-playlists-musica,46.100000,0.000000,970,1000,1000,1000,1100,1200,1200,1200,1300,1300,1300,1286,0,580.0,588.7604920769803,42.64575499996681,1255.5653360000179,1263.0
1780244566,290,POST,SOAP/listar-playlists-usuario,50.600000,0.000000,920,990,1000,1000,1100,1100,1200,1200,1200,1200,1200,1407,0,590.0,574.4883148301367,2.3791250000613218,1200.3911930000868,1608.0
1780244566,290,POST,SOAP/listar-usuarios,54.200000,0.000000,970,1000,1000,1100,1100,1200,1200,1200,1200,1200,1200,1541,0,630.0,608.6205283893584,6.272203999969861,1220.9469330000502,28012.0
1780244566,290,,Aggregated,251.200000,0.000000,960,1000,1000,1100,1100,1200,1200,1200,1200,1300,1300,7048,0,600.0,597.8869516398972,2.3791250000613218,1255.5653360000179,21684.173950056753
1780244567,300,POST,SOAP/listar-musicas,52.200000,0.000000,990,1100,1100,1100,1200,1200,1200,1300,1300,1300,1300,1520,0,630.0,617.673312378946,21.359629000016866,1271.6797739999492,71703.0
1780244567,300,POST,SOAP/listar-musicas-playlist,48.700000,0.000000,1000,1100,1100,1100,1200,1200,1200,1200,1300,1300,1300,1400,0,640.0,641.3142695392822,42.98161299993808,1260.882552999874,753.0
1780244567,300,POST,SOAP/listar-playlists-musica,45.500000,0.000000,990,1000,1100,1100,1200,1200,1200,1300,1300,1300,1300,1351,0,620.0,618.5147769259784,42.64575499996681,1264.3217770000774,1263.0
1780244567,300,POST,SOAP/listar-playlists-usuario,50.100000,0.000000,950,1000,1000,1100,1100,1200,1200,1200,1200,1200,1200,1448,0,600.0,590.5513195607756,2.3791250000613218,1244.7773870001129,1608.0
1780244567,300,POST,SOAP/listar-usuarios,54.300000,0.000000,980,1000,1100,1100,1200,1200,1200,1200,1200,1200,1200,1576,0,650.0,620.9421968001279,6.272203999969861,1247.6036979999208,28012.0
1780244567,300,,Aggregated,250.800000,0.000000,990,1000,1100,1100,1200,1200,1200,1200,1300,1300,1300,7295,0,630.0,617.6888401204932,2.3791250000613218,1271.6797739999492,21689.426867717615
1780244568,310,POST,SOAP/listar-musicas,52.500000,0.000000,1000,1100,1100,1200,1200,1300,1300,1400,1400,1400,1400,1571,0,650.0,639.1303506804577,21.359629000016866,1379.1937579999285,71703.0
1780244568,310,POST,SOAP/listar-musicas-playlist,47.700000,0.000000,1000,1100,1200,1200,1200,1300,1300,1300,1400,1400,1400,1443,0,670.0,660.2949549390121,42.98161299993808,1383.8174289999188,753.0
1780244568,310,POST,SOAP/listar-playlists-musica,47.500000,0.000000,1000,1100,1200,1200,1200,1200,1300,1300,1400,1400,1400,1394,0,640.0,637.6949591492083,42.64575499996681,1391.7547799999284,1263.0
1780244568,310,POST,SOAP/listar-playlists-usuario,49.000000,0.000000,1000,1100,1100,1200,1200,1200,1300,1300,1300,1300,1300,1509,0,630.0,616.568694076211,2.3791250000613218,1335.6112760000087,1608.0
1780244568,310,POST,SOAP/listar-usuarios,54.600000,0.000000,1000,1100,1100,1200,1200,1200,1300,1300,1300,1300,1300,1642,0,680.0,644.7462667557866,6.272203999969861,1296.9413529999656,28012.0
1780244568,310,,Aggregated,251.300000,0.000000,1000,1100,1100,1200,1200,1300,1300,1300,1400,1400,1400,7559,0,650.0,639.6218684116934,2.3791250000613218,1391.7547799999284,21684.71887815849
1780244569,320,POST,SOAP/listar-musicas,52.900000,0.000000,1000,1100,1100,1200,1200,1300,1300,1400,1400,1400,1400,1625,0,660.0,652.659782891692,21.359629000016866,1379.1937579999285,71703.0
1780244569,320,POST,SOAP/listar-musicas-playlist,48.100000,0.000000,1100,1100,1200,1200,1200,1300,1300,1300,1400,1400,1400,1504,0,700.0,676.6161626057147,42.98161299993808,1383.8174289999188,753.0
1780244569,320,POST,SOAP/listar-playlists-musica,46.300000,0.000000,1100,1100,1200,1200,1200,1200,1300,1300,1400,1400,1400,1442,0,650.0,652.3804874507607,42.64575499996681,1391.7547799999284,1263.0
1780244569,320,POST,SOAP/listar-playlists-usuario,50.500000,0.000000,1000,1100,1100,1200,1200,1200,1300,1300,1300,1300,1300,1570,0,650.0,633.3310949235672,2.3791250000613218,1335.6112760000087,1608.0
1780244569,320,POST,SOAP/listar-usuarios,53.800000,0.000000,1000,1100,1200,1200,1200,1200,1300,1300,1300,1300,1300,1694,0,700.0,658.1603027721372,6.272203999969861,1296.9413529999656,28012.0
1780244569,320,,Aggregated,251.600000,0.000000,1000,1100,1200,1200,1200,1300,1300,1300,1400,1400,1400,7835,0,670.0,654.523151319462,2.3791250000613218,1391.7547799999284,21627.06075303127
1780244570,330,POST,SOAP/listar-musicas,52.600000,0.000000,1100,1200,1200,1200,1300,1400,1400,1400,1400,1400,1400,1676,0,670.0,673.3106438538188,21.359629000016866,1444.8566799999298,71703.0
1780244570,330,POST,SOAP/listar-musicas-playlist,50.200000,0.000000,1100,1200,1200,1200,1400,1400,1400,1500,1500,1500,1500,1561,0,710.0,702.8142895406758,42.98161299993808,1479.7294840000177,753.0
1780244570,330,POST,SOAP/listar-playlists-musica,47.700000,0.000000,1100,1200,1200,1200,1300,1400,1500,1500,1500,1500,1500,1487,0,680.0,675.2816039757879,42.64575499996681,1480.0927029998547,1263.0
1780244570,330,POST,SOAP/listar-playlists-usuario,51.100000,0.000000,1100,1100,1200,1200,1300,1300,1400,1400,1400,1400,1400,1617,0,670.0,653.2820810810143,2.3791250000613218,1426.9857300000695,1608.0
1780244570,330,POST,SOAP/listar-usuarios,54.700000,0.000000,1100,1200,1200,1200,1300,1400,1400,1400,1500,1500,1500,1754,0,720.0,680.523268834094,6.272203999969861,1464.688303999992,28012.0
1780244570,330,,Aggregated,256.300000,0.000000,1100,1200,1200,1200,1300,1400,1400,1400,1500,1500,1500,8095,0,690.0,676.9240801515722,2.3791250000613218,1480.0927029998547,21613.455960469426
1780244571,340,POST,SOAP/listar-musicas,52.300000,0.000000,1100,1200,1200,1300,1300,1400,1400,1400,1400,1400,1400,1734,0,690.0,692.6467321257204,21.359629000016866,1444.8566799999298,71703.0
1780244571,340,POST,SOAP/listar-musicas-playlist,47.800000,0.000000,1100,1200,1200,1300,1400,1400,1400,1500,1500,1500,1500,1588,0,740.0,711.9393841442029,42.98161299993808,1479.7294840000177,753.0
1780244571,340,POST,SOAP/listar-playlists-musica,47.200000,0.000000,1200,1200,1200,1200,1300,1400,1500,1500,1500,1500,1500,1542,0,700.0,695.7114384481168,42.64575499996681,1480.0927029998547,1263.0
1780244571,340,POST,SOAP/listar-playlists-usuario,51.300000,0.000000,1100,1200,1200,1200,1300,1300,1400,1400,1400,1400,1400,1664,0,680.0,669.3091791243995,2.3791250000613218,1426.9857300000695,1608.0
1780244571,340,POST,SOAP/listar-usuarios,56.100000,0.000000,1100,1200,1200,1200,1300,1400,1400,1500,1500,1500,1500,1796,0,740.0,694.2418651581304,6.272203999969861,1492.0230920001814,28012.0
1780244571,340,,Aggregated,254.700000,0.000000,1100,1200,1200,1200,1300,1400,1400,1500,1500,1500,1500,8324,0,710.0,692.5738920592238,2.3791250000613218,1492.0230920001814,21679.670350792887
1780244572,350,POST,SOAP/listar-musicas,52.800000,0.000000,1200,1200,1300,1300,1400,1400,1400,1500,1500,1500,1500,1779,0,710.0,709.4131829083756,21.359629000016866,1505.0100530002055,71703.0
1780244572,350,POST,SOAP/listar-musicas-playlist,47.400000,0.000000,1200,1300,1300,1400,1400,1400,1500,1500,1500,1500,1500,1661,0,770.0,740.484600818178,42.98161299993808,1548.9538010001525,753.0
1780244572,350,POST,SOAP/listar-playlists-musica,45.400000,0.000000,1200,1200,1300,1300,1400,1400,1500,1500,1500,1500,1500,1576,0,700.0,710.243448149744,42.64575499996681,1511.2446860000546,1263.0
1780244572,350,POST,SOAP/listar-playlists-usuario,49.000000,0.000000,1200,1200,1300,1300,1300,1400,1400,1400,1500,1500,1500,1720,0,710.0,691.1539672325584,2.3791250000613218,1484.7508390000712,1608.0
1780244572,350,POST,SOAP/listar-usuarios,54.800000,0.000000,1200,1200,1300,1300,1400,1400,1500,1500,1500,1500,1500,1866,0,760.0,719.3100834924984,6.272203999969861,1521.6922310000882,28012.0
1780244572,350,,Aggregated,249.400000,0.000000,1200,1200,1300,1300,1400,1400,1500,1500,1500,1500,1500,8602,0,730.0,714.0609263048104,2.3791250000613218,1548.9538010001525,21603.930481283423
1780244573,360,POST,SOAP/listar-musicas,52.900000,0.000000,1200,1300,1300,1300,1400,1400,1500,1500,1500,1500,1500,1836,0,730.0,729.7789309744006,21.359629000016866,1505.0100530002055,71703.0
1780244573,360,POST,SOAP/listar-musicas-playlist,48.000000,0.000000,1200,1300,1300,1400,1400,1400,1500,1500,1500,1500,1500,1680,0,770.0,747.4754360511872,42.98161299993808,1548.9538010001525,753.0
1780244573,360,POST,SOAP/listar-playlists-musica,46.600000,0.000000,1200,1300,1300,1300,1400,1400,1500,1500,1500,1500,1500,1618,0,720.0,727.0080189913452,42.64575499996681,1511.2446860000546,1263.0
1780244573,360,POST,SOAP/listar-playlists-usuario,49.900000,0.000000,1200,1300,1300,1300,1300,1400,1400,1500,1500,1500,1500,1757,0,720.0,704.3353580927724,2.3791250000613218,1484.7508390000712,1608.0
1780244573,360,POST,SOAP/listar-usuarios,54.400000,0.000000,1200,1300,1300,1300,1400,1400,1500,1500,1500,1500,1500,1916,0,770.0,735.08378720094,6.272203999969861,1521.6922310000882,28012.0
1780244573,360,,Aggregated,251.800000,0.000000,1200,1300,1300,1300,1400,1400,1500,1500,1500,1500,1500,8807,0,750.0,728.7236953569854,2.3791250000613218,1548.9538010001525,21738.563642557056
1780244574,370,POST,SOAP/listar-musicas,52.900000,0.000000,1300,1300,1400,1400,1500,1500,1600,1600,1600,1600,1600,1898,0,750.0,755.2004426664904,21.359629000016866,1608.7727409999388,71703.0
1780244574,370,POST,SOAP/listar-musicas-playlist,48.900000,0.000000,1300,1400,1400,1400,1500,1500,1600,1600,1600,1600,1600,1740,0,790.0,773.8367284930999,42.98161299993808,1629.4346469999255,753.0
1780244574,370,POST,SOAP/listar-playlists-musica,47.400000,0.000000,1200,1300,1400,1400,1500,1500,1500,1500,1600,1600,1600,1664,0,750.0,747.7083287409839,42.64575499996681,1587.9310200000418,1263.0
1780244574,370,POST,SOAP/listar-playlists-usuario,50.300000,0.000000,1200,1300,1300,1300,1400,1500,1600,1600,1600,1600,1600,1798,0,730.0,722.2524360250283,2.3791250000613218,1623.1798209998942,1608.0
1780244574,370,POST,SOAP/listar-usuarios,53.600000,0.000000,1200,1300,1300,1400,1400,1500,1600,1600,1700,1700,1700,1949,0,780.0,748.9282831924069,6.272203999969861,1699.7948050000105,28012.0
1780244574,370,,Aggregated,253.100000,0.000000,1200,1300,1400,1400,1500,1500,1600,1600,1700,1700,1700,9049,0,760.0,749.5086872249939,2.3791250000613218,1699.7948050000105,21769.33561719527
1780244575,380,POST,SOAP/listar-musicas,51.600000,0.000000,1300,1400,1400,1400,1500,1600,1600,1600,1600,1600,1600,1938,0,760.0,769.8117333766766,21.359629000016866,1645.3899780001393,71703.0
1780244575,380,POST,SOAP/listar-musicas-playlist,49.200000,0.000000,1300,1400,1400,1400,1500,1600,1600,1600,1700,1700,1700,1782,0,800.0,791.019513361388,42.98161299993808,1706.5849020000314,753.0
1780244575,380,POST,SOAP/listar-playlists-musica,46.500000,0.000000,1300,1400,1400,1400,1500,1500,1600,1600,1700,1700,1700,1721,0,770.0,772.0762229012182,42.64575499996681,1675.7337040000948,1263.0
1780244575,380,POST,SOAP/listar-playlists-usuario,51.800000,0.000000,1300,1300,1400,1400,1500,1600,1600,1600,1600,1600,1600,1877,0,760.0,753.0337263942478,2.3791250000613218,1632.4713159999646,1608.0
1780244575,380,POST,SOAP/listar-usuarios,56.500000,0.000000,1300,1400,1400,1400,1500,1600,1600,1600,1700,1700,1700,2033,0,810.0,779.0544707038865,6.272203999969861,1699.7948050000105,28012.0
1780244575,380,,Aggregated,255.600000,0.000000,1300,1400,1400,1400,1500,1600,1600,1600,1700,1700,1700,9351,0,780.0,772.9116816479492,2.3791250000613218,1706.5849020000314,21649.288311410543
1780244576,390,POST,SOAP/listar-musicas,52.500000,0.000000,1300,1400,1400,1400,1500,1600,1600,1600,1600,1600,1600,1993,0,770.0,784.6518918414449,21.359629000016866,1645.3899780001393,71703.0
1780244576,390,POST,SOAP/listar-musicas-playlist,49.800000,0.000000,1400,1400,1400,1400,1500,1600,1600,1600,1700,1700,1700,1846,0,830.0,810.1300498461502,42.98161299993808,1706.5849020000314,753.0
1780244576,390,POST,SOAP/listar-playlists-musica,48.600000,0.000000,1300,1400,1400,1400,1500,1500,1600,1600,1700,1700,1700,1766,0,780.0,786.6166945753092,42.64575499996681,1675.7337040000948,1263.0
1780244576,390,POST,SOAP/listar-playlists-usuario,49.900000,0.000000,1300,1300,1400,1400,1500,1600,1600,1600,1600,1600,1600,1921,0,770.0,764.804814305572,2.3791250000613218,1632.4713159999646,1608.0
1780244576,390,POST,SOAP/listar-usuarios,54.200000,0.000000,1300,1400,1400,1400,1500,1600,1600,1600,1700,1700,1700,2077,0,810.0,790.4209715816083,6.272203999969861,1699.7948050000105,28012.0
1780244576,390,,Aggregated,255.000000,0.000000,1300,1400,1400,1400,1500,1600,1600,1600,1700,1700,1700,9603,0,790.0,787.1884599949993,2.3791250000613218,1706.5849020000314,21638.49494949495
1780244577,400,POST,SOAP/listar-musicas,52.700000,0.000000,1300,1400,1500,1500,1600,1700,1800,1800,1800,1800,1800,2047,0,790.0,808.0971975339514,21.359629000016866,1805.9034309999333,71703.0
1780244577,400,POST,SOAP/listar-musicas-playlist,47.500000,0.000000,1400,1400,1500,1500,1700,1700,1800,1800,1800,1800,1800,1899,0,850.0,835.871044310686,42.98161299993808,1845.9122049998768,753.0
1780244577,400,POST,SOAP/listar-playlists-musica,45.600000,0.000000,1400,1400,1400,1500,1600,1700,1700,1700,1800,1800,1800,1798,0,790.0,802.2309954955476,42.64575499996681,1780.4787059999398,1263.0
1780244577,400,POST,SOAP/listar-playlists-usuario,49.000000,0.000000,1300,1400,1400,1500,1600,1700,1700,1700,1800,1800,1800,1955,0,780.0,781.0291536245542,2.3791250000613218,1781.2067849999949,1608.0
1780244577,400,POST,SOAP/listar-usuarios,53.500000,0.000000,1400,1400,1500,1500,1600,1700,1700,1700,1700,1700,1700,2132,0,830.0,812.91355874015,6.272203999969861,1736.6931970000223,28012.0
1780244577,400,,Aggregated,248.300000,0.000000,1400,1400,1500,1500,1600,1700,1700,1800,1800,1800,1800,9831,0,810.0,808.0509723292623,2.3791250000613218,1845.9122049998768,21700.95473502187
1780244578,410,POST,SOAP/listar-musicas,51.900000,0.000000,1400,1500,1500,1500,1600,1700,1800,1800,1800,1800,1800,2100,0,810.0,827.3474964399988,21.359629000016866,1805.9034309999333,71703.0
1780244578,410,POST,SOAP/listar-musicas-playlist,48.100000,0.000000,1400,1500,1500,1600,1700,1800,1800,1800,1800,1800,1800,1926,0,870.0,847.455208751294,42.98161299993808,1845.9122049998768,753.0
1780244578,410,POST,SOAP/listar-playlists-musica,46.700000,0.000000,1400,1500,1500,1600,1600,1700,1800,1800,1800,1800,1800,1855,0,820.0,827.7949039638794,42.64575499996681,1780.4787059999398,1263.0
1780244578,410,POST,SOAP/listar-playlists-usuario,52.900000,0.000000,1400,1500,1500,1500,1600,1700,1700,1700,1800,1800,1800,2033,0,810.0,810.0555088155451,2.3791250000613218,1781.2067849999949,1608.0
1780244578,410,POST,SOAP/listar-usuarios,55.000000,0.000000,1400,1500,1600,1600,1700,1700,1700,1700,1700,1700,1700,2179,0,840.0,829.2245747457545,6.272203999969861,1736.6931970000223,28012.0
1780244578,410,,Aggregated,254.600000,0.000000,1400,1500,1500,1600,1700,1700,1800,1800,1800,1800,1800,10093,0,830.0,828.1889645521625,2.3791250000613218,1845.9122049998768,21666.170117903497
1780244579,420,POST,SOAP/listar-musicas,52.800000,0.000000,1400,1500,1500,1600,1600,1700,1800,1800,1800,1800,1800,2150,0,830.0,843.95206564465,21.359629000016866,1805.9034309999333,71703.0
1780244579,420,POST,SOAP/listar-musicas-playlist,48.500000,0.000000,1400,1500,1600,1600,1700,1800,1800,1800,1800,1800,1800,1984,0,900.0,867.5442669616896,42.98161299993808,1845.9122049998768,753.0
1780244579,420,POST,SOAP/listar-playlists-musica,46.900000,0.000000,1400,1500,1600,1600,1600,1700,1800,1800,1800,1800,1800,1919,0,850.0,851.0167085997895,42.64575499996681,1780.4787059999398,1263.0
1780244579,420,POST,SOAP/listar-playlists-usuario,49.100000,0.000000,1400,1500,1500,1600,1600,1700,1700,1700,1800,1800,1800,2062,0,820.0,820.5890718113499,2.3791250000613218,1781.2067849999949,1608.0
1780244579,420,POST,SOAP/listar-usuarios,52.900000,0.000000,1400,1500,1600,1600,1700,1700,1700,1700,1700,1700,1700,2246,0,860.0,851.6789740097955,6.272203999969861,1736.6931970000223,28012.0
1780244579,420,,Aggregated,250.200000,0.000000,1400,1500,1600,1600,1700,1700,1800,1800,1800,1800,1800,10361,0,850.0,846.8035394548764,2.3791250000613218,1845.9122049998768,21649.43026734871
1780244580,430,POST,SOAP/listar-musicas,51.300000,0.000000,1500,1500,1600,1600,1700,1700,1800,1800,1800,1800,1800,2196,0,850.0,860.2425613428952,21.359629000016866,1805.9034309999333,71703.0
1780244580,430,POST,SOAP/listar-musicas-playlist,50.000000,0.000000,1500,1600,1600,1700,1700,1800,1800,1800,1800,1800,1800,2034,0,920.0,886.7545143461124,42.98161299993808,1845.9122049998768,753.0
1780244580,430,POST,SOAP/listar-playlists-musica,47.400000,0.000000,1500,1600,1600,1600,1700,1700,1800,1800,1800,1800,1800,1949,0,860.0,862.5922278445337,42.64575499996681,1780.4787059999398,1263.0
1780244580,430,POST,SOAP/listar-playlists-usuario,52.000000,0.000000,1500,1500,1600,1600,1700,1700,1700,1700,1800,1800,1800,2126,0,840.0,843.95778980668,2.3791250000613218,1781.2067849999949,1608.0
1780244580,430,POST,SOAP/listar-usuarios,56.000000,0.000000,1500,1600,1600,1600,1700,1700,1700,1700,1700,1700,1700,2318,0,870.0,874.6812842346847,6.272203999969861,1741.8819080000958,28012.0
1780244580,430,,Aggregated,256.700000,0.000000,1500,1600,1600,1600,1700,1700,1800,1800,1800,1800,1800,10623,0,870.0,865.6414456314584,2.3791250000613218,1845.9122049998768,21632.62741221877
1780244581,440,POST,SOAP/listar-musicas,53.200000,0.000000,1500,1600,1600,1700,1700,1800,1800,1800,1900,1900,1900,2256,0,870.0,882.4912439596619,21.359629000016866,1886.295748000066,71703.0
1780244581,440,POST,SOAP/listar-musicas-playlist,48.300000,0.000000,1500,1600,1600,1700,1700,1800,1800,1800,1900,1900,1900,2065,0,930.0,898.1044876798999,42.98161299993808,1882.8096460001689,753.0
1780244581,440,POST,SOAP/listar-playlists-musica,46.400000,0.000000,1500,1600,1600,1600,1700,1800,1800,1800,1900,1900,1900,1990,0,870.0,879.8571940778876,42.64575499996681,1867.825160999928,1263.0
1780244581,440,POST,SOAP/listar-playlists-usuario,48.600000,0.000000,1500,1600,1600,1600,1700,1700,1800,1800,1900,1900,1900,2158,0,850.0,856.3912000556073,2.3791250000613218,1874.4917439998972,1608.0
1780244581,440,POST,SOAP/listar-usuarios,51.600000,0.000000,1500,1600,1600,1600,1700,1700,1900,2000,2000,2000,2000,2351,0,880.0,886.9667525159501,6.272203999969861,1986.9255660000817,28012.0
1780244581,440,,Aggregated,248.100000,0.000000,1500,1600,1600,1600,1700,1800,1800,1900,2000,2000,2000,10820,0,880.0,880.7535004188514,2.3791250000613218,1986.9255660000817,21733.508225508318
1780244582,450,POST,SOAP/listar-musicas,51.700000,0.000000,1600,1600,1700,1700,1800,2000,2000,2000,2100,2100,2100,2318,0,890.0,909.3543002100939,21.359629000016866,2055.689460999929,71703.0
1780244582,450,POST,SOAP/listar-musicas-playlist,49.100000,0.000000,1600,1700,1700,1700,1800,1900,2000,2000,2100,2100,2100,2124,0,940.0,925.1937310235364,42.98161299993808,2051.311084999952,753.0
1780244582,450,POST,SOAP/listar-playlists-musica,47.600000,0.000000,1600,1600,1700,1700,1800,1800,1900,1900,2000,2000,2000,2034,0,890.0,899.3172634867241,42.64575499996681,2007.8017740001997,1263.0
1780244582,450,POST,SOAP/listar-playlists-usuario,50.400000,0.000000,1500,1600,1600,1700,1700,1900,2000,2000,2000,2000,2000,2198,0,870.0,874.5421584595096,2.3791250000613218,2049.733837999838,1608.0
1780244582,450,POST,SOAP/listar-usuarios,54.200000,0.000000,1600,1600,1700,1700,1700,1900,2000,2000,2000,2000,2000,2382,0,890.0,900.0010303635589,6.272203999969861,2006.0273619999407,28012.0
1780244582,450,,Aggregated,253.000000,0.000000,1600,1600,1700,1700,1800,1900,2000,2000,2100,2100,2100,11056,0,900.0,901.6147056017522,2.3791250000613218,2055.689460999929,21765.09008683068
1780244583,460,POST,SOAP/listar-musicas,51.100000,0.000000,1600,1700,1700,1800,1900,2000,2000,2000,2100,2100,2100,2353,0,900.0,923.2274008482779,21.359629000016866,2055.689460999929,71703.0
1780244583,460,POST,SOAP/listar-musicas-playlist,48.500000,0.000000,1600,1700,1800,1800,1900,2000,2000,2000,2100,2100,2100,2179,0,990.0,949.0128677985272,42.98161299993808,2092.6455350002016,753.0
1780244583,460,POST,SOAP/listar-playlists-musica,45.600000,0.000000,1600,1700,1700,1800,1800,2000,2000,2000,2000,2000,2000,2100,0,940.0,929.8743389633316,42.64575499996681,2044.3484729999,1263.0
1780244583,460,POST,SOAP/listar-playlists-usuario,50.300000,0.000000,1600,1700,1700,1800,1900,2000,2000,2000,2000,2000,2000,2271,0,890.0,905.5312071726121,2.3791250000613218,2049.733837999838,1608.0
1780244583,460,POST,SOAP/listar-usuarios,56.200000,0.000000,1600,1700,1700,1800,1900,2000,2000,2000,2100,2100,2100,2475,0,930.0,935.2375599769688,6.272203999969861,2094.6284399999513,28012.0
1780244583,460,,Aggregated,251.700000,0.000000,1600,1700,1700,1800,1900,2000,2000,2000,2100,2100,2100,11378,0,930.0,928.4728034262588,2.3791250000613218,2094.6284399999513,21619.94322376516
1780244584,470,POST,SOAP/listar-musicas,51.900000,0.000000,1600,1700,1700,1800,1900,2000,2000,2000,2100,2100,2100,2411,0,940.0,940.4666963782643,21.359629000016866,2055.689460999929,71703.0
1780244584,470,POST,SOAP/listar-musicas-playlist,48.400000,0.000000,1700,1700,1800,1800,1900,2000,2000,2000,2100,2100,2100,2220,0,1000.0,961.5211871463921,42.98161299993808,2092.6455350002016,753.0
1780244584,470,POST,SOAP/listar-playlists-musica,46.900000,0.000000,1600,1700,1700,1800,1800,2000,2000,2000,2000,2000,2000,2138,0,970.0,942.2509120505129,42.64575499996681,2044.3484729999,1263.0
1780244584,470,POST,SOAP/listar-playlists-usuario,50.300000,0.000000,1600,1700,1700,1800,1900,2000,2000,2000,2000,2000,2000,2330,0,920.0,923.7020367420612,2.3791250000613218,2049.733837999838,1608.0
1780244584,470,POST,SOAP/listar-usuarios,54.000000,0.000000,1600,1700,1700,1800,1900,2000,2000,2000,2100,2100,2100,2516,0,950.0,946.5533274729713,6.272203999969861,2094.6284399999513,28012.0
1780244584,470,,Aggregated,251.500000,0.000000,1600,1700,1700,1800,1900,2000,2000,2000,2100,2100,2100,11615,0,950.0,942.7747402434759,2.3791250000613218,2094.6284399999513,21650.686095566078
1780244585,480,POST,SOAP/listar-musicas,53.400000,0.000000,1700,1700,1800,1800,1900,2000,2000,2000,2100,2100,2100,2468,0,960.0,960.2242823508897,21.359629000016866,2063.60448800001,71703.0
1780244585,480,POST,SOAP/listar-musicas-playlist,47.300000,0.000000,1700,1700,1800,1800,1900,2000,2000,2000,2100,2100,2100,2266,0,1000.0,977.828691045892,42.98161299993808,2092.6455350002016,753.0
1780244585,480,POST,SOAP/listar-playlists-musica,46.800000,0.000000,1700,1700,1800,1800,1900,2000,2000,2000,2100,2100,2100,2179,0,980.0,958.6298187218891,42.64575499996681,2060.146788000111,1263.0
1780244585,480,POST,SOAP/listar-playlists-usuario,47.700000,0.000000,1700,1700,1700,1800,1900,2000,2000,2000,2000,2000,2000,2353,0,930.0,931.2522035516378,2.3791250000613218,2049.733837999838,1608.0
1780244585,480,POST,SOAP/listar-usuarios,50.900000,0.000000,1700,1700,1800,1800,1900,2000,2000,2000,2100,2100,2100,2560,0,970.0,961.6526090507798,6.272203999969861,2094.6284399999513,28012.0
1780244585,480,,Aggregated,246.100000,0.000000,1700,1700,1800,1800,1900,2000,2000,2000,2100,2100,2100,11826,0,970.0,957.8483706979497,2.3791250000613218,2094.6284399999513,21724.65102316929
1780244586,490,POST,SOAP/listar-musicas,51.400000,0.000000,1700,1800,1900,1900,2000,2000,2100,2100,2200,2200,2200,2518,0,980.0,981.6023305762487,21.359629000016866,2155.60699699995,71703.0
1780244586,490,POST,SOAP/listar-musicas-playlist,45.900000,0.000000,1700,1800,1900,2000,2000,2100,2100,2200,2200,2200,2200,2333,0,1000.0,1009.212224110154,42.98161299993808,2191.1910310000167,753.0
1780244586,490,POST,SOAP/listar-playlists-musica,44.700000,0.000000,1700,1800,1800,1900,2000,2000,2100,2100,2100,2100,2100,2225,0,990.0,980.3903777155031,42.64575499996681,2083.3436240000083,1263.0
1780244586,490,POST,SOAP/listar-playlists-usuario,51.700000,0.000000,1700,1700,1800,1900,2000,2000,2100,2100,2200,2200,2200,2418,0,960.0,959.7148552617878,2.3791250000613218,2150.2281099999436,1608.0
1780244586,490,POST,SOAP/listar-usuarios,55.700000,0.000000,1700,1800,1900,1900,2000,2000,2100,2200,2200,2200,2200,2621,0,990.0,985.9577790957636,6.272203999969861,2215.629927000009,28012.0
1780244586,490,,Aggregated,249.400000,0.000000,1700,1800,1900,1900,2000,2000,2100,2100,2200,2200,2200,12115,0,990.0,983.2704281213329,2.3791250000613218,2215.629927000009,21660.9718530747
1780244587,500,POST,SOAP/listar-musicas,51.500000,0.000000,1700,1800,1900,1900,2000,2000,2100,2100,2200,2200,2200,2565,0,1000.0,998.3498053516543,21.359629000016866,2155.60699699995,71703.0
1780244587,500,POST,SOAP/listar-musicas-playlist,49.500000,0.000000,1700,1900,2000,2000,2100,2100,2100,2200,2200,2200,2200,2355,0,1000.0,1018.0323808263222,42.98161299993808,2191.1910310000167,753.0
1780244587,500,POST,SOAP/listar-playlists-musica,47.100000,0.000000,1700,1800,1900,2000,2000,2000,2100,2100,2100,2100,2100,2273,0,1000.0,1001.0242363444764,42.64575499996681,2083.3436240000083,1263.0
1780244587,500,POST,SOAP/listar-playlists-usuario,51.500000,0.000000,1700,1800,1900,1900,2000,2000,2100,2100,2200,2200,2200,2483,0,980.0,983.5993822347976,2.3791250000613218,2150.2281099999436,1608.0
1780244587,500,POST,SOAP/listar-usuarios,54.500000,0.000000,1700,1900,1900,2000,2000,2000,2100,2200,2200,2200,2200,2669,0,990.0,1002.2674035485188,6.272203999969861,2215.629927000009,28012.0
1780244587,500,,Aggregated,254.100000,0.000000,1700,1900,1900,2000,2000,2000,2100,2100,2200,2200,2200,12345,0,1000.0,1000.4771618423615,2.3791250000613218,2215.629927000009,21654.030052652895
1780244588,500,POST,SOAP/listar-musicas,52.500000,0.000000,1800,1900,2000,2000,2000,2100,2100,2100,2200,2200,2200,2618,0,1000.0,1018.1852421539322,21.359629000016866,2155.60699699995,71703.0
1780244588,500,POST,SOAP/listar-musicas-playlist,47.900000,0.000000,1800,1900,2000,2000,2100,2100,2100,2200,2200,2200,2200,2418,0,1000.0,1043.0317639416826,42.98161299993808,2191.1910310000167,753.0
1780244588,500,POST,SOAP/listar-playlists-musica,43.500000,0.000000,1800,1900,2000,2000,2000,2100,2100,2100,2200,2200,2200,2332,0,1000.0,1026.3658415501695,42.64575499996681,2160.013385999946,1263.0
1780244588,500,POST,SOAP/listar-playlists-usuario,46.900000,0.000000,1800,1900,1900,2000,2000,2000,2100,2100,2200,2200,2200,2518,0,990.0,997.7718236155688,2.3791250000613218,2150.2281099999436,1608.0
1780244588,500,POST,SOAP/listar-usuarios,52.700000,0.000000,1800,1900,2000,2000,2000,2100,2100,2200,2200,2200,2200,2715,0,1000.0,1019.2703751355419,6.272203999969861,2215.629927000009,28012.0
1780244588,500,,Aggregated,243.500000,0.000000,1800,1900,2000,2000,2000,2100,2100,2100,2200,2200,2200,12601,0,1000.0,1020.621651616693,2.3791250000613218,2215.629927000009,21632.096500277756
1780244589,500,POST,SOAP/listar-musicas,51.200000,0.000000,1900,2000,2000,2000,2100,2100,2200,2200,2200,2200,2200,2669,0,1000.0,1038.576562013861,21.359629000016866,2205.958062000036,71703.0
1780244589,500,POST,SOAP/listar-musicas-playlist,49.700000,0.000000,1900,2000,2000,2100,2100,2200,2200,2200,2200,2200,2200,2483,0,1100.0,1070.8331118244016,42.98161299993808,2220.8385620001536,753.0
1780244589,500,POST,SOAP/listar-playlists-musica,47.600000,0.000000,1900,2000,2000,2000,2100,2100,2200,2200,2200,2200,2200,2355,0,1000.0,1037.2024173053053,42.64575499996681,2212.103608999996,1263.0
1780244589,500,POST,SOAP/listar-playlists-usuario,51.400000,0.000000,1900,1900,2000,2000,2000,2100,2100,2200,2200,2200,2200,2577,0,1000.0,1021.5578690411337,2.3791250000613218,2174.759575999815,1608.0
1780244589,500,POST,SOAP/listar-usuarios,54.600000,0.000000,1900,2000,2000,2000,2100,2100,2200,2200,2200,2200,2200,2777,0,1000.0,1042.9590703737833,6.272203999969861,2215.629927000009,28012.0
1780244589,500,,Aggregated,254.500000,0.000000,1900,2000,2000,2000,2100,2100,2200,2200,2200,2200,2200,12861,0,1000.0,1042.0887271888619,2.3791250000613218,2220.8385620001536,21627.595910115855
1780244590,500,POST,SOAP/listar-musicas,51.900000,0.000000,1900,2000,2000,2000,2100,2100,2200,2200,2200,2200,2200,2721,0,1000.0,1055.1448549503832,21.359629000016866,2205.958062000036,71703.0
1780244590,500,POST,SOAP/listar-musicas-playlist,45.500000,0.000000,1900,2000,2000,2100,2100,2200,2200,2200,2200,2200,2200,2519,0,1100.0,1082.940447275105,42.98161299993808,2220.8385620001536,753.0
1780244590,500,POST,SOAP/listar-playlists-musica,45.400000,0.000000,1900,2000,2000,2000,2100,2100,2200,2200,2200,2200,2200,2418,0,1000.0,1059.9871366699724,42.64575499996681,2212.103608999996,1263.0
1780244590,500,POST,SOAP/listar-playlists-usuario,49.500000,0.000000,1900,2000,2000,2000,2100,2100,2100,2200,2200,2200,2200,2623,0,1000.0,1036.4669974163176,2.3791250000613218,2174.759575999815,1608.0
1780244590,500,POST,SOAP/listar-usuarios,51.900000,0.000000,1900,2000,2000,2000,2100,2100,2200,2200,2200,2200,2200,2834,0,1000.0,1059.4769811337328,6.272203999969861,2215.629927000009,28012.0
1780244590,500,,Aggregated,244.200000,0.000000,1900,2000,2000,2000,2100,2100,2200,2200,2200,2200,2200,13115,0,1000.0,1058.576876266104,2.3791250000613218,2220.8385620001536,21628.547159740756
1780244591,500,POST,SOAP/listar-musicas,50.600000,0.000000,1900,2000,2000,2000,2100,2100,2200,2200,2200,2200,2200,2782,0,1100.0,1075.8410680409754,21.359629000016866,2205.958062000036,71703.0
1780244591,500,POST,SOAP/listar-musicas-playlist,47.700000,0.000000,2000,2000,2100,2100,2100,2200,2200,2200,2200,2200,2200,2577,0,1100.0,1103.7846529188935,42.98161299993808,2220.8385620001536,753.0
1780244591,500,POST,SOAP/listar-playlists-musica,45.400000,0.000000,1900,2000,2000,2000,2100,2100,2200,2200,2200,2200,2200,2483,0,1100.0,1085.1785308485685,42.64575499996681,2212.103608999996,1263.0
1780244591,500,POST,SOAP/listar-playlists-usuario,48.800000,0.000000,1900,2000,2000,2000,2100,2100,2100,2200,2200,2200,2200,2669,0,1000.0,1052.6728795406525,2.3791250000613218,2174.759575999815,1608.0
1780244591,500,POST,SOAP/listar-usuarios,54.800000,0.000000,1900,2000,2000,2000,2100,2100,2200,2200,2200,2200,2200,2866,0,1000.0,1069.9410214364964,6.272203999969861,2215.629927000009,28012.0
1780244591,500,,Aggregated,247.300000,0.000000,1900,2000,2000,2000,2100,2100,2200,2200,2200,2200,2200,13377,0,1100.0,1077.0707989003465,2.3791250000613218,2220.8385620001536,21613.84465874262
1780244592,500,POST,SOAP/listar-musicas,51.000000,0.000000,2000,2000,2100,2100,2100,2200,2200,2200,2300,2300,2300,2834,0,1100.0,1095.5574324241334,21.359629000016866,2292.873030999999,71703.0
1780244592,500,POST,SOAP/listar-musicas-playlist,48.000000,0.000000,2000,2000,2100,2100,2200,2200,2200,2200,2300,2300,2300,2616,0,1100.0,1119.7546146834816,42.98161299993808,2252.4093869999433,753.0
1780244592,500,POST,SOAP/listar-playlists-musica,45.700000,0.000000,1900,2000,2000,2100,2100,2200,2200,2200,2200,2200,2200,2516,0,1100.0,1099.3565605349752,42.64575499996681,2232.2254439998233,1263.0
1780244592,500,POST,SOAP/listar-playlists-usuario,51.400000,0.000000,1900,2000,2000,2100,2100,2200,2200,2200,2200,2200,2200,2721,0,1000.0,1073.3569255027573,2.3791250000613218,2247.774902999936,1608.0
1780244592,500,POST,SOAP/listar-usuarios,54.400000,0.000000,1900,2000,2100,2100,2200,2200,2200,2200,2200,2200,2200,2918,0,1100.0,1089.1541349804659,6.272203999969861,2224.912255999925,28012.0
1780244592,500,,Aggregated,250.500000,0.000000,1900,2000,2100,2100,2100,2200,2200,2200,2300,2300,2300,13605,0,1100.0,1095.0992210197671,2.3791250000613218,2292.873030999999,21644.11922087468
1780244593,500,POST,SOAP/listar-musicas,52.300000,0.000000,2000,2000,2100,2100,2100,2200,2200,2200,2300,2300,2300,2877,0,1100.0,1106.4120792342696,21.359629000016866,2292.873030999999,71703.0
1780244593,500,POST,SOAP/listar-musicas-playlist,46.600000,0.000000,2000,2000,2100,2100,2200,2200,2200,2200,2300,2300,2300,2672,0,1100.0,1135.9988418772405,42.98161299993808,2252.4093869999433,753.0
1780244593,500,POST,SOAP/listar-playlists-musica,46.000000,0.000000,1900,2000,2000,2100,2100,2200,2200,2200,2200,2200,2200,2583,0,1100.0,1119.3357530607814,42.64575499996681,2232.2254439998233,1263.0
1780244593,500,POST,SOAP/listar-playlists-usuario,49.100000,0.000000,1900,2000,2000,2100,2100,2200,2200,2200,2200,2200,2200,2802,0,1100.0,1094.931805532478,2.3791250000613218,2247.774902999936,1608.0
1780244593,500,POST,SOAP/listar-usuarios,50.800000,0.000000,1900,2000,2100,2100,2200,2200,2200,2200,2200,2200,2200,2983,0,1100.0,1105.1607058739528,6.272203999969861,2224.912255999925,28012.0
1780244593,500,,Aggregated,244.800000,0.000000,1900,2000,2100,2100,2100,2200,2200,2200,2300,2300,2300,13917,0,1100.0,1111.9116197695569,2.3791250000613218,2292.873030999999,21529.732557304018
1780244594,500,POST,SOAP/listar-musicas,52.000000,0.000000,2000,2000,2100,2100,2100,2200,2200,2200,2300,2300,2300,2933,0,1100.0,1117.772142888849,21.359629000016866,2292.873030999999,71703.0
1780244594,500,POST,SOAP/listar-musicas-playlist,48.300000,0.000000,2000,2000,2100,2100,2200,2200,2200,2200,2300,2300,2300,2755,0,1100.0,1154.1849663070734,42.98161299993808,2252.4093869999433,753.0
1780244594,500,POST,SOAP/listar-playlists-musica,45.400000,0.000000,1900,2000,2000,2100,2100,2200,2200,2200,2200,2200,2200,2634,0,1200.0,1131.06159095482,42.64575499996681,2232.2254439998233,1263.0
1780244594,500,POST,SOAP/listar-playlists-usuario,49.100000,0.000000,1900,2000,2000,2100,2100,2200,2200,2200,2200,2200,2200,2850,0,1100.0,1104.5702785389483,2.3791250000613218,2247.774902999936,1608.0
1780244594,500,POST,SOAP/listar-usuarios,51.700000,0.000000,1900,2000,2100,2100,2200,2200,2200,2200,2200,2200,2200,3025,0,1100.0,1112.8681489031405,6.272203999969861,2224.912255999925,28012.0
1780244594,500,,Aggregated,246.500000,0.000000,1900,2000,2100,2100,2100,2200,2200,2200,2300,2300,2300,14197,0,1100.0,1123.608716779031,2.3791250000613218,2292.873030999999,21485.19095583574
1780244595,500,POST,SOAP/listar-musicas,51.000000,0.000000,2000,2000,2100,2100,2100,2200,2200,2300,2300,2300,2300,2983,0,1100.0,1131.4100918964116,21.359629000016866,2292.873030999999,71703.0
1780244595,500,POST,SOAP/listar-musicas-playlist,49.500000,0.000000,2000,2000,2100,2100,2200,2200,2200,2200,2300,2300,2300,2803,0,1200.0,1169.3998088151934,42.98161299993808,2252.4093869999433,753.0
1780244595,500,POST,SOAP/listar-playlists-musica,46.600000,0.000000,1900,2000,2000,2100,2100,2200,2200,2200,2200,2200,2200,2674,0,1200.0,1142.8880911301405,42.64575499996681,2232.2254439998233,1263.0
1780244595,500,POST,SOAP/listar-playlists-usuario,53.400000,0.000000,1900,2000,2000,2100,2100,2200,2200,2200,2200,2200,2200,2879,0,1100.0,1114.0213044817656,2.3791250000613218,2247.774902999936,1608.0
1780244595,500,POST,SOAP/listar-usuarios,52.500000,0.000000,1900,2000,2100,2100,2200,2200,2200,2200,2200,2200,2200,3089,0,1100.0,1131.06289441146,6.272203999969861,2224.912255999925,28012.0
1780244595,500,,Aggregated,253.000000,0.000000,1900,2000,2100,2100,2100,2200,2200,2200,2300,2300,2300,14428,0,1100.0,1137.3736720514225,2.3791250000613218,2292.873030999999,21523.182007208205
1780244596,500,POST,SOAP/listar-musicas,51.800000,0.000000,1900,2000,2100,2100,2100,2200,2200,2200,2300,2300,2300,3030,0,1200.0,1144.4337806785468,21.359629000016866,2292.873030999999,71703.0
1780244596,500,POST,SOAP/listar-musicas-playlist,51.300000,0.000000,2000,2000,2100,2100,2200,2200,2200,2200,2300,2300,2300,2851,0,1200.0,1182.9270781364385,42.98161299993808,2252.4093869999433,753.0
1780244596,500,POST,SOAP/listar-playlists-musica,49.100000,0.000000,1900,2000,2000,2100,2100,2200,2200,2200,2200,2200,2200,2759,0,1200.0,1167.2288704465373,42.64575499996681,2232.2254439998233,1263.0
1780244596,500,POST,SOAP/listar-playlists-usuario,52.300000,0.000000,1900,2000,2000,2100,2100,2200,2200,2200,2200,2200,2200,2948,0,1200.0,1132.5681548551572,2.3791250000613218,2247.774902999936,1608.0
1780244596,500,POST,SOAP/listar-usuarios,50.300000,0.000000,1900,2000,2100,2100,2200,2200,2200,2200,2200,2200,2200,3152,0,1200.0,1146.1451883940356,6.272203999969861,2224.912255999925,28012.0
1780244596,500,,Aggregated,254.800000,0.000000,1900,2000,2100,2100,2100,2200,2200,2200,2300,2300,2300,14740,0,1200.0,1154.1387017039292,2.3791250000613218,2292.873030999999,21433.223744911804
1780244597,500,POST,SOAP/listar-musicas,51.900000,0.000000,1900,2000,2100,2100,2100,2200,2200,2200,2300,2300,2300,3095,0,1200.0,1158.7451965457178,21.359629000016866,2292.873030999999,71703.0
1780244597,500,POST,SOAP/listar-musicas-playlist,50.900000,0.000000,2000,2000,2100,2100,2200,2200,2200,2200,2300,2300,2300,2879,0,1200.0,1189.5872709041287,42.98161299993808,2252.4093869999433,753.0
1780244597,500,POST,SOAP/listar-playlists-musica,50.300000,0.000000,1900,2000,2000,2100,2100,2200,2200,2200,2200,2200,2200,2804,0,1200.0,1178.5302637232523,42.64575499996681,2232.2254439998233,1263.0
1780244597,500,POST,SOAP/listar-playlists-usuario,51.000000,0.000000,1900,2000,2000,2100,2100,2200,2200,2200,2200,2200,2200,2985,0,1200.0,1140.607692736349,2.3791250000613218,2247.774902999936,1608.0
1780244597,500,POST,SOAP/listar-usuarios,50.600000,0.000000,1900,2000,2100,2100,2200,2200,2200,2200,2200,2200,2200,3176,0,1200.0,1151.3167731586902,6.272203999969861,2224.912255999925,28012.0
1780244597,500,,Aggregated,254.700000,0.000000,1900,2000,2100,2100,2100,2200,2200,2200,2300,2300,2300,14939,0,1200.0,1163.1992121354788,2.3791250000613218,2292.873030999999,21513.89758350626
1780244598,500,POST,SOAP/listar-musicas,50.600000,0.000000,1900,2000,2100,2100,2100,2200,2200,2200,2300,2300,2300,3138,0,1200.0,1169.9551424209676,21.359629000016866,2292.873030999999,71703.0
1780244598,500,POST,SOAP/listar-musicas-playlist,54.100000,0.000000,1900,2000,2100,2100,2200,2200,2200,2200,2300,2300,2300,2940,0,1200.0,1206.0435235489747,42.98161299993808,2252.4093869999433,753.0
1780244598,500,POST,SOAP/listar-playlists-musica,51.400000,0.000000,1900,2000,2000,2000,2100,2200,2200,2200,2200,2200,2200,2848,0,1200.0,1191.173943711376,42.64575499996681,2232.2254439998233,1263.0
1780244598,500,POST,SOAP/listar-playlists-usuario,52.200000,0.000000,1900,2000,2000,2100,2100,2200,2200,2200,2200,2200,2200,3026,0,1200.0,1151.386311818573,2.3791250000613218,2247.774902999936,1608.0
1780244598,500,POST,SOAP/listar-usuarios,52.500000,0.000000,1900,2000,2000,2100,2200,2200,2200,2200,2200,2200,2200,3252,0,1200.0,1170.715488308426,6.272203999969861,2224.912255999925,28012.0
1780244598,500,,Aggregated,260.800000,0.000000,1900,2000,2000,2100,2100,2200,2200,2200,2300,2300,2300,15204,0,1200.0,1177.3751864892743,2.3791250000613218,2292.873030999999,21492.744672454617
1780244599,500,POST,SOAP/listar-musicas,51.600000,0.000000,1900,2000,2000,2100,2100,2200,2200,2300,2300,2300,2300,3186,0,1200.0,1182.7522361512852,21.359629000016866,2292.873030999999,71703.0
1780244599,500,POST,SOAP/listar-musicas-playlist,50.500000,0.000000,1900,2000,2100,2100,2200,2200,2200,2300,2300,2300,2300,2985,0,1300.0,1219.8140894130597,42.98161299993808,2308.670955000025,753.0
1780244599,500,POST,SOAP/listar-playlists-musica,51.400000,0.000000,1900,2000,2000,2000,2100,2200,2200,2200,2200,2200,2200,2889,0,1200.0,1201.1659925212875,42.64575499996681,2232.2254439998233,1263.0
1780244599,500,POST,SOAP/listar-playlists-usuario,52.200000,0.000000,1900,2000,2000,2100,2100,2200,2200,2200,2200,2200,2200,3098,0,1200.0,1170.478219321498,2.3791250000613218,2247.774902999936,1608.0
1780244599,500,POST,SOAP/listar-usuarios,51.700000,0.000000,1900,2000,2000,2100,2100,2200,2200,2200,2200,2200,2200,3315,0,1200.0,1184.8308892440434,6.272203999969861,2224.912255999925,28012.0
1780244599,500,,Aggregated,257.400000,0.000000,1900,2000,2000,2100,2100,2200,2200,2200,2300,2300,2300,15473,0,1200.0,1191.3280007091005,2.3791250000613218,2308.670955000025,21468.599108123828
1780244600,500,POST,SOAP/listar-musicas,51.700000,0.000000,1900,2000,2100,2100,2100,2200,2200,2300,2300,2300,2300,3250,0,1200.0,1198.1823602883064,21.359629000016866,2292.873030999999,71703.0
1780244600,500,POST,SOAP/listar-musicas-playlist,51.500000,0.000000,1900,2000,2100,2100,2200,2200,2200,2300,2300,2300,2300,3026,0,1300.0,1229.6075812937815,42.98161299993808,2308.670955000025,753.0
1780244600,500,POST,SOAP/listar-playlists-musica,52.600000,0.000000,1900,2000,2000,2000,2100,2200,2200,2200,2200,2200,2200,2931,0,1300.0,1211.7287745202998,42.64575499996681,2232.2254439998233,1263.0
1780244600,500,POST,SOAP/listar-playlists-usuario,50.400000,0.000000,1900,2000,2000,2100,2100,2200,2200,2200,2200,2200,2200,3138,0,1200.0,1180.3119908314218,2.3791250000613218,2247.774902999936,1608.0
1780244600,500,POST,SOAP/listar-usuarios,52.100000,0.000000,1900,2000,2000,2100,2100,2200,2200,2200,2200,2200,2200,3347,0,1200.0,1192.1129883089345,6.272203999969861,2224.912255999925,28012.0
1780244600,500,,Aggregated,258.300000,0.000000,1900,2000,2000,2100,2100,2200,2200,2200,2300,2300,2300,15692,0,1200.0,1201.9043747865096,2.3791250000613218,2308.670955000025,21527.991906704054
1780244601,500,POST,SOAP/listar-musicas,51.700000,0.000000,1900,2000,2100,2100,2100,2200,2200,2300,2300,2300,2300,3308,0,1300.0,1212.8447427342794,21.359629000016866,2292.873030999999,71703.0
1780244601,500,POST,SOAP/listar-musicas-playlist,51.800000,0.000000,2000,2000,2100,2100,2200,2200,2200,2300,2300,2300,2300,3097,0,1300.0,1247.5671639903078,42.98161299993808,2308.670955000025,753.0
1780244601,500,POST,SOAP/listar-playlists-musica,51.400000,0.000000,1900,2000,2000,2000,2100,2200,2200,2200,2200,2200,2200,2985,0,1300.0,1226.3144472281404,42.64575499996681,2232.2254439998233,1263.0
1780244601,500,POST,SOAP/listar-playlists-usuario,50.600000,0.000000,1900,2000,2000,2100,2100,2200,2200,2200,2200,2200,2200,3178,0,1200.0,1190.644814725614,2.3791250000613218,2247.774902999936,1608.0
1780244601,500,POST,SOAP/listar-usuarios,52.500000,0.000000,1900,2000,2000,2100,2100,2200,2200,2200,2200,2200,2200,3388,0,1200.0,1202.447564871312,6.272203999969861,2224.912255999925,28012.0
1780244601,500,,Aggregated,258.000000,0.000000,1900,2000,2000,2100,2100,2200,2200,2200,2300,2300,2300,15956,0,1300.0,1215.4748127225434,2.3791250000613218,2308.670955000025,21516.07545750815
1780244602,500,POST,SOAP/listar-musicas,51.900000,0.000000,1900,2000,2100,2100,2100,2200,2200,2200,2300,2300,2300,3352,0,1300.0,1223.7708955647363,21.359629000016866,2292.873030999999,71703.0
1780244602,500,POST,SOAP/listar-musicas-playlist,51.400000,0.000000,1900,2000,2000,2100,2100,2200,2200,2300,2300,2300,2300,3149,0,1300.0,1260.4436478993273,42.98161299993808,2308.670955000025,753.0
1780244602,500,POST,SOAP/listar-playlists-musica,51.400000,0.000000,1900,2000,2000,2000,2100,2100,2200,2200,2300,2300,2300,3026,0,1300.0,1238.1976942072038,42.64575499996681,2267.604831999961,1263.0
1780244602,500,POST,SOAP/listar-playlists-usuario,51.100000,0.000000,1900,2000,2000,2100,2100,2100,2200,2200,2200,2200,2200,3265,0,1300.0,1212.0741553516086,2.3791250000613218,2247.774902999936,1608.0
1780244602,500,POST,SOAP/listar-usuarios,51.600000,0.000000,1900,2000,2000,2100,2100,2200,2200,2200,2200,2200,2200,3445,0,1200.0,1216.0553221973885,6.272203999969861,2224.912255999925,28012.0
1780244602,500,,Aggregated,257.400000,0.000000,1900,2000,2000,2100,2100,2200,2200,2200,2300,2300,2300,16237,0,1300.0,1229.5828055694972,2.3791250000613218,2308.670955000025,21450.572827492764
1780244603,500,POST,SOAP/listar-musicas,52.200000,0.000000,1900,2000,2000,2100,2100,2200,2200,2200,2300,2300,2300,3401,0,1300.0,1231.4123402984403,21.359629000016866,2292.873030999999,71703.0
1780244603,500,POST,SOAP/listar-musicas-playlist,50.400000,0.000000,2000,2000,2000,2100,2100,2200,2200,2300,2300,2300,2300,3197,0,1300.0,1268.053725677505,42.98161299993808,2308.670955000025,753.0
1780244603,500,POST,SOAP/listar-playlists-musica,52.000000,0.000000,1900,2000,2000,2000,2100,2100,2200,2200,2300,2300,2300,3110,0,1300.0,1253.2624255987128,42.64575499996681,2267.604831999961,1263.0
1780244603,500,POST,SOAP/listar-playlists-usuario,51.200000,0.000000,1900,2000,2000,2100,2100,2100,2200,2200,2200,2200,2200,3326,0,1300.0,1221.506260811787,2.3791250000613218,2247.774902999936,1608.0
1780244603,500,POST,SOAP/listar-usuarios,51.300000,0.000000,1900,2000,2000,2000,2100,2200,2200,2200,2200,2200,2200,3516,0,1300.0,1226.1828976035276,6.272203999969861,2224.912255999925,28012.0
1780244603,500,,Aggregated,257.100000,0.000000,1900,2000,2000,2100,2100,2200,2200,2200,2300,2300,2300,16550,0,1300.0,1239.4946323499644,2.3791250000613218,2308.670955000025,21391.877583081572
1780244604,500,POST,SOAP/listar-musicas,52.300000,0.000000,1900,2000,2000,2100,2100,2200,2200,2200,2300,2300,2300,3463,0,1300.0,1241.1752839399346,21.359629000016866,2292.873030999999,71703.0
1780244604,500,POST,SOAP/listar-musicas-playlist,51.400000,0.000000,1900,2000,2000,2100,2100,2200,2200,2300,2300,2300,2300,3270,0,1400.0,1279.4778055694137,42.98161299993808,2308.670955000025,753.0
1780244604,500,POST,SOAP/listar-playlists-musica,50.200000,0.000000,1900,2000,2000,2000,2100,2100,2200,2200,2300,2300,2300,3159,0,1400.0,1261.2864606783785,42.64575499996681,2267.604831999961,1263.0
1780244604,500,POST,SOAP/listar-playlists-usuario,52.200000,0.000000,1900,2000,2000,2100,2100,2100,2200,2200,2200,2200,2200,3353,0,1300.0,1225.5818682925749,2.3791250000613218,2247.774902999936,1608.0
1780244604,500,POST,SOAP/listar-usuarios,51.600000,0.000000,1900,2000,2000,2100,2100,2200,2200,2200,2200,2200,2200,3545,0,1300.0,1230.663645371792,6.272203999969861,2224.912255999925,28012.0
1780244604,500,,Aggregated,257.700000,0.000000,1900,2000,2000,2100,2100,2200,2200,2200,2300,2300,2300,16790,0,1300.0,1247.0854668854622,2.3791250000613218,2308.670955000025,21408.80166765932
1780244605,500,POST,SOAP/listar-musicas,51.300000,0.000000,1900,2000,2100,2100,2100,2200,2200,2200,2300,2300,2300,3513,0,1300.0,1252.5099721283796,21.359629000016866,2292.873030999999,71703.0
1780244605,500,POST,SOAP/listar-musicas-playlist,52.700000,0.000000,1900,2000,2000,2100,2100,2200,2200,2300,2300,2300,2300,3324,0,1400.0,1291.8093539323042,42.98161299993808,2308.670955000025,753.0
1780244605,500,POST,SOAP/listar-playlists-musica,52.300000,0.000000,1900,2000,2000,2000,2100,2100,2200,2200,2300,2300,2300,3195,0,1400.0,1269.326111452895,42.64575499996681,2267.604831999961,1263.0
1780244605,500,POST,SOAP/listar-playlists-usuario,51.900000,0.000000,1900,2000,2000,2100,2100,2100,2200,2200,2200,2200,2200,3395,0,1300.0,1235.190305218558,2.3791250000613218,2247.774902999936,1608.0
1780244605,500,POST,SOAP/listar-usuarios,53.500000,0.000000,1900,2000,2000,2100,2100,2200,2200,2200,2200,2200,2200,3609,0,1300.0,1244.8542306807988,6.272203999969861,2224.912255999925,28012.0
1780244605,500,,Aggregated,261.700000,0.000000,1900,2000,2000,2100,2100,2200,2200,2200,2300,2300,2300,17036,0,1300.0,1258.2583209317856,2.3791250000613218,2308.670955000025,21424.35806527354
1780244606,500,POST,SOAP/listar-musicas,51.600000,0.000000,1900,2000,2000,2100,2100,2200,2200,2200,2300,2300,2300,3563,0,1300.0,1260.5928981560473,21.359629000016866,2292.873030999999,71703.0
1780244606,500,POST,SOAP/listar-musicas-playlist,50.600000,0.000000,1900,2000,2000,2100,2200,2200,2200,2300,2300,2300,2300,3355,0,1400.0,1297.492297568399,42.98161299993808,2308.670955000025,753.0
1780244606,500,POST,SOAP/listar-playlists-musica,51.600000,0.000000,1900,1900,2000,2000,2100,2100,2200,2200,2300,2300,2300,3274,0,1400.0,1284.0720475445935,42.64575499996681,2267.604831999961,1263.0
1780244606,500,POST,SOAP/listar-playlists-usuario,50.700000,0.000000,1900,2000,2000,2000,2100,2100,2200,2200,2200,2200,2200,3479,0,1300.0,1249.885557533489,2.3791250000613218,2247.774902999936,1608.0
1780244606,500,POST,SOAP/listar-usuarios,53.000000,0.000000,1900,2000,2000,2100,2100,2200,2200,2200,2200,2200,2200,3667,0,1300.0,1253.9258975784028,6.272203999969861,2224.912255999925,28012.0
1780244606,500,,Aggregated,257.500000,0.000000,1900,2000,2000,2100,2100,2200,2200,2200,2300,2300,2300,17338,0,1400.0,1268.6082108208504,2.3791250000613218,2308.670955000025,21366.559118698813
1780244607,500,POST,SOAP/listar-musicas,52.000000,0.000000,1900,2000,2000,2100,2100,2200,2200,2200,2300,2300,2300,3616,0,1400.0,1269.7061813003322,21.359629000016866,2292.873030999999,71703.0
1780244607,500,POST,SOAP/listar-musicas-playlist,51.100000,0.000000,1900,2000,2000,2100,2100,2200,2200,2300,2300,2300,2300,3422,0,1400.0,1309.3194673550481,42.98161299993808,2308.670955000025,753.0
1780244607,500,POST,SOAP/listar-playlists-musica,50.700000,0.000000,1900,2000,2000,2000,2100,2100,2200,2200,2300,2300,2300,3335,0,1400.0,1295.8250954305834,42.64575499996681,2267.604831999961,1263.0
1780244607,500,POST,SOAP/listar-playlists-usuario,50.200000,0.000000,1900,2000,2000,2000,2100,2100,2200,2200,2200,2200,2200,3518,0,1300.0,1257.1813555491783,2.3791250000613218,2247.774902999936,1608.0
1780244607,500,POST,SOAP/listar-usuarios,52.000000,0.000000,1900,2000,2000,2100,2100,2200,2200,2200,2200,2200,2200,3710,0,1300.0,1261.7897003838282,6.272203999969861,2224.912255999925,28012.0
1780244607,500,,Aggregated,256.000000,0.000000,1900,2000,2000,2100,2100,2200,2200,2200,2300,2300,2300,17601,0,1400.0,1278.1847201510082,2.3791250000613218,2308.670955000025,21342.44548605193
1780244608,500,POST,SOAP/listar-musicas,52.600000,0.000000,1900,2000,2100,2100,2100,2200,2200,2300,2300,2300,2300,3667,0,1400.0,1281.6228550646294,21.359629000016866,2292.873030999999,71703.0
1780244608,500,POST,SOAP/listar-musicas-playlist,50.700000,0.000000,1900,2000,2100,2100,2200,2200,2300,2300,2300,2300,2300,3471,0,1400.0,1321.4078052751292,42.98161299993808,2308.670955000025,753.0
1780244608,500,POST,SOAP/listar-playlists-musica,50.200000,0.000000,1900,2000,2000,2000,2100,2100,2200,2200,2300,2300,2300,3353,0,1400.0,1300.2779729000881,42.64575499996681,2271.383960000094,1263.0
1780244608,500,POST,SOAP/listar-playlists-usuario,50.700000,0.000000,1900,2000,2000,2100,2100,2200,2200,2200,2200,2200,2200,3563,0,1400.0,1268.0262614630954,2.3791250000613218,2247.774902999936,1608.0
1780244608,500,POST,SOAP/listar-usuarios,51.000000,0.000000,1900,2000,2100,2100,2200,2200,2200,2200,2200,2200,2200,3772,0,1400.0,1274.96800639422,6.272203999969861,2244.3639690000055,28012.0
1780244608,500,,Aggregated,255.200000,0.000000,1900,2000,2000,2100,2100,2200,2200,2300,2300,2300,2300,17826,0,1400.0,1288.7527451182484,2.3791250000613218,2308.670955000025,21383.034387972624
1780244610,500,POST,SOAP/listar-musicas,52.400000,0.000000,1900,2000,2000,2100,2100,2200,2200,2300,2300,2300,2300,3714,0,1400.0,1289.3922687269774,21.359629000016866,2292.873030999999,71703.0
1780244610,500,POST,SOAP/listar-musicas-playlist,50.300000,0.000000,1900,2000,2100,2100,2200,2200,2200,2300,2300,2300,2300,3518,0,1400.0,1329.8055001807768,42.98161299993808,2308.670955000025,753.0
1780244610,500,POST,SOAP/listar-playlists-musica,50.900000,0.000000,1900,1900,2000,2000,2100,2100,2200,2200,2300,2300,2300,3422,0,1500.0,1311.7914768080072,42.64575499996681,2271.383960000094,1263.0
1780244610,500,POST,SOAP/listar-playlists-usuario,52.500000,0.000000,1900,2000,2000,2100,2100,2200,2200,2200,2200,2200,2200,3616,0,1400.0,1276.835247314162,2.3791250000613218,2247.774902999936,1608.0
1780244610,500,POST,SOAP/listar-usuarios,51.600000,0.000000,1900,2000,2000,2100,2200,2200,2200,2200,2200,2200,2200,3836,0,1400.0,1284.5999666819598,6.272203999969861,2244.3639690000055,28012.0
1780244610,500,,Aggregated,257.700000,0.000000,1900,2000,2000,2100,2100,2200,2200,2200,2300,2300,2300,18106,0,1400.0,1297.954865558649,2.3791250000613218,2308.670955000025,21348.9750358997
1780244611,500,POST,SOAP/listar-musicas,52.200000,0.000000,1900,2000,2000,2100,2100,2200,2200,2300,2300,2300,2300,3779,0,1400.0,1301.8182644577917,21.359629000016866,2292.873030999999,71703.0
1780244611,500,POST,SOAP/listar-musicas-playlist,52.700000,0.000000,1900,2000,2100,2100,2200,2200,2200,2300,2300,2300,2300,3572,0,1500.0,1339.8854662684703,42.98161299993808,2308.670955000025,753.0
1780244611,500,POST,SOAP/listar-playlists-musica,50.200000,0.000000,1900,1900,2000,2000,2100,2100,2200,2200,2300,2300,2300,3479,0,1500.0,1323.1909357697614,42.64575499996681,2271.383960000094,1263.0
1780244611,500,POST,SOAP/listar-playlists-usuario,53.500000,0.000000,1900,2000,2000,2000,2100,2200,2200,2200,2200,2200,2200,3668,0,1400.0,1286.9461473942229,2.3791250000613218,2247.774902999936,1608.0
1780244611,500,POST,SOAP/listar-usuarios,51.300000,0.000000,1900,2000,2000,2100,2200,2200,2200,2200,2200,2200,2200,3857,0,1400.0,1288.4497707684723,6.272203999969861,2244.3639690000055,28012.0
1780244611,500,,Aggregated,259.900000,0.000000,1900,2000,2000,2100,2100,2200,2200,2200,2300,2300,2300,18355,0,1400.0,1307.4961921512347,2.3791250000613218,2308.670955000025,21356.02059384364
1780244612,500,POST,SOAP/listar-musicas,52.000000,0.000000,1900,2000,2100,2100,2100,2200,2200,2300,2300,2300,2300,3832,0,1400.0,1313.1856379921703,21.359629000016866,2292.873030999999,71703.0
1780244612,500,POST,SOAP/listar-musicas-playlist,52.100000,0.000000,1900,2000,2100,2100,2200,2200,2200,2300,2300,2300,2300,3615,0,1500.0,1348.8444650630634,42.98161299993808,2308.670955000025,753.0
1780244612,500,POST,SOAP/listar-playlists-musica,53.000000,0.000000,1900,2000,2000,2000,2100,2100,2200,2200,2300,2300,2300,3518,0,1500.0,1332.1024910076742,42.64575499996681,2271.383960000094,1263.0
1780244612,500,POST,SOAP/listar-playlists-usuario,51.100000,0.000000,1900,2000,2000,2000,2100,2200,2200,2200,2200,2200,2200,3702,0,1400.0,1294.6382960181008,2.3791250000613218,2247.774902999936,1608.0
1780244612,500,POST,SOAP/listar-usuarios,51.700000,0.000000,1900,2000,2100,2100,2200,2200,2200,2200,2200,2200,2200,3918,0,1400.0,1301.3031838912702,6.272203999969861,2246.218423000073,28012.0
1780244612,500,,Aggregated,259.900000,0.000000,1900,2000,2000,2100,2100,2200,2200,2200,2300,2300,2300,18585,0,1500.0,1317.5030140273843,2.3791250000613218,2308.670955000025,21395.48329297821
1780244613,500,POST,SOAP/listar-musicas,52.200000,0.000000,1900,2000,2100,2100,2200,2200,2200,2300,2300,2300,2300,3873,0,1500.0,1318.697351755744,21.359629000016866,2292.873030999999,71703.0
1780244613,500,POST,SOAP/listar-musicas-playlist,54.100000,0.000000,1900,2000,2000,2100,2200,2200,2300,2300,2300,2300,2300,3670,0,1500.0,1356.325281424243,42.98161299993808,2308.670955000025,753.0
1780244613,500,POST,SOAP/listar-playlists-musica,53.700000,0.000000,1900,2000,2000,2000,2100,2100,2200,2200,2300,2300,2300,3591,0,1500.0,1341.2368210579218,42.64575499996681,2271.383960000094,1263.0
1780244613,500,POST,SOAP/listar-playlists-usuario,52.800000,0.000000,1900,2000,2000,2100,2100,2200,2200,2200,2200,2200,2200,3790,0,1500.0,1307.9183432010573,2.3791250000613218,2247.774902999936,1608.0
1780244613,500,POST,SOAP/listar-usuarios,50.600000,0.000000,1900,2000,2100,2100,2200,2200,2200,2200,2300,2300,2300,3983,0,1500.0,1309.4169944491578,6.272203999969861,2263.0513399999472,28012.0
1780244613,500,,Aggregated,263.400000,0.000000,1900,2000,2000,2100,2100,2200,2200,2200,2300,2300,2300,18907,0,1500.0,1326.1664177404634,2.3791250000613218,2308.670955000025,21297.44422700587
1780244614,500,POST,SOAP/listar-musicas,51.600000,0.000000,1900,2000,2100,2100,2200,2200,2200,2300,2300,2300,2300,3931,0,1500.0,1325.3373919961841,21.359629000016866,2292.873030999999,71703.0
1780244614,500,POST,SOAP/listar-musicas-playlist,51.700000,0.000000,1900,2000,2000,2100,2200,2200,2300,2300,2300,2300,2300,3736,0,1600.0,1363.778221038269,42.98161299993808,2308.670955000025,753.0
1780244614,500,POST,SOAP/listar-playlists-musica,53.300000,0.000000,1900,2000,2000,2000,2100,2100,2200,2200,2300,2300,2300,3631,0,1600.0,1345.6805189999995,42.64575499996681,2271.383960000094,1263.0
1780244614,500,POST,SOAP/listar-playlists-usuario,50.800000,0.000000,1900,2000,2000,2100,2100,2200,2200,2200,2200,2200,2200,3843,0,1500.0,1313.583300283894,2.3791250000613218,2247.774902999936,1608.0
1780244614,500,POST,SOAP/listar-usuarios,52.300000,0.000000,1900,2000,2100,2100,2200,2200,2200,2200,2300,2300,2300,4026,0,1500.0,1313.3578203613997,6.272203999969861,2263.0513399999472,28012.0
1780244614,500,,Aggregated,259.700000,0.000000,1900,2000,2000,2100,2100,2200,2200,2200,2300,2300,2300,19167,0,1500.0,1331.8110238425907,2.3791250000613218,2308.670955000025,21298.03881671623
1780244615,500,POST,SOAP/listar-musicas,51.800000,0.000000,1900,2000,2000,2100,2200,2200,2200,2300,2300,2300,2300,3983,0,1500.0,1333.3452624966108,21.359629000016866,2292.873030999999,71703.0
1780244615,500,POST,SOAP/listar-musicas-playlist,51.100000,0.000000,1900,2000,2000,2100,2200,2200,2300,2300,2300,2300,2300,3789,0,1600.0,1371.8250130379981,42.98161299993808,2308.670955000025,753.0
1780244615,500,POST,SOAP/listar-playlists-musica,54.600000,0.000000,1900,1900,2000,2000,2100,2100,2200,2200,2300,2300,2300,3669,0,1600.0,1351.4153488342868,42.64575499996681,2271.383960000094,1263.0
1780244615,500,POST,SOAP/listar-playlists-usuario,52.000000,0.000000,1900,2000,2000,2100,2100,2200,2200,2200,2200,2200,2200,3877,0,1500.0,1319.4774596156838,2.3791250000613218,2247.774902999936,1608.0
1780244615,500,POST,SOAP/listar-usuarios,51.900000,0.000000,1900,2000,2100,2100,2200,2200,2200,2200,2300,2300,2300,4091,0,1500.0,1324.8392695712525,6.272203999969861,2263.0513399999472,28012.0
1780244615,500,,Aggregated,261.400000,0.000000,1900,2000,2000,2100,2100,2200,2200,2200,2300,2300,2300,19409,0,1500.0,1339.7101155414452,2.3791250000613218,2308.670955000025,21325.74687000876
1780244616,500,POST,SOAP/listar-musicas,52.400000,0.000000,2000,2000,2100,2100,2200,2200,2200,2300,2300,2300,2300,4028,0,1500.0,1340.2762724312317,21.359629000016866,2292.873030999999,71703.0
1780244616,500,POST,SOAP/listar-musicas-playlist,53.800000,0.000000,1900,2000,2000,2100,2200,2200,2300,2300,2300,2300,2300,3853,0,1600.0,1380.8536676781666,42.98161299993808,2308.670955000025,753.0
1780244616,500,POST,SOAP/listar-playlists-musica,51.900000,0.000000,1900,2000,2000,2000,2100,2100,2200,2200,2300,2300,2300,3766,0,1600.0,1364.777762943973,42.64575499996681,2271.383960000094,1263.0
1780244616,500,POST,SOAP/listar-playlists-usuario,51.500000,0.000000,1900,2000,2000,2100,2100,2200,2200,2200,2200,2200,2200,3950,0,1500.0,1329.6675956030392,2.3791250000613218,2247.774902999936,1608.0
1780244616,500,POST,SOAP/listar-usuarios,50.900000,0.000000,1900,2000,2100,2100,2200,2200,2200,2200,2300,2300,2300,4149,0,1500.0,1332.0311605251845,6.272203999969861,2263.0513399999472,28012.0
1780244616,500,,Aggregated,260.500000,0.000000,1900,2000,2000,2100,2100,2200,2200,2200,2300,2300,2300,19746,0,1600.0,1349.0124252919536,2.3791250000613218,2308.670955000025,21222.062139167425
1780244617,500,POST,SOAP/listar-musicas,51.600000,0.000000,1900,2000,2100,2100,2200,2200,2200,2300,2300,2300,2300,4094,0,1500.0,1347.8495303407426,21.359629000016866,2292.873030999999,71703.0
1780244617,500,POST,SOAP/listar-musicas-playlist,51.800000,0.000000,1900,2000,2000,2100,2200,2200,2300,2300,2300,2300,2300,3887,0,1600.0,1385.6552342714115,42.98161299993808,2308.670955000025,753.0
1780244617,500,POST,SOAP/listar-playlists-musica,50.900000,0.000000,1900,1900,2000,2000,2100,2100,2200,2200,2300,2300,2300,3794,0,1600.0,1368.178642938061,42.64575499996681,2271.383960000094,1263.0
1780244617,500,POST,SOAP/listar-playlists-usuario,50.600000,0.000000,1900,2000,2000,2100,2100,2200,2200,2200,2200,2200,2200,3985,0,1600.0,1333.4713350484326,2.3791250000613218,2247.774902999936,1608.0
1780244617,500,POST,SOAP/listar-usuarios,53.700000,0.000000,1900,2000,2100,2100,2200,2200,2200,2200,2300,2300,2300,4178,0,1500.0,1335.3735259243635,6.272203999969861,2263.0513399999472,28012.0
1780244617,500,,Aggregated,258.600000,0.000000,1900,2000,2000,2100,2100,2200,2200,2200,2300,2300,2300,19938,0,1600.0,1353.6002360123844,2.3791250000613218,2308.670955000025,21301.676747918547
1780244618,500,POST,SOAP/listar-musicas,51.100000,0.000000,1900,2000,2000,2000,2100,2200,2200,2200,2300,2300,2300,4139,0,1600.0,1354.6403463235085,21.359629000016866,2292.873030999999,71703.0
1780244618,500,POST,SOAP/listar-musicas-playlist,52.700000,0.000000,1900,2000,2000,2000,2100,2100,2200,2200,2300,2300,2300,3946,0,1600.0,1393.9475812336482,42.98161299993808,2308.670955000025,753.0
1780244618,500,POST,SOAP/listar-playlists-musica,55.900000,0.000000,1900,2000,2000,2000,2100,2100,2100,2200,2300,2300,2300,3846,0,1600.0,1376.1701788099328,42.64575499996681,2271.383960000094,1263.0
1780244618,500,POST,SOAP/listar-playlists-usuario,54.900000,0.000000,1900,1900,2000,2000,2100,2100,2200,2200,2200,2200,2200,4026,0,1600.0,1339.309595305266,2.3791250000613218,2247.774902999936,1608.0
1780244618,500,POST,SOAP/listar-usuarios,53.400000,0.000000,1900,2000,2000,2100,2100,2200,2200,2200,2300,2300,2300,4249,0,1600.0,1345.4735592642946,6.272203999969861,2263.0513399999472,28012.0
1780244618,500,,Aggregated,268.000000,0.000000,1900,2000,2000,2000,2100,2100,2200,2200,2300,2300,2300,20206,0,1600.0,1361.432329045675,2.3791250000613218,2308.670955000025,21285.97193902801
1780244619,500,POST,SOAP/listar-musicas,52.600000,0.000000,1900,2000,2100,2100,2200,2200,2300,2300,2300,2300,2300,4183,0,1600.0,1362.1559746464266,21.359629000016866,2303.2559270000093,71703.0
1780244619,500,POST,SOAP/listar-musicas-playlist,50.500000,0.000000,1900,2000,2000,2100,2100,2200,2300,2300,2300,2300,2300,3993,0,1700.0,1402.2737079494048,42.98161299993808,2310.7548880000195,753.0
1780244619,500,POST,SOAP/listar-playlists-musica,51.500000,0.000000,1900,2000,2000,2000,2100,2100,2200,2200,2300,2300,2300,3892,0,1600.0,1382.365419865879,42.64575499996681,2271.383960000094,1263.0
1780244619,500,POST,SOAP/listar-playlists-usuario,50.200000,0.000000,1900,2000,2000,2000,2100,2200,2200,2200,2300,2300,2300,4102,0,1600.0,1351.6488169746467,2.3791250000613218,2281.9651820000217,1608.0
1780244619,500,POST,SOAP/listar-usuarios,50.200000,0.000000,1900,2000,2100,2100,2200,2200,2200,2300,2300,2300,2300,4322,0,1600.0,1356.2278348609407,6.272203999969861,2273.18745499997,28012.0
1780244619,500,,Aggregated,255.000000,0.000000,1900,2000,2000,2100,2100,2200,2200,2300,2300,2300,2300,20492,0,1600.0,1370.4579212085148,2.3791250000613218,2310.7548880000195,21253.16484481749
1780244620,500,POST,SOAP/listar-musicas,52.100000,0.000000,1900,2000,2100,2100,2200,2200,2300,2300,2300,2300,2300,4249,0,1600.0,1371.735728069429,21.359629000016866,2303.2559270000093,71703.0
1780244620,500,POST,SOAP/listar-musicas-playlist,52.000000,0.000000,1900,2000,2000,2100,2100,2200,2300,2300,2300,2300,2300,4026,0,1700.0,1406.8115328835013,42.98161299993808,2310.7548880000195,753.0
1780244620,500,POST,SOAP/listar-playlists-musica,50.700000,0.000000,1900,1900,2000,2000,2100,2100,2200,2200,2300,2300,2300,3946,0,1700.0,1390.2772706857577,42.64575499996681,2271.383960000094,1263.0
1780244620,500,POST,SOAP/listar-playlists-usuario,50.700000,0.000000,1900,2000,2000,2100,2100,2200,2200,2200,2300,2300,2300,4139,0,1600.0,1357.0149071894177,2.3791250000613218,2281.9651820000217,1608.0
1780244620,500,POST,SOAP/listar-usuarios,52.400000,0.000000,1900,2000,2100,2100,2200,2200,2200,2300,2300,2300,2300,4347,0,1600.0,1359.7319156643634,6.272203999969861,2273.18745499997,28012.0
1780244620,500,,Aggregated,257.900000,0.000000,1900,2000,2000,2100,2100,2200,2200,2300,2300,2300,2300,20707,0,1600.0,1376.6263480142895,2.3791250000613218,2310.7548880000195,21302.2214227073
1780244621,500,POST,SOAP/listar-musicas,51.200000,0.000000,1900,2000,2000,2100,2100,2200,2200,2300,2300,2300,2300,4309,0,1600.0,1381.0321866795096,21.359629000016866,2303.2559270000093,71703.0
1780244621,500,POST,SOAP/listar-musicas-playlist,51.500000,0.000000,1900,2000,2000,2000,2100,2200,2300,2300,2300,2300,2300,4094,0,1700.0,1416.690350634093,42.98161299993808,2310.7548880000195,753.0
1780244621,500,POST,SOAP/listar-playlists-musica,53.600000,0.000000,1900,1900,2000,2000,2000,2100,2100,2200,2200,2200,2200,3985,0,1700.0,1396.1436558127975,42.64575499996681,2271.383960000094,1263.0
1780244621,500,POST,SOAP/listar-playlists-usuario,53.700000,0.000000,1900,2000,2000,2000,2100,2200,2200,2200,2300,2300,2300,4178,0,1600.0,1363.0192448717085,2.3791250000613218,2281.9651820000217,1608.0
1780244621,500,POST,SOAP/listar-usuarios,53.800000,0.000000,1900,2000,2000,2000,2100,2200,2200,2300,2300,2300,2300,4388,0,1600.0,1365.922751626023,6.272203999969861,2273.18745499997,28012.0
1780244621,500,,Aggregated,263.800000,0.000000,1900,2000,2000,2000,2100,2200,2200,2300,2300,2300,2300,20954,0,1600.0,1384.1172995858008,2.3791250000613218,2310.7548880000195,21319.029493175527
1780244622,500,POST,SOAP/listar-musicas,52.700000,0.000000,1900,2000,2100,2100,2100,2200,2200,2300,2300,2300,2300,4353,0,1600.0,1387.8615921291073,21.359629000016866,2303.2559270000093,71703.0
1780244622,500,POST,SOAP/listar-musicas-playlist,50.800000,0.000000,1900,2000,2000,2100,2200,2200,2300,2300,2300,2300,2300,4159,0,1700.0,1425.620871056258,42.98161299993808,2310.7548880000195,753.0
1780244622,500,POST,SOAP/listar-playlists-musica,52.000000,0.000000,1900,2000,2000,2000,2100,2100,2200,2200,2300,2300,2300,4032,0,1700.0,1403.842761313988,42.64575499996681,2271.383960000094,1263.0
1780244622,500,POST,SOAP/listar-playlists-usuario,52.200000,0.000000,1900,2000,2000,2000,2100,2200,2200,2200,2300,2300,2300,4274,0,1600.0,1376.3450910021058,2.3791250000613218,2281.9651820000217,1608.0
1780244622,500,POST,SOAP/listar-usuarios,50.800000,0.000000,1900,2000,2100,2100,2100,2200,2200,2300,2300,2300,2300,4456,0,1600.0,1375.4360936207336,6.272203999969861,2273.18745499997,28012.0
1780244622,500,,Aggregated,258.500000,0.000000,1900,2000,2000,2100,2100,2200,2200,2300,2300,2300,2300,21274,0,1600.0,1393.355968740991,2.3791250000613218,2310.7548880000195,21248.536523455863
1780244623,500,POST,SOAP/listar-musicas,51.900000,0.000000,1900,2000,2100,2100,2200,2200,2200,2300,2300,2300,2300,4402,0,1600.0,1391.4773685068174,21.359629000016866,2303.2559270000093,71703.0
1780244623,500,POST,SOAP/listar-musicas-playlist,52.700000,0.000000,1900,2000,2000,2100,2200,2200,2300,2300,2300,2300,2300,4201,0,1700.0,1428.1986691980428,42.98161299993808,2310.7548880000195,753.0
1780244623,500,POST,SOAP/listar-playlists-musica,50.600000,0.000000,1900,2000,2000,2000,2100,2100,2200,2200,2300,2300,2300,4116,0,1700.0,1409.4683637465987,42.64575499996681,2271.383960000094,1263.0
1780244623,500,POST,SOAP/listar-playlists-usuario,51.000000,0.000000,1900,2000,2000,2000,2100,2200,2200,2200,2300,2300,2300,4326,0,1600.0,1379.931880275774,2.3791250000613218,2281.9651820000217,1608.0
1780244623,500,POST,SOAP/listar-usuarios,53.000000,0.000000,1900,2000,2000,2100,2100,2200,2200,2300,2300,2300,2300,4514,0,1600.0,1378.9317352574183,6.272203999969861,2273.18745499997,28012.0
1780244623,500,,Aggregated,259.200000,0.000000,1900,2000,2000,2100,2100,2200,2200,2300,2300,2300,2300,21559,0,1700.0,1397.1242143732945,2.3791250000613218,2310.7548880000195,21216.236513752956
1780244624,500,POST,SOAP/listar-musicas,51.600000,0.000000,1900,2000,2000,2100,2200,2200,2200,2300,2300,2300,2300,4462,0,1700.0,1397.315629145677,21.359629000016866,2303.2559270000093,71703.0
1780244624,500,POST,SOAP/listar-musicas-playlist,52.500000,0.000000,1900,2000,2000,2000,2100,2200,2300,2300,2300,2300,2300,4275,0,1700.0,1435.504449467597,42.98161299993808,2310.7548880000195,753.0
1780244624,500,POST,SOAP/listar-playlists-musica,50.800000,0.000000,1900,1900,2000,2000,2100,2100,2200,2200,2300,2300,2300,4166,0,1700.0,1414.7708236735489,42.64575499996681,2271.383960000094,1263.0
1780244624,500,POST,SOAP/listar-playlists-usuario,55.500000,0.000000,1900,2000,2000,2000,2100,2200,2200,2200,2300,2300,2300,4353,0,1600.0,1382.4528145756944,2.3791250000613218,2281.9651820000217,1608.0
1780244624,500,POST,SOAP/listar-usuarios,53.500000,0.000000,1900,2000,2000,2000,2100,2200,2200,2300,2300,2300,2300,4546,0,1600.0,1382.2021975708287,6.272203999969861,2273.18745499997,28012.0
1780244624,500,,Aggregated,263.900000,0.000000,1900,2000,2000,2000,2100,2200,2200,2300,2300,2300,2300,21802,0,1700.0,1402.0203376823613,2.3791250000613218,2310.7548880000195,21225.653380423813
1780244625,500,POST,SOAP/listar-musicas,52.200000,0.000000,1900,2000,2100,2100,2200,2200,2200,2300,2300,2300,2300,4510,0,1700.0,1404.3867344587604,21.359629000016866,2303.2559270000093,71703.0
1780244625,500,POST,SOAP/listar-musicas-playlist,52.900000,0.000000,1900,2000,2000,2000,2200,2200,2300,2300,2300,2300,2300,4326,0,1700.0,1442.7714494861254,42.98161299993808,2310.7548880000195,753.0
1780244625,500,POST,SOAP/listar-playlists-musica,52.000000,0.000000,1900,2000,2000,2000,2100,2100,2200,2200,2300,2300,2300,4200,0,1700.0,1419.711702739763,42.64575499996681,2271.383960000094,1263.0
1780244625,500,POST,SOAP/listar-playlists-usuario,53.600000,0.000000,1900,2000,2000,2100,2100,2200,2200,2200,2300,2300,2300,4398,0,1700.0,1389.4689178324234,2.3791250000613218,2281.9651820000217,1608.0
1780244625,500,POST,SOAP/listar-usuarios,51.600000,0.000000,1900,2000,2100,2100,2200,2200,2200,2300,2300,2300,2300,4615,0,1600.0,1392.767688684722,6.272203999969861,2273.18745499997,28012.0
1780244625,500,,Aggregated,262.300000,0.000000,1900,2000,2000,2100,2100,2200,2200,2300,2300,2300,2300,22049,0,1700.0,1409.42944343507,2.3791250000613218,2310.7548880000195,21238.60365549458
1780244626,500,POST,SOAP/listar-musicas,52.700000,0.000000,2000,2000,2100,2100,2200,2200,2200,2300,2300,2300,2300,4562,0,1700.0,1409.5428490857105,21.359629000016866,2303.2559270000093,71703.0
1780244626,500,POST,SOAP/listar-musicas-playlist,53.400000,0.000000,1900,2000,2000,2000,2200,2200,2300,2300,2300,2300,2300,4355,0,1700.0,1445.559347541901,42.98161299993808,2310.7548880000195,753.0
1780244626,500,POST,SOAP/listar-playlists-musica,51.600000,0.000000,1900,2000,2000,2000,2100,2100,2200,2200,2300,2300,2300,4275,0,1700.0,1426.8399400619887,42.64575499996681,2271.383960000094,1263.0
1780244626,500,POST,SOAP/listar-playlists-usuario,51.200000,0.000000,1900,2000,2000,2100,2100,2200,2200,2200,2300,2300,2300,4470,0,1700.0,1396.8806577821026,2.3791250000613218,2281.9651820000217,1608.0
1780244626,500,POST,SOAP/listar-usuarios,50.500000,0.000000,1900,2000,2000,2100,2200,2200,2200,2300,2300,2300,2300,4668,0,1600.0,1397.251481598327,6.272203999969861,2273.18745499997,28012.0
1780244626,500,,Aggregated,259.400000,0.000000,1900,2000,2000,2100,2100,2200,2200,2300,2300,2300,2300,22330,0,1700.0,1414.7744127284293,2.3791250000613218,2310.7548880000195,21215.203851321094
1780244627,500,POST,SOAP/listar-musicas,51.600000,0.000000,1900,2000,2100,2100,2200,2200,2200,2300,2300,2300,2300,4617,0,1700.0,1415.283372000002,21.359629000016866,2303.2559270000093,71703.0
1780244627,500,POST,SOAP/listar-musicas-playlist,53.800000,0.000000,1900,2000,2000,2000,2200,2200,2300,2300,2300,2300,2300,4426,0,1700.0,1453.2661454215952,42.98161299993808,2310.7548880000195,753.0
1780244627,500,POST,SOAP/listar-playlists-musica,52.900000,0.000000,1900,1900,2000,2000,2100,2100,2200,2200,2300,2300,2300,4336,0,1700.0,1433.5231856609773,42.64575499996681,2271.383960000094,1263.0
1780244627,500,POST,SOAP/listar-playlists-usuario,53.400000,0.000000,1900,2000,2000,2100,2100,2200,2200,2200,2300,2300,2300,4523,0,1700.0,1402.4501592896306,2.3791250000613218,2281.9651820000217,1608.0
1780244627,500,POST,SOAP/listar-usuarios,52.300000,0.000000,1900,2000,2100,2100,2200,2200,2200,2300,2300,2300,2300,4708,0,1600.0,1401.5106261762933,6.272203999969861,2273.18745499997,28012.0
1780244627,500,,Aggregated,264.000000,0.000000,1900,2000,2000,2100,2100,2200,2200,2300,2300,2300,2300,22610,0,1700.0,1420.7815090531112,2.3791250000613218,2310.7548880000195,21185.99632905794
1780244628,500,POST,SOAP/listar-musicas,52.100000,0.000000,1900,2000,2100,2100,2200,2200,2300,2300,2300,2300,2300,4667,0,1700.0,1422.766059327408,21.359629000016866,2325.7806900001015,71703.0
1780244628,500,POST,SOAP/listar-musicas-playlist,50.000000,0.000000,1900,2000,2000,2000,2100,2200,2300,2300,2300,2300,2300,4460,0,1700.0,1458.4497194786954,42.98161299993808,2320.1653269998133,753.0
1780244628,500,POST,SOAP/listar-playlists-musica,52.100000,0.000000,1900,1900,2000,2000,2100,2100,2200,2200,2300,2300,2300,4353,0,1700.0,1435.9031941865373,42.64575499996681,2271.383960000094,1263.0
1780244628,500,POST,SOAP/listar-playlists-usuario,51.500000,0.000000,1900,2000,2000,2100,2200,2200,2300,2300,2300,2300,2300,4557,0,1700.0,1408.291402256747,2.3791250000613218,2299.9981739999384,1608.0
1780244628,500,POST,SOAP/listar-usuarios,52.200000,0.000000,1900,2000,2100,2100,2200,2200,2200,2200,2300,2300,2300,4775,0,1700.0,1410.8239112263852,6.272203999969861,2273.18745499997,28012.0
1780244628,500,,Aggregated,257.900000,0.000000,1900,2000,2000,2100,2100,2200,2200,2300,2300,2300,2300,22812,0,1700.0,1426.8582170892448,2.3791250000613218,2325.7806900001015,21242.288093985622
1780244629,500,POST,SOAP/listar-musicas,51.700000,0.000000,1900,2000,2100,2100,2200,2200,2300,2300,2300,2300,2300,4711,0,1700.0,1427.1177370670798,21.359629000016866,2325.7806900001015,71703.0
1780244629,500,POST,SOAP/listar-musicas-playlist,53.200000,0.000000,1900,2000,2000,2000,2100,2200,2300,2300,2300,2300,2300,4523,0,1700.0,1465.5995813674506,42.98161299993808,2320.1653269998133,753.0
1780244629,500,POST,SOAP/listar-playlists-musica,53.700000,0.000000,1900,1900,2000,2000,2100,2100,2200,2200,2300,2300,2300,4426,0,1700.0,1443.5890154489377,42.64575499996681,2271.383960000094,1263.0
1780244629,500,POST,SOAP/listar-playlists-usuario,51.500000,0.000000,1900,2000,2000,2100,2100,2200,2300,2300,2300,2300,2300,4622,0,1700.0,1415.1867465880557,2.3791250000613218,2299.9981739999384,1608.0
1780244629,500,POST,SOAP/listar-usuarios,52.800000,0.000000,1900,2000,2000,2100,2200,2200,2200,2200,2300,2300,2300,4840,0,1700.0,1417.2255897997914,6.272203999969861,2273.18745499997,28012.0
1780244629,500,,Aggregated,262.900000,0.000000,1900,2000,2000,2100,2100,2200,2200,2300,2300,2300,2300,23122,0,1700.0,1433.342641016602,2.3791250000613218,2325.7806900001015,21183.24305855895
1780244630,500,POST,SOAP/listar-musicas,51.500000,0.000000,1900,2000,2100,2100,2200,2200,2300,2300,2300,2300,2300,4780,0,1700.0,1436.1398172820109,21.359629000016866,2325.7806900001015,71703.0
1780244630,500,POST,SOAP/listar-musicas-playlist,51.400000,0.000000,1900,2000,2000,2100,2200,2200,2300,2300,2300,2300,2300,4568,0,1800.0,1471.1101953918517,42.98161299993808,2320.1653269998133,753.0
1780244630,500,POST,SOAP/listar-playlists-musica,51.000000,0.000000,1900,1900,2000,2000,2100,2100,2200,2200,2300,2300,2300,4465,0,1700.0,1448.8195824860018,42.64575499996681,2271.383960000094,1263.0
1780244630,500,POST,SOAP/listar-playlists-usuario,50.600000,0.000000,1900,2000,2000,2100,2100,2200,2300,2300,2300,2300,2300,4668,0,1700.0,1421.1461756902306,2.3791250000613218,2299.9981739999384,1608.0
1780244630,500,POST,SOAP/listar-usuarios,53.500000,0.000000,1900,2000,2100,2100,2200,2200,2200,2200,2300,2300,2300,4855,0,1700.0,1419.0523964053527,6.272203999969861,2273.18745499997,28012.0
1780244630,500,,Aggregated,258.000000,0.000000,1900,2000,2000,2100,2100,2200,2300,2300,2300,2300,2300,23336,0,1700.0,1438.8570820889556,2.3791250000613218,2325.7806900001015,21225.73461604388
1780244631,500,POST,SOAP/listar-musicas,52.200000,0.000000,1900,2000,2100,2100,2200,2200,2300,2300,2300,2300,2300,4831,0,1700.0,1443.5382093630744,21.359629000016866,2325.7806900001015,71703.0
1780244631,500,POST,SOAP/listar-musicas-playlist,52.000000,0.000000,2000,2000,2000,2100,2200,2200,2300,2300,2300,2300,2300,4617,0,1800.0,1478.06122125384,42.98161299993808,2320.1653269998133,753.0
1780244631,500,POST,SOAP/listar-playlists-musica,50.400000,0.000000,1900,2000,2000,2000,2100,2100,2200,2200,2300,2300,2300,4521,0,1700.0,1456.8694870515367,42.64575499996681,2271.383960000094,1263.0
1780244631,500,POST,SOAP/listar-playlists-usuario,51.600000,0.000000,1900,2000,2000,2100,2200,2200,2300,2300,2300,2300,2300,4708,0,1700.0,1426.99732979333,2.3791250000613218,2299.9981739999384,1608.0
1780244631,500,POST,SOAP/listar-usuarios,51.600000,0.000000,1900,2000,2000,2100,2200,2200,2200,2200,2300,2300,2300,4913,0,1700.0,1426.7744178815358,6.272203999969861,2273.18745499997,28012.0
1780244631,500,,Aggregated,257.800000,0.000000,1900,2000,2000,2100,2200,2200,2300,2300,2300,2300,2300,23590,0,1700.0,1446.0574329224612,2.3791250000613218,2325.7806900001015,21228.369520983466
1780244632,500,POST,SOAP/listar-musicas,52.300000,0.000000,2000,2000,2100,2100,2200,2200,2300,2300,2300,2300,2300,4873,0,1700.0,1447.237295389701,21.359629000016866,2325.7806900001015,71703.0
1780244632,500,POST,SOAP/listar-musicas-playlist,50.100000,0.000000,2000,2000,2100,2100,2200,2200,2300,2300,2300,2300,2300,4678,0,1800.0,1483.0192802032877,42.98161299993808,2320.1653269998133,753.0
1780244632,500,POST,SOAP/listar-playlists-musica,50.800000,0.000000,1900,2000,2000,2000,2100,2200,2200,2200,2300,2300,2300,4594,0,1700.0,1461.2440456216798,42.64575499996681,2281.083901000102,1263.0
1780244632,500,POST,SOAP/listar-playlists-usuario,50.800000,0.000000,1900,2000,2100,2100,2200,2200,2300,2300,2300,2300,2300,4793,0,1700.0,1434.6987161564784,2.3791250000613218,2299.9981739999384,1608.0
1780244632,500,POST,SOAP/listar-usuarios,50.900000,0.000000,1900,2000,2100,2100,2200,2200,2200,2200,2300,2300,2300,4987,0,1700.0,1432.8103158897104,6.272203999969861,2273.18745499997,28012.0
1780244632,500,,Aggregated,254.900000,0.000000,1900,2000,2100,2100,2200,2200,2300,2300,2300,2300,2300,23925,0,1700.0,1451.4040823695213,2.3791250000613218,2325.7806900001015,21155.12907001045
1780244633,500,POST,SOAP/listar-musicas,52.300000,0.000000,2000,2000,2100,2100,2200,2200,2300,2300,2300,2300,2300,4932,0,1700.0,1450.467070402071,21.359629000016866,2325.7806900001015,71703.0
1780244633,500,POST,SOAP/listar-musicas-playlist,50.900000,0.000000,2000,2000,2100,2100,2200,2200,2300,2300,2300,2300,2300,4739,0,1800.0,1485.7722108092385,42.98161299993808,2320.1653269998133,753.0
1780244633,500,POST,SOAP/listar-playlists-musica,51.300000,0.000000,1900,2000,2000,2000,2100,2200,2200,2200,2300,2300,2300,4629,0,1700.0,1462.876593437891,42.64575499996681,2281.083901000102,1263.0
1780244633,500,POST,SOAP/listar-playlists-usuario,50.800000,0.000000,1900,2000,2000,2100,2200,2200,2300,2300,2300,2300,2300,4844,0,1700.0,1437.221899297275,2.3791250000613218,2299.9981739999384,1608.0
1780244633,500,POST,SOAP/listar-usuarios,50.600000,0.000000,1900,2000,2100,2100,2200,2200,2200,2200,2300,2300,2300,5023,0,1700.0,1434.1640768405307,6.272203999969861,2273.18745499997,28012.0
1780244633,500,,Aggregated,255.900000,0.000000,1900,2000,2000,2100,2200,2200,2300,2300,2300,2300,2300,24167,0,1700.0,1453.7237922554643,2.3791250000613218,2325.7806900001015,21167.191542185625
1780244634,500,POST,SOAP/listar-musicas,50.900000,0.000000,1900,2000,2100,2100,2200,2200,2300,2300,2300,2300,2300,4984,0,1700.0,1455.7991483164149,21.359629000016866,2325.7806900001015,71703.0
1780244634,500,POST,SOAP/listar-musicas-playlist,52.900000,0.000000,1900,2000,2100,2100,2200,2200,2300,2300,2300,2300,2300,4790,0,1800.0,1490.561588450517,42.98161299993808,2320.1653269998133,753.0
1780244634,500,POST,SOAP/listar-playlists-musica,54.800000,0.000000,1900,1900,2000,2000,2100,2100,2200,2200,2300,2300,2300,4668,0,1700.0,1466.1308806891598,42.64575499996681,2281.083901000102,1263.0
1780244634,500,POST,SOAP/listar-playlists-usuario,52.900000,0.000000,1900,2000,2000,2100,2200,2200,2300,2300,2300,2300,2300,4868,0,1700.0,1440.0244707200084,2.3791250000613218,2299.9981739999384,1608.0
1780244634,500,POST,SOAP/listar-usuarios,53.500000,0.000000,1900,2000,2000,2100,2200,2200,2200,2200,2300,2300,2300,5079,0,1700.0,1440.3276233910187,6.272203999969861,2273.18745499997,28012.0
1780244634,500,,Aggregated,265.000000,0.000000,1900,2000,2000,2100,2200,2200,2300,2300,2300,2300,2300,24389,0,1700.0,1458.2334264468334,2.3791250000613218,2325.7806900001015,21196.891959489934
1780244635,500,POST,SOAP/listar-musicas,51.700000,0.000000,2000,2000,2100,2100,2200,2200,2300,2300,2300,2300,2300,5027,0,1700.0,1460.7104118531945,21.359629000016866,2325.7806900001015,71703.0
1780244635,500,POST,SOAP/listar-musicas-playlist,50.900000,0.000000,2000,2000,2100,2100,2200,2200,2300,2300,2300,2300,2300,4853,0,1800.0,1497.0214843758451,42.98161299993808,2320.1653269998133,753.0
1780244635,500,POST,SOAP/listar-playlists-musica,50.600000,0.000000,1900,2000,2000,2000,2100,2200,2200,2200,2300,2300,2300,4755,0,1800.0,1474.8626225095686,42.64575499996681,2281.083901000102,1263.0
1780244635,500,POST,SOAP/listar-playlists-usuario,50.600000,0.000000,1900,2000,2000,2100,2200,2200,2300,2300,2300,2300,2300,4956,0,1700.0,1448.6982145887823,2.3791250000613218,2299.9981739999384,1608.0
1780244635,500,POST,SOAP/listar-usuarios,52.200000,0.000000,1900,2000,2100,2100,2200,2200,2200,2200,2300,2300,2300,5145,0,1700.0,1447.0957260413954,6.272203999969861,2273.18745499997,28012.0
1780244635,500,,Aggregated,256.000000,0.000000,1900,2000,2100,2100,2200,2200,2300,2300,2300,2300,2300,24736,0,1700.0,1465.3163056306496,2.3791250000613218,2325.7806900001015,21111.0059427555
1780244636,500,POST,SOAP/listar-musicas,51.300000,0.000000,1900,2000,2100,2100,2200,2200,2300,2300,2300,2300,2300,5091,0,1700.0,1465.2918969285033,21.359629000016866,2325.7806900001015,71703.0
1780244636,500,POST,SOAP/listar-musicas-playlist,51.200000,0.000000,2000,2000,2100,2100,2200,2200,2300,2300,2300,2300,2300,4872,0,1800.0,1498.3886340289362,42.98161299993808,2320.1653269998133,753.0
1780244636,500,POST,SOAP/listar-playlists-musica,52.100000,0.000000,1900,2000,2000,2000,2100,2200,2200,2200,2300,2300,2300,4791,0,1800.0,1477.153805025673,42.64575499996681,2281.083901000102,1263.0
1780244636,500,POST,SOAP/listar-playlists-usuario,50.300000,0.000000,1900,2000,2100,2100,2200,2200,2300,2300,2300,2300,2300,4987,0,1700.0,1450.9350849420505,2.3791250000613218,2299.9981739999384,1608.0
1780244636,500,POST,SOAP/listar-usuarios,53.300000,0.000000,1900,2000,2100,2100,2200,2200,2200,2200,2300,2300,2300,5177,0,1700.0,1448.911661829434,6.272203999969861,2273.18745499997,28012.0
1780244636,500,,Aggregated,258.200000,0.000000,1900,2000,2100,2100,2200,2200,2300,2300,2300,2300,2300,24918,0,1700.0,1467.7672082039799,2.3791250000613218,2325.7806900001015,21181.348503090136
1780244637,500,POST,SOAP/listar-musicas,52.300000,0.000000,1900,2000,2100,2100,2200,2200,2300,2300,2300,2300,2300,5142,0,1700.0,1469.936793117077,21.359629000016866,2325.7806900001015,71703.0
1780244637,500,POST,SOAP/listar-musicas-playlist,50.200000,0.000000,1900,2000,2000,2100,2200,2200,2300,2300,2300,2300,2300,4933,0,1800.0,1503.6185846971366,42.98161299993808,2320.1653269998133,753.0
1780244637,500,POST,SOAP/listar-playlists-musica,51.000000,0.000000,1900,1900,2000,2000,2100,2200,2200,2200,2300,2300,2300,4844,0,1800.0,1482.0662413810908,42.64575499996681,2281.083901000102,1263.0
1780244637,500,POST,SOAP/listar-playlists-usuario,52.700000,0.000000,1900,2000,2000,2100,2200,2200,2300,2300,2300,2300,2300,5026,0,1700.0,1454.4123457268215,2.3791250000613218,2299.9981739999384,1608.0
1780244637,500,POST,SOAP/listar-usuarios,51.000000,0.000000,1900,2000,2000,2100,2100,2200,2200,2200,2300,2300,2300,5239,0,1700.0,1454.5610135380757,6.272203999969861,2273.18745499997,28012.0
1780244637,500,,Aggregated,257.200000,0.000000,1900,2000,2000,2100,2100,2200,2200,2300,2300,2300,2300,25184,0,1700.0,1472.5705186355522,2.3791250000613218,2325.7806900001015,21178.765208068617
1780244638,500,POST,SOAP/listar-musicas,52.600000,0.000000,1900,2000,2100,2100,2200,2200,2300,2300,2300,2300,2300,5182,0,1800.0,1474.9883046646103,21.359629000016866,2325.7806900001015,71703.0
1780244638,500,POST,SOAP/listar-musicas-playlist,50.300000,0.000000,2000,2000,2100,2100,2200,2200,2300,2300,2300,2300,2300,4996,0,1800.0,1510.5142459997953,42.98161299993808,2336.7408960000375,753.0
1780244638,500,POST,SOAP/listar-playlists-musica,50.700000,0.000000,1900,1900,2000,2000,2100,2200,2200,2300,2300,2300,2300,4889,0,1800.0,1486.167707313153,42.64575499996681,2281.083901000102,1263.0
1780244638,500,POST,SOAP/listar-playlists-usuario,51.900000,0.000000,1900,2000,2100,2100,2200,2200,2300,2300,2300,2300,2300,5103,0,1700.0,1462.8466092725855,2.3791250000613218,2299.9981739999384,1608.0
1780244638,500,POST,SOAP/listar-usuarios,50.200000,0.000000,1900,2000,2100,2100,2100,2200,2200,2200,2300,2300,2300,5317,0,1700.0,1462.5719894244835,6.272203999969861,2311.293719000105,28012.0
1780244638,500,,Aggregated,255.700000,0.000000,1900,2000,2100,2100,2200,2200,2300,2300,2300,2300,2300,25487,0,1700.0,1479.0753719044505,2.3791250000613218,2336.7408960000375,21134.19268646761
1780244639,500,POST,SOAP/listar-musicas,51.800000,0.000000,1900,2000,2100,2100,2200,2200,2300,2300,2300,2300,2300,5242,0,1800.0,1480.6167839196892,21.359629000016866,2325.7806900001015,71703.0
1780244639,500,POST,SOAP/listar-musicas-playlist,53.500000,0.000000,2000,2000,2100,2100,2200,2200,2300,2300,2300,2300,2300,5026,0,1800.0,1513.2952571247465,42.98161299993808,2336.7408960000375,753.0
1780244639,500,POST,SOAP/listar-playlists-musica,51.700000,0.000000,1900,1900,2000,2000,2100,2200,2200,2300,2300,2300,2300,4949,0,1800.0,1491.7469274320067,42.64575499996681,2281.083901000102,1263.0
1780244639,500,POST,SOAP/listar-playlists-usuario,52.400000,0.000000,1900,2000,2000,2100,2200,2200,2300,2300,2300,2300,2300,5144,0,1700.0,1466.6667610692077,2.3791250000613218,2299.9981739999384,1608.0
1780244639,500,POST,SOAP/listar-usuarios,52.200000,0.000000,1900,2000,2100,2100,2100,2200,2200,2200,2300,2300,2300,5345,0,1700.0,1464.9350162581813,6.272203999969861,2311.293719000105,28012.0
1780244639,500,,Aggregated,261.600000,0.000000,1900,2000,2000,2100,2200,2200,2300,2300,2300,2300,2300,25706,0,1800.0,1483.0966376844597,2.3791250000613218,2336.7408960000375,21158.40593635727
1780244640,500,POST,SOAP/listar-musicas,52.000000,0.000000,1900,2000,2100,2100,2200,2200,2300,2300,2300,2300,2300,5297,0,1800.0,1486.9332347228637,21.359629000016866,2325.7806900001015,71703.0
1780244640,500,POST,SOAP/listar-musicas-playlist,52.800000,0.000000,2000,2000,2100,2100,2100,2200,2300,2300,2300,2300,2300,5096,0,1800.0,1520.8966872132999,42.98161299993808,2336.7408960000375,753.0
1780244640,500,POST,SOAP/listar-playlists-musica,51.200000,0.000000,1900,1900,2000,2000,2100,2100,2200,2200,2300,2300,2300,4994,0,1800.0,1497.117264930917,42.64575499996681,2281.083901000102,1263.0
1780244640,500,POST,SOAP/listar-playlists-usuario,54.800000,0.000000,1900,2000,2000,2100,2200,2200,2300,2300,2300,2300,2300,5178,0,1700.0,1470.6144933491707,2.3791250000613218,2299.9981739999384,1608.0
1780244640,500,POST,SOAP/listar-usuarios,51.700000,0.000000,1900,2000,2100,2100,2100,2200,2200,2200,2300,2300,2300,5387,0,1700.0,1469.6420273168699,6.272203999969861,2311.293719000105,28012.0
1780244640,500,,Aggregated,262.500000,0.000000,1900,2000,2100,2100,2100,2200,2200,2300,2300,2300,2300,25952,0,1800.0,1488.716936311218,2.3791250000613218,2336.7408960000375,21161.46612977805
1780244641,500,POST,SOAP/listar-musicas,51.800000,0.000000,1900,2000,2100,2100,2200,2300,2300,2300,2300,2300,2300,5348,0,1800.0,1493.2605695607717,21.359629000016866,2325.7806900001015,71703.0
1780244641,500,POST,SOAP/listar-musicas-playlist,51.700000,0.000000,2000,2000,2100,2100,2100,2200,2300,2300,2300,2300,2300,5145,0,1800.0,1526.5266919972744,42.98161299993808,2336.7408960000375,753.0
1780244641,500,POST,SOAP/listar-playlists-musica,53.500000,0.000000,1900,2000,2000,2100,2100,2200,2200,2200,2300,2300,2300,5027,0,1800.0,1501.1332816620243,42.64575499996681,2281.083901000102,1263.0
1780244641,500,POST,SOAP/listar-playlists-usuario,51.000000,0.000000,1900,2000,2100,2100,2200,2200,2300,2300,2300,2300,2300,5252,0,1700.0,1479.0227498055986,2.3791250000613218,2299.9981739999384,1608.0
1780244641,500,POST,SOAP/listar-usuarios,51.700000,0.000000,1900,2000,2100,2100,2200,2200,2200,2200,2300,2300,2300,5453,0,1700.0,1476.9953418725436,6.272203999969861,2311.293719000105,28012.0
1780244641,500,,Aggregated,259.700000,0.000000,1900,2000,2100,2100,2200,2200,2300,2300,2300,2300,2300,26225,0,1800.0,1495.0626289594568,2.3791250000613218,2336.7408960000375,21158.649456625357
1780244642,500,POST,SOAP/listar-musicas,52.200000,0.000000,1900,2000,2100,2100,2200,2300,2300,2300,2300,2300,2300,5400,0,1800.0,1495.3271957316676,21.359629000016866,2325.7806900001015,71703.0
1780244642,500,POST,SOAP/listar-musicas-playlist,55.100000,0.000000,2000,2000,2100,2100,2100,2200,2300,2300,2300,2300,2300,5207,0,1800.0,1528.3208319882806,42.98161299993808,2336.7408960000375,753.0
1780244642,500,POST,SOAP/listar-playlists-musica,52.100000,0.000000,1900,2000,2000,2100,2100,2200,2200,2200,2300,2300,2300,5108,0,1800.0,1503.794273960454,42.64575499996681,2281.083901000102,1263.0
1780244642,500,POST,SOAP/listar-playlists-usuario,52.400000,0.000000,1900,2000,2100,2100,2200,2200,2300,2300,2300,2300,2300,5327,0,1700.0,1481.9435376480194,2.3791250000613218,2299.9981739999384,1608.0
1780244642,500,POST,SOAP/listar-usuarios,50.700000,0.000000,1900,2000,2100,2100,2200,2200,2200,2200,2300,2300,2300,5504,0,1700.0,1478.7000194745603,6.272203999969861,2311.293719000105,28012.0
1780244642,500,,Aggregated,262.500000,0.000000,1900,2000,2100,2100,2200,2200,2300,2300,2300,2300,2300,26546,0,1800.0,1497.294986541956,2.3791250000613218,2336.7408960000375,21107.222896104875
1780244643,500,POST,SOAP/listar-musicas,51.400000,0.000000,1900,2000,2100,2100,2200,2300,2300,2300,2300,2300,2300,5460,0,1800.0,1498.2294870267415,21.359629000016866,2325.7806900001015,71703.0
1780244643,500,POST,SOAP/listar-musicas-playlist,52.000000,0.000000,2000,2000,2100,2100,2100,2200,2300,2300,2300,2300,2300,5282,0,1800.0,1532.401843315027,42.98161299993808,2336.7408960000375,753.0
1780244643,500,POST,SOAP/listar-playlists-musica,52.400000,0.000000,1900,2000,2000,2100,2100,2200,2200,2200,2300,2300,2300,5157,0,1800.0,1506.21482670254,42.64575499996681,2281.083901000102,1263.0
1780244643,500,POST,SOAP/listar-playlists-usuario,52.200000,0.000000,1900,2000,2100,2100,2200,2200,2300,2300,2300,2300,2300,5355,0,1700.0,1483.2596828455648,2.3791250000613218,2299.9981739999384,1608.0
1780244643,500,POST,SOAP/listar-usuarios,53.000000,0.000000,1900,2000,2100,2100,2200,2200,2200,2200,2300,2300,2300,5535,0,1700.0,1479.9131153313422,6.272203999969861,2311.293719000105,28012.0
1780244643,500,,Aggregated,261.000000,0.000000,1900,2000,2100,2100,2200,2200,2300,2300,2300,2300,2300,26789,0,1800.0,1499.7276528372756,2.3791250000613218,2336.7408960000375,21114.870917167493
1780244644,500,POST,SOAP/listar-musicas,52.200000,0.000000,1900,2000,2100,2100,2200,2300,2300,2300,2300,2300,2300,5504,0,1800.0,1502.9608981015645,21.359629000016866,2325.7806900001015,71703.0
1780244644,500,POST,SOAP/listar-musicas-playlist,51.000000,0.000000,2000,2000,2100,2100,2100,2200,2300,2300,2300,2300,2300,5326,0,1800.0,1537.0602082504643,42.98161299993808,2336.7408960000375,753.0
1780244644,500,POST,SOAP/listar-playlists-musica,52.200000,0.000000,1900,1900,2000,2100,2100,2200,2200,2200,2300,2300,2300,5204,0,1800.0,1511.0025110174856,42.64575499996681,2281.083901000102,1263.0
1780244644,500,POST,SOAP/listar-playlists-usuario,51.300000,0.000000,1900,2000,2100,2100,2200,2200,2300,2300,2300,2300,2300,5399,0,1700.0,1488.0945474837924,2.3791250000613218,2299.9981739999384,1608.0
1780244644,500,POST,SOAP/listar-usuarios,50.900000,0.000000,1900,2000,2100,2100,2200,2200,2200,2200,2300,2300,2300,5608,0,1700.0,1487.1580999898324,6.272203999969861,2311.293719000105,28012.0
1780244644,500,,Aggregated,257.600000,0.000000,1900,2000,2100,2100,2200,2200,2300,2300,2300,2300,2300,27041,0,1800.0,1504.9791652023155,2.3791250000613218,2336.7408960000375,21116.42801671536
1780244645,500,POST,SOAP/listar-musicas,52.800000,0.000000,2000,2000,2100,2100,2200,2300,2300,2300,2300,2300,2300,5551,0,1800.0,1506.6250277083427,21.359629000016866,2325.7806900001015,71703.0
1780244645,500,POST,SOAP/listar-musicas-playlist,53.300000,0.000000,2000,2000,2100,2100,2100,2200,2300,2300,2300,2300,2300,5355,0,1800.0,1539.194499374225,42.98161299993808,2336.7408960000375,753.0
1780244645,500,POST,SOAP/listar-playlists-musica,52.400000,0.000000,1900,1900,2000,2100,2100,2200,2200,2200,2300,2300,2300,5282,0,1800.0,1515.5476113568714,42.64575499996681,2281.083901000102,1263.0
1780244645,500,POST,SOAP/listar-playlists-usuario,51.300000,0.000000,1900,2000,2100,2100,2200,2200,2300,2300,2300,2300,2300,5461,0,1800.0,1492.774808088994,2.3791250000613218,2299.9981739999384,1608.0
1780244645,500,POST,SOAP/listar-usuarios,50.400000,0.000000,1900,2000,2100,2100,2200,2200,2200,2200,2300,2300,2300,5669,0,1700.0,1490.8281991518759,6.272203999969861,2311.293719000105,28012.0
1780244645,500,,Aggregated,260.200000,0.000000,1900,2000,2100,2100,2200,2200,2300,2300,2300,2300,2300,27318,0,1800.0,1508.687782565004,2.3791250000613218,2336.7408960000375,21096.27901017644
1780244646,500,POST,SOAP/listar-musicas,51.900000,0.000000,2000,2000,2100,2100,2200,2300,2300,2300,2300,2300,2300,5609,0,1800.0,1511.3084908883943,21.359629000016866,2325.7806900001015,71703.0
1780244646,500,POST,SOAP/listar-musicas-playlist,51.000000,0.000000,2000,2100,2100,2100,2100,2200,2300,2300,2300,2300,2300,5398,0,1800.0,1542.6004674655378,42.98161299993808,2336.7408960000375,753.0
1780244646,500,POST,SOAP/listar-playlists-musica,51.000000,0.000000,1900,2000,2000,2100,2100,2200,2200,2200,2300,2300,2300,5326,0,1800.0,1519.2171304001115,42.64575499996681,2281.083901000102,1263.0
1780244646,500,POST,SOAP/listar-playlists-usuario,51.600000,0.000000,1900,2000,2100,2100,2200,2200,2300,2300,2300,2300,2300,5504,0,1800.0,1496.190791946402,2.3791250000613218,2299.9981739999384,1608.0
1780244646,500,POST,SOAP/listar-usuarios,52.000000,0.000000,2000,2000,2100,2100,2200,2200,2200,2200,2300,2300,2300,5707,0,1700.0,1493.8899341093359,6.272203999969861,2311.293719000105,28012.0
1780244646,500,,Aggregated,257.500000,0.000000,2000,2000,2100,2100,2200,2200,2300,2300,2300,2300,2300,27544,0,1800.0,1512.3402940065996,2.3791250000613218,2336.7408960000375,21118.518552134767
1780244647,500,POST,SOAP/listar-musicas,50.800000,0.000000,2000,2000,2100,2100,2200,2200,2300,2300,2400,2400,2400,5654,0,1800.0,1515.819254936506,21.359629000016866,2358.351864000042,71703.0
1780244647,500,POST,SOAP/listar-musicas-playlist,52.500000,0.000000,2000,2000,2100,2100,2200,2200,2300,2300,4100,4100,4100,5460,0,1800.0,1548.834263754757,42.98161299993808,4079.026161999991,753.0
1780244647,500,POST,SOAP/listar-playlists-musica,57.000000,0.000000,1900,2000,2000,2100,2100,2200,2200,2300,2400,2400,2400,5354,0,1800.0,1522.1789339118407,42.64575499996681,2367.5039720001223,1263.0
1780244647,500,POST,SOAP/listar-playlists-usuario,54.000000,0.000000,1900,2000,2100,2100,2100,2200,2200,2300,2300,2300,2300,5533,0,1800.0,1499.009990639616,2.3791250000613218,2321.035570999811,1608.0
1780244647,500,POST,SOAP/listar-usuarios,53.000000,0.000000,2000,2000,2100,2100,2200,2200,2300,2300,2300,2300,2300,5780,0,1800.0,1501.9283476960168,6.272203999969861,2331.448349999846,28012.0
1780244647,500,,Aggregated,267.300000,0.000000,1900,2000,2100,2100,2200,2200,2300,2300,2400,4100,4100,27781,0,1800.0,1517.2956800535544,2.3791250000613218,4079.026161999991,21132.74065008459
1780244648,500,POST,SOAP/listar-musicas,51.700000,0.000000,2000,2100,2100,2100,2200,2300,2400,2400,2400,2400,2400,5707,0,1800.0,1520.6935647049254,21.359629000016866,2431.2176290000025,71703.0
1780244648,500,POST,SOAP/listar-musicas-playlist,51.500000,0.000000,2000,2000,2100,2100,2200,2200,2300,2300,4100,4100,4100,5504,0,1800.0,1552.015094824849,42.98161299993808,4079.026161999991,753.0
1780244648,500,POST,SOAP/listar-playlists-musica,51.100000,0.000000,1900,2000,2000,2100,2100,2200,2200,2300,2400,2400,2400,5398,0,1800.0,1525.065450271025,42.64575499996681,2367.5039720001223,1263.0
1780244648,500,POST,SOAP/listar-playlists-usuario,50.700000,0.000000,1900,2000,2100,2100,2200,2200,2300,2300,2400,2400,2400,5615,0,1800.0,1506.4117731709687,2.3791250000613218,2407.75407000001,1608.0
1780244648,500,POST,SOAP/listar-usuarios,51.100000,0.000000,2000,2000,2100,2100,2200,2200,2300,2300,2400,2400,2400,5827,0,1800.0,1504.8568867175188,6.272203999969861,2382.439598000019,28012.0
1780244648,500,,Aggregated,256.100000,0.000000,2000,2000,2100,2100,2200,2200,2300,2300,2400,4100,4100,28051,0,1800.0,1521.532057377909,2.3791250000613218,4079.026161999991,21119.60539731204
1780244649,500,POST,SOAP/listar-musicas,51.300000,0.000000,2000,2000,2100,2100,2200,2300,2400,2400,2400,2400,2400,5770,0,1800.0,1526.0933907012159,21.359629000016866,2431.2176290000025,71703.0
1780244649,500,POST,SOAP/listar-musicas-playlist,50.900000,0.000000,1900,2000,2100,2100,2200,2200,2300,2300,4100,4100,4100,5527,0,1800.0,1553.7587338861897,42.98161299993808,4079.026161999991,753.0
1780244649,500,POST,SOAP/listar-playlists-musica,50.100000,0.000000,1900,2000,2000,2000,2100,2200,2200,2300,2400,2400,2400,5459,0,1800.0,1529.710252090125,42.64575499996681,2367.5039720001223,1263.0
1780244649,500,POST,SOAP/listar-playlists-usuario,50.200000,0.000000,1900,2000,2100,2100,2200,2200,2300,2300,2400,2400,2400,5648,0,1800.0,1508.9553381933404,2.3791250000613218,2407.75407000001,1608.0
1780244649,500,POST,SOAP/listar-usuarios,52.100000,0.000000,2000,2000,2100,2100,2200,2200,2300,2300,2400,2400,2400,5850,0,1800.0,1506.556947683245,6.272203999969861,2382.439598000019,28012.0
1780244649,500,,Aggregated,254.600000,0.000000,1900,2000,2100,2100,2200,2200,2300,2300,2400,4100,4100,28254,0,1800.0,1524.7331190896066,2.3791250000613218,4079.026161999991,21155.767041834784
1780244650,500,POST,SOAP/listar-musicas,51.200000,0.000000,2000,2000,2100,2100,2200,2300,2400,2400,2400,2400,2400,5826,0,1800.0,1531.990294087714,21.359629000016866,2431.2176290000025,71703.0
1780244650,500,POST,SOAP/listar-musicas-playlist,51.300000,0.000000,2000,2000,2100,2100,2200,2200,2200,2300,4100,4100,4100,5605,0,1800.0,1561.047115796248,42.98161299993808,4079.026161999991,753.0
1780244650,500,POST,SOAP/listar-playlists-musica,52.800000,0.000000,1900,2000,2000,2000,2100,2200,2200,2300,2400,2400,2400,5501,0,1800.0,1533.8707675602598,42.64575499996681,2367.5039720001223,1263.0
1780244650,500,POST,SOAP/listar-playlists-usuario,52.200000,0.000000,1900,2000,2100,2100,2200,2200,2300,2300,2400,2400,2400,5707,0,1800.0,1515.1093520737668,2.3791250000613218,2407.75407000001,1608.0
1780244650,500,POST,SOAP/listar-usuarios,51.900000,0.000000,1900,2000,2100,2100,2200,2200,2300,2300,2400,2400,2400,5898,0,1800.0,1511.3563245315343,6.272203999969861,2382.439598000019,28012.0
1780244650,500,,Aggregated,259.400000,0.000000,1900,2000,2100,2100,2200,2200,2300,2300,2400,4100,4100,28537,0,1800.0,1530.4193259317285,2.3791250000613218,4079.026161999991,21141.032273890036
1780244651,500,POST,SOAP/listar-musicas,52.200000,0.000000,2000,2000,2100,2100,2200,2300,2400,2400,2400,2400,2400,5862,0,1800.0,1534.2095104276734,21.359629000016866,2431.2176290000025,71703.0
1780244651,500,POST,SOAP/listar-musicas-playlist,50.100000,0.000000,2000,2000,2100,2100,2200,2200,2200,2300,4100,4100,4100,5674,0,1800.0,1565.059615837323,42.98161299993808,4079.026161999991,753.0
1780244651,500,POST,SOAP/listar-playlists-musica,50.800000,0.000000,1900,2000,2000,2000,2100,2200,2200,2300,2400,2400,2400,5582,0,1800.0,1537.0758771336411,42.64575499996681,2367.5039720001223,1263.0
1780244651,500,POST,SOAP/listar-playlists-usuario,51.800000,0.000000,1900,2000,2100,2100,2200,2200,2300,2300,2400,2400,2400,5789,0,1800.0,1519.9956229892873,2.3791250000613218,2407.75407000001,1608.0
1780244651,500,POST,SOAP/listar-usuarios,50.100000,0.000000,2000,2000,2100,2100,2200,2200,2300,2300,2400,2400,2400,5985,0,1800.0,1516.9778029350027,6.272203999969861,2382.439598000019,28012.0
1780244651,500,,Aggregated,255.000000,0.000000,2000,2000,2100,2100,2200,2200,2300,2300,2400,4100,4100,28892,0,1800.0,1534.404290758646,2.3791250000613218,4079.026161999991,21064.865914439983
1780244652,500,POST,SOAP/listar-musicas,51.500000,0.000000,2000,2000,2100,2100,2200,2300,2400,2400,2400,2400,2400,5920,0,1800.0,1535.9377657799007,21.359629000016866,2431.2176290000025,71703.0
1780244652,500,POST,SOAP/listar-musicas-playlist,52.200000,0.000000,2000,2000,2100,2100,2200,2200,2200,2300,4100,4100,4100,5709,0,1800.0,1565.8562034594456,42.98161299993808,4079.026161999991,753.0
1780244652,500,POST,SOAP/listar-playlists-musica,52.400000,0.000000,1900,2000,2000,2000,2100,2200,2200,2300,2400,2400,2400,5627,0,1800.0,1538.2283410149253,42.64575499996681,2367.5039720001223,1263.0
1780244652,500,POST,SOAP/listar-playlists-usuario,50.900000,0.000000,1900,2000,2100,2100,2200,2200,2300,2300,2400,2400,2400,5833,0,1800.0,1521.0950508613041,2.3791250000613218,2407.75407000001,1608.0
1780244652,500,POST,SOAP/listar-usuarios,51.600000,0.000000,2000,2000,2100,2100,2200,2200,2300,2300,2400,2400,2400,6022,0,1800.0,1517.795925159414,6.272203999969861,2382.439598000019,28012.0
1780244652,500,,Aggregated,258.600000,0.000000,2000,2000,2100,2100,2200,2200,2300,2300,2400,4100,4100,29111,0,1800.0,1535.520937337838,2.3791250000613218,4079.026161999991,21090.146886056817
1780244653,500,POST,SOAP/listar-musicas,50.900000,0.000000,2000,2000,2100,2100,2200,2300,2400,2400,2400,2400,2400,5973,0,1800.0,1539.1646397550667,21.359629000016866,2431.2176290000025,71703.0
1780244653,500,POST,SOAP/listar-musicas-playlist,52.400000,0.000000,2000,2000,2100,2100,2200,2200,2200,2300,4100,4100,4100,5786,0,1800.0,1570.0318060307588,42.98161299993808,4079.026161999991,753.0
1780244653,500,POST,SOAP/listar-playlists-musica,50.500000,0.000000,1900,2000,2000,2000,2100,2100,2200,2300,2400,2400,2400,5674,0,1800.0,1541.0973238394402,42.64575499996681,2367.5039720001223,1263.0
1780244653,500,POST,SOAP/listar-playlists-usuario,53.800000,0.000000,1900,2000,2100,2100,2200,2200,2300,2300,2400,2400,2400,5860,0,1800.0,1522.313806291978,2.3791250000613218,2407.75407000001,1608.0
1780244653,500,POST,SOAP/listar-usuarios,53.100000,0.000000,1900,2000,2100,2100,2200,2200,2300,2300,2400,2400,2400,6080,0,1800.0,1521.718779887663,6.272203999969861,2382.439598000019,28012.0
1780244653,500,,Aggregated,260.700000,0.000000,1900,2000,2100,2100,2200,2200,2300,2300,2400,4100,4100,29373,0,1800.0,1538.645345215122,2.3791250000613218,4079.026161999991,21092.192796105268
