Timestamp,User Count,Type,Name,Requests/s,Failures/s,50%,66%,75%,80%,90%,95%,98%,99%,99.9%,99.99%,100%,Total Request Count,Total Failure Count,Total Median Response Time,Total Average Response Time,Total Min Response Time,Total Max Response Time,Total Average Content Size
1781108230,0,,Aggregated,0.000000,0.000000,N/A,N/A,N/A,N/A,N/A,N/A,N/A,N/A,N/A,N/A,N/A,0,0,0,0.0,0,0,0
1781108231,10,gRPC,gRPC/listar-musicas,0.000000,0.000000,0,0,0,0,0,0,0,0,0,0,0,126,0,13,13.081242539664387,4.076385000189475,24.116176000461564,24374.0
1781108231,10,gRPC,gRPC/listar-musicas-playlist,0.000000,0.000000,0,0,0,0,0,0,0,0,0,0,0,122,0,12,12.69958726229039,9.582353999576299,26.212009000118996,14583.0
1781108231,10,gRPC,gRPC/listar-playlists,0.000000,0.000000,0,0,0,0,0,0,0,0,0,0,0,126,0,13,13.346677269806056,8.631744000012986,26.039028000013786,22473.0
1781108231,10,gRPC,gRPC/listar-playlists-musica,0.000000,0.000000,0,0,0,0,0,0,0,0,0,0,0,121,0,13,13.209557247903808,10.456568999870797,26.642515999810712,16984.0
1781108231,10,gRPC,gRPC/listar-playlists-usuario,0.000000,0.000000,0,0,0,0,0,0,0,0,0,0,0,124,0,13,12.986120564501986,8.797032999609655,24.697509999896283,16978.0
1781108231,10,gRPC,gRPC/listar-usuarios,0.000000,0.000000,0,0,0,0,0,0,0,0,0,0,0,129,0,12,12.974713162779956,6.313040999884834,28.9898560004076,15097.0
1781108231,10,,Aggregated,0.000000,0.000000,0,0,0,0,0,0,0,0,0,0,0,748,0,13,13.050322081531986,4.076385000189475,28.9898560004076,18435.423796791445
1781108232,20,gRPC,gRPC/listar-musicas,0.000000,0.000000,46,49,51,51,52,53,59,61,63,63,63,261,0,21,30.54261504212786,4.076385000189475,62.82683100016584,24374.0
1781108232,20,gRPC,gRPC/listar-musicas-playlist,0.000000,0.000000,21,21,22,22,23,23,24,26,26,26,26,253,0,18,16.81311682609038,7.739625999420241,26.212009000118996,14583.0
1781108232,20,gRPC,gRPC/listar-playlists,0.000000,0.000000,20,20,21,21,22,23,24,26,26,26,26,258,0,17,16.66084215502303,8.631744000012986,26.039028000013786,22473.0
1781108232,20,gRPC,gRPC/listar-playlists-musica,0.000000,0.000000,20,21,22,22,23,24,25,26,27,27,27,250,0,18,17.095886668004823,5.066016999990097,26.642515999810712,16984.0
1781108232,20,gRPC,gRPC/listar-playlists-usuario,0.000000,0.000000,21,21,22,22,23,24,24,25,26,26,26,256,0,18,17.143047164054792,8.797032999609655,26.258517999849573,16978.0
1781108232,20,gRPC,gRPC/listar-usuarios,0.000000,0.000000,19,20,20,21,22,23,33,34,37,37,37,267,0,16,16.165283655388524,5.855745999724604,36.6365579993726,15097.0
1781108232,20,,Aggregated,0.000000,0.000000,20,21,22,23,45,49,52,53,63,63,63,1545,0,17,19.095508631702362,4.076385000189475,62.82683100016584,18428.74692556634
1781108233,30,gRPC,gRPC/listar-musicas,97.000000,0.000000,46,47,48,49,52,53,54,59,63,63,63,399,0,44,35.575760353377774,4.076385000189475,62.82683100016584,24374.0
1781108233,30,gRPC,gRPC/listar-musicas-playlist,93.000000,0.000000,23,34,34,35,36,37,37,38,38,38,38,387,0,21,22.78240929198022,7.739625999420241,38.01341600046726,14583.0
1781108233,30,gRPC,gRPC/listar-playlists,95.000000,0.000000,22,26,27,27,28,29,30,31,36,36,36,396,0,20,20.32113559847527,8.631744000012986,35.91530700032308,22473.0
1781108233,30,gRPC,gRPC/listar-playlists-musica,91.000000,0.000000,23,26,27,27,28,29,30,31,39,39,39,383,0,21,20.48482395560838,5.066016999990097,38.88029399968218,16984.0
1781108233,30,gRPC,gRPC/listar-playlists-usuario,94.000000,0.000000,23,28,29,29,30,31,32,34,36,36,36,392,0,21,21.164966510201914,8.797032999609655,35.67155800010369,16978.0
1781108233,30,gRPC,gRPC/listar-usuarios,99.000000,0.000000,22,54,55,56,57,58,71,76,86,86,86,406,0,19,29.574343615733927,5.855745999724604,86.0161539994806,15097.0
1781108233,30,,Aggregated,569.000000,0.000000,26,29,35,44,50,55,57,58,86,86,86,2363,0,21,25.056381053311647,4.076385000189475,86.0161539994806,18433.2564536606
1781108234,40,gRPC,gRPC/listar-musicas,113.500000,0.000000,47,49,50,51,53,54,58,60,63,63,63,527,0,46,39.1253770948695,4.076385000189475,62.82683100016584,24374.0
1781108234,40,gRPC,gRPC/listar-musicas-playlist,109.500000,0.000000,34,36,41,43,45,46,51,54,57,57,57,510,0,25,27.981001570600817,7.739625999420241,57.171428999936325,14583.0
1781108234,40,gRPC,gRPC/listar-playlists,112.500000,0.000000,27,28,41,42,43,44,50,54,58,58,58,522,0,25,25.766908999990164,8.631744000012986,58.07296700004372,22473.0
1781108234,40,gRPC,gRPC/listar-playlists-musica,108.000000,0.000000,26,28,39,41,42,43,49,52,60,60,60,505,0,25,25.68045336434933,5.066016999990097,59.62304800050333,16984.0
1781108234,40,gRPC,gRPC/listar-playlists-usuario,110.500000,0.000000,28,30,46,48,50,50,55,57,59,59,59,516,0,25,27.583640230626024,8.797032999609655,59.15797400029987,16978.0
1781108234,40,gRPC,gRPC/listar-usuarios,116.500000,0.000000,55,58,81,87,90,94,100,100,120,120,120,534,0,29,43.3452996947275,5.855745999724604,118.27486500078521,15097.0
1781108234,40,,Aggregated,670.500000,0.000000,32,43,46,49,55,64,90,93,110,120,120,3114,0,27,31.691678989396664,4.076385000189475,118.27486500078521,18436.962106615287
1781108235,50,gRPC,gRPC/listar-musicas,121.000000,0.000000,48,50,51,52,55,60,69,75,88,88,88,662,0,47,42.0643826027106,4.076385000189475,87.58088199920167,24374.0
1781108235,50,gRPC,gRPC/listar-musicas-playlist,117.000000,0.000000,36,44,46,47,54,59,69,76,86,86,86,639,0,35,33.154217743359936,7.739625999420241,86.10768800008373,14583.0
1781108235,50,gRPC,gRPC/listar-playlists,119.666667,0.000000,28,43,47,57,65,71,86,89,95,95,95,652,0,27,33.7901341702315,8.631744000012986,94.66477000023588,22473.0
1781108235,50,gRPC,gRPC/listar-playlists-musica,115.666667,0.000000,28,42,44,48,53,57,66,77,86,86,86,632,0,27,31.227134830694784,5.066016999990097,86.18392899916216,16984.0
1781108235,50,gRPC,gRPC/listar-playlists-usuario,118.333333,0.000000,30,47,49,50,53,58,66,70,88,88,88,646,0,29,32.52654324457381,8.797032999609655,87.97340499950224,16978.0
1781108235,50,gRPC,gRPC/listar-usuarios,123.000000,0.000000,58,88,91,93,99,110,120,140,150,150,150,668,0,55,54.81564862572837,5.855745999724604,149.95656900009635,15097.0
1781108235,50,,Aggregated,714.666667,0.000000,43,48,52,55,69,90,98,110,150,150,150,3899,0,36,38.06819269837711,4.076385000189475,149.95656900009635,18438.82867401898
1781108236,50,gRPC,gRPC/listar-musicas,123.250000,0.000000,47,50,51,51,54,58,66,73,88,88,88,811,0,47,42.89293686559291,4.076385000189475,87.58088199920167,24374.0
1781108236,50,gRPC,gRPC/listar-musicas-playlist,119.000000,0.000000,43,45,47,49,53,57,65,74,86,86,86,788,0,38,35.84794314213418,7.739625999420241,86.10768800008373,14583.0
1781108236,50,gRPC,gRPC/listar-playlists,122.000000,0.000000,42,57,60,61,65,70,83,87,95,95,95,802,0,36,38.736537486272624,8.631744000012986,94.66477000023588,22473.0
1781108236,50,gRPC,gRPC/listar-playlists-musica,117.750000,0.000000,41,45,48,49,53,56,63,75,86,86,86,781,0,37,34.24027702177867,5.066016999990097,86.18392899916216,16984.0
1781108236,50,gRPC,gRPC/listar-playlists-usuario,120.500000,0.000000,42,47,49,49,52,56,65,69,88,88,88,795,0,35,34.93892214338308,8.797032999609655,87.97340499950224,16978.0
1781108236,50,gRPC,gRPC/listar-usuarios,125.000000,0.000000,84,89,92,94,99,100,120,130,150,150,150,818,0,67,61.27402095597925,5.855745999724604,149.95656900009635,15097.0
1781108236,50,,Aggregated,727.500000,0.000000,45,50,54,56,81,91,98,100,140,150,150,4795,0,43,41.44761265025599,4.076385000189475,149.95656900009635,18434.499270072993
1781108237,50,gRPC,gRPC/listar-musicas,124.200000,0.000000,47,49,50,51,53,56,63,69,88,88,88,963,0,46,43.342708694698345,4.076385000189475,87.58088199920167,24374.0
1781108237,50,gRPC,gRPC/listar-musicas-playlist,119.800000,0.000000,44,46,48,49,53,55,63,72,86,86,86,941,0,43,37.52273180234856,7.739625999420241,86.10768800008373,14583.0
1781108237,50,gRPC,gRPC/listar-playlists,122.400000,0.000000,50,58,60,61,64,69,80,87,95,95,95,954,0,43,41.98598929243956,8.631744000012986,94.66477000023588,22473.0
1781108237,50,gRPC,gRPC/listar-playlists-musica,118.400000,0.000000,42,46,48,49,52,55,60,70,86,86,86,933,0,41,36.163973707413234,5.066016999990097,86.18392899916216,16984.0
1781108237,50,gRPC,gRPC/listar-playlists-usuario,121.000000,0.000000,43,47,48,49,51,55,63,68,88,88,88,947,0,41,36.4981405501464,8.797032999609655,87.97340499950224,16978.0
1781108237,50,gRPC,gRPC/listar-usuarios,125.600000,0.000000,86,90,92,93,98,100,120,120,150,150,150,970,0,84,65.55020497216057,5.855745999724604,149.95656900009635,15097.0
1781108237,50,,Aggregated,731.400000,0.000000,46,50,55,58,84,91,97,100,140,150,150,5708,0,45,43.62140474369173,4.076385000189475,149.95656900009635,18430.682375613174
1781108238,50,gRPC,gRPC/listar-musicas,127.833333,0.000000,46,48,50,51,53,56,62,69,86,88,88,1115,0,46,43.64405666008499,4.076385000189475,87.58088199920167,24374.0
1781108238,50,gRPC,gRPC/listar-musicas-playlist,124.166667,0.000000,44,46,48,49,52,55,62,70,86,86,86,1092,0,44,38.70269639194107,7.739625999420241,86.10768800008373,14583.0
1781108238,50,gRPC,gRPC/listar-playlists,126.333333,0.000000,56,59,60,61,64,67,78,86,93,95,95,1106,0,55,44.320104519886236,8.631744000012986,94.66477000023588,22473.0
1781108238,50,gRPC,gRPC/listar-playlists-musica,122.833333,0.000000,43,46,48,49,52,55,60,69,86,86,86,1085,0,42,37.53173518987349,5.066016999990097,86.18392899916216,16984.0
1781108238,50,gRPC,gRPC/listar-playlists-usuario,125.166667,0.000000,43,47,48,49,51,55,59,67,86,88,88,1099,0,42,37.588096134651025,8.797032999609655,87.97340499950224,16978.0
1781108238,50,gRPC,gRPC/listar-usuarios,129.000000,0.000000,87,90,92,93,97,100,120,120,150,150,150,1122,0,85,68.64080187433636,5.855745999724604,149.95656900009635,15097.0
1781108238,50,,Aggregated,755.333333,0.000000,46,50,55,58,85,91,96,100,130,150,150,6619,0,45,45.171586836529244,4.076385000189475,149.95656900009635,18429.079921438282
1781108239,50,gRPC,gRPC/listar-musicas,131.428571,0.000000,46,48,49,50,52,55,61,69,86,88,88,1271,0,46,43.76732519433476,4.076385000189475,87.58088199920167,24374.0
1781108239,50,gRPC,gRPC/listar-musicas-playlist,128.142857,0.000000,44,46,48,49,52,54,60,68,85,86,86,1248,0,44,39.508066047273196,7.739625999420241,86.10768800008373,14583.0
1781108239,50,gRPC,gRPC/listar-playlists,130.142857,0.000000,57,59,60,61,64,66,76,86,93,95,95,1262,0,56,45.96735272900157,8.631744000012986,94.66477000023588,22473.0
1781108239,50,gRPC,gRPC/listar-playlists-musica,127.142857,0.000000,44,46,48,48,51,54,59,64,86,86,86,1241,0,43,38.45671222482493,5.066016999990097,86.18392899916216,16984.0
1781108239,50,gRPC,gRPC/listar-playlists-usuario,129.142857,0.000000,43,46,48,48,50,54,59,66,86,88,88,1255,0,42,38.338704733854165,8.797032999609655,87.97340499950224,16978.0
1781108239,50,gRPC,gRPC/listar-usuarios,132.428571,0.000000,87,90,91,92,96,100,120,120,150,150,150,1278,0,86,70.77213465649653,5.855745999724604,149.95656900009635,15097.0
1781108239,50,,Aggregated,778.428571,0.000000,46,50,56,59,85,90,95,99,130,150,150,7555,0,46,46.2252519253466,4.076385000189475,149.95656900009635,18427.314890800793
1781108240,50,gRPC,gRPC/listar-musicas,133.750000,0.000000,46,48,49,50,52,56,61,68,86,88,88,1421,0,46,44.078344206893725,4.076385000189475,87.58088199920167,24374.0
1781108240,50,gRPC,gRPC/listar-musicas-playlist,130.875000,0.000000,44,46,48,49,52,55,60,65,85,86,86,1397,0,44,40.33439152111389,7.739625999420241,86.10768800008373,14583.0
1781108240,50,gRPC,gRPC/listar-playlists,132.625000,0.000000,57,59,60,61,64,69,77,84,93,95,95,1411,0,56,47.51138164493737,8.631744000012986,94.66477000023588,22473.0
1781108240,50,gRPC,gRPC/listar-playlists-musica,130.125000,0.000000,44,47,48,49,51,55,60,63,86,86,86,1391,0,44,39.378342061117145,5.066016999990097,86.18392899916216,16984.0
1781108240,50,gRPC,gRPC/listar-playlists-usuario,131.875000,0.000000,44,46,48,49,51,55,59,65,86,88,88,1405,0,43,39.11557676369529,8.797032999609655,87.97340499950224,16978.0
1781108240,50,gRPC,gRPC/listar-usuarios,134.625000,0.000000,87,90,91,93,97,100,120,120,150,150,150,1427,0,86,72.8498009004906,5.855745999724604,149.95656900009635,15097.0
1781108240,50,,Aggregated,793.875000,0.000000,47,51,56,59,85,91,96,100,130,150,150,8452,0,46,47.29180745610558,4.076385000189475,149.95656900009635,18426.35601041174
1781108241,50,gRPC,gRPC/listar-musicas,136.000000,0.000000,46,47,49,49,52,55,61,68,86,88,88,1575,0,46,44.15940019428303,4.076385000189475,87.58088199920167,24374.0
1781108241,50,gRPC,gRPC/listar-musicas-playlist,133.444444,0.000000,45,47,49,50,52,55,60,65,85,86,86,1552,0,44,40.85614920876189,7.739625999420241,86.10768800008373,14583.0
1781108241,50,gRPC,gRPC/listar-playlists,135.000000,0.000000,58,59,61,61,64,69,77,84,93,95,95,1566,0,57,48.589489120052306,8.631744000012986,94.66477000023588,22473.0
1781108241,50,gRPC,gRPC/listar-playlists-musica,132.777778,0.000000,45,47,48,49,51,55,60,63,86,86,86,1545,0,44,39.932551829136095,5.066016999990097,86.18392899916216,16984.0
1781108241,50,gRPC,gRPC/listar-playlists-usuario,134.333333,0.000000,45,47,48,49,51,55,59,65,86,88,88,1559,0,43,39.60157908658845,8.797032999609655,87.97340499950224,16978.0
1781108241,50,gRPC,gRPC/listar-usuarios,136.777778,0.000000,88,90,91,93,97,100,120,120,150,150,150,1581,0,86,74.23855778621216,5.855745999724604,149.95656900009635,15097.0
1781108241,50,,Aggregated,808.333333,0.000000,47,53,58,61,86,91,96,100,120,150,150,9378,0,46,47.96937012923909,4.076385000189475,149.95656900009635,18425.242375773087
1781108242,50,gRPC,gRPC/listar-musicas,137.500000,0.000000,46,47,49,50,52,55,60,68,86,88,88,1727,0,46,44.26801495599526,4.076385000189475,87.58088199920167,24374.0
1781108242,50,gRPC,gRPC/listar-musicas-playlist,135.200000,0.000000,45,48,49,50,53,55,60,65,85,86,86,1704,0,44,41.348651644952724,7.739625999420241,86.10768800008373,14583.0
1781108242,50,gRPC,gRPC/listar-playlists,136.600000,0.000000,58,60,61,62,65,69,77,84,93,95,95,1718,0,57,49.51291857508584,8.631744000012986,94.66477000023588,22473.0
1781108242,50,gRPC,gRPC/listar-playlists-musica,134.600000,0.000000,46,47,48,49,52,55,60,63,86,86,86,1698,0,44,40.466678997069536,5.066016999990097,86.18392899916216,16984.0
1781108242,50,gRPC,gRPC/listar-playlists-usuario,136.000000,0.000000,45,47,48,49,51,54,59,65,86,88,88,1712,0,43,40.02270002453102,8.797032999609655,87.97340499950224,16978.0
1781108242,50,gRPC,gRPC/listar-usuarios,138.200000,0.000000,89,90,92,93,97,100,110,120,150,150,150,1734,0,87,75.43166099308607,5.855745999724604,149.95656900009635,15097.0
1781108242,50,,Aggregated,818.100000,0.000000,48,55,59,62,87,91,96,100,120,150,150,10293,0,46,48.57689127417005,4.076385000189475,149.95656900009635,18423.716117749926
1781108243,50,gRPC,gRPC/listar-musicas,142.900000,0.000000,46,47,48,49,51,54,60,68,86,88,88,1880,0,46,44.374740247874,4.076385000189475,87.58088199920167,24374.0
1781108243,50,gRPC,gRPC/listar-musicas-playlist,141.100000,0.000000,46,48,49,50,53,55,60,65,85,86,86,1857,0,44,41.73990244318721,7.739625999420241,86.10768800008373,14583.0
1781108243,50,gRPC,gRPC/listar-playlists,142.200000,0.000000,59,60,61,62,65,69,77,84,93,95,95,1871,0,57,50.276186096744254,8.631744000012986,94.66477000023588,22473.0
1781108243,50,gRPC,gRPC/listar-playlists-musica,140.500000,0.000000,46,47,48,49,52,55,59,63,86,86,86,1851,0,45,40.9086715467412,5.066016999990097,86.18392899916216,16984.0
1781108243,50,gRPC,gRPC/listar-playlists-usuario,141.700000,0.000000,45,47,48,48,51,53,58,65,86,88,88,1865,0,44,40.369490101338904,8.797032999609655,87.97340499950224,16978.0
1781108243,50,gRPC,gRPC/listar-usuarios,143.400000,0.000000,89,91,92,93,96,100,110,120,150,150,150,1887,0,87,76.47299685745166,5.855745999724604,149.95656900009635,15097.0
1781108243,50,,Aggregated,851.800000,0.000000,48,55,59,63,87,91,96,99,120,150,150,11211,0,46,49.08731155401261,4.076385000189475,149.95656900009635,18422.988761038265
1781108244,50,gRPC,gRPC/listar-musicas,145.200000,0.000000,45,46,47,47,49,51,53,57,62,62,62,2037,0,45,44.38190075159908,4.076385000189475,87.58088199920167,24374.0
1781108244,50,gRPC,gRPC/listar-musicas-playlist,143.700000,0.000000,45,47,49,49,51,54,56,58,61,63,63,2014,0,44,41.994773940417645,7.739625999420241,86.10768800008373,14583.0
1781108244,50,gRPC,gRPC/listar-playlists,144.500000,0.000000,58,60,61,61,63,66,69,71,78,78,78,2028,0,57,50.837738760358434,8.631744000012986,94.66477000023588,22473.0
1781108244,50,gRPC,gRPC/listar-playlists-musica,143.300000,0.000000,46,47,48,49,51,52,55,58,62,62,62,2007,0,45,41.23254834430255,5.066016999990097,86.18392899916216,16984.0
1781108244,50,gRPC,gRPC/listar-playlists-usuario,144.200000,0.000000,45,46,47,47,49,51,53,56,61,62,62,2021,0,44,40.589477504698536,8.797032999609655,87.97340499950224,16978.0
1781108244,50,gRPC,gRPC/listar-usuarios,145.300000,0.000000,88,90,91,92,94,97,100,100,120,120,120,2043,0,87,77.21356365296501,5.855745999724604,149.95656900009635,15097.0
1781108244,50,,Aggregated,866.200000,0.000000,48,55,59,61,87,90,94,96,110,120,120,12150,0,46,49.43330945350073,4.076385000189475,149.95656900009635,18422.86757201646
1781108245,50,gRPC,gRPC/listar-musicas,146.600000,0.000000,45,46,47,47,49,51,55,59,62,62,62,2186,0,45,44.531680700369044,4.076385000189475,87.58088199920167,24374.0
1781108245,50,gRPC,gRPC/listar-musicas-playlist,145.500000,0.000000,45,47,49,49,51,54,57,59,65,67,67,2163,0,45,42.36304473370381,7.739625999420241,86.10768800008373,14583.0
1781108245,50,gRPC,gRPC/listar-playlists,146.100000,0.000000,58,59,60,61,63,65,70,74,78,79,79,2177,0,57,51.48909645292229,8.631744000012986,94.66477000023588,22473.0
1781108245,50,gRPC,gRPC/listar-playlists-musica,145.200000,0.000000,46,47,48,48,50,52,56,59,62,62,62,2157,0,45,41.6368030714009,5.066016999990097,86.18392899916216,16984.0
1781108245,50,gRPC,gRPC/listar-playlists-usuario,145.800000,0.000000,45,46,47,47,49,51,54,56,61,62,62,2171,0,44,40.91323921602785,8.797032999609655,87.97340499950224,16978.0
1781108245,50,gRPC,gRPC/listar-usuarios,146.700000,0.000000,88,90,91,91,94,96,100,110,120,120,120,2193,0,87,78.09238818605041,5.855745999724604,149.95656900009635,15097.0
1781108245,50,,Aggregated,875.900000,0.000000,47,55,59,61,86,90,93,96,110,120,120,13047,0,46,49.89339438974762,4.076385000189475,149.95656900009635,18421.841112899518
1781108246,50,gRPC,gRPC/listar-musicas,149.200000,0.000000,45,46,47,47,49,51,56,59,62,63,63,2340,0,45,44.57046745555726,4.076385000189475,87.58088199920167,24374.0
1781108246,50,gRPC,gRPC/listar-musicas-playlist,148.700000,0.000000,45,47,49,49,51,54,57,59,65,67,67,2317,0,45,42.60333769486433,7.739625999420241,86.10768800008373,14583.0
1781108246,50,gRPC,gRPC/listar-playlists,148.800000,0.000000,58,59,60,61,63,66,71,75,78,79,79,2331,0,57,51.95154406521285,8.631744000012986,94.66477000023588,22473.0
1781108246,50,gRPC,gRPC/listar-playlists-musica,148.400000,0.000000,45,47,48,48,50,52,57,60,63,69,69,2309,0,45,41.90317563145012,5.066016999990097,86.18392899916216,16984.0
1781108246,50,gRPC,gRPC/listar-playlists-usuario,148.700000,0.000000,45,46,47,47,49,51,55,58,62,64,64,2324,0,44,41.10705172934375,8.797032999609655,87.97340499950224,16978.0
1781108246,50,gRPC,gRPC/listar-usuarios,149.200000,0.000000,88,89,91,91,94,97,100,110,120,120,120,2346,0,87,78.66404176044698,5.855745999724604,149.95656900009635,15097.0
1781108246,50,,Aggregated,893.000000,0.000000,47,55,59,61,86,90,93,96,110,120,120,13967,0,46,50.18536115293474,4.076385000189475,149.95656900009635,18421.92482279659
1781108247,50,gRPC,gRPC/listar-musicas,151.400000,0.000000,45,46,46,47,49,51,56,59,62,63,63,2493,0,45,44.607692643805365,4.076385000189475,87.58088199920167,24374.0
1781108247,50,gRPC,gRPC/listar-musicas-playlist,151.400000,0.000000,45,47,49,49,51,54,57,59,65,67,67,2471,0,45,42.806688171185975,7.739625999420241,86.10768800008373,14583.0
1781108247,50,gRPC,gRPC/listar-playlists,151.400000,0.000000,58,59,60,61,63,66,71,75,78,79,79,2484,0,57,52.35682254267834,8.631744000012986,94.66477000023588,22473.0
1781108247,50,gRPC,gRPC/listar-playlists-musica,151.300000,0.000000,45,47,48,48,50,52,57,60,63,69,69,2464,0,45,42.14588730032975,5.066016999990097,86.18392899916216,16984.0
1781108247,50,gRPC,gRPC/listar-playlists-usuario,151.400000,0.000000,45,46,46,47,48,51,55,58,62,64,64,2478,0,44,41.27590790032046,8.797032999609655,87.97340499950224,16978.0
1781108247,50,gRPC,gRPC/listar-usuarios,151.400000,0.000000,88,89,90,91,94,97,100,110,120,120,120,2500,0,87,79.219634258003,5.855745999724604,149.95656900009635,15097.0
1781108247,50,,Aggregated,908.300000,0.000000,47,55,58,61,86,90,93,96,110,120,120,14890,0,46,50.45096730409919,4.076385000189475,149.95656900009635,18420.716386836804
1781108248,50,gRPC,gRPC/listar-musicas,152.100000,0.000000,45,46,46,47,49,51,56,59,62,63,63,2646,0,45,44.65828964739405,4.076385000189475,87.58088199920167,24374.0
1781108248,50,gRPC,gRPC/listar-musicas-playlist,152.000000,0.000000,45,47,49,49,51,54,57,59,65,67,67,2623,0,45,43.00354259245231,7.739625999420241,86.10768800008373,14583.0
1781108248,50,gRPC,gRPC/listar-playlists,152.100000,0.000000,58,59,60,61,63,66,71,75,78,79,79,2637,0,58,52.74163659954629,8.631744000012986,94.66477000023588,22473.0
1781108248,50,gRPC,gRPC/listar-playlists-musica,152.200000,0.000000,46,47,48,48,51,52,57,60,63,69,69,2617,0,45,42.367907675967615,5.066016999990097,86.18392899916216,16984.0
1781108248,50,gRPC,gRPC/listar-playlists-usuario,152.200000,0.000000,45,46,46,47,49,51,55,58,62,64,64,2631,0,44,41.45749187723147,8.797032999609655,87.97340499950224,16978.0
1781108248,50,gRPC,gRPC/listar-usuarios,152.100000,0.000000,88,89,90,91,94,97,100,110,120,120,120,2653,0,87,79.70610450207636,5.855745999724604,149.95656900009635,15097.0
1781108248,50,,Aggregated,912.700000,0.000000,47,55,58,61,86,90,94,96,110,120,120,15807,0,46,50.70257437217838,4.076385000189475,149.95656900009635,18420.617511229204
1781108249,50,gRPC,gRPC/listar-musicas,151.900000,0.000000,45,46,46,47,49,51,53,56,62,63,63,2804,0,45,44.62462375998773,4.076385000189475,87.58088199920167,24374.0
1781108249,50,gRPC,gRPC/listar-musicas-playlist,151.900000,0.000000,45,47,48,49,51,53,56,58,65,67,67,2782,0,45,43.09536551114512,7.739625999420241,86.10768800008373,14583.0
1781108249,50,gRPC,gRPC/listar-playlists,151.900000,0.000000,58,59,60,61,63,65,68,71,78,79,79,2795,0,58,52.995961442931424,8.631744000012986,94.66477000023588,22473.0
1781108249,50,gRPC,gRPC/listar-playlists-musica,152.000000,0.000000,45,47,48,48,50,52,54,58,63,69,69,2775,0,45,42.48249741982617,5.066016999990097,86.18392899916216,16984.0
1781108249,50,gRPC,gRPC/listar-playlists-usuario,152.000000,0.000000,45,46,46,47,48,51,53,54,61,64,64,2789,0,44,41.543091931160056,8.797032999609655,87.97340499950224,16978.0
1781108249,50,gRPC,gRPC/listar-usuarios,151.900000,0.000000,87,89,90,91,94,96,100,100,120,120,120,2811,0,87,80.03325856706175,5.855745999724604,149.95656900009635,15097.0
1781108249,50,,Aggregated,911.600000,0.000000,47,54,58,61,86,90,93,96,110,120,120,16756,0,46,50.83961373096427,4.076385000189475,149.95656900009635,18420.061231797565
1781108250,50,gRPC,gRPC/listar-musicas,152.100000,0.000000,45,46,46,47,49,51,55,59,62,63,63,2955,0,45,44.693466835196624,4.076385000189475,87.58088199920167,24374.0
1781108250,50,gRPC,gRPC/listar-musicas-playlist,152.100000,0.000000,45,47,49,49,51,53,57,59,65,67,67,2931,0,45,43.27860309041251,7.739625999420241,86.10768800008373,14583.0
1781108250,50,gRPC,gRPC/listar-playlists,152.000000,0.000000,58,59,60,61,63,65,71,75,79,82,82,2945,0,58,53.33774661629669,8.631744000012986,94.66477000023588,22473.0
1781108250,50,gRPC,gRPC/listar-playlists-musica,152.000000,0.000000,46,47,48,48,50,52,56,59,63,69,69,2925,0,45,42.68515599282546,5.066016999990097,86.18392899916216,16984.0
1781108250,50,gRPC,gRPC/listar-playlists-usuario,152.000000,0.000000,44,46,46,47,48,51,54,58,64,65,65,2939,0,44,41.719376021442066,8.797032999609655,87.97340499950224,16978.0
1781108250,50,gRPC,gRPC/listar-usuarios,152.000000,0.000000,87,89,90,91,94,96,100,110,120,120,120,2961,0,87,80.47398155150753,5.855745999724604,149.95656900009635,15097.0
1781108250,50,,Aggregated,912.200000,0.000000,47,55,58,61,86,89,93,96,110,120,120,17656,0,46,51.073245962904686,4.076385000189475,149.95656900009635,18420.349286361576
1781108251,50,gRPC,gRPC/listar-musicas,152.100000,0.000000,45,46,46,47,49,51,56,59,62,63,63,3109,0,45,44.723202645867715,4.076385000189475,87.58088199920167,24374.0
1781108251,50,gRPC,gRPC/listar-musicas-playlist,152.100000,0.000000,45,47,49,49,51,53,57,59,65,67,67,3086,0,45,43.41045078483219,7.739625999420241,86.10768800008373,14583.0
1781108251,50,gRPC,gRPC/listar-playlists,152.200000,0.000000,58,59,60,61,63,66,73,75,79,82,82,3100,0,58,53.61211878161132,8.631744000012986,94.66477000023588,22473.0
1781108251,50,gRPC,gRPC/listar-playlists-musica,152.100000,0.000000,46,47,48,48,50,52,57,60,63,69,69,3079,0,45,42.82840539201599,5.066016999990097,86.18392899916216,16984.0
1781108251,50,gRPC,gRPC/listar-playlists-usuario,152.100000,0.000000,45,46,46,47,48,51,55,58,64,65,65,3093,0,44,41.84456745813672,8.797032999609655,87.97340499950224,16978.0
1781108251,50,gRPC,gRPC/listar-usuarios,152.100000,0.000000,87,89,90,91,94,97,100,110,120,120,120,3116,0,87,80.83640466784725,5.855745999724604,149.95656900009635,15097.0
1781108251,50,,Aggregated,912.700000,0.000000,47,55,58,61,86,89,93,96,110,120,120,18583,0,46,51.250433227467894,4.076385000189475,149.95656900009635,18419.907765161708
1781108252,50,gRPC,gRPC/listar-musicas,152.400000,0.000000,45,46,46,47,48,51,56,59,62,63,63,3263,0,45,44.73692252988364,4.076385000189475,87.58088199920167,24374.0
1781108252,50,gRPC,gRPC/listar-musicas-playlist,152.400000,0.000000,45,46,48,49,51,53,57,59,65,67,67,3240,0,45,43.51081252407132,7.739625999420241,86.10768800008373,14583.0
1781108252,50,gRPC,gRPC/listar-playlists,152.400000,0.000000,58,59,60,60,62,65,73,75,79,82,82,3254,0,58,53.84397087308049,8.631744000012986,94.66477000023588,22473.0
1781108252,50,gRPC,gRPC/listar-playlists-musica,152.300000,0.000000,45,47,47,48,50,52,57,60,63,69,69,3233,0,45,42.94890016177537,5.066016999990097,86.18392899916216,16984.0
1781108252,50,gRPC,gRPC/listar-playlists-usuario,152.300000,0.000000,45,46,46,47,48,51,55,58,64,65,65,3247,0,44,41.95730312812337,8.797032999609655,87.97340499950224,16978.0
1781108252,50,gRPC,gRPC/listar-usuarios,152.400000,0.000000,87,89,90,90,94,97,100,110,120,120,120,3270,0,87,81.15339170887266,5.855745999724604,149.95656900009635,15097.0
1781108252,50,,Aggregated,914.200000,0.000000,47,55,58,61,85,89,92,96,110,120,120,19507,0,46,51.397992535092776,4.076385000189475,149.95656900009635,18419.667401445637
1781108253,50,gRPC,gRPC/listar-musicas,152.300000,0.000000,45,46,46,47,49,51,56,59,62,63,63,3414,0,45,44.78104107030144,4.076385000189475,87.58088199920167,24374.0
1781108253,50,gRPC,gRPC/listar-musicas-playlist,152.300000,0.000000,45,47,49,49,51,53,57,59,65,67,67,3391,0,45,43.64332194455713,7.739625999420241,86.10768800008373,14583.0
1781108253,50,gRPC,gRPC/listar-playlists,152.300000,0.000000,58,59,60,61,63,66,73,75,79,82,82,3405,0,58,54.097836906021676,8.631744000012986,94.66477000023588,22473.0
1781108253,50,gRPC,gRPC/listar-playlists-musica,152.300000,0.000000,46,47,48,48,50,52,57,60,63,69,69,3384,0,45,43.08339652571513,5.066016999990097,86.18392899916216,16984.0
1781108253,50,gRPC,gRPC/listar-playlists-usuario,152.200000,0.000000,45,46,46,47,49,51,55,58,64,65,65,3398,0,44,42.089221641854365,8.797032999609655,87.97340499950224,16978.0
1781108253,50,gRPC,gRPC/listar-usuarios,152.300000,0.000000,87,89,90,91,94,98,100,110,120,120,120,3421,0,87,81.49988633704181,5.855745999724604,149.95656900009635,15097.0
1781108253,50,,Aggregated,913.700000,0.000000,47,55,58,61,86,89,93,97,110,120,120,20413,0,47,51.570303910942435,4.076385000189475,149.95656900009635,18419.452848674864
1781108254,50,gRPC,gRPC/listar-musicas,152.400000,0.000000,45,46,46,47,48,51,55,57,62,63,63,3571,0,45,44.76316714590076,4.076385000189475,87.58088199920167,24374.0
1781108254,50,gRPC,gRPC/listar-musicas-playlist,152.400000,0.000000,45,47,49,49,51,53,57,58,65,65,65,3548,0,45,43.70885843883722,7.739625999420241,86.10768800008373,14583.0
1781108254,50,gRPC,gRPC/listar-playlists,152.400000,0.000000,58,59,60,60,63,65,70,74,79,82,82,3562,0,58,54.25856066704088,8.631744000012986,94.66477000023588,22473.0
1781108254,50,gRPC,gRPC/listar-playlists-musica,152.400000,0.000000,45,46,47,48,50,52,56,58,63,69,69,3541,0,45,43.149916277329005,5.066016999990097,86.18392899916216,16984.0
1781108254,50,gRPC,gRPC/listar-playlists-usuario,152.400000,0.000000,45,46,46,47,48,51,54,57,64,65,65,3555,0,44,42.14929520225725,8.797032999609655,87.97340499950224,16978.0
1781108254,50,gRPC,gRPC/listar-usuarios,152.400000,0.000000,87,89,90,90,94,97,100,110,120,120,120,3578,0,87,81.69606730911785,5.855745999724604,149.95656900009635,15097.0
1781108254,50,,Aggregated,914.400000,0.000000,47,55,58,61,86,89,93,96,110,120,120,21355,0,46,51.65724277822897,4.076385000189475,149.95656900009635,18419.24907515804
1781108255,50,gRPC,gRPC/listar-musicas,152.300000,0.000000,45,46,46,47,49,51,57,60,68,69,69,3720,0,45,44.841839882531104,4.076385000189475,87.58088199920167,24374.0
1781108255,50,gRPC,gRPC/listar-musicas-playlist,152.300000,0.000000,45,47,49,49,51,54,58,63,71,72,72,3697,0,45,43.8554729802534,7.739625999420241,86.10768800008373,14583.0
1781108255,50,gRPC,gRPC/listar-playlists,152.300000,0.000000,58,59,60,60,63,67,74,77,84,84,84,3711,0,58,54.51052875397418,8.631744000012986,94.66477000023588,22473.0
1781108255,50,gRPC,gRPC/listar-playlists-musica,152.400000,0.000000,46,46,47,48,50,52,58,61,67,69,69,3690,0,45,43.31174587967966,5.066016999990097,86.18392899916216,16984.0
1781108255,50,gRPC,gRPC/listar-playlists-usuario,152.400000,0.000000,45,46,46,47,49,51,57,60,65,67,67,3704,0,44,42.28615952943459,8.797032999609655,87.97340499950224,16978.0
1781108255,50,gRPC,gRPC/listar-usuarios,152.300000,0.000000,87,89,90,90,94,100,110,110,120,130,130,3727,0,87,82.04680027422232,5.855745999724604,149.95656900009635,15097.0
1781108255,50,,Aggregated,914.000000,0.000000,47,55,58,61,86,89,93,97,120,130,130,22249,0,47,51.84370542460711,4.076385000189475,149.95656900009635,18419.07164366938
1781108256,50,gRPC,gRPC/listar-musicas,152.200000,0.000000,45,46,46,47,49,51,57,59,68,69,69,3874,0,45,44.843873770008415,4.076385000189475,87.58088199920167,24374.0
1781108256,50,gRPC,gRPC/listar-musicas-playlist,152.100000,0.000000,45,47,49,49,51,53,57,60,71,72,72,3852,0,45,43.92438503738186,7.739625999420241,86.10768800008373,14583.0
1781108256,50,gRPC,gRPC/listar-playlists,152.200000,0.000000,58,59,60,60,63,66,73,77,84,84,84,3866,0,58,54.65396142420921,8.631744000012986,94.66477000023588,22473.0
1781108256,50,gRPC,gRPC/listar-playlists-musica,152.200000,0.000000,46,46,47,48,50,52,57,60,65,67,67,3844,0,45,43.389323110825785,5.066016999990097,86.18392899916216,16984.0
1781108256,50,gRPC,gRPC/listar-playlists-usuario,152.200000,0.000000,45,46,46,47,49,51,55,59,65,67,67,3858,0,44,42.342969643606715,8.797032999609655,87.97340499950224,16978.0
1781108256,50,gRPC,gRPC/listar-usuarios,152.200000,0.000000,87,89,90,90,94,97,110,110,120,130,130,3881,0,87,82.24736550374166,5.855745999724604,149.95656900009635,15097.0
1781108256,50,,Aggregated,913.100000,0.000000,47,55,58,61,86,89,93,96,120,130,130,23175,0,47,51.9337162225706,4.076385000189475,149.95656900009635,18418.912060409926
1781108257,50,gRPC,gRPC/listar-musicas,152.700000,0.000000,45,46,46,47,48,51,57,59,68,69,69,4026,0,45,44.87698523646686,4.076385000189475,87.58088199920167,24374.0
1781108257,50,gRPC,gRPC/listar-musicas-playlist,152.600000,0.000000,45,47,49,49,51,53,57,60,71,72,72,4003,0,45,44.013932442916,7.739625999420241,86.10768800008373,14583.0
1781108257,50,gRPC,gRPC/listar-playlists,152.700000,0.000000,58,59,60,60,63,65,73,77,84,84,84,4017,0,58,54.82748292332307,8.631744000012986,94.66477000023588,22473.0
1781108257,50,gRPC,gRPC/listar-playlists-musica,152.700000,0.000000,45,46,47,48,50,52,57,60,65,67,67,3996,0,45,43.49242238713986,5.066016999990097,86.18392899916216,16984.0
1781108257,50,gRPC,gRPC/listar-playlists-usuario,152.700000,0.000000,45,46,46,47,49,51,55,59,65,67,67,4010,0,44,42.4328701857949,8.797032999609655,87.97340499950224,16978.0
1781108257,50,gRPC,gRPC/listar-usuarios,152.700000,0.000000,87,89,90,90,94,98,110,110,120,130,130,4033,0,87,82.48100349244214,5.855745999724604,149.95656900009635,15097.0
1781108257,50,,Aggregated,916.100000,0.000000,47,55,58,61,86,89,93,96,120,130,130,24085,0,47,52.05322521997388,4.076385000189475,149.95656900009635,18418.748557193274
1781108258,50,gRPC,gRPC/listar-musicas,152.100000,0.000000,45,46,47,47,49,51,57,59,68,69,69,4179,0,45,44.903091173012996,4.076385000189475,87.58088199920167,24374.0
1781108258,50,gRPC,gRPC/listar-musicas-playlist,152.200000,0.000000,45,47,49,49,51,54,57,60,71,72,72,4157,0,45,44.099507188115034,7.739625999420241,86.10768800008373,14583.0
1781108258,50,gRPC,gRPC/listar-playlists,152.100000,0.000000,58,59,60,61,63,66,73,77,84,84,84,4170,0,58,54.99223710455297,8.631744000012986,94.66477000023588,22473.0
1781108258,50,gRPC,gRPC/listar-playlists-musica,152.000000,0.000000,46,47,47,48,50,53,57,60,65,67,67,4149,0,45,43.5852132024608,5.066016999990097,86.18392899916216,16984.0
1781108258,50,gRPC,gRPC/listar-playlists-usuario,152.100000,0.000000,45,46,47,47,49,51,55,59,65,67,67,4163,0,44,42.5128135152629,8.797032999609655,87.97340499950224,16978.0
1781108258,50,gRPC,gRPC/listar-usuarios,152.100000,0.000000,87,89,90,91,94,98,110,110,120,130,130,4186,0,87,82.6915020477831,5.855745999724604,149.95656900009635,15097.0
1781108258,50,,Aggregated,912.600000,0.000000,47,55,59,61,86,89,93,97,120,130,130,25004,0,47,52.1617268409884,4.076385000189475,149.95656900009635,18418.451407774755
1781108259,50,gRPC,gRPC/listar-musicas,152.200000,0.000000,45,46,47,47,49,51,56,58,68,69,69,4333,0,45,44.901965090704685,4.076385000189475,87.58088199920167,24374.0
1781108259,50,gRPC,gRPC/listar-musicas-playlist,152.300000,0.000000,45,47,49,49,51,53,57,58,71,72,72,4310,0,45,44.15510164756239,7.739625999420241,86.10768800008373,14583.0
1781108259,50,gRPC,gRPC/listar-playlists,152.300000,0.000000,58,59,60,61,63,65,72,77,84,84,84,4324,0,58,55.113258943105215,8.631744000012986,94.66477000023588,22473.0
1781108259,50,gRPC,gRPC/listar-playlists-musica,152.100000,0.000000,46,47,47,48,50,52,56,59,65,67,67,4303,0,45,43.64487493307248,5.066016999990097,86.18392899916216,16984.0
1781108259,50,gRPC,gRPC/listar-playlists-usuario,152.100000,0.000000,45,46,47,47,49,51,54,58,65,67,67,4317,0,44,42.56082239611694,8.797032999609655,87.97340499950224,16978.0
1781108259,50,gRPC,gRPC/listar-usuarios,152.200000,0.000000,88,89,90,91,94,98,110,110,120,130,130,4340,0,87,82.84674294608713,5.855745999724604,149.95656900009635,15097.0
1781108259,50,,Aggregated,913.200000,0.000000,47,55,59,61,86,90,93,97,120,130,130,25927,0,47,52.23405199275177,4.076385000189475,149.95656900009635,18418.470397654954
1781108260,50,gRPC,gRPC/listar-musicas,152.000000,0.000000,45,46,47,47,49,51,56,59,68,69,69,4485,0,45,44.93815867246964,4.076385000189475,87.58088199920167,24374.0
1781108260,50,gRPC,gRPC/listar-musicas-playlist,152.000000,0.000000,45,47,49,49,51,53,57,60,71,72,72,4462,0,45,44.24481252487617,7.739625999420241,86.10768800008373,14583.0
1781108260,50,gRPC,gRPC/listar-playlists,152.100000,0.000000,58,59,60,61,63,65,72,76,84,84,84,4476,0,58,55.27230151653063,8.631744000012986,94.66477000023588,22473.0
1781108260,50,gRPC,gRPC/listar-playlists-musica,152.000000,0.000000,46,47,47,48,50,53,56,60,67,67,67,4455,0,45,43.73734745320027,5.066016999990097,86.18392899916216,16984.0
1781108260,50,gRPC,gRPC/listar-playlists-usuario,152.000000,0.000000,45,46,47,47,49,51,54,58,65,67,67,4469,0,44,42.64070757329205,8.797032999609655,87.97340499950224,16978.0
1781108260,50,gRPC,gRPC/listar-usuarios,152.100000,0.000000,88,89,90,91,94,97,110,110,120,130,130,4491,0,87,83.0540602658695,5.855745999724604,149.95656900009635,15097.0
1781108260,50,,Aggregated,912.200000,0.000000,47,55,59,61,86,89,93,96,120,130,130,26838,0,47,52.34271579190298,4.076385000189475,149.95656900009635,18418.470564125495
1781108261,50,gRPC,gRPC/listar-musicas,151.900000,0.000000,45,46,47,47,49,51,56,59,68,69,69,4638,0,45,44.94999110522335,4.076385000189475,87.58088199920167,24374.0
1781108261,50,gRPC,gRPC/listar-musicas-playlist,152.000000,0.000000,45,47,49,50,51,53,57,60,71,72,72,4615,0,45,44.296919240953535,7.739625999420241,86.10768800008373,14583.0
1781108261,50,gRPC,gRPC/listar-playlists,151.900000,0.000000,58,59,60,61,63,65,72,76,84,84,84,4629,0,58,55.38680275329296,8.631744000012986,94.66477000023588,22473.0
1781108261,50,gRPC,gRPC/listar-playlists-musica,151.900000,0.000000,46,47,48,48,50,53,56,60,67,67,67,4608,0,45,43.80864540126041,5.066016999990097,86.18392899916216,16984.0
1781108261,50,gRPC,gRPC/listar-playlists-usuario,151.800000,0.000000,45,46,47,47,49,51,54,58,65,67,67,4622,0,44,42.69409904652513,8.797032999609655,87.97340499950224,16978.0
1781108261,50,gRPC,gRPC/listar-usuarios,151.900000,0.000000,88,89,90,91,94,97,110,110,120,130,130,4645,0,87,83.21085683832658,5.855745999724604,149.95656900009635,15097.0
1781108261,50,,Aggregated,911.400000,0.000000,47,55,59,61,86,90,93,96,120,130,130,27757,0,47,52.41959306856301,4.076385000189475,149.95656900009635,18418.230608495156
1781108262,50,gRPC,gRPC/listar-musicas,152.200000,0.000000,45,46,46,47,49,51,54,59,68,69,69,4792,0,45,44.95300811081644,4.076385000189475,87.58088199920167,24374.0
1781108262,50,gRPC,gRPC/listar-musicas-playlist,152.300000,0.000000,45,47,49,49,51,53,57,60,71,72,72,4769,0,45,44.339256143847365,7.739625999420241,86.10768800008373,14583.0
1781108262,50,gRPC,gRPC/listar-playlists,152.200000,0.000000,58,59,60,61,63,65,71,76,84,84,84,4783,0,58,55.482331213880045,8.631744000012986,94.66477000023588,22473.0
1781108262,50,gRPC,gRPC/listar-playlists-musica,152.200000,0.000000,46,47,47,48,50,52,56,60,67,67,67,4763,0,45,43.85602464602378,5.066016999990097,86.18392899916216,16984.0
1781108262,50,gRPC,gRPC/listar-playlists-usuario,152.200000,0.000000,45,46,46,47,49,51,54,58,65,67,67,4776,0,44,42.73191062082012,8.797032999609655,87.97340499950224,16978.0
1781108262,50,gRPC,gRPC/listar-usuarios,152.200000,0.000000,87,89,90,91,93,97,110,110,120,130,130,4799,0,87,83.34293586372662,5.855745999724604,149.95656900009635,15097.0
1781108262,50,,Aggregated,913.300000,0.000000,47,55,58,61,86,89,93,96,120,130,130,28682,0,47,52.478115798658,4.076385000189475,149.95656900009635,18418.0711596123
1781108263,50,gRPC,gRPC/listar-musicas,151.800000,0.000000,45,46,47,47,49,51,54,59,68,69,69,4943,0,45,44.9833330034458,4.076385000189475,87.58088199920167,24374.0
1781108263,50,gRPC,gRPC/listar-musicas-playlist,151.700000,0.000000,45,47,49,50,51,53,57,60,71,72,72,4920,0,45,44.40742673211555,7.739625999420241,86.10768800008373,14583.0
1781108263,50,gRPC,gRPC/listar-playlists,151.800000,0.000000,58,59,60,61,63,65,71,76,84,84,84,4934,0,58,55.606418419332314,8.631744000012986,94.66477000023588,22473.0
1781108263,50,gRPC,gRPC/listar-playlists-musica,151.900000,0.000000,46,47,48,48,50,53,56,60,67,67,67,4914,0,45,43.93453058364096,5.066016999990097,86.18392899916216,16984.0
1781108263,50,gRPC,gRPC/listar-playlists-usuario,151.900000,0.000000,45,46,47,47,49,51,54,58,65,67,67,4928,0,44,42.80082434944083,8.797032999609655,87.97340499950224,16978.0
1781108263,50,gRPC,gRPC/listar-usuarios,151.800000,0.000000,88,89,90,91,94,97,110,110,120,130,130,4950,0,87,83.51741035091385,5.855745999724604,149.95656900009635,15097.0
1781108263,50,,Aggregated,910.900000,0.000000,47,55,59,61,86,90,93,96,120,130,130,29589,0,47,52.567749838051775,4.076385000189475,149.95656900009635,18417.923349893543
1781108264,50,gRPC,gRPC/listar-musicas,152.000000,0.000000,45,46,47,47,49,51,54,59,68,69,69,5099,0,45,44.97366760777188,4.076385000189475,87.58088199920167,24374.0
1781108264,50,gRPC,gRPC/listar-musicas-playlist,152.100000,0.000000,45,47,49,50,51,53,57,60,71,72,72,5076,0,45,44.42855375236623,7.739625999420241,86.10768800008373,14583.0
1781108264,50,gRPC,gRPC/listar-playlists,152.000000,0.000000,58,59,60,61,63,65,71,76,84,84,84,5090,0,58,55.671668034771834,8.631744000012986,94.66477000023588,22473.0
1781108264,50,gRPC,gRPC/listar-playlists-musica,152.000000,0.000000,46,47,48,48,51,53,56,60,67,67,67,5070,0,45,43.966741807300245,5.066016999990097,86.18392899916216,16984.0
1781108264,50,gRPC,gRPC/listar-playlists-usuario,152.000000,0.000000,45,46,47,47,49,51,54,58,65,67,67,5084,0,44,42.81738636704152,8.797032999609655,87.97340499950224,16978.0
1781108264,50,gRPC,gRPC/listar-usuarios,152.000000,0.000000,88,89,90,91,94,97,110,110,120,130,130,5106,0,87,83.61270173619934,5.855745999724604,149.95656900009635,15097.0
1781108264,50,,Aggregated,912.100000,0.000000,47,55,59,61,86,90,94,96,120,130,130,30525,0,47,52.60377685812021,4.076385000189475,149.95656900009635,18417.8285995086
1781108265,50,gRPC,gRPC/listar-musicas,151.900000,0.000000,45,46,47,47,49,51,54,58,63,63,63,5249,0,45,45.00934732959198,4.076385000189475,87.58088199920167,24374.0
1781108265,50,gRPC,gRPC/listar-musicas-playlist,151.900000,0.000000,45,47,49,49,51,53,57,59,64,67,67,5227,0,45,44.48947485135077,7.739625999420241,86.10768800008373,14583.0
1781108265,50,gRPC,gRPC/listar-playlists,151.900000,0.000000,58,59,60,61,63,65,70,75,78,81,81,5240,0,58,55.78401129007192,8.631744000012986,94.66477000023588,22473.0
1781108265,50,gRPC,gRPC/listar-playlists-musica,151.800000,0.000000,46,47,48,48,51,53,56,58,63,67,67,5220,0,45,44.04455299272368,5.066016999990097,86.18392899916216,16984.0
1781108265,50,gRPC,gRPC/listar-playlists-usuario,151.800000,0.000000,45,46,47,47,49,52,54,57,63,63,63,5233,0,44,42.88481399064286,8.797032999609655,87.97340499950224,16978.0
1781108265,50,gRPC,gRPC/listar-usuarios,151.900000,0.000000,88,89,90,91,94,97,100,110,120,120,120,5256,0,87,83.76682054319534,5.855745999724604,149.95656900009635,15097.0
1781108265,50,,Aggregated,911.200000,0.000000,47,55,59,61,86,90,93,96,110,120,120,31425,0,47,52.68785919971709,4.076385000189475,149.95656900009635,18417.66660302307
1781108266,50,gRPC,gRPC/listar-musicas,151.800000,0.000000,45,46,47,47,49,51,54,58,63,63,63,5403,0,45,45.016214399042646,4.076385000189475,87.58088199920167,24374.0
1781108266,50,gRPC,gRPC/listar-musicas-playlist,151.900000,0.000000,45,47,49,49,51,53,57,59,64,67,67,5380,0,45,44.52532011672992,7.739625999420241,86.10768800008373,14583.0
1781108266,50,gRPC,gRPC/listar-playlists,151.800000,0.000000,58,59,60,61,63,65,70,75,78,81,81,5394,0,58,55.862145697623,8.631744000012986,94.66477000023588,22473.0
1781108266,50,gRPC,gRPC/listar-playlists-musica,151.800000,0.000000,46,47,48,48,51,53,56,58,63,67,67,5373,0,45,44.094427496001906,5.066016999990097,86.18392899916216,16984.0
1781108266,50,gRPC,gRPC/listar-playlists-usuario,151.800000,0.000000,45,46,46,47,49,51,54,57,63,63,63,5387,0,44,42.91483853110059,8.797032999609655,87.97340499950224,16978.0
1781108266,50,gRPC,gRPC/listar-usuarios,151.800000,0.000000,88,89,90,91,94,97,100,110,120,120,120,5410,0,87,83.88061139150346,5.855745999724604,149.95656900009635,15097.0
1781108266,50,,Aggregated,910.900000,0.000000,47,55,58,61,86,90,93,96,110,120,120,32347,0,47,52.74012873682609,4.076385000189475,149.95656900009635,18417.748539277214
1781108267,50,gRPC,gRPC/listar-musicas,151.800000,0.000000,45,46,46,47,49,51,54,58,63,63,63,5558,0,45,45.01049473336191,4.076385000189475,87.58088199920167,24374.0
1781108267,50,gRPC,gRPC/listar-musicas-playlist,151.900000,0.000000,45,47,49,49,51,52,57,59,64,67,67,5535,0,45,44.55037156748155,7.739625999420241,86.10768800008373,14583.0
1781108267,50,gRPC,gRPC/listar-playlists,151.800000,0.000000,58,59,60,60,63,65,70,75,78,81,81,5549,0,58,55.91887069147236,8.631744000012986,94.66477000023588,22473.0
1781108267,50,gRPC,gRPC/listar-playlists-musica,151.900000,0.000000,46,47,47,48,50,52,56,58,63,67,67,5528,0,45,44.12894422847662,5.066016999990097,86.18392899916216,16984.0
1781108267,50,gRPC,gRPC/listar-playlists-usuario,151.900000,0.000000,45,46,46,47,48,51,54,57,63,63,63,5543,0,44,42.932792508575325,8.797032999609655,87.97340499950224,16978.0
1781108267,50,gRPC,gRPC/listar-usuarios,151.800000,0.000000,87,89,90,91,94,97,100,110,120,120,120,5565,0,87,83.95455096424612,5.855745999724604,149.95656900009635,15097.0
1781108267,50,,Aggregated,911.100000,0.000000,47,55,58,61,86,89,93,96,110,120,120,33278,0,47,52.77290698080129,4.076385000189475,149.95656900009635,18417.62380551716
1781108268,50,gRPC,gRPC/listar-musicas,151.900000,0.000000,45,46,46,47,49,51,54,58,63,63,63,5708,0,45,45.046744273830846,4.076385000189475,87.58088199920167,24374.0
1781108268,50,gRPC,gRPC/listar-musicas-playlist,151.900000,0.000000,45,47,49,49,51,53,56,59,64,67,67,5686,0,45,44.60595413278482,7.739625999420241,86.10768800008373,14583.0
1781108268,50,gRPC,gRPC/listar-playlists,151.900000,0.000000,58,59,60,61,63,66,70,75,78,81,81,5699,0,58,56.029761797680074,8.631744000012986,94.66477000023588,22473.0
1781108268,50,gRPC,gRPC/listar-playlists-musica,151.900000,0.000000,46,47,48,48,51,53,56,58,63,67,67,5678,0,45,44.19819983955881,5.066016999990097,86.18392899916216,16984.0
1781108268,50,gRPC,gRPC/listar-playlists-usuario,151.800000,0.000000,45,46,46,47,49,51,54,57,63,63,63,5692,0,44,42.997901859281754,8.797032999609655,87.97340499950224,16978.0
1781108268,50,gRPC,gRPC/listar-usuarios,151.900000,0.000000,88,89,90,91,95,97,100,110,120,120,120,5715,0,87,84.10522925424848,5.855745999724604,149.95656900009635,15097.0
1781108268,50,,Aggregated,911.300000,0.000000,47,55,58,61,86,90,94,97,110,120,120,34178,0,47,52.85366918073338,4.076385000189475,149.95656900009635,18417.480250453507
1781108269,50,gRPC,gRPC/listar-musicas,152.100000,0.000000,45,46,47,47,49,52,54,58,63,63,63,5863,0,45,45.04040493689651,4.076385000189475,87.58088199920167,24374.0
1781108269,50,gRPC,gRPC/listar-musicas-playlist,152.100000,0.000000,45,47,49,49,51,53,56,59,64,67,67,5841,0,45,44.62224661975926,7.739625999420241,86.10768800008373,14583.0
1781108269,50,gRPC,gRPC/listar-playlists,152.100000,0.000000,58,59,60,61,63,66,70,75,78,81,81,5855,0,58,56.08183623295948,8.631744000012986,94.66477000023588,22473.0
1781108269,50,gRPC,gRPC/listar-playlists-musica,152.100000,0.000000,46,47,48,48,51,53,56,58,63,67,67,5833,0,45,44.21899835042423,5.066016999990097,86.18392899916216,16984.0
1781108269,50,gRPC,gRPC/listar-playlists-usuario,152.100000,0.000000,45,46,47,47,49,52,54,57,63,63,63,5848,0,44,43.01826327668155,8.797032999609655,87.97340499950224,16978.0
1781108269,50,gRPC,gRPC/listar-usuarios,152.100000,0.000000,88,89,90,91,95,97,100,110,120,120,120,5871,0,87,84.17972188809914,5.855745999724604,149.95656900009635,15097.0
1781108269,50,,Aggregated,912.600000,0.000000,47,55,58,61,86,90,94,97,110,120,120,35111,0,47,52.883397112589016,4.076385000189475,149.95656900009635,18417.390077183787
1781108270,50,gRPC,gRPC/listar-musicas,152.100000,0.000000,45,46,46,47,49,51,53,57,62,63,63,6018,0,45,45.034936920244384,4.076385000189475,87.58088199920167,24374.0
1781108270,50,gRPC,gRPC/listar-musicas-playlist,152.100000,0.000000,45,47,48,49,51,52,55,58,63,67,67,5996,0,45,44.64109153435978,7.739625999420241,86.10768800008373,14583.0
1781108270,50,gRPC,gRPC/listar-playlists,152.100000,0.000000,58,59,60,60,63,65,68,72,78,78,78,6009,0,58,56.12424712281243,8.631744000012986,94.66477000023588,22473.0
1781108270,50,gRPC,gRPC/listar-playlists-musica,152.100000,0.000000,45,46,47,48,50,52,55,58,62,62,62,5988,0,45,44.23200445307597,5.066016999990097,86.18392899916216,16984.0
1781108270,50,gRPC,gRPC/listar-playlists-usuario,152.200000,0.000000,45,46,46,47,48,51,53,56,63,63,63,6002,0,44,43.03835602882932,8.797032999609655,87.97340499950224,16978.0
1781108270,50,gRPC,gRPC/listar-usuarios,152.100000,0.000000,87,89,90,91,94,96,99,100,120,120,120,6025,0,87,84.23869664797088,5.855745999724604,149.95656900009635,15097.0
1781108270,50,,Aggregated,912.700000,0.000000,47,55,58,60,86,89,93,96,110,120,120,36038,0,47,52.906777264030005,4.076385000189475,149.95656900009635,18417.34363727177
1781108271,50,gRPC,gRPC/listar-musicas,152.100000,0.000000,45,46,47,47,49,51,54,58,63,68,68,6171,0,45,45.06008278739749,4.076385000189475,87.58088199920167,24374.0
1781108271,50,gRPC,gRPC/listar-musicas-playlist,152.000000,0.000000,45,47,49,49,51,53,56,59,63,67,67,6148,0,45,44.689272505371676,7.739625999420241,86.10768800008373,14583.0
1781108271,50,gRPC,gRPC/listar-playlists,152.000000,0.000000,58,59,60,61,63,65,69,75,80,87,87,6162,0,58,56.215385623170775,8.631744000012986,94.66477000023588,22473.0
1781108271,50,gRPC,gRPC/listar-playlists-musica,152.100000,0.000000,46,47,48,48,50,52,56,59,63,75,75,6141,0,45,44.283870340338865,5.066016999990097,86.18392899916216,16984.0
1781108271,50,gRPC,gRPC/listar-playlists-usuario,152.200000,0.000000,45,46,46,47,49,51,54,57,63,71,71,6155,0,45,43.08553710430995,8.797032999609655,87.97340499950224,16978.0
1781108271,50,gRPC,gRPC/listar-usuarios,152.100000,0.000000,88,89,90,91,95,97,100,110,120,120,120,6178,0,87,84.3688391869594,5.855745999724604,149.95656900009635,15097.0
1781108271,50,,Aggregated,912.500000,0.000000,47,55,58,61,86,90,94,97,110,120,120,36955,0,47,52.972102329539155,4.076385000189475,149.95656900009635,18417.38503585442
1781108272,50,gRPC,gRPC/listar-musicas,152.000000,0.000000,45,46,46,47,49,51,54,58,63,68,68,6327,0,45,45.04182946199371,4.076385000189475,87.58088199920167,24374.0
1781108272,50,gRPC,gRPC/listar-musicas-playlist,151.900000,0.000000,45,46,48,49,50,52,56,59,63,67,67,6305,0,45,44.6971493884273,7.739625999420241,86.10768800008373,14583.0
1781108272,50,gRPC,gRPC/listar-playlists,152.000000,0.000000,58,59,59,60,63,65,69,75,80,87,87,6319,0,58,56.24335374853255,8.631744000012986,94.66477000023588,22473.0
1781108272,50,gRPC,gRPC/listar-playlists-musica,152.100000,0.000000,45,46,47,48,50,52,55,59,63,75,75,6297,0,45,44.288866306180324,5.066016999990097,86.18392899916216,16984.0
1781108272,50,gRPC,gRPC/listar-playlists-usuario,152.100000,0.000000,45,46,46,47,48,51,54,57,63,71,71,6311,0,45,43.08858561606974,8.797032999609655,87.97340499950224,16978.0
1781108272,50,gRPC,gRPC/listar-usuarios,152.000000,0.000000,87,89,90,90,93,96,100,110,120,120,120,6334,0,87,84.40474976539856,5.855745999724604,149.95656900009635,15097.0
1781108272,50,,Aggregated,912.100000,0.000000,47,55,58,60,86,89,92,96,110,120,120,37893,0,47,52.9817030639991,4.076385000189475,149.95656900009635,18417.32784419286
1781108273,50,gRPC,gRPC/listar-musicas,152.300000,0.000000,45,46,46,47,49,52,57,59,63,68,68,6476,0,45,45.08392800633645,4.076385000189475,87.58088199920167,24374.0
1781108273,50,gRPC,gRPC/listar-musicas-playlist,152.300000,0.000000,45,47,48,49,51,53,57,60,65,67,67,6453,0,45,44.75472273113856,7.739625999420241,86.10768800008373,14583.0
1781108273,50,gRPC,gRPC/listar-playlists,152.300000,0.000000,58,59,60,60,63,66,72,75,80,87,87,6467,0,58,56.345000136072514,8.631744000012986,94.66477000023588,22473.0
1781108273,50,gRPC,gRPC/listar-playlists-musica,152.300000,0.000000,45,46,47,48,50,53,58,60,63,75,75,6446,0,45,44.35107889916431,5.066016999990097,86.18392899916216,16984.0
1781108273,50,gRPC,gRPC/listar-playlists-usuario,152.200000,0.000000,45,46,46,47,49,52,55,59,63,71,71,6460,0,45,43.152997114553955,8.797032999609655,87.97340499950224,16978.0
1781108273,50,gRPC,gRPC/listar-usuarios,152.300000,0.000000,87,89,90,91,95,98,110,110,120,120,120,6483,0,87,84.55758580102348,5.855745999724604,149.95656900009635,15097.0
1781108273,50,,Aggregated,913.700000,0.000000,47,55,58,61,86,89,94,97,110,120,120,38785,0,47,53.06152131301084,4.076385000189475,149.95656900009635,18417.26463839113
1781108274,50,gRPC,gRPC/listar-musicas,152.200000,0.000000,45,46,46,47,49,52,57,59,63,68,68,6633,0,45,45.06047724921327,4.076385000189475,87.58088199920167,24374.0
1781108274,50,gRPC,gRPC/listar-musicas-playlist,152.100000,0.000000,45,47,48,49,51,53,57,60,65,67,67,6611,0,45,44.75160936969341,7.739625999420241,86.10768800008373,14583.0
1781108274,50,gRPC,gRPC/listar-playlists,152.200000,0.000000,58,59,60,60,63,66,72,75,80,87,87,6624,0,58,56.364758760565365,8.631744000012986,94.66477000023588,22473.0
1781108274,50,gRPC,gRPC/listar-playlists-musica,152.300000,0.000000,45,46,47,48,50,53,58,60,63,75,75,6604,0,45,44.34905157450202,5.066016999990097,86.18392899916216,16984.0
1781108274,50,gRPC,gRPC/listar-playlists-usuario,152.200000,0.000000,45,46,46,47,48,51,55,59,63,71,71,6617,0,45,43.154042906908494,8.797032999609655,87.97340499950224,16978.0
1781108274,50,gRPC,gRPC/listar-usuarios,152.200000,0.000000,87,89,90,91,95,98,110,110,120,120,120,6640,0,87,84.58240986220213,5.855745999724604,149.95656900009635,15097.0
1781108274,50,,Aggregated,913.200000,0.000000,47,55,58,61,86,89,93,97,110,120,120,39729,0,47,53.06345080835437,4.076385000189475,149.95656900009635,18417.074404087693
1781108275,50,gRPC,gRPC/listar-musicas,152.400000,0.000000,45,46,46,47,48,51,53,58,61,68,68,6789,0,45,45.051237085437236,4.076385000189475,87.58088199920167,24374.0
1781108275,50,gRPC,gRPC/listar-musicas-playlist,152.400000,0.000000,45,46,48,49,50,52,55,58,65,65,65,6767,0,45,44.76138104241748,7.739625999420241,86.10768800008373,14583.0
1781108275,50,gRPC,gRPC/listar-playlists,152.400000,0.000000,58,59,60,60,63,65,69,73,80,87,87,6780,0,58,56.399899743950186,8.631744000012986,94.66477000023588,22473.0
1781108275,50,gRPC,gRPC/listar-playlists-musica,152.400000,0.000000,45,46,47,48,49,52,55,59,63,75,75,6759,0,45,44.35929274197593,5.066016999990097,86.18392899916216,16984.0
1781108275,50,gRPC,gRPC/listar-playlists-usuario,152.400000,0.000000,45,46,46,47,48,51,54,58,63,71,71,6773,0,45,43.16758469585281,8.797032999609655,87.97340499950224,16978.0
1781108275,50,gRPC,gRPC/listar-usuarios,152.400000,0.000000,87,89,90,91,94,97,100,110,120,120,120,6796,0,87,84.62795685741925,5.855745999724604,149.95656900009635,15097.0
1781108275,50,,Aggregated,914.400000,0.000000,47,55,58,60,86,89,93,96,110,120,120,40664,0,47,53.08072348864104,4.076385000189475,149.95656900009635,18417.05806118434
1781108276,50,gRPC,gRPC/listar-musicas,152.300000,0.000000,45,46,46,47,49,52,56,59,62,68,68,6938,0,45,45.079379828629655,4.076385000189475,87.58088199920167,24374.0
1781108276,50,gRPC,gRPC/listar-musicas-playlist,152.200000,0.000000,45,47,48,49,51,53,57,59,65,66,66,6916,0,45,44.80868560628145,7.739625999420241,86.10768800008373,14583.0
1781108276,50,gRPC,gRPC/listar-playlists,152.300000,0.000000,58,59,60,60,63,66,71,75,80,87,87,6930,0,58,56.483882253965604,8.631744000012986,94.66477000023588,22473.0
1781108276,50,gRPC,gRPC/listar-playlists-musica,152.300000,0.000000,45,46,47,48,50,52,57,60,65,75,75,6908,0,45,44.40706656731505,5.066016999990097,86.18392899916216,16984.0
1781108276,50,gRPC,gRPC/listar-playlists-usuario,152.300000,0.000000,45,46,46,47,48,51,54,60,63,71,71,6923,0,45,43.2159787356651,8.797032999609655,87.97340499950224,16978.0
1781108276,50,gRPC,gRPC/listar-usuarios,152.300000,0.000000,88,89,90,91,95,98,100,110,120,120,120,6946,0,87,84.74984582911384,5.855745999724604,149.95656900009635,15097.0
1781108276,50,,Aggregated,913.700000,0.000000,47,55,58,61,86,89,93,97,110,120,120,41561,0,47,53.14385064572797,4.076385000189475,149.95656900009635,18416.993286975772
1781108277,50,gRPC,gRPC/listar-musicas,152.500000,0.000000,45,46,46,47,48,51,56,59,62,68,68,7093,0,45,45.07309085648327,4.076385000189475,87.58088199920167,24374.0
1781108277,50,gRPC,gRPC/listar-musicas-playlist,152.400000,0.000000,45,46,48,49,50,52,57,59,65,66,66,7070,0,45,44.821308620938716,7.739625999420241,86.10768800008373,14583.0
1781108277,50,gRPC,gRPC/listar-playlists,152.500000,0.000000,58,59,60,60,62,65,71,75,80,87,87,7084,0,58,56.51698041007693,8.631744000012986,94.66477000023588,22473.0
1781108277,50,gRPC,gRPC/listar-playlists-musica,152.400000,0.000000,45,46,47,47,49,52,56,60,65,75,75,7063,0,45,44.42274332281034,5.066016999990097,86.18392899916216,16984.0
1781108277,50,gRPC,gRPC/listar-playlists-usuario,152.400000,0.000000,45,46,46,47,48,51,54,60,63,71,71,7077,0,45,43.22749475074349,8.797032999609655,87.97340499950224,16978.0
1781108277,50,gRPC,gRPC/listar-usuarios,152.500000,0.000000,87,89,90,91,94,97,100,110,120,120,120,7100,0,87,84.79073444408827,5.855745999724604,149.95656900009635,15097.0
1781108277,50,,Aggregated,914.700000,0.000000,47,55,58,60,86,89,93,96,110,120,120,42487,0,47,53.160952894134724,4.076385000189475,149.95656900009635,18417.052792618917
1781108278,50,gRPC,gRPC/listar-musicas,152.600000,0.000000,45,46,46,47,49,52,57,59,62,68,68,7241,0,45,45.10981530990677,4.076385000189475,87.58088199920167,24374.0
1781108278,50,gRPC,gRPC/listar-musicas-playlist,152.500000,0.000000,45,47,49,49,51,53,57,59,65,66,66,7218,0,45,44.881231833199344,7.739625999420241,86.10768800008373,14583.0
1781108278,50,gRPC,gRPC/listar-playlists,152.600000,0.000000,58,59,60,60,63,67,72,76,80,87,87,7232,0,58,56.607375866009825,8.631744000012986,94.66477000023588,22473.0
1781108278,50,gRPC,gRPC/listar-playlists-musica,152.600000,0.000000,45,46,47,48,50,53,57,60,65,75,75,7212,0,45,44.48274494869833,5.066016999990097,86.18392899916216,16984.0
1781108278,50,gRPC,gRPC/listar-playlists-usuario,152.600000,0.000000,45,46,46,47,49,51,56,60,63,71,71,7226,0,45,43.281734399392,8.797032999609655,87.97340499950224,16978.0
1781108278,50,gRPC,gRPC/listar-usuarios,152.500000,0.000000,88,89,90,91,95,98,100,110,120,120,120,7248,0,87,84.9104944620631,5.855745999724604,149.95656900009635,15097.0
1781108278,50,,Aggregated,915.400000,0.000000,47,55,58,61,86,89,94,98,110,120,120,43377,0,47,53.2303312699151,4.076385000189475,149.95656900009635,18416.9411439242
1781108279,50,gRPC,gRPC/listar-musicas,152.600000,0.000000,45,46,46,47,49,52,57,59,62,68,68,7396,0,45,45.10810275541387,4.076385000189475,87.58088199920167,24374.0
1781108279,50,gRPC,gRPC/listar-musicas-playlist,152.600000,0.000000,45,47,49,49,51,53,57,59,65,66,66,7372,0,45,44.9002688954197,7.739625999420241,86.10768800008373,14583.0
1781108279,50,gRPC,gRPC/listar-playlists,152.500000,0.000000,58,59,60,61,63,66,72,76,80,87,87,7387,0,58,56.64465412305185,8.631744000012986,94.66477000023588,22473.0
1781108279,50,gRPC,gRPC/listar-playlists-musica,152.600000,0.000000,45,46,47,48,50,53,57,60,65,75,75,7365,0,45,44.50329640475338,5.066016999990097,86.18392899916216,16984.0
1781108279,50,gRPC,gRPC/listar-playlists-usuario,152.600000,0.000000,45,46,46,47,49,51,56,60,63,71,71,7380,0,45,43.291347977101616,8.797032999609655,87.97340499950224,16978.0
1781108279,50,gRPC,gRPC/listar-usuarios,152.600000,0.000000,88,89,90,91,95,98,100,110,120,120,120,7403,0,87,84.95482356004734,5.855745999724604,149.95656900009635,15097.0
1781108279,50,,Aggregated,915.500000,0.000000,47,55,59,61,86,89,94,97,110,120,120,44303,0,47,53.25228212965514,4.076385000189475,149.95656900009635,18417.0806040223
1781108280,50,gRPC,gRPC/listar-musicas,152.500000,0.000000,45,46,46,47,49,51,54,58,61,62,62,7551,0,45,45.09772117931911,4.076385000189475,87.58088199920167,24374.0
1781108280,50,gRPC,gRPC/listar-musicas-playlist,152.500000,0.000000,45,47,49,49,51,52,55,58,65,66,66,7529,0,45,44.90550031359096,7.739625999420241,86.10768800008373,14583.0
1781108280,50,gRPC,gRPC/listar-playlists,152.500000,0.000000,58,59,60,60,63,65,70,74,78,79,79,7542,0,58,56.66970687748352,8.631744000012986,94.66477000023588,22473.0
1781108280,50,gRPC,gRPC/listar-playlists-musica,152.600000,0.000000,45,46,47,48,50,52,55,59,64,65,65,7522,0,45,44.51290550744648,5.066016999990097,86.18392899916216,16984.0
1781108280,50,gRPC,gRPC/listar-playlists-usuario,152.500000,0.000000,45,46,46,47,48,51,54,59,61,62,62,7536,0,45,43.29681409302218,8.797032999609655,87.97340499950224,16978.0
1781108280,50,gRPC,gRPC/listar-usuarios,152.500000,0.000000,87,89,90,91,94,97,100,110,110,120,120,7558,0,87,84.98500759381098,5.855745999724604,149.95656900009635,15097.0
1781108280,50,,Aggregated,915.100000,0.000000,47,55,58,61,86,89,93,97,110,120,120,45238,0,47,53.26179069326889,4.076385000189475,149.95656900009635,18416.769728988904
1781108281,50,gRPC,gRPC/listar-musicas,152.200000,0.000000,45,46,47,47,50,53,58,60,61,62,62,7696,0,45,45.15195486071117,4.076385000189475,87.58088199920167,24374.0
1781108281,50,gRPC,gRPC/listar-musicas-playlist,152.300000,0.000000,45,47,49,49,51,54,57,60,65,66,66,7673,0,45,44.973614783268744,7.739625999420241,86.10768800008373,14583.0
1781108281,50,gRPC,gRPC/listar-playlists,152.300000,0.000000,58,59,60,61,64,68,73,75,78,79,79,7687,0,58,56.77148993976544,8.631744000012986,94.66477000023588,22473.0
1781108281,50,gRPC,gRPC/listar-playlists-musica,152.200000,0.000000,45,47,48,48,51,54,59,60,64,65,65,7666,0,45,44.58717859483616,5.066016999990097,86.18392899916216,16984.0
1781108281,50,gRPC,gRPC/listar-playlists-usuario,152.200000,0.000000,45,46,47,47,49,52,56,60,61,62,62,7680,0,45,43.362891764064415,8.797032999609655,87.97340499950224,16978.0
1781108281,50,gRPC,gRPC/listar-usuarios,152.300000,0.000000,88,89,91,92,96,100,110,110,110,120,120,7703,0,87,85.13058020135293,5.855745999724604,149.95656900009635,15097.0
1781108281,50,,Aggregated,913.500000,0.000000,47,55,59,61,86,90,95,99,110,120,120,46105,0,47,53.34709062258062,4.076385000189475,149.95656900009635,18416.878624877994
1781108282,50,gRPC,gRPC/listar-musicas,152.100000,0.000000,45,46,47,47,49,52,57,60,61,62,62,7850,0,45,45.149202730068,4.076385000189475,87.58088199920167,24374.0
1781108282,50,gRPC,gRPC/listar-musicas-playlist,152.200000,0.000000,45,47,49,49,51,53,57,59,65,66,66,7828,0,45,44.987054943538546,7.739625999420241,86.10768800008373,14583.0
1781108282,50,gRPC,gRPC/listar-playlists,152.100000,0.000000,58,59,60,61,63,67,73,75,78,79,79,7841,0,58,56.80301456038476,8.631744000012986,94.66477000023588,22473.0
1781108282,50,gRPC,gRPC/listar-playlists-musica,152.000000,0.000000,45,47,47,48,50,53,57,60,64,65,65,7820,0,45,44.60414412404282,5.066016999990097,86.18392899916216,16984.0
1781108282,50,gRPC,gRPC/listar-playlists-usuario,152.000000,0.000000,45,46,46,47,49,51,56,59,61,62,62,7834,0,45,43.37302062420429,8.797032999609655,87.97340499950224,16978.0
1781108282,50,gRPC,gRPC/listar-usuarios,152.100000,0.000000,88,89,90,91,95,100,110,110,110,120,120,7857,0,87,85.16858944826512,5.855745999724604,149.95656900009635,15097.0
1781108282,50,,Aggregated,912.500000,0.000000,47,55,59,61,86,90,94,98,110,120,120,47030,0,47,53.36446103789247,4.076385000189475,149.95656900009635,18416.75692111418
1781108283,50,gRPC,gRPC/listar-musicas,151.900000,0.000000,45,46,47,47,49,52,56,59,61,62,62,8000,0,45,45.170268900378474,4.076385000189475,87.58088199920167,24374.0
1781108283,50,gRPC,gRPC/listar-musicas-playlist,151.900000,0.000000,45,47,49,49,51,53,56,58,65,66,66,7977,0,45,45.02389250194577,7.739625999420241,86.10768800008373,14583.0
1781108283,50,gRPC,gRPC/listar-playlists,151.900000,0.000000,58,59,60,61,64,66,72,75,78,79,79,7991,0,58,56.85946477712122,8.631744000012986,94.66477000023588,22473.0
1781108283,50,gRPC,gRPC/listar-playlists-musica,151.900000,0.000000,46,47,48,49,51,53,57,60,64,65,65,7971,0,45,44.64603246895254,5.066016999990097,86.18392899916216,16984.0
1781108283,50,gRPC,gRPC/listar-playlists-usuario,152.000000,0.000000,45,46,47,47,49,51,55,58,61,61,61,7985,0,45,43.4026499669403,8.797032999609655,87.97340499950224,16978.0
1781108283,50,gRPC,gRPC/listar-usuarios,151.900000,0.000000,88,89,91,92,95,99,100,110,110,120,120,8007,0,87,85.24383154140372,5.855745999724604,149.95656900009635,15097.0
1781108283,50,,Aggregated,911.500000,0.000000,47,55,59,61,86,90,94,97,110,120,120,47931,0,47,53.40745589854338,4.076385000189475,149.95656900009635,18416.740877511424
1781108284,50,gRPC,gRPC/listar-musicas,151.500000,0.000000,45,46,47,47,49,52,56,59,61,62,62,8156,0,45,45.16229629291636,4.076385000189475,87.58088199920167,24374.0
1781108284,50,gRPC,gRPC/listar-musicas-playlist,151.500000,0.000000,45,47,49,50,51,53,56,58,65,66,66,8133,0,45,45.031683406617034,7.739625999420241,86.10768800008373,14583.0
1781108284,50,gRPC,gRPC/listar-playlists,151.500000,0.000000,58,60,60,61,64,67,72,75,78,79,79,8147,0,58,56.87741184325226,8.631744000012986,94.66477000023588,22473.0
1781108284,50,gRPC,gRPC/listar-playlists-musica,151.400000,0.000000,46,47,48,49,51,53,57,60,64,65,65,8126,0,45,44.65654383300791,5.066016999990097,86.18392899916216,16984.0
1781108284,50,gRPC,gRPC/listar-playlists-usuario,151.500000,0.000000,45,46,47,47,49,51,55,58,61,61,61,8140,0,45,43.39987874410475,8.797032999609655,87.97340499950224,16978.0
1781108284,50,gRPC,gRPC/listar-usuarios,151.500000,0.000000,88,89,91,92,95,99,100,110,110,120,120,8163,0,87,85.27245103724351,5.855745999724604,149.95656900009635,15097.0
1781108284,50,,Aggregated,908.900000,0.000000,47,55,59,61,86,90,95,98,110,120,120,48865,0,47,53.41655070048232,4.076385000189475,149.95656900009635,18416.763102425048
1781108285,50,gRPC,gRPC/listar-musicas,151.800000,0.000000,45,46,47,47,49,51,54,58,60,61,61,8310,0,45,45.16188956618896,4.076385000189475,87.58088199920167,24374.0
1781108285,50,gRPC,gRPC/listar-musicas-playlist,151.700000,0.000000,45,47,49,50,51,53,55,58,64,65,65,8287,0,45,45.0468370278763,7.739625999420241,86.10768800008373,14583.0
1781108285,50,gRPC,gRPC/listar-playlists,151.700000,0.000000,58,59,60,61,63,66,69,73,78,78,78,8301,0,58,56.909293375374446,8.631744000012986,94.66477000023588,22473.0
1781108285,50,gRPC,gRPC/listar-playlists-musica,151.800000,0.000000,46,47,48,49,50,52,56,59,62,64,64,8280,0,45,44.674997700123356,5.066016999990097,86.18392899916216,16984.0
1781108285,50,gRPC,gRPC/listar-playlists-usuario,151.800000,0.000000,45,46,47,47,49,51,54,56,61,61,61,8294,0,45,43.41131778924651,8.797032999609655,87.97340499950224,16978.0
1781108285,50,gRPC,gRPC/listar-usuarios,151.700000,0.000000,88,89,90,91,95,97,100,110,110,110,110,8316,0,87,85.30978363456272,5.855745999724604,149.95656900009635,15097.0
1781108285,50,,Aggregated,910.500000,0.000000,47,55,59,61,86,90,94,97,110,110,110,49788,0,47,53.43458456776889,4.076385000189475,149.95656900009635,18416.793966417612
1781108286,50,gRPC,gRPC/listar-musicas,151.400000,0.000000,45,46,47,47,49,52,56,60,64,65,65,8459,0,45,45.188418117984966,4.076385000189475,87.58088199920167,24374.0
1781108286,50,gRPC,gRPC/listar-musicas-playlist,151.500000,0.000000,45,48,49,50,51,54,57,59,65,68,68,8436,0,45,45.08463928082314,7.739625999420241,86.10768800008373,14583.0
1781108286,50,gRPC,gRPC/listar-playlists,151.400000,0.000000,58,60,61,61,64,67,72,75,81,83,83,8449,0,58,56.97314626570962,8.631744000012986,94.66477000023588,22473.0
1781108286,50,gRPC,gRPC/listar-playlists-musica,151.400000,0.000000,46,47,48,49,51,53,57,60,66,70,70,8429,0,45,44.71686033824023,5.066016999990097,86.18392899916216,16984.0
1781108286,50,gRPC,gRPC/listar-playlists-usuario,151.500000,0.000000,45,46,47,47,49,51,56,58,64,65,65,8443,0,45,43.45220850373205,8.797032999609655,87.97340499950224,16978.0
1781108286,50,gRPC,gRPC/listar-usuarios,151.400000,0.000000,88,90,91,92,95,100,110,110,120,120,120,8465,0,87,85.40896109852643,5.855745999724604,149.95656900009635,15097.0
1781108286,50,,Aggregated,908.600000,0.000000,48,55,59,62,87,90,95,98,110,120,120,50681,0,47,53.48594594658945,4.076385000189475,149.95656900009635,18416.67934728991
1781108287,50,gRPC,gRPC/listar-musicas,151.100000,0.000000,45,46,47,47,49,52,56,60,64,65,65,8613,0,45,45.182741363988775,4.076385000189475,87.58088199920167,24374.0
1781108287,50,gRPC,gRPC/listar-musicas-playlist,151.100000,0.000000,45,47,49,50,51,53,56,59,65,68,68,8589,0,45,45.08780807009237,7.739625999420241,86.10768800008373,14583.0
1781108287,50,gRPC,gRPC/listar-playlists,151.100000,0.000000,58,59,60,61,63,66,72,75,81,83,83,8603,0,58,56.99433279146671,8.631744000012986,94.66477000023588,22473.0
1781108287,50,gRPC,gRPC/listar-playlists-musica,151.200000,0.000000,46,47,48,49,51,53,57,60,66,70,70,8583,0,45,44.728508267041626,5.066016999990097,86.18392899916216,16984.0
1781108287,50,gRPC,gRPC/listar-playlists-usuario,151.200000,0.000000,45,46,47,47,49,51,56,58,64,65,65,8597,0,45,43.461346405840246,8.797032999609655,87.97340499950224,16978.0
1781108287,50,gRPC,gRPC/listar-usuarios,151.100000,0.000000,88,89,91,91,95,99,110,110,120,120,120,8619,0,87,85.43664494152806,5.855745999724604,149.95656900009635,15097.0
1781108287,50,,Aggregated,906.800000,0.000000,47,55,59,61,86,90,94,97,110,120,120,51604,0,47,53.49703131821381,4.076385000189475,149.95656900009635,18416.720583675684
1781108288,50,gRPC,gRPC/listar-musicas,151.100000,0.000000,45,46,47,47,49,52,56,60,64,65,65,8763,0,45,45.19890074050429,4.076385000189475,87.58088199920167,24374.0
1781108288,50,gRPC,gRPC/listar-musicas-playlist,151.100000,0.000000,45,47,49,50,51,53,57,60,65,68,68,8741,0,45,45.11392797826508,7.739625999420241,86.10768800008373,14583.0
1781108288,50,gRPC,gRPC/listar-playlists,151.100000,0.000000,58,60,60,61,63,66,72,75,81,83,83,8754,0,58,57.04355783984354,8.631744000012986,94.66477000023588,22473.0
1781108288,50,gRPC,gRPC/listar-playlists-musica,151.200000,0.000000,46,47,48,49,51,53,57,60,66,70,70,8733,0,45,44.76024653383976,5.066016999990097,86.18392899916216,16984.0
1781108288,50,gRPC,gRPC/listar-playlists-usuario,151.200000,0.000000,45,46,47,47,49,51,54,57,64,65,65,8747,0,45,43.48926186281119,8.797032999609655,87.97340499950224,16978.0
1781108288,50,gRPC,gRPC/listar-usuarios,151.200000,0.000000,88,90,91,92,95,98,110,110,120,120,120,8770,0,87,85.51079158369767,5.855745999724604,149.95656900009635,15097.0
1781108288,50,,Aggregated,906.900000,0.000000,47,55,59,61,86,90,94,97,110,120,120,52508,0,47,53.5346912024853,4.076385000189475,149.95656900009635,18416.55623904929
1781108289,50,gRPC,gRPC/listar-musicas,151.100000,0.000000,45,46,47,47,49,52,56,60,64,65,65,8918,0,45,45.190165023552446,4.076385000189475,87.58088199920167,24374.0
1781108289,50,gRPC,gRPC/listar-musicas-playlist,151.000000,0.000000,45,47,49,50,51,53,57,60,65,68,68,8896,0,45,45.11655172875676,7.739625999420241,86.10768800008373,14583.0
1781108289,50,gRPC,gRPC/listar-playlists,151.100000,0.000000,58,59,60,61,64,66,72,75,81,83,83,8910,0,58,57.058766632209384,8.631744000012986,94.66477000023588,22473.0
1781108289,50,gRPC,gRPC/listar-playlists-musica,151.100000,0.000000,46,47,48,49,51,53,57,60,66,70,70,8888,0,45,44.767639951623316,5.066016999990097,86.18392899916216,16984.0
1781108289,50,gRPC,gRPC/listar-playlists-usuario,151.100000,0.000000,45,46,47,47,49,51,54,57,64,65,65,8902,0,45,43.49029889620485,8.797032999609655,87.97340499950224,16978.0
1781108289,50,gRPC,gRPC/listar-usuarios,151.100000,0.000000,88,90,91,92,95,98,110,110,120,120,120,8925,0,87,85.53131239070345,5.855745999724604,149.95656900009635,15097.0
1781108289,50,,Aggregated,906.500000,0.000000,47,55,59,61,86,90,94,97,110,120,120,53439,0,47,53.54083598688427,4.076385000189475,149.95656900009635,18416.60216321413
1781108290,50,gRPC,gRPC/listar-musicas,151.200000,0.000000,45,46,46,47,49,51,53,56,64,65,65,9072,0,45,45.188329824850214,4.076385000189475,87.58088199920167,24374.0
1781108290,50,gRPC,gRPC/listar-musicas-playlist,151.200000,0.000000,45,47,49,49,51,52,55,58,64,68,68,9050,0,45,45.122893641659054,7.739625999420241,86.10768800008373,14583.0
1781108290,50,gRPC,gRPC/listar-playlists,151.100000,0.000000,58,59,60,61,63,65,68,71,81,83,83,9064,0,58,57.07998832932324,8.631744000012986,94.66477000023588,22473.0
1781108290,50,gRPC,gRPC/listar-playlists-musica,151.100000,0.000000,46,47,48,49,50,52,54,57,66,70,70,9042,0,45,44.78144220007036,5.066016999990097,86.18392899916216,16984.0
1781108290,50,gRPC,gRPC/listar-playlists-usuario,151.100000,0.000000,45,46,47,47,49,50,53,54,64,65,65,9056,0,45,43.497157141565225,8.797032999609655,87.97340499950224,16978.0
1781108290,50,gRPC,gRPC/listar-usuarios,151.100000,0.000000,88,89,90,91,95,97,100,100,120,120,120,9080,0,87,85.56258829438583,5.855745999724604,149.95656900009635,15097.0
1781108290,50,,Aggregated,906.800000,0.000000,47,55,58,61,86,90,94,97,110,120,120,54364,0,47,53.5541182952892,4.076385000189475,149.95656900009635,18416.511036715474
1781108291,50,gRPC,gRPC/listar-musicas,151.300000,0.000000,45,46,46,47,49,52,56,58,64,65,65,9221,0,45,45.215507084485004,4.076385000189475,87.58088199920167,24374.0
1781108291,50,gRPC,gRPC/listar-musicas-playlist,151.300000,0.000000,45,47,49,49,51,53,57,60,65,68,68,9198,0,45,45.156908458254314,7.739625999420241,86.10768800008373,14583.0
1781108291,50,gRPC,gRPC/listar-playlists,151.200000,0.000000,58,59,60,61,63,66,71,76,81,83,83,9212,0,58,57.137192299825024,8.631744000012986,94.66477000023588,22473.0
1781108291,50,gRPC,gRPC/listar-playlists-musica,151.200000,0.000000,46,47,48,49,51,53,56,60,66,70,70,9191,0,45,44.82317542074169,5.066016999990097,86.18392899916216,16984.0
1781108291,50,gRPC,gRPC/listar-playlists-usuario,151.200000,0.000000,45,46,47,47,49,51,54,57,64,65,65,9205,0,45,43.532956196743505,8.797032999609655,87.97340499950224,16978.0
1781108291,50,gRPC,gRPC/listar-usuarios,151.200000,0.000000,88,89,90,91,95,98,100,110,120,120,120,9228,0,87,85.64789497616229,5.855745999724604,149.95656900009635,15097.0
1781108291,50,,Aggregated,907.400000,0.000000,47,55,58,61,86,90,94,97,110,120,120,55255,0,47,53.60026589836427,4.076385000189475,149.95656900009635,18416.539933037733
1781108292,50,gRPC,gRPC/listar-musicas,151.200000,0.000000,45,46,46,47,49,52,56,58,64,65,65,9375,0,45,45.20971996235089,4.076385000189475,87.58088199920167,24374.0
1781108292,50,gRPC,gRPC/listar-musicas-playlist,151.100000,0.000000,45,47,49,50,51,53,57,60,65,68,68,9353,0,45,45.161634385333926,7.739625999420241,86.10768800008373,14583.0
1781108292,50,gRPC,gRPC/listar-playlists,151.200000,0.000000,58,59,60,61,63,66,71,76,81,83,83,9367,0,58,57.15109204216757,8.631744000012986,94.66477000023588,22473.0
1781108292,50,gRPC,gRPC/listar-playlists-musica,151.200000,0.000000,46,47,48,49,50,53,56,60,66,70,70,9346,0,45,44.831075554893744,5.066016999990097,86.18392899916216,16984.0
1781108292,50,gRPC,gRPC/listar-playlists-usuario,151.200000,0.000000,45,46,46,47,49,51,54,57,64,65,65,9360,0,45,43.53668698162657,8.797032999609655,87.97340499950224,16978.0
1781108292,50,gRPC,gRPC/listar-usuarios,151.200000,0.000000,88,90,90,91,95,98,100,110,120,120,120,9383,0,87,85.66725041788655,5.855745999724604,149.95656900009635,15097.0
1781108292,50,,Aggregated,907.100000,0.000000,47,55,58,61,86,90,94,97,110,120,120,56184,0,47,53.60747905395006,4.076385000189475,149.95656900009635,18416.40564929517
1781108293,50,gRPC,gRPC/listar-musicas,151.800000,0.000000,45,46,46,47,49,52,56,58,64,65,65,9526,0,45,45.22593568129747,4.076385000189475,87.58088199920167,24374.0
1781108293,50,gRPC,gRPC/listar-musicas-playlist,151.900000,0.000000,45,47,49,49,51,53,57,60,65,68,68,9503,0,45,45.18503707176945,7.739625999420241,86.10768800008373,14583.0
1781108293,50,gRPC,gRPC/listar-playlists,151.800000,0.000000,58,59,60,61,63,66,71,76,81,83,83,9517,0,58,57.194730310075116,8.631744000012986,94.66477000023588,22473.0
1781108293,50,gRPC,gRPC/listar-playlists-musica,151.700000,0.000000,46,47,48,49,50,53,56,60,66,70,70,9497,0,45,44.858079594717495,5.066016999990097,86.18392899916216,16984.0
1781108293,50,gRPC,gRPC/listar-playlists-usuario,151.700000,0.000000,45,46,47,47,49,51,54,57,64,65,65,9511,0,45,43.561878575125576,8.797032999609655,87.97340499950224,16978.0
1781108293,50,gRPC,gRPC/listar-usuarios,151.800000,0.000000,88,90,91,91,95,98,100,110,120,120,120,9533,0,88,85.73104857768108,5.855745999724604,149.95656900009635,15097.0
1781108293,50,,Aggregated,910.700000,0.000000,47,55,58,61,86,90,94,97,110,120,120,57087,0,47,53.63999183849432,4.076385000189475,149.95656900009635,18416.43493264666
1781108294,50,gRPC,gRPC/listar-musicas,151.400000,0.000000,45,46,47,47,49,52,56,58,64,65,65,9678,0,45,45.23003863618963,4.076385000189475,87.58088199920167,24374.0
1781108294,50,gRPC,gRPC/listar-musicas-playlist,151.400000,0.000000,45,47,49,49,51,53,57,60,65,68,68,9655,0,45,45.1996508765436,7.739625999420241,86.10768800008373,14583.0
1781108294,50,gRPC,gRPC/listar-playlists,151.400000,0.000000,58,60,60,61,63,66,71,76,81,83,83,9669,0,58,57.2208987666751,8.631744000012986,94.66477000023588,22473.0
1781108294,50,gRPC,gRPC/listar-playlists-musica,151.500000,0.000000,46,47,48,49,51,53,56,60,66,70,70,9648,0,45,44.87896003856032,5.066016999990097,86.18392899916216,16984.0
1781108294,50,gRPC,gRPC/listar-playlists-usuario,151.500000,0.000000,45,46,47,47,49,51,54,57,64,65,65,9662,0,45,43.569847469987295,8.797032999609655,87.97340499950224,16978.0
1781108294,50,gRPC,gRPC/listar-usuarios,151.400000,0.000000,88,90,91,92,95,98,100,110,120,120,120,9685,0,88,85.76527525782545,5.855745999724604,149.95656900009635,15097.0
1781108294,50,,Aggregated,908.600000,0.000000,47,55,59,61,87,90,94,97,110,120,120,57997,0,47,53.658095709918236,4.076385000189475,149.95656900009635,18416.459247892133
1781108295,50,gRPC,gRPC/listar-musicas,151.400000,0.000000,45,46,47,47,49,51,54,56,62,62,62,9835,0,45,45.21881638058369,4.076385000189475,87.58088199920167,24374.0
1781108295,50,gRPC,gRPC/listar-musicas-playlist,151.500000,0.000000,45,47,48,49,51,53,56,58,64,65,65,9812,0,45,45.201517589281174,7.739625999420241,86.10768800008373,14583.0
1781108295,50,gRPC,gRPC/listar-playlists,151.500000,0.000000,58,59,60,61,63,65,69,71,80,81,81,9826,0,58,57.228569328208884,8.631744000012986,94.66477000023588,22473.0
1781108295,50,gRPC,gRPC/listar-playlists-musica,151.400000,0.000000,46,47,48,49,50,52,55,57,64,64,64,9805,0,45,44.88213518878385,5.066016999990097,86.18392899916216,16984.0
1781108295,50,gRPC,gRPC/listar-playlists-usuario,151.400000,0.000000,45,46,46,47,49,51,53,55,62,63,63,9819,0,45,43.563633671556055,8.797032999609655,87.97340499950224,16978.0
1781108295,50,gRPC,gRPC/listar-usuarios,151.500000,0.000000,88,89,90,91,94,97,100,100,120,120,120,9841,0,87,85.77123271974762,5.855745999724604,149.95656900009635,15097.0
1781108295,50,,Aggregated,908.700000,0.000000,47,55,58,61,86,90,94,97,110,120,120,58938,0,47,53.65753211256082,4.076385000189475,149.95656900009635,18416.489582272898
1781108296,50,gRPC,gRPC/listar-musicas,151.500000,0.000000,45,46,47,47,49,52,56,58,63,64,64,9982,0,45,45.24719969685871,4.076385000189475,87.58088199920167,24374.0
1781108296,50,gRPC,gRPC/listar-musicas-playlist,151.400000,0.000000,45,47,49,49,51,54,57,59,66,67,67,9959,0,45,45.23807865609275,7.739625999420241,86.10768800008373,14583.0
1781108296,50,gRPC,gRPC/listar-playlists,151.500000,0.000000,58,60,60,61,63,66,71,74,80,81,81,9973,0,58,57.28557048961957,8.631744000012986,94.66477000023588,22473.0
1781108296,50,gRPC,gRPC/listar-playlists-musica,151.500000,0.000000,46,47,48,49,51,53,56,60,66,67,67,9952,0,45,44.924521875304954,5.066016999990097,86.18392899916216,16984.0
1781108296,50,gRPC,gRPC/listar-playlists-usuario,151.400000,0.000000,45,46,47,47,49,51,54,57,63,65,65,9966,0,45,43.601677634256646,8.797032999609655,87.97340499950224,16978.0
1781108296,50,gRPC,gRPC/listar-usuarios,151.500000,0.000000,88,90,91,92,95,98,100,110,120,120,120,9989,0,87,85.85086127090106,5.855745999724604,149.95656900009635,15097.0
1781108296,50,,Aggregated,908.800000,0.000000,47,55,59,62,87,90,94,97,110,120,120,59821,0,47,53.70488593377078,4.076385000189475,149.95656900009635,18416.409672188696
1781108297,50,gRPC,gRPC/listar-musicas,151.500000,0.000000,45,46,47,47,49,51,56,58,63,64,64,10137,0,45,45.23631013268623,4.076385000189475,87.58088199920167,24374.0
1781108297,50,gRPC,gRPC/listar-musicas-playlist,151.600000,0.000000,45,47,49,49,51,53,57,59,66,67,67,10115,0,45,45.23004462125853,7.739625999420241,86.10768800008373,14583.0
1781108297,50,gRPC,gRPC/listar-playlists,151.500000,0.000000,58,59,60,61,63,65,70,74,80,81,81,10129,0,58,57.29226680590183,8.631744000012986,94.66477000023588,22473.0
1781108297,50,gRPC,gRPC/listar-playlists-musica,151.400000,0.000000,46,47,48,49,50,53,56,60,66,67,67,10108,0,45,44.919297180257466,5.066016999990097,86.18392899916216,16984.0
1781108297,50,gRPC,gRPC/listar-playlists-usuario,151.400000,0.000000,45,46,46,47,49,51,54,57,63,65,65,10122,0,45,43.60352549071376,8.797032999609655,87.97340499950224,16978.0
1781108297,50,gRPC,gRPC/listar-usuarios,151.500000,0.000000,88,89,90,91,94,97,100,110,120,120,120,10145,0,87,85.86128934125506,5.855745999724604,149.95656900009635,15097.0
1781108297,50,,Aggregated,908.900000,0.000000,47,55,58,61,87,90,93,97,110,120,120,60756,0,47,53.70395794519253,4.076385000189475,149.95656900009635,18416.287329646453
1781108298,50,gRPC,gRPC/listar-musicas,152.000000,0.000000,45,46,47,47,49,52,56,58,63,64,64,10287,0,45,45.25499293458103,4.076385000189475,87.58088199920167,24374.0
1781108298,50,gRPC,gRPC/listar-musicas-playlist,152.000000,0.000000,45,47,49,49,51,54,57,59,66,67,67,10264,0,45,45.256394822489035,7.739625999420241,86.10768800008373,14583.0
1781108298,50,gRPC,gRPC/listar-playlists,152.000000,0.000000,58,60,60,61,63,66,71,74,80,81,81,10278,0,58,57.331569198772506,8.631744000012986,94.66477000023588,22473.0
1781108298,50,gRPC,gRPC/listar-playlists-musica,151.900000,0.000000,46,47,48,49,51,53,56,60,66,67,67,10257,0,45,44.94871379468147,5.066016999990097,86.18392899916216,16984.0
1781108298,50,gRPC,gRPC/listar-playlists-usuario,151.900000,0.000000,45,46,47,47,49,51,55,57,63,65,65,10272,0,45,43.626611725662926,8.797032999609655,87.97340499950224,16978.0
1781108298,50,gRPC,gRPC/listar-usuarios,152.000000,0.000000,88,90,91,91,94,97,100,110,120,120,120,10294,0,88,85.91675443666587,5.855745999724604,149.95656900009635,15097.0
1781108298,50,,Aggregated,911.800000,0.000000,47,55,59,61,87,90,94,97,110,120,120,61652,0,47,53.73551872137373,4.076385000189475,149.95656900009635,18416.33955102835
1781108299,50,gRPC,gRPC/listar-musicas,151.400000,0.000000,45,46,47,47,49,51,56,58,63,64,64,10442,0,45,45.25150933174071,4.076385000189475,87.58088199920167,24374.0
1781108299,50,gRPC,gRPC/listar-musicas-playlist,151.400000,0.000000,45,47,49,49,51,53,56,59,66,67,67,10419,0,45,45.25945602514847,7.739625999420241,86.10768800008373,14583.0
1781108299,50,gRPC,gRPC/listar-playlists,151.400000,0.000000,58,60,60,61,63,65,71,74,80,81,81,10433,0,58,57.345363731332455,8.631744000012986,94.66477000023588,22473.0
1781108299,50,gRPC,gRPC/listar-playlists-musica,151.400000,0.000000,46,47,48,49,51,53,56,60,66,67,67,10412,0,45,44.95336053880605,5.066016999990097,86.18392899916216,16984.0
1781108299,50,gRPC,gRPC/listar-playlists-usuario,151.400000,0.000000,45,46,47,47,49,51,54,57,63,65,65,10426,0,45,43.63114443468318,8.797032999609655,87.97340499950224,16978.0
1781108299,50,gRPC,gRPC/listar-usuarios,151.400000,0.000000,88,90,91,92,94,97,100,110,120,120,120,10449,0,88,85.93814789482657,5.855745999724604,149.95656900009635,15097.0
1781108299,50,,Aggregated,908.400000,0.000000,47,55,59,61,87,90,94,97,110,120,120,62581,0,47,53.74281525920228,4.076385000189475,149.95656900009635,18416.34015116409
1781108300,50,gRPC,gRPC/listar-musicas,151.600000,0.000000,45,46,47,47,49,51,56,58,63,64,64,10596,0,45,45.2488811957378,4.076385000189475,87.58088199920167,24374.0
1781108300,50,gRPC,gRPC/listar-musicas-playlist,151.600000,0.000000,45,47,48,49,51,53,56,59,66,67,67,10574,0,45,45.25614727747468,7.739625999420241,86.10768800008373,14583.0
1781108300,50,gRPC,gRPC/listar-playlists,151.700000,0.000000,58,60,60,61,63,65,71,74,80,81,81,10587,0,58,57.3559075317841,8.631744000012986,94.66477000023588,22473.0
1781108300,50,gRPC,gRPC/listar-playlists-musica,151.700000,0.000000,46,47,48,49,51,53,56,60,66,67,67,10567,0,45,44.95580522845197,5.066016999990097,86.18392899916216,16984.0
1781108300,50,gRPC,gRPC/listar-playlists-usuario,151.600000,0.000000,45,46,47,47,49,51,54,57,63,65,65,10580,0,45,43.636680399244014,8.797032999609655,87.97340499950224,16978.0
1781108300,50,gRPC,gRPC/listar-usuarios,151.700000,0.000000,88,90,91,92,94,97,100,110,120,120,120,10603,0,88,85.96271768386679,5.855745999724604,149.95656900009635,15097.0
1781108300,50,,Aggregated,909.900000,0.000000,47,55,59,61,87,90,94,97,110,120,120,63507,0,47,53.748553822037536,4.076385000189475,149.95656900009635,18416.2353126427
1781108301,50,gRPC,gRPC/listar-musicas,151.600000,0.000000,45,46,47,47,49,51,55,58,68,70,70,10744,0,45,45.26846492628893,4.076385000189475,87.58088199920167,24374.0
1781108301,50,gRPC,gRPC/listar-musicas-playlist,151.500000,0.000000,45,47,48,49,51,53,56,59,69,75,75,10722,0,45,45.280238921190836,7.739625999420241,86.10768800008373,14583.0
1781108301,50,gRPC,gRPC/listar-playlists,151.600000,0.000000,58,60,60,61,63,65,70,75,85,87,87,10735,0,58,57.394195463437306,8.631744000012986,94.66477000023588,22473.0
1781108301,50,gRPC,gRPC/listar-playlists-musica,151.600000,0.000000,46,47,48,49,50,52,55,60,73,76,76,10714,0,45,44.98553776293208,5.066016999990097,86.18392899916216,16984.0
1781108301,50,gRPC,gRPC/listar-playlists-usuario,151.600000,0.000000,45,46,47,47,49,51,53,59,69,70,70,10729,0,45,43.66298380650536,8.797032999609655,87.97340499950224,16978.0
1781108301,50,gRPC,gRPC/listar-usuarios,151.600000,0.000000,88,90,91,91,94,97,100,110,120,120,120,10751,0,88,86.02326385545896,5.855745999724604,149.95656900009635,15097.0
1781108301,50,,Aggregated,909.500000,0.000000,47,55,59,61,87,90,93,96,110,120,120,64395,0,47,53.78145992302409,4.076385000189475,149.95656900009635,18416.21588632658
1781108302,50,gRPC,gRPC/listar-musicas,151.600000,0.000000,45,46,47,47,49,51,55,58,68,70,70,10898,0,45,45.26816010919823,4.076385000189475,87.58088199920167,24374.0
1781108302,50,gRPC,gRPC/listar-musicas-playlist,151.500000,0.000000,45,47,48,49,51,53,56,60,69,75,75,10876,0,45,45.288508276572536,7.739625999420241,86.10768800008373,14583.0
1781108302,50,gRPC,gRPC/listar-playlists,151.600000,0.000000,58,59,60,61,62,65,70,75,85,87,87,10890,0,58,57.40789137327815,8.631744000012986,94.66477000023588,22473.0
1781108302,50,gRPC,gRPC/listar-playlists-musica,151.600000,0.000000,46,47,48,49,51,53,56,60,73,76,76,10869,0,45,45.00208844512486,5.066016999990097,86.18392899916216,16984.0
1781108302,50,gRPC,gRPC/listar-playlists-usuario,151.600000,0.000000,45,46,46,47,49,50,54,59,69,70,70,10882,0,45,43.66123342345154,8.797032999609655,87.97340499950224,16978.0
1781108302,50,gRPC,gRPC/listar-usuarios,151.500000,0.000000,88,90,91,91,94,97,100,110,120,120,120,10905,0,88,86.04279891600522,5.855745999724604,149.95656900009635,15097.0
1781108302,50,,Aggregated,909.400000,0.000000,47,55,59,61,87,90,93,96,110,120,120,65320,0,47,53.790693899940855,4.076385000189475,149.95656900009635,18416.25852725046
1781108303,50,gRPC,gRPC/listar-musicas,151.600000,0.000000,45,46,47,47,49,51,55,58,68,70,70,11051,0,45,45.27042448801447,4.076385000189475,87.58088199920167,24374.0
1781108303,50,gRPC,gRPC/listar-musicas-playlist,151.500000,0.000000,45,47,48,49,51,53,56,60,69,75,75,11028,0,45,45.29997329760642,7.739625999420241,86.10768800008373,14583.0
1781108303,50,gRPC,gRPC/listar-playlists,151.600000,0.000000,58,59,60,60,62,64,70,75,85,87,87,11042,0,58,57.42377722423448,8.631744000012986,94.66477000023588,22473.0
1781108303,50,gRPC,gRPC/listar-playlists-musica,151.700000,0.000000,46,47,48,49,51,52,56,60,73,76,76,11021,0,45,45.02250517458124,5.066016999990097,86.18392899916216,16984.0
1781108303,50,gRPC,gRPC/listar-playlists-usuario,151.700000,0.000000,44,46,46,47,48,50,54,59,69,70,70,11035,0,45,43.662880873765296,8.797032999609655,87.97340499950224,16978.0
1781108303,50,gRPC,gRPC/listar-usuarios,151.600000,0.000000,88,89,90,91,93,97,100,110,120,120,120,11058,0,88,86.06206806457236,5.855745999724604,149.95656900009635,15097.0
1781108303,50,,Aggregated,909.700000,0.000000,47,55,58,61,86,90,93,96,110,120,120,66235,0,47,53.80255428824853,4.076385000189475,149.95656900009635,18416.2570242319
1781108304,50,gRPC,gRPC/listar-musicas,151.600000,0.000000,45,46,47,47,49,51,55,58,68,70,70,11206,0,45,45.26626570355577,4.076385000189475,87.58088199920167,24374.0
1781108304,50,gRPC,gRPC/listar-musicas-playlist,151.600000,0.000000,45,46,48,49,51,53,56,60,69,75,75,11184,0,45,45.30363952074491,7.739625999420241,86.10768800008373,14583.0
1781108304,50,gRPC,gRPC/listar-playlists,151.600000,0.000000,58,59,60,60,62,65,70,75,85,87,87,11198,0,58,57.43109418467588,8.631744000012986,94.66477000023588,22473.0
1781108304,50,gRPC,gRPC/listar-playlists-musica,151.500000,0.000000,46,47,48,49,51,53,56,60,73,76,76,11177,0,45,45.030635848533464,5.066016999990097,86.18392899916216,16984.0
1781108304,50,gRPC,gRPC/listar-playlists-usuario,151.500000,0.000000,44,46,46,47,48,50,54,59,69,70,70,11190,0,45,43.658509435656406,8.797032999609655,87.97340499950224,16978.0
1781108304,50,gRPC,gRPC/listar-usuarios,151.600000,0.000000,87,89,90,91,93,97,100,110,120,120,120,11213,0,87,86.07629911825906,5.855745999724604,149.95656900009635,15097.0
1781108304,50,,Aggregated,909.400000,0.000000,47,55,58,61,86,90,93,96,110,120,120,67168,0,47,53.80631774105442,4.076385000189475,149.95656900009635,18416.219315745595
1781108305,50,gRPC,gRPC/listar-musicas,151.700000,0.000000,45,46,47,47,49,51,55,58,68,70,70,11360,0,45,45.26475346664167,4.076385000189475,87.58088199920167,24374.0
1781108305,50,gRPC,gRPC/listar-musicas-playlist,151.800000,0.000000,45,47,48,49,51,53,56,60,69,75,75,11338,0,45,45.316386192010505,7.739625999420241,86.10768800008373,14583.0
1781108305,50,gRPC,gRPC/listar-playlists,151.700000,0.000000,58,59,60,61,62,65,70,75,85,87,87,11351,0,58,57.44412476539508,8.631744000012986,94.66477000023588,22473.0
1781108305,50,gRPC,gRPC/listar-playlists-musica,151.700000,0.000000,46,47,48,49,51,53,56,60,73,76,76,11330,0,45,45.04618484034084,5.066016999990097,86.18392899916216,16984.0
1781108305,50,gRPC,gRPC/listar-playlists-usuario,151.700000,0.000000,44,46,46,47,49,50,54,59,69,70,70,11345,0,45,43.65541906795896,8.797032999609655,87.97340499950224,16978.0
1781108305,50,gRPC,gRPC/listar-usuarios,151.700000,0.000000,88,89,90,91,93,97,100,110,120,120,120,11367,0,87,86.08776067669865,5.855745999724604,149.95656900009635,15097.0
1781108305,50,,Aggregated,910.300000,0.000000,47,55,58,61,86,90,93,96,110,120,120,68091,0,47,53.81411090183949,4.076385000189475,149.95656900009635,18416.140840933458
1781108306,50,gRPC,gRPC/listar-musicas,151.800000,0.000000,45,46,47,47,49,51,55,58,68,70,70,11511,0,45,45.278307540095994,4.076385000189475,87.58088199920167,24374.0
1781108306,50,gRPC,gRPC/listar-musicas-playlist,151.800000,0.000000,45,46,48,49,51,53,56,61,69,75,75,11488,0,45,45.34325430205543,7.739625999420241,86.10768800008373,14583.0
1781108306,50,gRPC,gRPC/listar-playlists,151.800000,0.000000,58,59,60,60,62,65,71,76,85,87,87,11502,0,58,57.47653523022107,8.631744000012986,94.66477000023588,22473.0
1781108306,50,gRPC,gRPC/listar-playlists-musica,151.800000,0.000000,46,47,48,49,51,53,56,60,73,76,76,11482,0,45,45.07815668760404,5.066016999990097,86.18392899916216,16984.0
1781108306,50,gRPC,gRPC/listar-playlists-usuario,151.800000,0.000000,44,46,46,47,49,50,54,59,69,70,70,11496,0,45,43.664635111168934,8.797032999609655,87.97340499950224,16978.0
1781108306,50,gRPC,gRPC/listar-usuarios,151.800000,0.000000,87,89,90,91,93,97,100,110,120,120,120,11518,0,87,86.12217333973287,5.855745999724604,149.95656900009635,15097.0
1781108306,50,,Aggregated,910.800000,0.000000,47,55,58,61,86,90,93,96,120,120,120,68997,0,47,53.838692183517644,4.076385000189475,149.95656900009635,18416.158470658145
1781108307,50,gRPC,gRPC/listar-musicas,151.700000,0.000000,45,46,47,47,49,51,54,58,68,70,70,11665,0,45,45.27567782272094,4.076385000189475,87.58088199920167,24374.0
1781108307,50,gRPC,gRPC/listar-musicas-playlist,151.700000,0.000000,45,47,48,49,51,53,56,60,69,75,75,11643,0,45,45.3540095526073,7.739625999420241,86.10768800008373,14583.0
1781108307,50,gRPC,gRPC/listar-playlists,151.800000,0.000000,58,59,60,60,62,65,70,76,85,87,87,11656,0,58,57.489717510123974,8.631744000012986,94.66477000023588,22473.0
1781108307,50,gRPC,gRPC/listar-playlists-musica,151.700000,0.000000,46,47,48,49,51,53,56,60,73,76,76,11636,0,45,45.09162398298957,5.066016999990097,86.18392899916216,16984.0
1781108307,50,gRPC,gRPC/listar-playlists-usuario,151.800000,0.000000,44,46,46,47,48,50,53,56,69,70,70,11650,0,45,43.66085662163088,8.797032999609655,87.97340499950224,16978.0
1781108307,50,gRPC,gRPC/listar-usuarios,151.800000,0.000000,87,89,90,91,93,97,100,110,120,120,120,11672,0,87,86.13376175925671,5.855745999724604,149.95656900009635,15097.0
1781108307,50,,Aggregated,910.500000,0.000000,47,55,58,61,86,90,93,96,120,120,120,69922,0,47,53.84551422847111,4.076385000189475,149.95656900009635,18416.086138840423
1781108308,50,gRPC,gRPC/listar-musicas,151.800000,0.000000,45,46,47,47,49,51,54,58,68,70,70,11815,0,45,45.28625830216188,4.076385000189475,87.58088199920167,24374.0
1781108308,50,gRPC,gRPC/listar-musicas-playlist,151.900000,0.000000,45,47,48,49,51,53,57,60,69,75,75,11792,0,45,45.370227468793466,7.739625999420241,86.10768800008373,14583.0
1781108308,50,gRPC,gRPC/listar-playlists,151.900000,0.000000,58,59,60,61,62,65,70,76,85,87,87,11806,0,58,57.519007423175644,8.631744000012986,94.66477000023588,22473.0
1781108308,50,gRPC,gRPC/listar-playlists-musica,151.800000,0.000000,46,47,48,49,51,53,57,60,73,76,76,11786,0,45,45.10977092338878,5.066016999990097,86.18392899916216,16984.0
1781108308,50,gRPC,gRPC/listar-playlists-usuario,151.800000,0.000000,44,46,46,47,49,51,54,56,69,70,70,11799,0,45,43.67919499813523,8.797032999609655,87.97340499950224,16978.0
1781108308,50,gRPC,gRPC/listar-usuarios,151.800000,0.000000,87,89,90,91,94,97,100,110,120,120,120,11822,0,87,86.17300088783986,5.855745999724604,149.95656900009635,15097.0
1781108308,50,,Aggregated,911.000000,0.000000,47,55,58,61,86,90,93,96,120,120,120,70820,0,47,53.86760892646373,4.076385000189475,149.95656900009635,18416.144648404406
1781108309,50,gRPC,gRPC/listar-musicas,151.800000,0.000000,45,46,47,47,49,51,54,58,68,70,70,11970,0,45,45.282490587639934,4.076385000189475,87.58088199920167,24374.0
1781108309,50,gRPC,gRPC/listar-musicas-playlist,151.800000,0.000000,45,47,48,49,51,53,57,60,69,75,75,11947,0,45,45.366766020257174,7.739625999420241,86.10768800008373,14583.0
1781108309,50,gRPC,gRPC/listar-playlists,151.800000,0.000000,58,59,60,61,63,65,70,76,85,87,87,11961,0,58,57.52698882877773,8.631744000012986,94.66477000023588,22473.0
1781108309,50,gRPC,gRPC/listar-playlists-musica,151.800000,0.000000,46,47,48,49,51,53,57,60,73,76,76,11941,0,45,45.109480682024525,5.066016999990097,86.18392899916216,16984.0
1781108309,50,gRPC,gRPC/listar-playlists-usuario,151.800000,0.000000,44,46,46,47,49,51,54,56,69,70,70,11955,0,45,43.6824555294019,8.797032999609655,87.97340499950224,16978.0
1781108309,50,gRPC,gRPC/listar-usuarios,151.700000,0.000000,87,89,90,91,94,97,100,110,120,120,120,11977,0,87,86.18872718302146,5.855745999724604,149.95656900009635,15097.0
1781108309,50,,Aggregated,910.700000,0.000000,47,55,58,61,86,90,93,96,120,120,120,71751,0,47,53.870565281434,4.076385000189475,149.95656900009635,18416.10760825633
1781108310,50,gRPC,gRPC/listar-musicas,152.000000,0.000000,45,46,47,47,49,51,54,58,68,70,70,12123,0,45,45.28551793170349,4.076385000189475,87.58088199920167,24374.0
1781108310,50,gRPC,gRPC/listar-musicas-playlist,152.100000,0.000000,45,47,49,49,51,53,57,60,69,75,75,12100,0,45,45.37820671686013,7.739625999420241,86.10768800008373,14583.0
1781108310,50,gRPC,gRPC/listar-playlists,152.000000,0.000000,58,59,60,61,63,65,70,76,85,87,87,12114,0,58,57.545125346789476,8.631744000012986,94.66477000023588,22473.0
1781108310,50,gRPC,gRPC/listar-playlists-musica,151.900000,0.000000,46,47,48,49,51,53,57,60,73,76,76,12094,0,45,45.12062818530338,5.066016999990097,86.18392899916216,16984.0
1781108310,50,gRPC,gRPC/listar-playlists-usuario,152.000000,0.000000,44,46,46,47,49,51,54,56,69,70,70,12107,0,45,43.690755007103554,8.797032999609655,87.97340499950224,16978.0
1781108310,50,gRPC,gRPC/listar-usuarios,152.000000,0.000000,87,89,90,91,94,97,100,110,120,120,120,12130,0,87,86.21185674246081,5.855745999724604,149.95656900009635,15097.0
1781108310,50,,Aggregated,912.000000,0.000000,47,55,58,61,86,90,93,97,120,120,120,72668,0,47,53.88309784280789,4.076385000189475,149.95656900009635,18416.11130071008
1781108311,50,gRPC,gRPC/listar-musicas,151.700000,0.000000,45,46,47,47,49,51,56,61,66,69,69,12269,0,45,45.30953195843489,4.076385000189475,87.58088199920167,24374.0
1781108311,50,gRPC,gRPC/listar-musicas-playlist,151.700000,0.000000,45,47,49,49,51,54,58,62,71,76,76,12247,0,45,45.41255845888863,7.739625999420241,86.10768800008373,14583.0
1781108311,50,gRPC,gRPC/listar-playlists,151.700000,0.000000,58,59,60,61,63,65,73,76,84,90,90,12261,0,58,57.59130156414736,8.631744000012986,94.66477000023588,22473.0
1781108311,50,gRPC,gRPC/listar-playlists-musica,151.700000,0.000000,46,47,48,49,51,53,58,61,69,71,71,12239,0,45,45.1529718079143,5.066016999990097,86.18392899916216,16984.0
1781108311,50,gRPC,gRPC/listar-playlists-usuario,151.700000,0.000000,44,46,46,47,49,51,54,59,67,69,69,12253,0,45,43.71936323985981,8.797032999609655,87.97340499950224,16978.0
1781108311,50,gRPC,gRPC/listar-usuarios,151.700000,0.000000,87,89,90,91,94,98,100,110,130,130,130,12276,0,88,86.27602873509706,5.855745999724604,149.95656900009635,15097.0
1781108311,50,,Aggregated,910.200000,0.000000,47,55,59,61,86,90,94,97,120,130,130,73545,0,47,53.921304072461396,4.076385000189475,149.95656900009635,18416.118594058058
1781108312,50,gRPC,gRPC/listar-musicas,151.800000,0.000000,45,46,47,47,49,51,56,61,66,69,69,12422,0,45,45.31328939245219,4.076385000189475,87.58088199920167,24374.0
1781108312,50,gRPC,gRPC/listar-musicas-playlist,152.000000,0.000000,45,47,49,49,51,54,58,62,71,76,76,12399,0,45,45.41932056077179,7.739625999420241,86.10768800008373,14583.0
1781108312,50,gRPC,gRPC/listar-playlists,151.900000,0.000000,58,60,60,61,63,66,73,76,84,90,90,12413,0,58,57.61029191541261,8.631744000012986,94.66477000023588,22473.0
1781108312,50,gRPC,gRPC/listar-playlists-musica,151.900000,0.000000,46,47,48,49,51,53,58,61,69,71,71,12392,0,45,45.16344613259062,5.066016999990097,86.18392899916216,16984.0
1781108312,50,gRPC,gRPC/listar-playlists-usuario,151.800000,0.000000,44,46,46,47,49,51,54,59,67,69,69,12406,0,45,43.730773159116275,8.797032999609655,87.97340499950224,16978.0
1781108312,50,gRPC,gRPC/listar-usuarios,152.000000,0.000000,88,89,91,92,95,98,100,110,130,130,130,12428,0,88,86.30713741302304,5.855745999724604,149.95656900009635,15097.0
1781108312,50,,Aggregated,911.400000,0.000000,47,55,59,62,86,90,94,97,120,130,130,74460,0,47,53.934553989634395,4.076385000189475,149.95656900009635,18416.1443190975
1781108313,50,gRPC,gRPC/listar-musicas,151.500000,0.000000,45,46,47,47,49,52,55,61,66,69,69,12573,0,45,45.31822273467254,4.076385000189475,87.58088199920167,24374.0
1781108313,50,gRPC,gRPC/listar-musicas-playlist,151.500000,0.000000,45,47,49,49,51,54,58,62,71,76,76,12551,0,45,45.42869533885878,7.739625999420241,86.10768800008373,14583.0
1781108313,50,gRPC,gRPC/listar-playlists,151.500000,0.000000,58,60,60,61,64,66,73,76,84,90,90,12564,0,58,57.629631664121014,8.631744000012986,94.66477000023588,22473.0
1781108313,50,gRPC,gRPC/listar-playlists-musica,151.400000,0.000000,46,47,48,49,51,53,58,61,69,71,71,12543,0,45,45.17854812652932,5.066016999990097,86.18392899916216,16984.0
1781108313,50,gRPC,gRPC/listar-playlists-usuario,151.400000,0.000000,44,46,46,47,49,51,54,59,67,69,69,12557,0,45,43.74036865549019,8.797032999609655,87.97340499950224,16978.0
1781108313,50,gRPC,gRPC/listar-usuarios,151.500000,0.000000,88,89,91,92,95,98,100,110,130,130,130,12580,0,88,86.33354052353387,5.855745999724604,149.95656900009635,15097.0
1781108313,50,,Aggregated,908.800000,0.000000,47,55,59,62,86,90,94,97,120,130,130,75368,0,47,53.94887140448425,4.076385000189475,149.95656900009635,18416.033661500904
1781108314,50,gRPC,gRPC/listar-musicas,151.500000,0.000000,45,46,47,47,49,51,55,61,66,69,69,12727,0,45,45.31698362473751,4.076385000189475,87.58088199920167,24374.0
1781108314,50,gRPC,gRPC/listar-musicas-playlist,151.400000,0.000000,45,47,49,49,51,54,58,62,71,76,76,12704,0,45,45.43073914011518,7.739625999420241,86.10768800008373,14583.0
1781108314,50,gRPC,gRPC/listar-playlists,151.400000,0.000000,58,60,60,61,64,66,73,76,84,90,90,12718,0,58,57.639036819547485,8.631744000012986,94.66477000023588,22473.0
1781108314,50,gRPC,gRPC/listar-playlists-musica,151.500000,0.000000,46,47,48,49,51,53,58,61,69,71,71,12697,0,45,45.18450749634222,5.066016999990097,86.18392899916216,16984.0
1781108314,50,gRPC,gRPC/listar-playlists-usuario,151.500000,0.000000,45,46,46,47,49,51,54,59,67,69,69,12711,0,45,43.74382521799878,8.797032999609655,87.97340499950224,16978.0
1781108314,50,gRPC,gRPC/listar-usuarios,151.400000,0.000000,88,89,91,92,95,98,100,110,130,130,130,12734,0,88,86.34610434011714,5.855745999724604,149.95656900009635,15097.0
1781108314,50,,Aggregated,908.700000,0.000000,47,55,59,62,86,90,94,97,120,130,130,76291,0,47,53.95421973225078,4.076385000189475,149.95656900009635,18416.06936598026
1781108315,50,gRPC,gRPC/listar-musicas,151.200000,0.000000,45,46,47,47,49,51,55,61,66,69,69,12881,0,45,45.311370707246006,4.076385000189475,87.58088199920167,24374.0
1781108315,50,gRPC,gRPC/listar-musicas-playlist,151.100000,0.000000,45,47,49,49,52,54,58,62,71,76,76,12859,0,45,45.43058028408287,7.739625999420241,86.10768800008373,14583.0
1781108315,50,gRPC,gRPC/listar-playlists,151.200000,0.000000,58,60,61,61,64,66,73,76,84,90,90,12873,0,58,57.64629082366263,8.631744000012986,94.66477000023588,22473.0
1781108315,50,gRPC,gRPC/listar-playlists-musica,151.200000,0.000000,46,47,48,49,51,53,58,61,69,71,71,12851,0,46,45.18733572555093,5.066016999990097,86.18392899916216,16984.0
1781108315,50,gRPC,gRPC/listar-playlists-usuario,151.200000,0.000000,45,46,47,47,49,51,54,59,67,69,69,12865,0,45,43.74588488239254,8.797032999609655,87.97340499950224,16978.0
1781108315,50,gRPC,gRPC/listar-usuarios,151.200000,0.000000,88,90,91,92,95,98,100,110,130,130,130,12889,0,88,86.3532806021449,5.855745999724604,149.95656900009635,15097.0
1781108315,50,,Aggregated,907.100000,0.000000,48,55,59,62,87,90,94,97,120,130,130,77218,0,47,53.95670690549018,4.076385000189475,149.95656900009635,18416.01449143982
1781108316,50,gRPC,gRPC/listar-musicas,151.200000,0.000000,45,46,47,47,49,51,55,60,66,69,69,13031,0,45,45.323765623899725,4.076385000189475,87.58088199920167,24374.0
1781108316,50,gRPC,gRPC/listar-musicas-playlist,151.200000,0.000000,45,47,49,49,51,54,57,61,71,76,76,13008,0,45,45.446464270065164,7.739625999420241,86.10768800008373,14583.0
1781108316,50,gRPC,gRPC/listar-playlists,151.200000,0.000000,58,60,60,61,64,66,71,75,84,90,90,13022,0,58,57.67159506919171,8.631744000012986,94.66477000023588,22473.0
1781108316,50,gRPC,gRPC/listar-playlists-musica,151.200000,0.000000,46,47,48,49,51,53,58,61,69,71,71,13002,0,46,45.20675687240877,5.066016999990097,86.18392899916216,16984.0
1781108316,50,gRPC,gRPC/listar-playlists-usuario,151.200000,0.000000,45,46,47,47,49,51,54,59,67,69,69,13016,0,45,43.76515317432203,8.797032999609655,87.97340499950224,16978.0
1781108316,50,gRPC,gRPC/listar-usuarios,151.200000,0.000000,88,89,91,92,95,98,110,110,130,130,130,13038,0,88,86.38485784346184,5.855745999724604,149.95656900009635,15097.0
1781108316,50,,Aggregated,907.200000,0.000000,47,55,59,62,86,90,94,97,120,130,130,78117,0,47,53.9766295581775,4.076385000189475,149.95656900009635,18416.00376358539
1781108317,50,gRPC,gRPC/listar-musicas,151.300000,0.000000,45,46,47,48,50,52,57,60,66,69,69,13181,0,45,45.3386168112469,4.076385000189475,87.58088199920167,24374.0
1781108317,50,gRPC,gRPC/listar-musicas-playlist,151.300000,0.000000,45,47,49,50,52,54,57,61,71,76,76,13159,0,45,45.4666457509696,7.739625999420241,86.10768800008373,14583.0
1781108317,50,gRPC,gRPC/listar-playlists,151.300000,0.000000,59,60,61,62,64,67,72,75,84,90,90,13172,0,58,57.70349638764129,8.631744000012986,94.66477000023588,22473.0
1781108317,50,gRPC,gRPC/listar-playlists-musica,151.300000,0.000000,46,47,48,49,51,53,58,61,69,71,71,13151,0,46,45.22742490335807,5.066016999990097,86.18392899916216,16984.0
1781108317,50,gRPC,gRPC/listar-playlists-usuario,151.200000,0.000000,45,46,47,48,50,52,54,59,67,69,69,13165,0,45,43.78402556125829,8.797032999609655,87.97340499950224,16978.0
1781108317,50,gRPC,gRPC/listar-usuarios,151.200000,0.000000,88,90,91,93,95,99,110,110,130,130,130,13188,0,88,86.4318236200373,5.855745999724604,149.95656900009635,15097.0
1781108317,50,,Aggregated,907.600000,0.000000,48,55,59,62,87,90,94,98,120,130,130,79016,0,47,54.00222493372431,4.076385000189475,149.95656900009635,18415.97824491242
1781108318,50,gRPC,gRPC/listar-musicas,151.200000,0.000000,45,46,47,48,49,52,57,60,66,69,69,13332,0,45,45.34295940534408,4.076385000189475,87.58088199920167,24374.0
1781108318,50,gRPC,gRPC/listar-musicas-playlist,151.100000,0.000000,45,47,49,50,52,54,57,61,71,76,76,13309,0,45,45.47743985130436,7.739625999420241,86.10768800008373,14583.0
1781108318,50,gRPC,gRPC/listar-playlists,151.100000,0.000000,58,60,61,61,64,66,72,75,84,90,90,13323,0,58,57.72450477332481,8.631744000012986,94.66477000023588,22473.0
1781108318,50,gRPC,gRPC/listar-playlists-musica,151.200000,0.000000,46,47,48,49,51,53,58,61,69,71,71,13302,0,46,45.240630687720774,5.066016999990097,86.18392899916216,16984.0
1781108318,50,gRPC,gRPC/listar-playlists-usuario,151.200000,0.000000,45,46,47,47,49,51,54,59,67,69,69,13316,0,45,43.79583236519716,8.797032999609655,87.97340499950224,16978.0
1781108318,50,gRPC,gRPC/listar-usuarios,151.200000,0.000000,88,90,91,92,95,99,110,110,130,130,130,13339,0,88,86.45590708434335,5.855745999724604,149.95656900009635,15097.0
1781108318,50,,Aggregated,907.000000,0.000000,48,55,59,62,87,90,94,98,120,130,130,79921,0,47,54.01642467748346,4.076385000189475,149.95656900009635,18416.01322556024
1781108319,50,gRPC,gRPC/listar-musicas,151.100000,0.000000,45,46,47,48,49,52,57,60,66,69,69,13488,0,45,45.335825910887316,4.076385000189475,87.58088199920167,24374.0
1781108319,50,gRPC,gRPC/listar-musicas-playlist,151.100000,0.000000,45,47,49,50,52,54,57,61,71,76,76,13465,0,45,45.476829290976944,7.739625999420241,86.10768800008373,14583.0
1781108319,50,gRPC,gRPC/listar-playlists,151.100000,0.000000,59,60,61,62,64,66,72,75,84,90,90,13479,0,58,57.72695702218245,8.631744000012986,94.66477000023588,22473.0
1781108319,50,gRPC,gRPC/listar-playlists-musica,151.200000,0.000000,46,47,48,49,51,53,58,61,69,71,71,13458,0,46,45.24165597942181,5.066016999990097,86.18392899916216,16984.0
1781108319,50,gRPC,gRPC/listar-playlists-usuario,151.200000,0.000000,45,46,47,47,49,51,54,59,67,69,69,13472,0,45,43.79321264518788,8.797032999609655,87.97340499950224,16978.0
1781108319,50,gRPC,gRPC/listar-usuarios,151.200000,0.000000,88,90,91,92,95,99,110,110,130,130,130,13495,0,88,86.45581363312792,5.855745999724604,149.95656900009635,15097.0
1781108319,50,,Aggregated,906.900000,0.000000,48,55,59,62,87,90,94,98,120,130,130,80857,0,47,54.01514218802524,4.076385000189475,149.95656900009635,18415.999567137045
1781108320,50,gRPC,gRPC/listar-musicas,150.600000,0.000000,45,46,47,47,49,52,55,59,66,69,69,13641,0,45,45.33334853361547,4.076385000189475,87.58088199920167,24374.0
1781108320,50,gRPC,gRPC/listar-musicas-playlist,150.500000,0.000000,45,47,49,50,52,53,57,61,71,76,76,13618,0,45,45.48188168784005,7.739625999420241,86.10768800008373,14583.0
1781108320,50,gRPC,gRPC/listar-playlists,150.600000,0.000000,58,60,61,61,63,66,71,75,84,90,90,13632,0,58,57.73616470275775,8.631744000012986,94.66477000023588,22473.0
1781108320,50,gRPC,gRPC/listar-playlists-musica,150.700000,0.000000,46,47,48,49,51,53,57,60,69,71,71,13611,0,46,45.24695219572815,5.066016999990097,86.18392899916216,16984.0
1781108320,50,gRPC,gRPC/listar-playlists-usuario,150.600000,0.000000,45,46,47,47,49,51,54,59,67,69,69,13625,0,45,43.79374340865913,8.797032999609655,87.97340499950224,16978.0
1781108320,50,gRPC,gRPC/listar-usuarios,150.600000,0.000000,88,89,91,92,94,99,110,110,130,130,130,13648,0,88,86.46177585141125,5.855745999724604,149.95656900009635,15097.0
1781108320,50,,Aggregated,903.600000,0.000000,48,55,59,62,87,90,94,97,120,130,130,81775,0,47,54.01895697339245,4.076385000189475,149.95656900009635,18415.98647508407
1781108321,50,gRPC,gRPC/listar-musicas,150.900000,0.000000,45,46,47,47,49,51,54,58,64,64,64,13793,0,45,45.33562025382792,4.076385000189475,87.58088199920167,24374.0
1781108321,50,gRPC,gRPC/listar-musicas-playlist,151.000000,0.000000,45,47,49,49,52,53,56,59,67,73,73,13770,0,45,45.49087247581782,7.739625999420241,86.10768800008373,14583.0
1781108321,50,gRPC,gRPC/listar-playlists,150.900000,0.000000,58,59,60,61,63,66,70,73,80,80,80,13784,0,58,57.74858000761708,8.631744000012986,94.66477000023588,22473.0
1781108321,50,gRPC,gRPC/listar-playlists-musica,150.900000,0.000000,46,47,48,49,51,53,56,59,66,73,73,13764,0,46,45.258923935124685,5.066016999990097,86.18392899916216,16984.0
1781108321,50,gRPC,gRPC/listar-playlists-usuario,150.900000,0.000000,45,46,47,47,49,51,54,58,64,65,65,13777,0,45,43.79887955113475,8.797032999609655,87.97340499950224,16978.0
1781108321,50,gRPC,gRPC/listar-usuarios,150.900000,0.000000,88,89,90,92,94,98,100,110,120,120,120,13800,0,88,86.47430190862761,5.855745999724604,149.95656900009635,15097.0
1781108321,50,,Aggregated,905.500000,0.000000,47,55,59,61,86,90,94,96,110,120,120,82688,0,47,54.027625652285366,4.076385000189475,149.95656900009635,18415.95643866099
1781108322,50,gRPC,gRPC/listar-musicas,150.800000,0.000000,45,46,47,47,49,52,56,59,65,71,71,13945,0,45,45.347063782936544,4.076385000189475,87.58088199920167,24374.0
1781108322,50,gRPC,gRPC/listar-musicas-playlist,150.700000,0.000000,45,47,49,50,52,53,57,61,70,73,73,13921,0,45,45.508096795848296,7.739625999420241,86.10768800008373,14583.0
1781108322,50,gRPC,gRPC/listar-playlists,150.700000,0.000000,58,60,60,61,63,66,71,76,83,97,97,13935,0,58,57.77645758708252,8.631744000012986,96.69334599948343,22473.0
1781108322,50,gRPC,gRPC/listar-playlists-musica,150.700000,0.000000,46,47,48,49,51,53,58,60,69,73,73,13915,0,46,45.277608725551154,5.066016999990097,86.18392899916216,16984.0
1781108322,50,gRPC,gRPC/listar-playlists-usuario,150.800000,0.000000,45,46,47,47,49,51,54,58,66,71,71,13929,0,45,43.81518476918578,8.797032999609655,87.97340499950224,16978.0
1781108322,50,gRPC,gRPC/listar-usuarios,150.700000,0.000000,88,89,90,92,94,99,110,110,120,130,130,13951,0,88,86.51540191958013,5.855745999724604,149.95656900009635,15097.0
1781108322,50,,Aggregated,904.400000,0.000000,48,55,59,62,86,90,94,97,120,130,130,83596,0,47,54.04940383116608,4.076385000189475,149.95656900009635,18415.998337241017
1781108323,50,gRPC,gRPC/listar-musicas,151.100000,0.000000,45,46,47,47,49,51,56,59,65,71,71,14098,0,45,45.34685722875923,4.076385000189475,87.58088199920167,24374.0
1781108323,50,gRPC,gRPC/listar-musicas-playlist,151.100000,0.000000,45,47,49,49,52,53,57,61,70,73,73,14075,0,45,45.51389810529325,7.739625999420241,86.10768800008373,14583.0
1781108323,50,gRPC,gRPC/listar-playlists,151.100000,0.000000,58,59,60,61,63,66,71,76,83,97,97,14089,0,58,57.78689430463482,8.631744000012986,96.69334599948343,22473.0
1781108323,50,gRPC,gRPC/listar-playlists-musica,151.100000,0.000000,46,47,48,49,51,53,58,60,69,73,73,14068,0,46,45.284854794999156,5.066016999990097,86.18392899916216,16984.0
1781108323,50,gRPC,gRPC/listar-playlists-usuario,151.100000,0.000000,45,46,47,47,49,51,54,58,66,71,71,14082,0,45,43.81782619343792,8.797032999609655,87.97340499950224,16978.0
1781108323,50,gRPC,gRPC/listar-usuarios,151.100000,0.000000,88,89,90,91,94,98,110,110,120,130,130,14105,0,88,86.52771414456284,5.855745999724604,149.95656900009635,15097.0
1781108323,50,,Aggregated,906.600000,0.000000,47,55,59,62,86,90,93,97,120,130,130,84517,0,47,54.05600100124439,4.076385000189475,149.95656900009635,18415.949063502016
1781108324,50,gRPC,gRPC/listar-musicas,151.300000,0.000000,45,46,47,47,49,52,56,59,65,71,71,14252,0,45,45.342494338832815,4.076385000189475,87.58088199920167,24374.0
1781108324,50,gRPC,gRPC/listar-musicas-playlist,151.400000,0.000000,45,47,49,49,52,53,57,61,70,73,73,14229,0,45,45.51591657987217,7.739625999420241,86.10768800008373,14583.0
1781108324,50,gRPC,gRPC/listar-playlists,151.300000,0.000000,59,60,61,61,63,66,71,76,83,97,97,14243,0,58,57.7932857478055,8.631744000012986,96.69334599948343,22473.0
1781108324,50,gRPC,gRPC/listar-playlists-musica,151.300000,0.000000,46,47,48,49,51,53,58,60,69,73,73,14223,0,46,45.28798920446082,5.066016999990097,86.18392899916216,16984.0
1781108324,50,gRPC,gRPC/listar-playlists-usuario,151.300000,0.000000,45,46,47,47,49,51,54,58,66,71,71,14236,0,45,43.81702306764492,8.797032999609655,87.97340499950224,16978.0
1781108324,50,gRPC,gRPC/listar-usuarios,151.300000,0.000000,88,89,90,91,94,98,110,110,120,130,130,14259,0,88,86.5326540454485,5.855745999724604,149.95656900009635,15097.0
1781108324,50,,Aggregated,907.900000,0.000000,48,55,59,62,86,90,93,97,120,130,130,85442,0,47,54.057680065051834,4.076385000189475,149.95656900009635,18415.920238290302
1781108325,50,gRPC,gRPC/listar-musicas,151.300000,0.000000,45,46,47,47,49,51,56,59,65,71,71,14408,0,45,45.33121313333139,4.076385000189475,87.58088199920167,24374.0
1781108325,50,gRPC,gRPC/listar-musicas-playlist,151.300000,0.000000,45,47,49,49,52,53,57,61,70,73,73,14385,0,45,45.512167495863494,7.739625999420241,86.10768800008373,14583.0
1781108325,50,gRPC,gRPC/listar-playlists,151.300000,0.000000,58,59,60,61,63,66,71,76,83,97,97,14399,0,58,57.791322758940986,8.631744000012986,96.69334599948343,22473.0
1781108325,50,gRPC,gRPC/listar-playlists-musica,151.300000,0.000000,46,47,48,49,50,53,58,60,69,73,73,14378,0,46,45.28438197760811,5.066016999990097,86.18392899916216,16984.0
1781108325,50,gRPC,gRPC/listar-playlists-usuario,151.300000,0.000000,45,46,47,47,49,51,54,58,66,71,71,14392,0,45,43.80995948026662,8.797032999609655,87.97340499950224,16978.0
1781108325,50,gRPC,gRPC/listar-usuarios,151.300000,0.000000,87,89,90,91,94,98,110,110,120,130,130,14415,0,88,86.52646730628145,5.855745999724604,149.95656900009635,15097.0
1781108325,50,,Aggregated,907.800000,0.000000,47,55,59,62,86,90,93,96,120,130,130,86377,0,47,54.05203597940611,4.076385000189475,149.95656900009635,18415.925037915185
1781108326,50,gRPC,gRPC/listar-musicas,151.400000,0.000000,45,46,47,47,49,50,53,57,65,71,71,14563,0,45,45.326165004259686,4.076385000189475,87.58088199920167,24374.0
1781108326,50,gRPC,gRPC/listar-musicas-playlist,151.400000,0.000000,45,47,49,49,51,53,56,58,70,73,73,14540,0,45,45.51311168122429,7.739625999420241,86.10768800008373,14583.0
1781108326,50,gRPC,gRPC/listar-playlists,151.400000,0.000000,58,59,60,61,62,65,68,70,83,97,97,14555,0,58,57.795442999724614,8.631744000012986,96.69334599948343,22473.0
1781108326,50,gRPC,gRPC/listar-playlists-musica,151.500000,0.000000,46,47,48,49,50,52,54,58,69,73,73,14533,0,46,45.28633774740571,5.066016999990097,86.18392899916216,16984.0
1781108326,50,gRPC,gRPC/listar-playlists-usuario,151.500000,0.000000,45,46,46,47,49,50,53,57,66,71,71,14547,0,45,43.80768581246997,8.797032999609655,87.97340499950224,16978.0
1781108326,50,gRPC,gRPC/listar-usuarios,151.400000,0.000000,87,89,90,91,93,96,100,110,120,130,130,14570,0,87,86.52554778202054,5.855745999724604,149.95656900009635,15097.0
1781108326,50,,Aggregated,908.600000,0.000000,47,55,59,61,86,89,93,95,110,130,130,87308,0,47,54.05177350121598,4.076385000189475,149.95656900009635,18415.95987767444
1781108327,50,gRPC,gRPC/listar-musicas,151.300000,0.000000,45,46,46,47,49,51,55,61,74,74,74,14711,0,45,45.34262519611411,4.076385000189475,87.58088199920167,24374.0
1781108327,50,gRPC,gRPC/listar-musicas-playlist,151.200000,0.000000,45,47,49,49,51,53,57,63,73,78,78,14689,0,45,45.532070557696564,7.739625999420241,86.10768800008373,14583.0
1781108327,50,gRPC,gRPC/listar-playlists,151.200000,0.000000,58,59,60,61,62,65,70,80,93,97,97,14702,0,58,57.82769379227249,8.631744000012986,96.69334599948343,22473.0
1781108327,50,gRPC,gRPC/listar-playlists-musica,151.400000,0.000000,46,47,48,48,50,52,56,63,74,80,80,14682,0,46,45.305132580850426,5.066016999990097,86.18392899916216,16984.0
1781108327,50,gRPC,gRPC/listar-playlists-usuario,151.400000,0.000000,45,46,46,47,49,51,54,60,72,75,75,14696,0,45,43.83040135914467,8.797032999609655,87.97340499950224,16978.0
1781108327,50,gRPC,gRPC/listar-usuarios,151.300000,0.000000,87,89,90,91,93,96,110,120,130,130,130,14718,0,88,86.57230665770061,5.855745999724604,149.95656900009635,15097.0
1781108327,50,,Aggregated,907.800000,0.000000,47,55,59,61,86,89,92,96,120,130,130,88198,0,47,54.07731969126445,4.076385000189475,149.95656900009635,18415.826538016736
1781108328,50,gRPC,gRPC/listar-musicas,151.500000,0.000000,45,46,46,47,48,50,54,61,74,74,74,14866,0,45,45.33947767234194,4.076385000189475,87.58088199920167,24374.0
1781108328,50,gRPC,gRPC/listar-musicas-playlist,151.600000,0.000000,45,46,48,49,51,53,56,63,73,78,78,14844,0,45,45.52995264079797,7.739625999420241,86.10768800008373,14583.0
1781108328,50,gRPC,gRPC/listar-playlists,151.600000,0.000000,58,59,60,60,62,65,70,79,93,97,97,14857,0,58,57.828408359425644,8.631744000012986,96.69334599948343,22473.0
1781108328,50,gRPC,gRPC/listar-playlists-musica,151.600000,0.000000,46,47,48,48,50,52,56,63,74,80,80,14837,0,46,45.3061277072888,5.066016999990097,86.18392899916216,16984.0
1781108328,50,gRPC,gRPC/listar-playlists-usuario,151.600000,0.000000,45,46,46,47,48,50,54,60,72,75,75,14850,0,45,43.83000480808054,8.797032999609655,87.97340499950224,16978.0
1781108328,50,gRPC,gRPC/listar-usuarios,151.500000,0.000000,87,89,90,91,93,96,110,120,130,130,130,14873,0,88,86.57700546124082,5.855745999724604,149.95656900009635,15097.0
1781108328,50,,Aggregated,909.400000,0.000000,47,55,58,61,86,89,92,95,120,130,130,89127,0,47,54.077466373726715,4.076385000189475,149.95656900009635,18415.832306708406
1781108329,50,gRPC,gRPC/listar-musicas,151.600000,0.000000,45,46,46,47,49,51,54,61,74,74,74,15019,0,45,45.34044510986361,4.076385000189475,87.58088199920167,24374.0
1781108329,50,gRPC,gRPC/listar-musicas-playlist,151.700000,0.000000,45,47,49,49,51,53,56,63,73,78,78,14996,0,45,45.536223316084424,7.739625999420241,86.10768800008373,14583.0
1781108329,50,gRPC,gRPC/listar-playlists,151.600000,0.000000,58,59,60,61,63,65,70,79,93,97,97,15010,0,58,57.840871986341654,8.631744000012986,96.69334599948343,22473.0
1781108329,50,gRPC,gRPC/listar-playlists-musica,151.500000,0.000000,46,47,48,48,50,53,56,63,74,80,80,14989,0,46,45.313253176065665,5.066016999990097,86.18392899916216,16984.0
1781108329,50,gRPC,gRPC/listar-playlists-usuario,151.500000,0.000000,45,46,46,47,49,51,54,60,72,75,75,15004,0,45,43.83467608271165,8.797032999609655,87.97340499950224,16978.0
1781108329,50,gRPC,gRPC/listar-usuarios,151.600000,0.000000,87,89,90,91,93,96,110,120,130,130,130,15026,0,88,86.59089676614072,5.855745999724604,149.95656900009635,15097.0
1781108329,50,,Aggregated,909.500000,0.000000,47,55,59,61,86,89,93,96,120,130,130,90044,0,47,54.0850193802715,4.076385000189475,149.95656900009635,18415.864621740482
1781108330,50,gRPC,gRPC/listar-musicas,152.000000,0.000000,45,46,46,47,48,50,53,61,74,74,74,15175,0,45,45.33159132547216,4.076385000189475,87.58088199920167,24374.0
1781108330,50,gRPC,gRPC/listar-musicas-playlist,152.100000,0.000000,45,46,49,49,51,52,56,63,73,78,78,15152,0,45,45.53374677725673,7.739625999420241,86.10768800008373,14583.0
1781108330,50,gRPC,gRPC/listar-playlists,152.100000,0.000000,58,59,60,60,62,65,68,79,93,97,97,15166,0,58,57.839566633851454,8.631744000012986,96.69334599948343,22473.0
1781108330,50,gRPC,gRPC/listar-playlists-musica,152.000000,0.000000,46,47,48,48,50,52,55,62,74,80,80,15145,0,46,45.311889356490155,5.066016999990097,86.18392899916216,16984.0
1781108330,50,gRPC,gRPC/listar-playlists-usuario,152.100000,0.000000,45,46,46,47,48,50,53,60,72,75,75,15159,0,45,43.82884276449671,8.797032999609655,87.97340499950224,16978.0
1781108330,50,gRPC,gRPC/listar-usuarios,152.100000,0.000000,87,89,90,91,93,96,110,120,130,130,130,15182,0,87,86.58494675879537,5.855745999724604,149.95656900009635,15097.0
1781108330,50,,Aggregated,912.400000,0.000000,47,55,58,61,86,89,92,95,120,130,130,90979,0,47,54.080741166259756,4.076385000189475,149.95656900009635,18415.86981611141
1781108331,50,gRPC,gRPC/listar-musicas,152.100000,0.000000,45,46,46,47,48,50,52,54,74,74,74,15329,0,45,45.32994239611476,4.076385000189475,87.58088199920167,24374.0
1781108331,50,gRPC,gRPC/listar-musicas-playlist,152.100000,0.000000,45,46,48,49,50,52,54,56,72,78,78,15306,0,45,45.53493319867958,7.739625999420241,86.10768800008373,14583.0
1781108331,50,gRPC,gRPC/listar-playlists,152.200000,0.000000,58,59,60,60,62,64,66,70,91,93,93,15320,0,58,57.84614430176188,8.631744000012986,96.69334599948343,22473.0
1781108331,50,gRPC,gRPC/listar-playlists-musica,152.200000,0.000000,46,47,47,48,50,51,54,56,74,80,80,15300,0,46,45.31607174307438,5.066016999990097,86.18392899916216,16984.0
1781108331,50,gRPC,gRPC/listar-playlists-usuario,152.100000,0.000000,45,46,46,47,48,50,52,53,72,75,75,15313,0,45,43.83027452961606,8.797032999609655,87.97340499950224,16978.0
1781108331,50,gRPC,gRPC/listar-usuarios,152.200000,0.000000,87,89,90,90,92,95,97,110,130,130,130,15336,0,87,86.59132256331718,5.855745999724604,149.95656900009635,15097.0
1781108331,50,,Aggregated,913.000000,0.000000,47,54,58,61,86,89,92,94,120,130,130,91904,0,47,54.08357328956447,4.076385000189475,149.95656900009635,18415.843815285516
1781108332,50,gRPC,gRPC/listar-musicas,152.100000,0.000000,45,46,46,47,49,50,53,60,74,74,74,15477,0,45,45.345262825679534,4.076385000189475,87.58088199920167,24374.0
1781108332,50,gRPC,gRPC/listar-musicas-playlist,152.200000,0.000000,45,46,49,49,50,52,56,61,72,78,78,15454,0,45,45.5550662626497,7.739625999420241,86.10768800008373,14583.0
1781108332,50,gRPC,gRPC/listar-playlists,152.100000,0.000000,58,59,60,60,62,64,70,78,91,93,93,15469,0,58,57.87415244456594,8.631744000012986,96.69334599948343,22473.0
1781108332,50,gRPC,gRPC/listar-playlists-musica,152.100000,0.000000,46,47,47,48,50,52,56,62,74,80,80,15447,0,46,45.33881443756328,5.066016999990097,86.18392899916216,16984.0
1781108332,50,gRPC,gRPC/listar-playlists-usuario,152.200000,0.000000,45,46,46,47,48,50,53,59,72,75,75,15461,0,45,43.84770836834696,8.797032999609655,87.97340499950224,16978.0
1781108332,50,gRPC,gRPC/listar-usuarios,152.100000,0.000000,87,89,90,91,93,95,100,120,130,130,130,15484,0,88,86.62902306910624,5.855745999724604,149.95656900009635,15097.0
1781108332,50,,Aggregated,912.800000,0.000000,47,55,58,61,86,89,92,95,120,130,130,92792,0,47,54.107183483955005,4.076385000189475,149.95656900009635,18415.893298991294
1781108333,50,gRPC,gRPC/listar-musicas,152.400000,0.000000,45,46,46,47,49,51,54,60,74,74,74,15630,0,45,45.34698259865924,4.076385000189475,87.58088199920167,24374.0
1781108333,50,gRPC,gRPC/listar-musicas-playlist,152.300000,0.000000,45,46,49,49,50,52,56,61,72,78,78,15608,0,45,45.561516235263426,7.739625999420241,86.10768800008373,14583.0
1781108333,50,gRPC,gRPC/listar-playlists,152.300000,0.000000,58,59,60,60,62,65,70,78,91,93,93,15621,0,58,57.88462794667348,8.631744000012986,96.69334599948343,22473.0
1781108333,50,gRPC,gRPC/listar-playlists-musica,152.400000,0.000000,46,47,47,48,50,52,56,62,74,80,80,15600,0,46,45.34647842769449,5.066016999990097,86.18392899916216,16984.0
1781108333,50,gRPC,gRPC/listar-playlists-usuario,152.400000,0.000000,45,46,46,47,48,51,53,59,72,75,75,15615,0,45,43.85245996791626,8.797032999609655,87.97340499950224,16978.0
1781108333,50,gRPC,gRPC/listar-usuarios,152.300000,0.000000,87,89,90,91,93,96,100,120,130,130,130,15637,0,88,86.64116234514535,5.855745999724604,149.95656900009635,15097.0
1781108333,50,,Aggregated,914.100000,0.000000,47,55,58,61,86,89,93,95,120,130,130,93711,0,47,54.11405638648763,4.076385000189475,149.95656900009635,18415.783376551313
1781108334,50,gRPC,gRPC/listar-musicas,152.700000,0.000000,45,46,46,47,49,51,54,60,74,74,74,15783,0,45,45.34815548096378,4.076385000189475,87.58088199920167,24374.0
1781108334,50,gRPC,gRPC/listar-musicas-playlist,152.600000,0.000000,45,46,49,49,50,53,56,61,72,78,78,15760,0,45,45.56691935342575,7.739625999420241,86.10768800008373,14583.0
1781108334,50,gRPC,gRPC/listar-playlists,152.700000,0.000000,58,59,60,60,63,65,70,78,91,93,93,15774,0,58,57.89367484201733,8.631744000012986,96.69334599948343,22473.0
1781108334,50,gRPC,gRPC/listar-playlists-musica,152.700000,0.000000,46,47,47,48,50,52,56,62,74,80,80,15754,0,46,45.353421959631255,5.066016999990097,86.18392899916216,16984.0
1781108334,50,gRPC,gRPC/listar-playlists-usuario,152.700000,0.000000,45,46,46,47,48,51,54,59,72,75,75,15768,0,45,43.85651481798657,8.797032999609655,87.97340499950224,16978.0
1781108334,50,gRPC,gRPC/listar-usuarios,152.700000,0.000000,87,89,90,91,93,96,100,120,130,130,130,15790,0,88,86.6538717851837,5.855745999724604,149.95656900009635,15097.0
1781108334,50,,Aggregated,916.100000,0.000000,47,55,58,61,86,89,93,95,120,130,130,94629,0,47,54.12052737125156,4.076385000189475,149.95656900009635,18415.799532912744
1781108335,50,gRPC,gRPC/listar-musicas,152.200000,0.000000,45,46,46,47,49,51,54,60,74,74,74,15938,0,45,45.34564511181131,4.076385000189475,87.58088199920167,24374.0
1781108335,50,gRPC,gRPC/listar-musicas-playlist,152.300000,0.000000,45,47,49,49,51,53,56,61,72,78,78,15915,0,45,45.56762902117461,7.739625999420241,86.10768800008373,14583.0
1781108335,50,gRPC,gRPC/listar-playlists,152.200000,0.000000,58,59,60,60,63,65,70,78,91,93,93,15928,0,58,57.89766865689257,8.631744000012986,96.69334599948343,22473.0
1781108335,50,gRPC,gRPC/listar-playlists-musica,152.200000,0.000000,46,47,48,48,50,52,56,62,74,80,80,15908,0,46,45.35428517098535,5.066016999990097,86.18392899916216,16984.0
1781108335,50,gRPC,gRPC/listar-playlists-usuario,152.200000,0.000000,45,46,46,47,48,51,54,59,72,75,75,15922,0,45,43.85687540453482,8.797032999609655,87.97340499950224,16978.0
1781108335,50,gRPC,gRPC/listar-usuarios,152.200000,0.000000,88,89,90,91,94,97,100,120,130,130,130,15944,0,88,86.65970924912543,5.855745999724604,149.95656900009635,15097.0
1781108335,50,,Aggregated,913.300000,0.000000,47,55,59,61,86,90,93,96,120,130,130,95555,0,47,54.12180751389429,4.076385000189475,149.95656900009635,18415.81243263042
1781108336,50,gRPC,gRPC/listar-musicas,152.200000,0.000000,45,46,46,47,49,51,53,56,65,74,74,16092,0,45,45.34134155288609,4.076385000189475,87.58088199920167,24374.0
1781108336,50,gRPC,gRPC/listar-musicas-playlist,152.200000,0.000000,45,46,49,49,50,52,55,58,65,67,67,16070,0,45,45.566336508337784,7.739625999420241,86.10768800008373,14583.0
1781108336,50,gRPC,gRPC/listar-playlists,152.200000,0.000000,58,59,60,60,63,65,68,73,89,91,91,16083,0,58,57.90211007063279,8.631744000012986,96.69334599948343,22473.0
1781108336,50,gRPC,gRPC/listar-playlists-musica,152.200000,0.000000,46,47,47,48,50,52,55,57,67,74,74,16062,0,46,45.35458719163489,5.066016999990097,86.18392899916216,16984.0
1781108336,50,gRPC,gRPC/listar-playlists-usuario,152.200000,0.000000,45,46,46,47,48,51,53,56,65,66,66,16076,0,45,43.855786989362954,8.797032999609655,87.97340499950224,16978.0
1781108336,50,gRPC,gRPC/listar-usuarios,152.200000,0.000000,88,89,90,91,93,97,100,110,130,130,130,16099,0,88,86.66523518970476,5.855745999724604,149.95656900009635,15097.0
1781108336,50,,Aggregated,913.200000,0.000000,47,55,58,61,86,90,93,96,120,130,130,96482,0,47,54.12261525109509,4.076385000189475,149.95656900009635,18415.770983188573
1781108337,50,gRPC,gRPC/listar-musicas,152.100000,0.000000,45,46,47,47,49,51,56,61,65,66,66,16235,0,45,45.37175915787128,4.076385000189475,87.58088199920167,24374.0
1781108337,50,gRPC,gRPC/listar-musicas-playlist,152.200000,0.000000,45,47,49,49,51,54,58,62,67,68,68,16212,0,45,45.59940923087728,7.739625999420241,86.10768800008373,14583.0
1781108337,50,gRPC,gRPC/listar-playlists,152.200000,0.000000,58,59,60,61,64,66,73,77,83,84,84,16226,0,58,57.947225436828774,8.631744000012986,96.69334599948343,22473.0
1781108337,50,gRPC,gRPC/listar-playlists-musica,152.000000,0.000000,46,47,48,49,51,53,57,62,67,67,67,16205,0,46,45.38892967837348,5.066016999990097,86.18392899916216,16984.0
1781108337,50,gRPC,gRPC/listar-playlists-usuario,152.000000,0.000000,45,46,47,47,49,51,56,60,65,65,65,16219,0,45,43.88848135822176,8.797032999609655,87.97340499950224,16978.0
1781108337,50,gRPC,gRPC/listar-usuarios,152.100000,0.000000,88,89,91,92,95,98,110,110,120,130,130,16242,0,88,86.73375731006401,5.855745999724604,149.95656900009635,15097.0
1781108337,50,,Aggregated,912.600000,0.000000,47,55,59,62,86,90,94,97,120,130,130,97339,0,47,54.16333004380704,4.076385000189475,149.95656900009635,18415.802093713723
1781108338,50,gRPC,gRPC/listar-musicas,151.900000,0.000000,45,46,47,47,49,51,56,61,65,66,66,16389,0,45,45.36912063597745,4.076385000189475,87.58088199920167,24374.0
1781108338,50,gRPC,gRPC/listar-musicas-playlist,151.800000,0.000000,45,47,49,49,51,54,58,62,67,68,68,16367,0,45,45.59831449569138,7.739625999420241,86.10768800008373,14583.0
1781108338,50,gRPC,gRPC/listar-playlists,151.800000,0.000000,58,59,60,61,64,66,73,77,83,84,84,16381,0,58,57.94786133654688,8.631744000012986,96.69334599948343,22473.0
1781108338,50,gRPC,gRPC/listar-playlists-musica,151.800000,0.000000,46,47,48,49,51,53,57,62,67,67,67,16360,0,46,45.39109334022257,5.066016999990097,86.18392899916216,16984.0
1781108338,50,gRPC,gRPC/listar-playlists-usuario,151.800000,0.000000,45,46,47,47,49,52,56,60,65,65,65,16373,0,45,43.887343410126434,8.797032999609655,87.97340499950224,16978.0
1781108338,50,gRPC,gRPC/listar-usuarios,151.800000,0.000000,88,89,91,92,95,98,110,110,120,130,130,16396,0,88,86.73925686131159,5.855745999724604,149.95656900009635,15097.0
1781108338,50,,Aggregated,910.900000,0.000000,47,55,59,62,86,90,94,98,120,130,130,98266,0,47,54.16368493890171,4.076385000189475,149.95656900009635,18415.780697291026
1781108339,50,gRPC,gRPC/listar-musicas,152.400000,0.000000,45,46,47,47,50,52,56,61,65,66,66,16541,0,45,45.37452427344386,4.076385000189475,87.58088199920167,24374.0
1781108339,50,gRPC,gRPC/listar-musicas-playlist,152.300000,0.000000,45,47,49,49,51,54,58,62,67,68,68,16518,0,45,45.604742963856644,7.739625999420241,86.10768800008373,14583.0
1781108339,50,gRPC,gRPC/listar-playlists,152.400000,0.000000,58,59,60,61,64,67,73,77,83,84,84,16532,0,58,57.96298174649003,8.631744000012986,96.69334599948343,22473.0
1781108339,50,gRPC,gRPC/listar-playlists-musica,152.500000,0.000000,46,47,48,49,51,54,57,62,67,67,67,16511,0,46,45.4006629989122,5.066016999990097,86.18392899916216,16984.0
1781108339,50,gRPC,gRPC/listar-playlists-usuario,152.500000,0.000000,45,46,47,47,49,52,56,60,65,65,65,16525,0,45,43.89753248689859,8.797032999609655,87.97340499950224,16978.0
1781108339,50,gRPC,gRPC/listar-usuarios,152.400000,0.000000,88,89,91,92,96,99,110,110,120,130,130,16548,0,88,86.75845031629571,5.855745999724604,149.95656900009635,15097.0
1781108339,50,,Aggregated,914.500000,0.000000,47,55,59,62,86,90,94,98,120,130,130,99175,0,47,54.174732255831586,4.076385000189475,149.95656900009635,18415.784159314342
1781108340,50,gRPC,gRPC/listar-musicas,151.300000,0.000000,45,46,47,47,50,52,56,61,65,66,66,16697,0,45,45.36546398401099,4.076385000189475,87.58088199920167,24374.0
1781108340,50,gRPC,gRPC/listar-musicas-playlist,151.200000,0.000000,45,47,49,49,51,54,58,62,67,68,68,16674,0,45,45.59796223329671,7.739625999420241,86.10768800008373,14583.0
1781108340,50,gRPC,gRPC/listar-playlists,151.200000,0.000000,58,59,60,61,64,67,73,77,83,84,84,16688,0,58,57.959815488193435,8.631744000012986,96.69334599948343,22473.0
1781108340,50,gRPC,gRPC/listar-playlists-musica,151.200000,0.000000,46,47,48,49,51,54,57,62,67,67,67,16667,0,46,45.39375996586309,5.066016999990097,86.18392899916216,16984.0
1781108340,50,gRPC,gRPC/listar-playlists-usuario,151.200000,0.000000,45,46,47,47,49,52,56,60,65,65,65,16681,0,45,43.89378554127443,8.797032999609655,87.97340499950224,16978.0
1781108340,50,gRPC,gRPC/listar-usuarios,151.200000,0.000000,88,90,91,92,96,99,110,110,120,130,130,16704,0,88,86.75242035524768,5.855745999724604,149.95656900009635,15097.0
1781108340,50,,Aggregated,907.300000,0.000000,47,55,59,62,86,90,94,98,120,130,130,100111,0,47,54.168707123743545,4.076385000189475,149.95656900009635,18415.77526945091
1781108341,50,gRPC,gRPC/listar-musicas,151.400000,0.000000,45,46,47,47,50,52,56,61,65,66,66,16852,0,45,45.35889272430757,4.076385000189475,87.58088199920167,24374.0
1781108341,50,gRPC,gRPC/listar-musicas-playlist,151.300000,0.000000,45,47,49,49,51,54,58,62,67,68,68,16830,0,45,45.59486379239417,7.739625999420241,86.10768800008373,14583.0
1781108341,50,gRPC,gRPC/listar-playlists,151.300000,0.000000,58,59,60,61,64,67,73,77,83,84,84,16844,0,58,57.96041584617534,8.631744000012986,96.69334599948343,22473.0
1781108341,50,gRPC,gRPC/listar-playlists-musica,151.300000,0.000000,46,47,48,49,51,54,57,62,67,67,67,16823,0,46,45.38899476288634,5.066016999990097,86.18392899916216,16984.0
1781108341,50,gRPC,gRPC/listar-playlists-usuario,151.500000,0.000000,45,46,47,47,49,52,56,60,65,65,65,16837,0,45,43.89260901377885,8.797032999609655,87.97340499950224,16978.0
1781108341,50,gRPC,gRPC/listar-usuarios,151.300000,0.000000,88,89,91,92,95,99,110,110,120,130,130,16860,0,88,86.75172272515145,5.855745999724604,149.95656900009635,15097.0
1781108341,50,,Aggregated,908.000000,0.000000,47,55,59,62,86,90,94,98,120,130,130,101046,0,47,54.16610082869275,4.076385000189475,149.95656900009635,18415.70757872652
1781108342,50,gRPC,gRPC/listar-musicas,151.000000,0.000000,45,46,47,47,50,52,56,62,66,66,66,16999,0,45,45.37926114859896,4.076385000189475,87.58088199920167,24374.0
1781108342,50,gRPC,gRPC/listar-musicas-playlist,150.900000,0.000000,45,47,49,49,51,54,58,62,68,70,70,16976,0,45,45.61491733900736,7.739625999420241,86.10768800008373,14583.0
1781108342,50,gRPC,gRPC/listar-playlists,151.000000,0.000000,58,59,60,61,64,67,72,77,83,84,84,16990,0,58,57.98852727792696,8.631744000012986,96.69334599948343,22473.0
1781108342,50,gRPC,gRPC/listar-playlists-musica,151.100000,0.000000,46,47,48,49,51,54,58,62,67,70,70,16969,0,46,45.413164305795284,5.066016999990097,86.18392899916216,16984.0
1781108342,50,gRPC,gRPC/listar-playlists-usuario,151.000000,0.000000,45,46,47,47,49,52,56,61,65,65,65,16984,0,45,43.91276549446545,8.797032999609655,87.97340499950224,16978.0
1781108342,50,gRPC,gRPC/listar-usuarios,151.000000,0.000000,88,89,91,92,96,99,110,110,120,130,130,17006,0,88,86.7956207357438,5.855745999724604,149.95656900009635,15097.0
1781108342,50,,Aggregated,906.000000,0.000000,47,55,59,62,86,90,94,98,120,130,130,101924,0,47,54.191973391537985,4.076385000189475,149.95656900009635,18415.74441740905
1781108343,50,gRPC,gRPC/listar-musicas,151.000000,0.000000,45,46,47,47,49,52,56,62,66,66,66,17153,0,45,45.37799220428072,4.076385000189475,87.58088199920167,24374.0
1781108343,50,gRPC,gRPC/listar-musicas-playlist,151.100000,0.000000,45,47,49,49,51,54,58,62,68,70,70,17131,0,45,45.61344652285284,7.739625999420241,86.10768800008373,14583.0
1781108343,50,gRPC,gRPC/listar-playlists,151.100000,0.000000,58,59,60,61,64,67,72,77,83,84,84,17144,0,58,57.988865930294956,8.631744000012986,96.69334599948343,22473.0
1781108343,50,gRPC,gRPC/listar-playlists-musica,151.000000,0.000000,46,47,48,49,51,54,58,62,67,70,70,17124,0,46,45.41541586160014,5.066016999990097,86.18392899916216,16984.0
1781108343,50,gRPC,gRPC/listar-playlists-usuario,151.000000,0.000000,45,46,46,47,49,52,56,61,65,65,65,17137,0,45,43.91222176279364,8.797032999609655,87.97340499950224,16978.0
1781108343,50,gRPC,gRPC/listar-usuarios,151.100000,0.000000,88,89,91,92,95,99,110,110,120,130,130,17160,0,88,86.80100591696174,5.855745999724604,149.95656900009635,15097.0
1781108343,50,,Aggregated,906.300000,0.000000,47,55,59,62,86,90,94,98,120,130,130,102849,0,47,54.192615944444015,4.076385000189475,149.95656900009635,18415.699024783906
1781108344,50,gRPC,gRPC/listar-musicas,151.200000,0.000000,45,46,47,47,50,52,56,62,66,66,66,17305,0,45,45.38261070690692,4.076385000189475,87.58088199920167,24374.0
1781108344,50,gRPC,gRPC/listar-musicas-playlist,151.300000,0.000000,45,47,49,49,51,54,58,62,68,70,70,17283,0,45,45.618702089914834,7.739625999420241,86.10768800008373,14583.0
1781108344,50,gRPC,gRPC/listar-playlists,151.300000,0.000000,58,59,60,61,64,67,72,77,83,84,84,17296,0,58,57.999171937440856,8.631744000012986,96.69334599948343,22473.0
1781108344,50,gRPC,gRPC/listar-playlists-musica,151.300000,0.000000,46,47,48,49,51,54,58,62,67,70,70,17275,0,46,45.42426994280992,5.066016999990097,86.18392899916216,16984.0
1781108344,50,gRPC,gRPC/listar-playlists-usuario,151.300000,0.000000,45,46,46,47,49,52,56,61,65,65,65,17289,0,45,43.917617247787256,8.797032999609655,87.97340499950224,16978.0
1781108344,50,gRPC,gRPC/listar-usuarios,151.300000,0.000000,88,90,91,92,95,99,110,110,120,130,130,17312,0,88,86.81727565145941,5.855745999724604,149.95656900009635,15097.0
1781108344,50,,Aggregated,907.700000,0.000000,47,55,59,62,86,90,94,98,120,130,130,103760,0,47,54.20108334878683,4.076385000189475,149.95656900009635,18415.70521395528
1781108345,50,gRPC,gRPC/listar-musicas,151.100000,0.000000,45,46,47,47,50,52,56,62,66,66,66,17460,0,45,45.3780554395775,4.076385000189475,87.58088199920167,24374.0
1781108345,50,gRPC,gRPC/listar-musicas-playlist,151.000000,0.000000,45,47,49,49,51,54,58,62,68,70,70,17438,0,45,45.615814349237056,7.739625999420241,86.10768800008373,14583.0
1781108345,50,gRPC,gRPC/listar-playlists,151.100000,0.000000,58,59,60,61,63,67,72,77,83,84,84,17451,0,58,57.99853809231423,8.631744000012986,96.69334599948343,22473.0
1781108345,50,gRPC,gRPC/listar-playlists-musica,151.100000,0.000000,46,47,48,49,51,54,58,62,67,70,70,17430,0,46,45.42271638129918,5.066016999990097,86.18392899916216,16984.0
1781108345,50,gRPC,gRPC/listar-playlists-usuario,151.100000,0.000000,45,46,46,47,49,52,56,61,65,65,65,17444,0,45,43.915306583065465,8.797032999609655,87.97340499950224,16978.0
1781108345,50,gRPC,gRPC/listar-usuarios,151.100000,0.000000,88,89,91,92,95,99,110,110,120,130,130,17467,0,88,86.81642995706578,5.855745999724604,149.95656900009635,15097.0
1781108345,50,,Aggregated,906.500000,0.000000,47,55,59,62,86,90,94,98,120,130,130,104690,0,47,54.19888282994672,4.076385000189475,149.95656900009635,18415.697468717164
