Timestamp,User Count,Type,Name,Requests/s,Failures/s,50%,66%,75%,80%,90%,95%,98%,99%,99.9%,99.99%,100%,Total Request Count,Total Failure Count,Total Median Response Time,Total Average Response Time,Total Min Response Time,Total Max Response Time,Total Average Content Size
1780243936,0,,Aggregated,0.000000,0.000000,N/A,N/A,N/A,N/A,N/A,N/A,N/A,N/A,N/A,N/A,N/A,0,0,0,0.0,0,0,0
1780243937,10,POST,GraphQL/listar-musicas,0.000000,0.000000,0,0,0,0,0,0,0,0,0,0,0,60,0,18,18.884295099998855,7.746811999936654,43.92064799992568,50908.0
1780243937,10,POST,GraphQL/listar-musicas-playlist,0.000000,0.000000,0,0,0,0,0,0,0,0,0,0,0,53,0,47,46.84748996225419,43.44892100004927,67.19701199995143,327.0
1780243937,10,POST,GraphQL/listar-playlists-musica,0.000000,0.000000,0,0,0,0,0,0,0,0,0,0,0,50,0,47,47.8756946600015,43.18741700001283,79.33594899998297,538.0
1780243937,10,POST,GraphQL/listar-playlists-usuario,0.000000,0.000000,0,0,0,0,0,0,0,0,0,0,0,55,0,46,47.51008261817705,42.53001199992923,65.76288899998417,739.0
1780243937,10,POST,GraphQL/listar-usuarios,0.000000,0.000000,0,0,0,0,0,0,0,0,0,0,0,60,0,8,16.599131799993454,3.7442460001102518,111.3989570000058,22017.0
1780243937,10,,Aggregated,0.000000,0.000000,0,0,0,0,0,0,0,0,0,0,0,278,0,44,34.59986280215403,3.7442460001102518,111.3989570000058,16044.51798561151
1780243938,20,POST,GraphQL/listar-musicas,0.000000,0.000000,47,54,65,71,81,100,110,130,130,130,130,128,0,28,36.564345265624354,7.746811999936654,125.9885030000305,50908.0
1780243938,20,POST,GraphQL/listar-musicas-playlist,0.000000,0.000000,56,64,68,71,84,96,110,120,120,120,120,118,0,48,55.186987940674506,43.44892100004927,115.99365199992917,327.0
1780243938,20,POST,GraphQL/listar-playlists-musica,0.000000,0.000000,60,66,72,76,80,88,96,100,100,100,100,113,0,51,56.08490811504255,43.18741700001283,99.90398399997957,538.0
1780243938,20,POST,GraphQL/listar-playlists-usuario,0.000000,0.000000,61,67,72,78,89,100,170,180,180,180,180,125,0,53,58.922672943999714,42.53001199992923,182.83425099991746,739.0
1780243938,20,POST,GraphQL/listar-usuarios,0.000000,0.000000,26,35,43,51,140,220,270,350,350,350,350,130,0,15,34.99323260768436,3.7442460001102518,349.2737130000023,22017.0
1780243938,20,,Aggregated,0.000000,0.000000,53,62,68,71,85,110,170,220,350,350,350,614,0,47,47.9549670113978,3.7442460001102518,349.2737130000023,15586.62703583062
1780243939,30,POST,GraphQL/listar-musicas,55.000000,0.000000,61,77,91,100,130,150,200,240,240,240,240,197,0,45,55.49978767005127,7.746811999936654,236.9634109999197,50908.0
1780243939,30,POST,GraphQL/listar-musicas-playlist,50.000000,0.000000,60,68,72,83,97,130,180,190,220,220,220,182,0,53,63.13320239560432,43.44892100004927,223.96629500008203,327.0
1780243939,30,POST,GraphQL/listar-playlists-musica,47.000000,0.000000,64,68,76,80,90,150,180,180,220,220,220,178,0,55,63.65334871348266,43.18741700001283,223.1368380000731,538.0
1780243939,30,POST,GraphQL/listar-playlists-usuario,50.000000,0.000000,62,75,86,93,110,150,170,180,220,220,220,191,0,57,67.67680332460728,42.53001199992923,215.80556699996123,739.0
1780243939,30,POST,GraphQL/listar-usuarios,56.000000,0.000000,34,48,62,88,180,270,730,730,770,770,770,201,0,26,58.812681179098355,3.7442460001102518,771.5901139999914,22017.0
1780243939,30,,Aggregated,258.000000,0.000000,59,68,80,88,110,160,220,350,770,770,770,949,0,51,61.64553786090489,3.7442460001102518,771.5901139999914,15543.435194942043
1780243940,40,POST,GraphQL/listar-musicas,60.500000,0.000000,71,94,110,120,180,230,270,330,400,400,400,265,0,58,74.5156836150903,7.746811999936654,401.0752369999864,50908.0
1780243940,40,POST,GraphQL/listar-musicas-playlist,56.000000,0.000000,64,76,84,91,120,160,170,180,220,220,220,251,0,59,70.15386004382142,43.44892100004927,223.96629500008203,327.0
1780243940,40,POST,GraphQL/listar-playlists-musica,53.000000,0.000000,64,76,88,96,140,160,200,220,230,230,230,245,0,61,72.43596650612342,42.47922100000778,229.1264460000093,538.0
1780243940,40,POST,GraphQL/listar-playlists-usuario,59.000000,0.000000,67,85,98,100,140,170,180,210,250,250,250,258,0,61,74.99337884108486,42.53001199992923,253.84667000002992,739.0
1780243940,40,POST,GraphQL/listar-usuarios,62.500000,0.000000,37,55,88,110,180,360,670,730,920,920,920,274,0,32,70.94629555473998,3.7442460001102518,916.0668889999215,22017.0
1780243940,40,,Aggregated,291.000000,0.000000,63,80,93,100,150,180,250,400,770,920,920,1293,0,56,72.61381558081756,3.7442460001102518,916.0668889999215,15412.085846867749
1780243941,50,POST,GraphQL/listar-musicas,64.000000,0.000000,87,120,130,150,200,240,330,400,460,460,460,337,0,71,90.60916339465584,7.746811999936654,458.1582640000761,50908.0
1780243941,50,POST,GraphQL/listar-musicas-playlist,57.666667,0.000000,68,88,110,130,160,180,210,250,420,420,420,317,0,64,82.54806759305673,43.44892100004927,417.9136610000569,327.0
1780243941,50,POST,GraphQL/listar-playlists-musica,55.666667,0.000000,68,84,100,120,160,170,220,240,270,270,270,300,0,64,80.85405200333341,42.47922100000778,268.4658539999418,538.0
1780243941,50,POST,GraphQL/listar-playlists-usuario,60.333333,0.000000,75,100,120,140,170,180,250,280,430,430,430,327,0,67,87.88523715596358,42.53001199992923,425.43578800007253,739.0
1780243941,50,POST,GraphQL/listar-usuarios,65.333333,0.000000,50,93,120,150,270,670,880,1000,1300,1300,1300,346,0,39,107.4945368554879,3.7442460001102518,1326.5865619999886,22017.0
1780243941,50,,Aggregated,303.000000,0.000000,71,97,120,140,170,230,400,730,1300,1300,1300,1627,0,63,90.28323503011501,3.7442460001102518,1326.5865619999886,15538.162261831592
1780243942,50,POST,GraphQL/listar-musicas,64.750000,0.000000,100,120,140,150,190,230,310,350,460,460,460,404,0,87,95.90589124009583,7.746811999936654,458.1582640000761,50908.0
1780243942,50,POST,GraphQL/listar-musicas-playlist,61.500000,0.000000,84,130,150,160,170,180,210,240,420,420,420,386,0,72,95.6686735025875,43.44892100004927,417.9136610000569,327.0
1780243942,50,POST,GraphQL/listar-playlists-musica,59.500000,0.000000,83,130,150,160,170,200,220,230,270,270,270,374,0,72,96.14492335561563,42.47922100000778,268.4658539999418,538.0
1780243942,50,POST,GraphQL/listar-playlists-usuario,62.500000,0.000000,94,130,150,150,170,190,240,270,430,430,430,397,0,80,98.75814174810851,42.53001199992923,425.43578800007253,739.0
1780243942,50,POST,GraphQL/listar-usuarios,67.000000,0.000000,77,110,130,140,220,550,850,920,1300,1300,1300,420,0,55,109.28768703095045,3.7442460001102518,1326.5865619999886,22017.0
1780243942,50,,Aggregated,315.250000,0.000000,89,120,140,150,180,210,320,550,1300,1300,1300,1981,0,75,99.3135286193822,3.7442460001102518,1326.5865619999886,15363.34628975265
1780243943,50,POST,GraphQL/listar-musicas,66.000000,0.000000,110,120,140,150,180,220,280,340,460,460,460,476,0,98,100.29721419327433,7.746811999936654,458.1582640000761,50908.0
1780243943,50,POST,GraphQL/listar-musicas-playlist,60.200000,0.000000,110,150,160,160,180,200,220,220,420,420,420,453,0,88,106.42538125827633,43.44892100004927,417.9136610000569,327.0
1780243943,50,POST,GraphQL/listar-playlists-musica,59.200000,0.000000,110,150,160,160,190,220,230,240,270,270,270,446,0,90,108.58794569506779,42.47922100000778,268.4658539999418,538.0
1780243943,50,POST,GraphQL/listar-playlists-usuario,64.200000,0.000000,110,140,150,160,180,200,230,250,430,430,430,460,0,97,105.62318790869334,42.53001199992923,425.43578800007253,739.0
1780243943,50,POST,GraphQL/listar-usuarios,68.000000,0.000000,94,120,140,150,200,410,830,880,1300,1300,1300,486,0,83,112.8206437880647,3.7442460001102518,1326.5865619999886,22017.0
1780243943,50,,Aggregated,317.600000,0.000000,100,140,150,160,180,220,270,460,1000,1300,1300,2321,0,92,106.76428038129964,3.7442460001102518,1326.5865619999886,15364.277897457992
1780243944,50,POST,GraphQL/listar-musicas,66.500000,0.000000,110,130,150,160,180,220,280,340,460,460,460,548,0,100.0,105.030201286494,7.746811999936654,458.1582640000761,50908.0
1780243944,50,POST,GraphQL/listar-musicas-playlist,63.500000,0.000000,130,150,160,170,180,210,220,240,420,420,420,522,0,110.0,112.78902507279483,43.44892100004927,417.9136610000569,327.0
1780243944,50,POST,GraphQL/listar-playlists-musica,61.833333,0.000000,130,150,160,170,200,220,240,280,350,350,350,507,0,110.0,114.4367673609471,42.47922100000778,352.12927999998556,538.0
1780243944,50,POST,GraphQL/listar-playlists-usuario,65.000000,0.000000,120,150,160,170,190,210,220,250,430,430,430,540,0,110.0,113.31262001481227,42.53001199992923,425.43578800007253,739.0
1780243944,50,POST,GraphQL/listar-usuarios,67.333333,0.000000,99,130,140,160,190,360,800,880,1300,1300,1300,552,0,93,115.58359933333243,3.7442460001102518,1326.5865619999886,22017.0
1780243944,50,,Aggregated,324.166667,0.000000,110,140,160,160,190,220,280,410,1000,1300,1300,2669,0,100.0,112.19289025290226,3.7442460001102518,1326.5865619999886,15321.651554889471
1780243945,50,POST,GraphQL/listar-musicas,66.714286,0.000000,110,130,150,150,180,210,270,330,460,460,460,613,0,100.0,106.29878008319592,7.746811999936654,458.1582640000761,50908.0
1780243945,50,POST,GraphQL/listar-musicas-playlist,63.857143,0.000000,130,150,160,170,190,210,220,220,420,420,420,602,0,120.0,117.19346363787135,43.44892100004927,417.9136610000569,327.0
1780243945,50,POST,GraphQL/listar-playlists-musica,62.142857,0.000000,130,150,160,170,200,220,240,270,350,350,350,593,0,130.0,119.19235516694776,42.47922100000778,352.12927999998556,538.0
1780243945,50,POST,GraphQL/listar-playlists-usuario,64.857143,0.000000,120,150,160,170,190,210,220,250,430,430,430,609,0,120.0,116.87247279310061,42.53001199992923,425.43578800007253,739.0
1780243945,50,POST,GraphQL/listar-usuarios,67.857143,0.000000,100,130,140,160,190,320,730,880,1300,1300,1300,624,0,94,115.6920218333329,3.7442460001102518,1326.5865619999886,22017.0
1780243945,50,,Aggregated,325.428571,0.000000,120,140,160,160,190,210,270,400,1000,1300,1300,3041,0,110.0,115.01474563301392,3.7442460001102518,1326.5865619999886,15097.38605721802
1780243946,50,POST,GraphQL/listar-musicas,67.125000,0.000000,110,130,150,150,180,210,260,310,460,460,460,685,0,110.0,108.34230689488804,7.746811999936654,458.1582640000761,50908.0
1780243946,50,POST,GraphQL/listar-musicas-playlist,63.125000,0.000000,130,150,170,170,200,210,220,220,420,420,420,661,0,130.0,120.96464140241869,43.44892100004927,417.9136610000569,327.0
1780243946,50,POST,GraphQL/listar-playlists-musica,62.625000,0.000000,140,150,160,170,200,220,230,240,350,350,350,657,0,130.0,122.75254728462774,42.47922100000778,352.12927999998556,538.0
1780243946,50,POST,GraphQL/listar-playlists-usuario,65.125000,0.000000,130,150,160,170,190,210,220,240,430,430,430,673,0,120.0,120.35709031351905,42.53001199992923,425.43578800007253,739.0
1780243946,50,POST,GraphQL/listar-usuarios,68.125000,0.000000,110,130,150,160,180,270,730,870,1300,1300,1300,697,0,99,117.1836905337153,3.7442460001102518,1326.5865619999886,22017.0
1780243946,50,,Aggregated,326.125000,0.000000,120,150,160,170,190,210,250,350,920,1300,1300,3373,0,120.0,117.84698661102726,3.7442460001102518,1326.5865619999886,15204.503112955827
1780243947,50,POST,GraphQL/listar-musicas,67.333333,0.000000,120,140,150,160,180,210,260,310,460,460,460,761,0,110.0,110.91411780288887,7.746811999936654,458.1582640000761,50908.0
1780243947,50,POST,GraphQL/listar-musicas-playlist,65.777778,0.000000,140,160,170,180,210,220,230,240,420,420,420,726,0,130.0,124.93377847658229,43.44892100004927,417.9136610000569,327.0
1780243947,50,POST,GraphQL/listar-playlists-musica,63.777778,0.000000,140,160,160,180,200,220,240,240,350,350,350,717,0,140.0,125.38663263040458,42.47922100000778,352.12927999998556,538.0
1780243947,50,POST,GraphQL/listar-playlists-usuario,66.777778,0.000000,140,160,170,180,200,210,230,240,430,430,430,749,0,130.0,124.38569390119866,42.53001199992923,425.43578800007253,739.0
1780243947,50,POST,GraphQL/listar-usuarios,67.666667,0.000000,120,140,150,160,180,250,730,870,1300,1300,1300,764,0,100.0,118.16769937696219,3.7442460001102518,1326.5865619999886,22017.0
1780243947,50,,Aggregated,331.333333,0.000000,130,150,160,170,200,220,250,350,920,1300,1300,3717,0,120.0,120.64966087543547,3.7442460001102518,1326.5865619999886,15264.631423190745
1780243948,50,POST,GraphQL/listar-musicas,67.400000,0.000000,120,140,150,160,190,210,270,320,460,460,460,827,0,110.0,112.0710414715814,7.746811999936654,458.1582640000761,50908.0
1780243948,50,POST,GraphQL/listar-musicas-playlist,65.700000,0.000000,150,160,170,180,210,220,230,240,420,420,420,813,0,130.0,126.61520766543427,43.44892100004927,417.9136610000569,327.0
1780243948,50,POST,GraphQL/listar-playlists-musica,64.700000,0.000000,140,160,170,180,200,220,240,240,350,350,350,800,0,140.0,126.80697959750024,42.47922100000778,352.12927999998556,538.0
1780243948,50,POST,GraphQL/listar-playlists-usuario,66.100000,0.000000,140,160,170,180,200,210,230,240,430,430,430,817,0,130.0,125.83311172827209,42.53001199992923,425.43578800007253,739.0
1780243948,50,POST,GraphQL/listar-usuarios,68.600000,0.000000,120,140,150,160,190,220,600,870,1300,1300,1300,836,0,110.0,118.28574863636263,3.7442460001102518,1326.5865619999886,22017.0
1780243948,50,,Aggregated,332.500000,0.000000,140,150,160,170,200,220,240,320,920,1300,1300,4093,0,120.0,121.85659343977356,3.7442460001102518,1326.5865619999886,15100.694356217933
1780243949,50,POST,GraphQL/listar-musicas,69.300000,0.000000,130,150,160,160,180,200,250,290,460,460,460,897,0,120.0,114.76329787959682,7.746811999936654,458.1582640000761,50908.0
1780243949,50,POST,GraphQL/listar-musicas-playlist,66.400000,0.000000,150,170,180,190,210,220,240,240,420,420,420,871,0,130.0,128.2016316039016,43.44892100004927,417.9136610000569,327.0
1780243949,50,POST,GraphQL/listar-playlists-musica,66.300000,0.000000,150,160,180,180,210,220,240,240,350,350,350,867,0,140.0,129.1966280438293,42.47922100000778,352.12927999998556,538.0
1780243949,50,POST,GraphQL/listar-playlists-usuario,67.500000,0.000000,150,170,180,180,200,220,230,240,430,430,430,877,0,130.0,128.4164802508539,42.53001199992923,425.43578800007253,739.0
1780243949,50,POST,GraphQL/listar-usuarios,70.100000,0.000000,130,150,160,170,190,200,550,870,1300,1300,1300,908,0,110.0,120.01960454515299,3.7442460001102518,1326.5865619999886,22017.0
1780243949,50,,Aggregated,339.600000,0.000000,140,160,170,180,200,220,240,290,920,1300,1300,4420,0,120.0,124.0314094900438,3.7442460001102518,1326.5865619999886,15170.877375565611
1780243950,50,POST,GraphQL/listar-musicas,69.600000,0.000000,130,150,160,160,180,200,210,230,320,320,320,970,0,120.0,116.85715891443077,7.746811999936654,458.1582640000761,50908.0
1780243950,50,POST,GraphQL/listar-musicas-playlist,68.600000,0.000000,150,170,180,190,210,220,240,250,350,350,350,948,0,130.0,130.16545863396425,43.44892100004927,417.9136610000569,327.0
1780243950,50,POST,GraphQL/listar-playlists-musica,67.100000,0.000000,150,160,180,180,210,220,240,240,350,350,350,927,0,140.0,130.17011448759447,42.47922100000778,352.12927999998556,538.0
1780243950,50,POST,GraphQL/listar-playlists-usuario,69.400000,0.000000,160,170,180,190,210,220,240,250,260,260,260,965,0,140.0,132.3484155191697,42.53001199992923,425.43578800007253,739.0
1780243950,50,POST,GraphQL/listar-usuarios,69.500000,0.000000,130,150,160,160,190,200,210,220,400,400,400,975,0,110.0,120.77462824615203,3.7442460001102518,1326.5865619999886,22017.0
1780243950,50,,Aggregated,344.200000,0.000000,140,160,170,180,200,220,230,240,330,400,400,4785,0,130.0,125.99529332873392,3.7442460001102518,1326.5865619999886,15124.178056426332
1780243951,50,POST,GraphQL/listar-musicas,68.500000,0.000000,130,150,160,170,180,200,210,230,320,320,320,1034,0,120.0,117.59590149999792,7.746811999936654,458.1582640000761,50908.0
1780243951,50,POST,GraphQL/listar-musicas-playlist,69.400000,0.000000,150,170,180,190,210,220,240,250,350,350,350,1027,0,130.0,130.45683290749582,43.44892100004927,417.9136610000569,327.0
1780243951,50,POST,GraphQL/listar-playlists-musica,69.100000,0.000000,140,160,170,180,210,220,240,270,350,350,350,1020,0,130.0,130.29769616666687,42.47922100000778,352.12927999998556,538.0
1780243951,50,POST,GraphQL/listar-playlists-usuario,69.000000,0.000000,160,170,180,190,210,230,240,250,260,260,260,1031,0,140.0,133.42095192434388,42.53001199992923,425.43578800007253,739.0
1780243951,50,POST,GraphQL/listar-usuarios,70.200000,0.000000,130,150,160,170,190,200,210,220,400,400,400,1054,0,110.0,119.98960481878375,3.7442460001102518,1326.5865619999886,22017.0
1780243951,50,,Aggregated,346.200000,0.000000,140,160,170,180,200,220,240,250,330,400,400,5166,0,130.0,126.30720568137689,3.7442460001102518,1326.5865619999886,15000.249322493224
1780243952,50,POST,GraphQL/listar-musicas,69.300000,0.000000,140,150,160,170,190,200,210,230,320,320,320,1113,0,120.0,119.55997278256766,7.746811999936654,458.1582640000761,50908.0
1780243952,50,POST,GraphQL/listar-musicas-playlist,68.000000,0.000000,150,170,180,190,220,230,240,250,350,350,350,1083,0,140.0,131.86994892797597,43.44892100004927,417.9136610000569,327.0
1780243952,50,POST,GraphQL/listar-playlists-musica,68.200000,0.000000,140,160,180,180,210,230,250,270,350,350,350,1080,0,130.0,132.02745189166657,42.47922100000778,352.12927999998556,538.0
1780243952,50,POST,GraphQL/listar-playlists-usuario,67.800000,0.000000,160,180,190,190,220,230,240,250,270,270,270,1091,0,140.0,135.09235270210667,42.53001199992923,425.43578800007253,739.0
1780243952,50,POST,GraphQL/listar-usuarios,69.900000,0.000000,130,150,160,170,190,210,220,230,400,400,400,1120,0,110.0,120.94535640714122,3.7442460001102518,1326.5865619999886,22017.0
1780243952,50,,Aggregated,343.200000,0.000000,140,160,180,180,210,220,240,250,330,400,400,5487,0,130.0,127.81476369837652,3.7442460001102518,1326.5865619999886,15137.793694186259
1780243953,50,POST,GraphQL/listar-musicas,69.400000,0.000000,140,150,160,170,190,200,210,220,320,320,320,1183,0,120.0,120.25373677091926,7.746811999936654,458.1582640000761,50908.0
1780243953,50,POST,GraphQL/listar-musicas-playlist,70.300000,0.000000,150,160,170,180,210,230,240,250,260,260,260,1159,0,140.0,133.18334788696993,43.44892100004927,417.9136610000569,327.0
1780243953,50,POST,GraphQL/listar-playlists-musica,68.400000,0.000000,140,160,170,180,210,230,240,260,270,270,270,1138,0,140.0,133.1214063365556,42.47922100000778,352.12927999998556,538.0
1780243953,50,POST,GraphQL/listar-playlists-usuario,69.900000,0.000000,160,180,190,190,220,230,240,250,270,270,270,1170,0,140.0,136.7295302205119,42.53001199992923,425.43578800007253,739.0
1780243953,50,POST,GraphQL/listar-usuarios,68.700000,0.000000,120,150,160,170,190,200,210,220,230,230,230,1188,0,110.0,120.679994123736,3.7442460001102518,1326.5865619999886,22017.0
1780243953,50,,Aggregated,346.700000,0.000000,140,160,170,180,200,220,240,240,270,320,320,5838,0,130.0,128.71757701079008,3.7442460001102518,1326.5865619999886,15114.119047619048
1780243954,50,POST,GraphQL/listar-musicas,68.900000,0.000000,140,150,160,170,190,200,220,230,320,320,320,1237,0,120.0,121.61945265965865,7.746811999936654,458.1582640000761,50908.0
1780243954,50,POST,GraphQL/listar-musicas-playlist,69.600000,0.000000,150,160,180,190,220,230,250,260,300,300,300,1222,0,140.0,135.74147983796937,43.44892100004927,417.9136610000569,327.0
1780243954,50,POST,GraphQL/listar-playlists-musica,69.500000,0.000000,140,160,180,190,220,250,270,280,280,280,280,1209,0,140.0,136.58615174441687,42.47922100000778,352.12927999998556,538.0
1780243954,50,POST,GraphQL/listar-playlists-usuario,69.200000,0.000000,160,180,190,190,220,230,250,260,270,270,270,1232,0,140.0,138.57941711688218,42.53001199992923,425.43578800007253,739.0
1780243954,50,POST,GraphQL/listar-usuarios,70.400000,0.000000,120,150,160,170,190,210,220,220,230,230,230,1238,0,110.0,121.11407434329395,3.7442460001102518,1326.5865619999886,22017.0
1780243954,50,,Aggregated,347.600000,0.000000,140,160,180,180,210,230,250,260,280,320,320,6138,0,130.0,130.68117867155303,3.7442460001102518,1326.5865619999886,15019.66862170088
1780243955,50,POST,GraphQL/listar-musicas,69.600000,0.000000,140,160,170,180,210,240,310,320,390,390,390,1276,0,130.0,126.10212536520179,7.746811999936654,458.1582640000761,50908.0
1780243955,50,POST,GraphQL/listar-musicas-playlist,69.100000,0.000000,150,170,180,200,230,250,280,300,400,400,400,1257,0,140.0,139.14834674065145,43.44892100004927,417.9136610000569,327.0
1780243955,50,POST,GraphQL/listar-playlists-musica,69.700000,0.000000,150,170,190,200,240,260,290,370,420,420,420,1238,0,140.0,140.19037679402268,42.47922100000778,419.5588110000017,538.0
1780243955,50,POST,GraphQL/listar-playlists-usuario,69.800000,0.000000,170,180,200,210,230,260,300,340,380,380,380,1269,0,150.0,142.64814470606711,42.53001199992923,425.43578800007253,739.0
1780243955,50,POST,GraphQL/listar-usuarios,69.900000,0.000000,130,150,180,190,210,220,290,330,350,350,350,1285,0,120.0,125.4195463463016,3.7442460001102518,1326.5865619999886,22017.0
1780243955,50,,Aggregated,348.100000,0.000000,150,170,180,190,220,250,290,340,400,420,420,6325,0,130.0,134.63337280268655,3.7442460001102518,1326.5865619999886,15061.711778656127
1780243956,50,POST,GraphQL/listar-musicas,68.900000,0.000000,150,170,180,190,220,250,310,330,390,390,390,1325,0,130.0,128.69433304226183,7.746811999936654,458.1582640000761,50908.0
1780243956,50,POST,GraphQL/listar-musicas-playlist,70.300000,0.000000,160,180,200,210,230,250,280,300,400,400,400,1305,0,140.0,141.82843284367715,43.44892100004927,417.9136610000569,327.0
1780243956,50,POST,GraphQL/listar-playlists-musica,68.700000,0.000000,160,180,210,220,250,270,300,370,420,420,420,1288,0,140.0,143.67494203338535,42.47922100000778,419.5588110000017,538.0
1780243956,50,POST,GraphQL/listar-playlists-usuario,69.900000,0.000000,170,190,200,220,240,260,310,340,380,380,380,1316,0,150.0,145.0962989392093,42.53001199992923,425.43578800007253,739.0
1780243956,50,POST,GraphQL/listar-usuarios,69.000000,0.000000,130,160,180,190,210,240,290,330,350,350,350,1335,0,120.0,127.65847972883698,3.7442460001102518,1326.5865619999886,22017.0
1780243956,50,,Aggregated,346.800000,0.000000,160,180,190,210,230,260,300,340,400,420,420,6569,0,140.0,137.31621575932294,3.7442460001102518,1326.5865619999886,15061.348454863753
1780243957,50,POST,GraphQL/listar-musicas,65.900000,0.000000,160,170,190,200,230,250,310,330,390,390,390,1385,0,130.0,130.76471246209175,7.746811999936654,458.1582640000761,50908.0
1780243957,50,POST,GraphQL/listar-musicas-playlist,64.600000,0.000000,160,180,200,220,240,250,280,300,400,400,400,1358,0,140.0,143.67440559057343,43.44892100004927,417.9136610000569,327.0
1780243957,50,POST,GraphQL/listar-playlists-musica,66.000000,0.000000,160,190,220,230,260,280,300,370,420,420,420,1340,0,140.0,145.71363639925394,42.47922100000778,419.5588110000017,538.0
1780243957,50,POST,GraphQL/listar-playlists-usuario,65.000000,0.000000,180,200,210,220,240,270,310,340,380,380,380,1373,0,150.0,146.83678672104847,42.53001199992923,425.43578800007253,739.0
1780243957,50,POST,GraphQL/listar-usuarios,66.500000,0.000000,140,170,190,200,220,240,290,330,350,350,350,1388,0,120.0,128.85194620172726,3.7442460001102518,1326.5865619999886,22017.0
1780243957,50,,Aggregated,328.000000,0.000000,160,180,200,210,240,260,300,340,400,420,420,6844,0,140.0,139.0895166310626,3.7442460001102518,1326.5865619999886,15085.740648743425
1780243958,50,POST,GraphQL/listar-musicas,63.700000,0.000000,160,180,190,200,230,250,310,330,390,390,390,1439,0,130.0,132.25850817372978,7.746811999936654,458.1582640000761,50908.0
1780243958,50,POST,GraphQL/listar-musicas-playlist,62.800000,0.000000,170,190,210,220,240,260,280,300,400,400,400,1425,0,150.0,145.0886372526303,43.44892100004927,417.9136610000569,327.0
1780243958,50,POST,GraphQL/listar-playlists-musica,63.200000,0.000000,170,200,220,230,260,280,300,370,420,420,420,1408,0,140.0,147.2426820994315,42.47922100000778,419.5588110000017,538.0
1780243958,50,POST,GraphQL/listar-playlists-usuario,62.900000,0.000000,180,200,220,220,250,270,310,340,380,380,380,1438,0,150.0,148.19463795966632,42.53001199992923,425.43578800007253,739.0
1780243958,50,POST,GraphQL/listar-usuarios,63.700000,0.000000,140,180,190,200,220,240,290,330,350,350,350,1441,0,120.0,129.92301094031723,3.7442460001102518,1326.5865619999886,22017.0
1780243958,50,,Aggregated,316.300000,0.000000,170,190,200,210,240,260,300,340,400,420,420,7151,0,140.0,140.49950299174813,3.7442460001102518,1326.5865619999886,15000.597119284017
1780243959,50,POST,GraphQL/listar-musicas,61.700000,0.000000,160,180,200,210,230,250,310,330,390,390,390,1491,0,130.0,133.85267167337162,7.746811999936654,458.1582640000761,50908.0
1780243959,50,POST,GraphQL/listar-musicas-playlist,62.400000,0.000000,170,190,210,220,240,260,280,300,400,400,400,1478,0,150.0,146.7266794519609,43.44892100004927,417.9136610000569,327.0
1780243959,50,POST,GraphQL/listar-playlists-musica,62.700000,0.000000,170,210,230,240,260,280,300,370,420,420,420,1464,0,150.0,148.7302016864749,42.47922100000778,419.5588110000017,538.0
1780243959,50,POST,GraphQL/listar-playlists-usuario,63.100000,0.000000,180,210,220,220,250,270,310,340,380,380,380,1491,0,150.0,149.5549490114022,42.53001199992923,425.43578800007253,739.0
1780243959,50,POST,GraphQL/listar-usuarios,61.700000,0.000000,150,180,200,210,220,240,290,330,350,350,350,1495,0,120.0,131.19720578193784,3.7442460001102518,1326.5865619999886,22017.0
1780243959,50,,Aggregated,311.600000,0.000000,170,190,210,220,240,260,300,340,400,420,420,7419,0,140.0,141.97380139964832,3.7442460001102518,1326.5865619999886,14987.468661544683
1780243960,50,POST,GraphQL/listar-musicas,60.700000,0.000000,170,190,210,220,260,330,440,520,670,670,670,1540,0,140.0,139.5479028168812,7.746811999936654,674.233361000006,50908.0
1780243960,50,POST,GraphQL/listar-musicas-playlist,59.300000,0.000000,170,200,210,230,250,270,290,310,400,400,400,1524,0,150.0,146.51984421259732,43.44892100004927,417.9136610000569,327.0
1780243960,50,POST,GraphQL/listar-playlists-musica,61.200000,0.000000,180,210,230,240,260,280,360,390,420,420,420,1512,0,150.0,148.7143472347883,42.47922100000778,424.21478500000376,538.0
1780243960,50,POST,GraphQL/listar-playlists-usuario,59.500000,0.000000,180,210,220,230,250,280,340,370,450,450,450,1534,0,150.0,150.05179483116072,42.53001199992923,451.1082760000136,739.0
1780243960,50,POST,GraphQL/listar-usuarios,61.400000,0.000000,150,190,200,210,240,290,370,390,700,700,700,1553,0,120.0,133.81038305988235,3.7442460001102518,1326.5865619999886,22017.0
1780243960,50,,Aggregated,302.100000,0.000000,170,200,210,220,250,280,360,400,670,700,700,7663,0,140.0,143.6830332898331,3.7442460001102518,1326.5865619999886,15011.89494975858
1780243961,50,POST,GraphQL/listar-musicas,59.900000,0.000000,180,200,220,240,300,380,500,600,1100,1100,1100,1598,0,140.0,143.69188823153752,7.746811999936654,1112.0331089999809,50908.0
1780243961,50,POST,GraphQL/listar-musicas-playlist,57.900000,0.000000,180,210,220,230,260,280,320,400,610,610,610,1577,0,150.0,147.79767910906688,43.44892100004927,607.8428800000211,327.0
1780243961,50,POST,GraphQL/listar-playlists-musica,58.300000,0.000000,190,220,230,240,270,290,370,400,420,420,420,1565,0,150.0,149.98490405047883,42.47922100000778,424.21478500000376,538.0
1780243961,50,POST,GraphQL/listar-playlists-usuario,59.000000,0.000000,190,210,220,230,260,290,350,370,750,750,750,1587,0,150.0,151.18816630623834,42.53001199992923,750.1540990000422,739.0
1780243961,50,POST,GraphQL/listar-usuarios,59.100000,0.000000,160,190,200,210,240,320,370,410,700,700,700,1606,0,120.0,134.71463208717125,3.7442460001102518,1326.5865619999886,22017.0
1780243961,50,,Aggregated,294.200000,0.000000,180,210,220,230,260,300,380,420,700,1100,1100,7933,0,140.0,145.43177502180635,3.7442460001102518,1326.5865619999886,15030.975419135259
1780243962,50,POST,GraphQL/listar-musicas,57.000000,0.000000,180,200,220,240,300,380,500,620,1100,1100,1100,1655,0,140.0,144.43454642537588,7.746811999936654,1112.0331089999809,50908.0
1780243962,50,POST,GraphQL/listar-musicas-playlist,57.200000,0.000000,190,210,220,230,260,280,320,400,610,610,610,1630,0,150.0,149.36917252269834,43.44892100004927,607.8428800000211,327.0
1780243962,50,POST,GraphQL/listar-playlists-musica,57.300000,0.000000,190,210,230,240,270,290,370,400,420,420,420,1616,0,150.0,151.4782476095293,42.47922100000778,424.21478500000376,538.0
1780243962,50,POST,GraphQL/listar-playlists-usuario,57.800000,0.000000,190,210,220,230,260,290,350,380,750,750,750,1641,0,160.0,152.44829015600297,42.53001199992923,750.1540990000422,739.0
1780243962,50,POST,GraphQL/listar-usuarios,57.200000,0.000000,170,190,210,220,240,320,370,410,700,700,700,1659,0,130.0,135.6352919855316,3.7442460001102518,1326.5865619999886,22017.0
1780243962,50,,Aggregated,286.500000,0.000000,190,210,220,230,260,300,380,420,700,1100,1100,8201,0,140.0,146.6267976140703,3.7442460001102518,1326.5865619999886,15046.221192537496
1780243963,50,POST,GraphQL/listar-musicas,55.600000,0.000000,180,200,220,240,300,380,500,620,1100,1100,1100,1709,0,140.0,144.61094311000457,7.746811999936654,1112.0331089999809,50908.0
1780243963,50,POST,GraphQL/listar-musicas-playlist,55.500000,0.000000,200,210,230,230,260,280,320,400,610,610,610,1691,0,150.0,150.93997595623816,43.44892100004927,607.8428800000211,327.0
1780243963,50,POST,GraphQL/listar-playlists-musica,56.900000,0.000000,200,220,230,240,270,290,370,400,420,420,420,1680,0,150.0,153.61273103690453,42.47922100000778,424.21478500000376,538.0
1780243963,50,POST,GraphQL/listar-playlists-usuario,54.700000,0.000000,190,210,220,230,260,290,350,380,750,750,750,1706,0,160.0,153.22348552930896,42.53001199992923,750.1540990000422,739.0
1780243963,50,POST,GraphQL/listar-usuarios,56.100000,0.000000,170,190,210,220,240,320,370,410,700,700,700,1717,0,130.0,136.48295990331818,3.7442460001102518,1326.5865619999886,22017.0
1780243963,50,,Aggregated,278.800000,0.000000,190,210,220,230,260,310,380,420,700,1100,1100,8503,0,150.0,147.7348580178753,3.7442460001102518,1326.5865619999886,14997.352934258497
1780243964,50,POST,GraphQL/listar-musicas,54.400000,0.000000,170,190,210,220,260,370,500,600,1100,1100,1100,1770,0,140.0,144.33803069547858,7.746811999936654,1112.0331089999809,50908.0
1780243964,50,POST,GraphQL/listar-musicas-playlist,53.800000,0.000000,190,210,220,230,240,260,280,320,610,610,610,1753,0,160.0,152.13181065829906,43.44892100004927,607.8428800000211,327.0
1780243964,50,POST,GraphQL/listar-playlists-musica,54.000000,0.000000,190,210,220,230,250,270,300,330,420,420,420,1742,0,150.0,154.81007074913867,42.47922100000778,424.21478500000376,538.0
1780243964,50,POST,GraphQL/listar-playlists-usuario,54.300000,0.000000,190,210,220,220,250,270,300,360,750,750,750,1761,0,160.0,153.40083417774062,42.53001199992923,750.1540990000422,739.0
1780243964,50,POST,GraphQL/listar-usuarios,53.300000,0.000000,160,180,190,210,230,260,370,400,700,700,700,1783,0,130.0,136.92210373247175,3.7442460001102518,1326.5865619999886,22017.0
1780243964,50,,Aggregated,269.800000,0.000000,180,200,210,220,250,270,370,410,700,1100,1100,8809,0,150.0,148.27057572959382,3.7442460001102518,1326.5865619999886,15004.572255647634
1780243965,50,POST,GraphQL/listar-musicas,52.600000,0.000000,160,180,200,210,250,370,500,600,1100,1100,1100,1836,0,140.0,143.89631747603354,7.746811999936654,1112.0331089999809,50908.0
1780243965,50,POST,GraphQL/listar-musicas-playlist,52.800000,0.000000,190,200,210,220,230,260,270,320,610,610,610,1819,0,160.0,153.0684413705322,43.44892100004927,607.8428800000211,327.0
1780243965,50,POST,GraphQL/listar-playlists-musica,52.600000,0.000000,190,200,210,220,240,260,300,330,420,420,420,1808,0,160.0,155.89315897842923,42.47922100000778,424.21478500000376,538.0
1780243965,50,POST,GraphQL/listar-playlists-usuario,52.800000,0.000000,180,200,210,210,240,250,300,360,750,750,750,1831,0,160.0,153.39801168760295,42.53001199992923,750.1540990000422,739.0
1780243965,50,POST,GraphQL/listar-usuarios,52.100000,0.000000,160,170,190,190,220,240,370,400,700,700,700,1845,0,130.0,137.04655245582506,3.7442460001102518,1326.5865619999886,22017.0
1780243965,50,,Aggregated,262.900000,0.000000,180,190,200,210,230,260,370,410,700,1100,1100,9139,0,150.0,148.61610831086466,3.7442460001102518,1326.5865619999886,14991.692635955795
1780243966,50,POST,GraphQL/listar-musicas,52.000000,0.000000,160,180,190,200,240,370,500,600,1100,1100,1100,1903,0,140.0,143.00981236573722,7.746811999936654,1112.0331089999809,50908.0
1780243966,50,POST,GraphQL/listar-musicas-playlist,52.400000,0.000000,180,190,200,210,230,250,270,320,610,610,610,1884,0,160.0,153.67069131900055,43.44892100004927,607.8428800000211,327.0
1780243966,50,POST,GraphQL/listar-playlists-musica,53.000000,0.000000,190,200,210,210,230,250,280,330,420,420,420,1869,0,160.0,156.57177797699322,42.47922100000778,424.21478500000376,538.0
1780243966,50,POST,GraphQL/listar-playlists-usuario,51.700000,0.000000,170,190,200,210,230,240,290,360,750,750,750,1895,0,160.0,153.11578795197946,42.53001199992923,750.1540990000422,739.0
1780243966,50,POST,GraphQL/listar-usuarios,52.300000,0.000000,150,170,180,190,210,240,370,400,700,700,700,1910,0,130.0,136.9385002628259,3.7442460001102518,1326.5865619999886,22017.0
1780243966,50,,Aggregated,261.400000,0.000000,170,190,200,210,230,260,370,410,700,1100,1100,9461,0,150.0,148.61038601490247,3.7442460001102518,1326.5865619999886,15003.951907832154
1780243967,50,POST,GraphQL/listar-musicas,54.500000,0.000000,150,170,180,190,240,370,500,600,1100,1100,1100,1971,0,140.0,142.3074627838651,7.746811999936654,1112.0331089999809,50908.0
1780243967,50,POST,GraphQL/listar-musicas-playlist,54.700000,0.000000,180,190,200,200,220,250,270,320,610,610,610,1945,0,160.0,154.21845966426588,43.44892100004927,607.8428800000211,327.0
1780243967,50,POST,GraphQL/listar-playlists-musica,54.500000,0.000000,190,200,210,210,220,240,280,330,420,420,420,1938,0,160.0,157.4260153704852,42.47922100000778,424.21478500000376,538.0
1780243967,50,POST,GraphQL/listar-playlists-usuario,54.400000,0.000000,160,180,190,200,220,240,290,360,750,750,750,1963,0,160.0,152.89142707794235,42.53001199992923,750.1540990000422,739.0
1780243967,50,POST,GraphQL/listar-usuarios,54.500000,0.000000,150,160,170,180,210,240,370,400,700,700,700,1983,0,130.0,136.61119343116383,3.7442460001102518,1326.5865619999886,22017.0
1780243967,50,,Aggregated,272.600000,0.000000,170,180,190,200,220,250,360,410,700,1100,1100,9800,0,150.0,148.62861213367265,3.7442460001102518,1326.5865619999886,15013.132142857143
1780243968,50,POST,GraphQL/listar-musicas,56.400000,0.000000,140,160,170,180,220,350,500,600,1100,1100,1100,2042,0,140.0,141.4651362037209,7.746811999936654,1112.0331089999809,50908.0
1780243968,50,POST,GraphQL/listar-musicas-playlist,57.300000,0.000000,180,190,200,200,220,240,270,320,610,610,610,2022,0,160.0,154.39029164441013,43.44892100004927,607.8428800000211,327.0
1780243968,50,POST,GraphQL/listar-playlists-musica,56.600000,0.000000,190,200,200,210,220,230,280,330,420,420,420,2014,0,160.0,157.88739222393278,42.47922100000778,424.21478500000376,538.0
1780243968,50,POST,GraphQL/listar-playlists-usuario,57.900000,0.000000,160,170,190,190,210,230,290,360,750,750,750,2037,0,150.0,152.6433369769272,42.53001199992923,750.1540990000422,739.0
1780243968,50,POST,GraphQL/listar-usuarios,56.100000,0.000000,140,160,160,170,190,220,370,400,700,700,700,2046,0,130.0,136.0778765146619,3.7442460001102518,1326.5865619999886,22017.0
1780243968,50,,Aggregated,284.300000,0.000000,160,180,190,200,210,240,350,410,700,1100,1100,10161,0,150.0,148.4483809214634,3.7442460001102518,1326.5865619999886,14983.858576911722
1780243969,50,POST,GraphQL/listar-musicas,58.000000,0.000000,140,150,160,170,190,260,410,530,1100,1100,1100,2109,0,140.0,141.2100365779981,7.746811999936654,1112.0331089999809,50908.0
1780243969,50,POST,GraphQL/listar-musicas-playlist,58.100000,0.000000,180,190,190,200,210,230,260,280,610,610,610,2091,0,160.0,154.8111263505489,43.44892100004927,607.8428800000211,327.0
1780243969,50,POST,GraphQL/listar-playlists-musica,57.400000,0.000000,190,200,200,200,220,230,240,280,410,410,410,2074,0,160.0,158.33503436499552,42.47922100000778,424.21478500000376,538.0
1780243969,50,POST,GraphQL/listar-playlists-usuario,57.900000,0.000000,160,170,180,190,210,220,250,320,750,750,750,2097,0,150.0,152.59148075393475,42.53001199992923,750.1540990000422,739.0
1780243969,50,POST,GraphQL/listar-usuarios,57.300000,0.000000,140,150,160,160,180,190,220,310,640,640,640,2117,0,130.0,135.347545863013,3.7442460001102518,1326.5865619999886,22017.0
1780243969,50,,Aggregated,288.700000,0.000000,160,180,190,190,210,220,280,370,700,1100,1100,10488,0,150.0,148.4004560781837,3.7442460001102518,1326.5865619999886,15000.401697177727
1780243970,50,POST,GraphQL/listar-musicas,59.000000,0.000000,140,150,160,160,180,180,200,210,220,220,220,2175,0,140.0,140.86487128413702,7.746811999936654,1112.0331089999809,50908.0
1780243970,50,POST,GraphQL/listar-musicas-playlist,59.800000,0.000000,180,190,190,200,210,220,230,240,260,260,260,2152,0,160.0,155.07912834851203,43.44892100004927,607.8428800000211,327.0
1780243970,50,POST,GraphQL/listar-playlists-musica,58.400000,0.000000,190,200,200,200,210,220,240,240,320,320,320,2146,0,160.0,159.08908181314087,42.47922100000778,424.21478500000376,538.0
1780243970,50,POST,GraphQL/listar-playlists-usuario,58.800000,0.000000,160,170,180,190,200,210,220,230,290,290,290,2170,0,150.0,152.39076258525373,42.53001199992923,750.1540990000422,739.0
1780243970,50,POST,GraphQL/listar-usuarios,58.600000,0.000000,140,150,160,160,170,180,200,210,310,310,310,2191,0,130.0,134.68931962026437,3.7442460001102518,1326.5865619999886,22017.0
1780243970,50,,Aggregated,294.600000,0.000000,160,180,190,190,200,210,220,230,290,320,320,10834,0,150.0,148.3578367101709,3.7442460001102518,1326.5865619999886,14992.249307734908
1780243971,50,POST,GraphQL/listar-musicas,60.200000,0.000000,130,150,150,160,170,180,190,200,220,220,220,2250,0,140.0,140.27615872755493,7.746811999936654,1112.0331089999809,50908.0
1780243971,50,POST,GraphQL/listar-musicas-playlist,61.700000,0.000000,170,180,190,190,200,210,220,230,240,240,240,2227,0,160.0,155.0806993138743,43.44892100004927,607.8428800000211,327.0
1780243971,50,POST,GraphQL/listar-playlists-musica,60.500000,0.000000,190,200,200,200,210,220,230,240,250,250,250,2221,0,160.0,159.75219111841554,42.47922100000778,424.21478500000376,538.0
1780243971,50,POST,GraphQL/listar-playlists-usuario,61.100000,0.000000,150,170,170,180,190,200,210,220,240,240,240,2245,0,150.0,152.08842140489992,42.53001199992923,750.1540990000422,739.0
1780243971,50,POST,GraphQL/listar-usuarios,60.200000,0.000000,130,150,150,160,170,180,190,200,210,210,210,2253,0,130.0,134.01739099600505,3.7442460001102518,1326.5865619999886,22017.0
1780243971,50,,Aggregated,303.700000,0.000000,150,170,180,190,200,210,220,230,240,250,250,11196,0,150.0,148.19358511530834,3.7442460001102518,1326.5865619999886,14981.197123972848
1780243972,50,POST,GraphQL/listar-musicas,62.600000,0.000000,130,150,150,160,170,180,180,190,200,200,200,2320,0,140.0,140.06913788491326,7.746811999936654,1112.0331089999809,50908.0
1780243972,50,POST,GraphQL/listar-musicas-playlist,62.600000,0.000000,170,180,190,190,200,200,210,220,240,240,240,2299,0,160.0,155.03806044367042,43.44892100004927,607.8428800000211,327.0
1780243972,50,POST,GraphQL/listar-playlists-musica,62.500000,0.000000,190,200,200,200,210,220,220,230,250,250,250,2279,0,160.0,160.12298592496742,42.47922100000778,424.21478500000376,538.0
1780243972,50,POST,GraphQL/listar-playlists-usuario,63.500000,0.000000,150,160,170,180,190,200,210,210,220,220,220,2302,0,150.0,151.98683857645543,42.53001199992923,750.1540990000422,739.0
1780243972,50,POST,GraphQL/listar-usuarios,61.200000,0.000000,130,140,150,150,160,170,180,190,210,210,210,2327,0,130.0,133.3134724297374,3.7442460001102518,1326.5865619999886,22017.0
1780243972,50,,Aggregated,312.400000,0.000000,150,170,180,180,200,200,210,220,230,250,250,11527,0,150.0,148.0356847855461,3.7442460001102518,1326.5865619999886,15009.90474538041
1780243973,50,POST,GraphQL/listar-musicas,63.900000,0.000000,130,140,150,160,160,170,180,180,200,200,200,2386,0,140.0,139.61925486420736,7.746811999936654,1112.0331089999809,50908.0
1780243973,50,POST,GraphQL/listar-musicas-playlist,63.700000,0.000000,160,180,180,190,200,200,210,210,220,220,220,2369,0,160.0,155.14605124229556,43.44892100004927,607.8428800000211,327.0
1780243973,50,POST,GraphQL/listar-playlists-musica,62.800000,0.000000,190,200,200,200,210,210,220,220,250,250,250,2354,0,160.0,160.98293038402778,42.47922100000778,424.21478500000376,538.0
1780243973,50,POST,GraphQL/listar-playlists-usuario,63.400000,0.000000,150,160,170,170,190,200,210,210,220,220,220,2377,0,150.0,151.867998724022,42.53001199992923,750.1540990000422,739.0
1780243973,50,POST,GraphQL/listar-usuarios,63.700000,0.000000,120,140,150,150,160,170,180,180,200,200,200,2401,0,130.0,132.54479290170724,3.7442460001102518,1326.5865619999886,22017.0
1780243973,50,,Aggregated,317.500000,0.000000,150,160,170,180,200,200,210,220,220,250,250,11887,0,150.0,147.9647208166056,3.7442460001102518,1326.5865619999886,14985.027593169008
1780243974,50,POST,GraphQL/listar-musicas,65.200000,0.000000,130,140,150,160,160,170,180,190,200,200,200,2458,0,140.0,139.20571794182197,7.746811999936654,1112.0331089999809,50908.0
1780243974,50,POST,GraphQL/listar-musicas-playlist,65.400000,0.000000,160,170,180,190,200,200,210,210,210,210,210,2435,0,160.0,155.35506982505055,43.44892100004927,607.8428800000211,327.0
1780243974,50,POST,GraphQL/listar-playlists-musica,64.600000,0.000000,190,200,200,200,210,210,220,220,250,250,250,2426,0,170.0,161.58447843652144,42.47922100000778,424.21478500000376,538.0
1780243974,50,POST,GraphQL/listar-playlists-usuario,65.200000,0.000000,140,160,170,170,190,200,210,210,220,220,220,2451,0,150.0,151.68563370787453,42.53001199992923,750.1540990000422,739.0
1780243974,50,POST,GraphQL/listar-usuarios,65.500000,0.000000,110,130,140,150,160,170,180,180,200,200,200,2463,0,130.0,132.08229287170096,3.7442460001102518,1326.5865619999886,22017.0
1780243974,50,,Aggregated,325.900000,0.000000,150,160,170,180,200,200,210,220,220,250,250,12233,0,150.0,147.9245785966638,3.7442460001102518,1326.5865619999886,14981.80797841903
1780243975,50,POST,GraphQL/listar-musicas,66.600000,0.000000,130,140,150,160,160,170,180,190,200,200,200,2527,0,140.0,138.79356905223526,7.746811999936654,1112.0331089999809,50908.0
1780243975,50,POST,GraphQL/listar-musicas-playlist,66.400000,0.000000,160,170,180,190,200,200,210,210,210,210,210,2505,0,160.0,155.59111459241453,43.44892100004927,607.8428800000211,327.0
1780243975,50,POST,GraphQL/listar-playlists-musica,66.600000,0.000000,190,200,200,200,210,210,220,220,250,250,250,2489,0,170.0,161.86959190156728,42.47922100000778,424.21478500000376,538.0
1780243975,50,POST,GraphQL/listar-playlists-usuario,67.100000,0.000000,140,160,170,170,190,200,210,210,220,220,220,2511,0,150.0,151.50802849502213,42.53001199992923,750.1540990000422,739.0
1780243975,50,POST,GraphQL/listar-usuarios,66.700000,0.000000,110,130,140,150,160,170,180,180,200,200,200,2535,0,130.0,131.94529683589718,3.7442460001102518,1326.5865619999886,22017.0
1780243975,50,,Aggregated,333.400000,0.000000,150,160,170,180,200,200,210,220,220,250,250,12567,0,150.0,147.87128927524395,3.7442460001102518,1326.5865619999886,14997.330866555263
1780243976,50,POST,GraphQL/listar-musicas,67.900000,0.000000,130,140,150,160,160,170,180,190,200,200,200,2595,0,140.0,138.42951582273548,7.746811999936654,1112.0331089999809,50908.0
1780243976,50,POST,GraphQL/listar-musicas-playlist,66.900000,0.000000,160,170,180,180,200,200,210,210,210,210,210,2576,0,160.0,155.86495193400592,43.44892100004927,607.8428800000211,327.0
1780243976,50,POST,GraphQL/listar-playlists-musica,66.800000,0.000000,180,190,200,200,210,210,220,220,250,250,250,2562,0,170.0,162.08501259875135,42.47922100000778,424.21478500000376,538.0
1780243976,50,POST,GraphQL/listar-playlists-usuario,67.000000,0.000000,140,160,170,170,190,200,210,210,220,220,220,2582,0,150.0,151.5447802846629,42.53001199992923,750.1540990000422,739.0
1780243976,50,POST,GraphQL/listar-usuarios,67.000000,0.000000,110,130,140,150,160,170,180,180,200,200,200,2608,0,130.0,131.55582482822024,3.7442460001102518,1326.5865619999886,22017.0
1780243976,50,,Aggregated,335.600000,0.000000,150,160,170,180,200,200,210,220,220,250,250,12923,0,150.0,147.82795990613556,3.7442460001102518,1326.5865619999886,14985.328638860945
1780243977,50,POST,GraphQL/listar-musicas,67.800000,0.000000,130,140,150,160,160,170,180,190,200,200,200,2665,0,140.0,137.94120992908057,7.746811999936654,1112.0331089999809,50908.0
1780243977,50,POST,GraphQL/listar-musicas-playlist,68.900000,0.000000,160,170,180,180,200,200,210,210,210,210,210,2644,0,160.0,155.92732347730674,43.44892100004927,607.8428800000211,327.0
1780243977,50,POST,GraphQL/listar-playlists-musica,68.000000,0.000000,180,190,200,200,210,210,220,220,250,250,250,2636,0,170.0,162.14731852352088,42.47922100000778,424.21478500000376,538.0
1780243977,50,POST,GraphQL/listar-playlists-usuario,68.400000,0.000000,140,160,170,180,190,200,210,210,230,230,230,2660,0,150.0,151.33519002030033,42.53001199992923,750.1540990000422,739.0
1780243977,50,POST,GraphQL/listar-usuarios,68.400000,0.000000,110,130,140,150,160,170,170,180,200,200,200,2679,0,130.0,131.06402036580747,3.7442460001102518,1326.5865619999886,22017.0
1780243977,50,,Aggregated,341.500000,0.000000,150,160,170,180,200,200,210,220,230,250,250,13284,0,150.0,147.6195133526791,3.7442460001102518,1326.5865619999886,14973.039671785607
1780243978,50,POST,GraphQL/listar-musicas,68.600000,0.000000,130,140,150,160,160,170,180,180,200,200,200,2734,0,140.0,137.67167626883693,7.746811999936654,1112.0331089999809,50908.0
1780243978,50,POST,GraphQL/listar-musicas-playlist,68.000000,0.000000,160,170,180,180,200,200,210,210,220,220,220,2715,0,160.0,155.9881472821362,43.44892100004927,607.8428800000211,327.0
1780243978,50,POST,GraphQL/listar-playlists-musica,68.400000,0.000000,180,190,200,200,210,210,220,220,230,230,230,2710,0,170.0,162.51394985276787,42.47922100000778,424.21478500000376,538.0
1780243978,50,POST,GraphQL/listar-playlists-usuario,68.400000,0.000000,150,160,170,180,190,200,210,210,230,230,230,2723,0,150.0,151.3559063088501,42.53001199992923,750.1540990000422,739.0
1780243978,50,POST,GraphQL/listar-usuarios,68.000000,0.000000,120,130,140,150,160,170,170,180,190,190,190,2745,0,130.0,131.0315299198535,3.7442460001102518,1326.5865619999886,22017.0
1780243978,50,,Aggregated,341.400000,0.000000,150,160,170,180,200,200,210,220,230,230,230,13627,0,150.0,147.65822773904677,3.7442460001102518,1326.5865619999886,14968.607837381669
1780243979,50,POST,GraphQL/listar-musicas,68.600000,0.000000,130,140,150,150,160,170,180,190,200,200,200,2800,0,140.0,137.5898159192857,7.746811999936654,1112.0331089999809,50908.0
1780243979,50,POST,GraphQL/listar-musicas-playlist,69.000000,0.000000,160,170,180,180,200,200,210,220,230,230,230,2782,0,160.0,156.26785709633336,43.44892100004927,607.8428800000211,327.0
1780243979,50,POST,GraphQL/listar-playlists-musica,68.400000,0.000000,180,190,200,200,210,220,220,220,230,230,230,2769,0,170.0,162.77288613506707,42.47922100000778,424.21478500000376,538.0
1780243979,50,POST,GraphQL/listar-playlists-usuario,68.000000,0.000000,150,160,170,180,190,200,210,210,230,230,230,2791,0,150.0,151.39154655213156,42.53001199992923,750.1540990000422,739.0
1780243979,50,POST,GraphQL/listar-usuarios,69.200000,0.000000,120,130,140,150,160,170,170,180,190,190,190,2814,0,130.0,130.99201370255798,3.7442460001102518,1326.5865619999886,22017.0
1780243979,50,,Aggregated,343.200000,0.000000,150,160,170,180,190,200,210,220,230,230,230,13956,0,150.0,147.73947533032322,3.7442460001102518,1326.5865619999886,14972.78754657495
1780243980,50,POST,GraphQL/listar-musicas,68.200000,0.000000,130,140,150,160,170,180,190,190,200,200,200,2869,0,140.0,137.6213830066225,7.746811999936654,1112.0331089999809,50908.0
1780243980,50,POST,GraphQL/listar-musicas-playlist,68.900000,0.000000,160,170,180,190,200,200,210,220,250,250,250,2843,0,160.0,156.66915930073841,43.44892100004927,607.8428800000211,327.0
1780243980,50,POST,GraphQL/listar-playlists-musica,69.200000,0.000000,180,200,200,200,210,220,220,230,260,260,260,2835,0,170.0,163.4466047273371,42.47922100000778,424.21478500000376,538.0
1780243980,50,POST,GraphQL/listar-playlists-usuario,69.200000,0.000000,150,170,170,180,190,200,210,220,230,230,230,2853,0,150.0,151.75159804731828,42.53001199992923,750.1540990000422,739.0
1780243980,50,POST,GraphQL/listar-usuarios,69.000000,0.000000,120,140,140,150,160,170,180,180,210,210,210,2873,0,130.0,130.94592484476075,3.7442460001102518,1326.5865619999886,22017.0
1780243980,50,,Aggregated,344.500000,0.000000,150,160,180,180,200,200,220,220,250,260,260,14273,0,150.0,148.02580000336206,3.7442460001102518,1326.5865619999886,14984.45673649548
1780243981,50,POST,GraphQL/listar-musicas,68.800000,0.000000,130,140,150,150,170,170,190,190,200,200,200,2936,0,130.0,137.14279548024518,7.746811999936654,1112.0331089999809,50908.0
1780243981,50,POST,GraphQL/listar-musicas-playlist,68.200000,0.000000,160,180,180,190,200,200,210,220,250,250,250,2919,0,160.0,156.6360316163067,43.44892100004927,607.8428800000211,327.0
1780243981,50,POST,GraphQL/listar-playlists-musica,68.700000,0.000000,180,190,200,200,210,220,220,230,260,260,260,2900,0,170.0,163.48800658448283,42.47922100000778,424.21478500000376,538.0
1780243981,50,POST,GraphQL/listar-playlists-usuario,68.700000,0.000000,150,160,170,180,190,200,210,220,230,230,230,2925,0,150.0,151.4823618229055,42.53001199992923,750.1540990000422,739.0
1780243981,50,POST,GraphQL/listar-usuarios,67.800000,0.000000,120,140,140,150,160,170,180,180,210,210,210,2942,0,130.0,130.6887758436431,3.7442460001102518,1326.5865619999886,22017.0
1780243981,50,,Aggregated,342.200000,0.000000,150,160,180,180,200,200,220,220,250,260,260,14622,0,150.0,147.82925248098644,3.7442460001102518,1326.5865619999886,14971.699493913282
1780243982,50,POST,GraphQL/listar-musicas,68.300000,0.000000,130,140,150,150,160,170,190,190,200,200,200,3000,0,130.0,136.71086953300008,7.746811999936654,1112.0331089999809,50908.0
1780243982,50,POST,GraphQL/listar-musicas-playlist,69.000000,0.000000,160,180,180,190,200,200,210,220,250,250,250,2986,0,160.0,156.79866653583352,43.44892100004927,607.8428800000211,327.0
1780243982,50,POST,GraphQL/listar-playlists-musica,67.800000,0.000000,180,190,200,200,210,210,220,230,260,260,260,2976,0,170.0,163.58122667607523,42.47922100000778,424.21478500000376,538.0
1780243982,50,POST,GraphQL/listar-playlists-usuario,67.800000,0.000000,150,160,170,180,190,200,210,220,230,230,230,2994,0,150.0,151.3122879175015,42.53001199992923,750.1540990000422,739.0
1780243982,50,POST,GraphQL/listar-usuarios,68.500000,0.000000,130,140,150,150,160,170,180,180,210,210,210,3020,0,130.0,130.6649771807939,3.7442460001102518,1326.5865619999886,22017.0
1780243982,50,,Aggregated,341.400000,0.000000,150,160,170,180,190,200,210,220,250,260,260,14976,0,150.0,147.75563425307044,3.7442460001102518,1326.5865619999886,14957.626602564103
1780243983,50,POST,GraphQL/listar-musicas,67.900000,0.000000,130,140,150,150,170,170,190,190,200,200,200,3076,0,130.0,136.5302397815344,7.746811999936654,1112.0331089999809,50908.0
1780243983,50,POST,GraphQL/listar-musicas-playlist,67.700000,0.000000,160,180,180,190,200,200,220,220,250,250,250,3050,0,160.0,156.9666673085241,43.44892100004927,607.8428800000211,327.0
1780243983,50,POST,GraphQL/listar-playlists-musica,69.100000,0.000000,180,190,200,200,210,220,230,230,260,260,260,3043,0,170.0,163.87338629510347,42.47922100000778,424.21478500000376,538.0
1780243983,50,POST,GraphQL/listar-playlists-usuario,68.500000,0.000000,150,160,170,180,190,200,220,220,230,230,230,3066,0,150.0,151.41112120971928,42.53001199992923,750.1540990000422,739.0
1780243983,50,POST,GraphQL/listar-usuarios,67.600000,0.000000,130,140,150,150,160,170,180,190,210,210,210,3082,0,130.0,130.4292724003886,3.7442460001102518,1326.5865619999886,22017.0
1780243983,50,,Aggregated,340.800000,0.000000,150,160,170,180,190,200,220,220,250,260,260,15317,0,150.0,147.7829589685959,3.7442460001102518,1326.5865619999886,14973.536593327675
1780243984,50,POST,GraphQL/listar-musicas,68.300000,0.000000,130,140,150,160,170,180,190,190,210,210,210,3137,0,130.0,136.4897376646476,7.746811999936654,1112.0331089999809,50908.0
1780243984,50,POST,GraphQL/listar-musicas-playlist,67.000000,0.000000,160,180,180,190,200,210,220,230,250,250,250,3122,0,160.0,157.1750679570783,43.44892100004927,607.8428800000211,327.0
1780243984,50,POST,GraphQL/listar-playlists-musica,67.500000,0.000000,180,190,200,200,220,220,240,240,260,260,260,3102,0,170.0,164.41810925048358,42.47922100000778,424.21478500000376,538.0
1780243984,50,POST,GraphQL/listar-playlists-usuario,67.300000,0.000000,150,170,170,180,190,200,220,230,250,250,250,3133,0,150.0,151.63015183051365,42.53001199992923,750.1540990000422,739.0
1780243984,50,POST,GraphQL/listar-usuarios,67.400000,0.000000,130,140,140,150,160,180,180,190,220,220,220,3148,0,130.0,130.28367229574252,3.7442460001102518,1326.5865619999886,22017.0
1780243984,50,,Aggregated,337.500000,0.000000,150,170,170,180,200,210,220,230,250,260,260,15642,0,150.0,147.94042387053992,3.7442460001102518,1326.5865619999886,14960.552934407366
1780243985,50,POST,GraphQL/listar-musicas,67.800000,0.000000,130,140,150,160,170,180,190,200,210,210,210,3204,0,130.0,136.46227383083652,7.746811999936654,1112.0331089999809,50908.0
1780243985,50,POST,GraphQL/listar-musicas-playlist,68.600000,0.000000,160,180,180,190,200,210,220,230,250,250,250,3184,0,160.0,157.45768352638152,43.44892100004927,607.8428800000211,327.0
1780243985,50,POST,GraphQL/listar-playlists-musica,67.600000,0.000000,180,190,200,210,220,230,240,250,260,260,260,3175,0,170.0,164.89256696062952,42.47922100000778,424.21478500000376,538.0
1780243985,50,POST,GraphQL/listar-playlists-usuario,67.300000,0.000000,150,170,170,180,200,210,220,230,250,250,250,3199,0,150.0,151.68362123194754,42.53001199992923,750.1540990000422,739.0
1780243985,50,POST,GraphQL/listar-usuarios,68.100000,0.000000,130,140,150,150,170,180,190,190,220,220,220,3205,0,130.0,130.3658731126358,3.7442460001102518,1326.5865619999886,22017.0
1780243985,50,,Aggregated,339.400000,0.000000,150,170,180,180,200,210,220,230,250,260,260,15967,0,150.0,148.12819048343368,3.7442460001102518,1326.5865619999886,14955.0382664245
1780243986,50,POST,GraphQL/listar-musicas,67.400000,0.000000,130,150,160,170,180,200,270,330,570,570,570,3267,0,130.0,137.57581803305789,7.746811999936654,1112.0331089999809,50908.0
1780243986,50,POST,GraphQL/listar-musicas-playlist,68.000000,0.000000,160,180,180,190,200,220,230,250,420,420,420,3247,0,160.0,157.3033459109945,43.44892100004927,607.8428800000211,327.0
1780243986,50,POST,GraphQL/listar-playlists-musica,68.600000,0.000000,180,190,200,210,220,230,250,260,490,490,490,3230,0,170.0,164.57431943777047,42.47922100000778,494.2795209999531,538.0
1780243986,50,POST,GraphQL/listar-playlists-usuario,68.700000,0.000000,150,170,180,190,200,220,240,270,320,320,320,3254,0,150.0,151.55664622157374,42.53001199992923,750.1540990000422,739.0
1780243986,50,POST,GraphQL/listar-usuarios,67.400000,0.000000,130,140,150,160,180,190,220,240,380,380,380,3278,0,130.0,130.40765337766877,3.7442460001102518,1326.5865619999886,22017.0
1780243986,50,,Aggregated,340.100000,0.000000,150,170,180,190,200,220,240,280,450,570,570,16276,0,150.0,148.22074392037274,3.7442460001102518,1326.5865619999886,14972.49797247481
1780243987,50,POST,GraphQL/listar-musicas,67.500000,0.000000,130,150,160,170,180,200,270,330,570,570,570,3336,0,130.0,137.38913273201487,7.746811999936654,1112.0331089999809,50908.0
1780243987,50,POST,GraphQL/listar-musicas-playlist,67.500000,0.000000,160,180,180,190,200,220,240,260,420,420,420,3313,0,160.0,157.41341878840896,43.44892100004927,607.8428800000211,327.0
1780243987,50,POST,GraphQL/listar-playlists-musica,67.400000,0.000000,180,190,200,210,220,230,250,260,490,490,490,3303,0,170.0,164.64264883863078,42.47922100000778,494.2795209999531,538.0
1780243987,50,POST,GraphQL/listar-playlists-usuario,67.400000,0.000000,150,170,180,180,200,220,240,270,320,320,320,3328,0,150.0,151.7040974954933,42.53001199992923,750.1540990000422,739.0
1780243987,50,POST,GraphQL/listar-usuarios,67.100000,0.000000,120,140,150,150,180,190,220,240,380,380,380,3343,0,130.0,130.17100144570668,3.7442460001102518,1326.5865619999886,22017.0
1780243987,50,,Aggregated,336.900000,0.000000,150,170,180,180,200,220,240,280,450,570,570,16623,0,150.0,148.2096111804119,3.7442460001102518,1326.5865619999886,14964.307044456476
1780243988,50,POST,GraphQL/listar-musicas,66.000000,0.000000,130,140,160,160,180,200,270,330,570,570,570,3404,0,130.0,137.01027480522964,7.746811999936654,1112.0331089999809,50908.0
1780243988,50,POST,GraphQL/listar-musicas-playlist,66.500000,0.000000,160,180,180,190,200,220,240,260,420,420,420,3381,0,160.0,157.64401656048446,43.44892100004927,607.8428800000211,327.0
1780243988,50,POST,GraphQL/listar-playlists-musica,66.700000,0.000000,170,190,200,210,220,230,250,260,490,490,490,3369,0,170.0,164.78679488928407,42.47922100000778,494.2795209999531,538.0
1780243988,50,POST,GraphQL/listar-playlists-usuario,65.600000,0.000000,150,170,180,180,200,220,240,270,320,320,320,3394,0,150.0,151.64115318061323,42.53001199992923,750.1540990000422,739.0
1780243988,50,POST,GraphQL/listar-usuarios,67.200000,0.000000,130,140,140,150,170,180,220,240,380,380,380,3414,0,130.0,130.13179471558217,3.7442460001102518,1326.5865619999886,22017.0
1780243988,50,,Aggregated,332.000000,0.000000,150,170,180,180,200,220,240,280,450,570,570,16962,0,150.0,148.18324068293745,3.7442460001102518,1326.5865619999886,14967.759992925363
1780243989,50,POST,GraphQL/listar-musicas,66.200000,0.000000,130,140,150,160,180,200,270,330,570,570,570,3469,0,130.0,136.54454775554976,7.746811999936654,1112.0331089999809,50908.0
1780243989,50,POST,GraphQL/listar-musicas-playlist,66.200000,0.000000,160,180,180,190,200,220,240,260,420,420,420,3454,0,160.0,157.91504495078064,43.44892100004927,607.8428800000211,327.0
1780243989,50,POST,GraphQL/listar-playlists-musica,66.000000,0.000000,170,180,200,200,220,230,250,260,490,490,490,3443,0,170.0,165.00545062823045,42.47922100000778,494.2795209999531,538.0
1780243989,50,POST,GraphQL/listar-playlists-usuario,66.500000,0.000000,150,170,180,180,200,220,240,270,320,320,320,3464,0,150.0,151.50824309122495,42.53001199992923,750.1540990000422,739.0
1780243989,50,POST,GraphQL/listar-usuarios,66.400000,0.000000,130,140,140,150,180,190,220,240,380,380,380,3480,0,130.0,130.20528261839,3.7442460001102518,1326.5865619999886,22017.0
1780243989,50,,Aggregated,331.300000,0.000000,150,170,180,180,200,220,240,280,450,570,570,17310,0,150.0,148.1897345763713,3.7442460001102518,1326.5865619999886,14948.625072212593
1780243990,50,POST,GraphQL/listar-musicas,66.300000,0.000000,130,140,150,160,180,200,270,330,570,570,570,3539,0,130.0,136.36488513732715,7.746811999936654,1112.0331089999809,50908.0
1780243990,50,POST,GraphQL/listar-musicas-playlist,66.400000,0.000000,170,180,180,190,200,220,230,260,420,420,420,3514,0,160.0,158.07236199487676,43.44892100004927,607.8428800000211,327.0
1780243990,50,POST,GraphQL/listar-playlists-musica,66.300000,0.000000,170,180,190,200,220,230,240,250,490,490,490,3507,0,170.0,165.1626723153687,42.47922100000778,494.2795209999531,538.0
1780243990,50,POST,GraphQL/listar-playlists-usuario,66.600000,0.000000,150,160,170,180,200,210,240,270,320,320,320,3528,0,150.0,151.58063152692833,42.53001199992923,750.1540990000422,739.0
1780243990,50,POST,GraphQL/listar-usuarios,65.600000,0.000000,130,140,150,150,170,190,220,240,380,380,380,3547,0,130.0,130.2148468519871,3.7442460001102518,1326.5865619999886,22017.0
1780243990,50,,Aggregated,331.200000,0.000000,150,170,170,180,200,220,240,280,450,570,570,17635,0,150.0,148.22430565194148,3.7442460001102518,1326.5865619999886,14964.6014743408
1780243991,50,POST,GraphQL/listar-musicas,66.200000,0.000000,130,140,150,150,180,200,270,330,570,570,570,3612,0,130.0,136.01342449446278,7.746811999936654,1112.0331089999809,50908.0
1780243991,50,POST,GraphQL/listar-musicas-playlist,65.900000,0.000000,160,180,180,190,200,220,230,260,420,420,420,3594,0,160.0,158.0888010025037,43.44892100004927,607.8428800000211,327.0
1780243991,50,POST,GraphQL/listar-playlists-musica,66.000000,0.000000,170,180,190,200,220,230,240,250,490,490,490,3580,0,170.0,165.06708662402121,42.47922100000778,494.2795209999531,538.0
1780243991,50,POST,GraphQL/listar-playlists-usuario,65.500000,0.000000,150,160,170,180,200,210,240,270,320,320,320,3605,0,150.0,151.56075667240088,42.53001199992923,750.1540990000422,739.0
1780243991,50,POST,GraphQL/listar-usuarios,66.600000,0.000000,130,140,140,150,170,180,220,240,380,380,380,3614,0,130.0,130.10030142861046,3.7442460001102518,1326.5865619999886,22017.0
1780243991,50,,Aggregated,330.200000,0.000000,150,160,170,180,200,220,240,280,450,570,570,18005,0,150.0,148.1227896338786,3.7442460001102518,1326.5865619999886,14952.208108858651
1780243992,50,POST,GraphQL/listar-musicas,66.400000,0.000000,130,140,150,150,170,200,270,330,570,570,570,3681,0,130.0,135.66236935914105,7.746811999936654,1112.0331089999809,50908.0
1780243992,50,POST,GraphQL/listar-musicas-playlist,65.100000,0.000000,160,180,180,190,200,220,230,260,420,420,420,3664,0,160.0,157.97495896943192,43.44892100004927,607.8428800000211,327.0
1780243992,50,POST,GraphQL/listar-playlists-musica,66.200000,0.000000,170,180,190,200,220,230,240,250,490,490,490,3647,0,170.0,164.87641085714122,42.47922100000778,494.2795209999531,538.0
1780243992,50,POST,GraphQL/listar-playlists-usuario,66.100000,0.000000,150,160,170,180,190,210,240,270,320,320,320,3667,0,150.0,151.31495082710785,42.53001199992923,750.1540990000422,739.0
1780243992,50,POST,GraphQL/listar-usuarios,66.900000,0.000000,130,140,140,150,170,180,220,240,380,380,380,3693,0,130.0,129.74120427755125,3.7442460001102518,1326.5865619999886,22017.0
1780243992,50,,Aggregated,330.700000,0.000000,150,160,170,180,200,220,240,280,450,570,570,18352,0,150.0,147.85875619828792,3.7442460001102518,1326.5865619999886,14961.380557977333
1780243993,50,POST,GraphQL/listar-musicas,66.500000,0.000000,130,140,150,150,180,210,290,340,570,570,570,3751,0,130.0,135.7193075563845,7.746811999936654,1112.0331089999809,50908.0
1780243993,50,POST,GraphQL/listar-musicas-playlist,67.100000,0.000000,160,180,180,190,200,220,240,280,450,450,450,3732,0,160.0,157.8939003708465,43.44892100004927,607.8428800000211,327.0
1780243993,50,POST,GraphQL/listar-playlists-musica,66.100000,0.000000,170,180,190,190,210,220,250,280,490,490,490,3719,0,170.0,164.6564196324265,42.47922100000778,494.2795209999531,538.0
1780243993,50,POST,GraphQL/listar-playlists-usuario,67.000000,0.000000,150,170,170,180,190,210,240,270,340,340,340,3739,0,150.0,151.06399166916415,42.53001199992923,750.1540990000422,739.0
1780243993,50,POST,GraphQL/listar-usuarios,66.300000,0.000000,130,140,150,150,170,190,220,280,380,380,380,3765,0,130.0,129.57111662655953,3.688959000101022,1326.5865619999886,22017.0
1780243993,50,,Aggregated,333.000000,0.000000,150,160,170,180,200,220,250,290,460,570,570,18706,0,150.0,147.72607197642375,3.688959000101022,1326.5865619999886,14959.596920774084
1780243994,50,POST,GraphQL/listar-musicas,66.600000,0.000000,130,140,150,160,200,290,390,440,570,570,570,3814,0,130.0,137.15110774541097,7.746811999936654,1112.0331089999809,50908.0
1780243994,50,POST,GraphQL/listar-musicas-playlist,67.500000,0.000000,160,180,180,190,200,220,280,310,450,450,450,3796,0,160.0,157.45311428977826,43.44892100004927,607.8428800000211,327.0
1780243994,50,POST,GraphQL/listar-playlists-musica,68.200000,0.000000,170,180,180,190,210,220,280,340,490,490,490,3790,0,170.0,164.0875742121359,42.47922100000778,494.2795209999531,538.0
1780243994,50,POST,GraphQL/listar-playlists-usuario,67.200000,0.000000,150,160,170,180,200,220,300,360,410,410,410,3806,0,150.0,151.21955434839847,42.53001199992923,750.1540990000422,739.0
1780243994,50,POST,GraphQL/listar-usuarios,67.500000,0.000000,130,140,150,150,170,200,250,290,460,460,460,3831,0,130.0,129.1232989196021,3.688959000101022,1326.5865619999886,22017.0
1780243994,50,,Aggregated,337.000000,0.000000,150,160,170,180,200,220,300,370,490,570,570,19037,0,150.0,147.7591655754574,3.688959000101022,1326.5865619999886,14950.001838524977
1780243995,50,POST,GraphQL/listar-musicas,67.200000,0.000000,130,140,150,160,230,320,410,470,620,620,620,3886,0,130.0,138.1332841785896,7.746811999936654,1112.0331089999809,50908.0
1780243995,50,POST,GraphQL/listar-musicas-playlist,66.500000,0.000000,160,170,180,190,200,220,300,380,450,450,450,3868,0,160.0,156.92537320294653,43.44892100004927,607.8428800000211,327.0
1780243995,50,POST,GraphQL/listar-playlists-musica,66.700000,0.000000,160,170,180,190,200,220,300,370,490,490,490,3858,0,170.0,163.75552432348215,42.47922100000778,494.2795209999531,538.0
1780243995,50,POST,GraphQL/listar-playlists-usuario,67.100000,0.000000,150,160,170,180,200,240,320,360,410,410,410,3877,0,150.0,151.19928309079282,42.53001199992923,750.1540990000422,739.0
1780243995,50,POST,GraphQL/listar-usuarios,67.100000,0.000000,120,140,140,150,170,200,260,300,460,460,460,3897,0,130.0,129.00484578059948,3.688959000101022,1326.5865619999886,22017.0
1780243995,50,,Aggregated,334.600000,0.000000,140,160,170,180,200,240,330,390,530,620,620,19386,0,150.0,147.75990938084104,3.688959000101022,1326.5865619999886,14950.700505519448
1780243996,50,POST,GraphQL/listar-musicas,66.900000,0.000000,130,140,150,160,240,340,420,480,680,680,680,3960,0,130.0,139.16915148611065,7.746811999936654,1112.0331089999809,50908.0
1780243996,50,POST,GraphQL/listar-musicas-playlist,67.200000,0.000000,160,170,180,190,200,230,310,370,450,450,450,3933,0,160.0,156.79683397686225,43.44892100004927,607.8428800000211,327.0
1780243996,50,POST,GraphQL/listar-playlists-musica,67.200000,0.000000,160,170,180,190,200,230,330,360,480,480,480,3924,0,170.0,163.4275605142697,42.47922100000778,494.2795209999531,538.0
1780243996,50,POST,GraphQL/listar-playlists-usuario,66.500000,0.000000,150,160,170,180,200,240,320,370,590,590,590,3943,0,150.0,151.03453862541323,42.53001199992923,750.1540990000422,739.0
1780243996,50,POST,GraphQL/listar-usuarios,68.500000,0.000000,120,140,140,150,170,220,280,300,460,460,460,3965,0,130.0,128.84474075434963,3.688959000101022,1326.5865619999886,22017.0
1780243996,50,,Aggregated,336.300000,0.000000,140,160,170,180,200,250,340,400,540,680,680,19725,0,150.0,147.80634313130477,3.688959000101022,1326.5865619999886,14965.990621039291
1780243997,50,POST,GraphQL/listar-musicas,68.000000,0.000000,130,140,150,160,240,340,420,480,680,680,680,4030,0,130.0,138.76542465880829,7.746811999936654,1112.0331089999809,50908.0
1780243997,50,POST,GraphQL/listar-musicas-playlist,67.300000,0.000000,160,170,180,190,200,250,320,370,450,450,450,4010,0,160.0,156.68627518703246,43.44892100004927,607.8428800000211,327.0
1780243997,50,POST,GraphQL/listar-playlists-musica,67.600000,0.000000,160,170,180,190,200,230,330,360,480,480,480,3995,0,170.0,163.2551326515632,42.47922100000778,494.2795209999531,538.0
1780243997,50,POST,GraphQL/listar-playlists-usuario,67.400000,0.000000,140,160,170,180,200,240,320,370,590,590,590,4020,0,150.0,150.97099568010054,42.53001199992923,750.1540990000422,739.0
1780243997,50,POST,GraphQL/listar-usuarios,67.900000,0.000000,120,140,140,150,170,220,280,300,460,460,460,4038,0,120.0,128.5098119148085,3.688959000101022,1326.5865619999886,22017.0
1780243997,50,,Aggregated,338.200000,0.000000,140,160,170,180,200,250,340,400,540,680,680,20093,0,150.0,147.59204215219177,3.688959000101022,1326.5865619999886,14955.220524560793
1780243998,50,POST,GraphQL/listar-musicas,68.300000,0.000000,130,140,150,170,240,340,420,480,680,680,680,4101,0,130.0,138.39647685418146,7.746811999936654,1112.0331089999809,50908.0
1780243998,50,POST,GraphQL/listar-musicas-playlist,68.200000,0.000000,150,170,180,190,210,250,320,370,450,450,450,4080,0,160.0,156.6597748345587,43.44892100004927,607.8428800000211,327.0
1780243998,50,POST,GraphQL/listar-playlists-musica,68.100000,0.000000,160,170,180,190,210,230,330,360,480,480,480,4070,0,170.0,163.22671508451955,42.47922100000778,494.2795209999531,538.0
1780243998,50,POST,GraphQL/listar-playlists-usuario,68.500000,0.000000,140,160,170,180,200,240,320,370,590,590,590,4090,0,150.0,150.80372000709167,42.53001199992923,750.1540990000422,739.0
1780243998,50,POST,GraphQL/listar-usuarios,68.300000,0.000000,120,130,140,150,180,220,280,300,460,460,460,4112,0,120.0,128.32671150559273,3.688959000101022,1326.5865619999886,22017.0
1780243998,50,,Aggregated,341.400000,0.000000,140,160,170,180,210,250,340,400,540,680,680,20453,0,150.0,147.43730581518557,3.688959000101022,1326.5865619999886,14953.98924363174
1780243999,50,POST,GraphQL/listar-musicas,68.600000,0.000000,130,140,160,170,240,340,420,480,680,680,680,4172,0,130.0,138.27065385977895,7.746811999936654,1112.0331089999809,50908.0
1780243999,50,POST,GraphQL/listar-musicas-playlist,68.900000,0.000000,150,160,180,190,210,250,320,370,450,450,450,4140,0,160.0,156.79756511111106,43.44892100004927,607.8428800000211,327.0
1780243999,50,POST,GraphQL/listar-playlists-musica,68.800000,0.000000,160,170,180,180,210,230,330,360,480,480,480,4132,0,170.0,163.39501218223515,42.47922100000778,494.2795209999531,538.0
1780243999,50,POST,GraphQL/listar-playlists-usuario,68.700000,0.000000,140,160,170,180,210,240,320,370,590,590,590,4160,0,150.0,150.96132237428012,42.53001199992923,750.1540990000422,739.0
1780243999,50,POST,GraphQL/listar-usuarios,68.400000,0.000000,110,130,140,150,180,220,280,300,460,460,460,4180,0,120.0,128.36910522320517,3.688959000101022,1326.5865619999886,22017.0
1780243999,50,,Aggregated,343.400000,0.000000,140,160,170,180,210,250,340,400,540,680,680,20784,0,150.0,147.50467853685473,3.688959000101022,1326.5865619999886,14966.814472671285
1780244000,50,POST,GraphQL/listar-musicas,69.100000,0.000000,130,140,160,180,240,340,420,480,680,680,680,4240,0,130.0,138.00317095424475,7.746811999936654,1112.0331089999809,50908.0
1780244000,50,POST,GraphQL/listar-musicas-playlist,68.800000,0.000000,150,160,180,180,210,250,320,370,450,450,450,4224,0,160.0,156.6882510812031,43.44892100004927,607.8428800000211,327.0
1780244000,50,POST,GraphQL/listar-playlists-musica,69.000000,0.000000,150,170,180,180,210,230,330,360,480,480,480,4208,0,170.0,163.2040575717671,42.47922100000778,494.2795209999531,538.0
1780244000,50,POST,GraphQL/listar-playlists-usuario,68.500000,0.000000,140,160,170,180,210,240,320,370,590,590,590,4233,0,150.0,150.96738008859091,42.53001199992923,750.1540990000422,739.0
1780244000,50,POST,GraphQL/listar-usuarios,69.400000,0.000000,110,130,150,150,180,220,280,300,460,460,460,4241,0,120.0,128.34054522235252,3.688959000101022,1326.5865619999886,22017.0
1780244000,50,,Aggregated,344.800000,0.000000,140,160,170,180,210,250,340,400,540,680,680,21146,0,150.0,147.4077586247039,3.688959000101022,1326.5865619999886,14943.59954601343
1780244001,50,POST,GraphQL/listar-musicas,69.400000,0.000000,130,150,170,180,240,340,420,480,680,680,680,4307,0,130.0,137.944434739029,7.746811999936654,1112.0331089999809,50908.0
1780244001,50,POST,GraphQL/listar-musicas-playlist,68.600000,0.000000,150,160,180,190,210,250,320,370,450,450,450,4286,0,160.0,156.70184914442405,43.44892100004927,607.8428800000211,327.0
1780244001,50,POST,GraphQL/listar-playlists-musica,68.900000,0.000000,150,160,180,190,220,230,330,360,480,480,480,4279,0,170.0,163.04033452395325,42.47922100000778,494.2795209999531,538.0
1780244001,50,POST,GraphQL/listar-playlists-usuario,69.600000,0.000000,140,160,170,180,210,240,320,370,590,590,590,4291,0,150.0,151.0256382866478,42.53001199992923,750.1540990000422,739.0
1780244001,50,POST,GraphQL/listar-usuarios,69.500000,0.000000,110,130,150,160,180,220,280,300,460,460,460,4319,0,120.0,128.3220417876817,3.688959000101022,1326.5865619999886,22017.0
1780244001,50,,Aggregated,346.000000,0.000000,140,160,170,180,210,250,340,400,540,680,680,21482,0,150.0,147.3640401103711,3.688959000101022,1326.5865619999886,14953.302858206871
1780244002,50,POST,GraphQL/listar-musicas,69.500000,0.000000,130,160,170,180,240,340,420,480,680,680,680,4381,0,130.0,137.95428367815524,7.746811999936654,1112.0331089999809,50908.0
1780244002,50,POST,GraphQL/listar-musicas-playlist,70.800000,0.000000,140,160,180,190,210,250,320,370,450,450,450,4346,0,160.0,156.74480650437206,43.44892100004927,607.8428800000211,327.0
1780244002,50,POST,GraphQL/listar-playlists-musica,70.200000,0.000000,150,160,170,190,220,230,330,360,480,480,480,4341,0,170.0,162.94160541119473,42.47922100000778,494.2795209999531,538.0
1780244002,50,POST,GraphQL/listar-playlists-usuario,70.200000,0.000000,140,160,180,190,220,240,320,370,590,590,590,4359,0,150.0,151.24788675086148,42.53001199992923,750.1540990000422,739.0
1780244002,50,POST,GraphQL/listar-usuarios,68.700000,0.000000,110,130,150,170,180,220,280,300,460,460,460,4388,0,120.0,128.44338027256103,3.688959000101022,1326.5865619999886,22017.0
1780244002,50,,Aggregated,349.400000,0.000000,140,160,170,180,210,250,340,400,540,680,680,21815,0,150.0,147.41321319894507,3.688959000101022,1326.5865619999886,14972.103827641531
1780244003,50,POST,GraphQL/listar-musicas,69.500000,0.000000,130,150,170,180,230,320,410,470,680,680,680,4446,0,130.0,137.658272139226,7.746811999936654,1112.0331089999809,50908.0
1780244003,50,POST,GraphQL/listar-musicas-playlist,68.900000,0.000000,140,160,180,190,210,230,290,340,410,410,410,4435,0,160.0,156.56354114182656,43.44892100004927,607.8428800000211,327.0
1780244003,50,POST,GraphQL/listar-playlists-musica,69.900000,0.000000,150,160,170,190,210,230,300,350,480,480,480,4417,0,160.0,162.47331134412423,42.47922100000778,494.2795209999531,538.0
1780244003,50,POST,GraphQL/listar-playlists-usuario,68.400000,0.000000,150,160,180,190,210,240,300,360,590,590,590,4444,0,150.0,151.15034938613974,42.49082499995893,750.1540990000422,739.0
1780244003,50,POST,GraphQL/listar-usuarios,70.100000,0.000000,110,140,160,170,180,200,260,300,420,420,420,4456,0,120.0,128.21251398496378,3.688959000101022,1326.5865619999886,22017.0
1780244003,50,,Aggregated,346.800000,0.000000,140,160,170,180,210,240,320,380,540,680,680,22198,0,150.0,147.1781112753845,3.688959000101022,1326.5865619999886,14936.274754482385
1780244004,50,POST,GraphQL/listar-musicas,69.500000,0.000000,130,150,160,180,220,310,400,450,680,680,680,4516,0,130.0,138.46744906930905,7.746811999936654,1112.0331089999809,50908.0
1780244004,50,POST,GraphQL/listar-musicas-playlist,67.800000,0.000000,140,160,180,190,210,230,260,310,390,390,390,4502,0,160.0,156.3247826794761,43.44892100004927,607.8428800000211,327.0
1780244004,50,POST,GraphQL/listar-playlists-musica,67.800000,0.000000,150,160,170,190,210,230,280,350,480,480,480,4494,0,160.0,162.2097410607471,42.47922100000778,494.2795209999531,538.0
1780244004,50,POST,GraphQL/listar-playlists-usuario,68.600000,0.000000,140,160,180,190,210,230,270,320,590,590,590,4505,0,150.0,151.0138018257504,42.49082499995893,750.1540990000422,739.0
1780244004,50,POST,GraphQL/listar-usuarios,68.900000,0.000000,110,130,160,170,180,200,250,300,420,420,420,4528,0,120.0,128.01951142226125,3.688959000101022,1326.5865619999886,22017.0
1780244004,50,,Aggregated,342.600000,0.000000,140,160,170,180,210,230,310,360,500,680,680,22545,0,150.0,147.1746849807933,3.688959000101022,1326.5865619999886,14939.570858283432
1780244005,50,POST,GraphQL/listar-musicas,68.800000,0.000000,120,150,160,170,190,270,370,430,680,680,680,4585,0,130.0,138.1830235474371,7.746811999936654,1112.0331089999809,50908.0
1780244005,50,POST,GraphQL/listar-musicas-playlist,70.000000,0.000000,150,160,180,190,210,220,250,280,350,350,350,4566,0,160.0,156.39439402058724,43.44892100004927,607.8428800000211,327.0
1780244005,50,POST,GraphQL/listar-playlists-musica,69.100000,0.000000,150,160,180,190,210,220,230,260,370,370,370,4554,0,160.0,162.2564941989455,42.47922100000778,494.2795209999531,538.0
1780244005,50,POST,GraphQL/listar-playlists-usuario,69.500000,0.000000,150,160,170,180,210,220,260,320,590,590,590,4578,0,150.0,150.89729353866437,42.49082499995893,750.1540990000422,739.0
1780244005,50,POST,GraphQL/listar-usuarios,69.000000,0.000000,120,140,150,160,180,190,220,270,420,420,420,4601,0,120.0,128.04194458617687,3.688959000101022,1326.5865619999886,22017.0
1780244005,50,,Aggregated,346.400000,0.000000,140,160,170,180,200,220,260,330,500,680,680,22884,0,150.0,147.11199254964106,3.688959000101022,1326.5865619999886,14946.673352560741
1780244006,50,POST,GraphQL/listar-musicas,69.000000,0.000000,130,150,160,170,190,220,320,390,500,500,500,4657,0,130.0,138.4085297519861,7.746811999936654,1112.0331089999809,50908.0
1780244006,50,POST,GraphQL/listar-musicas-playlist,69.300000,0.000000,150,170,190,200,210,220,250,270,380,380,380,4645,0,160.0,156.39049341851478,43.44892100004927,607.8428800000211,327.0
1780244006,50,POST,GraphQL/listar-playlists-musica,69.600000,0.000000,150,170,180,190,210,220,240,250,360,360,360,4629,0,160.0,162.1283488904726,42.47922100000778,494.2795209999531,538.0
1780244006,50,POST,GraphQL/listar-playlists-usuario,69.100000,0.000000,150,170,180,180,200,220,240,270,380,380,380,4653,0,150.0,150.95503079905552,42.49082499995893,750.1540990000422,739.0
1780244006,50,POST,GraphQL/listar-usuarios,69.300000,0.000000,120,140,150,160,180,180,200,240,420,420,420,4663,0,120.0,127.818404196011,3.688959000101022,1326.5865619999886,22017.0
1780244006,50,,Aggregated,346.300000,0.000000,140,160,170,180,200,220,250,290,410,500,500,23247,0,150.0,147.11169050079533,3.688959000101022,1326.5865619999886,14934.903901578698
1780244007,50,POST,GraphQL/listar-musicas,68.800000,0.000000,130,150,160,170,190,220,320,390,500,500,500,4728,0,130.0,138.22329423371383,7.746811999936654,1112.0331089999809,50908.0
1780244007,50,POST,GraphQL/listar-musicas-playlist,69.300000,0.000000,150,170,190,200,210,220,250,270,380,380,380,4707,0,160.0,156.36799268196316,43.44892100004927,607.8428800000211,327.0
1780244007,50,POST,GraphQL/listar-playlists-musica,69.400000,0.000000,150,170,180,200,210,220,240,250,360,360,360,4700,0,160.0,161.95998867893593,42.47922100000778,494.2795209999531,538.0
1780244007,50,POST,GraphQL/listar-playlists-usuario,70.000000,0.000000,150,170,180,190,210,220,240,270,380,380,380,4713,0,150.0,150.90368682177086,42.49082499995893,750.1540990000422,739.0
1780244007,50,POST,GraphQL/listar-usuarios,69.600000,0.000000,120,140,160,160,180,180,200,240,420,420,420,4742,0,120.0,127.80416532686615,3.688959000101022,1326.5865619999886,22017.0
1780244007,50,,Aggregated,347.100000,0.000000,140,160,170,180,200,220,250,290,410,500,500,23590,0,150.0,147.01196487719335,3.688959000101022,1326.5865619999886,14949.060364561255
1780244008,50,POST,GraphQL/listar-musicas,70.000000,0.000000,130,150,160,170,190,220,320,390,500,500,500,4802,0,130.0,138.14180847188643,7.746811999936654,1112.0331089999809,50908.0
1780244008,50,POST,GraphQL/listar-musicas-playlist,69.500000,0.000000,150,180,190,200,210,220,250,270,380,380,380,4778,0,160.0,156.5253178618671,43.44892100004927,607.8428800000211,327.0
1780244008,50,POST,GraphQL/listar-playlists-musica,69.300000,0.000000,150,170,180,190,210,220,240,250,360,360,360,4763,0,160.0,161.98829830191028,42.47922100000778,494.2795209999531,538.0
1780244008,50,POST,GraphQL/listar-playlists-usuario,70.900000,0.000000,150,170,180,190,210,220,240,270,380,380,380,4789,0,150.0,151.0566171290471,42.49082499995893,750.1540990000422,739.0
1780244008,50,POST,GraphQL/listar-usuarios,69.100000,0.000000,130,150,160,160,180,190,200,240,420,420,420,4806,0,120.0,127.89946645796927,3.688959000101022,1326.5865619999886,22017.0
1780244008,50,,Aggregated,348.800000,0.000000,140,160,170,180,200,220,250,290,410,500,500,23938,0,150.0,147.0833057509397,3.688959000101022,1326.5865619999886,14952.706533544992
1780244009,50,POST,GraphQL/listar-musicas,69.200000,0.000000,130,150,160,170,190,220,320,390,500,500,500,4866,0,130.0,137.93938214611572,7.746811999936654,1112.0331089999809,50908.0
1780244009,50,POST,GraphQL/listar-musicas-playlist,69.400000,0.000000,150,180,190,200,210,220,240,270,380,380,380,4851,0,160.0,156.3966449488766,43.44892100004927,607.8428800000211,327.0
1780244009,50,POST,GraphQL/listar-playlists-musica,70.300000,0.000000,140,160,180,190,210,220,240,250,360,360,360,4841,0,160.0,161.6339158419747,42.47922100000778,494.2795209999531,538.0
1780244009,50,POST,GraphQL/listar-playlists-usuario,69.500000,0.000000,150,170,180,190,210,220,240,270,380,380,380,4861,0,150.0,151.00843239601028,42.49082499995893,750.1540990000422,739.0
1780244009,50,POST,GraphQL/listar-usuarios,69.400000,0.000000,130,150,160,160,180,190,200,240,420,420,420,4880,0,120.0,127.7386441973363,3.688959000101022,1326.5865619999886,22017.0
1780244009,50,,Aggregated,347.800000,0.000000,140,160,170,180,200,220,250,290,410,500,500,24299,0,150.0,146.91055262854417,3.688959000101022,1326.5865619999886,14936.594180830487
1780244010,50,POST,GraphQL/listar-musicas,69.500000,0.000000,130,150,160,160,190,220,320,390,500,500,500,4939,0,130.0,137.77962494432074,7.746811999936654,1112.0331089999809,50908.0
1780244010,50,POST,GraphQL/listar-musicas-playlist,68.300000,0.000000,140,180,200,200,210,220,240,270,380,380,380,4916,0,160.0,156.35275344894237,43.44892100004927,607.8428800000211,327.0
1780244010,50,POST,GraphQL/listar-playlists-musica,68.900000,0.000000,140,160,180,190,210,220,240,250,360,360,360,4912,0,160.0,161.51851233021188,42.47922100000778,494.2795209999531,538.0
1780244010,50,POST,GraphQL/listar-playlists-usuario,69.000000,0.000000,150,170,180,190,210,220,240,270,380,380,380,4930,0,150.0,151.12543344847987,42.49082499995893,750.1540990000422,739.0
1780244010,50,POST,GraphQL/listar-usuarios,69.000000,0.000000,130,150,160,170,180,190,200,240,420,420,420,4954,0,120.0,127.78049122507085,3.688959000101022,1326.5865619999886,22017.0
1780244010,50,,Aggregated,344.700000,0.000000,140,160,170,180,200,220,250,290,410,500,500,24651,0,150.0,146.87337538237796,3.688959000101022,1326.5865619999886,14944.638675915785
1780244011,50,POST,GraphQL/listar-musicas,69.100000,0.000000,130,150,160,170,190,220,320,390,500,500,500,5014,0,130.0,137.79992243577985,7.746811999936654,1112.0331089999809,50908.0
1780244011,50,POST,GraphQL/listar-musicas-playlist,70.800000,0.000000,140,180,200,200,220,230,250,270,380,380,380,4981,0,160.0,156.60812709074503,43.44892100004927,607.8428800000211,327.0
1780244011,50,POST,GraphQL/listar-playlists-musica,69.800000,0.000000,140,160,180,190,210,220,240,250,360,360,360,4968,0,160.0,161.4107188458135,42.47922100000778,494.2795209999531,538.0
1780244011,50,POST,GraphQL/listar-playlists-usuario,69.600000,0.000000,150,170,180,190,210,230,240,270,380,380,380,5001,0,150.0,151.301037951611,42.49082499995893,750.1540990000422,739.0
1780244011,50,POST,GraphQL/listar-usuarios,68.600000,0.000000,130,150,160,160,180,190,200,240,420,420,420,5016,0,120.0,127.86542600259179,3.688959000101022,1326.5865619999886,22017.0
1780244011,50,,Aggregated,347.900000,0.000000,140,160,170,180,200,220,250,290,410,500,500,24980,0,150.0,146.95403566785433,3.688959000101022,1326.5865619999886,14959.45932746197
1780244012,50,POST,GraphQL/listar-musicas,69.000000,0.000000,130,150,160,170,190,220,320,390,500,500,500,5080,0,130.0,137.63247941003925,7.746811999936654,1112.0331089999809,50908.0
1780244012,50,POST,GraphQL/listar-musicas-playlist,68.800000,0.000000,150,180,190,200,220,230,250,270,380,380,380,5068,0,160.0,156.45465054617253,43.44892100004927,607.8428800000211,327.0
1780244012,50,POST,GraphQL/listar-playlists-musica,69.100000,0.000000,140,160,180,190,210,230,240,250,360,360,360,5055,0,160.0,161.16799430464914,42.47922100000778,494.2795209999531,538.0
1780244012,50,POST,GraphQL/listar-playlists-usuario,68.400000,0.000000,150,170,180,190,210,230,240,270,380,380,380,5074,0,150.0,151.2117177834065,42.49082499995893,750.1540990000422,739.0
1780244012,50,POST,GraphQL/listar-usuarios,70.100000,0.000000,130,150,160,160,180,190,200,240,420,420,420,5082,0,120.0,127.64306087583634,3.688959000101022,1326.5865619999886,22017.0
1780244012,50,,Aggregated,345.400000,0.000000,140,160,170,180,200,220,250,290,410,500,500,25359,0,140.0,146.8007282221302,3.688959000101022,1326.5865619999886,14930.775898103237
1780244013,50,POST,GraphQL/listar-musicas,69.400000,0.000000,130,150,160,170,190,220,320,390,500,500,500,5143,0,130.0,137.50574258526163,7.746811999936654,1112.0331089999809,50908.0
1780244013,50,POST,GraphQL/listar-musicas-playlist,68.500000,0.000000,150,170,190,200,220,230,250,260,380,380,380,5129,0,160.0,156.35868550009783,43.44892100004927,607.8428800000211,327.0
1780244013,50,POST,GraphQL/listar-playlists-musica,68.500000,0.000000,140,160,180,190,210,230,250,260,360,360,360,5125,0,160.0,160.89792534263444,42.47922100000778,494.2795209999531,538.0
1780244013,50,POST,GraphQL/listar-playlists-usuario,69.100000,0.000000,150,170,180,190,210,230,250,270,380,380,380,5138,0,150.0,151.09846649007477,42.49082499995893,750.1540990000422,739.0
1780244013,50,POST,GraphQL/listar-usuarios,69.600000,0.000000,120,140,160,160,180,190,210,240,420,420,420,5162,0,120.0,127.48311122181327,3.688959000101022,1326.5865619999886,22017.0
1780244013,50,,Aggregated,345.100000,0.000000,140,160,170,180,200,220,250,280,410,500,500,25697,0,140.0,146.63849244581078,3.688959000101022,1326.5865619999886,14931.82134101257
1780244014,50,POST,GraphQL/listar-musicas,69.200000,0.000000,130,150,160,170,190,200,240,280,360,360,360,5221,0,130.0,137.74085653169902,7.746811999936654,1112.0331089999809,50908.0
1780244014,50,POST,GraphQL/listar-musicas-playlist,71.300000,0.000000,150,170,190,200,220,230,250,270,520,520,520,5195,0,160.0,156.48807737016384,43.44892100004927,607.8428800000211,327.0
1780244014,50,POST,GraphQL/listar-playlists-musica,69.500000,0.000000,140,160,180,190,210,230,250,270,360,360,360,5188,0,160.0,161.04805043446444,42.47922100000778,494.2795209999531,538.0
1780244014,50,POST,GraphQL/listar-playlists-usuario,71.000000,0.000000,150,170,180,190,210,220,240,250,310,310,310,5204,0,150.0,151.10443951037726,42.49082499995893,750.1540990000422,739.0
1780244014,50,POST,GraphQL/listar-usuarios,69.200000,0.000000,120,140,160,160,180,200,220,260,460,460,460,5229,0,120.0,127.7472428831518,3.688959000101022,1326.5865619999886,22017.0
1780244014,50,,Aggregated,350.200000,0.000000,140,160,170,180,200,220,240,260,420,520,520,26037,0,140.0,146.78940337949825,3.688959000101022,1326.5865619999886,14950.002918923072
1780244015,50,POST,GraphQL/listar-musicas,69.000000,0.000000,130,150,160,160,180,200,240,280,360,360,360,5291,0,130.0,137.535330118503,7.746811999936654,1112.0331089999809,50908.0
1780244015,50,POST,GraphQL/listar-musicas-playlist,69.100000,0.000000,150,170,180,190,220,230,240,260,520,520,520,5268,0,160.0,156.4824596979881,43.44892100004927,607.8428800000211,327.0
1780244015,50,POST,GraphQL/listar-playlists-musica,70.800000,0.000000,140,160,180,180,210,220,240,270,360,360,360,5248,0,160.0,160.99843064443638,42.47922100000778,494.2795209999531,538.0
1780244015,50,POST,GraphQL/listar-playlists-usuario,69.000000,0.000000,150,170,180,190,210,220,240,240,310,310,310,5283,0,150.0,151.1322633480985,42.49082499995893,750.1540990000422,739.0
1780244015,50,POST,GraphQL/listar-usuarios,70.100000,0.000000,120,140,160,160,180,200,220,260,460,460,460,5297,0,120.0,127.6349784481784,3.688959000101022,1326.5865619999886,22017.0
1780244015,50,,Aggregated,348.000000,0.000000,140,160,170,180,200,220,240,260,420,520,520,26387,0,140.0,146.719332302876,3.688959000101022,1326.5865619999886,14947.833175427293
1780244016,50,POST,GraphQL/listar-musicas,70.100000,0.000000,130,150,160,160,180,200,210,270,360,360,360,5355,0,130.0,137.47262855779658,7.746811999936654,1112.0331089999809,50908.0
1780244016,50,POST,GraphQL/listar-musicas-playlist,68.900000,0.000000,150,160,180,190,220,230,240,250,520,520,520,5345,0,160.0,156.30899030795155,43.44892100004927,607.8428800000211,327.0
1780244016,50,POST,GraphQL/listar-playlists-musica,68.700000,0.000000,140,160,180,180,210,220,240,240,360,360,360,5332,0,160.0,160.79944392817,42.47922100000778,494.2795209999531,538.0
1780244016,50,POST,GraphQL/listar-playlists-usuario,69.500000,0.000000,150,170,180,190,210,220,230,240,280,280,280,5347,0,150.0,151.12111639293147,42.49082499995893,750.1540990000422,739.0
1780244016,50,POST,GraphQL/listar-usuarios,69.000000,0.000000,120,140,160,160,180,200,210,250,460,460,460,5369,0,120.0,127.47609293313481,3.688959000101022,1326.5865619999886,22017.0
1780244016,50,,Aggregated,346.200000,0.000000,140,160,170,180,200,220,240,240,420,520,520,26748,0,140.0,146.60848910045587,3.688959000101022,1326.5865619999886,14931.564116943322
1780244017,50,POST,GraphQL/listar-musicas,69.800000,0.000000,130,150,160,170,190,200,240,290,360,360,360,5425,0,130.0,137.64197413751177,7.746811999936654,1112.0331089999809,50908.0
1780244017,50,POST,GraphQL/listar-musicas-playlist,68.200000,0.000000,150,160,180,190,220,230,240,250,520,520,520,5405,0,160.0,156.19302270804803,43.44892100004927,607.8428800000211,327.0
1780244017,50,POST,GraphQL/listar-playlists-musica,68.600000,0.000000,140,160,170,180,210,230,240,290,450,450,450,5398,0,160.0,160.90905878751414,42.47922100000778,494.2795209999531,538.0
1780244017,50,POST,GraphQL/listar-playlists-usuario,69.000000,0.000000,150,170,180,190,210,220,240,240,280,280,280,5414,0,150.0,151.05712453786572,42.49082499995893,750.1540990000422,739.0
1780244017,50,POST,GraphQL/listar-usuarios,68.800000,0.000000,120,140,160,170,190,200,220,260,460,460,460,5440,0,120.0,127.45725138216942,3.688959000101022,1326.5865619999886,22017.0
1780244017,50,,Aggregated,344.400000,0.000000,140,160,170,180,200,220,240,260,450,520,520,27082,0,140.0,146.6180051892399,3.688959000101022,1326.5865619999886,14940.583597961746
1780244018,50,POST,GraphQL/listar-musicas,69.300000,0.000000,130,150,160,180,200,240,320,360,520,520,520,5502,0,130.0,138.18043231206852,7.746811999936654,1112.0331089999809,50908.0
1780244018,50,POST,GraphQL/listar-musicas-playlist,70.000000,0.000000,150,160,180,190,220,230,250,330,520,520,520,5475,0,160.0,155.90690314794475,43.44892100004927,607.8428800000211,327.0
1780244018,50,POST,GraphQL/listar-playlists-musica,69.800000,0.000000,140,160,170,180,220,240,280,360,570,570,570,5463,0,160.0,160.70679890664505,42.47922100000778,572.3490589998619,538.0
1780244018,50,POST,GraphQL/listar-playlists-usuario,68.800000,0.000000,150,170,180,190,210,230,250,290,470,470,470,5491,0,150.0,150.8388741839382,42.49082499995893,750.1540990000422,739.0
1780244018,50,POST,GraphQL/listar-usuarios,69.200000,0.000000,120,140,160,170,190,200,240,320,530,530,530,5509,0,120.0,127.15448906843368,3.688959000101022,1326.5865619999886,22017.0
1780244018,50,,Aggregated,347.100000,0.000000,140,160,170,180,210,230,270,340,520,570,570,27440,0,140.0,146.521523839832,3.688959000101022,1326.5865619999886,14948.058928571429
1780244019,50,POST,GraphQL/listar-musicas,69.400000,0.000000,130,160,170,180,210,270,340,400,600,600,600,5561,0,130.0,138.74018658856346,7.746811999936654,1112.0331089999809,50908.0
1780244019,50,POST,GraphQL/listar-musicas-playlist,69.200000,0.000000,150,160,170,190,220,240,270,350,520,520,520,5545,0,160.0,155.63779489738462,43.44892100004927,607.8428800000211,327.0
1780244019,50,POST,GraphQL/listar-playlists-musica,69.000000,0.000000,140,160,180,190,230,270,330,390,570,570,570,5536,0,160.0,160.8032762747477,42.47922100000778,572.3490589998619,538.0
1780244019,50,POST,GraphQL/listar-playlists-usuario,68.500000,0.000000,150,160,180,190,210,230,270,320,470,470,470,5553,0,150.0,150.65703975022598,42.49082499995893,750.1540990000422,739.0
1780244019,50,POST,GraphQL/listar-usuarios,69.200000,0.000000,110,140,160,170,190,220,280,340,530,530,530,5582,0,120.0,126.96936481977805,3.688959000101022,1326.5865619999886,22017.0
1780244019,50,,Aggregated,345.300000,0.000000,140,160,170,180,210,240,310,360,530,600,600,27777,0,140.0,146.52749483165894,3.688959000101022,1326.5865619999886,14936.58537639054
1780244020,50,POST,GraphQL/listar-musicas,69.100000,0.000000,130,160,180,190,240,290,360,430,600,600,600,5637,0,130.0,139.1972836916802,7.746811999936654,1112.0331089999809,50908.0
1780244020,50,POST,GraphQL/listar-musicas-playlist,69.400000,0.000000,150,160,170,190,230,250,340,420,520,520,520,5618,0,160.0,155.49677474279065,43.44892100004927,607.8428800000211,327.0
1780244020,50,POST,GraphQL/listar-playlists-musica,69.400000,0.000000,140,160,180,190,240,290,360,420,570,570,570,5609,0,160.0,160.54090867605677,42.47922100000778,572.3490589998619,538.0
1780244020,50,POST,GraphQL/listar-playlists-usuario,69.000000,0.000000,140,160,170,180,210,240,280,330,470,470,470,5630,0,150.0,150.13223635826017,42.49082499995893,750.1540990000422,739.0
1780244020,50,POST,GraphQL/listar-usuarios,69.300000,0.000000,110,130,150,170,200,240,340,380,550,550,550,5649,0,120.0,126.97975351194918,3.688959000101022,1326.5865619999886,22017.0
1780244020,50,,Aggregated,346.200000,0.000000,140,160,170,180,220,260,340,400,530,600,600,28143,0,140.0,146.44007546192623,3.688959000101022,1326.5865619999886,14936.493159933198
1780244021,50,POST,GraphQL/listar-musicas,69.000000,0.000000,140,170,190,200,250,330,400,510,600,600,600,5707,0,130.0,139.93734149640812,7.746811999936654,1112.0331089999809,50908.0
1780244021,50,POST,GraphQL/listar-musicas-playlist,68.700000,0.000000,140,160,170,180,220,250,350,430,590,590,590,5690,0,160.0,155.3519161367307,43.08802699983971,607.8428800000211,327.0
1780244021,50,POST,GraphQL/listar-playlists-musica,69.400000,0.000000,140,160,180,190,240,290,370,430,570,570,570,5679,0,160.0,160.23539816781152,42.47922100000778,572.3490589998619,538.0
1780244021,50,POST,GraphQL/listar-playlists-usuario,69.600000,0.000000,140,160,170,180,210,260,320,350,470,470,470,5696,0,150.0,150.03314869540114,42.44134300006408,750.1540990000422,739.0
1780244021,50,POST,GraphQL/listar-usuarios,69.900000,0.000000,110,130,150,170,210,250,350,410,550,550,550,5720,0,120.0,126.83539109003533,3.688959000101022,1326.5865619999886,22017.0
1780244021,50,,Aggregated,346.600000,0.000000,140,160,170,190,230,280,360,420,580,600,600,28492,0,140.0,146.44949069693203,3.688959000101022,1326.5865619999886,14937.332303804576
1780244022,50,POST,GraphQL/listar-musicas,69.200000,0.000000,140,170,200,210,280,340,410,510,600,600,600,5777,0,130.0,140.29674181287868,7.746811999936654,1112.0331089999809,50908.0
1780244022,50,POST,GraphQL/listar-musicas-playlist,68.400000,0.000000,140,160,170,190,230,270,370,430,590,590,590,5756,0,160.0,155.37313886414108,43.08802699983971,607.8428800000211,327.0
1780244022,50,POST,GraphQL/listar-playlists-musica,68.900000,0.000000,140,160,180,200,250,300,380,430,570,570,570,5748,0,160.0,159.94903275626365,42.47922100000778,572.3490589998619,538.0
1780244022,50,POST,GraphQL/listar-playlists-usuario,69.200000,0.000000,140,160,170,180,220,260,330,380,560,560,560,5768,0,150.0,149.84892136927965,42.44134300006408,750.1540990000422,739.0
1780244022,50,POST,GraphQL/listar-usuarios,69.000000,0.000000,110,140,160,180,220,260,350,410,550,550,550,5791,0,120.0,126.71224564686631,3.688959000101022,1326.5865619999886,22017.0
1780244022,50,,Aggregated,344.700000,0.000000,140,160,180,190,240,290,370,420,580,600,600,28840,0,140.0,146.4052807918512,3.688959000101022,1326.5865619999886,14938.736165048544
1780244023,50,POST,GraphQL/listar-musicas,69.100000,0.000000,140,170,190,210,280,340,410,510,600,600,600,5853,0,130.0,140.23640951939188,7.746811999936654,1112.0331089999809,50908.0
1780244023,50,POST,GraphQL/listar-musicas-playlist,70.100000,0.000000,140,160,180,190,230,270,370,430,590,590,590,5825,0,160.0,155.42580035519237,43.08802699983971,607.8428800000211,327.0
1780244023,50,POST,GraphQL/listar-playlists-musica,69.900000,0.000000,140,160,180,200,250,310,380,430,570,570,570,5813,0,160.0,160.04204562669946,42.47922100000778,572.3490589998619,538.0
1780244023,50,POST,GraphQL/listar-playlists-usuario,70.300000,0.000000,140,160,170,180,210,260,330,380,560,560,560,5841,0,150.0,149.84177346550342,42.44134300006408,750.1540990000422,739.0
1780244023,50,POST,GraphQL/listar-usuarios,69.200000,0.000000,110,130,150,170,220,260,340,410,550,550,550,5857,0,120.0,126.6942145214278,3.688959000101022,1326.5865619999886,22017.0
1780244023,50,,Aggregated,348.600000,0.000000,140,160,180,190,240,290,360,420,580,600,600,29189,0,140.0,146.4167054876153,3.688959000101022,1326.5865619999886,14946.272945287608
1780244024,50,POST,GraphQL/listar-musicas,69.000000,0.000000,130,160,190,210,270,340,410,510,600,600,600,5921,0,130.0,139.94087149332893,7.746811999936654,1112.0331089999809,50908.0
1780244024,50,POST,GraphQL/listar-musicas-playlist,68.600000,0.000000,140,160,180,190,220,260,350,400,590,590,590,5905,0,160.0,155.4372359476707,43.08802699983971,607.8428800000211,327.0
1780244024,50,POST,GraphQL/listar-playlists-musica,69.900000,0.000000,140,160,180,190,250,300,380,420,570,570,570,5892,0,160.0,160.0298869348274,42.47922100000778,572.3490589998619,538.0
1780244024,50,POST,GraphQL/listar-playlists-usuario,68.000000,0.000000,140,160,170,180,210,260,330,380,560,560,560,5913,0,150.0,149.7509832665325,42.44134300006408,750.1540990000422,739.0
1780244024,50,POST,GraphQL/listar-usuarios,69.600000,0.000000,110,130,150,160,200,250,340,370,550,550,550,5925,0,120.0,126.64248571274301,3.688959000101022,1326.5865619999886,22017.0
1780244024,50,,Aggregated,345.100000,0.000000,140,160,170,180,230,290,360,420,580,600,600,29556,0,140.0,146.33838016328326,3.688959000101022,1326.5865619999886,14932.586649072946
1780244025,50,POST,GraphQL/listar-musicas,69.500000,0.000000,140,160,190,210,270,340,410,510,600,600,600,5992,0,130.0,139.72166210230358,7.746811999936654,1112.0331089999809,50908.0
1780244025,50,POST,GraphQL/listar-musicas-playlist,68.700000,0.000000,150,160,180,190,220,270,360,420,590,590,590,5966,0,160.0,155.52677245390464,43.08802699983971,607.8428800000211,327.0
1780244025,50,POST,GraphQL/listar-playlists-musica,68.400000,0.000000,150,160,180,190,250,300,380,430,570,570,570,5959,0,160.0,160.04878983050884,42.47922100000778,572.3490589998619,538.0
1780244025,50,POST,GraphQL/listar-playlists-usuario,69.200000,0.000000,140,160,170,180,210,260,330,380,560,560,560,5975,0,150.0,149.7096847800847,42.44134300006408,750.1540990000422,739.0
1780244025,50,POST,GraphQL/listar-usuarios,68.900000,0.000000,110,140,150,160,200,250,340,370,550,550,550,5999,0,120.0,126.67100608034717,3.688959000101022,1326.5865619999886,22017.0
1780244025,50,,Aggregated,344.700000,0.000000,140,160,170,180,230,290,360,420,580,600,600,29891,0,140.0,146.30592467344692,3.688959000101022,1326.5865619999886,14944.065705396273
1780244027,50,POST,GraphQL/listar-musicas,69.400000,0.000000,130,160,180,200,270,340,410,510,600,600,600,6062,0,130.0,139.57696603579723,7.746811999936654,1112.0331089999809,50908.0
1780244027,50,POST,GraphQL/listar-musicas-playlist,70.800000,0.000000,150,170,180,190,230,270,360,400,590,590,590,6037,0,160.0,155.76956849213096,43.08802699983971,607.8428800000211,327.0
1780244027,50,POST,GraphQL/listar-playlists-musica,70.300000,0.000000,150,170,180,190,250,300,380,420,570,570,570,6026,0,160.0,160.13827099634935,42.47922100000778,572.3490589998619,538.0
1780244027,50,POST,GraphQL/listar-playlists-usuario,69.600000,0.000000,140,150,170,180,210,270,330,380,560,560,560,6048,0,150.0,149.8207618186186,42.44134300006408,750.1540990000422,739.0
1780244027,50,POST,GraphQL/listar-usuarios,68.900000,0.000000,110,140,150,160,200,250,340,370,550,550,550,6068,0,120.0,126.73626052060042,3.688959000101022,1326.5865619999886,22017.0
1780244027,50,,Aggregated,349.000000,0.000000,140,160,170,180,230,290,360,420,580,600,600,30241,0,140.0,146.37879932667556,3.688959000101022,1326.5865619999886,14942.925531563109
1780244028,50,POST,GraphQL/listar-musicas,69.500000,0.000000,130,150,170,190,250,330,400,480,600,600,600,6127,0,130.0,139.3883011547254,7.746811999936654,1112.0331089999809,50908.0
1780244028,50,POST,GraphQL/listar-musicas-playlist,68.600000,0.000000,150,170,180,190,220,260,340,400,590,590,590,6116,0,160.0,155.63993437573475,43.08802699983971,607.8428800000211,327.0
1780244028,50,POST,GraphQL/listar-playlists-musica,69.100000,0.000000,150,170,180,180,220,290,340,390,540,540,540,6101,0,160.0,159.9906019983611,42.47922100000778,572.3490589998619,538.0
1780244028,50,POST,GraphQL/listar-playlists-usuario,68.400000,0.000000,140,160,170,180,200,230,320,340,560,560,560,6124,0,150.0,149.75758275114416,42.44134300006408,750.1540990000422,739.0
1780244028,50,POST,GraphQL/listar-usuarios,69.700000,0.000000,110,140,150,160,180,240,330,370,550,550,550,6143,0,120.0,126.56041284209714,3.688959000101022,1326.5865619999886,22017.0
1780244028,50,,Aggregated,345.300000,0.000000,140,160,170,180,220,270,350,400,580,600,600,30611,0,140.0,146.24169989435126,3.688959000101022,1326.5865619999886,14928.347750808533
1780244029,50,POST,GraphQL/listar-musicas,69.700000,0.000000,130,150,160,170,230,300,360,410,600,600,600,6202,0,130.0,139.27163030054848,7.746811999936654,1112.0331089999809,50908.0
1780244029,50,POST,GraphQL/listar-musicas-playlist,68.400000,0.000000,150,170,180,190,210,240,340,400,590,590,590,6178,0,160.0,155.60948029475458,43.08802699983971,607.8428800000211,327.0
1780244029,50,POST,GraphQL/listar-playlists-musica,68.800000,0.000000,150,170,180,180,210,250,330,380,540,540,540,6174,0,160.0,159.92397878263716,42.47922100000778,572.3490589998619,538.0
1780244029,50,POST,GraphQL/listar-playlists-usuario,70.100000,0.000000,140,160,170,180,200,220,300,330,560,560,560,6193,0,150.0,149.8547007858887,42.44134300006408,750.1540990000422,739.0
1780244029,50,POST,GraphQL/listar-usuarios,69.500000,0.000000,120,140,150,160,180,240,320,370,550,550,550,6217,0,120.0,126.60283692987012,3.688959000101022,1326.5865619999886,22017.0
1780244029,50,,Aggregated,346.500000,0.000000,140,160,170,180,210,250,330,380,560,600,600,30964,0,140.0,146.22234415931365,3.688959000101022,1326.5865619999886,14937.65501873143
1780244030,50,POST,GraphQL/listar-musicas,69.000000,0.000000,130,150,160,170,200,270,350,370,600,600,600,6278,0,130.0,139.2760454518958,7.746811999936654,1112.0331089999809,50908.0
1780244030,50,POST,GraphQL/listar-musicas-playlist,70.600000,0.000000,150,170,190,190,210,230,270,340,590,590,590,6244,0,160.0,155.70802058872417,43.08802699983971,607.8428800000211,327.0
1780244030,50,POST,GraphQL/listar-playlists-musica,69.700000,0.000000,150,170,180,180,200,220,280,340,540,540,540,6230,0,160.0,159.82624126452677,42.47922100000778,572.3490589998619,538.0
1780244030,50,POST,GraphQL/listar-playlists-usuario,70.400000,0.000000,150,170,180,180,200,220,280,330,560,560,560,6265,0,150.0,150.00817966065588,42.44134300006408,750.1540990000422,739.0
1780244030,50,POST,GraphQL/listar-usuarios,69.900000,0.000000,120,140,150,160,180,200,260,290,470,470,470,6280,0,120.0,126.67417927961793,3.688959000101022,1326.5865619999886,22017.0
1780244030,50,,Aggregated,349.600000,0.000000,140,160,170,180,200,230,290,340,560,600,600,31297,0,140.0,146.26476877755022,3.688959000101022,1326.5865619999886,14950.012684921878
1780244031,50,POST,GraphQL/listar-musicas,69.400000,0.000000,130,150,160,160,190,250,350,370,640,640,640,6345,0,130.0,139.61685529818777,7.746811999936654,1112.0331089999809,50908.0
1780244031,50,POST,GraphQL/listar-musicas-playlist,69.300000,0.000000,150,170,180,190,210,220,270,300,440,440,440,6327,0,160.0,155.331698721668,43.08802699983971,607.8428800000211,327.0
1780244031,50,POST,GraphQL/listar-playlists-musica,69.800000,0.000000,150,170,170,180,200,220,300,350,700,700,700,6316,0,160.0,159.4683810956308,42.47922100000778,701.8368030001056,538.0
1780244031,50,POST,GraphQL/listar-playlists-usuario,68.500000,0.000000,150,160,170,180,200,210,250,310,560,560,560,6339,0,150.0,149.71221546064194,42.44134300006408,750.1540990000422,739.0
1780244031,50,POST,GraphQL/listar-usuarios,69.900000,0.000000,120,140,150,160,180,200,290,330,400,400,400,6352,0,120.0,126.57849181171296,3.688959000101022,1326.5865619999886,22017.0
1780244031,50,,Aggregated,346.900000,0.000000,140,160,170,180,200,220,290,340,530,700,700,31679,0,140.0,146.11910772031925,3.688959000101022,1326.5865619999886,14931.490956153919
1780244032,50,POST,GraphQL/listar-musicas,69.800000,0.000000,130,150,150,160,180,220,280,330,640,640,640,6411,0,130.0,139.60109587303097,7.746811999936654,1112.0331089999809,50908.0
1780244032,50,POST,GraphQL/listar-musicas-playlist,69.900000,0.000000,150,170,180,190,210,220,240,290,440,440,440,6396,0,160.0,155.38801263617782,43.08802699983971,607.8428800000211,327.0
1780244032,50,POST,GraphQL/listar-playlists-musica,69.000000,0.000000,150,170,180,180,200,220,280,350,700,700,700,6381,0,160.0,159.6698755999066,42.47922100000778,701.8368030001056,538.0
1780244032,50,POST,GraphQL/listar-playlists-usuario,70.500000,0.000000,150,160,170,180,190,210,230,260,420,420,420,6402,0,150.0,149.72520133599033,42.44134300006408,750.1540990000422,739.0
1780244032,50,POST,GraphQL/listar-usuarios,69.500000,0.000000,120,140,150,160,170,180,290,330,410,410,410,6420,0,120.0,126.6504161207168,3.688959000101022,1326.5865619999886,22017.0
1780244032,50,,Aggregated,348.700000,0.000000,140,160,170,180,190,210,260,310,440,700,700,32010,0,140.0,146.18351268709762,3.688959000101022,1326.5865619999886,14932.07985004686
1780244033,50,POST,GraphQL/listar-musicas,69.400000,0.000000,130,140,150,160,170,200,260,300,640,640,640,6483,0,130.0,139.33872519450878,7.746811999936654,1112.0331089999809,50908.0
1780244033,50,POST,GraphQL/listar-musicas-playlist,70.200000,0.000000,160,170,180,190,210,220,240,290,440,440,440,6456,0,160.0,155.40548524256405,43.08802699983971,607.8428800000211,327.0
1780244033,50,POST,GraphQL/listar-playlists-musica,69.500000,0.000000,160,170,180,180,200,210,280,340,700,700,700,6450,0,160.0,159.77900739131832,42.47922100000778,701.8368030001056,538.0
1780244033,50,POST,GraphQL/listar-playlists-usuario,69.800000,0.000000,150,160,170,180,190,210,230,250,420,420,420,6472,0,150.0,149.66426373995844,42.44134300006408,750.1540990000422,739.0
1780244033,50,POST,GraphQL/listar-usuarios,69.300000,0.000000,130,140,150,160,170,180,290,330,410,410,410,6497,0,120.0,126.63806380945064,3.688959000101022,1326.5865619999886,22017.0
1780244033,50,,Aggregated,348.200000,0.000000,140,160,170,180,190,210,240,300,440,700,700,32358,0,140.0,146.13387667133296,3.688959000101022,1326.5865619999886,14940.510322022375
1780244034,50,POST,GraphQL/listar-musicas,69.500000,0.000000,130,150,150,160,170,200,260,300,640,640,640,6555,0,130.0,139.1727772893975,7.746811999936654,1112.0331089999809,50908.0
1780244034,50,POST,GraphQL/listar-musicas-playlist,69.100000,0.000000,160,170,180,190,200,220,240,290,440,440,440,6534,0,160.0,155.5509712488512,43.08802699983971,607.8428800000211,327.0
1780244034,50,POST,GraphQL/listar-playlists-musica,69.000000,0.000000,160,180,190,190,200,210,280,340,700,700,700,6523,0,160.0,159.97182609504918,42.47922100000778,701.8368030001056,538.0
1780244034,50,POST,GraphQL/listar-playlists-usuario,69.900000,0.000000,150,170,170,180,190,210,230,250,420,420,420,6550,0,150.0,149.58785336717733,42.44134300006408,750.1540990000422,739.0
1780244034,50,POST,GraphQL/listar-usuarios,69.600000,0.000000,130,140,150,160,170,180,290,330,410,410,410,6558,0,120.0,126.56617018313521,3.688959000101022,1326.5865619999886,22017.0
1780244034,50,,Aggregated,347.100000,0.000000,140,160,170,180,200,210,240,300,440,700,700,32720,0,140.0,146.14808088343483,3.688959000101022,1326.5865619999886,14932.025305623472
1780244035,50,POST,GraphQL/listar-musicas,69.700000,0.000000,130,150,150,160,170,200,260,300,640,640,640,6624,0,130.0,138.99781654695047,7.746811999936654,1112.0331089999809,50908.0
1780244035,50,POST,GraphQL/listar-musicas-playlist,69.600000,0.000000,160,170,180,190,200,220,240,290,440,440,440,6607,0,160.0,155.48725756334088,43.08802699983971,607.8428800000211,327.0
1780244035,50,POST,GraphQL/listar-playlists-musica,69.800000,0.000000,160,180,190,190,210,210,280,340,700,700,700,6586,0,160.0,160.01925586137332,42.47922100000778,701.8368030001056,538.0
1780244035,50,POST,GraphQL/listar-playlists-usuario,69.800000,0.000000,150,160,170,180,190,210,230,250,420,420,420,6610,0,150.0,149.52589503494877,42.44134300006408,750.1540990000422,739.0
1780244035,50,POST,GraphQL/listar-usuarios,68.900000,0.000000,120,140,150,150,170,180,290,330,410,410,410,6631,0,120.0,126.40429284768518,3.688959000101022,1326.5865619999886,22017.0
1780244035,50,,Aggregated,347.800000,0.000000,140,160,170,180,200,210,240,300,440,700,700,33058,0,140.0,146.0604301132853,3.688959000101022,1326.5865619999886,14937.318228567972
1780244036,50,POST,GraphQL/listar-musicas,69.200000,0.000000,130,150,160,160,180,220,320,360,640,640,640,6688,0,130.0,139.1939251163278,7.746811999936654,1112.0331089999809,50908.0
1780244036,50,POST,GraphQL/listar-musicas-playlist,69.700000,0.000000,150,170,180,180,200,220,240,290,440,440,440,6666,0,160.0,155.36046459015816,43.08802699983971,607.8428800000211,327.0
1780244036,50,POST,GraphQL/listar-playlists-musica,69.300000,0.000000,160,180,190,200,210,220,300,360,700,700,700,6663,0,160.0,160.06365358727388,42.47922100000778,701.8368030001056,538.0
1780244036,50,POST,GraphQL/listar-playlists-usuario,69.300000,0.000000,150,160,170,180,190,210,230,250,420,420,420,6676,0,150.0,149.42007977951033,42.44134300006408,750.1540990000422,739.0
1780244036,50,POST,GraphQL/listar-usuarios,69.200000,0.000000,120,140,150,150,170,190,310,340,490,490,490,6709,0,120.0,126.38159101281836,3.688959000101022,1326.5865619999886,22017.0
1780244036,50,,Aggregated,346.700000,0.000000,140,160,170,180,200,210,280,330,470,700,700,33402,0,140.0,146.05378416564838,3.688959000101022,1326.5865619999886,14935.716334351237
1780244037,50,POST,GraphQL/listar-musicas,69.000000,0.000000,130,150,160,170,200,240,350,370,640,640,640,6766,0,130.0,139.52020432072138,7.746811999936654,1112.0331089999809,50908.0
1780244037,50,POST,GraphQL/listar-musicas-playlist,69.900000,0.000000,150,170,180,190,210,220,270,290,440,440,440,6733,0,160.0,155.29859697861173,43.08802699983971,607.8428800000211,327.0
1780244037,50,POST,GraphQL/listar-playlists-musica,69.200000,0.000000,160,180,190,200,210,220,300,360,700,700,700,6721,0,160.0,159.85591495491832,42.47922100000778,701.8368030001056,538.0
1780244037,50,POST,GraphQL/listar-playlists-usuario,69.400000,0.000000,150,170,180,180,200,220,250,260,420,420,420,6760,0,150.0,149.6735701063624,42.44134300006408,750.1540990000422,739.0
1780244037,50,POST,GraphQL/listar-usuarios,69.900000,0.000000,130,140,150,160,170,200,310,340,490,490,490,6767,0,120.0,126.44774400369405,3.688959000101022,1326.5865619999886,22017.0
1780244037,50,,Aggregated,347.400000,0.000000,140,160,170,180,200,220,290,350,490,700,700,33747,0,140.0,146.13079615654695,3.688959000101022,1326.5865619999886,14941.944350608943
1780244038,50,POST,GraphQL/listar-musicas,68.200000,0.000000,130,150,170,180,210,240,350,370,640,640,640,6825,0,130.0,139.49142736615357,7.746811999936654,1112.0331089999809,50908.0
1780244038,50,POST,GraphQL/listar-musicas-playlist,69.600000,0.000000,150,170,180,190,210,230,270,290,440,440,440,6820,0,160.0,154.9955906797645,43.08802699983971,607.8428800000211,327.0
1780244038,50,POST,GraphQL/listar-playlists-musica,69.800000,0.000000,150,180,190,200,210,230,300,360,700,700,700,6808,0,160.0,159.34448088719247,42.47922100000778,701.8368030001056,538.0
1780244038,50,POST,GraphQL/listar-playlists-usuario,69.200000,0.000000,150,170,180,180,200,230,250,270,420,420,420,6822,0,150.0,149.6665234154221,42.44134300006408,750.1540990000422,739.0
1780244038,50,POST,GraphQL/listar-usuarios,69.600000,0.000000,120,140,150,160,180,200,310,340,490,490,490,6846,0,120.0,126.1079694287172,3.688959000101022,1326.5865619999886,22017.0
1780244038,50,,Aggregated,346.400000,0.000000,140,160,170,180,200,230,290,350,490,700,700,34121,0,140.0,145.90065729430535,3.688959000101022,1326.5865619999886,14920.716977814249
1780244039,50,POST,GraphQL/listar-musicas,69.500000,0.000000,130,150,170,180,230,310,370,430,640,640,640,6903,0,130.0,140.0203006362448,7.746811999936654,1112.0331089999809,50908.0
1780244039,50,POST,GraphQL/listar-musicas-playlist,69.100000,0.000000,140,170,180,180,210,230,290,320,480,480,480,6883,0,160.0,154.78432761847978,43.08802699983971,607.8428800000211,327.0
1780244039,50,POST,GraphQL/listar-playlists-musica,69.200000,0.000000,150,180,190,200,210,260,360,410,700,700,700,6872,0,160.0,159.341732161526,42.47922100000778,701.8368030001056,538.0
1780244039,50,POST,GraphQL/listar-playlists-usuario,68.400000,0.000000,140,160,170,180,210,230,260,320,600,600,600,6890,0,150.0,149.5281766538475,42.44134300006408,750.1540990000422,739.0
1780244039,50,POST,GraphQL/listar-usuarios,69.500000,0.000000,120,140,150,150,180,230,340,390,490,490,490,6912,0,120.0,126.2900246022856,3.688959000101022,1326.5865619999886,22017.0
1780244039,50,,Aggregated,345.700000,0.000000,140,160,170,180,210,250,340,390,600,700,700,34460,0,140.0,145.96932190655792,3.688959000101022,1326.5865619999886,14934.38813116657
1780244040,50,POST,GraphQL/listar-musicas,69.600000,0.000000,130,150,170,180,230,320,390,430,560,560,560,6974,0,130.0,140.31260890063047,7.746811999936654,1112.0331089999809,50908.0
1780244040,50,POST,GraphQL/listar-musicas-playlist,70.100000,0.000000,150,170,180,180,210,230,280,330,480,480,480,6951,0,160.0,154.63013688965546,43.08802699983971,607.8428800000211,327.0
1780244040,50,POST,GraphQL/listar-playlists-musica,69.000000,0.000000,160,180,190,200,220,260,350,390,630,630,630,6940,0,160.0,159.19095619639882,42.47922100000778,701.8368030001056,538.0
1780244040,50,POST,GraphQL/listar-playlists-usuario,70.000000,0.000000,150,160,180,180,210,240,280,360,600,600,600,6960,0,150.0,149.47956233060475,42.44134300006408,750.1540990000422,739.0
1780244040,50,POST,GraphQL/listar-usuarios,68.700000,0.000000,120,140,150,160,180,230,320,410,510,510,510,6984,0,120.0,126.26363612557286,3.688959000101022,1326.5865619999886,22017.0
1780244040,50,,Aggregated,347.400000,0.000000,140,160,180,180,210,250,340,390,550,630,630,34809,0,140.0,145.94968084455132,3.688959000101022,1326.5865619999886,14937.207532534689
1780244041,50,POST,GraphQL/listar-musicas,69.300000,0.000000,130,150,160,180,230,310,390,430,560,560,560,7046,0,130.0,140.12579876241782,7.746811999936654,1112.0331089999809,50908.0
1780244041,50,POST,GraphQL/listar-musicas-playlist,69.000000,0.000000,150,170,180,180,200,230,270,330,480,480,480,7025,0,160.0,154.7232654241984,43.08802699983971,607.8428800000211,327.0
1780244041,50,POST,GraphQL/listar-playlists-musica,68.600000,0.000000,160,180,190,200,210,240,310,390,630,630,630,7011,0,160.0,159.22706415946473,42.47922100000778,701.8368030001056,538.0
1780244041,50,POST,GraphQL/listar-playlists-usuario,69.300000,0.000000,150,160,170,180,210,240,270,360,600,600,600,7037,0,150.0,149.54608044777737,42.44134300006408,750.1540990000422,739.0
1780244041,50,POST,GraphQL/listar-usuarios,68.500000,0.000000,120,140,150,150,180,220,310,400,510,510,510,7051,0,120.0,126.26316624649006,3.688959000101022,1326.5865619999886,22017.0
1780244041,50,,Aggregated,344.700000,0.000000,140,160,170,180,210,240,330,390,550,630,630,35170,0,140.0,145.95495074842142,3.688959000101022,1326.5865619999886,14933.43960762013
1780244042,50,POST,GraphQL/listar-musicas,68.900000,0.000000,130,150,170,180,230,320,390,430,560,560,560,7111,0,130.0,139.94151910968853,7.746811999936654,1112.0331089999809,50908.0
1780244042,50,POST,GraphQL/listar-musicas-playlist,69.700000,0.000000,150,170,180,180,210,230,270,330,480,480,480,7094,0,160.0,154.76636359359952,43.08802699983971,607.8428800000211,327.0
1780244042,50,POST,GraphQL/listar-playlists-musica,70.100000,0.000000,150,180,190,200,220,240,310,390,630,630,630,7078,0,160.0,159.2668088804757,42.47922100000778,701.8368030001056,538.0
1780244042,50,POST,GraphQL/listar-playlists-usuario,68.700000,0.000000,150,160,170,180,210,240,270,360,600,600,600,7104,0,150.0,149.52326582939332,42.44134300006408,750.1540990000422,739.0
1780244042,50,POST,GraphQL/listar-usuarios,69.400000,0.000000,120,140,150,150,180,220,310,400,510,510,510,7125,0,120.0,126.23620784126318,3.688959000101022,1326.5865619999886,22017.0
1780244042,50,,Aggregated,346.800000,0.000000,140,160,170,180,210,240,330,390,550,630,630,35512,0,140.0,145.92175772412082,3.688959000101022,1326.5865619999886,14931.726486821357
1780244043,50,POST,GraphQL/listar-musicas,69.500000,0.000000,130,150,170,180,230,320,390,430,560,560,560,7182,0,130.0,139.73371462155333,7.746811999936654,1112.0331089999809,50908.0
1780244043,50,POST,GraphQL/listar-musicas-playlist,69.000000,0.000000,150,170,180,190,210,230,270,330,480,480,480,7161,0,160.0,154.84995530638136,43.08802699983971,607.8428800000211,327.0
1780244043,50,POST,GraphQL/listar-playlists-musica,69.400000,0.000000,150,170,190,200,220,230,310,390,630,630,630,7154,0,160.0,159.28578357730032,42.47922100000778,701.8368030001056,538.0
1780244043,50,POST,GraphQL/listar-playlists-usuario,68.800000,0.000000,150,170,180,180,210,240,270,360,600,600,600,7175,0,150.0,149.5389414535206,42.44134300006408,750.1540990000422,739.0
1780244043,50,POST,GraphQL/listar-usuarios,69.500000,0.000000,120,140,150,160,180,220,310,400,510,510,510,7195,0,120.0,126.24625678207092,3.688959000101022,1326.5865619999886,22017.0
1780244043,50,,Aggregated,346.200000,0.000000,140,160,170,180,210,240,330,390,550,630,630,35867,0,140.0,145.9074437937096,3.688959000101022,1326.5865619999886,14930.894554883318
1780244044,50,POST,GraphQL/listar-musicas,69.600000,0.000000,130,150,170,180,230,310,390,430,560,560,560,7256,0,130.0,139.5842777542714,7.746811999936654,1112.0331089999809,50908.0
1780244044,50,POST,GraphQL/listar-musicas-playlist,69.400000,0.000000,150,170,180,190,210,230,270,330,480,480,480,7226,0,160.0,154.97097836022638,43.08802699983971,607.8428800000211,327.0
1780244044,50,POST,GraphQL/listar-playlists-musica,69.000000,0.000000,150,170,180,190,210,240,310,390,630,630,630,7212,0,160.0,159.30866097337866,42.47922100000778,701.8368030001056,538.0
1780244044,50,POST,GraphQL/listar-playlists-usuario,69.400000,0.000000,150,170,180,190,210,240,270,360,600,600,600,7244,0,150.0,149.5892122778867,42.44134300006408,750.1540990000422,739.0
1780244044,50,POST,GraphQL/listar-usuarios,69.000000,0.000000,120,140,150,160,180,220,310,400,510,510,510,7257,0,120.0,126.31773812443193,3.688959000101022,1326.5865619999886,22017.0
1780244044,50,,Aggregated,346.400000,0.000000,140,160,170,180,210,240,330,390,550,630,630,36195,0,140.0,145.9287180899566,3.688959000101022,1326.5865619999886,14940.24287885067
1780244045,50,POST,GraphQL/listar-musicas,69.300000,0.000000,130,150,160,180,220,310,380,430,560,560,560,7321,0,130.0,139.37465943846388,7.746811999936654,1112.0331089999809,50908.0
1780244045,50,POST,GraphQL/listar-musicas-playlist,69.800000,0.000000,150,170,180,190,210,230,270,330,480,480,480,7309,0,160.0,154.94217145067662,43.08802699983971,607.8428800000211,327.0
1780244045,50,POST,GraphQL/listar-playlists-musica,69.500000,0.000000,150,160,180,190,210,240,310,390,630,630,630,7296,0,160.0,159.24367876494063,42.47922100000778,701.8368030001056,538.0
1780244045,50,POST,GraphQL/listar-playlists-usuario,69.100000,0.000000,150,170,180,190,210,240,270,360,600,600,600,7314,0,150.0,149.53642817828975,42.44134300006408,750.1540990000422,739.0
1780244045,50,POST,GraphQL/listar-usuarios,69.300000,0.000000,120,140,150,160,180,220,310,400,510,510,510,7326,0,120.0,126.27765827886995,3.688959000101022,1326.5865619999886,22017.0
1780244045,50,,Aggregated,347.000000,0.000000,140,160,170,180,210,240,320,390,550,630,630,36566,0,140.0,145.85942278066986,3.688959000101022,1326.5865619999886,14924.091970683148
1780244046,50,POST,GraphQL/listar-musicas,69.300000,0.000000,120,140,160,160,210,270,370,420,560,560,560,7395,0,130.0,139.23625565611832,7.746811999936654,1112.0331089999809,50908.0
1780244046,50,POST,GraphQL/listar-musicas-playlist,69.000000,0.000000,150,170,180,190,210,230,260,320,480,480,480,7366,0,160.0,154.9577409808575,43.08802699983971,607.8428800000211,327.0
1780244046,50,POST,GraphQL/listar-playlists-musica,70.100000,0.000000,150,170,180,190,210,230,280,380,630,630,630,7361,0,160.0,159.23603870153593,42.47922100000778,701.8368030001056,538.0
1780244046,50,POST,GraphQL/listar-playlists-usuario,69.200000,0.000000,150,160,170,180,200,230,270,360,600,600,600,7376,0,150.0,149.5317691049364,42.44134300006408,750.1540990000422,739.0
1780244046,50,POST,GraphQL/listar-usuarios,69.400000,0.000000,120,140,150,160,180,200,310,390,510,510,510,7403,0,120.0,126.3620039747399,3.688959000101022,1326.5865619999886,22017.0
1780244046,50,,Aggregated,347.000000,0.000000,140,160,170,180,200,230,310,380,550,630,630,36901,0,140.0,145.83917931402857,3.688959000101022,1326.5865619999886,14939.331589929812
1780244047,50,POST,GraphQL/listar-musicas,69.600000,0.000000,120,140,150,160,200,260,370,420,560,560,560,7466,0,130.0,139.15225304540536,7.746811999936654,1112.0331089999809,50908.0
1780244047,50,POST,GraphQL/listar-musicas-playlist,67.300000,0.000000,150,170,180,190,210,230,260,320,480,480,480,7446,0,160.0,155.05579313121095,43.08802699983971,607.8428800000211,327.0
1780244047,50,POST,GraphQL/listar-playlists-musica,68.100000,0.000000,150,170,180,190,210,230,280,380,630,630,630,7426,0,160.0,159.19776150781126,42.47922100000778,701.8368030001056,538.0
1780244047,50,POST,GraphQL/listar-playlists-usuario,68.900000,0.000000,150,160,170,180,200,220,260,360,600,600,600,7457,0,150.0,149.64570716923848,42.44134300006408,750.1540990000422,739.0
1780244047,50,POST,GraphQL/listar-usuarios,68.900000,0.000000,130,140,150,160,180,210,310,390,510,510,510,7470,0,120.0,126.43257469544854,3.688959000101022,1326.5865619999886,22017.0
1780244047,50,,Aggregated,342.800000,0.000000,140,160,170,180,200,230,310,380,550,630,630,37265,0,140.0,145.87463048933262,3.688959000101022,1326.5865619999886,14933.231477257481
1780244048,50,POST,GraphQL/listar-musicas,70.200000,0.000000,120,140,150,160,190,250,350,380,490,490,490,7530,0,130.0,139.44276970995978,7.746811999936654,1112.0331089999809,50908.0
1780244048,50,POST,GraphQL/listar-musicas-playlist,69.800000,0.000000,150,170,180,190,210,230,260,310,460,460,460,7507,0,160.0,154.82147634607688,43.08802699983971,607.8428800000211,327.0
1780244048,50,POST,GraphQL/listar-playlists-musica,69.000000,0.000000,150,170,180,190,210,230,270,360,440,440,440,7500,0,160.0,158.93909758693434,42.47922100000778,701.8368030001056,538.0
1780244048,50,POST,GraphQL/listar-playlists-usuario,69.800000,0.000000,150,160,170,180,200,220,270,360,500,500,500,7521,0,150.0,149.38601081226054,42.44134300006408,750.1540990000422,739.0
1780244048,50,POST,GraphQL/listar-usuarios,69.000000,0.000000,130,140,150,160,180,210,270,320,580,580,580,7545,0,120.0,126.4332261316106,3.688959000101022,1326.5865619999886,22017.0
1780244048,50,,Aggregated,347.800000,0.000000,140,160,170,180,200,230,280,360,490,580,580,37603,0,140.0,145.77993748450868,3.688959000101022,1326.5865619999886,14932.407334521182
1780244049,50,POST,GraphQL/listar-musicas,69.000000,0.000000,120,140,150,160,180,210,300,370,490,490,490,7603,0,130.0,139.4885377319476,7.746811999936654,1112.0331089999809,50908.0
1780244049,50,POST,GraphQL/listar-musicas-playlist,69.500000,0.000000,150,170,180,190,200,220,250,320,460,460,460,7583,0,160.0,154.85177268060121,43.08802699983971,607.8428800000211,327.0
1780244049,50,POST,GraphQL/listar-playlists-musica,70.000000,0.000000,150,170,180,190,200,220,250,300,440,440,440,7570,0,160.0,158.83943344742497,42.47922100000778,701.8368030001056,538.0
1780244049,50,POST,GraphQL/listar-playlists-usuario,69.600000,0.000000,150,160,170,180,200,220,240,270,390,390,390,7588,0,150.0,149.34571660029175,42.44134300006408,750.1540990000422,739.0
1780244049,50,POST,GraphQL/listar-usuarios,69.700000,0.000000,120,140,150,160,180,200,230,290,580,580,580,7613,0,120.0,126.32577591120462,3.688959000101022,1326.5865619999886,22017.0
1780244049,50,,Aggregated,347.800000,0.000000,140,160,170,180,200,220,260,320,460,580,580,37957,0,140.0,145.7475639640904,3.688959000101022,1326.5865619999886,14933.445161630265
1780244050,50,POST,GraphQL/listar-musicas,69.100000,0.000000,120,140,150,160,180,210,290,370,490,490,490,7672,0,130.0,139.4207820079505,7.746811999936654,1112.0331089999809,50908.0
1780244050,50,POST,GraphQL/listar-musicas-playlist,68.000000,0.000000,150,170,180,190,210,220,250,320,460,460,460,7641,0,160.0,154.92115162792814,43.08802699983971,607.8428800000211,327.0
1780244050,50,POST,GraphQL/listar-playlists-musica,69.800000,0.000000,150,170,180,190,210,230,250,300,440,440,440,7637,0,160.0,159.0027579044138,42.47922100000778,701.8368030001056,538.0
1780244050,50,POST,GraphQL/listar-playlists-usuario,68.000000,0.000000,150,160,170,180,200,220,240,270,390,390,390,7663,0,150.0,149.4345986377414,42.44134300006408,750.1540990000422,739.0
1780244050,50,POST,GraphQL/listar-usuarios,69.400000,0.000000,120,140,150,160,180,200,220,260,580,580,580,7684,0,120.0,126.29115357808432,3.688959000101022,1326.5865619999886,22017.0
1780244050,50,,Aggregated,344.300000,0.000000,140,160,170,180,200,220,250,310,460,580,580,38297,0,140.0,145.78769550421666,3.688959000101022,1326.5865619999886,14936.289369924538
1780244051,50,POST,GraphQL/listar-musicas,69.700000,0.000000,120,140,150,160,190,210,290,370,490,490,490,7741,0,130.0,139.25289051969995,7.746811999936654,1112.0331089999809,50908.0
1780244051,50,POST,GraphQL/listar-musicas-playlist,70.100000,0.000000,150,170,180,190,210,220,250,320,460,460,460,7726,0,160.0,154.94184020385705,43.08802699983971,607.8428800000211,327.0
1780244051,50,POST,GraphQL/listar-playlists-musica,70.100000,0.000000,150,170,180,190,210,230,250,300,440,440,440,7713,0,160.0,159.02204102217127,42.47922100000778,701.8368030001056,538.0
1780244051,50,POST,GraphQL/listar-playlists-usuario,70.000000,0.000000,140,160,170,180,200,220,240,270,390,390,390,7737,0,150.0,149.32774584063748,42.44134300006408,750.1540990000422,739.0
1780244051,50,POST,GraphQL/listar-usuarios,69.000000,0.000000,120,140,150,160,180,200,220,260,580,580,580,7755,0,120.0,126.11549848936187,3.688959000101022,1326.5865619999886,22017.0
1780244051,50,,Aggregated,348.900000,0.000000,140,160,170,180,200,220,250,310,460,580,580,38672,0,140.0,145.71133496291844,3.688959000101022,1326.5865619999886,14925.897341745966
1780244052,50,POST,GraphQL/listar-musicas,69.800000,0.000000,120,140,160,160,190,210,290,370,490,490,490,7805,0,130.0,139.1372749745031,7.746811999936654,1112.0331089999809,50908.0
1780244052,50,POST,GraphQL/listar-musicas-playlist,69.300000,0.000000,150,170,180,190,210,220,250,320,460,460,460,7794,0,160.0,154.91766504452147,43.08802699983971,607.8428800000211,327.0
1780244052,50,POST,GraphQL/listar-playlists-musica,69.100000,0.000000,150,170,180,190,220,240,260,310,440,440,440,7783,0,160.0,159.07706229448908,42.47922100000778,701.8368030001056,538.0
1780244052,50,POST,GraphQL/listar-playlists-usuario,69.000000,0.000000,140,160,170,180,200,220,240,270,390,390,390,7799,0,150.0,149.22405884010936,42.44134300006408,750.1540990000422,739.0
1780244052,50,POST,GraphQL/listar-usuarios,69.200000,0.000000,120,140,160,170,180,200,230,260,580,580,580,7824,0,120.0,126.06816934918227,3.688959000101022,1326.5865619999886,22017.0
1780244052,50,,Aggregated,346.400000,0.000000,140,160,170,180,200,220,260,310,460,580,580,39005,0,140.0,145.66458864896774,3.688959000101022,1326.5865619999886,14923.65853095757
