Timestamp,User Count,Type,Name,Requests/s,Failures/s,50%,66%,75%,80%,90%,95%,98%,99%,99.9%,99.99%,100%,Total Request Count,Total Failure Count,Total Median Response Time,Total Average Response Time,Total Min Response Time,Total Max Response Time,Total Average Content Size
1780244417,0,,Aggregated,0.000000,0.000000,N/A,N/A,N/A,N/A,N/A,N/A,N/A,N/A,N/A,N/A,N/A,0,0,0,0.0,0,0,0
1780244418,10,POST,SOAP/listar-musicas,0.000000,0.000000,0,0,0,0,0,0,0,0,0,0,0,43,0,67,63.98561013953588,12.796064999974988,133.95396400005666,71703.0
1780244418,10,POST,SOAP/listar-musicas-playlist,0.000000,0.000000,0,0,0,0,0,0,0,0,0,0,0,43,0,47,52.454497697665424,40.81163099999685,90.68163599999934,753.0
1780244418,10,POST,SOAP/listar-playlists-musica,0.000000,0.000000,0,0,0,0,0,0,0,0,0,0,0,43,0,44,47.60375106972132,43.05843299994194,95.24869200004105,1263.0
1780244418,10,POST,SOAP/listar-playlists-usuario,0.000000,0.000000,0,0,0,0,0,0,0,0,0,0,0,43,0,10,14.48821004649205,1.1692709999806539,64.44748599983541,1608.0
1780244418,10,POST,SOAP/listar-usuarios,0.000000,0.000000,0,0,0,0,0,0,0,0,0,0,0,47,0,24,40.719945617019356,4.8570189999281865,172.8352669999822,28012.0
1780244418,10,,Aggregated,0.000000,0.000000,0,0,0,0,0,0,0,0,0,0,0,219,0,44,43.79322561185727,1.1692709999806539,172.8352669999822,20801.940639269407
1780244419,20,POST,SOAP/listar-musicas,0.000000,0.000000,95,110,120,130,140,180,210,250,250,250,250,97,0,77,82.8876318659728,12.796064999974988,251.48807199980183,71703.0
1780244419,20,POST,SOAP/listar-musicas-playlist,0.000000,0.000000,61,65,74,78,100,120,140,140,140,140,140,90,0,53,59.588776633328656,40.81163099999685,142.95283100000233,753.0
1780244419,20,POST,SOAP/listar-playlists-musica,0.000000,0.000000,52,69,84,91,120,140,230,230,230,230,230,87,0,48,60.85999085055731,43.05843299994194,231.68776099987554,1263.0
1780244419,20,POST,SOAP/listar-playlists-usuario,0.000000,0.000000,21,35,61,66,86,110,110,110,110,110,110,97,0,15,25.977668680398732,1.1692709999806539,114.99459400010892,1608.0
1780244419,20,POST,SOAP/listar-usuarios,0.000000,0.000000,51,80,96,130,220,420,520,550,550,550,550,107,0,41,71.8618396541923,4.8570189999281865,550.591250000025,28012.0
1780244419,20,,Aggregated,0.000000,0.000000,60,74,90,110,130,170,250,490,550,550,550,478,0,49,60.474811918398935,1.1692709999806539,550.591250000025,21519.041841004186
1780244420,30,POST,SOAP/listar-musicas,43.000000,0.000000,110,130,150,180,220,250,260,260,290,290,290,150,0,95,105.9174020799901,12.796064999974988,286.9023670000388,71703.0
1780244420,30,POST,SOAP/listar-musicas-playlist,43.000000,0.000000,65,77,86,98,130,160,180,200,200,200,200,140,0,59,69.26291152141987,40.81163099999685,196.14451699999336,753.0
1780244420,30,POST,SOAP/listar-playlists-musica,39.000000,0.000000,68,84,99,110,160,170,210,230,230,230,230,137,0,56,73.17107644524079,43.05843299994194,231.68776099987554,1263.0
1780244420,30,POST,SOAP/listar-playlists-usuario,43.000000,0.000000,28,43,59,68,110,120,130,150,160,160,160,148,0,20,33.12919821621563,1.1692709999806539,156.58508299998175,1608.0
1780244420,30,POST,SOAP/listar-usuarios,43.000000,0.000000,66,88,110,140,260,550,730,760,830,830,830,162,0,55,99.03089185184085,4.8570189999281865,829.1881530001319,28012.0
1780244420,30,,Aggregated,211.000000,0.000000,67,90,110,120,170,220,330,550,830,830,830,737,0,58,76.73674520216204,1.1692709999806539,829.1881530001319,21451.59972862958
1780244421,40,POST,SOAP/listar-musicas,48.000000,0.000000,130,160,190,220,280,350,390,510,550,550,550,205,0,110.0,135.04988829755547,12.796064999974988,546.3151890000972,71703.0
1780244421,40,POST,SOAP/listar-musicas-playlist,45.000000,0.000000,74,91,100,120,160,200,270,290,350,350,350,194,0,64,82.3106744639093,40.81163099999685,354.8854979999305,753.0
1780244421,40,POST,SOAP/listar-playlists-musica,43.500000,0.000000,74,96,110,130,170,230,260,300,340,340,340,187,0,64,85.06480994651733,43.05843299994194,342.1339080000507,1263.0
1780244421,40,POST,SOAP/listar-playlists-usuario,46.500000,0.000000,35,61,81,99,120,130,160,230,290,290,290,204,0,27,44.874644813723854,1.1692709999806539,288.3874090000518,1608.0
1780244421,40,POST,SOAP/listar-usuarios,51.000000,0.000000,70,96,140,150,280,510,730,830,860,860,860,217,0,60,106.28359836865754,4.8570189999281865,856.1157510000612,28012.0
1780244421,40,,Aggregated,234.000000,0.000000,76,100,130,140,210,280,390,550,860,860,860,1007,0,65,91.14060158390701,1.1692709999806539,856.1157510000612,21338.64349553128
1780244422,50,POST,SOAP/listar-musicas,49.333333,0.000000,150,200,240,260,340,390,510,550,790,790,790,255,0,130.0,160.81142892941145,12.796064999974988,794.6503130001474,71703.0
1780244422,50,POST,SOAP/listar-musicas-playlist,46.666667,0.000000,77,98,120,130,190,230,280,340,400,400,400,245,0,68,90.59228891019858,40.81163099999685,401.3950879998447,753.0
1780244422,50,POST,SOAP/listar-playlists-musica,45.666667,0.000000,80,110,130,140,190,250,310,400,450,450,450,235,0,68,94.01424112765628,43.05843299994194,454.58303800000976,1263.0
1780244422,50,POST,SOAP/listar-playlists-usuario,48.333333,0.000000,42,66,87,110,130,160,200,230,290,290,290,250,0,29,51.2359786279967,1.1692709999806539,288.3874090000518,1608.0
1780244422,50,POST,SOAP/listar-usuarios,53.000000,0.000000,74,110,140,170,280,550,1000,1300,1700,1700,1700,272,0,70,130.3853183566096,4.8570189999281865,1729.1797160000897,28012.0
1780244422,50,,Aggregated,243.000000,0.000000,82,120,140,160,240,320,490,730,1400,1700,1700,1257,0,71,106.26028088702836,1.1692709999806539,1729.1797160000897,21310.118536197297
1780244423,60,POST,SOAP/listar-musicas,50.750000,0.000000,170,230,260,290,360,430,550,630,1000,1000,1000,312,0,140.0,181.48252589423115,12.796064999974988,1007.6722179999251,71703.0
1780244423,60,POST,SOAP/listar-musicas-playlist,47.500000,0.000000,82,110,130,150,200,270,340,350,400,400,400,295,0,74,99.90731161016457,40.81163099999685,401.3950879998447,753.0
1780244423,60,POST,SOAP/listar-playlists-musica,46.000000,0.000000,84,110,140,160,220,300,360,400,450,450,450,284,0,76,104.24267611267705,43.05843299994194,454.58303800000976,1263.0
1780244423,60,POST,SOAP/listar-playlists-usuario,49.750000,0.000000,45,74,100,120,150,210,260,290,370,370,370,306,0,38,60.392515212415994,1.1692709999806539,373.99364099997,1608.0
1780244423,60,POST,SOAP/listar-usuarios,53.500000,0.000000,85,130,160,190,310,730,1300,1500,1800,1800,1800,323,0,74,148.47018016407972,4.8570189999281865,1827.7114869999878,28012.0
1780244423,60,,Aggregated,247.500000,0.000000,90,130,160,190,270,360,490,760,1700,1800,1800,1520,0,79,119.8263834657867,1.1692709999806539,1827.7114869999878,21376.37302631579
1780244424,70,POST,SOAP/listar-musicas,50.800000,0.000000,180,240,290,320,420,510,570,630,1000,1000,1000,364,0,160.0,201.64230000549887,12.796064999974988,1007.6722179999251,71703.0
1780244424,70,POST,SOAP/listar-musicas-playlist,48.400000,0.000000,90,120,140,160,230,290,350,400,560,560,560,350,0,80,109.66824963428218,40.81163099999685,564.2648519999511,753.0
1780244424,70,POST,SOAP/listar-playlists-musica,46.800000,0.000000,92,130,160,170,230,300,360,410,590,590,590,343,0,80,113.44010345772382,43.05843299994194,592.2568420000971,1263.0
1780244424,70,POST,SOAP/listar-playlists-usuario,49.800000,0.000000,48,80,110,120,150,210,260,290,370,370,370,358,0,41,63.426204388264125,1.1692709999806539,373.99364099997,1608.0
1780244424,70,POST,SOAP/listar-usuarios,54.400000,0.000000,94,140,170,190,330,760,1700,2200,3000,3000,3000,380,0,82,179.29758206051804,4.8570189999281865,2972.374890000083,28012.0
1780244424,70,,Aggregated,250.200000,0.000000,98,140,170,200,290,390,550,860,2900,3000,3000,1795,0,85,134.557828642894,1.1692709999806539,2972.374890000083,21179.31754874652
1780244425,80,POST,SOAP/listar-musicas,50.666667,0.000000,200,260,310,350,450,540,610,640,1000,1000,1000,416,0,180.0,216.74671673558365,12.796064999974988,1007.6722179999251,71703.0
1780244425,80,POST,SOAP/listar-musicas-playlist,48.500000,0.000000,96,130,160,180,260,320,380,450,590,590,590,401,0,86,120.1660520648381,40.81163099999685,585.052442999995,753.0
1780244425,80,POST,SOAP/listar-playlists-musica,47.166667,0.000000,95,130,160,180,260,320,400,440,590,590,590,392,0,87,120.11639138265313,43.05843299994194,592.2568420000971,1263.0
1780244425,80,POST,SOAP/listar-playlists-usuario,50.166667,0.000000,50,85,110,120,180,230,310,400,580,580,580,412,0,43,70.81869340048107,1.1692709999806539,581.5953450000961,1608.0
1780244425,80,POST,SOAP/listar-usuarios,53.166667,0.000000,100,140,190,220,380,830,2200,2700,3100,3100,3100,435,0,90,201.28726379309654,4.8570189999281865,3072.8354269999727,28012.0
1780244425,80,,Aggregated,249.666667,0.000000,110,150,190,220,310,430,590,1000,3000,3100,3100,2056,0,92,146.97281512305332,1.1692709999806539,3072.8354269999727,21144.55885214008
1780244426,90,POST,SOAP/listar-musicas,51.571429,0.000000,210,270,340,370,490,570,640,890,1100,1100,1100,472,0,190.0,233.14385925212667,12.796064999974988,1149.5710609999605,71703.0
1780244426,90,POST,SOAP/listar-musicas-playlist,49.428571,0.000000,100,140,180,200,280,350,450,530,610,610,610,459,0,92,129.7289459215714,40.81163099999685,612.0884370000113,753.0
1780244426,90,POST,SOAP/listar-playlists-musica,48.285714,0.000000,100,140,170,200,280,350,410,450,590,590,590,439,0,92,127.3929677243733,43.05843299994194,592.2568420000971,1263.0
1780244426,90,POST,SOAP/listar-playlists-usuario,50.857143,0.000000,55,89,120,130,210,260,360,440,710,710,710,466,0,45,77.74751148283063,1.1692709999806539,714.1130060001615,1608.0
1780244426,90,POST,SOAP/listar-usuarios,53.571429,0.000000,110,150,190,240,420,830,2500,3000,3800,3800,3800,485,0,100,220.582262334015,4.8570189999281865,3828.1091970000034,28012.0
1780244426,90,,Aggregated,253.714286,0.000000,110,160,200,240,340,460,610,1000,3100,3800,3800,2321,0,99,158.86589321800986,1.1692709999806539,3828.1091970000034,21145.64756570444
1780244427,100,POST,SOAP/listar-musicas,51.500000,0.000000,220,290,350,380,500,570,710,890,1100,1100,1100,525,0,200.0,245.3644037523853,12.796064999974988,1149.5710609999605,71703.0
1780244427,100,POST,SOAP/listar-musicas-playlist,49.500000,0.000000,110,140,180,210,280,360,460,560,610,610,610,504,0,96,134.35363317460727,40.81163099999685,612.0884370000113,753.0
1780244427,100,POST,SOAP/listar-playlists-musica,48.625000,0.000000,110,150,170,210,300,360,430,450,800,800,800,488,0,97,133.97705362704903,43.05843299994194,801.380829999971,1263.0
1780244427,100,POST,SOAP/listar-playlists-usuario,50.875000,0.000000,61,96,120,150,230,310,400,480,710,710,710,513,0,51,87.23018632748422,1.1692709999806539,714.1130060001615,1608.0
1780244427,100,POST,SOAP/listar-usuarios,53.375000,0.000000,110,160,210,260,430,860,2700,3200,4900,4900,4900,539,0,110.0,240.95193508719305,4.8570189999281865,4878.992501999846,28012.0
1780244427,100,,Aggregated,253.875000,0.000000,120,170,220,250,360,470,620,1000,4100,4900,4900,2569,0,110.0,169.9235203806931,1.1692709999806539,4878.992501999846,21239.121448034253
1780244428,110,POST,SOAP/listar-musicas,52.111111,0.000000,250,330,370,430,540,610,850,930,1100,1100,1100,573,0,220.0,258.04682405934057,12.796064999974988,1149.5710609999605,71703.0
1780244428,110,POST,SOAP/listar-musicas-playlist,49.666667,0.000000,120,160,200,230,310,390,490,580,690,690,690,552,0,100.0,140.1971142518161,40.81163099999685,689.2259900000681,753.0
1780244428,110,POST,SOAP/listar-playlists-musica,48.222222,0.000000,120,160,200,230,310,390,450,570,800,800,800,542,0,100,140.5895636863463,43.05843299994194,801.380829999971,1263.0
1780244428,110,POST,SOAP/listar-playlists-usuario,50.666667,0.000000,73,120,150,180,260,340,480,630,780,780,780,561,0,57,98.05503300891014,1.1692709999806539,780.051942,1608.0
1780244428,110,POST,SOAP/listar-usuarios,53.000000,0.000000,130,180,240,280,450,1300,3100,4300,5100,5100,5100,595,0,110.0,268.93720234957186,4.8570189999281865,5116.653273999873,28012.0
1780244428,110,,Aggregated,253.666667,0.000000,130,190,250,280,390,520,740,1300,4900,5100,5100,2823,0,110.0,182.95277707651348,1.1692709999806539,5116.653273999873,21167.28622033298
1780244429,120,POST,SOAP/listar-musicas,51.700000,0.000000,280,360,420,450,550,670,860,1000,1100,1100,1100,625,0,220.0,267.3020201952044,12.796064999974988,1149.5710609999605,71703.0
1780244429,120,POST,SOAP/listar-musicas-playlist,49.200000,0.000000,130,180,230,250,350,430,570,620,690,690,690,610,0,100.0,147.2262823541022,40.81163099999685,689.2259900000681,753.0
1780244429,120,POST,SOAP/listar-playlists-musica,48.200000,0.000000,130,180,230,260,350,440,510,590,860,860,860,597,0,110.0,148.36490118090362,43.05843299994194,856.2520890000087,1263.0
1780244429,120,POST,SOAP/listar-playlists-usuario,50.800000,0.000000,87,130,180,210,300,390,540,710,780,780,780,618,0,62,106.19370004045011,1.1692709999806539,780.051942,1608.0
1780244429,120,POST,SOAP/listar-usuarios,53.400000,0.000000,130,190,260,300,460,1500,4100,5000,5800,5800,5800,646,0,110.0,287.57815121051715,4.8570189999281865,5799.0378919998875,28012.0
1780244429,120,,Aggregated,253.300000,0.000000,150,220,270,300,430,550,790,1700,5200,5800,5800,3096,0,120.0,192.78063086886212,1.1692709999806539,5799.0378919998875,21032.691214470284
1780244430,130,POST,SOAP/listar-musicas,51.800000,0.000000,310,390,460,500,600,750,910,1000,1100,1100,1100,679,0,240.0,284.4408637584737,12.796064999974988,1149.5710609999605,71703.0
1780244430,130,POST,SOAP/listar-musicas-playlist,50.300000,0.000000,140,200,240,260,370,440,580,630,690,690,690,653,0,110.0,150.14012643951227,40.81163099999685,689.2259900000681,753.0
1780244430,130,POST,SOAP/listar-playlists-musica,49.800000,0.000000,140,190,250,280,380,450,540,610,860,860,860,638,0,110.0,154.68199956583038,43.05843299994194,856.2520890000087,1263.0
1780244430,130,POST,SOAP/listar-playlists-usuario,51.200000,0.000000,91,150,200,220,320,450,630,720,790,790,790,669,0,64,110.76955986247862,1.1692709999806539,789.8008270001355,1608.0
1780244430,130,POST,SOAP/listar-usuarios,54.600000,0.000000,150,220,280,320,510,2200,4900,5800,6900,6900,6900,700,0,120.0,319.78019809713385,4.8570189999281865,6933.123714999965,28012.0
1780244430,130,,Aggregated,257.700000,0.000000,160,230,290,330,460,590,890,2400,6600,6900,6900,3339,0,120.0,205.99429140341343,1.1692709999806539,6933.123714999965,21164.418089248276
1780244431,140,POST,SOAP/listar-musicas,52.300000,0.000000,330,420,490,530,630,790,950,1000,1100,1100,1100,731,0,240.0,295.95069757319254,12.796064999974988,1149.5710609999605,71703.0
1780244431,140,POST,SOAP/listar-musicas-playlist,51.300000,0.000000,150,210,250,270,370,460,600,630,690,690,690,707,0,110.0,153.96850541584317,40.81163099999685,689.2259900000681,753.0
1780244431,140,POST,SOAP/listar-playlists-musica,50.100000,0.000000,150,200,260,300,400,470,570,620,1000,1000,1000,694,0,110.0,159.84207085590677,43.05843299994194,1049.5967800000017,1263.0
1780244431,140,POST,SOAP/listar-playlists-usuario,51.900000,0.000000,95,160,210,240,340,480,650,720,790,790,790,719,0,66,115.0958374019456,1.1692709999806539,789.8008270001355,1608.0
1780244431,140,POST,SOAP/listar-usuarios,53.500000,0.000000,160,240,300,330,520,2400,5000,6300,6900,6900,6900,754,0,120.0,321.83521758487245,4.8570189999281865,6933.123714999965,28012.0
1780244431,140,,Aggregated,259.100000,0.000000,170,250,310,350,490,620,900,2500,6600,6900,6900,3605,0,120.0,211.2465330318995,1.1692709999806539,6933.123714999965,21109.843550624133
1780244432,150,POST,SOAP/listar-musicas,51.900000,0.000000,340,440,520,550,690,810,950,1000,1100,1100,1100,781,0,250.0,304.1116614609511,12.796064999974988,1149.5710609999605,71703.0
1780244432,150,POST,SOAP/listar-musicas-playlist,50.200000,0.000000,160,220,250,300,390,500,620,680,900,900,900,764,0,110.0,158.98989769241,40.81163099999685,903.5638479999761,753.0
1780244432,150,POST,SOAP/listar-playlists-musica,49.800000,0.000000,160,220,280,310,430,500,610,800,1400,1400,1400,751,0,120.0,167.592042824233,43.05843299994194,1378.6788559998513,1263.0
1780244432,150,POST,SOAP/listar-playlists-usuario,51.100000,0.000000,100,180,220,250,370,520,660,720,790,790,790,771,0,69,120.06306025291737,1.1692709999806539,789.8008270001355,1608.0
1780244432,150,POST,SOAP/listar-usuarios,53.300000,0.000000,170,250,310,350,530,2600,5200,6600,7800,7800,7800,807,0,130.0,336.3545198711182,4.8570189999281865,7800.843261999944,28012.0
1780244432,150,,Aggregated,256.300000,0.000000,180,260,320,370,520,650,900,2700,6900,7800,7800,3874,0,130.0,219.11405022973557,1.1692709999806539,7800.843261999944,21003.9494062984
1780244433,160,POST,SOAP/listar-musicas,51.600000,0.000000,360,470,560,590,750,860,990,1000,1100,1100,1100,833,0,270.0,319.20536604202124,12.796064999974988,1149.5710609999605,71703.0
1780244433,160,POST,SOAP/listar-musicas-playlist,51.300000,0.000000,160,220,260,310,400,540,630,690,970,970,970,806,0,110.0,162.10528344789103,40.81163099999685,967.4814739998965,753.0
1780244433,160,POST,SOAP/listar-playlists-musica,50.400000,0.000000,160,240,290,340,450,540,740,900,1400,1400,1400,792,0,120.0,173.78215751136153,43.05843299994194,1378.6788559998513,1263.0
1780244433,160,POST,SOAP/listar-playlists-usuario,51.300000,0.000000,110,200,230,270,400,570,720,780,1300,1300,1300,822,0,70,124.47661825668956,1.1692709999806539,1328.281410000045,1608.0
1780244433,160,POST,SOAP/listar-usuarios,53.300000,0.000000,180,270,330,390,600,3000,6300,7300,8700,8700,8700,857,0,130.0,361.9911851283466,4.8570189999281865,8663.865446999807,28012.0
1780244433,160,,Aggregated,257.900000,0.000000,190,280,340,390,560,720,970,3100,8100,8700,8700,4110,0,130.0,230.34954330486516,1.1692709999806539,8663.865446999807,21086.100486618005
1780244434,170,POST,SOAP/listar-musicas,51.900000,0.000000,380,480,560,610,770,900,1000,1100,1400,1400,1400,884,0,270.0,327.4402179061136,12.796064999974988,1423.8821710000593,71703.0
1780244434,170,POST,SOAP/listar-musicas-playlist,51.600000,0.000000,160,230,270,320,410,560,680,870,970,970,970,858,0,120.0,167.8626659510484,40.81163099999685,967.4814739998965,753.0
1780244434,170,POST,SOAP/listar-playlists-musica,51.100000,0.000000,180,260,320,360,490,610,780,900,1400,1400,1400,843,0,120.0,180.7879361601401,43.05843299994194,1378.6788559998513,1263.0
1780244434,170,POST,SOAP/listar-playlists-usuario,51.700000,0.000000,110,200,240,290,440,590,760,940,1300,1300,1300,874,0,74,129.4063148935922,1.1692709999806539,1328.281410000045,1608.0
1780244434,170,POST,SOAP/listar-usuarios,52.800000,0.000000,190,280,340,390,610,3200,6600,8200,9600,9600,9600,915,0,140.0,385.5120190185719,4.8570189999281865,9600.390902000072,28012.0
1780244434,170,,Aggregated,259.100000,0.000000,200,290,360,410,580,750,1000,3800,9200,9600,9600,4374,0,130.0,240.45088404595265,1.1692709999806539,9600.390902000072,21063.696159122086
1780244435,180,POST,SOAP/listar-musicas,52.500000,0.000000,380,510,590,650,800,940,1000,1100,1400,1400,1400,937,0,280.0,338.18820843970724,12.796064999974988,1423.8821710000593,71703.0
1780244435,180,POST,SOAP/listar-musicas-playlist,51.100000,0.000000,160,230,290,330,430,620,790,900,1400,1400,1400,915,0,120.0,175.49588761748558,40.81163099999685,1421.5167610000208,753.0
1780244435,180,POST,SOAP/listar-playlists-musica,50.200000,0.000000,180,260,330,380,500,690,900,1000,1400,1400,1400,899,0,130.0,189.3169269488298,43.05843299994194,1378.6788559998513,1263.0
1780244435,180,POST,SOAP/listar-playlists-usuario,51.400000,0.000000,120,210,250,300,460,600,760,940,1300,1300,1300,929,0,75,132.18200205167025,1.1692709999806539,1328.281410000045,1608.0
1780244435,180,POST,SOAP/listar-usuarios,53.000000,0.000000,190,300,360,400,630,4300,8100,9400,10000,10000,10000,965,0,140.0,417.3278565543963,4.8570189999281865,10129.514021999967,28012.0
1780244435,180,,Aggregated,258.200000,0.000000,200,300,380,430,610,780,1000,4900,9600,10000,10000,4645,0,140.0,252.56737724133473,1.1692709999806539,10129.514021999967,20997.96663078579
1780244436,190,POST,SOAP/listar-musicas,51.400000,0.000000,410,550,610,680,830,990,1100,1400,1700,1700,1700,986,0,290.0,348.0388309675509,12.796064999974988,1729.1338150000684,71703.0
1780244436,190,POST,SOAP/listar-musicas-playlist,50.500000,0.000000,170,240,310,360,500,650,840,950,1400,1400,1400,962,0,120.0,179.09340850623673,40.81163099999685,1421.5167610000208,753.0
1780244436,190,POST,SOAP/listar-playlists-musica,50.000000,0.000000,190,280,350,420,540,700,920,1000,1400,1400,1400,953,0,130.0,194.96946118467724,43.05843299994194,1378.6788559998513,1263.0
1780244436,190,POST,SOAP/listar-playlists-usuario,50.800000,0.000000,120,210,250,300,480,650,780,940,1300,1300,1300,976,0,79,137.35675779508276,1.1692709999806539,1328.281410000045,1608.0
1780244436,190,POST,SOAP/listar-usuarios,52.500000,0.000000,210,310,390,450,660,4900,8700,9600,11000,11000,11000,1021,0,140.0,434.24938301076577,4.8570189999281865,10953.68604500004,28012.0
1780244436,190,,Aggregated,255.200000,0.000000,210,320,400,460,640,810,1100,5000,10000,11000,11000,4898,0,140.0,261.0634664124128,1.1692709999806539,10953.68604500004,20987.513883217638
1780244437,200,POST,SOAP/listar-musicas,51.500000,0.000000,420,560,640,690,870,1000,1100,1400,1700,1700,1700,1041,0,290.0,358.09508604227193,12.796064999974988,1729.1338150000684,71703.0
1780244437,200,POST,SOAP/listar-musicas-playlist,51.000000,0.000000,160,230,310,370,520,640,840,950,1400,1400,1400,1020,0,120.0,181.1475428676481,40.81163099999685,1421.5167610000208,753.0
1780244437,200,POST,SOAP/listar-playlists-musica,50.200000,0.000000,190,300,370,450,560,710,930,1000,1400,1400,1400,1001,0,130.0,199.59418115883966,43.05843299994194,1378.6788559998513,1263.0
1780244437,200,POST,SOAP/listar-playlists-usuario,51.200000,0.000000,120,200,250,300,480,650,900,1100,1300,1300,1300,1032,0,79,141.2568833410862,1.1692709999806539,1349.7078190000593,1608.0
1780244437,200,POST,SOAP/listar-usuarios,53.200000,0.000000,210,310,400,480,700,5200,9400,10000,12000,12000,12000,1069,0,150.0,448.7484218652871,4.8570189999281865,11957.070483000052,28012.0
1780244437,200,,Aggregated,257.100000,0.000000,210,330,420,480,660,850,1100,5200,11000,12000,12000,5163,0,140.0,267.8346736813866,1.1692709999806539,11957.070483000052,20972.192523726517
1780244438,210,POST,SOAP/listar-musicas,51.100000,0.000000,450,590,680,750,900,1000,1300,1400,1800,1800,1800,1088,0,300.0,369.3768099843794,12.796064999974988,1800.8436160000656,71703.0
1780244438,210,POST,SOAP/listar-musicas-playlist,50.800000,0.000000,160,240,330,370,540,730,890,1000,1400,1400,1400,1055,0,120.0,187.00887775071166,40.81163099999685,1421.5167610000208,753.0
1780244438,210,POST,SOAP/listar-playlists-musica,50.900000,0.000000,200,310,390,470,580,730,940,1000,1400,1400,1400,1041,0,130.0,203.40295600576167,43.05843299994194,1378.6788559998513,1263.0
1780244438,210,POST,SOAP/listar-playlists-usuario,50.700000,0.000000,120,200,260,300,490,660,930,1100,1300,1300,1300,1073,0,81,144.72231297483836,1.1692709999806539,1349.7078190000593,1608.0
1780244438,210,POST,SOAP/listar-usuarios,53.200000,0.000000,210,330,440,520,760,6300,9600,12000,13000,13000,13000,1116,0,150.0,478.44257502508276,4.8570189999281865,12618.371205999892,28012.0
1780244438,210,,Aggregated,256.700000,0.000000,220,340,440,520,700,900,1200,6300,12000,13000,13000,5373,0,150.0,279.20114796984933,1.1692709999806539,12618.371205999892,21051.33780011167
1780244439,220,POST,SOAP/listar-musicas,51.700000,0.000000,460,610,700,770,920,1100,1400,1500,1800,1800,1800,1142,0,310.0,378.8636756506175,12.796064999974988,1800.8436160000656,71703.0
1780244439,220,POST,SOAP/listar-musicas-playlist,51.600000,0.000000,180,260,350,400,600,790,1000,1200,1400,1400,1400,1109,0,130.0,196.72518587646584,40.81163099999685,1421.5167610000208,753.0
1780244439,220,POST,SOAP/listar-playlists-musica,50.400000,0.000000,200,320,400,480,630,780,1000,1200,1400,1400,1400,1089,0,140.0,208.57324901836387,43.05843299994194,1378.6788559998513,1263.0
1780244439,220,POST,SOAP/listar-playlists-usuario,51.600000,0.000000,130,220,290,330,550,730,1000,1200,1600,1600,1600,1124,0,86,154.5302305338099,1.1692709999806539,1554.76722100002,1608.0
1780244439,220,POST,SOAP/listar-usuarios,52.400000,0.000000,230,350,460,530,790,6900,11000,13000,14000,14000,14000,1168,0,150.0,515.0016647328707,4.8570189999281865,13514.397704000203,28012.0
1780244439,220,,Aggregated,257.700000,0.000000,230,360,470,540,740,940,1300,6900,13000,14000,14000,5632,0,150.0,293.53351215181124,1.1692709999806539,13514.397704000203,21061.917258522728
1780244440,230,POST,SOAP/listar-musicas,51.900000,0.000000,460,620,700,770,940,1100,1400,1600,1800,1800,1800,1190,0,320.0,385.66198486387003,12.796064999974988,1800.8436160000656,71703.0
1780244440,230,POST,SOAP/listar-musicas-playlist,50.000000,0.000000,190,310,390,440,680,860,1000,1200,1400,1400,1400,1164,0,130.0,205.16273859106627,40.81163099999685,1421.5167610000208,753.0
1780244440,230,POST,SOAP/listar-playlists-musica,49.600000,0.000000,200,320,410,490,650,820,1000,1200,1400,1400,1400,1151,0,140.0,211.41791302432603,43.05843299994194,1378.6788559998513,1263.0
1780244440,230,POST,SOAP/listar-playlists-usuario,50.900000,0.000000,130,240,290,370,560,780,1000,1300,1800,1800,1800,1177,0,88,159.3518337493646,1.1692709999806539,1756.745574999968,1608.0
1780244440,230,POST,SOAP/listar-usuarios,52.000000,0.000000,240,350,480,560,760,7300,12000,13000,14000,14000,14000,1222,0,160.0,515.5657880335453,4.8570189999281865,13645.940188000168,28012.0
1780244440,230,,Aggregated,254.400000,0.000000,240,370,480,560,760,960,1300,7300,13000,14000,14000,5904,0,160.0,297.877321967988,1.1692709999806539,13645.940188000168,20965.456470189703
1780244441,240,POST,SOAP/listar-musicas,50.900000,0.000000,490,650,750,810,970,1100,1400,1600,1800,1800,1800,1249,0,330.0,396.563193529227,12.796064999974988,1800.8436160000656,71703.0
1780244441,240,POST,SOAP/listar-musicas-playlist,49.100000,0.000000,190,300,400,460,680,860,1100,1300,1400,1400,1400,1213,0,130.0,207.01839209150964,40.81163099999685,1421.5167610000208,753.0
1780244441,240,POST,SOAP/listar-playlists-musica,49.100000,0.000000,190,320,420,490,640,820,1000,1200,1400,1400,1400,1198,0,140.0,212.258350822202,43.05843299994194,1378.6788559998513,1263.0
1780244441,240,POST,SOAP/listar-playlists-usuario,50.200000,0.000000,130,250,310,400,600,910,1100,1300,1800,1800,1800,1238,0,90,165.59605220921068,1.1692709999806539,1756.745574999968,1608.0
1780244441,240,POST,SOAP/listar-usuarios,52.000000,0.000000,250,370,500,580,830,8200,12000,14000,15000,15000,15000,1274,0,160.0,542.0499778053326,4.8570189999281865,15104.219435999994,28012.0
1780244441,240,,Aggregated,251.300000,0.000000,240,390,500,580,790,1000,1300,8200,14000,15000,15000,6172,0,160.0,307.2400886210306,1.1692709999806539,15104.219435999994,21008.02041477641
1780244442,250,POST,SOAP/listar-musicas,51.300000,0.000000,480,650,740,820,1000,1200,1400,1700,2000,2000,2000,1294,0,330.0,403.446559290576,12.796064999974988,1976.9866730000558,71703.0
1780244442,250,POST,SOAP/listar-musicas-playlist,50.500000,0.000000,200,310,400,500,730,880,1200,1300,1400,1400,1400,1270,0,140.0,213.35998995669442,40.81163099999685,1421.5167610000208,753.0
1780244442,250,POST,SOAP/listar-playlists-musica,50.000000,0.000000,190,320,420,480,640,860,1000,1200,1400,1400,1400,1253,0,140.0,215.47017241819512,43.05843299994194,1378.6788559998513,1263.0
1780244442,250,POST,SOAP/listar-playlists-usuario,51.100000,0.000000,140,260,330,410,620,910,1100,1300,1800,1800,1800,1282,0,91,169.04147200390136,1.1692709999806539,1756.745574999968,1608.0
1780244442,250,POST,SOAP/listar-usuarios,52.200000,0.000000,260,380,500,590,870,9200,13000,15000,16000,16000,16000,1333,0,160.0,570.7082815731376,4.8570189999281865,16015.924038000094,28012.0
1780244442,250,,Aggregated,255.100000,0.000000,250,390,500,580,820,1000,1400,9400,15000,16000,16000,6432,0,160.0,317.23825675575256,1.1692709999806539,16015.924038000094,20945.892879353232
1780244443,250,POST,SOAP/listar-musicas,51.600000,0.000000,530,680,800,860,1000,1300,1600,1800,2400,2400,2400,1345,0,340.0,417.8473144684055,12.796064999974988,2425.722405999977,71703.0
1780244443,250,POST,SOAP/listar-musicas-playlist,49.400000,0.000000,200,330,420,520,730,890,1200,1300,1400,1400,1400,1313,0,140.0,215.9437948918519,40.81163099999685,1421.5167610000208,753.0
1780244443,250,POST,SOAP/listar-playlists-musica,49.400000,0.000000,200,340,450,520,680,910,1000,1200,1400,1400,1400,1295,0,140.0,221.80786185791405,43.05843299994194,1378.6788559998513,1263.0
1780244443,250,POST,SOAP/listar-playlists-usuario,50.300000,0.000000,150,260,330,410,650,900,1100,1300,1800,1800,1800,1330,0,92,172.10754882406133,1.1692709999806539,1756.745574999968,1608.0
1780244443,250,POST,SOAP/listar-usuarios,51.700000,0.000000,270,410,540,610,870,1500,13000,15000,16000,16000,16000,1382,0,170.0,566.2971991295169,4.8570189999281865,16015.924038000094,28012.0
1780244443,250,,Aggregated,252.400000,0.000000,260,420,540,610,850,1000,1400,2400,15000,16000,16000,6665,0,170.0,321.7263002088526,1.1692709999806539,16015.924038000094,20992.65311327832
1780244444,250,POST,SOAP/listar-musicas,51.600000,0.000000,550,690,810,870,1100,1200,1600,1800,2400,2400,2400,1388,0,350.0,425.02964744596943,12.796064999974988,2425.722405999977,71703.0
1780244444,250,POST,SOAP/listar-musicas-playlist,49.900000,0.000000,210,330,440,540,700,880,1200,1300,2300,2300,2300,1364,0,140.0,219.81175130498625,40.81163099999685,2264.9320599998646,753.0
1780244444,250,POST,SOAP/listar-playlists-musica,49.500000,0.000000,200,340,450,520,670,880,1000,1200,1300,1300,1300,1348,0,150.0,225.96593907937591,43.05843299994194,1378.6788559998513,1263.0
1780244444,250,POST,SOAP/listar-playlists-usuario,50.900000,0.000000,160,280,370,450,700,910,1100,1300,1800,1800,1800,1375,0,95,176.88019014691045,1.1692709999806539,1756.745574999968,1608.0
1780244444,250,POST,SOAP/listar-usuarios,51.500000,0.000000,270,410,540,610,870,1400,13000,15000,16000,16000,16000,1434,0,170.0,557.844071893997,4.8570189999281865,16015.924038000094,28012.0
1780244444,250,,Aggregated,253.400000,0.000000,260,430,550,620,860,1100,1300,2000,15000,16000,16000,6909,0,170.0,323.8565821192652,1.1692709999806539,16015.924038000094,20934.0842379505
1780244445,250,POST,SOAP/listar-musicas,50.200000,0.000000,580,740,850,910,1200,1400,1800,2000,2600,2600,2600,1439,0,350.0,440.7541436907611,12.796064999974988,2557.0203859999765,71703.0
1780244445,250,POST,SOAP/listar-musicas-playlist,49.500000,0.000000,210,340,440,520,700,880,1200,1300,2300,2300,2300,1407,0,140.0,221.76035044634062,40.81163099999685,2264.9320599998646,753.0
1780244445,250,POST,SOAP/listar-playlists-musica,49.300000,0.000000,190,330,420,500,670,860,1000,1200,1400,1400,1400,1388,0,150.0,226.87351969524425,43.05843299994194,1378.6788559998513,1263.0
1780244445,250,POST,SOAP/listar-playlists-usuario,50.100000,0.000000,160,290,400,480,740,910,1100,1300,1800,1800,1800,1423,0,96,180.82350308151868,1.1692709999806539,1756.745574999968,1608.0
1780244445,250,POST,SOAP/listar-usuarios,51.500000,0.000000,280,440,570,650,950,1700,14000,16000,18000,18000,18000,1479,0,170.0,601.2350523887706,4.8570189999281865,17813.89700600016,28012.0
1780244445,250,,Aggregated,250.600000,0.000000,270,440,560,650,880,1100,1500,2600,17000,18000,18000,7136,0,170.0,337.40204015610954,1.1692709999806539,17813.89700600016,20979.68946188341
1780244446,250,POST,SOAP/listar-musicas,50.200000,0.000000,590,790,900,970,1200,1500,1800,2100,2600,2600,2600,1494,0,360.0,452.63260720415343,12.796064999974988,2557.0203859999765,71703.0
1780244446,250,POST,SOAP/listar-musicas-playlist,50.200000,0.000000,210,350,450,540,770,1000,1200,1300,2300,2300,2300,1462,0,150.0,226.20643163474855,40.81163099999685,2264.9320599998646,753.0
1780244446,250,POST,SOAP/listar-playlists-musica,49.800000,0.000000,190,330,450,520,740,920,1100,1200,1400,1400,1400,1446,0,150.0,230.19226497233683,41.81687300001613,1378.6788559998513,1263.0
1780244446,250,POST,SOAP/listar-playlists-usuario,50.000000,0.000000,170,290,390,470,730,900,1100,1200,1800,1800,1800,1481,0,99,183.8519629831207,1.1692709999806539,1756.745574999968,1608.0
1780244446,250,POST,SOAP/listar-usuarios,51.600000,0.000000,280,430,550,630,970,2500,15000,18000,19000,19000,19000,1531,0,170.0,627.0915139281457,4.8570189999281865,18965.09940299984,28012.0
1780244446,250,,Aggregated,251.800000,0.000000,270,450,580,660,910,1200,1600,2600,18000,19000,19000,7414,0,170.0,346.9337467446716,1.1692709999806539,18965.09940299984,20949.45859185325
1780244447,250,POST,SOAP/listar-musicas,50.000000,0.000000,570,800,910,990,1200,1500,2000,2400,2600,2600,2600,1553,0,360.0,460.26518671346076,12.796064999974988,2557.0203859999765,71703.0
1780244447,250,POST,SOAP/listar-musicas-playlist,48.400000,0.000000,220,360,450,540,770,1000,1200,1300,2300,2300,2300,1516,0,150.0,229.77811697163824,40.81163099999685,2264.9320599998646,753.0
1780244447,250,POST,SOAP/listar-playlists-musica,48.900000,0.000000,190,300,420,480,740,930,1100,1200,1800,1800,1800,1492,0,150.0,233.19127945442298,41.81687300001613,1849.6436689999882,1263.0
1780244447,250,POST,SOAP/listar-playlists-usuario,48.700000,0.000000,170,290,390,470,740,910,1100,1200,1800,1800,1800,1536,0,100.0,186.21953949674545,1.1692709999806539,1756.745574999968,1608.0
1780244447,250,POST,SOAP/listar-usuarios,51.200000,0.000000,290,440,570,660,980,2500,16000,18000,19000,19000,19000,1584,0,180.0,643.5305845782772,4.8570189999281865,19492.026845000055,28012.0
1780244447,250,,Aggregated,247.200000,0.000000,270,440,580,670,920,1200,1600,2600,19000,19000,19000,7681,0,180.0,353.6574024059363,1.1692709999806539,19492.026845000055,20989.662674130974
1780244448,250,POST,SOAP/listar-musicas,49.500000,0.000000,580,810,920,1000,1300,1700,2100,2400,2600,2600,2600,1594,0,370.0,468.14656657591263,12.796064999974988,2557.0203859999765,71703.0
1780244448,250,POST,SOAP/listar-musicas-playlist,49.300000,0.000000,200,320,420,520,740,920,1200,1400,2300,2300,2300,1569,0,150.0,230.89407066348184,40.81163099999685,2264.9320599998646,753.0
1780244448,250,POST,SOAP/listar-playlists-musica,49.000000,0.000000,190,310,420,510,790,950,1100,1400,1800,1800,1800,1549,0,150.0,239.49138015041913,41.81687300001613,1849.6436689999882,1263.0
1780244448,250,POST,SOAP/listar-playlists-usuario,50.000000,0.000000,160,280,390,510,750,910,1200,1300,1800,1800,1800,1582,0,100.0,190.53488612452693,1.1692709999806539,1756.745574999968,1608.0
1780244448,250,POST,SOAP/listar-usuarios,50.800000,0.000000,280,440,570,650,920,1500,17000,19000,20000,20000,20000,1630,0,180.0,647.7090906595042,4.8570189999281865,20312.521064999826,28012.0
1780244448,250,,Aggregated,248.600000,0.000000,260,440,580,670,920,1200,1700,2400,19000,20000,20000,7924,0,180.0,357.9836672728416,1.1692709999806539,20312.521064999826,20903.059313478043
1780244449,250,POST,SOAP/listar-musicas,49.900000,0.000000,590,850,980,1100,1400,1700,2100,2400,2600,2600,2600,1644,0,370.0,479.0790115444063,12.796064999974988,2557.0203859999765,71703.0
1780244449,250,POST,SOAP/listar-musicas-playlist,49.300000,0.000000,190,300,400,520,740,920,1200,1600,2300,2300,2300,1608,0,150.0,233.61729820522652,40.81163099999685,2264.9320599998646,753.0
1780244449,250,POST,SOAP/listar-playlists-musica,49.100000,0.000000,200,330,460,570,850,1000,1300,1500,2400,2400,2400,1591,0,150.0,247.06755808422315,41.81687300001613,2383.2207890000063,1263.0
1780244449,250,POST,SOAP/listar-playlists-usuario,49.400000,0.000000,160,300,390,510,770,910,1200,1600,1800,1800,1800,1630,0,100.0,194.1835147907981,1.1692709999806539,1756.745574999968,1608.0
1780244449,250,POST,SOAP/listar-usuarios,51.100000,0.000000,280,460,600,700,1000,1700,17000,19000,21000,21000,21000,1680,0,180.0,657.4861901583286,4.8570189999281865,21026.638908999987,28012.0
1780244449,250,,Aggregated,248.800000,0.000000,270,450,600,710,990,1300,1800,2500,19000,21000,21000,8153,0,180.0,365.19599214767567,1.1692709999806539,21026.638908999987,20947.036550962835
1780244450,250,POST,SOAP/listar-musicas,50.000000,0.000000,600,850,1000,1100,1400,1800,2100,2500,2600,2600,2600,1690,0,380.0,486.7062418017772,12.796064999974988,2621.109707000187,71703.0
1780244450,250,POST,SOAP/listar-musicas-playlist,50.800000,0.000000,190,310,420,540,740,1000,1200,1600,2300,2300,2300,1655,0,150.0,238.1216229009083,40.81163099999685,2264.9320599998646,753.0
1780244450,250,POST,SOAP/listar-playlists-musica,50.100000,0.000000,200,340,480,590,860,1000,1400,1600,2900,2900,2900,1641,0,150.0,250.8703236520397,41.81687300001613,2861.7131710000194,1263.0
1780244450,250,POST,SOAP/listar-playlists-usuario,50.200000,0.000000,160,290,420,530,800,1000,1200,1600,2500,2500,2500,1674,0,100.0,199.09815142891352,1.1692709999806539,2528.2051120000233,1608.0
1780244450,250,POST,SOAP/listar-usuarios,50.900000,0.000000,290,480,620,710,1100,1900,17000,19000,21000,21000,21000,1734,0,190.0,653.5047542768118,4.8570189999281865,21026.638908999987,28012.0
1780244450,250,,Aggregated,252.000000,0.000000,270,470,610,730,1000,1300,2000,2500,19000,21000,21000,8394,0,180.0,368.68841852120477,1.1692709999806539,21026.638908999987,20938.940671908505
1780244451,250,POST,SOAP/listar-musicas,49.500000,0.000000,650,890,1100,1200,1500,1800,2100,2500,2600,2600,2600,1754,0,380.0,497.02458213569133,12.796064999974988,2621.109707000187,71703.0
1780244451,250,POST,SOAP/listar-musicas-playlist,49.900000,0.000000,190,320,420,530,740,1000,1200,1600,2300,2300,2300,1712,0,150.0,240.8147947389039,40.81163099999685,2264.9320599998646,753.0
1780244451,250,POST,SOAP/listar-playlists-musica,49.400000,0.000000,210,340,510,610,880,1000,1400,1600,2900,2900,2900,1690,0,150.0,252.18970038816454,41.81687300001613,2861.7131710000194,1263.0
1780244451,250,POST,SOAP/listar-playlists-usuario,49.200000,0.000000,160,300,450,570,810,1000,1300,1600,2500,2500,2500,1733,0,100.0,204.142583781882,1.1692709999806539,2528.2051120000233,1608.0
1780244451,250,POST,SOAP/listar-usuarios,50.800000,0.000000,310,490,630,710,1000,1700,18000,19000,23000,23000,23000,1784,0,190.0,658.1117508850847,4.8570189999281865,22744.431501000006,28012.0
1780244451,250,,Aggregated,248.800000,0.000000,280,490,640,740,1000,1400,1900,2500,20000,23000,23000,8673,0,180.0,373.3549060980046,1.1692709999806539,22744.431501000006,20978.985356854606
1780244452,250,POST,SOAP/listar-musicas,50.300000,0.000000,610,870,1100,1200,1500,1800,2100,2500,2600,2600,2600,1799,0,390.0,500.0401822462492,12.796064999974988,2621.109707000187,71703.0
1780244452,250,POST,SOAP/listar-musicas-playlist,49.500000,0.000000,200,310,440,550,810,1100,1400,1600,2300,2300,2300,1763,0,150.0,247.04656620193003,40.81163099999685,2264.9320599998646,753.0
1780244452,250,POST,SOAP/listar-playlists-musica,49.000000,0.000000,220,350,540,640,880,1000,1400,1700,2900,2900,2900,1738,0,160.0,256.7687556317596,41.81687300001613,2861.7131710000194,1263.0
1780244452,250,POST,SOAP/listar-playlists-usuario,49.300000,0.000000,170,310,490,600,820,1100,1500,1600,2500,2500,2500,1781,0,110.0,209.48647611903584,1.1692709999806539,2528.2051120000233,1608.0
1780244452,250,POST,SOAP/listar-usuarios,50.700000,0.000000,300,470,620,700,1100,1700,18000,20000,24000,24000,24000,1834,0,190.0,675.8634653244228,4.8570189999281865,24194.372822000107,28012.0
1780244452,250,,Aggregated,248.800000,0.000000,280,490,640,740,1100,1400,1900,2500,23000,24000,24000,8915,0,190.0,380.70762655479507,1.1692709999806539,24194.372822000107,20948.310263600673
1780244453,250,POST,SOAP/listar-musicas,50.000000,0.000000,620,880,1100,1200,1500,1800,2100,2500,2600,2600,2600,1846,0,390.0,507.7322578472389,12.796064999974988,2621.109707000187,71703.0
1780244453,250,POST,SOAP/listar-musicas-playlist,49.200000,0.000000,200,320,460,560,840,1100,1500,1600,2300,2300,2300,1806,0,150.0,250.36628661738817,40.81163099999685,2264.9320599998646,753.0
1780244453,250,POST,SOAP/listar-playlists-musica,49.000000,0.000000,220,360,550,640,920,1100,1500,1700,2900,2900,2900,1784,0,160.0,261.030968983183,41.81687300001613,2861.7131710000194,1263.0
1780244453,250,POST,SOAP/listar-playlists-usuario,49.800000,0.000000,180,310,510,620,830,1100,1400,1600,2500,2500,2500,1831,0,110.0,213.19668726433784,1.1692709999806539,2528.2051120000233,1608.0
1780244453,250,POST,SOAP/listar-usuarios,49.900000,0.000000,290,470,630,710,1100,1700,19000,23000,25000,25000,25000,1883,0,190.0,693.5108696468359,4.8570189999281865,24657.607023999844,28012.0
1780244453,250,,Aggregated,247.900000,0.000000,280,500,660,760,1100,1400,1900,2500,24000,25000,25000,9150,0,190.0,388.12662428513624,1.1692709999806539,24657.607023999844,20947.2887431694
1780244454,250,POST,SOAP/listar-musicas,49.100000,0.000000,630,870,1000,1200,1500,1800,2100,2400,2600,2600,2600,1898,0,400.0,514.9941209504757,12.796064999974988,2621.109707000187,71703.0
1780244454,250,POST,SOAP/listar-musicas-playlist,48.500000,0.000000,210,340,490,580,860,1100,1500,1600,2100,2100,2100,1858,0,160.0,254.92201372712714,40.81163099999685,2264.9320599998646,753.0
1780244454,250,POST,SOAP/listar-playlists-musica,48.100000,0.000000,220,360,550,650,940,1100,1500,1700,2900,2900,2900,1840,0,160.0,264.21475856521624,41.81687300001613,2861.7131710000194,1263.0
1780244454,250,POST,SOAP/listar-playlists-usuario,48.700000,0.000000,180,310,500,620,850,1200,1500,1700,2600,2600,2600,1885,0,110.0,218.38450624350267,1.1692709999806539,2584.3304809998244,1608.0
1780244454,250,POST,SOAP/listar-usuarios,50.700000,0.000000,290,450,610,700,1100,1600,19000,23000,26000,26000,26000,1932,0,190.0,699.7950889182152,4.8570189999281865,25573.085548999872,28012.0
1780244454,250,,Aggregated,245.100000,0.000000,280,500,660,750,1100,1400,1900,2400,24000,26000,26000,9413,0,190.0,393.17093433421826,1.1692709999806539,25573.085548999872,20924.84351428875
1780244455,250,POST,SOAP/listar-musicas,50.100000,0.000000,620,850,1000,1200,1500,1800,2100,2400,2600,2600,2600,1945,0,410.0,519.980878647302,12.796064999974988,2621.109707000187,71703.0
1780244455,250,POST,SOAP/listar-musicas-playlist,49.000000,0.000000,220,360,520,600,930,1100,1500,1700,2100,2100,2100,1912,0,160.0,258.9253389592064,40.81163099999685,2264.9320599998646,753.0
1780244455,250,POST,SOAP/listar-playlists-musica,49.500000,0.000000,240,380,550,650,940,1100,1500,1800,2900,2900,2900,1887,0,160.0,265.62744128298806,41.81687300001613,2861.7131710000194,1263.0
1780244455,250,POST,SOAP/listar-playlists-usuario,49.700000,0.000000,170,300,480,600,880,1200,1600,1800,2600,2600,2600,1928,0,110.0,218.6486348744827,1.1692709999806539,2584.3304809998244,1608.0
1780244455,250,POST,SOAP/listar-usuarios,50.500000,0.000000,300,450,630,700,1100,1700,20000,24000,27000,27000,27000,1990,0,200.0,718.3197192326593,4.8570189999281865,26948.743154000113,28012.0
1780244455,250,,Aggregated,248.800000,0.000000,290,490,660,760,1100,1400,1900,2400,26000,27000,27000,9662,0,190.0,399.3663680470917,1.1692709999806539,26948.743154000113,20920.04305526806
1780244456,250,POST,SOAP/listar-musicas,50.000000,0.000000,620,880,1100,1200,1500,1800,2100,2300,2600,2600,2600,2000,0,410.0,527.8734042855014,12.796064999974988,2621.109707000187,71703.0
1780244456,250,POST,SOAP/listar-musicas-playlist,48.900000,0.000000,220,340,500,590,920,1100,1500,1800,2100,2100,2100,1967,0,160.0,261.0317246563304,40.81163099999685,2264.9320599998646,753.0
1780244456,250,POST,SOAP/listar-playlists-musica,48.500000,0.000000,240,400,580,690,970,1200,1700,2000,3800,3800,3800,1945,0,160.0,274.49882350694037,41.81687300001613,3776.9913729998734,1263.0
1780244456,250,POST,SOAP/listar-playlists-usuario,49.900000,0.000000,170,300,480,600,850,1200,1600,1800,2600,2600,2600,1985,0,110.0,220.16823636473694,1.1692709999806539,2584.3304809998244,1608.0
1780244456,250,POST,SOAP/listar-usuarios,50.300000,0.000000,290,440,610,690,1100,1700,20000,24000,27000,27000,27000,2039,0,200.0,710.1530820294226,4.8570189999281865,26948.743154000113,28012.0
1780244456,250,,Aggregated,247.600000,0.000000,290,490,660,750,1100,1500,1900,2400,26000,27000,27000,9936,0,190.0,401.38209602787833,1.1692709999806539,26948.743154000113,20898.956723027375
1780244457,250,POST,SOAP/listar-musicas,49.700000,0.000000,650,900,1100,1200,1500,1800,2100,2400,2600,2600,2600,2044,0,420.0,534.8533293796484,12.796064999974988,2621.109707000187,71703.0
1780244457,250,POST,SOAP/listar-musicas-playlist,51.100000,0.000000,220,370,550,640,1000,1200,1500,1700,2100,2100,2100,2001,0,160.0,264.78806355672276,40.81163099999685,2264.9320599998646,753.0
1780244457,250,POST,SOAP/listar-playlists-musica,49.600000,0.000000,250,410,600,700,980,1200,1800,2400,3800,3800,3800,1990,0,160.0,279.85058691356704,41.81687300001613,3776.9913729998734,1263.0
1780244457,250,POST,SOAP/listar-playlists-usuario,50.700000,0.000000,180,310,480,600,890,1200,1600,1800,2600,2600,2600,2021,0,110.0,222.4276767575472,1.1692709999806539,2584.3304809998244,1608.0
1780244457,250,POST,SOAP/listar-usuarios,50.100000,0.000000,290,450,620,700,1100,1600,21000,25000,28000,28000,28000,2086,0,200.0,717.4545340388272,4.8570189999281865,28183.882563999985,28012.0
1780244457,250,,Aggregated,251.200000,0.000000,300,510,680,780,1100,1500,1900,2400,26000,28000,28000,10142,0,200.0,406.8349715163673,1.1692709999806539,28183.882563999985,20929.190987970815
1780244458,250,POST,SOAP/listar-musicas,50.500000,0.000000,660,930,1100,1200,1500,1800,2000,2300,2600,2600,2600,2100,0,430.0,542.8563705676197,12.796064999974988,2621.109707000187,71703.0
1780244458,250,POST,SOAP/listar-musicas-playlist,49.700000,0.000000,220,360,550,640,1000,1200,1600,1800,2100,2100,2100,2068,0,160.0,268.5008782606401,40.81163099999685,2264.9320599998646,753.0
1780244458,250,POST,SOAP/listar-playlists-musica,48.500000,0.000000,230,400,580,670,970,1200,1900,2400,3800,3800,3800,2043,0,160.0,281.0182498208505,41.81687300001613,3776.9913729998734,1263.0
1780244458,250,POST,SOAP/listar-playlists-usuario,50.400000,0.000000,180,320,480,600,870,1100,1500,1900,2600,2600,2600,2083,0,120.0,226.27086817955046,1.1692709999806539,2584.3304809998244,1608.0
1780244458,250,POST,SOAP/listar-usuarios,50.200000,0.000000,310,450,610,700,1100,1700,21000,25000,28000,28000,28000,2136,0,200.0,713.572572322563,4.8570189999281865,28183.882563999985,28012.0
1780244458,250,,Aggregated,249.300000,0.000000,300,510,680,780,1100,1500,1900,2400,26000,28000,28000,10430,0,200.0,408.9062043833174,1.1692709999806539,28183.882563999985,20891.362320230106
1780244459,250,POST,SOAP/listar-musicas,49.400000,0.000000,660,930,1100,1200,1500,1800,2000,2400,3100,3100,3100,2145,0,430.0,549.1140897860138,12.796064999974988,3133.9544529998875,71703.0
1780244459,250,POST,SOAP/listar-musicas-playlist,48.700000,0.000000,220,360,530,640,1000,1300,1600,1800,2600,2600,2600,2108,0,160.0,270.74013307969796,40.81163099999685,2612.8214209998077,753.0
1780244459,250,POST,SOAP/listar-playlists-musica,49.200000,0.000000,230,410,600,700,980,1200,1700,2100,3800,3800,3800,2089,0,160.0,285.4246362666335,41.81687300001613,3776.9913729998734,1263.0
1780244459,250,POST,SOAP/listar-playlists-usuario,49.300000,0.000000,180,330,480,600,890,1100,1500,1800,2600,2600,2600,2125,0,120.0,227.96295281506048,1.1692709999806539,2584.3304809998244,1608.0
1780244459,250,POST,SOAP/listar-usuarios,50.100000,0.000000,300,450,600,700,1100,1400,4000,25000,28000,28000,28000,2190,0,210.0,707.3618716840157,4.8570189999281865,28183.882563999985,28012.0
1780244459,250,,Aggregated,246.700000,0.000000,300,510,680,790,1100,1400,1900,2300,26000,28000,28000,10657,0,200.0,410.8441176695136,1.1692709999806539,28183.882563999985,20905.69071971474
1780244460,250,POST,SOAP/listar-musicas,49.800000,0.000000,680,960,1100,1200,1500,1800,2000,2400,3100,3100,3100,2199,0,440.0,555.7146534615736,12.796064999974988,3133.9544529998875,71703.0
1780244460,250,POST,SOAP/listar-musicas-playlist,49.600000,0.000000,220,380,570,690,1100,1300,1600,1800,2600,2600,2600,2152,0,160.0,275.7448108856892,40.81163099999685,2612.8214209998077,753.0
1780244460,250,POST,SOAP/listar-playlists-musica,48.800000,0.000000,250,420,600,720,1000,1200,1800,2100,3800,3800,3800,2133,0,160.0,287.67927443600433,41.81687300001613,3776.9913729998734,1263.0
1780244460,250,POST,SOAP/listar-playlists-usuario,49.600000,0.000000,180,330,460,570,850,1100,1700,2100,2600,2600,2600,2178,0,120.0,232.33665074380272,1.1692709999806539,2584.3304809998244,1608.0
1780244460,250,POST,SOAP/listar-usuarios,49.800000,0.000000,290,460,620,720,1100,1600,23000,26000,31000,31000,31000,2240,0,210.0,730.9766567566936,4.8570189999281865,31179.06059400002,28012.0
1780244460,250,,Aggregated,247.600000,0.000000,310,530,700,820,1200,1500,1900,2300,28000,31000,31000,10902,0,200.0,419.41443632498715,1.1692709999806539,31179.06059400002,20935.46468537883
1780244461,250,POST,SOAP/listar-musicas,50.500000,0.000000,660,970,1100,1200,1600,1800,2200,2400,3100,3100,3100,2243,0,440.0,561.6859796977269,12.796064999974988,3133.9544529998875,71703.0
1780244461,250,POST,SOAP/listar-musicas-playlist,50.200000,0.000000,210,370,530,640,1000,1300,1600,1800,2600,2600,2600,2210,0,160.0,276.0376202633497,40.81163099999685,2612.8214209998077,753.0
1780244461,250,POST,SOAP/listar-playlists-musica,50.400000,0.000000,240,410,600,710,1100,1200,1800,2100,3800,3800,3800,2187,0,170.0,289.7541184046627,41.81687300001613,3776.9913729998734,1263.0
1780244461,250,POST,SOAP/listar-playlists-usuario,50.400000,0.000000,180,320,450,540,870,1100,1500,2100,2600,2600,2600,2225,0,120.0,233.91857598022597,1.1692709999806539,2584.3304809998244,1608.0
1780244461,250,POST,SOAP/listar-usuarios,50.700000,0.000000,310,470,660,770,1200,1900,26000,32000,32000,32000,32000,2287,0,210.0,792.5413088596384,4.8570189999281865,32159.464799000034,28012.0
1780244461,250,,Aggregated,252.200000,0.000000,310,520,690,830,1200,1500,2000,2500,32000,32000,32000,11152,0,200.0,433.6986957597745,1.1692709999806539,32159.464799000034,20883.91176470588
1780244462,250,POST,SOAP/listar-musicas,48.800000,0.000000,660,970,1100,1200,1600,1900,2300,2400,3100,3100,3100,2297,0,450.0,568.7351484144544,12.796064999974988,3133.9544529998875,71703.0
1780244462,250,POST,SOAP/listar-musicas-playlist,48.600000,0.000000,210,380,530,640,1000,1300,1600,1900,2600,2600,2600,2255,0,160.0,279.84773429889225,40.81163099999685,2612.8214209998077,753.0
1780244462,250,POST,SOAP/listar-playlists-musica,49.000000,0.000000,230,410,580,710,1100,1300,1800,2100,3800,3800,3800,2227,0,170.0,293.86553525594866,41.81687300001613,3776.9913729998734,1263.0
1780244462,250,POST,SOAP/listar-playlists-usuario,49.100000,0.000000,180,330,470,550,890,1200,1500,2100,2600,2600,2600,2278,0,120.0,238.51196824275814,1.1692709999806539,2584.3304809998244,1608.0
1780244462,250,POST,SOAP/listar-usuarios,49.600000,0.000000,320,480,660,780,1200,1800,27000,32000,33000,33000,33000,2340,0,210.0,799.350951017946,4.8570189999281865,32840.799686999846,28012.0
1780244462,250,,Aggregated,245.100000,0.000000,320,530,700,850,1200,1600,2000,2500,32000,33000,33000,11397,0,210.0,439.21131111748747,1.1692709999806539,32840.799686999846,20919.85706764938
1780244463,250,POST,SOAP/listar-musicas,49.100000,0.000000,650,970,1100,1200,1600,1900,2300,2600,3100,3100,3100,2349,0,450.0,572.3818153039601,12.796064999974988,3133.9544529998875,71703.0
1780244463,250,POST,SOAP/listar-musicas-playlist,50.600000,0.000000,200,370,530,640,1000,1300,1600,1900,2600,2600,2600,2310,0,160.0,280.6105161333339,40.81163099999685,2612.8214209998077,753.0
1780244463,250,POST,SOAP/listar-playlists-musica,49.300000,0.000000,220,410,600,730,1100,1400,1900,2200,3800,3800,3800,2285,0,170.0,296.6427328196933,41.81687300001613,3776.9913729998734,1263.0
1780244463,250,POST,SOAP/listar-playlists-usuario,49.900000,0.000000,180,330,470,540,870,1200,1500,1800,2500,2500,2500,2334,0,120.0,240.46885124593126,1.1692709999806539,2584.3304809998244,1608.0
1780244463,250,POST,SOAP/listar-usuarios,50.600000,0.000000,310,470,660,770,1200,1800,28000,32000,34000,34000,34000,2388,0,210.0,805.7070676863457,4.8570189999281865,34141.921837999915,28012.0
1780244463,250,,Aggregated,249.500000,0.000000,310,510,690,850,1200,1600,2100,2500,32000,34000,34000,11666,0,210.0,441.95496291385314,1.1692709999806539,34141.921837999915,20889.89027944454
1780244464,250,POST,SOAP/listar-musicas,49.500000,0.000000,630,950,1100,1300,1600,1900,2400,2700,3300,3300,3300,2389,0,450.0,574.4406049573051,12.796064999974988,3340.7069729998966,71703.0
1780244464,250,POST,SOAP/listar-musicas-playlist,49.100000,0.000000,180,370,530,660,1100,1300,1700,1900,2600,2600,2600,2347,0,160.0,284.4322332202816,40.81163099999685,2612.8214209998077,753.0
1780244464,250,POST,SOAP/listar-playlists-musica,49.400000,0.000000,220,440,670,780,1100,1400,1900,2100,3800,3800,3800,2327,0,170.0,299.4763110855173,41.81687300001613,3776.9913729998734,1263.0
1780244464,250,POST,SOAP/listar-playlists-usuario,49.200000,0.000000,180,330,480,570,920,1200,1500,2100,2500,2500,2500,2364,0,120.0,242.98088844797115,1.1692709999806539,2584.3304809998244,1608.0
1780244464,250,POST,SOAP/listar-usuarios,49.900000,0.000000,330,500,690,800,1200,1800,31000,32000,34000,34000,34000,2435,0,210.0,827.5570938168355,4.8570189999281865,34141.921837999915,28012.0
1780244464,250,,Aggregated,247.100000,0.000000,310,530,710,860,1200,1600,2100,2600,34000,34000,34000,11862,0,210.0,449.02130974894675,1.1692709999806539,34141.921837999915,20908.387371438206
1780244465,250,POST,SOAP/listar-musicas,49.600000,0.000000,640,980,1200,1300,1700,2100,2600,3000,3300,3300,3300,2436,0,450.0,585.3125296970452,12.796064999974988,3340.7069729998966,71703.0
1780244465,250,POST,SOAP/listar-musicas-playlist,50.300000,0.000000,190,390,550,660,1100,1400,1900,2000,3200,3200,3200,2393,0,160.0,287.75008226828277,40.81163099999685,3212.129758999936,753.0
1780244465,250,POST,SOAP/listar-playlists-musica,49.500000,0.000000,210,390,600,750,1100,1500,1900,2200,3800,3800,3800,2378,0,170.0,302.1109380761137,41.81687300001613,3776.9913729998734,1263.0
1780244465,250,POST,SOAP/listar-playlists-usuario,50.100000,0.000000,200,360,520,600,970,1400,1900,2100,2800,2800,2800,2423,0,120.0,249.3282281077198,1.1692709999806539,2791.353547999961,1608.0
1780244465,250,POST,SOAP/listar-usuarios,49.700000,0.000000,310,520,700,820,1300,1900,32000,34000,35000,35000,35000,2486,0,220.0,862.1813294851148,4.8570189999281865,34739.63483200009,28012.0
1780244465,250,,Aggregated,249.200000,0.000000,310,530,710,880,1300,1700,2300,3000,34000,35000,35000,12116,0,210.0,460.57545078903996,1.1692709999806539,34739.63483200009,20882.128342687356
1780244466,250,POST,SOAP/listar-musicas,49.200000,0.000000,660,990,1200,1400,1700,2200,2700,3000,3700,3700,3700,2489,0,450.0,595.1324652217777,12.796064999974988,3702.2490730000754,71703.0
1780244466,250,POST,SOAP/listar-musicas-playlist,49.400000,0.000000,200,420,580,690,1100,1500,1900,2400,3200,3200,3200,2440,0,160.0,292.3054259024589,40.81163099999685,3212.129758999936,753.0
1780244466,250,POST,SOAP/listar-playlists-musica,49.000000,0.000000,200,350,560,710,1100,1500,1900,2100,3100,3100,3100,2417,0,170.0,304.1478287596188,41.81687300001613,3776.9913729998734,1263.0
1780244466,250,POST,SOAP/listar-playlists-usuario,48.700000,0.000000,220,380,520,600,960,1400,1900,2100,2800,2800,2800,2458,0,120.0,249.97414823922074,1.1692709999806539,2791.353547999961,1608.0
1780244466,250,POST,SOAP/listar-usuarios,49.700000,0.000000,330,540,740,860,1400,2300,33000,34000,36000,36000,36000,2532,0,220.0,897.2443833408361,4.8570189999281865,36103.290861,28012.0
1780244466,250,,Aggregated,246.000000,0.000000,310,540,720,900,1300,1800,2500,3200,36000,36000,36000,12336,0,210.0,471.4570754087231,1.1692709999806539,36103.290861,20933.65807392996
1780244467,250,POST,SOAP/listar-musicas,49.200000,0.000000,660,990,1200,1400,1800,2300,2700,3100,4700,4700,4700,2539,0,460.0,601.2894658877524,12.796064999974988,4699.204725000072,71703.0
1780244467,250,POST,SOAP/listar-musicas-playlist,47.200000,0.000000,200,410,550,660,1100,1500,2000,2400,3200,3200,3200,2490,0,160.0,294.7735753983937,40.81163099999685,3212.129758999936,753.0
1780244467,250,POST,SOAP/listar-playlists-musica,47.700000,0.000000,200,370,580,760,1100,1500,1900,2300,3900,3900,3900,2471,0,170.0,307.6571374148117,41.81687300001613,3943.4555979999004,1263.0
1780244467,250,POST,SOAP/listar-playlists-usuario,48.400000,0.000000,220,370,520,610,990,1400,1900,2100,2900,2900,2900,2516,0,130.0,254.86892622655213,1.1692709999806539,2892.0564950001335,1608.0
1780244467,250,POST,SOAP/listar-usuarios,49.600000,0.000000,310,550,750,870,1500,2400,34000,36000,37000,37000,37000,2583,0,220.0,919.9510982539668,4.8570189999281865,36549.34664500001,28012.0
1780244467,250,,Aggregated,242.100000,0.000000,310,540,750,900,1300,1800,2600,3700,36000,37000,37000,12599,0,210.0,479.27334299222264,1.1692709999806539,36549.34664500001,20910.428129216605
1780244468,250,POST,SOAP/listar-musicas,48.400000,0.000000,690,1000,1200,1400,1800,2400,2900,3300,4700,4700,4700,2582,0,460.0,608.6479749147953,12.796064999974988,4699.204725000072,71703.0
1780244468,250,POST,SOAP/listar-musicas-playlist,47.700000,0.000000,210,420,580,690,1100,1500,1900,2400,3200,3200,3200,2546,0,160.0,296.76594231814596,40.81163099999685,3212.129758999936,753.0
1780244468,250,POST,SOAP/listar-playlists-musica,48.400000,0.000000,220,390,580,760,1200,1600,2000,2700,5100,5100,5100,2524,0,170.0,314.0240890507131,41.81687300001613,5086.098330999903,1263.0
1780244468,250,POST,SOAP/listar-playlists-usuario,47.700000,0.000000,230,380,530,640,1100,1500,2000,2500,2900,2900,2900,2567,0,130.0,259.83789172224584,1.1692709999806539,2892.0564950001335,1608.0
1780244468,250,POST,SOAP/listar-usuarios,49.400000,0.000000,330,590,800,940,1600,3400,34000,36000,37000,37000,37000,2631,0,220.0,940.1201257670072,4.8570189999281865,36902.22852600004,28012.0
1780244468,250,,Aggregated,241.600000,0.000000,310,550,780,930,1400,1900,2700,4700,36000,37000,37000,12850,0,210.0,487.1713525354095,1.1692709999806539,36902.22852600004,20861.432217898833
1780244469,250,POST,SOAP/listar-musicas,49.200000,0.000000,680,1000,1300,1500,1900,2500,3000,3600,4700,4700,4700,2637,0,460.0,617.8302786935925,12.796064999974988,4699.204725000072,71703.0
1780244469,250,POST,SOAP/listar-musicas-playlist,49.100000,0.000000,220,420,590,760,1200,1500,1900,2400,3200,3200,3200,2581,0,160.0,300.1083005590853,40.81163099999685,3212.129758999936,753.0
1780244469,250,POST,SOAP/listar-playlists-musica,48.400000,0.000000,210,370,590,760,1100,1600,2000,2700,5100,5100,5100,2557,0,170.0,316.46940071646463,41.81687300001613,5086.098330999903,1263.0
1780244469,250,POST,SOAP/listar-playlists-usuario,48.300000,0.000000,220,380,520,640,1100,1500,2000,2500,2900,2900,2900,2611,0,130.0,260.8079801554984,1.1692709999806539,2892.0564950001335,1608.0
1780244469,250,POST,SOAP/listar-usuarios,49.400000,0.000000,340,620,850,970,1600,3400,34000,36000,38000,38000,38000,2675,0,220.0,951.5821476661666,4.8570189999281865,37699.50672300001,28012.0
1780244469,250,,Aggregated,244.400000,0.000000,310,570,800,950,1500,1900,2700,4700,37000,38000,38000,13061,0,220.0,493.0297915537107,1.1692709999806539,37699.50672300001,20931.3515810428
1780244470,250,POST,SOAP/listar-musicas,48.400000,0.000000,710,1000,1300,1600,2000,2600,3000,3600,4700,4700,4700,2679,0,470.0,624.486975399777,12.796064999974988,4699.204725000072,71703.0
1780244470,250,POST,SOAP/listar-musicas-playlist,47.700000,0.000000,230,450,610,780,1200,1600,2100,2400,3200,3200,3200,2637,0,170.0,305.35386863101957,40.81163099999685,3212.129758999936,753.0
1780244470,250,POST,SOAP/listar-playlists-musica,47.800000,0.000000,220,390,670,820,1200,1600,2000,2700,5100,5100,5100,2614,0,170.0,319.73969182249425,41.81687300001613,5086.098330999903,1263.0
1780244470,250,POST,SOAP/listar-playlists-usuario,48.800000,0.000000,230,400,540,650,1100,1500,2000,2600,2900,2900,2900,2661,0,130.0,265.00382274295634,1.1692709999806539,2892.0564950001335,1608.0
1780244470,250,POST,SOAP/listar-usuarios,49.400000,0.000000,380,640,850,980,1600,2400,34000,36000,38000,38000,38000,2722,0,230.0,946.9643725290223,4.8570189999281865,37699.50672300001,28012.0
1780244470,250,,Aggregated,242.100000,0.000000,330,590,830,970,1500,2000,2700,3700,37000,38000,38000,13313,0,220.0,495.5179529364538,1.1692709999806539,37699.50672300001,20874.861563884926
1780244471,250,POST,SOAP/listar-musicas,47.500000,0.000000,700,1000,1300,1500,1900,2500,3000,3600,4700,4700,4700,2725,0,470.0,627.4190425100932,12.796064999974988,4699.204725000072,71703.0
1780244471,250,POST,SOAP/listar-musicas-playlist,46.300000,0.000000,230,430,610,780,1200,1600,2100,2400,3200,3200,3200,2681,0,170.0,307.60730942558695,40.81163099999685,3212.129758999936,753.0
1780244471,250,POST,SOAP/listar-playlists-musica,46.600000,0.000000,210,380,670,790,1200,1600,2000,2700,5100,5100,5100,2657,0,170.0,321.49557069175785,41.81687300001613,5086.098330999903,1263.0
1780244471,250,POST,SOAP/listar-playlists-usuario,47.400000,0.000000,220,390,540,690,1100,1500,2000,2600,2900,2900,2900,2704,0,130.0,266.8290679534042,1.1692709999806539,2892.0564950001335,1608.0
1780244471,250,POST,SOAP/listar-usuarios,47.900000,0.000000,360,660,880,1000,1600,2400,34000,36000,38000,38000,38000,2779,0,230.0,940.5306680039574,4.8570189999281865,37699.50672300001,28012.0
1780244471,250,,Aggregated,235.700000,0.000000,320,590,830,980,1500,2000,2700,3400,37000,38000,38000,13546,0,220.0,496.37282923866934,1.1692709999806539,37699.50672300001,20888.722796397462
1780244472,250,POST,SOAP/listar-musicas,48.600000,0.000000,740,1100,1400,1600,2100,2500,3200,3600,4700,4700,4700,2774,0,480.0,635.8774651164395,12.796064999974988,4699.204725000072,71703.0
1780244472,250,POST,SOAP/listar-musicas-playlist,48.700000,0.000000,240,440,640,840,1200,1600,2100,2400,3200,3200,3200,2726,0,170.0,310.0941751654433,40.81163099999685,3212.129758999936,753.0
1780244472,250,POST,SOAP/listar-playlists-musica,47.300000,0.000000,220,370,670,790,1200,1500,2000,2700,5100,5100,5100,2704,0,170.0,323.28907196116904,41.81687300001613,5086.098330999903,1263.0
1780244472,250,POST,SOAP/listar-playlists-usuario,48.800000,0.000000,220,370,540,710,1200,1600,2000,2600,2900,2900,2900,2744,0,130.0,268.7461253790105,1.1692709999806539,2892.0564950001335,1608.0
1780244472,250,POST,SOAP/listar-usuarios,48.300000,0.000000,380,710,920,1100,1700,2600,36000,37000,41000,41000,41000,2820,0,230.0,964.1809228524809,4.8570189999281865,40738.08324299989,28012.0
1780244472,250,,Aggregated,241.700000,0.000000,320,610,870,1000,1500,2000,2700,3700,38000,41000,41000,13768,0,220.0,504.05607428827796,1.1692709999806539,40738.08324299989,20901.957001743172
1780244473,250,POST,SOAP/listar-musicas,47.800000,0.000000,770,1200,1500,1600,2100,2500,3200,3600,4700,4700,4700,2816,0,480.0,640.6180978654128,12.796064999974988,4699.204725000072,71703.0
1780244473,250,POST,SOAP/listar-musicas-playlist,46.200000,0.000000,220,410,600,780,1200,1600,2100,2400,3200,3200,3200,2770,0,170.0,309.1933538137179,40.81163099999685,3212.129758999936,753.0
1780244473,250,POST,SOAP/listar-playlists-musica,47.300000,0.000000,220,420,680,810,1200,1600,2100,2900,5100,5100,5100,2748,0,170.0,326.50708243486224,41.81687300001613,5086.098330999903,1263.0
1780244473,250,POST,SOAP/listar-playlists-usuario,47.000000,0.000000,220,380,540,720,1200,1600,2100,2700,2900,2900,2900,2792,0,130.0,271.2014168270073,1.1692709999806539,2892.0564950001335,1608.0
1780244473,250,POST,SOAP/listar-usuarios,48.300000,0.000000,360,730,940,1100,1700,2500,36000,37000,42000,42000,42000,2869,0,230.0,972.2386971077015,4.8570189999281865,41930.598622999925,28012.0
1780244473,250,,Aggregated,236.600000,0.000000,320,630,880,1000,1600,2100,2700,3600,40000,42000,42000,13995,0,220.0,507.62663765394876,1.1692709999806539,41930.598622999925,20888.04187209718
1780244474,250,POST,SOAP/listar-musicas,47.100000,0.000000,770,1100,1400,1600,2100,2500,3000,3600,4700,4700,4700,2860,0,480.0,645.1986829748256,12.796064999974988,4699.204725000072,71703.0
1780244474,250,POST,SOAP/listar-musicas-playlist,47.500000,0.000000,240,450,620,820,1200,1500,2300,2500,3300,3300,3300,2817,0,170.0,312.8294034845581,40.81163099999685,3263.423388000092,753.0
1780244474,250,POST,SOAP/listar-playlists-musica,46.900000,0.000000,230,430,690,850,1300,1800,2200,2900,5100,5100,5100,2798,0,170.0,330.60118636847824,41.81687300001613,5086.098330999903,1263.0
1780244474,250,POST,SOAP/listar-playlists-usuario,47.000000,0.000000,210,360,540,720,1300,1700,2200,2600,3200,3200,3200,2840,0,130.0,275.0863407908463,1.1692709999806539,3220.8446919999005,1608.0
1780244474,250,POST,SOAP/listar-usuarios,48.300000,0.000000,410,750,930,1100,1700,2300,36000,40000,43000,43000,43000,2917,0,230.0,995.297233510112,4.8570189999281865,43025.187746000025,28012.0
1780244474,250,,Aggregated,236.800000,0.000000,330,640,880,1000,1600,2000,2700,3400,42000,43000,43000,14232,0,220.0,515.4621992958132,1.1692709999806539,43025.187746000025,20868.702852726252
1780244475,250,POST,SOAP/listar-musicas,46.500000,0.000000,840,1200,1500,1600,2200,2600,3400,3700,4700,4700,4700,2920,0,490.0,657.4882710445211,12.796064999974988,4699.204725000072,71703.0
1780244475,250,POST,SOAP/listar-musicas-playlist,46.800000,0.000000,220,440,650,840,1200,1500,2100,2600,5300,5300,5300,2868,0,170.0,317.15906429358427,40.81163099999685,5302.618202000076,753.0
1780244475,250,POST,SOAP/listar-playlists-musica,46.400000,0.000000,230,450,710,850,1200,1600,2200,2900,5100,5100,5100,2842,0,170.0,332.1884191273758,41.81687300001613,5086.098330999903,1263.0
1780244475,250,POST,SOAP/listar-playlists-usuario,46.200000,0.000000,190,370,540,750,1300,1700,2600,2800,3400,3400,3400,2893,0,130.0,280.0605388005543,1.1692709999806539,3424.23792999989,1608.0
1780244475,250,POST,SOAP/listar-usuarios,48.200000,0.000000,420,770,970,1200,1700,2400,37000,41000,44000,44000,44000,2960,0,240.0,1005.5762958168908,4.8570189999281865,44076.723025000094,28012.0
1780244475,250,,Aggregated,234.100000,0.000000,340,670,910,1100,1600,2100,2900,3600,43000,44000,44000,14483,0,220.0,522.0105233288691,1.1692709999806539,44076.723025000094,20899.62535386315
1780244476,250,POST,SOAP/listar-musicas,47.300000,0.000000,800,1200,1400,1600,2100,2400,3400,3600,4500,4500,4500,2969,0,490.0,661.0102014058615,12.796064999974988,4699.204725000072,71703.0
1780244476,250,POST,SOAP/listar-musicas-playlist,46.000000,0.000000,220,430,650,810,1200,1600,2200,2800,5300,5300,5300,2919,0,170.0,320.3331749349096,40.81163099999685,5302.618202000076,753.0
1780244476,250,POST,SOAP/listar-playlists-musica,46.500000,0.000000,230,470,720,880,1200,1800,2200,3100,5100,5100,5100,2894,0,170.0,336.2455349519707,41.81687300001613,5086.098330999903,1263.0
1780244476,250,POST,SOAP/listar-playlists-usuario,47.200000,0.000000,190,380,640,810,1300,1700,2500,2800,3400,3400,3400,2950,0,130.0,284.2577690294928,1.1692709999806539,3424.23792999989,1608.0
1780244476,250,POST,SOAP/listar-usuarios,47.300000,0.000000,410,760,970,1200,1700,2300,37000,43000,45000,45000,45000,3015,0,240.0,1025.8762876076275,4.8570189999281865,44607.372586999874,28012.0
1780244476,250,,Aggregated,234.300000,0.000000,340,670,910,1100,1600,2100,2800,3500,44000,45000,45000,14747,0,220.0,529.0746476933626,1.1692709999806539,44607.372586999874,20881.47528310843
1780244477,250,POST,SOAP/listar-musicas,47.300000,0.000000,800,1200,1500,1600,2100,2600,3400,3600,4500,4500,4500,3011,0,490.0,665.8939065964807,12.796064999974988,4699.204725000072,71703.0
1780244477,250,POST,SOAP/listar-musicas-playlist,47.000000,0.000000,240,460,690,850,1300,1600,2200,2800,5300,5300,5300,2967,0,170.0,323.81135393427724,40.81163099999685,5302.618202000076,753.0
1780244477,250,POST,SOAP/listar-playlists-musica,46.400000,0.000000,230,450,690,850,1200,1700,2200,2700,3200,3200,3200,2940,0,180.0,337.0823093431982,41.81687300001613,5086.098330999903,1263.0
1780244477,250,POST,SOAP/listar-playlists-usuario,46.800000,0.000000,170,360,540,750,1300,1700,2600,2800,3700,3700,3700,2987,0,130.0,285.3761169126227,1.1692709999806539,3705.8659320000515,1608.0
1780244477,250,POST,SOAP/listar-usuarios,47.300000,0.000000,430,780,990,1200,1700,2300,40000,44000,45000,45000,45000,3063,0,240.0,1048.3078828707141,4.8570189999281865,45288.45034100005,28012.0
1780244477,250,,Aggregated,234.800000,0.000000,340,670,920,1100,1600,2100,2800,3500,45000,45000,45000,14968,0,220.0,535.8205729426123,1.1692709999806539,45288.45034100005,20874.46258685195
1780244478,250,POST,SOAP/listar-musicas,47.800000,0.000000,790,1100,1400,1600,2100,2600,3400,3600,4100,4100,4100,3055,0,490.0,670.3090702667769,12.796064999974988,4699.204725000072,71703.0
1780244478,250,POST,SOAP/listar-musicas-playlist,46.700000,0.000000,210,430,660,820,1300,1800,2600,2900,5300,5300,5300,3020,0,170.0,327.62217320662296,40.81163099999685,5302.618202000076,753.0
1780244478,250,POST,SOAP/listar-playlists-musica,46.700000,0.000000,230,450,680,820,1200,1800,2200,2900,3900,3900,3900,2991,0,180.0,341.0959947492484,41.81687300001613,5086.098330999903,1263.0
1780244478,250,POST,SOAP/listar-playlists-usuario,47.300000,0.000000,170,380,640,810,1300,1700,2500,2800,3700,3700,3700,3040,0,130.0,289.0534090325665,1.1692709999806539,3705.8659320000515,1608.0
1780244478,250,POST,SOAP/listar-usuarios,47.500000,0.000000,410,730,970,1200,1700,2200,40000,44000,45000,45000,45000,3111,0,240.0,1040.0836311285748,4.8570189999281865,45288.45034100005,28012.0
1780244478,250,,Aggregated,236.000000,0.000000,330,660,910,1100,1600,2100,2900,3500,45000,45000,45000,15217,0,220.0,537.0213467138085,1.1692709999806539,45288.45034100005,20841.03371229546
1780244479,250,POST,SOAP/listar-musicas,47.000000,0.000000,780,1100,1400,1500,2100,2700,3500,3600,4400,4400,4400,3110,0,500.0,676.6547507186507,12.796064999974988,4699.204725000072,71703.0
1780244479,250,POST,SOAP/listar-musicas-playlist,46.700000,0.000000,210,400,660,820,1300,1700,2600,2900,5300,5300,5300,3063,0,170.0,330.1023996173692,40.81163099999685,5302.618202000076,753.0
1780244479,250,POST,SOAP/listar-playlists-musica,46.500000,0.000000,240,480,760,900,1300,1800,2500,3100,4400,4400,4400,3035,0,180.0,348.2077456971997,41.81687300001613,5086.098330999903,1263.0
1780244479,250,POST,SOAP/listar-playlists-usuario,47.300000,0.000000,160,330,650,820,1400,1700,2600,3000,4300,4300,4300,3088,0,130.0,291.6964294708556,1.1692709999806539,4260.762038000166,1608.0
1780244479,250,POST,SOAP/listar-usuarios,47.100000,0.000000,370,700,930,1200,1700,2200,40000,44000,45000,45000,45000,3155,0,240.0,1035.0973556589527,4.8570189999281865,45288.45034100005,28012.0
1780244479,250,,Aggregated,234.600000,0.000000,320,660,910,1100,1600,2100,2900,3600,45000,45000,45000,15451,0,220.0,539.6932990915813,1.1692709999806539,45288.45034100005,20871.098181347486
1780244480,250,POST,SOAP/listar-musicas,47.000000,0.000000,790,1200,1500,1600,2200,2800,3500,3600,4400,4400,4400,3156,0,500.0,683.9259718022823,12.796064999974988,4699.204725000072,71703.0
1780244480,250,POST,SOAP/listar-musicas-playlist,46.500000,0.000000,210,410,650,810,1300,1800,2600,2900,5300,5300,5300,3114,0,170.0,333.1227143163141,40.81163099999685,5302.618202000076,753.0
1780244480,250,POST,SOAP/listar-playlists-musica,46.200000,0.000000,230,480,720,870,1300,1900,2400,3100,4400,4400,4400,3095,0,180.0,350.4526058558972,41.81687300001613,5086.098330999903,1263.0
1780244480,250,POST,SOAP/listar-playlists-usuario,46.400000,0.000000,170,370,640,810,1400,1700,2500,3000,4300,4300,4300,3137,0,130.0,294.1689578138353,1.1692709999806539,4260.762038000166,1608.0
1780244480,250,POST,SOAP/listar-usuarios,47.900000,0.000000,420,720,960,1200,1700,2300,41000,44000,48000,48000,48000,3214,0,240.0,1042.5433146652133,4.8570189999281865,47716.33508400009,28012.0
1780244480,250,,Aggregated,234.000000,0.000000,330,660,910,1100,1600,2200,3000,3600,45000,48000,48000,15716,0,230.0,544.2865581896813,1.1692709999806539,47716.33508400009,20846.48504708577
1780244481,250,POST,SOAP/listar-musicas,48.300000,0.000000,780,1200,1500,1600,2200,2900,3500,3600,4400,4400,4400,3202,0,500.0,687.9440926527183,12.796064999974988,4699.204725000072,71703.0
1780244481,250,POST,SOAP/listar-musicas-playlist,47.500000,0.000000,200,410,650,810,1300,1800,2700,2900,5300,5300,5300,3153,0,170.0,335.16313688296935,40.81163099999685,5302.618202000076,753.0
1780244481,250,POST,SOAP/listar-playlists-musica,46.900000,0.000000,240,480,700,870,1300,1900,2500,3100,4400,4400,4400,3133,0,180.0,351.29970068624357,41.81687300001613,5086.098330999903,1263.0
1780244481,250,POST,SOAP/listar-playlists-usuario,47.800000,0.000000,170,370,620,810,1400,1800,2500,3000,4300,4300,4300,3178,0,140.0,295.9448567363129,1.1692709999806539,4260.762038000166,1608.0
1780244481,250,POST,SOAP/listar-usuarios,48.200000,0.000000,430,720,930,1100,1700,2200,43000,45000,49000,49000,49000,3267,0,250.0,1081.3918737884899,4.8570189999281865,49304.50226399989,28012.0
1780244481,250,,Aggregated,238.700000,0.000000,340,650,900,1100,1700,2200,3100,3600,49000,49000,49000,15933,0,230.0,554.4221630509659,1.1692709999806539,49304.50226399989,20871.751835812465
1780244482,250,POST,SOAP/listar-musicas,47.800000,0.000000,790,1200,1500,1700,2300,3000,3500,3700,4800,4800,4800,3264,0,510.0,697.5457537944255,12.796064999974988,4796.824423000089,71703.0
1780244482,250,POST,SOAP/listar-musicas-playlist,47.400000,0.000000,220,470,710,840,1400,1900,2700,3100,5300,5300,5300,3218,0,170.0,338.4320096973283,40.81163099999685,5302.618202000076,753.0
1780244482,250,POST,SOAP/listar-playlists-musica,47.400000,0.000000,250,480,720,870,1300,1800,2500,3100,4400,4400,4400,3180,0,180.0,352.498830270755,41.81687300001613,5086.098330999903,1263.0
1780244482,250,POST,SOAP/listar-playlists-usuario,47.500000,0.000000,170,370,560,780,1400,1800,2400,3000,4300,4300,4300,3235,0,140.0,297.8875146952093,1.1692709999806539,4260.762038000166,1608.0
1780244482,250,POST,SOAP/listar-usuarios,48.200000,0.000000,410,700,910,1100,1700,2300,43000,45000,49000,49000,49000,3304,0,250.0,1075.1894226280253,4.8570189999281865,49304.50226399989,28012.0
1780244482,250,,Aggregated,238.300000,0.000000,340,660,900,1100,1700,2200,3100,4000,49000,49000,49000,16201,0,230.0,555.7003759184021,1.1692709999806539,49304.50226399989,20877.205974939818
1780244483,250,POST,SOAP/listar-musicas,47.000000,0.000000,770,1200,1500,1700,2300,2900,3500,3700,4800,4800,4800,3307,0,510.0,701.2091227565788,12.796064999974988,4796.824423000089,71703.0
1780244483,250,POST,SOAP/listar-musicas-playlist,47.100000,0.000000,210,430,670,820,1300,1900,2600,3100,5300,5300,5300,3262,0,170.0,339.2081420472109,40.81163099999685,5302.618202000076,753.0
1780244483,250,POST,SOAP/listar-playlists-musica,47.200000,0.000000,260,500,720,860,1300,1800,2400,3200,4400,4400,4400,3239,0,180.0,356.2943011182466,41.81687300001613,5086.098330999903,1263.0
1780244483,250,POST,SOAP/listar-playlists-usuario,46.900000,0.000000,200,410,650,820,1400,1900,2400,3000,4300,4300,4300,3283,0,140.0,303.41032209534035,1.1692709999806539,4260.762038000166,1608.0
1780244483,250,POST,SOAP/listar-usuarios,48.300000,0.000000,410,690,910,1100,1700,2400,44000,48000,51000,51000,51000,3360,0,250.0,1083.5070244247013,4.8570189999281865,51294.90748700005,28012.0
1780244483,250,,Aggregated,236.500000,0.000000,350,660,890,1100,1700,2200,3100,3900,49000,51000,51000,16451,0,230.0,560.2159418358792,1.1692709999806539,51294.90748700005,20853.951006017873
1780244484,250,POST,SOAP/listar-musicas,48.700000,0.000000,780,1200,1500,1700,2300,2900,3500,3700,4800,4800,4800,3350,0,510.0,705.144711871345,12.796064999974988,4796.824423000089,71703.0
1780244484,250,POST,SOAP/listar-musicas-playlist,45.800000,0.000000,240,470,700,820,1400,2000,2600,2900,4000,4000,4000,3293,0,170.0,342.28014745126086,40.81163099999685,5302.618202000076,753.0
1780244484,250,POST,SOAP/listar-playlists-musica,46.100000,0.000000,280,510,730,860,1300,1800,2400,3100,4400,4400,4400,3272,0,180.0,359.3482769180931,41.81687300001613,5086.098330999903,1263.0
1780244484,250,POST,SOAP/listar-playlists-usuario,48.100000,0.000000,220,420,650,820,1400,2000,2300,3000,4300,4300,4300,3324,0,140.0,306.2146301762945,1.1692709999806539,4260.762038000166,1608.0
1780244484,250,POST,SOAP/listar-usuarios,47.300000,0.000000,430,720,970,1100,1700,2400,44000,49000,52000,52000,52000,3404,0,250.0,1094.4733970020552,4.8570189999281865,51717.83081600006,28012.0
1780244484,250,,Aggregated,236.000000,0.000000,360,670,900,1100,1700,2200,3100,3700,49000,52000,52000,16643,0,230.0,565.3184970560031,1.1692709999806539,51717.83081600006,20880.553686234452
1780244485,250,POST,SOAP/listar-musicas,48.300000,0.000000,780,1200,1500,1700,2200,2800,3500,3800,4800,4800,4800,3402,0,510.0,711.5880664811898,12.796064999974988,4796.824423000089,71703.0
1780244485,250,POST,SOAP/listar-musicas-playlist,47.500000,0.000000,240,480,730,830,1400,2000,2600,2900,4000,4000,4000,3342,0,180.0,345.78412149251966,40.81163099999685,5302.618202000076,753.0
1780244485,250,POST,SOAP/listar-playlists-musica,47.100000,0.000000,290,550,730,870,1300,1800,2200,2700,4400,4400,4400,3317,0,180.0,360.72202356285806,41.81687300001613,5086.098330999903,1263.0
1780244485,250,POST,SOAP/listar-playlists-usuario,47.700000,0.000000,240,420,650,830,1400,1900,2200,2500,4300,4300,4300,3377,0,140.0,308.87137361119403,1.1692709999806539,4260.762038000166,1608.0
1780244485,250,POST,SOAP/listar-usuarios,48.100000,0.000000,430,700,960,1100,1700,2400,4800,49000,52000,52000,52000,3449,0,250.0,1089.2237771571452,4.8570189999281865,51717.83081600006,28012.0
1780244485,250,,Aggregated,238.700000,0.000000,370,670,900,1100,1700,2200,3000,3600,49000,52000,52000,16887,0,240.0,566.8703454997968,1.1692709999806539,51717.83081600006,20884.88819802215
1780244486,250,POST,SOAP/listar-musicas,47.200000,0.000000,780,1300,1500,1700,2300,3000,3500,4000,5400,5400,5400,3445,0,520.0,718.8101400821504,12.796064999974988,5370.073937999905,71703.0
1780244486,250,POST,SOAP/listar-musicas-playlist,47.400000,0.000000,240,520,760,920,1500,2100,2600,3000,4000,4000,4000,3401,0,180.0,351.47914703940074,40.81163099999685,5302.618202000076,753.0
1780244486,250,POST,SOAP/listar-playlists-musica,47.600000,0.000000,290,560,760,870,1400,1800,2200,2700,4400,4400,4400,3376,0,180.0,363.1385492997635,41.81687300001613,5086.098330999903,1263.0
1780244486,250,POST,SOAP/listar-playlists-usuario,47.800000,0.000000,240,410,620,790,1300,1900,2200,2400,4300,4300,4300,3425,0,140.0,310.28379910073045,1.1692709999806539,4260.762038000166,1608.0
1780244486,250,POST,SOAP/listar-usuarios,48.500000,0.000000,420,690,960,1100,1700,2500,48000,52000,54000,54000,54000,3508,0,260.0,1140.3910389179002,4.8570189999281865,53511.68557200003,28012.0
1780244486,250,,Aggregated,238.500000,0.000000,370,680,920,1100,1700,2300,3000,3800,53000,54000,54000,17155,0,240.0,580.6383579448595,1.1692709999806539,53511.68557200003,20846.119032352082
1780244487,250,POST,SOAP/listar-musicas,48.500000,0.000000,780,1300,1600,1700,2300,2800,3500,4000,5400,5400,5400,3498,0,520.0,721.9924983350513,12.796064999974988,5370.073937999905,71703.0
1780244487,250,POST,SOAP/listar-musicas-playlist,47.100000,0.000000,230,480,750,850,1400,2000,2600,3000,4000,4000,4000,3443,0,180.0,351.2892752056351,40.81163099999685,5302.618202000076,753.0
1780244487,250,POST,SOAP/listar-playlists-musica,47.700000,0.000000,290,560,760,880,1300,1800,2200,2700,4400,4400,4400,3416,0,190.0,364.8895308632907,41.81687300001613,5086.098330999903,1263.0
1780244487,250,POST,SOAP/listar-playlists-usuario,48.700000,0.000000,230,390,530,770,1300,1900,2200,2400,4300,4300,4300,3476,0,140.0,310.388555372843,1.1692709999806539,4260.762038000166,1608.0
1780244487,250,POST,SOAP/listar-usuarios,48.500000,0.000000,420,700,1000,1200,1800,2500,49000,53000,54000,54000,54000,3557,0,260.0,1162.5469149148137,4.8570189999281865,53867.19222300008,28012.0
1780244487,250,,Aggregated,240.500000,0.000000,370,660,910,1100,1700,2300,3000,3800,54000,54000,54000,17390,0,240.0,586.289325242441,1.1692709999806539,53867.19222300008,20871.31529614721
1780244488,250,POST,SOAP/listar-musicas,47.800000,0.000000,820,1400,1600,1800,2300,2800,3500,4000,5400,5400,5400,3553,0,520.0,730.8220090281484,12.796064999974988,5370.073937999905,71703.0
1780244488,250,POST,SOAP/listar-musicas-playlist,48.100000,0.000000,240,490,750,890,1500,2200,2800,3100,3400,3400,3400,3504,0,180.0,357.07534903367616,40.81163099999685,5302.618202000076,753.0
1780244488,250,POST,SOAP/listar-playlists-musica,47.200000,0.000000,290,550,720,860,1400,1800,2200,2500,4400,4400,4400,3475,0,190.0,367.40632693208624,41.81687300001613,5086.098330999903,1263.0
1780244488,250,POST,SOAP/listar-playlists-usuario,48.100000,0.000000,250,400,560,790,1300,1900,2300,2900,4300,4300,4300,3524,0,140.0,313.69549925000047,1.1692709999806539,4260.762038000166,1608.0
1780244488,250,POST,SOAP/listar-usuarios,48.500000,0.000000,400,680,930,1100,1700,2500,49000,53000,54000,54000,54000,3604,0,260.0,1153.6836371564912,4.8570189999281865,53867.19222300008,28012.0
1780244488,250,,Aggregated,239.700000,0.000000,370,670,920,1100,1700,2300,3000,3800,54000,54000,54000,17660,0,240.0,588.2150835135357,1.1692709999806539,53867.19222300008,20861.270441676104
1780244489,250,POST,SOAP/listar-musicas,47.200000,0.000000,820,1300,1600,1700,2300,2600,3300,3800,5400,5400,5400,3599,0,530.0,733.8858278116179,12.796064999974988,5370.073937999905,71703.0
1780244489,250,POST,SOAP/listar-musicas-playlist,47.000000,0.000000,240,480,740,840,1500,2300,2800,3100,3400,3400,3400,3542,0,180.0,358.9185847758333,40.81163099999685,5302.618202000076,753.0
1780244489,250,POST,SOAP/listar-playlists-musica,46.900000,0.000000,290,560,730,860,1400,1800,2100,2500,3600,3600,3600,3515,0,190.0,370.72878897695557,41.81687300001613,5086.098330999903,1263.0
1780244489,250,POST,SOAP/listar-playlists-usuario,47.000000,0.000000,250,410,550,790,1300,1900,2300,2500,3800,3800,3800,3568,0,140.0,315.79602876681673,1.1692709999806539,4260.762038000166,1608.0
1780244489,250,POST,SOAP/listar-usuarios,49.200000,0.000000,390,700,970,1100,1800,2500,49000,53000,54000,54000,54000,3648,0,260.0,1148.8011499418838,4.8570189999281865,53867.19222300008,28012.0
1780244489,250,,Aggregated,237.300000,0.000000,370,670,910,1100,1700,2300,3000,3500,54000,54000,54000,17872,0,240.0,589.3712645731893,1.1692709999806539,53867.19222300008,20875.71553267681
1780244490,250,POST,SOAP/listar-musicas,48.500000,0.000000,800,1300,1600,1800,2300,2700,3500,4000,6800,6800,6800,3643,0,530.0,737.9643529541626,12.796064999974988,6771.517936999999,71703.0
1780244490,250,POST,SOAP/listar-musicas-playlist,47.300000,0.000000,250,490,750,870,1500,2300,2800,3100,3400,3400,3400,3589,0,180.0,362.46992700334454,40.81163099999685,5302.618202000076,753.0
1780244490,250,POST,SOAP/listar-playlists-musica,46.900000,0.000000,270,550,760,880,1500,1900,2500,3000,4100,4100,4100,3560,0,190.0,375.3917681834267,41.81687300001613,5086.098330999903,1263.0
1780244490,250,POST,SOAP/listar-playlists-usuario,48.000000,0.000000,240,410,610,800,1300,1900,2300,3000,3800,3800,3800,3617,0,150.0,319.4383766920103,1.1692709999806539,4260.762038000166,1608.0
1780244490,250,POST,SOAP/listar-usuarios,48.500000,0.000000,400,730,1000,1200,1800,2500,49000,53000,57000,57000,57000,3701,0,260.0,1156.8448158538208,4.8570189999281865,57015.237251000144,28012.0
1780244490,250,,Aggregated,239.200000,0.000000,370,690,930,1100,1800,2300,3000,3700,54000,57000,57000,18110,0,240.0,594.2901530938735,1.1692709999806539,57015.237251000144,20867.000220872447
1780244491,250,POST,SOAP/listar-musicas,48.100000,0.000000,810,1300,1600,1800,2300,2800,3400,3800,6800,6800,6800,3689,0,530.0,742.4049292496652,12.796064999974988,6771.517936999999,71703.0
1780244491,250,POST,SOAP/listar-musicas-playlist,48.400000,0.000000,250,470,750,890,1600,2400,2800,3100,3600,3600,3600,3637,0,180.0,364.77141036816164,40.81163099999685,5302.618202000076,753.0
1780244491,250,POST,SOAP/listar-playlists-musica,47.500000,0.000000,270,540,770,910,1500,1900,2500,3000,4100,4100,4100,3609,0,190.0,376.61561300471004,41.81687300001613,5086.098330999903,1263.0
1780244491,250,POST,SOAP/listar-playlists-usuario,48.100000,0.000000,240,420,740,830,1400,1900,2300,3000,3800,3800,3800,3665,0,150.0,322.3265932848575,1.1692709999806539,4260.762038000166,1608.0
1780244491,250,POST,SOAP/listar-usuarios,48.800000,0.000000,390,680,980,1100,1800,2500,51000,54000,58000,58000,58000,3751,0,260.0,1164.4582124086887,4.8570189999281865,58342.9446990001,28012.0
1780244491,250,,Aggregated,240.900000,0.000000,360,670,940,1100,1800,2400,3000,3600,54000,58000,58000,18351,0,240.0,597.9957969581525,1.1692709999806539,58342.9446990001,20858.565037327666
1780244492,250,POST,SOAP/listar-musicas,47.900000,0.000000,790,1300,1600,1900,2300,2800,3500,4200,6800,6800,6800,3748,0,530.0,749.6775199223616,12.796064999974988,6771.517936999999,71703.0
1780244492,250,POST,SOAP/listar-musicas-playlist,46.900000,0.000000,250,470,720,890,1600,2600,2900,3100,3600,3600,3600,3682,0,180.0,366.5536780706149,40.81163099999685,5302.618202000076,753.0
1780244492,250,POST,SOAP/listar-playlists-musica,47.100000,0.000000,270,560,780,940,1500,2000,2400,3000,4100,4100,4100,3658,0,190.0,379.22920342044813,41.81687300001613,5086.098330999903,1263.0
1780244492,250,POST,SOAP/listar-playlists-usuario,47.500000,0.000000,230,410,690,810,1300,1900,2400,3000,3800,3800,3800,3717,0,150.0,325.0727016841543,1.1692709999806539,4260.762038000166,1608.0
1780244492,250,POST,SOAP/listar-usuarios,48.600000,0.000000,400,670,1000,1200,1800,2700,53000,54000,59000,59000,59000,3790,0,260.0,1191.227720356726,4.8570189999281865,59221.50098400016,28012.0
1780244492,250,,Aggregated,238.000000,0.000000,370,680,950,1200,1900,2400,3000,3600,58000,59000,59000,18595,0,240.0,606.061344756605,1.1692709999806539,59221.50098400016,20880.76687281527
1780244493,250,POST,SOAP/listar-musicas,48.700000,0.000000,770,1200,1500,1800,2400,2900,3800,5100,6800,6800,6800,3797,0,530.0,752.9022574161214,12.796064999974988,6771.517936999999,71703.0
1780244493,250,POST,SOAP/listar-musicas-playlist,47.900000,0.000000,250,490,760,940,1700,2600,3000,3100,3600,3600,3600,3738,0,180.0,371.44629148742786,40.81163099999685,5302.618202000076,753.0
1780244493,250,POST,SOAP/listar-playlists-musica,46.900000,0.000000,250,480,740,910,1500,2100,2600,3000,4100,4100,4100,3703,0,190.0,381.1021527045638,41.81687300001613,5086.098330999903,1263.0
1780244493,250,POST,SOAP/listar-playlists-usuario,48.500000,0.000000,220,400,640,800,1500,1900,2400,2900,3800,3800,3800,3769,0,150.0,328.3887710981697,1.1692709999806539,4260.762038000166,1608.0
1780244493,250,POST,SOAP/listar-usuarios,48.100000,0.000000,390,690,1000,1200,1800,2700,53000,54000,59000,59000,59000,3833,0,260.0,1185.9140299204253,4.8570189999281865,59221.50098400016,28012.0
1780244493,250,,Aggregated,240.100000,0.000000,350,670,960,1200,1900,2500,3100,3600,58000,59000,59000,18840,0,250.0,607.3122683337621,1.1692709999806539,59221.50098400016,20869.3440552017
1780244494,250,POST,SOAP/listar-musicas,48.100000,0.000000,730,1200,1500,1700,2400,2800,3500,5100,6800,6800,6800,3833,0,530.0,753.9055700401806,12.796064999974988,6771.517936999999,71703.0
1780244494,250,POST,SOAP/listar-musicas-playlist,48.400000,0.000000,250,510,760,970,1800,2600,3000,3200,4000,4000,4000,3800,0,180.0,376.77916432184355,40.81163099999685,5302.618202000076,753.0
1780244494,250,POST,SOAP/listar-playlists-musica,47.500000,0.000000,260,480,740,910,1500,2100,2700,3300,5300,5300,5300,3766,0,190.0,384.29119463807746,41.81687300001613,5256.71324699988,1263.0
1780244494,250,POST,SOAP/listar-playlists-usuario,47.900000,0.000000,220,400,740,870,1500,1900,2500,3000,4000,4000,4000,3819,0,150.0,332.3137804302175,1.1692709999806539,4260.762038000166,1608.0
1780244494,250,POST,SOAP/listar-usuarios,48.500000,0.000000,390,660,990,1200,1800,2700,53000,57000,61000,61000,61000,3896,0,260.0,1192.2139452425538,4.8570189999281865,60681.39839499986,28012.0
1780244494,250,,Aggregated,240.400000,0.000000,350,660,940,1200,1900,2500,3100,3800,59000,61000,61000,19114,0,250.0,611.2113305180541,1.1692709999806539,60681.39839499986,20808.36878727634
1780244495,250,POST,SOAP/listar-musicas,49.000000,0.000000,740,1200,1500,1700,2300,2800,3500,4000,6800,6800,6800,3876,0,540.0,756.1065418372061,12.796064999974988,6771.517936999999,71703.0
1780244495,250,POST,SOAP/listar-musicas-playlist,46.700000,0.000000,240,470,710,920,1700,2600,2900,3200,4000,4000,4000,3831,0,180.0,376.34511510989466,40.81163099999685,5302.618202000076,753.0
1780244495,250,POST,SOAP/listar-playlists-musica,46.900000,0.000000,260,500,780,960,1600,2200,3000,3400,5300,5300,5300,3805,0,190.0,388.48017707752956,41.81687300001613,5256.71324699988,1263.0
1780244495,250,POST,SOAP/listar-playlists-usuario,48.100000,0.000000,210,400,750,890,1600,2000,2500,3000,4000,4000,4000,3858,0,150.0,333.4566729758944,1.1692709999806539,4260.762038000166,1608.0
1780244495,250,POST,SOAP/listar-usuarios,47.600000,0.000000,400,730,1100,1200,1800,2700,54000,61000,61000,61000,61000,3950,0,270.0,1248.1977205243018,4.8570189999281865,60730.76361799985,28012.0
1780244495,250,,Aggregated,238.300000,0.000000,350,660,970,1200,1900,2500,3200,4000,61000,61000,61000,19320,0,250.0,624.6103005351489,1.1692709999806539,60730.76361799985,20831.38457556936
1780244496,250,POST,SOAP/listar-musicas,49.500000,0.000000,790,1200,1500,1700,2300,2800,3800,4200,6800,6800,6800,3965,0,550.0,766.7399941442648,12.796064999974988,6771.517936999999,71703.0
1780244496,250,POST,SOAP/listar-musicas-playlist,49.500000,0.000000,280,510,750,1000,1800,2600,3000,3400,4200,4200,4200,3870,0,180.0,382.9274786860484,40.81163099999685,5302.618202000076,753.0
1780244496,250,POST,SOAP/listar-playlists-musica,47.800000,0.000000,290,590,870,1100,1800,2400,3000,3400,5300,5300,5300,3847,0,190.0,395.94744643540406,41.81687300001613,5256.71324699988,1263.0
1780244496,250,POST,SOAP/listar-playlists-usuario,49.100000,0.000000,260,470,710,880,1500,2000,2500,3000,4000,4000,4000,3916,0,150.0,336.53005113457624,1.1692709999806539,4260.762038000166,1608.0
1780244496,250,POST,SOAP/listar-usuarios,48.300000,0.000000,450,830,1100,1300,1900,2800,58000,61000,62000,62000,62000,3996,0,270.0,1276.1505098143123,4.8570189999281865,62497.83470900002,28012.0
1780244496,250,,Aggregated,244.200000,0.000000,410,730,1000,1300,1900,2500,3300,4100,61000,62000,62000,19594,0,250.0,636.0422763700662,1.1692709999806539,62497.83470900002,20940.499438603652
1780244497,250,POST,SOAP/listar-musicas,47.300000,0.000000,760,1200,1400,1700,2300,2800,3800,4400,6800,6800,6800,4001,0,550.0,767.3378002729339,12.796064999974988,6771.517936999999,71703.0
1780244497,250,POST,SOAP/listar-musicas-playlist,49.300000,0.000000,380,700,830,910,1700,2400,3000,3500,4200,4200,4200,3936,0,190.0,390.1678143706826,40.81163099999685,5302.618202000076,753.0
1780244497,250,POST,SOAP/listar-playlists-musica,48.700000,0.000000,320,630,830,1100,1800,2400,3000,3400,5300,5300,5300,3873,0,190.0,398.71433348412074,41.81687300001613,5256.71324699988,1263.0
1780244497,250,POST,SOAP/listar-playlists-usuario,48.100000,0.000000,360,600,780,880,1500,1900,2500,3000,4000,4000,4000,3973,0,160.0,341.8025372904609,1.1692709999806539,4260.762038000166,1608.0
1780244497,250,POST,SOAP/listar-usuarios,48.700000,0.000000,650,1100,1400,1800,59000,61000,62000,62000,63000,63000,63000,4095,0,280.0,2158.4884937299125,4.8570189999281865,62699.06861000004,28012.0
1780244497,250,,Aggregated,242.100000,0.000000,520,780,1100,1300,2100,3000,59000,61000,63000,63000,63000,19878,0,260.0,822.3680215473427,1.1692709999806539,62699.06861000004,20919.450347117418
1780244498,250,POST,SOAP/listar-musicas,47.400000,0.000000,860,1100,1300,1500,2200,2700,3600,4200,6800,6800,6800,4073,0,560.0,772.2295662158136,12.796064999974988,6771.517936999999,71703.0
1780244498,250,POST,SOAP/listar-musicas-playlist,47.300000,0.000000,510,770,890,1000,1600,2300,2900,3500,4200,4200,4200,3966,0,190.0,394.9803526583479,40.81163099999685,5302.618202000076,753.0
1780244498,250,POST,SOAP/listar-playlists-musica,47.300000,0.000000,420,820,1000,1100,1800,2400,3000,3400,5300,5300,5300,3916,0,200.0,405.99091688917235,41.81687300001613,5256.71324699988,1263.0
1780244498,250,POST,SOAP/listar-playlists-usuario,47.100000,0.000000,400,650,800,980,1400,1900,2400,2800,4000,4000,4000,3997,0,160.0,345.893141891419,1.1692709999806539,4260.762038000166,1608.0
1780244498,250,POST,SOAP/listar-usuarios,48.700000,0.000000,740,1200,1700,2500,59000,61000,62000,62000,63000,63000,63000,4120,0,280.0,2313.811807193445,4.8570189999281865,62699.06861000004,28012.0
1780244498,250,,Aggregated,237.800000,0.000000,620,910,1100,1300,2100,3300,59000,61000,63000,63000,63000,20072,0,260.0,857.7661950057335,1.1692709999806539,62699.06861000004,21015.107662415307
1780244499,250,POST,SOAP/listar-musicas,51.700000,0.000000,960,1200,1300,1300,2100,2500,3600,4200,6800,6800,6800,4122,0,570.0,777.7727689859314,12.796064999974988,6771.517936999999,71703.0
1780244499,250,POST,SOAP/listar-musicas-playlist,46.400000,0.000000,650,850,1000,1100,1500,2200,2900,3500,4200,4200,4200,3998,0,190.0,401.3924052228633,40.81163099999685,5302.618202000076,753.0
1780244499,250,POST,SOAP/listar-playlists-musica,47.100000,0.000000,610,1000,1100,1300,1600,2200,2900,3300,5300,5300,5300,3970,0,200.0,417.1049195710323,41.81687300001613,5256.71324699988,1263.0
1780244499,250,POST,SOAP/listar-playlists-usuario,51.200000,0.000000,600,880,1100,1100,1300,1700,2200,2600,4000,4000,4000,4091,0,170.0,362.73870021657336,1.1692709999806539,4260.762038000166,1608.0
1780244499,250,POST,SOAP/listar-usuarios,49.000000,0.000000,840,1200,1500,2300,59000,61000,62000,62000,63000,63000,63000,4180,0,290.0,2295.93838789976,4.8570189999281865,62699.06861000004,28012.0
1780244499,250,,Aggregated,245.400000,0.000000,740,1000,1200,1300,1900,3100,59000,61000,63000,63000,63000,20361,0,270.0,861.8260009108141,1.1692709999806539,62699.06861000004,20983.88379745592
1780244500,250,POST,SOAP/listar-musicas,50.300000,0.000000,910,1100,1300,1300,1900,2500,3400,4200,5500,5500,5500,4181,0,580.0,778.2723167974194,12.796064999974988,6771.517936999999,71703.0
1780244500,250,POST,SOAP/listar-musicas-playlist,48.400000,0.000000,740,870,960,1100,1300,2000,2900,3200,4200,4200,4200,4091,0,200.0,411.13183913297655,40.81163099999685,5302.618202000076,753.0
1780244500,250,POST,SOAP/listar-playlists-musica,44.900000,0.000000,740,1000,1100,1300,1400,2000,2700,3300,5300,5300,5300,3999,0,200.0,420.0459399024752,41.81687300001613,5256.71324699988,1263.0
1780244500,250,POST,SOAP/listar-playlists-usuario,48.500000,0.000000,670,870,1100,1100,1300,1600,2200,2600,4000,4000,4000,4123,0,170.0,365.70883755251054,1.1692709999806539,4260.762038000166,1608.0
1780244500,250,POST,SOAP/listar-usuarios,53.500000,0.000000,850,1200,1400,2200,59000,61000,62000,62000,63000,63000,63000,4221,0,300.0,2281.1709806261533,4.8570189999281865,62699.06861000004,28012.0
1780244500,250,,Aggregated,245.600000,0.000000,780,1000,1200,1300,1800,2900,59000,61000,63000,63000,63000,20615,0,280.0,861.1351380327468,1.1692709999806539,62699.06861000004,20993.933495027894
1780244501,250,POST,SOAP/listar-musicas,52.700000,0.000000,920,1100,1200,1300,1700,2200,3300,4200,5500,5500,5500,4232,0,590.0,779.5015440205602,12.796064999974988,6771.517936999999,71703.0
1780244501,250,POST,SOAP/listar-musicas-playlist,45.400000,0.000000,770,900,1000,1100,1300,1900,2900,3200,4200,4200,4200,4138,0,210.0,416.75679053165953,40.81163099999685,5302.618202000076,753.0
1780244501,250,POST,SOAP/listar-playlists-musica,44.600000,0.000000,850,980,1100,1100,1300,1800,2600,3300,5300,5300,5300,4111,0,220.0,432.9452026949647,41.81687300001613,5256.71324699988,1263.0
1780244501,250,POST,SOAP/listar-playlists-usuario,45.900000,0.000000,720,890,1000,1100,1300,1400,1900,2400,4000,4000,4000,4201,0,180.0,374.3080706493696,1.1692709999806539,4260.762038000166,1608.0
1780244501,250,POST,SOAP/listar-usuarios,50.200000,0.000000,860,1200,1300,1900,59000,61000,62000,62000,63000,63000,63000,4276,0,300.0,2261.932500693638,4.8570189999281865,62699.06861000004,28012.0
1780244501,250,,Aggregated,238.800000,0.000000,820,1000,1100,1200,1600,2700,59000,61000,63000,63000,63000,20958,0,290.0,861.1374863802897,1.1692709999806539,62699.06861000004,20912.764719916024
1780244502,250,POST,SOAP/listar-musicas,52.000000,0.000000,910,1000,1100,1200,1400,2100,2800,3500,5500,5500,5500,4276,0,590.0,780.4243058835385,12.796064999974988,6771.517936999999,71703.0
1780244502,250,POST,SOAP/listar-musicas-playlist,46.300000,0.000000,810,890,970,1000,1200,1700,2300,3000,4200,4200,4200,4201,0,210.0,422.9108458162363,40.81163099999685,5302.618202000076,753.0
1780244502,250,POST,SOAP/listar-playlists-musica,44.600000,0.000000,870,980,1100,1100,1300,1800,2500,3100,5300,5300,5300,4138,0,220.0,435.8434328489606,41.81687300001613,5256.71324699988,1263.0
1780244502,250,POST,SOAP/listar-playlists-usuario,52.400000,0.000000,770,900,1000,1100,1200,1300,1800,2400,4000,4000,4000,4232,0,180.0,377.44202466540696,1.1692709999806539,4260.762038000166,1608.0
1780244502,250,POST,SOAP/listar-usuarios,53.100000,0.000000,830,1000,1200,1400,58000,61000,62000,62000,63000,63000,63000,4361,0,310.0,2233.309777855077,4.8570189999281865,62699.06861000004,28012.0
1780244502,250,,Aggregated,248.400000,0.000000,830,970,1100,1200,1400,2500,59000,61000,63000,63000,63000,21208,0,290.0,860.7158388330411,1.1692709999806539,62699.06861000004,20933.471473029047
1780244503,250,POST,SOAP/listar-musicas,53.800000,0.000000,980,1100,1200,1300,1300,1900,2500,3000,4400,4400,4400,4351,0,600.0,787.5295771429579,12.796064999974988,6771.517936999999,71703.0
1780244503,250,POST,SOAP/listar-musicas-playlist,50.300000,0.000000,830,910,1000,1100,1200,1300,1800,2500,4200,4200,4200,4223,0,210.0,426.9048054357112,40.81163099999685,5302.618202000076,753.0
1780244503,250,POST,SOAP/listar-playlists-musica,43.500000,0.000000,930,1100,1200,1200,1300,1600,2100,2900,5300,5300,5300,4190,0,220.0,445.4099521408112,41.81687300001613,5256.71324699988,1263.0
1780244503,250,POST,SOAP/listar-playlists-usuario,49.400000,0.000000,800,930,1000,1100,1200,1300,1400,1700,2800,2800,2800,4255,0,180.0,381.74633569518267,1.1692709999806539,4260.762038000166,1608.0
1780244503,250,POST,SOAP/listar-usuarios,51.200000,0.000000,840,1000,1200,1400,58000,61000,62000,62000,63000,63000,63000,4373,0,310.0,2230.3032812506267,4.8570189999281865,62699.06861000004,28012.0
1780244503,250,,Aggregated,248.200000,0.000000,880,1000,1100,1200,1300,2100,59000,61000,63000,63000,63000,21392,0,300.0,863.5506165980805,1.1692709999806539,62699.06861000004,21026.09190351533
1780244504,250,POST,SOAP/listar-musicas,52.400000,0.000000,990,1100,1200,1300,1300,1700,2400,2800,4400,4400,4400,4393,0,610.0,789.0488477015726,12.796064999974988,6771.517936999999,71703.0
1780244504,250,POST,SOAP/listar-musicas-playlist,50.400000,0.000000,840,940,1000,1100,1200,1300,1800,2100,4200,4200,4200,4278,0,220.0,433.4463671647988,40.81163099999685,5302.618202000076,753.0
1780244504,250,POST,SOAP/listar-playlists-musica,49.700000,0.000000,980,1100,1200,1300,1300,1400,1900,2400,3300,3300,3300,4232,0,230.0,451.2266970125234,41.81687300001613,5256.71324699988,1263.0
1780244504,250,POST,SOAP/listar-playlists-usuario,52.400000,0.000000,840,990,1100,1100,1200,1300,1300,1400,1900,1900,1900,4365,0,190.0,396.6078371816724,1.1692709999806539,4260.762038000166,1608.0
1780244504,250,POST,SOAP/listar-usuarios,54.200000,0.000000,860,1100,1200,1300,58000,60000,62000,62000,63000,63000,63000,4452,0,330.0,2207.8355068551177,4.8570189999281865,62699.06861000004,28012.0
1780244504,250,,Aggregated,259.100000,0.000000,900,1000,1200,1200,1300,1900,58000,61000,63000,63000,63000,21720,0,310.0,865.1309122586633,1.1692709999806539,62699.06861000004,20961.60096685083
1780244505,250,POST,SOAP/listar-musicas,52.600000,0.000000,980,1100,1200,1200,1300,1400,2000,2400,4400,4400,4400,4453,0,620.0,791.3309661477676,12.796064999974988,6771.517936999999,71703.0
1780244505,250,POST,SOAP/listar-musicas-playlist,50.700000,0.000000,880,970,1000,1100,1200,1300,1400,2100,4200,4200,4200,4365,0,220.0,444.0216415237133,40.81163099999685,5302.618202000076,753.0
1780244505,250,POST,SOAP/listar-playlists-musica,48.100000,0.000000,1000,1100,1100,1200,1300,1300,1800,2100,3300,3300,3300,4285,0,230.0,458.0823586863475,41.81687300001613,5256.71324699988,1263.0
1780244505,250,POST,SOAP/listar-playlists-usuario,50.200000,0.000000,880,1000,1100,1100,1200,1300,1300,1300,1900,1900,1900,4400,0,200.0,401.1776895979545,1.1692709999806539,4260.762038000166,1608.0
1780244505,250,POST,SOAP/listar-usuarios,56.100000,0.000000,870,1000,1200,1300,58000,60000,62000,62000,63000,63000,63000,4484,0,330.0,2198.858178503566,4.8570189999281865,62699.06861000004,28012.0
1780244505,250,,Aggregated,257.700000,0.000000,920,1000,1100,1200,1300,1400,58000,60000,63000,63000,63000,21987,0,310.0,866.4072438767969,1.1692709999806539,62699.06861000004,20952.07472597444
1780244506,250,POST,SOAP/listar-musicas,55.400000,0.000000,970,1100,1100,1200,1300,1300,1300,1300,1400,1400,1400,4495,0,630.0,790.8943874771988,12.796064999974988,6771.517936999999,71703.0
1780244506,250,POST,SOAP/listar-musicas-playlist,46.700000,0.000000,860,950,1000,1000,1100,1300,1300,1400,1400,1400,1400,4421,0,230.0,447.66031186881025,40.81163099999685,5302.618202000076,753.0
1780244506,250,POST,SOAP/listar-playlists-musica,47.000000,0.000000,940,1000,1100,1100,1300,1300,1300,1400,1400,1400,1400,4370,0,250.0,464.5547711180777,41.81687300001613,5256.71324699988,1263.0
1780244506,250,POST,SOAP/listar-playlists-usuario,48.600000,0.000000,870,990,1100,1100,1200,1300,1300,1300,1300,1300,1300,4466,0,200.0,406.027979869458,1.1692709999806539,4260.762038000166,1608.0
1780244506,250,POST,SOAP/listar-usuarios,53.200000,0.000000,820,970,1100,1200,57000,59000,60000,61000,62000,62000,62000,4570,0,340.0,2170.77705105711,4.8570189999281865,62699.06861000004,28012.0
1780244506,250,,Aggregated,250.900000,0.000000,890,1000,1100,1100,1300,1300,57000,59000,61000,62000,62000,22322,0,320.0,864.530639803607,1.1692709999806539,62699.06861000004,20891.921691604693
1780244507,250,POST,SOAP/listar-musicas,55.800000,0.000000,990,1100,1100,1200,1300,1300,1300,1300,1400,1400,1400,4556,0,640.0,793.6575920998702,12.796064999974988,6771.517936999999,71703.0
1780244507,250,POST,SOAP/listar-musicas-playlist,48.700000,0.000000,880,960,1000,1100,1200,1300,1300,1400,1400,1400,1400,4458,0,240.0,451.51753829452895,40.81163099999685,5302.618202000076,753.0
1780244507,250,POST,SOAP/listar-playlists-musica,45.500000,0.000000,960,1100,1100,1100,1300,1300,1300,1400,1400,1400,1400,4411,0,250.0,469.6567805606438,41.81687300001613,5256.71324699988,1263.0
1780244507,250,POST,SOAP/listar-playlists-usuario,53.400000,0.000000,890,1000,1100,1100,1200,1300,1300,1300,1300,1300,1300,4488,0,200.0,408.4875919714793,1.1692709999806539,4260.762038000166,1608.0
1780244507,250,POST,SOAP/listar-usuarios,54.400000,0.000000,820,900,980,1000,1200,1300,1300,1300,1300,1300,1300,4618,0,340.0,2157.3594440121265,4.8570189999281865,62699.06861000004,28012.0
1780244507,250,,Aggregated,257.800000,0.000000,900,1000,1100,1100,1200,1300,1300,1300,1400,1400,1400,22531,0,330.0,865.3146091870352,1.1692709999806539,62699.06861000004,20957.034974035774
1780244508,250,POST,SOAP/listar-musicas,57.000000,0.000000,990,1100,1200,1200,1300,1300,1300,1300,1400,1400,1400,4617,0,650.0,799.6023404433632,12.796064999974988,6771.517936999999,71703.0
1780244508,250,POST,SOAP/listar-musicas-playlist,52.600000,0.000000,880,970,1000,1100,1200,1300,1300,1400,1400,1400,1400,4486,0,240.0,456.60966523161176,40.81163099999685,5302.618202000076,753.0
1780244508,250,POST,SOAP/listar-playlists-musica,49.600000,0.000000,960,1100,1100,1200,1300,1300,1300,1400,1400,1400,1400,4458,0,260.0,477.999557977344,41.81687300001613,5256.71324699988,1263.0
1780244508,250,POST,SOAP/listar-playlists-usuario,54.900000,0.000000,920,1000,1100,1200,1300,1300,1300,1300,1300,1300,1300,4551,0,210.0,419.5501438439905,1.1692709999806539,4260.762038000166,1608.0
1780244508,250,POST,SOAP/listar-usuarios,53.500000,0.000000,830,920,1000,1100,1200,1300,1300,1300,1300,1300,1300,4659,0,350.0,2149.1186203384846,4.8570189999281865,62699.06861000004,28012.0
1780244508,250,,Aggregated,267.600000,0.000000,910,1000,1100,1200,1300,1300,1300,1300,1400,1400,1400,22771,0,330.0,869.2263559048829,1.1692709999806539,62699.06861000004,20986.653155329146
1780244509,250,POST,SOAP/listar-musicas,52.300000,0.000000,950,1100,1100,1200,1300,1300,1300,1300,1400,1400,1400,4666,0,660.0,799.5131649209192,12.796064999974988,6771.517936999999,71703.0
1780244509,250,POST,SOAP/listar-musicas-playlist,55.700000,0.000000,870,950,1000,1100,1100,1300,1300,1400,1400,1400,1400,4567,0,250.0,463.57144591044636,40.81163099999685,5302.618202000076,753.0
1780244509,250,POST,SOAP/listar-playlists-musica,51.300000,0.000000,930,1000,1100,1200,1300,1300,1300,1300,1400,1400,1400,4494,0,260.0,481.1277417185135,41.81687300001613,5256.71324699988,1263.0
1780244509,250,POST,SOAP/listar-playlists-usuario,52.500000,0.000000,890,990,1100,1100,1200,1300,1300,1300,1300,1300,1300,4619,0,220.0,425.68151110023854,1.1692709999806539,4260.762038000166,1608.0
1780244509,250,POST,SOAP/listar-usuarios,57.500000,0.000000,820,890,960,1000,1200,1300,1300,1300,1300,1300,1300,4713,0,360.0,2133.930923338639,4.8570189999281865,62699.06861000004,28012.0
1780244509,250,,Aggregated,269.300000,0.000000,880,990,1100,1100,1200,1300,1300,1300,1400,1400,1400,23059,0,340.0,868.7838429135735,1.1692709999806539,62699.06861000004,20951.861702589013
1780244510,250,POST,SOAP/listar-musicas,54.900000,0.000000,960,1100,1100,1200,1300,1300,1300,1300,1400,1400,1400,4724,0,660.0,801.1164152434396,12.796064999974988,6771.517936999999,71703.0
1780244510,250,POST,SOAP/listar-musicas-playlist,51.700000,0.000000,880,970,1000,1100,1200,1300,1300,1400,1400,1400,1400,4622,0,250.0,470.12065989939623,40.81163099999685,5302.618202000076,753.0
1780244510,250,POST,SOAP/listar-playlists-musica,53.800000,0.000000,930,1000,1100,1100,1300,1300,1300,1300,1400,1400,1400,4589,0,270.0,490.23723756570047,41.81687300001613,5256.71324699988,1263.0
1780244510,250,POST,SOAP/listar-playlists-usuario,51.600000,0.000000,880,990,1000,1100,1200,1300,1300,1300,1300,1300,1300,4691,0,220.0,432.3681022353448,1.1692709999806539,4260.762038000166,1608.0
1780244510,250,POST,SOAP/listar-usuarios,51.100000,0.000000,820,910,970,1000,1200,1300,1300,1300,1300,1300,1300,4751,0,370.0,2124.081782941698,4.8570189999281865,62699.06861000004,28012.0
1780244510,250,,Aggregated,263.100000,0.000000,890,1000,1100,1100,1200,1300,1300,1300,1400,1400,1400,23377,0,350.0,869.5222499549172,1.1692709999806539,62699.06861000004,20902.142490482096
1780244511,250,POST,SOAP/listar-musicas,52.700000,0.000000,960,1100,1200,1200,1300,1300,1300,1300,1400,1400,1400,4758,0,670.0,800.7914264071057,12.796064999974988,6771.517936999999,71703.0
1780244511,250,POST,SOAP/listar-musicas-playlist,52.500000,0.000000,870,950,1000,1100,1200,1300,1300,1400,1400,1400,1400,4694,0,260.0,474.5189265743522,40.81163099999685,5302.618202000076,753.0
1780244511,250,POST,SOAP/listar-playlists-musica,53.300000,0.000000,950,1000,1100,1200,1300,1300,1300,1300,1400,1400,1400,4631,0,280.0,492.56279907730516,41.81687300001613,5256.71324699988,1263.0
1780244511,250,POST,SOAP/listar-playlists-usuario,58.200000,0.000000,890,1000,1100,1100,1200,1300,1300,1300,1400,1400,1400,4728,0,220.0,434.854322819797,1.1692709999806539,4260.762038000166,1608.0
1780244511,250,POST,SOAP/listar-usuarios,55.100000,0.000000,810,880,960,1000,1200,1300,1300,1300,1300,1300,1300,4855,0,390.0,2094.3893176051492,4.8570189999281865,62699.06861000004,28012.0
1780244511,250,,Aggregated,271.800000,0.000000,880,990,1100,1100,1200,1300,1300,1300,1400,1400,1400,23666,0,360.0,868.0329225884017,1.1692709999806539,62699.06861000004,20880.05125496493
1780244512,250,POST,SOAP/listar-musicas,54.400000,0.000000,1000,1100,1200,1200,1300,1300,1300,1300,1400,1400,1400,4830,0,680.0,805.3493378850945,12.796064999974988,6771.517936999999,71703.0
1780244512,250,POST,SOAP/listar-musicas-playlist,56.300000,0.000000,880,970,1100,1100,1200,1300,1300,1400,1400,1400,1400,4718,0,260.0,477.68117871683125,40.81163099999685,5302.618202000076,753.0
1780244512,250,POST,SOAP/listar-playlists-musica,51.700000,0.000000,950,1100,1100,1200,1300,1300,1300,1300,1400,1400,1400,4680,0,280.0,498.87852767265,41.81687300001613,5256.71324699988,1263.0
1780244512,250,POST,SOAP/listar-playlists-usuario,50.800000,0.000000,900,1000,1100,1100,1200,1300,1300,1300,1400,1400,1400,4748,0,230.0,437.5763888917439,1.1692709999806539,4260.762038000166,1608.0
1780244512,250,POST,SOAP/listar-usuarios,51.800000,0.000000,810,910,980,1000,1200,1300,1300,1300,1300,1300,1300,4871,0,390.0,2090.91967737015,4.8570189999281865,62699.06861000004,28012.0
1780244512,250,,Aggregated,265.000000,0.000000,900,1000,1100,1100,1300,1300,1300,1300,1400,1400,1400,23847,0,370.0,869.7434082109747,1.1692709999806539,62699.06861000004,20961.555751247535
1780244513,250,POST,SOAP/listar-musicas,53.100000,0.000000,970,1100,1200,1200,1300,1300,1300,1400,1400,1400,1400,4877,0,690.0,809.2599934707828,12.796064999974988,6771.517936999999,71703.0
1780244513,250,POST,SOAP/listar-musicas-playlist,52.100000,0.000000,880,970,1000,1100,1200,1300,1300,1300,1400,1400,1400,4754,0,260.0,482.7884693077426,40.81163099999685,5302.618202000076,753.0
1780244513,250,POST,SOAP/listar-playlists-musica,59.100000,0.000000,950,1000,1100,1100,1300,1300,1300,1400,1400,1400,1400,4726,0,290.0,505.31662182352966,41.81687300001613,5256.71324699988,1263.0
1780244513,250,POST,SOAP/listar-playlists-usuario,57.100000,0.000000,900,1000,1100,1100,1300,1300,1300,1300,1400,1400,1400,4854,0,240.0,451.08391576328813,1.1692709999806539,4260.762038000166,1608.0
1780244513,250,POST,SOAP/listar-usuarios,53.700000,0.000000,820,920,1000,1100,1200,1300,1300,1300,1400,1400,1400,4943,0,400.0,2076.388557836536,4.8570189999281865,62699.06861000004,28012.0
1780244513,250,,Aggregated,275.100000,0.000000,900,1000,1100,1100,1300,1300,1300,1400,1400,1400,1400,24154,0,380.0,872.8663448904982,1.1692709999806539,62699.06861000004,20928.739711848968
1780244514,250,POST,SOAP/listar-musicas,53.100000,0.000000,960,1100,1200,1200,1300,1300,1300,1400,1400,1400,1400,4940,0,690.0,809.936279403848,12.796064999974988,6771.517936999999,71703.0
1780244514,250,POST,SOAP/listar-musicas-playlist,54.800000,0.000000,890,970,1000,1100,1200,1300,1300,1300,1400,1400,1400,4843,0,280.0,490.1466330528627,40.81163099999685,5302.618202000076,753.0
1780244514,250,POST,SOAP/listar-playlists-musica,51.800000,0.000000,940,1000,1100,1100,1300,1300,1300,1400,1400,1400,1400,4751,0,290.0,507.28573712586865,41.81687300001613,5256.71324699988,1263.0
1780244514,250,POST,SOAP/listar-playlists-usuario,52.600000,0.000000,900,1000,1100,1100,1300,1300,1300,1300,1400,1400,1400,4873,0,240.0,452.48548638395266,1.1692709999806539,4260.762038000166,1608.0
1780244514,250,POST,SOAP/listar-usuarios,55.500000,0.000000,820,920,1000,1100,1200,1300,1300,1300,1400,1400,1400,4975,0,400.0,2068.587996591156,4.8570189999281865,62699.06861000004,28012.0
1780244514,250,,Aggregated,267.800000,0.000000,900,1000,1100,1100,1300,1300,1300,1400,1400,1400,1400,24382,0,380.0,872.8228594621073,1.1692709999806539,62699.06861000004,20960.3640390452
1780244515,250,POST,SOAP/listar-musicas,54.900000,0.000000,940,1100,1200,1200,1300,1300,1300,1400,1400,1400,1400,4985,0,700.0,810.0317295713157,12.796064999974988,6771.517936999999,71703.0
1780244515,250,POST,SOAP/listar-musicas-playlist,51.700000,0.000000,860,950,1000,1100,1200,1300,1300,1300,1400,1400,1400,4903,0,280.0,494.41997440628467,40.81163099999685,5302.618202000076,753.0
1780244515,250,POST,SOAP/listar-playlists-musica,53.400000,0.000000,910,990,1100,1100,1300,1300,1300,1400,1400,1400,1400,4867,0,310.0,514.982607111157,41.81687300001613,5256.71324699988,1263.0
1780244515,250,POST,SOAP/listar-playlists-usuario,51.600000,0.000000,880,1000,1100,1100,1300,1300,1300,1300,1400,1400,1400,4956,0,250.0,458.54348462328517,1.1692709999806539,4260.762038000166,1608.0
1780244515,250,POST,SOAP/listar-usuarios,50.500000,0.000000,800,900,970,1000,1200,1300,1300,1300,1400,1400,1400,5041,0,420.0,2051.1504889264043,4.8570189999281865,62699.06861000004,28012.0
1780244515,250,,Aggregated,262.100000,0.000000,870,980,1100,1100,1300,1300,1300,1400,1400,1400,1400,24752,0,400.0,871.887555741277,1.1692709999806539,62699.06861000004,20865.230082417584
1780244516,250,POST,SOAP/listar-musicas,52.000000,0.000000,950,1100,1200,1200,1300,1300,1300,1400,1400,1400,1400,5033,0,700.0,810.749120744488,12.796064999974988,6771.517936999999,71703.0
1780244516,250,POST,SOAP/listar-musicas-playlist,53.600000,0.000000,880,960,1000,1100,1200,1300,1300,1300,1400,1400,1400,4956,0,290.0,498.1320125002045,40.81163099999685,5302.618202000076,753.0
1780244516,250,POST,SOAP/listar-playlists-musica,53.200000,0.000000,940,1000,1100,1100,1300,1300,1300,1400,1400,1400,1400,4903,0,310.0,518.0988700889252,41.81687300001613,5256.71324699988,1263.0
1780244516,250,POST,SOAP/listar-playlists-usuario,58.100000,0.000000,900,1000,1100,1100,1300,1300,1300,1300,1400,1400,1400,4985,0,250.0,460.6892253835509,1.1692709999806539,4260.762038000166,1608.0
1780244516,250,POST,SOAP/listar-usuarios,56.200000,0.000000,820,920,1000,1100,1200,1300,1300,1300,1400,1400,1400,5117,0,430.0,2032.9597298376007,4.8570189999281865,62699.06861000004,28012.0
1780244516,250,,Aggregated,273.100000,0.000000,900,1000,1100,1100,1300,1300,1300,1400,1400,1400,1400,24994,0,410.0,871.7561040577782,1.1692709999806539,62699.06861000004,20891.36752820677
1780244517,250,POST,SOAP/listar-musicas,54.200000,0.000000,980,1100,1200,1200,1300,1300,1400,1400,1400,1400,1400,5105,0,710.0,816.6606870329105,12.796064999974988,6771.517936999999,71703.0
1780244517,250,POST,SOAP/listar-musicas-playlist,56.300000,0.000000,880,970,1000,1100,1200,1300,1400,1400,1400,1400,1400,4976,0,290.0,501.2350458603322,40.81163099999685,5302.618202000076,753.0
1780244517,250,POST,SOAP/listar-playlists-musica,52.600000,0.000000,940,1100,1100,1200,1300,1300,1300,1400,1400,1400,1400,4945,0,320.0,524.2177591233569,41.81687300001613,5256.71324699988,1263.0
1780244517,250,POST,SOAP/listar-playlists-usuario,51.600000,0.000000,910,1000,1100,1200,1300,1300,1300,1300,1400,1400,1400,5012,0,250.0,464.90415681065497,1.1692709999806539,4260.762038000166,1608.0
1780244517,250,POST,SOAP/listar-usuarios,52.000000,0.000000,820,920,1000,1100,1300,1300,1300,1300,1400,1400,1400,5132,0,430.0,2030.7627892511703,4.8570189999281865,62699.06861000004,28012.0
1780244517,250,,Aggregated,266.700000,0.000000,910,1000,1100,1200,1300,1300,1300,1400,1400,1400,1400,25170,0,410.0,874.3515885077917,1.1692709999806539,62699.06861000004,20971.519984108065
1780244518,250,POST,SOAP/listar-musicas,52.400000,0.000000,940,1100,1200,1200,1300,1300,1400,1400,1400,1400,1400,5151,0,720.0,817.6567408491568,12.796064999974988,6771.517936999999,71703.0
1780244518,250,POST,SOAP/listar-musicas-playlist,54.900000,0.000000,860,950,1000,1100,1200,1300,1400,1400,1400,1400,1400,5027,0,300.0,505.7479820515244,40.81163099999685,5302.618202000076,753.0
1780244518,250,POST,SOAP/listar-playlists-musica,55.700000,0.000000,920,1000,1100,1100,1300,1300,1400,1400,1400,1400,1400,4984,0,320.0,528.0407148780096,41.81687300001613,5256.71324699988,1263.0
1780244518,250,POST,SOAP/listar-playlists-usuario,54.300000,0.000000,880,1000,1100,1200,1300,1300,1300,1300,1400,1400,1400,5112,0,270.0,475.35597627151856,1.1692709999806539,4260.762038000166,1608.0
1780244518,250,POST,SOAP/listar-usuarios,55.800000,0.000000,810,910,1000,1100,1300,1300,1300,1300,1400,1400,1400,5205,0,440.0,2016.362739449952,4.8570189999281865,62699.06861000004,28012.0
1780244518,250,,Aggregated,273.100000,0.000000,880,990,1100,1100,1300,1300,1300,1400,1400,1400,1400,25479,0,430.0,875.6657525953194,1.1692709999806539,62699.06861000004,20936.6471211586
1780244519,250,POST,SOAP/listar-musicas,54.000000,0.000000,970,1100,1200,1200,1300,1300,1400,1400,1400,1400,1400,5210,0,730.0,819.01461384741,12.796064999974988,6771.517936999999,71703.0
1780244519,250,POST,SOAP/listar-musicas-playlist,51.900000,0.000000,900,1000,1100,1100,1200,1300,1400,1400,1400,1400,1400,5117,0,320.0,513.6547028331073,40.81163099999685,5302.618202000076,753.0
1780244519,250,POST,SOAP/listar-playlists-musica,53.200000,0.000000,940,1000,1100,1100,1300,1300,1400,1400,1400,1400,1400,5053,0,340.0,533.95055113299,41.81687300001613,5256.71324699988,1263.0
1780244519,250,POST,SOAP/listar-playlists-usuario,51.100000,0.000000,900,1000,1100,1100,1300,1300,1300,1300,1400,1400,1400,5169,0,280.0,480.05424311762556,1.1692709999806539,4260.762038000166,1608.0
1780244519,250,POST,SOAP/listar-usuarios,52.500000,0.000000,830,930,1000,1100,1300,1300,1300,1300,1400,1400,1400,5238,0,450.0,2009.6444868190151,4.8570189999281865,62699.06861000004,28012.0
1780244519,250,,Aggregated,262.700000,0.000000,910,1000,1100,1100,1300,1300,1300,1400,1400,1400,1400,25787,0,440.0,876.4651798212334,1.1692709999806539,62699.06861000004,20896.043665412806
1780244520,250,POST,SOAP/listar-musicas,54.000000,0.000000,940,1100,1200,1200,1300,1300,1400,1400,1400,1400,1400,5248,0,730.0,818.4240519535075,12.796064999974988,6771.517936999999,71703.0
1780244520,250,POST,SOAP/listar-musicas-playlist,51.800000,0.000000,860,940,1000,1100,1200,1300,1400,1400,1400,1400,1400,5176,0,330.0,516.330935971022,40.81163099999685,5302.618202000076,753.0
1780244520,250,POST,SOAP/listar-playlists-musica,53.300000,0.000000,910,1000,1100,1100,1300,1300,1400,1400,1400,1400,1400,5120,0,340.0,536.4363185728513,41.81687300001613,5256.71324699988,1263.0
1780244520,250,POST,SOAP/listar-playlists-usuario,53.000000,0.000000,880,1000,1100,1200,1300,1300,1300,1300,1400,1400,1400,5219,0,290.0,482.2595508676007,1.1692709999806539,4260.762038000166,1608.0
1780244520,250,POST,SOAP/listar-usuarios,51.600000,0.000000,800,890,990,1100,1300,1300,1300,1300,1400,1400,1400,5327,0,470.0,1988.1873838742267,4.8570189999281865,62699.06861000004,28012.0
1780244520,250,,Aggregated,263.700000,0.000000,880,990,1100,1100,1300,1300,1300,1400,1400,1400,1400,26090,0,450.0,874.7473779305143,1.1692709999806539,62699.06861000004,20861.383978535836
1780244521,250,POST,SOAP/listar-musicas,53.400000,0.000000,980,1100,1200,1200,1300,1300,1400,1400,1400,1400,1400,5308,0,730.0,820.7018041115308,12.796064999974988,6771.517936999999,71703.0
1780244521,250,POST,SOAP/listar-musicas-playlist,54.500000,0.000000,880,970,1000,1100,1200,1300,1400,1400,1400,1400,1400,5211,0,330.0,519.1025117374804,40.81163099999685,5302.618202000076,753.0
1780244521,250,POST,SOAP/listar-playlists-musica,51.900000,0.000000,940,1000,1100,1100,1300,1300,1400,1400,1400,1400,1400,5170,0,350.0,541.2040488313347,41.81687300001613,5256.71324699988,1263.0
1780244521,250,POST,SOAP/listar-playlists-usuario,53.300000,0.000000,900,1000,1100,1200,1300,1300,1300,1300,1400,1400,1400,5240,0,290.0,484.13853519332207,1.1692709999806539,4260.762038000166,1608.0
1780244521,250,POST,SOAP/listar-usuarios,53.200000,0.000000,840,930,1000,1100,1300,1300,1300,1300,1400,1400,1400,5369,0,470.0,1979.7800201976172,4.8570189999281865,62699.06861000004,28012.0
1780244521,250,,Aggregated,266.300000,0.000000,910,1000,1100,1100,1300,1300,1300,1400,1400,1400,1400,26298,0,460.0,875.5676534413302,1.1692709999806539,62699.06861000004,20909.402426040004
1780244522,250,POST,SOAP/listar-musicas,53.300000,0.000000,980,1100,1200,1300,1300,1300,1400,1400,1400,1400,1400,5368,0,740.0,825.937810251119,12.796064999974988,6771.517936999999,71703.0
1780244522,250,POST,SOAP/listar-musicas-playlist,53.600000,0.000000,890,970,1000,1100,1300,1300,1400,1400,1400,1400,1400,5236,0,330.0,522.9948067358689,40.81163099999685,5302.618202000076,753.0
1780244522,250,POST,SOAP/listar-playlists-musica,57.100000,0.000000,930,1000,1100,1200,1300,1300,1400,1400,1400,1400,1400,5208,0,350.0,546.7315471885561,41.81687300001613,5256.71324699988,1263.0
1780244522,250,POST,SOAP/listar-playlists-usuario,55.400000,0.000000,930,1100,1200,1200,1300,1300,1300,1300,1400,1400,1400,5307,0,300.0,493.5014864601482,1.1692709999806539,4260.762038000166,1608.0
1780244522,250,POST,SOAP/listar-usuarios,52.400000,0.000000,860,990,1100,1200,1300,1300,1300,1400,1400,1400,1400,5414,0,490.0,1973.6471670260444,4.8570189999281865,62699.06861000004,28012.0
1780244522,250,,Aggregated,271.800000,0.000000,910,1000,1100,1200,1300,1300,1400,1400,1400,1400,1400,26533,0,470.0,879.0468858469859,1.1692709999806539,62699.06861000004,20940.441714091885
1780244523,250,POST,SOAP/listar-musicas,51.900000,0.000000,940,1100,1200,1200,1300,1300,1400,1400,1400,1400,1400,5425,0,740.0,826.0610503834112,12.796064999974988,6771.517936999999,71703.0
1780244523,250,POST,SOAP/listar-musicas-playlist,55.900000,0.000000,880,940,1000,1000,1200,1300,1400,1400,1400,1400,1400,5311,0,350.0,527.8799028804386,40.81163099999685,5302.618202000076,753.0
1780244523,250,POST,SOAP/listar-playlists-musica,51.600000,0.000000,920,1000,1100,1100,1300,1300,1400,1400,1400,1400,1400,5240,0,360.0,548.7130605824427,41.81687300001613,5256.71324699988,1263.0
1780244523,250,POST,SOAP/listar-playlists-usuario,51.800000,0.000000,890,1000,1100,1200,1300,1300,1300,1300,1400,1400,1400,5370,0,310.0,497.7511653584741,1.1692709999806539,4260.762038000166,1608.0
1780244523,250,POST,SOAP/listar-usuarios,57.000000,0.000000,840,940,1000,1100,1200,1300,1300,1300,1400,1400,1400,5461,0,500.0,1964.11960983538,4.8570189999281865,62699.06861000004,28012.0
1780244523,250,,Aggregated,268.200000,0.000000,890,1000,1100,1100,1300,1300,1300,1400,1400,1400,1400,26807,0,480.0,878.8446580097027,1.1692709999806539,62699.06861000004,20935.373969485583
1780244524,250,POST,SOAP/listar-musicas,54.300000,0.000000,950,1100,1200,1200,1300,1300,1400,1400,1400,1400,1400,5476,0,750.0,826.6222970175319,12.796064999974988,6771.517936999999,71703.0
1780244524,250,POST,SOAP/listar-musicas-playlist,50.900000,0.000000,890,950,1000,1100,1200,1300,1400,1400,1400,1400,1400,5375,0,360.0,533.1904370128394,40.81163099999685,5302.618202000076,753.0
1780244524,250,POST,SOAP/listar-playlists-musica,53.700000,0.000000,910,1000,1000,1100,1300,1300,1400,1400,1400,1400,1400,5347,0,380.0,554.8709187419115,41.81687300001613,5256.71324699988,1263.0
1780244524,250,POST,SOAP/listar-playlists-usuario,50.600000,0.000000,880,990,1100,1100,1300,1300,1300,1300,1400,1400,1400,5447,0,320.0,502.33169184046375,1.1692709999806539,4260.762038000166,1608.0
1780244524,250,POST,SOAP/listar-usuarios,51.100000,0.000000,830,940,1000,1100,1200,1300,1300,1300,1400,1400,1400,5508,0,510.0,1954.4919194974598,4.8570189999281865,62699.06861000004,28012.0
1780244524,250,,Aggregated,260.600000,0.000000,890,1000,1100,1100,1300,1300,1300,1400,1400,1400,1400,27153,0,500.0,878.7581231529512,1.1692709999806539,62699.06861000004,20863.077229035465
1780244526,250,POST,SOAP/listar-musicas,54.300000,0.000000,960,1100,1200,1200,1300,1300,1400,1400,1400,1400,1400,5513,0,750.0,826.4631785294771,12.796064999974988,6771.517936999999,71703.0
1780244526,250,POST,SOAP/listar-musicas-playlist,54.400000,0.000000,890,950,1000,1100,1200,1300,1400,1400,1400,1400,1400,5451,0,370.0,536.4813191284192,40.81163099999685,5302.618202000076,753.0
1780244526,250,POST,SOAP/listar-playlists-musica,50.800000,0.000000,920,1000,1100,1100,1300,1300,1400,1400,1400,1400,1400,5387,0,390.0,556.5276109836642,41.81687300001613,5256.71324699988,1263.0
1780244526,250,POST,SOAP/listar-playlists-usuario,51.200000,0.000000,900,1000,1100,1200,1300,1300,1300,1300,1400,1400,1400,5481,0,320.0,503.97176886553655,1.1692709999806539,4260.762038000166,1608.0
1780244526,250,POST,SOAP/listar-usuarios,51.000000,0.000000,840,940,1000,1100,1200,1300,1300,1300,1400,1400,1400,5607,0,530.0,1933.4338289926918,4.8570189999281865,62699.06861000004,28012.0
1780244526,250,,Aggregated,261.700000,0.000000,890,1000,1100,1100,1300,1300,1300,1400,1400,1400,1400,27439,0,510.0,877.6448907935811,1.1692709999806539,62699.06861000004,20849.293159371697
1780244527,250,POST,SOAP/listar-musicas,52.900000,0.000000,950,1000,1200,1200,1300,1300,1300,1400,1400,1400,1400,5587,0,750.0,830.5948869869345,12.796064999974988,6771.517936999999,71703.0
1780244527,250,POST,SOAP/listar-musicas-playlist,51.800000,0.000000,890,940,1000,1100,1100,1300,1400,1400,1400,1400,1400,5471,0,370.0,538.7790743747053,40.81163099999685,5302.618202000076,753.0
1780244527,250,POST,SOAP/listar-playlists-musica,58.500000,0.000000,920,1000,1000,1100,1300,1300,1300,1400,1400,1400,1400,5435,0,400.0,561.5360193056115,41.81687300001613,5256.71324699988,1263.0
1780244527,250,POST,SOAP/listar-playlists-usuario,56.400000,0.000000,880,990,1100,1100,1200,1300,1300,1300,1400,1400,1400,5500,0,330.0,506.2386751856375,1.1692709999806539,4260.762038000166,1608.0
1780244527,250,POST,SOAP/listar-usuarios,53.100000,0.000000,840,930,1000,1100,1200,1300,1300,1300,1400,1400,1400,5621,0,540.0,1931.314164481235,4.8570189999281865,62699.06861000004,28012.0
1780244527,250,,Aggregated,272.700000,0.000000,890,1000,1100,1100,1200,1300,1300,1400,1400,1400,1400,27614,0,520.0,879.277607246182,1.1692709999806539,62699.06861000004,20927.362243789383
1780244528,250,POST,SOAP/listar-musicas,52.400000,0.000000,990,1100,1200,1200,1300,1300,1400,1400,1400,1400,1400,5630,0,760.0,833.1199861040864,12.796064999974988,6771.517936999999,71703.0
1780244528,250,POST,SOAP/listar-musicas-playlist,53.300000,0.000000,890,960,1000,1100,1200,1300,1400,1400,1400,1400,1400,5511,0,380.0,542.5499288419544,40.81163099999685,5302.618202000076,753.0
1780244528,250,POST,SOAP/listar-playlists-musica,51.900000,0.000000,930,1000,1100,1100,1300,1300,1300,1400,1400,1400,1400,5478,0,410.0,565.9236332365823,41.81687300001613,5256.71324699988,1263.0
1780244528,250,POST,SOAP/listar-playlists-usuario,52.000000,0.000000,910,1000,1100,1200,1300,1300,1300,1300,1400,1400,1400,5601,0,340.0,516.3240516466711,1.1692709999806539,4260.762038000166,1608.0
1780244528,250,POST,SOAP/listar-usuarios,55.300000,0.000000,850,970,1100,1100,1200,1300,1300,1300,1400,1400,1400,5700,0,560.0,1919.4730002628096,4.8570189999281865,62699.06861000004,28012.0
1780244528,250,,Aggregated,264.900000,0.000000,910,1000,1100,1200,1300,1300,1300,1400,1400,1400,1400,27920,0,540.0,881.5728852885053,1.1692709999806539,62699.06861000004,20896.532772206305
1780244529,250,POST,SOAP/listar-musicas,54.400000,0.000000,970,1100,1200,1200,1300,1300,1400,1400,1400,1400,1400,5699,0,770.0,834.1477857559232,12.796064999974988,6771.517936999999,71703.0
1780244529,250,POST,SOAP/listar-musicas-playlist,51.500000,0.000000,890,960,1000,1100,1200,1300,1400,1400,1400,1400,1400,5598,0,400.0,548.644814149162,40.81163099999685,5302.618202000076,753.0
1780244529,250,POST,SOAP/listar-playlists-musica,53.100000,0.000000,930,1000,1100,1200,1300,1300,1400,1400,1400,1400,1400,5503,0,420.0,567.7099406512807,41.81687300001613,5256.71324699988,1263.0
1780244529,250,POST,SOAP/listar-playlists-usuario,51.400000,0.000000,910,1000,1200,1200,1300,1300,1300,1300,1400,1400,1400,5626,0,350.0,517.939686572166,1.1692709999806539,4260.762038000166,1608.0
1780244529,250,POST,SOAP/listar-usuarios,50.400000,0.000000,840,960,1100,1100,1200,1300,1300,1300,1400,1400,1400,5724,0,570.0,1915.3202046813442,4.8570189999281865,62699.06861000004,28012.0
1780244529,250,,Aggregated,260.800000,0.000000,910,1000,1100,1200,1300,1300,1300,1400,1400,1400,1400,28150,0,550.0,881.9343244151,1.1692709999806539,62699.06861000004,20930.311758436947
1780244530,250,POST,SOAP/listar-musicas,51.700000,0.000000,970,1100,1200,1200,1300,1300,1400,1400,1400,1400,1400,5738,0,770.0,833.3664450820856,12.796064999974988,6771.517936999999,71703.0
1780244530,250,POST,SOAP/listar-musicas-playlist,52.700000,0.000000,900,960,1000,1100,1200,1300,1400,1400,1400,1400,1400,5673,0,410.0,551.3145835138389,40.81163099999685,5302.618202000076,753.0
1780244530,250,POST,SOAP/listar-playlists-musica,52.700000,0.000000,930,1000,1100,1100,1300,1300,1300,1400,1400,1400,1400,5617,0,450.0,572.0883399675979,41.81687300001613,5256.71324699988,1263.0
1780244530,250,POST,SOAP/listar-playlists-usuario,57.500000,0.000000,910,1000,1100,1200,1300,1300,1300,1300,1400,1400,1400,5710,0,370.0,521.6446538131365,1.1692709999806539,4260.762038000166,1608.0
1780244530,250,POST,SOAP/listar-usuarios,56.300000,0.000000,860,980,1100,1100,1200,1300,1300,1300,1400,1400,1400,5803,0,580.0,1898.7179491507868,4.8570189999281865,62699.06861000004,28012.0
1780244530,250,,Aggregated,270.900000,0.000000,920,1000,1100,1200,1300,1300,1300,1400,1400,1400,1400,28541,0,570.0,880.1280870308703,1.1692709999806539,62699.06861000004,20830.845800777828
1780244531,250,POST,SOAP/listar-musicas,54.100000,0.000000,950,1100,1200,1200,1300,1300,1400,1400,1400,1400,1400,5789,0,770.0,834.2669936882029,12.796064999974988,6771.517936999999,71703.0
1780244531,250,POST,SOAP/listar-musicas-playlist,55.100000,0.000000,890,960,1000,1100,1200,1300,1400,1400,1400,1400,1400,5710,0,420.0,553.5384754581452,40.81163099999685,5302.618202000076,753.0
1780244531,250,POST,SOAP/listar-playlists-musica,51.500000,0.000000,920,1000,1100,1100,1300,1300,1300,1400,1400,1400,1400,5669,0,460.0,575.8217579382601,41.81687300001613,5256.71324699988,1263.0
1780244531,250,POST,SOAP/listar-playlists-usuario,50.900000,0.000000,900,1000,1100,1200,1300,1300,1300,1300,1400,1400,1400,5738,0,370.0,523.3259405571646,1.1692709999806539,4260.762038000166,1608.0
1780244531,250,POST,SOAP/listar-usuarios,51.600000,0.000000,840,950,1000,1100,1200,1300,1300,1300,1400,1400,1400,5860,0,600.0,1888.1892496204816,4.8570189999281865,62699.06861000004,28012.0
1780244531,250,,Aggregated,263.200000,0.000000,900,1000,1100,1100,1300,1300,1300,1400,1400,1400,1400,28766,0,580.0,880.2837765685905,1.1692709999806539,62699.06861000004,20855.359382604463
1780244532,250,POST,SOAP/listar-musicas,52.700000,0.000000,960,1100,1200,1200,1300,1400,1400,1400,1400,1400,1400,5855,0,770.0,839.444490864732,12.796064999974988,6771.517936999999,71703.0
1780244532,250,POST,SOAP/listar-musicas-playlist,55.300000,0.000000,890,960,1000,1100,1200,1400,1400,1400,1400,1400,1400,5733,0,430.0,556.7994661937918,40.81163099999685,5302.618202000076,753.0
1780244532,250,POST,SOAP/listar-playlists-musica,54.500000,0.000000,920,1000,1100,1100,1300,1300,1400,1400,1400,1400,1400,5701,0,460.0,579.9971457163649,41.81687300001613,5256.71324699988,1263.0
1780244532,250,POST,SOAP/listar-playlists-usuario,53.500000,0.000000,870,980,1000,1100,1300,1300,1400,1400,1400,1400,1400,5766,0,380.0,527.2545633652463,1.1692709999806539,4260.762038000166,1608.0
1780244532,250,POST,SOAP/listar-usuarios,55.200000,0.000000,830,920,1000,1100,1200,1300,1300,1400,1400,1400,1400,5891,0,600.0,1884.9682208811785,4.8570189999281865,62699.06861000004,28012.0
1780244532,250,,Aggregated,271.200000,0.000000,890,1000,1100,1100,1300,1300,1400,1400,1400,1400,1400,28946,0,590.0,882.9593091620969,1.1692709999806539,62699.06861000004,20922.711151799904
1780244533,250,POST,SOAP/listar-musicas,53.800000,0.000000,990,1100,1200,1300,1300,1400,1400,1400,1400,1400,1400,5904,0,780.0,840.208741810977,12.796064999974988,6771.517936999999,71703.0
1780244533,250,POST,SOAP/listar-musicas-playlist,52.000000,0.000000,890,960,1000,1100,1200,1400,1400,1400,1400,1400,1400,5788,0,450.0,559.8268703002782,40.81163099999685,5302.618202000076,753.0
1780244533,250,POST,SOAP/listar-playlists-musica,52.500000,0.000000,920,1000,1100,1100,1300,1300,1400,1400,1400,1400,1400,5737,0,480.0,582.3662122243328,41.81687300001613,5256.71324699988,1263.0
1780244533,250,POST,SOAP/listar-playlists-usuario,51.800000,0.000000,910,1000,1100,1200,1300,1300,1400,1400,1400,1400,1400,5860,0,400.0,535.0954171735513,1.1692709999806539,4260.762038000166,1608.0
1780244533,250,POST,SOAP/listar-usuarios,52.500000,0.000000,840,970,1100,1100,1200,1300,1300,1400,1400,1400,1400,5959,0,620.0,1875.1226630777016,4.8570189999281865,62699.06861000004,28012.0
1780244533,250,,Aggregated,262.600000,0.000000,910,1000,1100,1200,1300,1300,1400,1400,1400,1400,1400,29248,0,600.0,883.8696796498252,1.1692709999806539,62699.06861000004,20900.064790754925
