Timestamp,User Count,Type,Name,Requests/s,Failures/s,50%,66%,75%,80%,90%,95%,98%,99%,99.9%,99.99%,100%,Total Request Count,Total Failure Count,Total Median Response Time,Total Average Response Time,Total Min Response Time,Total Max Response Time,Total Average Content Size
1780244176,0,,Aggregated,0.000000,0.000000,N/A,N/A,N/A,N/A,N/A,N/A,N/A,N/A,N/A,N/A,N/A,0,0,0,0.0,0,0,0
1780244177,10,POST,GraphQL/listar-musicas,0.000000,0.000000,0,0,0,0,0,0,0,0,0,0,0,37,0,45,47.78706478379497,9.688825000012002,77.84791800008861,50908.0
1780244177,10,POST,GraphQL/listar-musicas-playlist,0.000000,0.000000,0,0,0,0,0,0,0,0,0,0,0,30,0,46,47.11197733333089,43.309256999918944,59.93137499990553,327.0
1780244177,10,POST,GraphQL/listar-playlists-musica,0.000000,0.000000,0,0,0,0,0,0,0,0,0,0,0,30,0,44,45.94140743333052,43.25956900015626,51.77185100001225,538.0
1780244177,10,POST,GraphQL/listar-playlists-usuario,0.000000,0.000000,0,0,0,0,0,0,0,0,0,0,0,31,0,62,64.62436606450923,42.250667000189424,103.66081000006488,739.0
1780244177,10,POST,GraphQL/listar-usuarios,0.000000,0.000000,0,0,0,0,0,0,0,0,0,0,0,40,0,20,74.96087019999891,4.079135000210954,258.85083599996506,22017.0
1780244177,10,,Aggregated,0.000000,0.000000,0,0,0,0,0,0,0,0,0,0,0,168,0,47,56.91376842857142,4.079135000210954,258.85083599996506,16744.85119047619
1780244178,20,POST,GraphQL/listar-musicas,0.000000,0.000000,44,56,64,65,83,89,100,140,140,140,140,106,0,45,49.23931380190485,8.209844000020894,135.49643399983324,50908.0
1780244178,20,POST,GraphQL/listar-musicas-playlist,0.000000,0.000000,53,60,67,68,84,95,130,140,140,140,140,95,0,52,58.69843267369824,43.309256999918944,140.29876899985538,327.0
1780244178,20,POST,GraphQL/listar-playlists-musica,0.000000,0.000000,0,0,0,0,0,0,0,0,0,0,0,91,0,52,58.10065746152429,43.23019799994654,119.64685399993868,538.0
1780244178,20,POST,GraphQL/listar-playlists-usuario,0.000000,0.000000,62,68,71,74,83,100,110,140,140,140,140,103,0,62,66.31545059223657,42.250667000189424,140.85791799993785,739.0
1780244178,20,POST,GraphQL/listar-usuarios,0.000000,0.000000,28,36,41,47,80,120,310,380,380,380,380,110,0,29,58.06987867273082,3.9442580000468297,377.41142499999114,22017.0
1780244178,20,,Aggregated,0.000000,0.000000,51,60,65,68,83,95,120,140,380,380,380,505,0,52,58.02189358614395,3.9442580000468297,377.41142499999114,15790.609900990099
1780244179,30,POST,GraphQL/listar-musicas,10.000000,0.000000,56,70,85,92,110,140,160,200,210,210,210,175,0,57,64.70233742287357,8.209844000020894,213.97471499994936,50908.0
1780244179,30,POST,GraphQL/listar-musicas-playlist,7.000000,0.000000,60,72,80,84,99,110,130,140,180,180,180,165,0,60,67.04359115758025,43.309256999918944,179.749670000092,327.0
1780244179,30,POST,GraphQL/listar-playlists-musica,0.000000,0.000000,68,76,84,87,120,170,180,190,200,200,200,158,0,60,68.6101226075797,43.23019799994654,200.50624900000003,538.0
1780244179,30,POST,GraphQL/listar-playlists-usuario,10.000000,0.000000,64,72,77,84,100,120,140,150,150,150,150,169,0,65,70.7985868224886,42.250667000189424,154.72767500000373,739.0
1780244179,30,POST,GraphQL/listar-usuarios,10.000000,0.000000,33,47,60,80,120,280,390,490,670,670,670,184,0,33,71.9544925489142,3.9442580000468297,670.7321159999537,22017.0
1780244179,30,,Aggregated,37.000000,0.000000,58,68,78,84,100,140,190,280,670,670,670,851,0,59,68.66050383548995,3.9442580000468297,670.7321159999537,15539.222091656875
1780244180,40,POST,GraphQL/listar-musicas,33.500000,0.000000,67,89,100,110,160,190,230,250,270,270,270,242,0,67,79.5048590661289,8.209844000020894,274.5682580000448,50908.0
1780244180,40,POST,GraphQL/listar-musicas-playlist,28.500000,0.000000,64,80,92,96,120,150,180,190,240,240,240,231,0,63,75.62549202597718,43.309256999918944,237.753284000064,327.0
1780244180,40,POST,GraphQL/listar-playlists-musica,25.000000,0.000000,72,84,92,110,150,180,190,240,260,260,260,224,0,67,78.07367694642309,43.23019799994654,259.94924999986324,538.0
1780244180,40,POST,GraphQL/listar-playlists-usuario,31.500000,0.000000,65,74,82,86,110,130,160,170,230,230,230,235,0,66,73.76361533191654,42.250667000189424,227.04338899984577,739.0
1780244180,40,POST,GraphQL/listar-usuarios,34.500000,0.000000,38,58,79,89,170,280,450,670,840,840,840,251,0,41,80.39733176892477,3.9442580000468297,837.921723999898,22017.0
1780244180,40,,Aggregated,153.000000,0.000000,63,77,88,96,140,170,220,280,730,840,840,1183,0,63,77.52523082417841,3.9442580000468297,837.921723999898,15397.901098901099
1780244181,50,POST,GraphQL/listar-musicas,45.333333,0.000000,76,100,120,150,200,260,320,360,480,480,480,313,0,73,98.39496335783474,8.209844000020894,484.59809999985737,50908.0
1780244181,50,POST,GraphQL/listar-musicas-playlist,41.000000,0.000000,68,88,100,110,150,180,240,300,320,320,320,293,0,68,85.91118534812642,43.309256999918944,323.9928499999678,327.0
1780244181,50,POST,GraphQL/listar-playlists-musica,39.333333,0.000000,78,92,110,120,170,190,230,240,260,260,260,282,0,68,85.44801159573923,43.23019799994654,259.94924999986324,538.0
1780244181,50,POST,GraphQL/listar-playlists-usuario,42.333333,0.000000,69,82,92,100,140,170,200,230,240,240,240,303,0,69,81.72493518151978,42.250667000189424,240.5653529999654,739.0
1780244181,50,POST,GraphQL/listar-usuarios,47.333333,0.000000,45,70,90,110,210,390,840,1200,1500,1500,1500,321,0,48,108.1102118971975,3.9442580000468297,1505.1685430000816,22017.0
1780244181,50,,Aggregated,215.333333,0.000000,68,85,100,120,170,220,320,450,1300,1500,1500,1512,0,68,92.28305124801756,3.9442580000468297,1505.1685430000816,15524.540343915343
1780244182,60,POST,GraphQL/listar-musicas,51.250000,0.000000,86,120,150,170,230,290,380,420,480,480,480,379,0,85,112.08629067546921,8.209844000020894,484.59809999985737,50908.0
1780244182,60,POST,GraphQL/listar-musicas-playlist,48.000000,0.000000,72,92,110,120,160,200,280,300,390,390,390,361,0,72,90.81458321330057,43.309256999918944,385.730059000025,327.0
1780244182,60,POST,GraphQL/listar-playlists-musica,47.000000,0.000000,81,100,120,140,190,250,320,400,430,430,430,350,0,76,98.05398154285426,43.23019799994654,426.301618000025,538.0
1780244182,60,POST,GraphQL/listar-playlists-usuario,49.500000,0.000000,72,86,100,110,150,170,220,240,260,260,260,369,0,72,86.35551903794129,42.250667000189424,262.0273330001055,739.0
1780244182,60,POST,GraphQL/listar-usuarios,53.000000,0.000000,55,82,110,150,280,490,1300,1500,1900,1900,1900,391,0,56,139.38806579795664,3.9442580000468297,1944.0569559999403,22017.0
1780244182,60,,Aggregated,248.750000,0.000000,72,94,110,130,190,260,390,620,1900,1900,1900,1850,0,72,105.9186932421647,3.9442580000468297,1944.0569559999403,15395.576756756756
1780244183,70,POST,GraphQL/listar-musicas,54.000000,0.000000,94,140,170,200,260,330,410,430,690,690,690,446,0,92,124.48641421300857,8.209844000020894,691.7145649999838,50908.0
1780244183,70,POST,GraphQL/listar-musicas-playlist,51.400000,0.000000,80,100,120,140,190,240,310,360,430,430,430,427,0,79,101.29014348946458,43.309256999918944,427.9007200000251,327.0
1780244183,70,POST,GraphQL/listar-playlists-musica,50.000000,0.000000,84,110,140,160,200,260,350,400,510,510,510,419,0,79,104.73817747255264,43.23019799994654,507.51140199986366,538.0
1780244183,70,POST,GraphQL/listar-playlists-usuario,52.800000,0.000000,76,94,110,120,170,210,260,290,440,440,440,434,0,76,94.15587861750822,42.250667000189424,442.70450399994843,739.0
1780244183,70,POST,GraphQL/listar-usuarios,56.200000,0.000000,59,89,130,160,300,620,1400,1600,1900,1900,1900,463,0,60,149.09005736717324,3.9442580000468297,1944.0569559999403,22017.0
1780244183,70,,Aggregated,264.400000,0.000000,77,100,130,150,220,290,410,680,1900,1900,1900,2189,0,77,115.37207686203851,3.9442580000468297,1944.0569559999403,15342.446779351301
1780244184,80,POST,GraphQL/listar-musicas,56.000000,0.000000,100,150,180,210,280,360,420,450,690,690,690,513,0,98,133.67506492008042,8.209844000020894,691.7145649999838,50908.0
1780244184,80,POST,GraphQL/listar-musicas-playlist,53.833333,0.000000,83,110,130,150,200,280,360,380,430,430,430,498,0,82,108.00767701807384,42.012147999912486,427.9007200000251,327.0
1780244184,80,POST,GraphQL/listar-playlists-musica,52.500000,0.000000,88,120,140,160,220,280,350,380,510,510,510,483,0,82,109.68555731470197,43.23019799994654,507.51140199986366,538.0
1780244184,80,POST,GraphQL/listar-playlists-usuario,55.000000,0.000000,79,100,120,140,190,240,350,440,600,600,600,504,0,79,104.06663705952278,42.250667000189424,604.3923659999564,739.0
1780244184,80,POST,GraphQL/listar-usuarios,58.333333,0.000000,65,100,150,180,310,510,1400,1700,3000,3000,3000,531,0,67,160.7003062881384,3.9442580000468297,2990.3488929999185,22017.0
1780244184,80,,Aggregated,275.666667,0.000000,82,110,140,160,240,320,430,670,1900,3000,3000,2529,0,82,123.81285225741551,3.9442580000468297,2990.3488929999185,15263.73546856465
1780244185,90,POST,GraphQL/listar-musicas,57.857143,0.000000,120,180,230,250,340,370,420,450,690,690,690,588,0,120.0,151.6441435697281,8.209844000020894,691.7145649999838,50908.0
1780244185,90,POST,GraphQL/listar-musicas-playlist,55.285714,0.000000,87,120,150,180,260,330,370,400,430,430,430,538,0,84,120.24345861524219,42.012147999912486,427.9007200000251,327.0
1780244185,90,POST,GraphQL/listar-playlists-musica,53.857143,0.000000,94,130,170,180,280,370,410,450,610,610,610,525,0,87,125.0328432457169,43.23019799994654,614.1767660001278,538.0
1780244185,90,POST,GraphQL/listar-playlists-usuario,56.857143,0.000000,84,110,150,170,230,310,400,440,600,600,600,554,0,84,118.4345959999981,42.250667000189424,604.3923659999564,739.0
1780244185,90,POST,GraphQL/listar-usuarios,60.428571,0.000000,76,150,210,250,570,1500,2400,2400,3300,3300,3300,601,0,77,249.84020274542564,3.9442580000468297,3344.848888000115,22017.0
1780244185,90,,Aggregated,284.285714,0.000000,89,130,170,200,300,390,640,1500,3200,3300,3300,2806,0,88,155.119995684961,3.9442580000468297,3344.848888000115,15692.766571632217
1780244186,100,POST,GraphQL/listar-musicas,59.625000,0.000000,130,200,250,270,350,370,410,440,690,690,690,646,0,130.0,163.71853465015798,8.209844000020894,691.7145649999838,50908.0
1780244186,100,POST,GraphQL/listar-musicas-playlist,56.625000,0.000000,97,140,200,250,310,340,390,400,430,430,430,603,0,96,140.16258633996569,42.012147999912486,427.9007200000251,327.0
1780244186,100,POST,GraphQL/listar-playlists-musica,55.125000,0.000000,110,170,230,270,350,380,410,430,610,610,610,597,0,100.0,149.63025404690487,43.23019799994654,614.1767660001278,538.0
1780244186,100,POST,GraphQL/listar-playlists-usuario,57.875000,0.000000,97,150,200,240,330,380,400,430,600,600,600,637,0,96,144.91174603924426,42.250667000189424,604.3923659999564,739.0
1780244186,100,POST,GraphQL/listar-usuarios,61.000000,0.000000,89,190,250,280,450,1400,2400,2400,3300,3300,3300,664,0,91,251.74781996084582,3.9442580000468297,3344.848888000115,22017.0
1780244186,100,,Aggregated,290.250000,0.000000,100,170,230,260,340,390,570,1400,3000,3300,3300,3147,0,100.0,171.2992720985072,3.9442580000468297,3344.848888000115,15409.903400063553
1780244187,110,POST,GraphQL/listar-musicas,60.222222,0.000000,170,250,300,330,370,390,420,440,690,690,690,712,0,150.0,181.4909210140493,8.209844000020894,691.7145649999838,50908.0
1780244187,110,POST,GraphQL/listar-musicas-playlist,56.888889,0.000000,120,200,270,300,360,390,410,430,440,440,440,658,0,100,158.91162855775116,42.012147999912486,443.75566100006836,327.0
1780244187,110,POST,GraphQL/listar-playlists-musica,56.333333,0.000000,120,190,280,310,390,420,430,440,610,610,610,639,0,110.0,166.22982321283715,43.23019799994654,614.1767660001278,538.0
1780244187,110,POST,GraphQL/listar-playlists-usuario,59.000000,0.000000,120,200,280,320,390,410,430,440,600,600,600,691,0,110.0,164.5411346628055,42.250667000189424,604.3923659999564,739.0
1780244187,110,POST,GraphQL/listar-usuarios,62.111111,0.000000,150,250,300,330,460,1400,2400,2400,3300,3300,3300,737,0,120.0,258.7818982374524,3.9442580000468297,3344.848888000115,22017.0
1780244187,110,,Aggregated,294.555556,0.000000,130,230,280,320,380,420,570,1400,3000,3300,3300,3437,0,120.0,187.49677842275398,3.9442580000468297,3344.848888000115,15578.301425661915
1780244188,120,POST,GraphQL/listar-musicas,60.300000,0.000000,230,290,330,350,380,400,420,440,690,690,690,775,0,170.0,192.82040832000442,8.209844000020894,691.7145649999838,50908.0
1780244188,120,POST,GraphQL/listar-musicas-playlist,56.100000,0.000000,170,280,320,340,380,410,430,440,450,450,450,726,0,120.0,178.62383129201248,42.012147999912486,451.991377000013,327.0
1780244188,120,POST,GraphQL/listar-playlists-musica,54.200000,0.000000,170,290,340,370,410,430,440,450,610,610,610,711,0,130.0,187.1546259113955,43.23019799994654,614.1767660001278,538.0
1780244188,120,POST,GraphQL/listar-playlists-usuario,59.700000,0.000000,160,280,330,350,390,410,430,440,600,600,600,749,0,120.0,178.86796708411032,42.250667000189424,604.3923659999564,739.0
1780244188,120,POST,GraphQL/listar-usuarios,63.400000,0.000000,210,300,330,350,500,1400,2400,2400,3300,3300,3300,800,0,150.0,266.0137279775036,3.9442580000468297,3344.848888000115,22017.0
1780244188,120,,Aggregated,293.700000,0.000000,190,290,330,350,390,430,570,1400,3000,3300,3300,3761,0,140.0,201.79918817256242,3.9442580000468297,3344.848888000115,15485.437649561287
1780244189,130,POST,GraphQL/listar-musicas,65.700000,0.000000,270,340,360,370,400,420,450,470,690,690,690,845,0,200.0,209.8792731218973,8.209844000020894,691.7145649999838,50908.0
1780244189,130,POST,GraphQL/listar-musicas-playlist,63.000000,0.000000,250,320,360,380,420,440,470,520,530,530,530,779,0,140.0,196.9005577034683,42.012147999912486,528.3428109999022,327.0
1780244189,130,POST,GraphQL/listar-playlists-musica,60.300000,0.000000,250,340,380,390,430,450,510,520,610,610,610,752,0,140.0,202.16487486037528,43.23019799994654,614.1767660001278,538.0
1780244189,130,POST,GraphQL/listar-playlists-usuario,63.600000,0.000000,240,340,380,390,420,440,460,490,600,600,600,819,0,140.0,200.0606334578731,42.250667000189424,604.3923659999564,739.0
1780244189,130,POST,GraphQL/listar-usuarios,69.000000,0.000000,260,330,370,390,500,1400,2400,2400,3300,3300,3300,868,0,190.0,276.6969812799562,3.9442580000468297,3344.848888000115,22017.0
1780244189,130,,Aggregated,321.600000,0.000000,260,330,370,380,420,450,570,1500,3000,3300,3300,4063,0,160.0,218.25846534260526,3.9442580000468297,3344.848888000115,15602.4036426286
1780244190,140,POST,GraphQL/listar-musicas,67.000000,0.000000,300,350,370,380,400,420,450,470,690,690,690,909,0,230.0,220.5125297392789,8.209844000020894,691.7145649999838,50908.0
1780244190,140,POST,GraphQL/listar-musicas-playlist,63.200000,0.000000,310,370,400,410,430,450,500,520,530,530,530,847,0,170.0,214.66586290319077,42.012147999912486,528.3428109999022,327.0
1780244190,140,POST,GraphQL/listar-playlists-musica,60.700000,0.000000,320,380,410,420,440,480,510,520,610,610,610,822,0,170.0,221.109864761558,43.23019799994654,614.1767660001278,538.0
1780244190,140,POST,GraphQL/listar-playlists-usuario,64.900000,0.000000,310,370,400,400,430,440,470,490,600,600,600,878,0,160.0,213.76390539749187,42.250667000189424,604.3923659999564,739.0
1780244190,140,POST,GraphQL/listar-usuarios,68.100000,0.000000,310,360,390,410,490,1400,2400,2400,3300,3300,3300,934,0,220.0,285.8946323019289,3.9442580000468297,3344.848888000115,22017.0
1780244190,140,,Aggregated,323.900000,0.000000,310,360,390,400,430,470,520,1500,3000,3300,3300,4390,0,190.0,232.05705689180073,3.9442580000468297,3344.848888000115,15536.969703872437
1780244191,150,POST,GraphQL/listar-musicas,66.200000,0.000000,340,370,390,400,440,470,510,520,690,690,690,971,0,240.0,236.00304799176598,8.209844000020894,691.7145649999838,50908.0
1780244191,150,POST,GraphQL/listar-musicas-playlist,62.600000,0.000000,340,400,420,440,510,540,560,570,590,590,590,909,0,200.0,236.4735314653494,42.012147999912486,586.6848089999621,327.0
1780244191,150,POST,GraphQL/listar-playlists-musica,59.900000,0.000000,370,410,430,440,490,540,570,580,610,610,610,878,0,190.0,240.7846077870165,43.23019799994654,614.1767660001278,538.0
1780244191,150,POST,GraphQL/listar-playlists-usuario,64.300000,0.000000,350,400,410,430,470,500,540,550,600,600,600,937,0,190.0,231.5657946574148,42.250667000189424,604.3923659999564,739.0
1780244191,150,POST,GraphQL/listar-usuarios,68.700000,0.000000,340,390,430,450,520,1300,2400,2400,3300,3300,3300,998,0,240.0,299.047558465934,3.9442580000468297,3344.848888000115,22017.0
1780244191,150,,Aggregated,321.700000,0.000000,350,390,420,430,480,530,570,1400,3000,3300,3300,4693,0,230.0,249.50967361645124,3.9442580000468297,3344.848888000115,15526.674621777114
1780244192,160,POST,GraphQL/listar-musicas,66.300000,0.000000,360,390,410,420,460,490,510,520,690,690,690,1034,0,260.0,249.32460397389335,8.209844000020894,691.7145649999838,50908.0
1780244192,160,POST,GraphQL/listar-musicas-playlist,61.900000,0.000000,380,420,450,470,530,540,560,570,590,590,590,973,0,250.0,253.28738463926348,42.012147999912486,586.6848089999621,327.0
1780244192,160,POST,GraphQL/listar-playlists-musica,59.000000,0.000000,390,440,470,480,520,540,570,580,610,610,610,937,0,240.0,257.2058178986121,43.23019799994654,614.1767660001278,538.0
1780244192,160,POST,GraphQL/listar-playlists-usuario,64.400000,0.000000,390,420,440,450,490,530,540,550,600,600,600,1000,0,230.0,247.51850452899737,42.250667000189424,604.3923659999564,739.0
1780244192,160,POST,GraphQL/listar-usuarios,67.000000,0.000000,370,430,460,480,520,680,2400,2400,3300,3300,3300,1075,0,270.0,311.2372597190719,3.9442580000468297,3344.848888000115,22017.0
1780244192,160,,Aggregated,318.600000,0.000000,380,420,440,460,510,530,570,690,3000,3300,3300,5019,0,260.0,264.4651675355662,3.9442580000468297,3344.848888000115,15514.728830444312
1780244193,170,POST,GraphQL/listar-musicas,65.200000,0.000000,370,410,440,450,490,510,540,550,570,570,570,1099,0,280.0,263.57731923476337,8.209844000020894,691.7145649999838,50908.0
1780244193,170,POST,GraphQL/listar-musicas-playlist,62.000000,0.000000,410,460,500,520,540,570,590,590,620,620,620,1030,0,280.0,269.8364197796152,42.012147999912486,622.7672289999191,327.0
1780244193,170,POST,GraphQL/listar-playlists-musica,59.500000,0.000000,420,480,500,510,550,580,590,610,630,630,630,998,0,280.0,275.21748517134324,43.23019799994654,627.2000989999924,538.0
1780244193,170,POST,GraphQL/listar-playlists-usuario,63.800000,0.000000,410,440,480,490,530,550,580,590,620,620,620,1071,0,280.0,266.1128717731086,42.250667000189424,624.0419350001503,739.0
1780244193,170,POST,GraphQL/listar-usuarios,68.000000,0.000000,400,460,480,500,550,640,2400,2400,3300,3300,3300,1140,0,290.0,323.78114263421196,3.9442580000468297,3344.848888000115,22017.0
1780244193,170,,Aggregated,318.500000,0.000000,400,450,480,500,530,560,590,670,3000,3300,3300,5338,0,280.0,280.3273556922081,3.9442580000468297,3344.848888000115,15495.030910453353
1780244194,180,POST,GraphQL/listar-musicas,65.900000,0.000000,400,450,470,490,520,550,570,600,630,630,630,1168,0,300.0,279.7552629905866,8.209844000020894,691.7145649999838,50908.0
1780244194,180,POST,GraphQL/listar-musicas-playlist,59.600000,0.000000,440,500,530,540,580,600,660,670,680,680,680,1080,0,300.0,285.2583964101882,42.012147999912486,680.2001860000928,327.0
1780244194,180,POST,GraphQL/listar-playlists-musica,56.900000,0.000000,440,500,520,530,580,600,660,660,680,680,680,1043,0,310.0,289.26215591850456,43.23019799994654,684.7335019999718,538.0
1780244194,180,POST,GraphQL/listar-playlists-usuario,63.000000,0.000000,430,480,510,520,550,580,600,620,670,670,670,1134,0,300.0,282.61091271340257,42.250667000189424,665.1226999999835,739.0
1780244194,180,POST,GraphQL/listar-usuarios,67.500000,0.000000,430,480,510,520,570,640,1500,2400,2400,2400,2400,1207,0,320.0,336.4812322841775,3.9442580000468297,3344.848888000115,22017.0
1780244194,180,,Aggregated,312.900000,0.000000,430,480,510,520,560,590,660,680,2400,2400,2400,5632,0,310.0,295.30313677255094,3.9442580000468297,3344.848888000115,15587.248401988636
1780244195,190,POST,GraphQL/listar-musicas,65.200000,0.000000,420,470,490,510,540,560,590,620,650,650,650,1229,0,320.0,291.5669963824288,8.209844000020894,691.7145649999838,50908.0
1780244195,190,POST,GraphQL/listar-musicas-playlist,60.800000,0.000000,480,530,550,560,590,620,660,670,680,680,680,1168,0,320.0,306.06388036900887,42.012147999912486,680.2001860000928,327.0
1780244195,190,POST,GraphQL/listar-playlists-musica,58.400000,0.000000,490,520,560,570,590,620,660,660,680,680,680,1134,0,350.0,311.450695947973,43.23019799994654,684.7335019999718,538.0
1780244195,190,POST,GraphQL/listar-playlists-usuario,63.000000,0.000000,460,510,530,540,570,590,620,640,670,670,670,1207,0,330.0,298.70969965037233,42.250667000189424,665.1226999999835,739.0
1780244195,190,POST,GraphQL/listar-usuarios,65.600000,0.000000,450,500,520,530,570,610,690,700,760,760,760,1270,0,330.0,348.1067701748054,3.9442580000468297,3344.848888000115,22017.0
1780244195,190,,Aggregated,313.000000,0.000000,460,510,530,540,580,600,640,670,730,760,760,6008,0,330.0,311.5249243725045,3.9442580000468297,3344.848888000115,15381.411950732358
1780244196,200,POST,GraphQL/listar-musicas,64.800000,0.000000,460,500,520,530,570,610,630,630,650,650,650,1299,0,340.0,306.7452273379557,8.209844000020894,691.7145649999838,50908.0
1780244196,200,POST,GraphQL/listar-musicas-playlist,58.700000,0.000000,520,550,560,580,640,660,670,680,730,730,730,1214,0,340.0,318.894155620265,42.012147999912486,727.3584059998939,327.0
1780244196,200,POST,GraphQL/listar-playlists-musica,57.100000,0.000000,510,550,570,580,620,660,670,700,740,740,740,1172,0,360.0,322.5023894539265,43.23019799994654,736.4668909999637,538.0
1780244196,200,POST,GraphQL/listar-playlists-usuario,61.600000,0.000000,490,530,550,560,610,650,670,670,700,700,700,1269,0,350.0,314.795914994484,42.250667000189424,699.6163700000579,739.0
1780244196,200,POST,GraphQL/listar-usuarios,66.400000,0.000000,480,520,540,560,620,640,690,730,760,760,760,1346,0,350.0,362.48050372808586,3.9442580000468297,3344.848888000115,22017.0
1780244196,200,,Aggregated,308.600000,0.000000,490,530,550,570,610,650,670,690,750,760,760,6300,0,350.0,325.5471634636521,3.9442580000468297,3344.848888000115,15512.647460317461
1780244197,210,POST,GraphQL/listar-musicas,64.500000,0.000000,480,520,550,570,610,640,680,700,740,740,740,1370,0,350.0,323.43967518978405,8.209844000020894,737.0124159999705,50908.0
1780244197,210,POST,GraphQL/listar-musicas-playlist,60.100000,0.000000,530,560,590,620,660,680,720,730,750,750,750,1270,0,360.0,334.5791414267734,42.012147999912486,748.3106600000156,327.0
1780244197,210,POST,GraphQL/listar-playlists-musica,57.000000,0.000000,530,570,590,600,660,670,720,740,750,750,750,1227,0,380.0,337.58674349307427,43.23019799994654,750.5955340000128,538.0
1780244197,210,POST,GraphQL/listar-playlists-usuario,62.000000,0.000000,520,550,580,610,650,670,700,720,740,740,740,1329,0,370.0,330.57035827915746,42.250667000189424,744.0431569998509,739.0
1780244197,210,POST,GraphQL/listar-usuarios,65.900000,0.000000,500,550,580,600,640,690,720,750,770,770,770,1418,0,370.0,376.4409824873084,3.9442580000468297,3344.848888000115,22017.0
1780244197,210,,Aggregated,309.500000,0.000000,510,550,580,600,650,670,710,730,750,770,770,6614,0,360.0,340.9991107057764,3.9442580000468297,3344.848888000115,15576.294677955852
1780244198,220,POST,GraphQL/listar-musicas,65.000000,0.000000,510,550,580,600,630,650,690,700,740,740,740,1432,0,360.0,335.85615423673437,8.209844000020894,737.0124159999705,50908.0
1780244198,220,POST,GraphQL/listar-musicas-playlist,61.000000,0.000000,550,600,640,650,670,710,730,740,750,750,750,1351,0,380.0,352.9910344618816,42.012147999912486,749.3032689999382,327.0
1780244198,220,POST,GraphQL/listar-playlists-musica,59.900000,0.000000,560,590,610,640,670,720,740,750,770,770,770,1303,0,390.0,355.2753109439773,43.23019799994654,765.8611309998378,538.0
1780244198,220,POST,GraphQL/listar-playlists-usuario,61.300000,0.000000,540,580,620,640,670,690,720,730,760,760,760,1392,0,390.0,344.8269894482754,42.250667000189424,764.6867739999834,739.0
1780244198,220,POST,GraphQL/listar-usuarios,65.400000,0.000000,530,590,610,630,680,700,750,760,790,790,790,1490,0,380.0,390.06488088456587,3.9442580000468297,3344.848888000115,22017.0
1780244198,220,,Aggregated,312.600000,0.000000,540,580,610,630,660,700,730,750,770,790,790,6968,0,380.0,356.193523595724,3.9442580000468297,3344.848888000115,15481.783151549942
1780244199,230,POST,GraphQL/listar-musicas,65.400000,0.000000,530,580,610,620,650,680,700,710,740,740,740,1500,0,370.0,348.84001808533594,8.209844000020894,744.3149840000842,50908.0
1780244199,230,POST,GraphQL/listar-musicas-playlist,58.800000,0.000000,580,640,660,660,720,750,760,770,830,830,830,1420,0,400.0,369.0499176422547,42.012147999912486,831.7934870001409,327.0
1780244199,230,POST,GraphQL/listar-playlists-musica,59.200000,0.000000,580,610,640,660,710,740,760,770,820,820,820,1371,0,410.0,370.3595492355961,43.23019799994654,815.2273230000446,538.0
1780244199,230,POST,GraphQL/listar-playlists-usuario,62.400000,0.000000,560,620,640,660,700,720,750,760,810,810,810,1455,0,400.0,358.70499446597836,42.250667000189424,809.0625490001457,739.0
1780244199,230,POST,GraphQL/listar-usuarios,66.200000,0.000000,560,610,640,660,710,740,790,880,960,960,960,1562,0,400.0,404.8651886991059,3.9442580000468297,3344.848888000115,22017.0
1780244199,230,,Aggregated,312.000000,0.000000,560,610,640,660,700,730,760,770,910,960,960,7308,0,390.0,370.7428905142314,3.9442580000468297,3344.848888000115,15466.575944170772
1780244200,240,POST,GraphQL/listar-musicas,64.900000,0.000000,560,610,630,650,690,740,780,790,810,810,810,1579,0,380.0,366.43298400506865,8.209844000020894,806.4856349999445,50908.0
1780244200,240,POST,GraphQL/listar-musicas-playlist,61.000000,0.000000,610,660,680,710,760,800,820,820,840,840,840,1489,0,410.0,387.6481608723988,42.012147999912486,836.3653200001409,327.0
1780244200,240,POST,GraphQL/listar-playlists-musica,61.200000,0.000000,590,650,670,680,730,760,790,820,840,840,840,1424,0,420.0,383.3526823153103,43.23019799994654,844.0317349998168,538.0
1780244200,240,POST,GraphQL/listar-playlists-usuario,63.800000,0.000000,590,650,670,680,720,760,800,810,830,830,830,1524,0,410.0,375.4118926200772,42.250667000189424,832.8935150000234,739.0
1780244200,240,POST,GraphQL/listar-usuarios,67.500000,0.000000,600,630,670,690,730,770,870,900,960,960,960,1615,0,410.0,415.2663801628503,3.9442580000468297,3344.848888000115,22017.0
1780244200,240,,Aggregated,318.400000,0.000000,590,640,660,680,730,770,800,820,910,960,960,7631,0,400.0,385.8580711854276,3.9442580000468297,3344.848888000115,15505.233652208099
1780244201,250,POST,GraphQL/listar-musicas,65.400000,0.000000,600,630,660,680,730,760,780,790,810,810,810,1644,0,390.0,380.20417229805594,8.209844000020894,806.4856349999445,50908.0
1780244201,250,POST,GraphQL/listar-musicas-playlist,62.200000,0.000000,640,670,710,720,780,800,820,820,840,840,840,1537,0,420.0,398.22358218867976,42.012147999912486,836.3653200001409,327.0
1780244201,250,POST,GraphQL/listar-playlists-musica,61.400000,0.000000,630,670,690,710,740,770,790,820,840,840,840,1491,0,440.0,398.6780063910132,43.23019799994654,844.0317349998168,538.0
1780244201,250,POST,GraphQL/listar-playlists-usuario,65.000000,0.000000,630,670,700,710,760,790,810,810,840,840,840,1587,0,420.0,390.3273266030241,42.250667000189424,838.4140870000465,739.0
1780244201,250,POST,GraphQL/listar-usuarios,66.500000,0.000000,620,670,700,710,750,780,880,900,960,960,960,1687,0,430.0,428.8686852080637,3.9442580000468297,3344.848888000115,22017.0
1780244201,250,,Aggregated,320.500000,0.000000,620,660,690,710,750,780,810,820,910,960,960,7946,0,420.0,399.5098353732692,3.9442580000468297,3344.848888000115,15518.87503146237
1780244202,260,POST,GraphQL/listar-musicas,64.900000,0.000000,620,660,690,710,750,760,780,790,820,820,820,1710,0,400.0,393.19698365029535,8.209844000020894,820.5348020001111,50908.0
1780244202,260,POST,GraphQL/listar-musicas-playlist,61.300000,0.000000,660,710,740,760,790,800,820,830,840,840,840,1604,0,440.0,413.59221298503786,42.012147999912486,839.6437629999127,327.0
1780244202,260,POST,GraphQL/listar-playlists-musica,59.600000,0.000000,660,700,720,740,780,800,820,830,860,860,860,1564,0,450.0,415.61159200703383,43.23019799994654,864.2299619998539,538.0
1780244202,260,POST,GraphQL/listar-playlists-usuario,64.600000,0.000000,660,700,720,750,780,800,810,820,840,840,840,1660,0,430.0,406.4999795120492,42.250667000189424,838.4140870000465,739.0
1780244202,260,POST,GraphQL/listar-usuarios,69.400000,0.000000,650,700,730,740,760,780,880,900,960,960,960,1758,0,450.0,441.7085891103546,3.9442580000468297,3344.848888000115,22017.0
1780244202,260,,Aggregated,319.800000,0.000000,650,690,720,740,770,790,820,830,910,960,960,8296,0,430.0,414.3079733865727,3.9442580000468297,3344.848888000115,15471.461668273867
1780244203,270,POST,GraphQL/listar-musicas,66.500000,0.000000,640,690,730,740,780,800,840,850,870,870,870,1771,0,410.0,407.4004963043501,8.209844000020894,873.8716889999978,50908.0
1780244203,270,POST,GraphQL/listar-musicas-playlist,61.400000,0.000000,680,740,780,790,820,830,880,900,920,920,920,1663,0,460.0,428.80082168611074,42.012147999912486,924.9529280000388,327.0
1780244203,270,POST,GraphQL/listar-playlists-musica,59.100000,0.000000,680,720,750,760,810,840,860,890,920,920,920,1612,0,470.0,428.2518207363528,43.23019799994654,919.7034369999528,538.0
1780244203,270,POST,GraphQL/listar-playlists-usuario,63.600000,0.000000,680,720,760,780,810,840,870,900,920,920,920,1720,0,440.0,421.7687734081403,42.250667000189424,923.7830959998519,739.0
1780244203,270,POST,GraphQL/listar-usuarios,68.200000,0.000000,690,730,750,770,800,850,880,900,960,960,960,1846,0,470.0,459.3055376175535,3.9442580000468297,3344.848888000115,22017.0
1780244203,270,,Aggregated,318.800000,0.000000,670,720,750,770,800,840,870,890,920,960,960,8612,0,450.0,429.43152498258405,3.9442580000468297,3344.848888000115,15499.719809568045
1780244204,280,POST,GraphQL/listar-musicas,66.500000,0.000000,670,730,760,780,820,870,890,900,910,910,910,1849,0,430.0,425.3870965705811,8.209844000020894,905.3834970000025,50908.0
1780244204,280,POST,GraphQL/listar-musicas-playlist,64.100000,0.000000,720,780,800,820,870,910,920,920,940,940,940,1738,0,480.0,448.19447092635346,42.012147999912486,942.2039710000263,327.0
1780244204,280,POST,GraphQL/listar-playlists-musica,60.800000,0.000000,710,750,780,810,840,860,890,920,940,940,940,1667,0,480.0,442.13065689981966,43.23019799994654,942.600382999899,538.0
1780244204,280,POST,GraphQL/listar-playlists-usuario,64.300000,0.000000,710,760,790,800,840,890,920,930,940,940,940,1778,0,460.0,435.98731260011317,42.250667000189424,938.8198970000303,739.0
1780244204,280,POST,GraphQL/listar-usuarios,67.600000,0.000000,710,750,770,790,840,880,910,960,990,990,990,1896,0,480.0,469.85099112394715,3.9442580000468297,3344.848888000115,22017.0
1780244204,280,,Aggregated,323.300000,0.000000,710,750,780,800,840,880,910,920,970,990,990,8928,0,460.0,444.50688374272085,3.9442580000468297,3344.848888000115,15530.044578853047
1780244205,290,POST,GraphQL/listar-musicas,66.800000,0.000000,710,760,790,800,840,870,890,900,910,910,910,1914,0,450.0,438.4974516771181,8.209844000020894,905.3834970000025,50908.0
1780244205,290,POST,GraphQL/listar-musicas-playlist,62.000000,0.000000,760,800,820,830,890,910,920,930,950,950,950,1790,0,500.0,459.51002705586683,42.012147999912486,948.4476519999134,327.0
1780244205,290,POST,GraphQL/listar-playlists-musica,61.400000,0.000000,740,780,810,820,860,910,920,930,950,950,950,1741,0,500.0,459.3829683641579,43.23019799994654,946.2526419999904,538.0
1780244205,290,POST,GraphQL/listar-playlists-usuario,63.700000,0.000000,750,790,810,830,880,910,920,930,950,950,950,1853,0,480.0,452.7049568650844,42.250667000189424,954.9811339998087,739.0
1780244205,290,POST,GraphQL/listar-usuarios,69.200000,0.000000,740,770,800,820,880,890,920,970,990,990,990,1964,0,490.0,483.27351340427873,3.9442580000468297,3344.848888000115,22017.0
1780244205,290,,Aggregated,323.100000,0.000000,740,780,810,820,870,900,920,930,970,990,990,9262,0,480.0,458.8214515503143,3.9442580000468297,3344.848888000115,15501.042431440294
1780244206,300,POST,GraphQL/listar-musicas,66.300000,0.000000,740,790,810,840,880,900,910,920,930,930,930,1972,0,460.0,451.99546810040744,8.209844000020894,925.000283999907,50908.0
1780244206,300,POST,GraphQL/listar-musicas-playlist,62.900000,0.000000,780,820,840,890,930,950,970,1000,1000,1000,1000,1853,0,520.0,476.325820793849,42.012147999912486,1015.9315870000682,327.0
1780244206,300,POST,GraphQL/listar-playlists-musica,60.600000,0.000000,760,810,840,860,920,940,960,980,1000,1000,1000,1790,0,510.0,472.81488308770855,43.23019799994654,1003.9007450000099,538.0
1780244206,300,POST,GraphQL/listar-playlists-usuario,66.100000,0.000000,770,810,850,880,920,940,950,970,1000,1000,1000,1922,0,490.0,470.07401010614063,42.250667000189424,997.4615919998087,739.0
1780244206,300,POST,GraphQL/listar-usuarios,70.000000,0.000000,760,810,870,880,910,930,960,970,990,990,990,2042,0,500.0,499.89788491332143,3.9442580000468297,3344.848888000115,22017.0
1780244206,300,,Aggregated,325.900000,0.000000,760,810,840,870,910,940,960,970,1000,1000,1000,9579,0,490.0,474.4314832622407,3.9442580000468297,3344.848888000115,15485.81261091972
1780244207,310,POST,GraphQL/listar-musicas,66.900000,0.000000,770,820,860,880,920,940,960,990,1000,1000,1000,2046,0,470.0,469.2384817292297,8.209844000020894,1024.4209750001119,50908.0
1780244207,310,POST,GraphQL/listar-musicas-playlist,62.900000,0.000000,810,870,910,920,960,980,1000,1000,1000,1000,1000,1922,0,520.0,493.9431806774203,42.012147999912486,1036.333711999987,327.0
1780244207,310,POST,GraphQL/listar-playlists-musica,60.700000,0.000000,800,840,880,920,950,970,1000,1000,1000,1000,1000,1853,0,520.0,488.98117610361487,43.23019799994654,1039.7068599997965,538.0
1780244207,310,POST,GraphQL/listar-playlists-usuario,64.100000,0.000000,800,860,890,910,950,970,1000,1000,1100,1100,1100,1977,0,500.0,483.55591593930257,42.250667000189424,1056.1852470000304,739.0
1780244207,310,POST,GraphQL/listar-usuarios,70.400000,0.000000,790,860,890,900,930,960,980,990,1000,1000,1000,2102,0,510.0,512.2702178168416,3.9442580000468297,3344.848888000115,22017.0
1780244207,310,,Aggregated,325.000000,0.000000,790,850,890,910,940,970,990,1000,1000,1100,1100,9900,0,510.0,489.72574645080783,3.9442580000468297,3344.848888000115,15507.46595959596
1780244208,320,POST,GraphQL/listar-musicas,67.200000,0.000000,800,870,890,900,930,950,970,990,1000,1000,1000,2109,0,480.0,482.69884808772156,8.209844000020894,1024.4209750001119,50908.0
1780244208,320,POST,GraphQL/listar-musicas-playlist,63.100000,0.000000,830,910,940,950,980,1000,1000,1000,1000,1000,1000,1978,0,530.0,507.45459665975824,42.012147999912486,1039.2592149999018,327.0
1780244208,320,POST,GraphQL/listar-playlists-musica,60.500000,0.000000,820,890,940,940,980,1000,1000,1000,1100,1100,1100,1923,0,530.0,506.59315762766414,43.23019799994654,1052.2825699999885,538.0
1780244208,320,POST,GraphQL/listar-playlists-usuario,65.400000,0.000000,840,900,930,940,970,990,1000,1000,1100,1100,1100,2049,0,520.0,500.40370329038626,42.250667000189424,1056.1852470000304,739.0
1780244208,320,POST,GraphQL/listar-usuarios,68.900000,0.000000,820,890,910,930,960,970,980,990,1000,1000,1000,2176,0,530.0,527.1056261544118,3.9442580000468297,3344.848888000115,22017.0
1780244208,320,,Aggregated,325.100000,0.000000,820,890,920,930,960,980,1000,1000,1000,1100,1100,10235,0,520.0,504.9579614540297,3.9442580000468297,3344.848888000115,15483.102589154862
1780244209,330,POST,GraphQL/listar-musicas,65.900000,0.000000,840,890,920,940,980,1000,1000,1100,1100,1100,1100,2177,0,500.0,499.2578459145634,8.209844000020894,1070.59960100014,50908.0
1780244209,330,POST,GraphQL/listar-musicas-playlist,64.500000,0.000000,890,940,970,980,1000,1100,1100,1100,1100,1100,1100,2049,0,540.0,526.5566880585657,42.012147999912486,1127.7660939999805,327.0
1780244209,330,POST,GraphQL/listar-playlists-musica,61.500000,0.000000,860,930,950,980,1000,1000,1100,1100,1100,1100,1100,1978,0,550.0,521.7058039105146,43.23019799994654,1111.6632139999183,538.0
1780244209,330,POST,GraphQL/listar-playlists-usuario,66.600000,0.000000,880,930,950,970,1000,1000,1100,1100,1100,1100,1100,2109,0,530.0,515.9938580165962,42.250667000189424,1112.3495060001005,739.0
1780244209,330,POST,GraphQL/listar-usuarios,68.900000,0.000000,880,920,940,960,990,1000,1100,1100,1100,1100,1100,2245,0,540.0,542.1882604685957,3.9442580000468297,3344.848888000115,22017.0
1780244209,330,,Aggregated,327.400000,0.000000,870,920,950,960,1000,1000,1100,1100,1100,1100,1100,10558,0,530.0,521.2328808327331,3.9442580000468297,3344.848888000115,15490.397707899223
1780244210,340,POST,GraphQL/listar-musicas,66.500000,0.000000,880,910,940,960,1000,1000,1000,1100,1100,1100,1100,2246,0,510.0,513.304706966164,8.209844000020894,1070.59960100014,50908.0
1780244210,340,POST,GraphQL/listar-musicas-playlist,63.600000,0.000000,920,960,980,1000,1100,1100,1100,1100,1100,1100,1100,2109,0,550.0,539.7564672157428,42.012147999912486,1127.7660939999805,327.0
1780244210,340,POST,GraphQL/listar-playlists-musica,59.800000,0.000000,910,950,980,990,1000,1100,1100,1100,1100,1100,1100,2049,0,560.0,538.0801645978511,43.23019799994654,1111.6632139999183,538.0
1780244210,340,POST,GraphQL/listar-playlists-usuario,63.000000,0.000000,910,950,970,990,1000,1100,1100,1100,1100,1100,1100,2177,0,540.0,530.7250994634825,42.250667000189424,1112.3495060001005,739.0
1780244210,340,POST,GraphQL/listar-usuarios,69.700000,0.000000,890,940,960,980,1000,1000,1100,1100,1100,1100,1100,2308,0,550.0,554.596863848352,3.9442580000468297,3344.848888000115,22017.0
1780244210,340,,Aggregated,322.600000,0.000000,900,940,970,980,1000,1100,1100,1100,1100,1100,1100,10889,0,540.0,535.3249262337226,3.9442580000468297,3344.848888000115,15479.420699788778
1780244211,350,POST,GraphQL/listar-musicas,66.900000,0.000000,900,940,980,1000,1000,1000,1100,1100,1100,1100,1100,2308,0,520.0,527.1587694896032,8.209844000020894,1089.641206999886,50908.0
1780244211,350,POST,GraphQL/listar-musicas-playlist,60.700000,0.000000,940,990,1000,1000,1100,1100,1100,1100,1100,1100,1100,2163,0,560.0,553.3624972302364,42.012147999912486,1147.4939999998242,327.0
1780244211,350,POST,GraphQL/listar-playlists-musica,60.200000,0.000000,940,970,1000,1000,1100,1100,1100,1100,1100,1100,1100,2093,0,570.0,549.5933240348767,43.23019799994654,1141.2991859999693,538.0
1780244211,350,POST,GraphQL/listar-playlists-usuario,63.100000,0.000000,930,980,1000,1000,1100,1100,1100,1100,1100,1100,1100,2242,0,550.0,546.1043948421067,42.250667000189424,1112.3495060001005,739.0
1780244211,350,POST,GraphQL/listar-usuarios,69.300000,0.000000,930,970,990,1000,1000,1100,1100,1100,1100,1100,1100,2387,0,570.0,570.7565222748209,3.9442580000468297,3344.848888000115,22017.0
1780244211,350,,Aggregated,320.200000,0.000000,930,970,1000,1000,1100,1100,1100,1100,1100,1100,1100,11193,0,560.0,549.5100706336109,3.9442580000468297,3344.848888000115,15504.370231394621
1780244212,360,POST,GraphQL/listar-musicas,67.000000,0.000000,930,980,1000,1000,1100,1100,1100,1200,1200,1200,1200,2379,0,530.0,543.7438717734357,8.209844000020894,1173.2477660000313,50908.0
1780244212,360,POST,GraphQL/listar-musicas-playlist,62.700000,0.000000,970,1000,1100,1100,1100,1100,1200,1200,1200,1200,1200,2242,0,580.0,573.1440660512943,42.012147999912486,1207.054929999913,327.0
1780244212,360,POST,GraphQL/listar-playlists-musica,60.400000,0.000000,960,1000,1100,1100,1100,1100,1200,1200,1200,1200,1200,2163,0,580.0,567.8600934674054,43.23019799994654,1208.192543999985,538.0
1780244212,360,POST,GraphQL/listar-playlists-usuario,63.000000,0.000000,960,1000,1000,1100,1100,1100,1100,1200,1200,1200,1200,2297,0,560.0,559.4692335032661,42.250667000189424,1214.0082649998476,739.0
1780244212,360,POST,GraphQL/listar-usuarios,68.300000,0.000000,950,990,1000,1000,1100,1100,1100,1200,1200,1200,1200,2442,0,590.0,582.7656994279264,3.9442580000468297,3344.848888000115,22017.0
1780244212,360,,Aggregated,321.400000,0.000000,950,1000,1000,1100,1100,1100,1200,1200,1200,1200,1200,11523,0,570.0,565.3954453324668,3.9442580000468297,3344.848888000115,15488.150394862449
1780244213,370,POST,GraphQL/listar-musicas,66.900000,0.000000,960,1000,1000,1100,1100,1100,1200,1200,1200,1200,1200,2442,0,550.0,558.103675911959,8.209844000020894,1178.5943180000231,50908.0
1780244213,370,POST,GraphQL/listar-musicas-playlist,62.300000,0.000000,1000,1100,1100,1100,1100,1200,1200,1200,1200,1200,1200,2282,0,590.0,583.4869007725687,42.012147999912486,1216.217388999894,327.0
1780244213,370,POST,GraphQL/listar-playlists-musica,61.300000,0.000000,990,1100,1100,1100,1100,1200,1200,1200,1200,1200,1200,2219,0,590.0,582.6721399436669,43.23019799994654,1223.0225779999273,538.0
1780244213,370,POST,GraphQL/listar-playlists-usuario,64.300000,0.000000,1000,1000,1100,1100,1100,1200,1200,1200,1200,1200,1200,2371,0,570.0,577.3832070168712,42.250667000189424,1214.0082649998476,739.0
1780244213,370,POST,GraphQL/listar-usuarios,67.500000,0.000000,980,1000,1100,1100,1100,1100,1200,1200,1300,1300,1300,2523,0,610.0,599.9818310943309,3.9442580000468297,3344.848888000115,22017.0
1780244213,370,,Aggregated,322.300000,0.000000,980,1000,1100,1100,1100,1200,1200,1200,1300,1300,1300,11837,0,580.0,580.3907667789995,3.9442580000468297,3344.848888000115,15507.17512883332
1780244214,380,POST,GraphQL/listar-musicas,65.200000,0.000000,1000,1000,1100,1100,1100,1200,1200,1200,1200,1200,1200,2516,0,560.0,574.977231011925,8.209844000020894,1218.3542599998418,50908.0
1780244214,380,POST,GraphQL/listar-musicas-playlist,62.000000,0.000000,1000,1100,1100,1100,1200,1200,1200,1200,1300,1300,1300,2353,0,610.0,600.5576495125387,42.012147999912486,1255.6851940000797,327.0
1780244214,380,POST,GraphQL/listar-playlists-musica,61.800000,0.000000,1000,1100,1100,1100,1200,1200,1200,1200,1300,1300,1300,2273,0,590.0,596.2385612982824,43.23019799994654,1263.548258000128,538.0
1780244214,380,POST,GraphQL/listar-playlists-usuario,64.600000,0.000000,1000,1100,1100,1100,1100,1200,1200,1200,1300,1300,1300,2422,0,590.0,588.681477361272,42.250667000189424,1251.2931659998685,739.0
1780244214,380,POST,GraphQL/listar-usuarios,69.500000,0.000000,1000,1100,1100,1100,1100,1200,1200,1200,1300,1300,1300,2584,0,620.0,612.8735427337448,3.9442580000468297,3344.848888000115,22017.0
1780244214,380,,Aggregated,323.100000,0.000000,1000,1100,1100,1100,1200,1200,1200,1200,1300,1300,1300,12148,0,600.0,594.7033984979433,3.9442580000468297,3344.848888000115,15538.246542640763
1780244215,390,POST,GraphQL/listar-musicas,66.500000,0.000000,1000,1100,1100,1100,1200,1200,1200,1200,2300,2300,2300,2576,0,580.0,588.7144611347068,8.209844000020894,2320.8847089999836,50908.0
1780244215,390,POST,GraphQL/listar-musicas-playlist,62.700000,0.000000,1100,1100,1100,1200,1200,1200,1200,1300,1300,1300,1300,2420,0,630.0,617.0334639876047,42.012147999912486,1263.977653000211,327.0
1780244215,390,POST,GraphQL/listar-playlists-musica,58.800000,0.000000,1100,1100,1200,1200,1200,1200,1200,1300,1300,1300,1300,2350,0,610.0,615.8270936757433,43.23019799994654,1315.377516000126,538.0
1780244215,390,POST,GraphQL/listar-playlists-usuario,64.300000,0.000000,1000,1100,1100,1100,1200,1200,1200,1300,1300,1300,1300,2517,0,620.0,610.0498085824397,42.250667000189424,1272.9207559998486,739.0
1780244215,390,POST,GraphQL/listar-usuarios,67.600000,0.000000,1000,1100,1100,1100,1200,1200,1300,1300,1400,1400,1400,2650,0,630.0,627.137487333584,3.9442580000468297,3344.848888000115,22017.0
1780244215,390,,Aggregated,319.900000,0.000000,1000,1100,1100,1100,1200,1200,1200,1300,1400,2300,2300,12513,0,610.0,611.7120446341411,3.9442580000468297,3344.848888000115,15455.906736993527
1780244216,400,POST,GraphQL/listar-musicas,65.700000,0.000000,1000,1100,1100,1100,1200,1200,1200,1200,2400,2400,2400,2650,0,600.0,605.5571731335864,8.209844000020894,2372.5394819998655,50908.0
1780244216,400,POST,GraphQL/listar-musicas-playlist,63.900000,0.000000,1100,1100,1200,1200,1200,1200,1300,1300,1300,1300,1300,2486,0,650.0,632.4948457228493,42.012147999912486,1288.4173159998227,327.0
1780244216,400,POST,GraphQL/listar-playlists-musica,62.400000,0.000000,1100,1100,1200,1200,1200,1200,1300,1300,1300,1300,1300,2401,0,640.0,628.0571296647215,43.23019799994654,1340.83912899996,538.0
1780244216,400,POST,GraphQL/listar-playlists-usuario,64.800000,0.000000,1100,1100,1200,1200,1200,1200,1300,1300,1300,1300,1300,2558,0,630.0,619.9109522998436,42.250667000189424,1278.2213939999565,739.0
1780244216,400,POST,GraphQL/listar-usuarios,67.500000,0.000000,1100,1100,1100,1200,1200,1200,1300,1300,1400,1400,1400,2714,0,640.0,640.0514857899769,3.9442580000468297,3344.848888000115,22017.0
1780244216,400,,Aggregated,324.300000,0.000000,1100,1100,1200,1200,1200,1200,1300,1300,1400,2400,2400,12809,0,630.0,625.1780632378023,3.9442580000468297,3344.848888000115,15509.045202591928
1780244217,410,POST,GraphQL/listar-musicas,66.500000,0.000000,1100,1100,1200,1200,1200,1200,1300,1300,2400,2400,2400,2708,0,610.0,619.0000183995577,8.209844000020894,2372.5394819998655,50908.0
1780244217,410,POST,GraphQL/listar-musicas-playlist,62.800000,0.000000,1100,1200,1200,1200,1300,1300,1300,1300,1400,1400,1400,2549,0,660.0,647.9760612263655,42.012147999912486,1360.9673579999253,327.0
1780244217,410,POST,GraphQL/listar-playlists-musica,59.600000,0.000000,1100,1200,1200,1200,1300,1300,1300,1300,1400,1400,1400,2467,0,650.0,644.9989378492083,43.23019799994654,1351.4007839999067,538.0
1780244217,410,POST,GraphQL/listar-playlists-usuario,64.600000,0.000000,1100,1200,1200,1200,1300,1300,1300,1300,1300,1300,1300,2632,0,650.0,637.75904337462,42.250667000189424,1316.0357149999982,739.0
1780244217,410,POST,GraphQL/listar-usuarios,66.500000,0.000000,1100,1100,1200,1200,1200,1300,1300,1300,1400,1400,1400,2796,0,660.0,657.4921380171658,3.9442580000468297,3344.848888000115,22017.0
1780244217,410,,Aggregated,320.000000,0.000000,1100,1200,1200,1200,1200,1300,1300,1300,1400,2400,2400,13152,0,640.0,641.4298380188579,3.9442580000468297,3344.848888000115,15474.772886253042
1780244218,420,POST,GraphQL/listar-musicas,65.800000,0.000000,1100,1200,1200,1200,1300,1300,1300,1400,2400,2400,2400,2780,0,620.0,635.9242025597131,8.209844000020894,2372.5394819998655,50908.0
1780244218,420,POST,GraphQL/listar-musicas-playlist,62.000000,0.000000,1100,1200,1200,1200,1300,1400,1400,1400,1400,1400,1400,2610,0,660.0,663.6581984923394,42.012147999912486,1407.9381340000054,327.0
1780244218,420,POST,GraphQL/listar-playlists-musica,60.600000,0.000000,1200,1200,1200,1200,1300,1300,1300,1400,1400,1400,1400,2525,0,660.0,659.6264491512862,43.23019799994654,1415.2613310000106,538.0
1780244218,420,POST,GraphQL/listar-playlists-usuario,65.300000,0.000000,1100,1200,1200,1200,1300,1300,1400,1400,1400,1400,1400,2687,0,650.0,651.4918110275399,42.250667000189424,1413.9733879999312,739.0
1780244218,420,POST,GraphQL/listar-usuarios,67.700000,0.000000,1100,1200,1200,1200,1300,1300,1400,1400,1400,1400,1400,2855,0,680.0,670.6653397961453,3.9442580000468297,3344.848888000115,22017.0
1780244218,420,,Aggregated,321.400000,0.000000,1100,1200,1200,1200,1300,1300,1400,1400,1400,2400,2400,13457,0,660.0,656.2296207651788,3.9442580000468297,3344.848888000115,15499.768744891135
1780244219,430,POST,GraphQL/listar-musicas,67.000000,0.000000,1100,1200,1200,1200,1300,1300,1300,1400,2400,2400,2400,2841,0,630.0,649.9883195452318,8.209844000020894,2372.5394819998655,50908.0
1780244219,430,POST,GraphQL/listar-musicas-playlist,61.900000,0.000000,1200,1200,1300,1300,1300,1400,1400,1400,1400,1400,1400,2662,0,670.0,676.6913135882817,42.012147999912486,1407.9381340000054,327.0
1780244219,430,POST,GraphQL/listar-playlists-musica,59.700000,0.000000,1200,1200,1300,1300,1300,1400,1400,1400,1400,1400,1400,2584,0,670.0,675.1216735251537,43.23019799994654,1415.2613310000106,538.0
1780244219,430,POST,GraphQL/listar-playlists-usuario,63.000000,0.000000,1200,1200,1300,1300,1300,1400,1400,1400,1400,1400,1400,2767,0,670.0,670.9444115601735,42.250667000189424,1413.9733879999312,739.0
1780244219,430,POST,GraphQL/listar-usuarios,67.200000,0.000000,1200,1200,1200,1300,1300,1300,1400,1400,1400,1400,1400,2939,0,690.0,689.043947418508,3.9442580000468297,3344.848888000115,22017.0
1780244219,430,,Aggregated,318.800000,0.000000,1200,1200,1200,1300,1300,1400,1400,1400,1400,2400,2400,13793,0,670.0,672.3763391023714,3.9442580000468297,3344.848888000115,15489.238744290582
1780244220,440,POST,GraphQL/listar-musicas,65.900000,0.000000,1200,1200,1300,1300,1300,1300,1400,1400,2400,2400,2400,2916,0,650.0,666.7803448093291,8.209844000020894,2372.5394819998655,50908.0
1780244220,440,POST,GraphQL/listar-musicas-playlist,61.500000,0.000000,1200,1300,1300,1300,1400,1400,1400,1400,1400,1400,1400,2724,0,690.0,690.979042302132,42.012147999912486,1416.2314039999728,327.0
1780244220,440,POST,GraphQL/listar-playlists-musica,61.100000,0.000000,1200,1300,1300,1300,1400,1400,1400,1400,1400,1400,1400,2649,0,680.0,691.1931320913537,43.23019799994654,1436.5231710000899,538.0
1780244220,440,POST,GraphQL/listar-playlists-usuario,65.400000,0.000000,1200,1200,1300,1300,1300,1400,1400,1400,1400,1400,1400,2815,0,680.0,681.335354345649,42.250667000189424,1430.4608669999652,739.0
1780244220,440,POST,GraphQL/listar-usuarios,67.900000,0.000000,1200,1200,1300,1300,1300,1400,1400,1400,1400,1400,1400,2997,0,710.0,700.8167273763745,3.9442580000468297,3344.848888000115,22017.0
1780244220,440,,Aggregated,321.800000,0.000000,1200,1200,1300,1300,1300,1400,1400,1400,1400,2400,2400,14101,0,680.0,686.1808210790018,3.9442580000468297,3344.848888000115,15518.677540599958
1780244221,450,POST,GraphQL/listar-musicas,66.400000,0.000000,1200,1300,1300,1300,1400,1400,1400,1400,2400,2400,2400,2977,0,660.0,681.8177158891516,8.209844000020894,2372.5394819998655,50908.0
1780244221,450,POST,GraphQL/listar-musicas-playlist,63.200000,0.000000,1200,1300,1300,1400,1400,1400,1400,1400,1500,1500,1500,2792,0,710.0,708.5500631199883,42.012147999912486,1481.8217009999444,327.0
1780244221,450,POST,GraphQL/listar-playlists-musica,59.300000,0.000000,1200,1300,1300,1300,1400,1400,1400,1500,2600,2600,2600,2701,0,690.0,705.4950356845592,43.23019799994654,2589.1419339998265,538.0
1780244221,450,POST,GraphQL/listar-playlists-usuario,64.200000,0.000000,1200,1300,1300,1300,1400,1400,1400,1500,1500,1500,1500,2875,0,690.0,696.6538829283485,42.250667000189424,1486.377634000064,739.0
1780244221,450,POST,GraphQL/listar-usuarios,66.900000,0.000000,1200,1300,1300,1300,1400,1400,1400,1400,1500,1500,1500,3069,0,720.0,716.8186723538597,3.9442580000468297,3344.848888000115,22017.0
1780244221,450,,Aggregated,320.000000,0.000000,1200,1300,1300,1300,1400,1400,1400,1400,1500,2600,2600,14414,0,700.0,701.8441533710276,3.9442580000468297,3344.848888000115,15513.669765505758
1780244223,460,POST,GraphQL/listar-musicas,65.600000,0.000000,1300,1300,1300,1300,1400,1400,1400,1400,2400,2400,2400,3047,0,670.0,697.0717407361359,8.209844000020894,2372.5394819998655,50908.0
1780244223,460,POST,GraphQL/listar-musicas-playlist,61.300000,0.000000,1300,1400,1400,1400,1400,1400,1500,1500,1500,1500,1500,2855,0,720.0,723.3170858290746,42.012147999912486,1491.9993169999088,327.0
1780244223,460,POST,GraphQL/listar-playlists-musica,60.800000,0.000000,1300,1300,1400,1400,1400,1400,1500,1500,2600,2600,2600,2772,0,710.0,722.2988655858567,43.23019799994654,2589.1419339998265,538.0
1780244223,460,POST,GraphQL/listar-playlists-usuario,65.100000,0.000000,1300,1300,1400,1400,1400,1400,1500,1500,1500,1500,1500,2946,0,710.0,712.7058871418874,42.250667000189424,1499.3799199999103,739.0
1780244223,460,POST,GraphQL/listar-usuarios,68.100000,0.000000,1300,1300,1300,1400,1400,1400,1400,1400,1500,1500,1500,3125,0,730.0,728.2402747836784,3.9442580000468297,3344.848888000115,22017.0
1780244223,460,,Aggregated,320.900000,0.000000,1300,1300,1400,1400,1400,1400,1500,1500,2300,2600,2600,14745,0,710.0,716.6254819727366,3.9442580000468297,3344.848888000115,15498.258121397084
1780244224,470,POST,GraphQL/listar-musicas,66.500000,0.000000,1300,1300,1400,1400,1400,1400,1400,1500,2400,2400,2400,3100,0,690.0,709.227695873873,8.209844000020894,2372.5394819998655,50908.0
1780244224,470,POST,GraphQL/listar-musicas-playlist,61.200000,0.000000,1300,1400,1400,1400,1400,1500,1500,1500,1600,1600,1600,2936,0,750.0,743.4437596645129,42.012147999912486,1551.4603409999381,327.0
1780244224,470,POST,GraphQL/listar-playlists-musica,59.100000,0.000000,1300,1400,1400,1400,1500,1500,1500,1500,2600,2600,2600,2829,0,720.0,737.478058942027,43.23019799994654,2589.1419339998265,538.0
1780244224,470,POST,GraphQL/listar-playlists-usuario,62.600000,0.000000,1300,1400,1400,1400,1400,1500,1500,1500,1500,1500,1500,3004,0,720.0,726.8041581827564,42.250667000189424,1520.0312110000596,739.0
1780244224,470,POST,GraphQL/listar-usuarios,67.300000,0.000000,1300,1400,1400,1400,1400,1500,1500,1500,1600,1600,1600,3208,0,750.0,746.8252354498114,3.9442580000468297,3344.848888000115,22017.0
1780244224,470,,Aggregated,316.700000,0.000000,1300,1400,1400,1400,1400,1500,1500,1500,2300,2600,2600,15077,0,730.0,732.6933216710885,3.9442580000468297,3344.848888000115,15463.77701134178
1780244225,480,POST,GraphQL/listar-musicas,65.700000,0.000000,1300,1400,1400,1400,1400,1500,1500,1500,2400,2400,2400,3169,0,710.0,725.2169153092475,8.209844000020894,2372.5394819998655,50908.0
1780244225,480,POST,GraphQL/listar-musicas-playlist,61.300000,0.000000,1400,1400,1400,1400,1500,1500,1500,1500,1600,1600,1600,2985,0,760.0,755.8475899316621,42.012147999912486,1555.461255000182,327.0
1780244225,480,POST,GraphQL/listar-playlists-musica,60.900000,0.000000,1400,1400,1400,1500,1500,1500,1500,1500,2600,2600,2600,2904,0,740.0,756.9082250674911,43.23019799994654,2589.1419339998265,538.0
1780244225,480,POST,GraphQL/listar-playlists-usuario,63.800000,0.000000,1400,1400,1400,1400,1500,1500,1500,1500,1600,1600,1600,3074,0,750.0,743.9874292748862,42.250667000189424,1575.4985549999674,739.0
1780244225,480,POST,GraphQL/listar-usuarios,67.800000,0.000000,1300,1400,1400,1400,1500,1500,1500,1500,1600,1600,1600,3272,0,750.0,760.9497259385683,3.9442580000468297,3344.848888000115,22017.0
1780244225,480,,Aggregated,319.500000,0.000000,1300,1400,1400,1400,1500,1500,1500,1500,1600,2600,2600,15404,0,740.0,748.4629840962746,3.9442580000468297,3344.848888000115,15462.036419111919
1780244226,490,POST,GraphQL/listar-musicas,65.500000,0.000000,1400,1400,1400,1400,1500,1500,1600,1600,1600,1600,1600,3239,0,730.0,741.9519471790688,8.209844000020894,2372.5394819998655,50908.0
1780244226,490,POST,GraphQL/listar-musicas-playlist,62.800000,0.000000,1400,1400,1500,1500,1500,1600,1600,1600,1600,1600,1600,3048,0,780.0,772.4704600072225,42.012147999912486,1612.329422999892,327.0
1780244226,490,POST,GraphQL/listar-playlists-musica,58.600000,0.000000,1400,1400,1500,1500,1500,1500,1600,1600,2600,2600,2600,2946,0,750.0,768.0877605471809,43.23019799994654,2589.1419339998265,538.0
1780244226,490,POST,GraphQL/listar-playlists-usuario,61.500000,0.000000,1400,1400,1500,1500,1500,1600,1600,1600,1600,1600,1600,3132,0,760.0,758.5490226111111,42.250667000189424,1614.6670340001492,739.0
1780244226,490,POST,GraphQL/listar-usuarios,68.000000,0.000000,1400,1400,1400,1500,1500,1500,1600,1600,1600,1600,1600,3335,0,770.0,775.2055054227873,3.9442580000468297,3344.848888000115,22017.0
1780244226,490,,Aggregated,316.400000,0.000000,1400,1400,1400,1500,1500,1500,1600,1600,1600,2600,2600,15700,0,760.0,763.1557172605101,3.9442580000468297,3344.848888000115,15491.331146496816
1780244227,500,POST,GraphQL/listar-musicas,64.600000,0.000000,1400,1400,1500,1500,1500,1600,1600,1600,1600,1600,1600,3296,0,740.0,755.934869041263,8.209844000020894,2372.5394819998655,50908.0
1780244227,500,POST,GraphQL/listar-musicas-playlist,61.200000,0.000000,1400,1500,1500,1500,1600,1600,1600,1600,1600,1600,1600,3099,0,790.0,785.7946644950025,42.012147999912486,1631.9659089999732,327.0
1780244227,500,POST,GraphQL/listar-playlists-musica,62.200000,0.000000,1400,1500,1500,1500,1600,1600,1600,1600,2600,2600,2600,2997,0,760.0,781.9423521458107,43.23019799994654,2589.1419339998265,538.0
1780244227,500,POST,GraphQL/listar-playlists-usuario,63.500000,0.000000,1400,1500,1500,1500,1600,1600,1600,1600,1600,1600,1600,3202,0,770.0,776.6088015306063,42.250667000189424,1648.0820670001322,739.0
1780244227,500,POST,GraphQL/listar-usuarios,68.500000,0.000000,1400,1500,1500,1500,1600,1600,1600,1700,1700,1700,1700,3411,0,780.0,792.834487022866,3.9442580000468297,3344.848888000115,22017.0
1780244227,500,,Aggregated,320.000000,0.000000,1400,1500,1500,1500,1600,1600,1600,1600,1700,2600,2600,16005,0,770.0,778.5866942047495,3.9442580000468297,3344.848888000115,15487.959512652296
1780244228,500,POST,GraphQL/listar-musicas,65.400000,0.000000,1400,1500,1500,1500,1600,1600,1600,1600,1700,1700,1700,3359,0,750.0,771.2798466996151,8.209844000020894,2372.5394819998655,50908.0
1780244228,500,POST,GraphQL/listar-musicas-playlist,62.600000,0.000000,1400,1500,1500,1600,1600,1600,1700,1700,1700,1700,1700,3155,0,800.0,800.2647045432689,42.012147999912486,1679.9013739998827,327.0
1780244228,500,POST,GraphQL/listar-playlists-musica,59.400000,0.000000,1500,1500,1600,1600,1600,1600,1700,1700,2600,2600,2600,3071,0,780.0,802.2306553953097,43.23019799994654,2589.1419339998265,538.0
1780244228,500,POST,GraphQL/listar-playlists-usuario,61.300000,0.000000,1400,1500,1500,1600,1600,1600,1600,1700,1700,1700,1700,3263,0,790.0,791.7008304296659,42.250667000189424,1669.8783770000318,739.0
1780244228,500,POST,GraphQL/listar-usuarios,68.100000,0.000000,1400,1500,1500,1500,1600,1600,1600,1700,1700,1700,1700,3481,0,800.0,808.3532892378622,3.9442580000468297,3344.848888000115,22017.0
1780244228,500,,Aggregated,316.800000,0.000000,1400,1500,1500,1600,1600,1600,1700,1700,1700,2600,2600,16329,0,780.0,794.6850450208848,3.9442580000468297,3344.848888000115,15477.762814624288
1780244229,500,POST,GraphQL/listar-musicas,64.200000,0.000000,1400,1500,1600,1600,1600,1600,1700,1700,1700,1700,1700,3436,0,770.0,790.3451892543671,8.209844000020894,2372.5394819998655,50908.0
1780244229,500,POST,GraphQL/listar-musicas-playlist,61.000000,0.000000,1500,1600,1600,1600,1700,1700,1700,1700,1700,1700,1700,3230,0,810.0,820.011674986381,42.012147999912486,1723.8934289998724,327.0
1780244229,500,POST,GraphQL/listar-playlists-musica,59.000000,0.000000,1500,1500,1600,1600,1700,1700,1700,1700,2600,2600,2600,3118,0,800.0,814.9047436122505,43.23019799994654,2589.1419339998265,538.0
1780244229,500,POST,GraphQL/listar-playlists-usuario,63.500000,0.000000,1500,1500,1600,1600,1600,1700,1700,1700,1700,1700,1700,3334,0,800.0,809.5696313248342,42.250667000189424,1712.9939040000863,739.0
1780244229,500,POST,GraphQL/listar-usuarios,68.700000,0.000000,1500,1500,1600,1600,1600,1600,1700,1700,1700,1700,1700,3528,0,810.0,818.7053633061219,3.9442580000468297,3344.848888000115,22017.0
1780244229,500,,Aggregated,316.400000,0.000000,1500,1500,1600,1600,1600,1700,1700,1700,1700,2600,2600,16646,0,800.0,810.563164943412,3.9442580000468297,3344.848888000115,15486.806680283551
1780244230,500,POST,GraphQL/listar-musicas,64.700000,0.000000,1500,1600,1600,1600,1600,1600,1700,1700,1700,1700,1700,3498,0,790.0,803.7851275594643,8.209844000020894,2372.5394819998655,50908.0
1780244230,500,POST,GraphQL/listar-musicas-playlist,60.200000,0.000000,1500,1600,1600,1600,1700,1700,1700,1700,1700,1700,1700,3298,0,820.0,835.0826042146784,42.012147999912486,1723.8934289998724,327.0
1780244230,500,POST,GraphQL/listar-playlists-musica,58.700000,0.000000,1500,1600,1600,1600,1700,1700,1700,1700,2600,2600,2600,3203,0,820.0,834.4185502275982,43.23019799994654,2589.1419339998265,538.0
1780244230,500,POST,GraphQL/listar-playlists-usuario,62.800000,0.000000,1500,1600,1600,1600,1600,1700,1700,1700,1700,1700,1700,3420,0,820.0,827.9449319508768,42.250667000189424,1712.9939040000863,739.0
1780244230,500,POST,GraphQL/listar-usuarios,67.600000,0.000000,1500,1500,1600,1600,1600,1600,1700,1700,1700,1700,1700,3599,0,830.0,832.7007516890797,3.9442580000468297,3344.848888000115,22017.0
1780244230,500,,Aggregated,314.000000,0.000000,1500,1600,1600,1600,1600,1700,1700,1700,1700,2600,2600,17018,0,810.0,826.586384644672,3.9442580000468297,3344.848888000115,15433.329827241743
1780244231,500,POST,GraphQL/listar-musicas,64.700000,0.000000,1500,1500,1600,1600,1600,1600,1700,1700,1700,1700,1700,3573,0,800.0,816.8141795936209,8.209844000020894,2372.5394819998655,50908.0
1780244231,500,POST,GraphQL/listar-musicas-playlist,62.000000,0.000000,1500,1600,1600,1600,1700,1700,1700,1700,1700,1700,1700,3357,0,830.0,845.847844447128,42.012147999912486,1723.8934289998724,327.0
1780244231,500,POST,GraphQL/listar-playlists-musica,58.700000,0.000000,1500,1600,1600,1600,1700,1700,1700,1700,1700,1700,1700,3262,0,830.0,846.0591718850386,43.23019799994654,2589.1419339998265,538.0
1780244231,500,POST,GraphQL/listar-playlists-usuario,63.500000,0.000000,1500,1600,1600,1600,1600,1700,1700,1700,1700,1700,1700,3480,0,840.0,838.9692008885055,42.250667000189424,1712.9939040000863,739.0
1780244231,500,POST,GraphQL/listar-usuarios,66.800000,0.000000,1500,1500,1600,1600,1600,1600,1700,1700,1700,1700,1700,3653,0,860.0,841.831905560361,3.9442580000468297,3344.848888000115,22017.0
1780244231,500,,Aggregated,315.700000,0.000000,1500,1600,1600,1600,1600,1700,1700,1700,1700,1700,1700,17325,0,830.0,837.671461257722,3.9442580000468297,3344.848888000115,15454.36075036075
1780244232,500,POST,GraphQL/listar-musicas,65.400000,0.000000,1500,1600,1600,1600,1600,1600,1700,1700,1700,1700,1700,3628,0,820.0,826.5954425490645,8.209844000020894,2372.5394819998655,50908.0
1780244232,500,POST,GraphQL/listar-musicas-playlist,61.900000,0.000000,1500,1600,1600,1600,1700,1700,1700,1700,1700,1700,1700,3440,0,880.0,861.6543616465137,42.012147999912486,1723.8934289998724,327.0
1780244232,500,POST,GraphQL/listar-playlists-musica,59.700000,0.000000,1500,1600,1600,1600,1700,1700,1700,1700,1700,1700,1700,3336,0,850.0,860.7420010041956,43.23019799994654,2589.1419339998265,538.0
1780244232,500,POST,GraphQL/listar-playlists-usuario,63.300000,0.000000,1500,1600,1600,1600,1600,1700,1700,1700,1700,1700,1700,3540,0,850.0,850.1322871381359,42.250667000189424,1712.9939040000863,739.0
1780244232,500,POST,GraphQL/listar-usuarios,65.100000,0.000000,1500,1500,1600,1600,1600,1600,1700,1700,1700,1700,1700,3732,0,880.0,855.1907589113074,3.9442580000468297,3344.848888000115,22017.0
1780244232,500,,Aggregated,315.400000,0.000000,1500,1600,1600,1600,1600,1700,1700,1700,1700,1700,1700,17676,0,850.0,850.6140978563043,3.9442580000468297,3344.848888000115,15410.577958814212
1780244233,500,POST,GraphQL/listar-musicas,64.700000,0.000000,1500,1500,1600,1600,1600,1600,1700,1700,1700,1700,1700,3701,0,840.0,839.5473286338835,8.209844000020894,2372.5394819998655,50908.0
1780244233,500,POST,GraphQL/listar-musicas-playlist,62.800000,0.000000,1500,1600,1600,1600,1700,1700,1700,1700,1700,1700,1700,3498,0,900.0,872.6260055474584,42.012147999912486,1723.8934289998724,327.0
1780244233,500,POST,GraphQL/listar-playlists-musica,61.300000,0.000000,1500,1600,1600,1600,1600,1700,1700,1700,1700,1700,1700,3407,0,880.0,874.7543046014075,43.23019799994654,2589.1419339998265,538.0
1780244233,500,POST,GraphQL/listar-playlists-usuario,65.200000,0.000000,1500,1600,1600,1600,1600,1700,1700,1700,1700,1700,1700,3599,0,870.0,860.7891001792173,42.250667000189424,1712.9939040000863,739.0
1780244233,500,POST,GraphQL/listar-usuarios,65.500000,0.000000,1500,1500,1600,1600,1600,1600,1700,1700,1700,1700,1700,3793,0,890.0,865.4255392420241,3.9442580000468297,3344.848888000115,22017.0
1780244233,500,,Aggregated,319.500000,0.000000,1500,1600,1600,1600,1600,1700,1700,1700,1700,1700,1700,17998,0,880.0,862.342337390045,3.9442580000468297,3344.848888000115,15421.572508056452
1780244234,500,POST,GraphQL/listar-musicas,64.100000,0.000000,1500,1600,1600,1600,1600,1600,1700,1700,1700,1700,1700,3763,0,860.0,851.6121612418294,8.209844000020894,2372.5394819998655,50908.0
1780244234,500,POST,GraphQL/listar-musicas-playlist,64.100000,0.000000,1600,1600,1600,1600,1700,1700,1700,1700,1700,1700,1700,3572,0,920.0,887.9441479221754,42.012147999912486,1723.8934289998724,327.0
1780244234,500,POST,GraphQL/listar-playlists-musica,62.700000,0.000000,1600,1600,1600,1600,1700,1700,1700,1700,1700,1700,1700,3480,0,900.0,890.0187836431015,43.23019799994654,2589.1419339998265,538.0
1780244234,500,POST,GraphQL/listar-playlists-usuario,65.300000,0.000000,1600,1600,1600,1600,1600,1700,1700,1700,1700,1700,1700,3657,0,890.0,872.0923182532136,42.250667000189424,1712.9939040000863,739.0
1780244234,500,POST,GraphQL/listar-usuarios,66.100000,0.000000,1500,1600,1600,1600,1600,1600,1700,1700,1700,1700,1700,3858,0,900.0,877.4090955303259,3.9442580000468297,3344.848888000115,22017.0
1780244234,500,,Aggregated,322.300000,0.000000,1500,1600,1600,1600,1600,1700,1700,1700,1700,1700,1700,18330,0,890.0,875.4994176004922,3.9442580000468297,3344.848888000115,15398.319530823786
1780244235,500,POST,GraphQL/listar-musicas,64.000000,0.000000,1500,1600,1600,1600,1600,1600,1700,1700,3100,3100,3100,3831,0,880.0,864.041406101802,8.209844000020894,3121.251732000019,50908.0
1780244235,500,POST,GraphQL/listar-musicas-playlist,64.200000,0.000000,1600,1600,1600,1600,1700,1700,1700,1700,1700,1700,1700,3613,0,920.0,895.964528584005,42.012147999912486,1723.8934289998724,327.0
1780244235,500,POST,GraphQL/listar-playlists-musica,63.000000,0.000000,1600,1600,1600,1600,1700,1700,1700,1700,1700,1700,1700,3516,0,920.0,897.1255694775296,43.23019799994654,2589.1419339998265,538.0
1780244235,500,POST,GraphQL/listar-playlists-usuario,65.300000,0.000000,1600,1600,1600,1600,1600,1700,1700,1700,1700,1700,1700,3730,0,910.0,885.4349064967834,42.250667000189424,1712.9939040000863,739.0
1780244235,500,POST,GraphQL/listar-usuarios,65.900000,0.000000,1500,1600,1600,1600,1600,1600,1700,1700,1700,1700,1700,3931,0,910.0,889.6497910747892,3.9442580000468297,3344.848888000115,22017.0
1780244235,500,,Aggregated,322.400000,0.000000,1500,1600,1600,1600,1600,1700,1700,1700,1700,3100,3100,18621,0,900.0,886.1737554793519,3.9442580000468297,3344.848888000115,15434.557972181945
1780244236,500,POST,GraphQL/listar-musicas,66.100000,0.000000,1500,1600,1600,1600,1600,1600,1700,1700,3100,3100,3100,3902,0,880.0,876.3232312532028,8.209844000020894,3121.251732000019,50908.0
1780244236,500,POST,GraphQL/listar-musicas-playlist,61.600000,0.000000,1600,1600,1600,1600,1700,1700,1700,1700,1700,1700,1700,3684,0,940.0,908.9257094337711,42.012147999912486,1723.8934289998724,327.0
1780244236,500,POST,GraphQL/listar-playlists-musica,62.100000,0.000000,1600,1600,1600,1600,1700,1700,1700,1700,1700,1700,1700,3590,0,940.0,911.1711443857926,43.23019799994654,2589.1419339998265,538.0
1780244236,500,POST,GraphQL/listar-playlists-usuario,64.600000,0.000000,1500,1600,1600,1600,1600,1700,1700,1700,1700,1700,1700,3783,0,920.0,894.4996682537677,42.250667000189424,1712.9939040000863,739.0
1780244236,500,POST,GraphQL/listar-usuarios,63.400000,0.000000,1500,1600,1600,1600,1600,1600,1600,1700,1700,1700,1700,3992,0,930.0,899.0914615601196,3.9442580000468297,3344.848888000115,22017.0
1780244236,500,,Aggregated,317.800000,0.000000,1500,1600,1600,1600,1600,1700,1700,1700,1700,3100,3100,18951,0,920.0,897.686946852462,3.9442580000468297,3344.848888000115,15432.77953669991
1780244237,500,POST,GraphQL/listar-musicas,65.000000,0.000000,1500,1600,1600,1600,1600,1600,1700,1700,3100,3100,3100,3964,0,900.0,887.1031278847117,8.209844000020894,3121.251732000019,50908.0
1780244237,500,POST,GraphQL/listar-musicas-playlist,62.700000,0.000000,1600,1600,1600,1600,1700,1700,1700,1700,1700,1700,1700,3761,0,950.0,923.1480006995505,42.012147999912486,1723.8934289998724,327.0
1780244237,500,POST,GraphQL/listar-playlists-musica,61.100000,0.000000,1600,1600,1600,1600,1600,1700,1700,1700,1700,1700,1700,3652,0,940.0,922.6176854471508,43.23019799994654,2589.1419339998265,538.0
1780244237,500,POST,GraphQL/listar-playlists-usuario,64.000000,0.000000,1500,1600,1600,1600,1600,1700,1700,1700,1700,1700,1700,3852,0,930.0,906.977639747924,42.250667000189424,1712.9939040000863,739.0
1780244237,500,POST,GraphQL/listar-usuarios,65.800000,0.000000,1500,1500,1600,1600,1600,1600,1600,1700,1700,1700,1700,4056,0,940.0,909.2483579987667,3.9442580000468297,3344.848888000115,22017.0
1780244237,500,,Aggregated,318.600000,0.000000,1500,1600,1600,1600,1600,1700,1700,1700,1700,3100,3100,19285,0,930.0,909.4853733560282,3.9442580000468297,3344.848888000115,15407.908478091782
1780244238,500,POST,GraphQL/listar-musicas,65.200000,0.000000,1500,1600,1600,1600,1600,1600,1600,1700,3100,3100,3100,4029,0,910.0,896.7128714192103,8.209844000020894,3121.251732000019,50908.0
1780244238,500,POST,GraphQL/listar-musicas-playlist,61.900000,0.000000,1500,1600,1600,1600,1600,1700,1700,1700,1700,1700,1700,3834,0,970.0,933.9445288792413,42.012147999912486,1723.8934289998724,327.0
1780244238,500,POST,GraphQL/listar-playlists-musica,62.900000,0.000000,1500,1600,1600,1600,1600,1700,1700,1700,1700,1700,1700,3730,0,950.0,935.2604759549585,43.23019799994654,2589.1419339998265,538.0
1780244238,500,POST,GraphQL/listar-playlists-usuario,64.200000,0.000000,1500,1600,1600,1600,1600,1600,1700,1700,1800,1800,1800,3935,0,950.0,919.8171252744604,42.250667000189424,1754.8652779998974,739.0
1780244238,500,POST,GraphQL/listar-usuarios,65.400000,0.000000,1500,1500,1600,1600,1600,1600,1600,1600,1700,1700,1700,4115,0,950.0,917.7969959718097,3.9442580000468297,3344.848888000115,22017.0
1780244238,500,,Aggregated,319.600000,0.000000,1500,1600,1600,1600,1600,1600,1700,1700,1700,3100,3100,19643,0,950.0,920.3449617859789,3.9442580000468297,3344.848888000115,15368.15710431197
1780244239,500,POST,GraphQL/listar-musicas,66.100000,0.000000,1500,1500,1600,1600,1600,1600,1600,1700,3100,3100,3100,4095,0,920.0,905.8140543394377,8.209844000020894,3121.251732000019,50908.0
1780244239,500,POST,GraphQL/listar-musicas-playlist,66.200000,0.000000,1500,1600,1600,1600,1600,1700,1700,1700,1700,1700,1700,3905,0,980.0,944.0948357705532,42.012147999912486,1723.8934289998724,327.0
1780244239,500,POST,GraphQL/listar-playlists-musica,65.200000,0.000000,1500,1600,1600,1600,1600,1700,1700,1700,1700,1700,1700,3783,0,980.0,943.7491792833721,43.23019799994654,2589.1419339998265,538.0
1780244239,500,POST,GraphQL/listar-playlists-usuario,64.500000,0.000000,1500,1600,1600,1600,1600,1600,1700,1700,1800,1800,1800,3997,0,970.0,928.6497354508386,42.250667000189424,1754.8652779998974,739.0
1780244239,500,POST,GraphQL/listar-usuarios,64.400000,0.000000,1500,1500,1600,1600,1600,1600,1600,1600,1700,1700,1700,4185,0,960.0,927.3188354415762,3.9442580000468297,3344.848888000115,22017.0
1780244239,500,,Aggregated,326.400000,0.000000,1500,1600,1600,1600,1600,1600,1700,1700,1700,3100,3100,19965,0,960.0,929.5689632032532,3.9442580000468297,3344.848888000115,15370.667518156775
1780244240,500,POST,GraphQL/listar-musicas,66.000000,0.000000,1500,1500,1600,1600,1600,1600,1600,1700,3100,3100,3100,4157,0,940.0,913.9439889174872,8.209844000020894,3121.251732000019,50908.0
1780244240,500,POST,GraphQL/listar-musicas-playlist,66.400000,0.000000,1500,1600,1600,1600,1600,1700,1700,1700,1700,1700,1700,3980,0,1000.0,954.8290816748766,42.012147999912486,1723.8934289998724,327.0
1780244240,500,POST,GraphQL/listar-playlists-musica,64.700000,0.000000,1500,1600,1600,1600,1600,1700,1700,1700,1700,1700,1700,3858,0,990.0,955.0497889569715,43.23019799994654,2589.1419339998265,538.0
1780244240,500,POST,GraphQL/listar-playlists-usuario,66.800000,0.000000,1500,1600,1600,1600,1600,1600,1700,1700,1800,1800,1800,4073,0,980.0,939.0692590589247,42.250667000189424,1754.8652779998974,739.0
1780244240,500,POST,GraphQL/listar-usuarios,63.200000,0.000000,1500,1500,1600,1600,1600,1600,1600,1600,1700,1700,1700,4262,0,980.0,937.2906202029557,3.9442580000468297,3344.848888000115,22017.0
1780244240,500,,Aggregated,327.100000,0.000000,1500,1600,1600,1600,1600,1600,1700,1700,1700,3100,3100,20330,0,980.0,939.6767687281816,3.9442580000468297,3344.848888000115,15339.30255779636
1780244241,500,POST,GraphQL/listar-musicas,65.100000,0.000000,1500,1500,1600,1600,1600,1600,1600,1700,3100,3100,3100,4230,0,960.0,923.5862161775403,8.209844000020894,3121.251732000019,50908.0
1780244241,500,POST,GraphQL/listar-musicas-playlist,66.000000,0.000000,1600,1600,1600,1600,1600,1700,1700,1700,1700,1700,1700,4020,0,1000.0,960.5111444905501,42.012147999912486,1723.8934289998724,327.0
1780244241,500,POST,GraphQL/listar-playlists-musica,66.000000,0.000000,1500,1600,1600,1600,1600,1700,1700,1700,1700,1700,1700,3932,0,1000.0,965.0170523667344,43.23019799994654,2589.1419339998265,538.0
1780244241,500,POST,GraphQL/listar-playlists-usuario,66.200000,0.000000,1500,1600,1600,1600,1600,1600,1700,1700,1800,1800,1800,4114,0,990.0,944.4833795685465,42.250667000189424,1754.8652779998974,739.0
1780244241,500,POST,GraphQL/listar-usuarios,64.300000,0.000000,1500,1500,1600,1600,1600,1600,1600,1600,1700,1700,1700,4325,0,990.0,945.4579158030053,3.9442580000468297,3344.848888000115,22017.0
1780244241,500,,Aggregated,327.600000,0.000000,1500,1600,1600,1600,1600,1600,1700,1700,1700,3100,3100,20621,0,1000.0,947.441038484164,3.9442580000468297,3344.848888000115,15374.35463847534
1780244242,500,POST,GraphQL/listar-musicas,64.700000,0.000000,1500,1500,1600,1600,1600,1600,1600,1700,3100,3100,3100,4286,0,970.0,931.214311417871,8.209844000020894,3121.251732000019,50908.0
1780244242,500,POST,GraphQL/listar-musicas-playlist,66.500000,0.000000,1600,1600,1600,1600,1600,1700,1700,1700,1700,1700,1700,4099,0,1000.0,972.5640211646769,42.012147999912486,1723.8934289998724,327.0
1780244242,500,POST,GraphQL/listar-playlists-musica,65.400000,0.000000,1600,1600,1600,1600,1600,1700,1700,1700,1700,1700,1700,3997,0,1000.0,974.9856260622968,43.23019799994654,2589.1419339998265,538.0
1780244242,500,POST,GraphQL/listar-playlists-usuario,65.000000,0.000000,1500,1600,1600,1600,1600,1600,1700,1700,1800,1800,1800,4189,0,1000.0,955.4154578476968,42.250667000189424,1754.8652779998974,739.0
1780244242,500,POST,GraphQL/listar-usuarios,66.100000,0.000000,1500,1500,1600,1600,1600,1600,1600,1600,1700,1700,1700,4406,0,1000.0,956.3390734162498,3.9442580000468297,3344.848888000115,22017.0
1780244242,500,,Aggregated,327.700000,0.000000,1500,1600,1600,1600,1600,1600,1700,1700,1700,3100,3100,20977,0,1000.0,957.7445449424587,3.9442580000468297,3344.848888000115,15339.897030080565
1780244243,500,POST,GraphQL/listar-musicas,65.000000,0.000000,1500,1500,1600,1600,1600,1600,1600,1700,3100,3100,3100,4359,0,1000.0,941.1275031569156,8.209844000020894,3121.251732000019,50908.0
1780244243,500,POST,GraphQL/listar-musicas-playlist,66.200000,0.000000,1600,1600,1600,1600,1600,1700,1700,1700,1700,1700,1700,4153,0,1100.0,980.3458741110063,42.012147999912486,1723.8934289998724,327.0
1780244243,500,POST,GraphQL/listar-playlists-musica,66.800000,0.000000,1600,1600,1600,1600,1600,1700,1700,1700,3100,3100,3100,4056,0,1100.0,984.252309352811,43.23019799994654,3102.9755600000044,538.0
1780244243,500,POST,GraphQL/listar-playlists-usuario,64.200000,0.000000,1500,1600,1600,1600,1600,1600,1700,1700,1800,1800,1800,4262,0,1000.0,965.5132465255741,42.250667000189424,1754.8652779998974,739.0
1780244243,500,POST,GraphQL/listar-usuarios,65.500000,0.000000,1500,1500,1600,1600,1600,1600,1600,1600,1700,1700,1700,4456,0,1000.0,962.7456115801157,3.9442580000468297,3344.848888000115,22017.0
1780244243,500,,Aggregated,327.700000,0.000000,1500,1600,1600,1600,1600,1600,1700,1700,1700,3100,3100,21286,0,1000.0,966.4047012154452,3.9442580000468297,3344.848888000115,15348.374565442075
1780244244,500,POST,GraphQL/listar-musicas,65.500000,0.000000,1500,1600,1600,1600,1600,1600,1700,1700,1700,1700,1700,4432,0,1000.0,952.0469464907479,8.209844000020894,3121.251732000019,50908.0
1780244244,500,POST,GraphQL/listar-musicas-playlist,64.900000,0.000000,1600,1600,1600,1600,1700,1700,1700,1700,1700,1700,1700,4213,0,1100.0,989.9242045454569,42.012147999912486,1723.8934289998724,327.0
1780244244,500,POST,GraphQL/listar-playlists-musica,66.200000,0.000000,1600,1600,1600,1600,1600,1700,1700,1700,3100,3100,3100,4109,0,1100.0,992.8032493380382,43.23019799994654,3102.9755600000044,538.0
1780244244,500,POST,GraphQL/listar-playlists-usuario,64.000000,0.000000,1500,1600,1600,1600,1600,1600,1700,1700,1800,1800,1800,4311,0,1000.0,972.9846691447456,42.250667000189424,1754.8652779998974,739.0
1780244244,500,POST,GraphQL/listar-usuarios,66.100000,0.000000,1500,1500,1600,1600,1600,1600,1600,1700,1700,1700,1700,4520,0,1000.0,971.4732243137156,3.9442580000468297,3344.848888000115,22017.0
1780244244,500,,Aggregated,326.700000,0.000000,1500,1600,1600,1600,1600,1700,1700,1700,1700,3100,3100,21585,0,1000.0,975.4480970446128,3.9442580000468297,3344.848888000115,15377.12383599722
1780244245,500,POST,GraphQL/listar-musicas,65.000000,0.000000,1500,1600,1600,1600,1600,1600,1700,1700,1700,1700,1700,4493,0,1000.0,960.0575805573106,8.209844000020894,3121.251732000019,50908.0
1780244245,500,POST,GraphQL/listar-musicas-playlist,64.700000,0.000000,1600,1600,1600,1600,1700,1700,1700,1700,1700,1700,1700,4278,0,1100.0,999.210381792428,42.012147999912486,1723.8934289998724,327.0
1780244245,500,POST,GraphQL/listar-playlists-musica,65.000000,0.000000,1600,1600,1600,1600,1700,1700,1700,1700,3100,3100,3100,4178,0,1100.0,1002.776218897558,43.23019799994654,3102.9755600000044,538.0
1780244245,500,POST,GraphQL/listar-playlists-usuario,65.300000,0.000000,1500,1600,1600,1600,1600,1600,1700,1700,1800,1800,1800,4395,0,1100.0,984.4154779667799,42.250667000189424,1754.8652779998974,739.0
1780244245,500,POST,GraphQL/listar-usuarios,66.400000,0.000000,1500,1500,1600,1600,1600,1600,1600,1700,1700,1700,1700,4590,0,1000.0,980.2684648206965,3.9442580000468297,3344.848888000115,22017.0
1780244245,500,,Aggregated,326.400000,0.000000,1500,1600,1600,1600,1600,1700,1700,1700,1700,3100,3100,21934,0,1100.0,984.9410980439947,3.9442580000468297,3344.848888000115,15349.787954773412
1780244246,500,POST,GraphQL/listar-musicas,65.200000,0.000000,1500,1500,1600,1600,1600,1600,1700,1700,1700,1700,1700,4557,0,1000.0,966.4640833840233,8.209844000020894,3121.251732000019,50908.0
1780244246,500,POST,GraphQL/listar-musicas-playlist,65.300000,0.000000,1500,1600,1600,1600,1600,1700,1700,1700,1700,1700,1700,4359,0,1100.0,1008.0288862821765,42.012147999912486,1723.8934289998724,327.0
1780244246,500,POST,GraphQL/listar-playlists-musica,65.200000,0.000000,1500,1600,1600,1600,1600,1700,1700,1700,3100,3100,3100,4262,0,1100.0,1012.2153793716554,43.23019799994654,3102.9755600000044,538.0
1780244246,500,POST,GraphQL/listar-playlists-usuario,64.600000,0.000000,1500,1600,1600,1600,1600,1600,1700,1700,1800,1800,1800,4459,0,1100.0,991.0252911930926,42.250667000189424,1754.8652779998974,739.0
1780244246,500,POST,GraphQL/listar-usuarios,65.800000,0.000000,1500,1500,1600,1600,1600,1600,1600,1700,1700,1700,1700,4655,0,1100.0,986.631218780021,3.9442580000468297,3344.848888000115,22017.0
1780244246,500,,Aggregated,326.100000,0.000000,1500,1600,1600,1600,1600,1600,1700,1700,1700,3100,3100,22292,0,1100.0,992.4630713717028,3.9442580000468297,3344.848888000115,15318.968284586399
1780244247,500,POST,GraphQL/listar-musicas,66.400000,0.000000,1500,1500,1500,1600,1600,1600,1700,1700,1700,1700,1700,4616,0,1000.0,972.60342927058,8.209844000020894,3121.251732000019,50908.0
1780244247,500,POST,GraphQL/listar-musicas-playlist,65.400000,0.000000,1500,1600,1600,1600,1600,1700,1700,1700,1700,1700,1700,4436,0,1100.0,1016.4709318446817,42.012147999912486,1723.8934289998724,327.0
1780244247,500,POST,GraphQL/listar-playlists-musica,64.300000,0.000000,1500,1600,1600,1600,1600,1700,1700,1700,3100,3100,3100,4333,0,1100.0,1020.4465560941604,43.23019799994654,3102.9755600000044,538.0
1780244247,500,POST,GraphQL/listar-playlists-usuario,64.700000,0.000000,1500,1500,1600,1600,1600,1600,1700,1700,1700,1700,1700,4525,0,1100.0,998.2883151288388,42.250667000189424,1754.8652779998974,739.0
1780244247,500,POST,GraphQL/listar-usuarios,64.200000,0.000000,1500,1500,1500,1600,1600,1600,1600,1600,1700,1700,1700,4730,0,1100.0,994.2282755194495,3.9442580000468297,3344.848888000115,22017.0
1780244247,500,,Aggregated,325.000000,0.000000,1500,1600,1600,1600,1600,1600,1700,1700,1700,3100,3100,22640,0,1100.0,1000.0067040590554,3.9442580000468297,3344.848888000115,15294.056492932863
1780244248,500,POST,GraphQL/listar-musicas,65.500000,0.000000,1500,1500,1500,1600,1600,1600,1700,1700,1700,1700,1700,4686,0,1100.0,980.061728797695,8.209844000020894,3121.251732000019,50908.0
1780244248,500,POST,GraphQL/listar-musicas-playlist,67.000000,0.000000,1500,1600,1600,1600,1600,1700,1700,1700,1700,1700,1700,4493,0,1100.0,1022.7320576864029,42.012147999912486,1723.8934289998724,327.0
1780244248,500,POST,GraphQL/listar-playlists-musica,66.000000,0.000000,1500,1600,1600,1600,1600,1700,1700,1700,3100,3100,3100,4395,0,1100.0,1027.3763487854374,43.23019799994654,3102.9755600000044,538.0
1780244248,500,POST,GraphQL/listar-playlists-usuario,67.400000,0.000000,1500,1500,1600,1600,1600,1600,1700,1700,1700,1700,1700,4591,0,1100.0,1005.3429328568931,42.250667000189424,1754.8652779998974,739.0
1780244248,500,POST,GraphQL/listar-usuarios,64.100000,0.000000,1500,1500,1500,1600,1600,1600,1600,1600,1700,1700,1700,4784,0,1100.0,999.7687689561029,3.9442580000468297,3344.848888000115,22017.0
1780244248,500,,Aggregated,330.000000,0.000000,1500,1500,1600,1600,1600,1600,1700,1700,1700,3100,3100,22949,0,1100.0,1006.6428447721053,3.9442580000468297,3344.848888000115,15299.607216000697
1780244249,500,POST,GraphQL/listar-musicas,64.800000,0.000000,1500,1500,1600,1600,1600,1600,1700,1700,1700,1700,1700,4759,0,1100.0,988.4459790535813,8.209844000020894,3121.251732000019,50908.0
1780244249,500,POST,GraphQL/listar-musicas-playlist,65.100000,0.000000,1600,1600,1600,1600,1600,1700,1700,1700,1700,1700,1700,4556,0,1100.0,1030.4780412535133,42.012147999912486,1723.8934289998724,327.0
1780244249,500,POST,GraphQL/listar-playlists-musica,64.400000,0.000000,1500,1600,1600,1600,1600,1700,1700,1700,3100,3100,3100,4452,0,1200.0,1034.5060203162614,43.23019799994654,3102.9755600000044,538.0
1780244249,500,POST,GraphQL/listar-playlists-usuario,65.500000,0.000000,1500,1600,1600,1600,1600,1600,1700,1700,1700,1700,1700,4654,0,1100.0,1012.9279129419838,42.250667000189424,1754.8652779998974,739.0
1780244249,500,POST,GraphQL/listar-usuarios,65.700000,0.000000,1500,1500,1600,1600,1600,1600,1600,1700,1700,1700,1700,4841,0,1100.0,1006.5181200700258,3.9442580000468297,3344.848888000115,22017.0
1780244249,500,,Aggregated,325.500000,0.000000,1500,1600,1600,1600,1600,1600,1700,1700,1700,3100,3100,23262,0,1100.0,1014.1524331014541,3.9442580000468297,3344.848888000115,15311.656908262403
1780244250,500,POST,GraphQL/listar-musicas,65.000000,0.000000,1500,1500,1600,1600,1600,1600,1700,1700,1700,1700,1700,4815,0,1100.0,994.3061647910689,8.209844000020894,3121.251732000019,50908.0
1780244250,500,POST,GraphQL/listar-musicas-playlist,66.800000,0.000000,1600,1600,1600,1600,1600,1700,1700,1700,1700,1700,1700,4614,0,1200.0,1037.3354198667116,42.012147999912486,1723.8934289998724,327.0
1780244250,500,POST,GraphQL/listar-playlists-musica,64.900000,0.000000,1600,1600,1600,1600,1600,1700,1700,1700,3100,3100,3100,4522,0,1200.0,1042.7103067885887,43.23019799994654,3102.9755600000044,538.0
1780244250,500,POST,GraphQL/listar-playlists-usuario,64.600000,0.000000,1500,1600,1600,1600,1600,1600,1700,1700,1700,1700,1700,4724,0,1100.0,1020.6665867015226,42.250667000189424,1754.8652779998974,739.0
1780244250,500,POST,GraphQL/listar-usuarios,66.000000,0.000000,1500,1500,1600,1600,1600,1600,1600,1700,1700,1700,1700,4932,0,1100.0,1016.2965147335763,3.9442580000468297,3344.848888000115,22017.0
1780244250,500,,Aggregated,327.300000,0.000000,1500,1600,1600,1600,1600,1600,1700,1700,1700,3100,3100,23607,0,1100.0,1021.8574653397742,3.9442580000468297,3344.848888000115,15298.111322912695
1780244251,500,POST,GraphQL/listar-musicas,65.100000,0.000000,1500,1500,1600,1600,1600,1600,1700,1700,1700,1700,1700,4892,0,1100.0,1002.4336254818054,8.209844000020894,3121.251732000019,50908.0
1780244251,500,POST,GraphQL/listar-musicas-playlist,64.400000,0.000000,1600,1600,1600,1600,1600,1700,1700,1700,1700,1700,1700,4667,0,1200.0,1042.8524860141447,42.012147999912486,1723.8934289998724,327.0
1780244251,500,POST,GraphQL/listar-playlists-musica,66.600000,0.000000,1600,1600,1600,1600,1600,1700,1700,1700,3100,3100,3100,4581,0,1200.0,1049.1711189502296,43.23019799994654,3102.9755600000044,538.0
1780244251,500,POST,GraphQL/listar-playlists-usuario,63.300000,0.000000,1500,1600,1600,1600,1600,1600,1700,1700,1700,1700,1700,4773,0,1100.0,1025.5673423509306,42.250667000189424,1754.8652779998974,739.0
1780244251,500,POST,GraphQL/listar-usuarios,66.900000,0.000000,1500,1500,1600,1600,1600,1600,1600,1700,1700,1700,1700,4992,0,1100.0,1022.1009413754006,3.9442580000468297,3344.848888000115,22017.0
1780244251,500,,Aggregated,326.300000,0.000000,1500,1600,1600,1600,1600,1600,1700,1700,1700,3100,3100,23905,0,1100.0,1028.007177091949,3.9442580000468297,3344.848888000115,15330.212675172557
1780244252,500,POST,GraphQL/listar-musicas,65.100000,0.000000,1500,1500,1600,1600,1600,1600,1700,1700,1700,1700,1700,4954,0,1100.0,1009.4445643318508,8.209844000020894,3121.251732000019,50908.0
1780244252,500,POST,GraphQL/listar-musicas-playlist,65.300000,0.000000,1600,1600,1600,1600,1700,1700,1700,1700,1700,1700,1700,4758,0,1200.0,1054.042573077556,42.012147999912486,1723.8934289998724,327.0
1780244252,500,POST,GraphQL/listar-playlists-musica,66.300000,0.000000,1600,1600,1600,1600,1600,1700,1700,1700,1700,1700,1700,4647,0,1200.0,1057.2499234549175,43.23019799994654,3102.9755600000044,538.0
1780244252,500,POST,GraphQL/listar-playlists-usuario,65.900000,0.000000,1500,1600,1600,1600,1600,1600,1700,1700,1700,1700,1700,4842,0,1200.0,1033.6610537319273,42.250667000189424,1754.8652779998974,739.0
1780244252,500,POST,GraphQL/listar-usuarios,65.800000,0.000000,1500,1500,1600,1600,1600,1600,1600,1700,1700,1700,1700,5056,0,1100.0,1028.9992995587425,3.9442580000468297,3344.848888000115,22017.0
1780244252,500,,Aggregated,328.400000,0.000000,1500,1600,1600,1600,1600,1700,1700,1700,1700,1700,1700,24257,0,1200.0,1036.260486022056,3.9442580000468297,3344.848888000115,15300.753349548584
1780244253,500,POST,GraphQL/listar-musicas,64.700000,0.000000,1500,1500,1500,1600,1600,1600,1600,1600,1600,1600,1600,5022,0,1100.0,1015.9566601726382,8.209844000020894,3121.251732000019,50908.0
1780244253,500,POST,GraphQL/listar-musicas-playlist,64.700000,0.000000,1600,1600,1600,1600,1600,1700,1700,1700,1700,1700,1700,4811,0,1200.0,1059.1930514302662,42.012147999912486,1723.8934289998724,327.0
1780244253,500,POST,GraphQL/listar-playlists-musica,63.900000,0.000000,1600,1600,1600,1600,1600,1600,1700,1700,1700,1700,1700,4713,0,1200.0,1064.069008328878,43.23019799994654,3102.9755600000044,538.0
1780244253,500,POST,GraphQL/listar-playlists-usuario,65.700000,0.000000,1500,1600,1600,1600,1600,1600,1700,1700,1700,1700,1700,4932,0,1200.0,1042.6933895425775,42.250667000189424,1754.8652779998974,739.0
1780244253,500,POST,GraphQL/listar-usuarios,67.400000,0.000000,1500,1500,1600,1600,1600,1600,1600,1600,1700,1700,1700,5111,0,1200.0,1034.2023903150068,3.9442580000468297,3344.848888000115,22017.0
1780244253,500,,Aggregated,326.400000,0.000000,1500,1600,1600,1600,1600,1600,1700,1700,1700,1700,1700,24589,0,1200.0,1042.793182650615,3.9442580000468297,3344.848888000115,15289.048029606734
1780244254,500,POST,GraphQL/listar-musicas,66.600000,0.000000,1500,1500,1500,1500,1600,1600,1600,1600,1600,1600,1600,5093,0,1200.0,1021.834220586881,8.209844000020894,3121.251732000019,50908.0
1780244254,500,POST,GraphQL/listar-musicas-playlist,64.800000,0.000000,1500,1600,1600,1600,1600,1700,1700,1700,1700,1700,1700,4896,0,1200.0,1066.4315714605823,42.012147999912486,1723.8934289998724,327.0
1780244254,500,POST,GraphQL/listar-playlists-musica,62.400000,0.000000,1500,1600,1600,1600,1600,1600,1700,1700,1700,1700,1700,4775,0,1200.0,1069.752193353299,43.23019799994654,3102.9755600000044,538.0
1780244254,500,POST,GraphQL/listar-playlists-usuario,66.700000,0.000000,1500,1500,1600,1600,1600,1600,1700,1700,1700,1700,1700,4993,0,1200.0,1047.9873691740406,42.250667000189424,1754.8652779998974,739.0
1780244254,500,POST,GraphQL/listar-usuarios,63.300000,0.000000,1500,1500,1500,1600,1600,1600,1600,1600,1700,1700,1700,5173,0,1200.0,1039.271421625749,3.9442580000468297,3344.848888000115,22017.0
1780244254,500,,Aggregated,323.800000,0.000000,1500,1500,1600,1600,1600,1600,1700,1700,1700,1700,1700,24930,0,1200.0,1048.62693064332,3.9442580000468297,3344.848888000115,15283.921139189732
1780244255,500,POST,GraphQL/listar-musicas,66.000000,0.000000,1500,1500,1500,1500,1600,1600,1600,1600,1600,1600,1600,5152,0,1200.0,1026.7545056473184,8.209844000020894,3121.251732000019,50908.0
1780244255,500,POST,GraphQL/listar-musicas-playlist,64.000000,0.000000,1500,1600,1600,1600,1600,1700,1700,1700,1700,1700,1700,4953,0,1200.0,1071.5182612592391,42.012147999912486,1723.8934289998724,327.0
1780244255,500,POST,GraphQL/listar-playlists-musica,63.600000,0.000000,1500,1600,1600,1600,1600,1600,1700,1700,1700,1700,1700,4840,0,1200.0,1075.6329486444224,43.23019799994654,3102.9755600000044,538.0
1780244255,500,POST,GraphQL/listar-playlists-usuario,65.600000,0.000000,1500,1500,1600,1600,1600,1600,1700,1700,1700,1700,1700,5056,0,1200.0,1053.4300090680347,42.250667000189424,1754.8652779998974,739.0
1780244255,500,POST,GraphQL/listar-usuarios,64.600000,0.000000,1500,1500,1500,1600,1600,1600,1600,1600,1700,1700,1700,5258,0,1200.0,1046.1126466918984,3.9442580000468297,3344.848888000115,22017.0
1780244255,500,,Aggregated,323.800000,0.000000,1500,1500,1600,1600,1600,1600,1700,1700,1700,1700,1700,25259,0,1200.0,1054.2671940577595,3.9442580000468297,3344.848888000115,15281.813888119086
1780244256,500,POST,GraphQL/listar-musicas,65.000000,0.000000,1500,1500,1500,1500,1600,1600,1600,1600,1600,1600,1600,5224,0,1200.0,1032.728627420556,8.209844000020894,3121.251732000019,50908.0
1780244256,500,POST,GraphQL/listar-musicas-playlist,65.500000,0.000000,1500,1600,1600,1600,1600,1700,1700,1700,1700,1700,1700,5024,0,1200.0,1077.7345770567294,42.012147999912486,1723.8934289998724,327.0
1780244256,500,POST,GraphQL/listar-playlists-musica,66.300000,0.000000,1500,1600,1600,1600,1600,1600,1700,1700,1700,1700,1700,4932,0,1300.0,1083.4189329049068,43.23019799994654,3102.9755600000044,538.0
1780244256,500,POST,GraphQL/listar-playlists-usuario,67.700000,0.000000,1500,1500,1600,1600,1600,1600,1700,1700,1700,1700,1700,5115,0,1200.0,1058.0410535339165,42.250667000189424,1754.8652779998974,739.0
1780244256,500,POST,GraphQL/listar-usuarios,65.800000,0.000000,1500,1500,1500,1600,1600,1600,1600,1600,1700,1700,1700,5311,0,1200.0,1050.3900124070801,3.9442580000468297,3344.848888000115,22017.0
1780244256,500,,Aggregated,330.300000,0.000000,1500,1500,1600,1600,1600,1600,1700,1700,1700,1700,1700,25606,0,1200.0,1060.0420364986696,3.9442580000468297,3344.848888000115,15267.981254393502
1780244257,500,POST,GraphQL/listar-musicas,64.100000,0.000000,1500,1500,1500,1500,1600,1600,1600,1600,1600,1600,1600,5280,0,1200.0,1037.860477590527,8.209844000020894,3121.251732000019,50908.0
1780244257,500,POST,GraphQL/listar-musicas-playlist,68.000000,0.000000,1500,1600,1600,1600,1600,1700,1700,1700,1700,1700,1700,5093,0,1300.0,1084.287350841549,42.012147999912486,1723.8934289998724,327.0
1780244257,500,POST,GraphQL/listar-playlists-musica,68.100000,0.000000,1500,1600,1600,1600,1600,1600,1700,1700,1700,1700,1700,4995,0,1300.0,1089.4554835745744,43.23019799994654,3102.9755600000044,538.0
1780244257,500,POST,GraphQL/listar-playlists-usuario,67.400000,0.000000,1500,1600,1600,1600,1600,1600,1700,1700,1700,1700,1700,5179,0,1200.0,1064.1727718744903,42.250667000189424,1754.8652779998974,739.0
1780244257,500,POST,GraphQL/listar-usuarios,66.100000,0.000000,1500,1500,1600,1600,1600,1600,1600,1600,2900,2900,2900,5398,0,1200.0,1058.5697866470923,3.9442580000468297,3344.848888000115,22017.0
1780244257,500,,Aggregated,333.700000,0.000000,1500,1600,1600,1600,1600,1600,1700,1700,1700,2900,2900,25945,0,1200.0,1066.4682765013658,3.9442580000468297,3344.848888000115,15256.196107149739
1780244258,500,POST,GraphQL/listar-musicas,65.200000,0.000000,1500,1500,1500,1500,1600,1600,1600,1600,1600,1600,1600,5346,0,1200.0,1043.5629371662894,8.209844000020894,3121.251732000019,50908.0
1780244258,500,POST,GraphQL/listar-musicas-playlist,66.300000,0.000000,1500,1600,1600,1600,1600,1600,1700,1700,1700,1700,1700,5156,0,1300.0,1090.0428309932133,42.012147999912486,1723.8934289998724,327.0
1780244258,500,POST,GraphQL/listar-playlists-musica,67.400000,0.000000,1600,1600,1600,1600,1600,1600,1700,1700,1700,1700,1700,5056,0,1300.0,1095.195407283029,43.23019799994654,3102.9755600000044,538.0
1780244258,500,POST,GraphQL/listar-playlists-usuario,65.700000,0.000000,1500,1600,1600,1600,1600,1600,1700,1700,1700,1700,1700,5264,0,1300.0,1071.6405099720716,42.250667000189424,1754.8652779998974,739.0
1780244258,500,POST,GraphQL/listar-usuarios,65.300000,0.000000,1500,1500,1500,1600,1600,1600,1600,1600,2900,2900,2900,5454,0,1200.0,1063.1938230630735,3.9442580000468297,3344.848888000115,22017.0
1780244258,500,,Aggregated,329.900000,0.000000,1500,1600,1600,1600,1600,1600,1600,1700,1700,2900,2900,26276,0,1300.0,1072.3181242728701,3.9442580000468297,3344.848888000115,15243.230400365352
1780244259,500,POST,GraphQL/listar-musicas,66.400000,0.000000,1500,1500,1600,1600,1600,1600,1600,1700,1700,1700,1700,5428,0,1200.0,1051.654876085295,8.209844000020894,3121.251732000019,50908.0
1780244259,500,POST,GraphQL/listar-musicas-playlist,64.600000,0.000000,1500,1600,1600,1600,1600,1700,1700,1700,1700,1700,1700,5213,0,1300.0,1095.9386970308856,42.012147999912486,1723.8934289998724,327.0
1780244259,500,POST,GraphQL/listar-playlists-musica,66.300000,0.000000,1500,1600,1600,1600,1600,1700,1700,1700,1700,1700,1700,5103,0,1300.0,1099.8484011312944,43.23019799994654,3102.9755600000044,538.0
1780244259,500,POST,GraphQL/listar-playlists-usuario,65.700000,0.000000,1500,1600,1600,1600,1600,1700,1700,1700,1700,1700,1700,5307,0,1300.0,1076.1202641511186,42.250667000189424,1754.8652779998974,739.0
1780244259,500,POST,GraphQL/listar-usuarios,64.500000,0.000000,1500,1500,1500,1600,1600,1600,1600,1600,2900,2900,2900,5504,0,1300.0,1067.605181833758,3.9442580000468297,3344.848888000115,22017.0
1780244259,500,,Aggregated,327.500000,0.000000,1500,1600,1600,1600,1600,1600,1700,1700,1700,2900,2900,26555,0,1300.0,1077.8048069534527,3.9442580000468297,3344.848888000115,15284.58407079646
1780244260,500,POST,GraphQL/listar-musicas,65.400000,0.000000,1500,1500,1600,1600,1600,1600,1600,1700,1700,1700,1700,5492,0,1300.0,1057.4628122343372,8.209844000020894,3121.251732000019,50908.0
1780244260,500,POST,GraphQL/listar-musicas-playlist,63.100000,0.000000,1600,1600,1600,1600,1700,1700,1700,1700,1700,1700,1700,5274,0,1300.0,1102.0423176073195,42.012147999912486,1723.8934289998724,327.0
1780244260,500,POST,GraphQL/listar-playlists-musica,66.500000,0.000000,1600,1600,1600,1600,1600,1700,1700,1700,1700,1700,1700,5169,0,1300.0,1106.4343267057452,43.23019799994654,3102.9755600000044,538.0
1780244260,500,POST,GraphQL/listar-playlists-usuario,65.300000,0.000000,1500,1600,1600,1600,1600,1700,1700,1700,1700,1700,1700,5386,0,1300.0,1083.6465767461912,42.250667000189424,1754.8652779998974,739.0
1780244260,500,POST,GraphQL/listar-usuarios,66.500000,0.000000,1500,1500,1600,1600,1600,1600,1600,1600,2900,2900,2900,5581,0,1300.0,1074.6701754961484,3.9442580000468297,3344.848888000115,22017.0
1780244260,500,,Aggregated,326.800000,0.000000,1500,1600,1600,1600,1600,1700,1700,1700,1700,2900,2900,26902,0,1300.0,1084.4238604710772,3.9442580000468297,3344.848888000115,15275.79313805665
1780244261,500,POST,GraphQL/listar-musicas,66.400000,0.000000,1500,1500,1500,1600,1600,1600,1600,1700,1700,1700,1700,5556,0,1300.0,1061.6324229555396,8.209844000020894,3121.251732000019,50908.0
1780244261,500,POST,GraphQL/listar-musicas-playlist,63.500000,0.000000,1500,1600,1600,1600,1600,1700,1700,1700,1700,1700,1700,5339,0,1300.0,1106.2186294334151,42.012147999912486,1723.8934289998724,327.0
1780244261,500,POST,GraphQL/listar-playlists-musica,65.200000,0.000000,1500,1600,1600,1600,1600,1700,1700,1700,1700,1700,1700,5240,0,1300.0,1111.456117780916,43.23019799994654,3102.9755600000044,538.0
1780244261,500,POST,GraphQL/listar-playlists-usuario,65.200000,0.000000,1500,1600,1600,1600,1600,1700,1700,1700,1700,1700,1700,5453,0,1300.0,1088.096841442506,42.250667000189424,1754.8652779998974,739.0
1780244261,500,POST,GraphQL/listar-usuarios,65.900000,0.000000,1500,1500,1600,1600,1600,1600,1600,1600,2900,2900,2900,5646,0,1300.0,1078.8917156516125,3.9442580000468297,3344.848888000115,22017.0
1780244261,500,,Aggregated,326.200000,0.000000,1500,1600,1600,1600,1600,1600,1700,1700,1700,2900,2900,27234,0,1300.0,1088.8365926640568,3.9442580000468297,3344.848888000115,15265.75493867959
1780244262,500,POST,GraphQL/listar-musicas,66.100000,0.000000,1500,1500,1500,1500,1600,1600,1600,1700,1700,1700,1700,5615,0,1300.0,1065.6926034357928,8.209844000020894,3121.251732000019,50908.0
1780244262,500,POST,GraphQL/listar-musicas-playlist,66.400000,0.000000,1500,1600,1600,1600,1600,1700,1700,1700,1700,1700,1700,5432,0,1400.0,1113.1866495184101,42.012147999912486,1723.8934289998724,327.0
1780244262,500,POST,GraphQL/listar-playlists-musica,65.700000,0.000000,1500,1600,1600,1600,1600,1700,1700,1700,1700,1700,1700,5309,0,1400.0,1116.776308564702,43.23019799994654,3102.9755600000044,538.0
1780244262,500,POST,GraphQL/listar-playlists-usuario,64.100000,0.000000,1500,1500,1600,1600,1600,1600,1700,1700,1700,1700,1700,5523,0,1300.0,1093.1493637074032,42.250667000189424,1754.8652779998974,739.0
1780244262,500,POST,GraphQL/listar-usuarios,64.800000,0.000000,1500,1500,1500,1500,1600,1600,1600,1600,2900,2900,2900,5716,0,1300.0,1083.7876327547247,3.9442580000468297,3344.848888000115,22017.0
1780244262,500,,Aggregated,327.100000,0.000000,1500,1500,1600,1600,1600,1600,1700,1700,1700,2900,2900,27595,0,1300.0,1094.1131840995793,3.9442580000468297,3344.848888000115,15235.06414205472
1780244263,500,POST,GraphQL/listar-musicas,66.700000,0.000000,1500,1500,1500,1500,1600,1600,1600,1700,1700,1700,1700,5678,0,1300.0,1070.0926832715704,8.209844000020894,3121.251732000019,50908.0
1780244263,500,POST,GraphQL/listar-musicas-playlist,65.000000,0.000000,1500,1600,1600,1600,1600,1700,1700,1700,1700,1700,1700,5495,0,1400.0,1117.9489170560516,42.012147999912486,1723.8934289998724,327.0
1780244263,500,POST,GraphQL/listar-playlists-musica,65.000000,0.000000,1500,1600,1600,1600,1600,1700,1700,1700,1700,1700,1700,5398,0,1400.0,1123.2156161361613,43.23019799994654,3102.9755600000044,538.0
1780244263,500,POST,GraphQL/listar-playlists-usuario,66.800000,0.000000,1500,1500,1600,1600,1600,1600,1700,1700,1700,1700,1700,5595,0,1300.0,1098.2330537828398,42.250667000189424,1754.8652779998974,739.0
1780244263,500,POST,GraphQL/listar-usuarios,63.400000,0.000000,1500,1500,1500,1600,1600,1600,1600,1600,2900,2900,2900,5776,0,1300.0,1088.0066904648559,3.9442580000468297,3344.848888000115,22017.0
1780244263,500,,Aggregated,326.900000,0.000000,1500,1500,1600,1600,1600,1600,1700,1700,1700,2900,2900,27942,0,1300.0,1099.1043601310541,3.9442580000468297,3344.848888000115,15212.27936439768
1780244264,500,POST,GraphQL/listar-musicas,65.600000,0.000000,1500,1500,1500,1600,1600,1600,1600,1700,1700,1700,1700,5747,0,1300.0,1075.401143099178,8.209844000020894,3121.251732000019,50908.0
1780244264,500,POST,GraphQL/listar-musicas-playlist,66.800000,0.000000,1500,1600,1600,1600,1600,1700,1700,1700,1700,1700,1700,5557,0,1400.0,1123.0599131405438,42.012147999912486,1723.8934289998724,327.0
1780244264,500,POST,GraphQL/listar-playlists-musica,66.100000,0.000000,1500,1600,1600,1600,1600,1700,1700,1700,1700,1700,1700,5454,0,1400.0,1127.9203952557755,43.23019799994654,3102.9755600000044,538.0
1780244264,500,POST,GraphQL/listar-playlists-usuario,66.000000,0.000000,1500,1500,1600,1600,1600,1600,1700,1700,1700,1700,1700,5653,0,1400.0,1102.8666961864478,42.250667000189424,1754.8652779998974,739.0
1780244264,500,POST,GraphQL/listar-usuarios,65.000000,0.000000,1500,1500,1600,1600,1600,1600,1600,1600,2900,2900,2900,5839,0,1300.0,1093.0861615369083,3.9442580000468297,3344.848888000115,22017.0
1780244264,500,,Aggregated,329.500000,0.000000,1500,1600,1600,1600,1600,1600,1700,1700,1700,2900,2900,28250,0,1400.0,1104.0668202900495,3.9442580000468297,3344.848888000115,15223.16803539823
1780244265,500,POST,GraphQL/listar-musicas,65.600000,0.000000,1500,1500,1500,1600,1600,1600,1600,1700,1700,1700,1700,5809,0,1300.0,1079.8711034389694,8.209844000020894,3121.251732000019,50908.0
1780244265,500,POST,GraphQL/listar-musicas-playlist,67.100000,0.000000,1600,1600,1600,1600,1600,1700,1700,1700,1700,1700,1700,5607,0,1400.0,1127.0157796777246,42.012147999912486,1723.8934289998724,327.0
1780244265,500,POST,GraphQL/listar-playlists-musica,65.100000,0.000000,1500,1600,1600,1600,1600,1700,1700,1700,1700,1700,1700,5505,0,1400.0,1131.893789493551,43.23019799994654,3102.9755600000044,538.0
1780244265,500,POST,GraphQL/listar-playlists-usuario,64.900000,0.000000,1500,1600,1600,1600,1600,1600,1700,1700,1700,1700,1700,5714,0,1400.0,1107.5758841022034,42.250667000189424,1754.8652779998974,739.0
1780244265,500,POST,GraphQL/listar-usuarios,66.100000,0.000000,1500,1500,1600,1600,1600,1600,1600,1600,2900,2900,2900,5930,0,1400.0,1099.7008947455327,3.9442580000468297,3344.848888000115,22017.0
1780244265,500,,Aggregated,328.800000,0.000000,1500,1600,1600,1600,1600,1600,1700,1700,1700,2900,2900,28565,0,1400.0,1108.8093448378397,3.9442580000468297,3344.848888000115,15239.041029231577
1780244266,500,POST,GraphQL/listar-musicas,65.700000,0.000000,1500,1500,1600,1600,1600,1600,1600,1700,1700,1700,1700,5880,0,1300.0,1084.915940698295,8.209844000020894,3121.251732000019,50908.0
1780244266,500,POST,GraphQL/listar-musicas-playlist,66.400000,0.000000,1600,1600,1600,1600,1600,1700,1700,1700,1700,1700,1700,5671,0,1400.0,1131.7600227224477,42.012147999912486,1723.8934289998724,327.0
1780244266,500,POST,GraphQL/listar-playlists-musica,66.800000,0.000000,1600,1600,1600,1600,1600,1700,1700,1700,1700,1700,1700,5581,0,1400.0,1137.5905709870985,43.23019799994654,3102.9755600000044,538.0
1780244266,500,POST,GraphQL/listar-playlists-usuario,64.400000,0.000000,1500,1600,1600,1600,1600,1600,1700,1700,1700,1700,1700,5775,0,1400.0,1111.8066240715136,42.250667000189424,1754.8652779998974,739.0
1780244266,500,POST,GraphQL/listar-usuarios,65.200000,0.000000,1500,1500,1600,1600,1600,1600,1600,1600,2900,2900,2900,5988,0,1400.0,1103.5642248657327,3.9442580000468297,3344.848888000115,22017.0
1780244266,500,,Aggregated,328.500000,0.000000,1500,1600,1600,1600,1600,1600,1700,1700,1700,2900,2900,28895,0,1400.0,1113.5226035422347,3.9442580000468297,3344.848888000115,15237.984287939089
1780244267,500,POST,GraphQL/listar-musicas,65.300000,0.000000,1500,1500,1600,1600,1600,1600,1600,1700,1700,1700,1700,5954,0,1400.0,1090.9865014326458,8.209844000020894,3121.251732000019,50908.0
1780244267,500,POST,GraphQL/listar-musicas-playlist,65.100000,0.000000,1600,1600,1600,1600,1600,1700,1700,1700,1700,1700,1700,5740,0,1400.0,1137.7115510437286,42.012147999912486,1723.8934289998724,327.0
1780244267,500,POST,GraphQL/listar-playlists-musica,65.800000,0.000000,1600,1600,1600,1600,1700,1700,1700,1700,1700,1700,1700,5628,0,1400.0,1141.744099725657,43.23019799994654,3102.9755600000044,538.0
1780244267,500,POST,GraphQL/listar-playlists-usuario,63.800000,0.000000,1500,1600,1600,1600,1600,1700,1700,1700,1700,1700,1700,5839,0,1400.0,1117.1268625660207,42.250667000189424,1754.8652779998974,739.0
1780244267,500,POST,GraphQL/listar-usuarios,66.400000,0.000000,1500,1500,1600,1600,1600,1600,1600,1600,1700,1700,1700,6041,0,1400.0,1107.8767430271494,3.9442580000468297,3344.848888000115,22017.0
1780244267,500,,Aggregated,326.400000,0.000000,1500,1600,1600,1600,1600,1700,1700,1700,1700,1700,1700,29202,0,1400.0,1118.6740935869752,3.9442580000468297,3344.848888000115,15250.010067803574
1780244268,500,POST,GraphQL/listar-musicas,64.800000,0.000000,1500,1500,1600,1600,1600,1600,1600,1700,1700,1700,1700,6010,0,1400.0,1095.1578238181319,8.209844000020894,3121.251732000019,50908.0
1780244268,500,POST,GraphQL/listar-musicas-playlist,65.300000,0.000000,1600,1600,1600,1600,1700,1700,1700,1700,1700,1700,1700,5808,0,1400.0,1142.7900459319906,42.012147999912486,1723.8934289998724,327.0
1780244268,500,POST,GraphQL/listar-playlists-musica,64.800000,0.000000,1600,1600,1600,1600,1700,1700,1700,1700,1700,1700,1700,5714,0,1400.0,1148.34571091617,43.23019799994654,3102.9755600000044,538.0
1780244268,500,POST,GraphQL/listar-playlists-usuario,65.600000,0.000000,1500,1600,1600,1600,1600,1700,1700,1700,1800,1800,1800,5929,0,1400.0,1123.761567576656,42.250667000189424,1754.8652779998974,739.0
1780244268,500,POST,GraphQL/listar-usuarios,67.300000,0.000000,1500,1600,1600,1600,1600,1600,1600,1700,1700,1700,1700,6107,0,1400.0,1112.7717958208625,3.9442580000468297,3344.848888000115,22017.0
1780244268,500,,Aggregated,327.800000,0.000000,1500,1600,1600,1600,1600,1700,1700,1700,1700,1800,1800,29568,0,1400.0,1124.1663349342143,3.9442580000468297,3344.848888000115,15211.36965638528
1780244269,500,POST,GraphQL/listar-musicas,66.200000,0.000000,1500,1500,1500,1600,1600,1600,1600,1600,1700,1700,1700,6083,0,1400.0,1099.2505006763067,8.209844000020894,3121.251732000019,50908.0
1780244269,500,POST,GraphQL/listar-musicas-playlist,65.500000,0.000000,1500,1600,1600,1600,1600,1700,1700,1700,1700,1700,1700,5871,0,1400.0,1146.6618229686596,42.012147999912486,1723.8934289998724,327.0
1780244269,500,POST,GraphQL/listar-playlists-musica,64.800000,0.000000,1500,1600,1600,1600,1600,1700,1700,1700,1700,1700,1700,5774,0,1400.0,1152.1128990642526,43.23019799994654,3102.9755600000044,538.0
1780244269,500,POST,GraphQL/listar-playlists-usuario,64.900000,0.000000,1500,1500,1600,1600,1600,1600,1700,1700,1800,1800,1800,5987,0,1400.0,1127.1193771439773,42.250667000189424,1754.8652779998974,739.0
1780244269,500,POST,GraphQL/listar-usuarios,64.800000,0.000000,1500,1500,1600,1600,1600,1600,1600,1700,1700,1700,1700,6170,0,1400.0,1116.3918589696932,3.9442580000468297,3344.848888000115,22017.0
1780244269,500,,Aggregated,326.200000,0.000000,1500,1600,1600,1600,1600,1600,1700,1700,1700,1800,1800,29885,0,1400.0,1127.9000742266637,3.9442580000468297,3344.848888000115,15223.987819976577
1780244270,500,POST,GraphQL/listar-musicas,66.500000,0.000000,1500,1500,1500,1600,1600,1600,1600,1600,1700,1700,1700,6144,0,1400.0,1102.7277765937456,8.209844000020894,3121.251732000019,50908.0
1780244270,500,POST,GraphQL/listar-musicas-playlist,65.900000,0.000000,1500,1600,1600,1600,1600,1600,1700,1700,1700,1700,1700,5955,0,1400.0,1151.5544349410577,42.012147999912486,1723.8934289998724,327.0
1780244270,500,POST,GraphQL/listar-playlists-musica,64.200000,0.000000,1500,1600,1600,1600,1600,1700,1700,1700,1700,1700,1700,5839,0,1400.0,1156.0534314956315,43.23019799994654,3102.9755600000044,538.0
1780244270,500,POST,GraphQL/listar-playlists-usuario,63.400000,0.000000,1500,1500,1600,1600,1600,1600,1700,1700,1800,1800,1800,6056,0,1400.0,1131.1384409711015,42.250667000189424,1754.8652779998974,739.0
1780244270,500,POST,GraphQL/listar-usuarios,64.400000,0.000000,1500,1500,1600,1600,1600,1600,1600,1700,1700,1700,1700,6242,0,1400.0,1120.644741339636,3.9442580000468297,3344.848888000115,22017.0
1780244270,500,,Aggregated,324.400000,0.000000,1500,1500,1600,1600,1600,1600,1700,1700,1700,1800,1800,30236,0,1400.0,1132.0313857630574,3.9442580000468297,3344.848888000115,15206.142247651806
1780244271,500,POST,GraphQL/listar-musicas,65.200000,0.000000,1500,1500,1500,1600,1600,1600,1600,1600,1700,1700,1700,6214,0,1400.0,1106.4509301646237,8.209844000020894,3121.251732000019,50908.0
1780244271,500,POST,GraphQL/listar-musicas-playlist,67.000000,0.000000,1500,1600,1600,1600,1600,1600,1700,1700,1700,1700,1700,6005,0,1400.0,1154.356962674105,42.012147999912486,1723.8934289998724,327.0
1780244271,500,POST,GraphQL/listar-playlists-musica,65.100000,0.000000,1500,1600,1600,1600,1600,1700,1700,1700,1700,1700,1700,5927,0,1400.0,1160.7782828476452,43.23019799994654,3102.9755600000044,538.0
1780244271,500,POST,GraphQL/listar-playlists-usuario,68.000000,0.000000,1500,1500,1600,1600,1600,1600,1700,1700,1800,1800,1800,6106,0,1400.0,1133.7244264177841,42.250667000189424,1754.8652779998974,739.0
1780244271,500,POST,GraphQL/listar-usuarios,63.600000,0.000000,1500,1500,1600,1600,1600,1600,1600,1700,1700,1700,1700,6310,0,1400.0,1124.2700271055478,3.9442580000468297,3344.848888000115,22017.0
1780244271,500,,Aggregated,328.900000,0.000000,1500,1500,1600,1600,1600,1600,1700,1700,1700,1800,1800,30562,0,1400.0,1135.5277057156504,3.9442580000468297,3344.848888000115,15212.822361102022
1780244272,500,POST,GraphQL/listar-musicas,65.200000,0.000000,1500,1500,1500,1600,1600,1600,1600,1600,1700,1700,1700,6275,0,1400.0,1110.3161373515488,8.209844000020894,3121.251732000019,50908.0
1780244272,500,POST,GraphQL/listar-musicas-playlist,66.200000,0.000000,1500,1600,1600,1600,1600,1600,1700,1700,1700,1700,1700,6086,0,1400.0,1159.6782077689782,42.012147999912486,1723.8934289998724,327.0
1780244272,500,POST,GraphQL/listar-playlists-musica,64.900000,0.000000,1500,1600,1600,1600,1600,1700,1700,1700,1700,1700,1700,5989,0,1400.0,1165.0844812965427,43.23019799994654,3102.9755600000044,538.0
1780244272,500,POST,GraphQL/listar-playlists-usuario,65.300000,0.000000,1500,1500,1600,1600,1600,1600,1700,1700,1800,1800,1800,6173,0,1400.0,1138.0816324913312,42.250667000189424,1754.8652779998974,739.0
1780244272,500,POST,GraphQL/listar-usuarios,65.600000,0.000000,1500,1500,1600,1600,1600,1600,1600,1700,1700,1700,1700,6386,0,1400.0,1129.0484504038536,3.9442580000468297,3344.848888000115,22017.0
1780244272,500,,Aggregated,327.200000,0.000000,1500,1600,1600,1600,1600,1600,1700,1700,1700,1800,1800,30909,0,1400.0,1140.0630112425408,3.9442580000468297,3344.848888000115,15200.178362289302
1780244273,500,POST,GraphQL/listar-musicas,64.600000,0.000000,1500,1500,1500,1600,1600,1600,1600,1600,1700,1700,1700,6339,0,1400.0,1114.4466606956878,8.209844000020894,3121.251732000019,50908.0
1780244273,500,POST,GraphQL/listar-musicas-playlist,67.800000,0.000000,1500,1600,1600,1600,1600,1600,1700,1700,1700,1700,1700,6140,0,1400.0,1163.2212535192182,42.012147999912486,1723.8934289998724,327.0
1780244273,500,POST,GraphQL/listar-playlists-musica,65.900000,0.000000,1600,1600,1600,1600,1600,1700,1700,1700,1700,1700,1700,6052,0,1500.0,1169.1214528066748,43.23019799994654,3102.9755600000044,538.0
1780244273,500,POST,GraphQL/listar-playlists-usuario,65.100000,0.000000,1500,1600,1600,1600,1600,1600,1700,1700,1800,1800,1800,6246,0,1400.0,1142.8193180176102,42.250667000189424,1754.8652779998974,739.0
1780244273,500,POST,GraphQL/listar-usuarios,66.000000,0.000000,1500,1500,1600,1600,1600,1600,1600,1700,1700,1700,1700,6453,0,1400.0,1133.1801706496215,3.9442580000468297,3344.848888000115,22017.0
1780244273,500,,Aggregated,329.400000,0.000000,1500,1600,1600,1600,1600,1600,1700,1700,1700,1800,1800,31230,0,1400.0,1144.1767535281358,3.9442580000468297,3344.848888000115,15198.88130003202
1780244274,500,POST,GraphQL/listar-musicas,65.000000,0.000000,1500,1500,1600,1600,1600,1600,1700,1700,1700,1700,1700,6418,0,1400.0,1120.0737077365166,8.209844000020894,3121.251732000019,50908.0
1780244274,500,POST,GraphQL/listar-musicas-playlist,65.600000,0.000000,1500,1600,1600,1600,1600,1700,1700,1700,1800,1800,1800,6200,0,1400.0,1167.6479263137096,42.012147999912486,1763.909116999912,327.0
1780244274,500,POST,GraphQL/listar-playlists-musica,68.000000,0.000000,1600,1600,1600,1600,1600,1700,1700,1700,1700,1700,1700,6105,0,1500.0,1172.9181536183453,43.23019799994654,3102.9755600000044,538.0
1780244274,500,POST,GraphQL/listar-playlists-usuario,64.500000,0.000000,1500,1600,1600,1600,1600,1700,1700,1700,1800,1800,1800,6289,0,1400.0,1145.749856453489,42.250667000189424,1754.8652779998974,739.0
1780244274,500,POST,GraphQL/listar-usuarios,66.700000,0.000000,1500,1500,1600,1600,1600,1600,1700,1700,1700,1700,1700,6504,0,1400.0,1136.4220391100873,3.9442580000468297,3344.848888000115,22017.0
1780244274,500,,Aggregated,329.800000,0.000000,1500,1600,1600,1600,1600,1700,1700,1700,1700,1800,1800,31516,0,1400.0,1148.166814216451,3.9442580000468297,3344.848888000115,15226.728423657825
1780244275,500,POST,GraphQL/listar-musicas,65.000000,0.000000,1500,1500,1600,1600,1600,1600,1700,1700,1700,1700,1700,6483,0,1400.0,1124.74125790004,8.209844000020894,3121.251732000019,50908.0
1780244275,500,POST,GraphQL/listar-musicas-playlist,65.000000,0.000000,1600,1600,1600,1600,1700,1700,1700,1700,1800,1800,1800,6272,0,1400.0,1172.8924935884884,42.012147999912486,1763.909116999912,327.0
1780244275,500,POST,GraphQL/listar-playlists-musica,66.500000,0.000000,1600,1600,1600,1600,1700,1700,1700,1700,1700,1700,1700,6163,0,1500.0,1177.1369130538692,43.23019799994654,3102.9755600000044,538.0
1780244275,500,POST,GraphQL/listar-playlists-usuario,64.900000,0.000000,1500,1600,1600,1600,1600,1700,1700,1700,1800,1800,1800,6360,0,1400.0,1150.9604808907216,42.250667000189424,1754.8652779998974,739.0
1780244275,500,POST,GraphQL/listar-usuarios,67.200000,0.000000,1500,1600,1600,1600,1600,1600,1700,1700,1700,1700,1700,6576,0,1400.0,1141.460740292124,3.9442580000468297,3344.848888000115,22017.0
1780244275,500,,Aggregated,328.600000,0.000000,1500,1600,1600,1600,1600,1700,1700,1700,1700,1800,1800,31854,0,1400.0,1153.0460405766835,3.9442580000468297,3344.848888000115,15222.170967539398
1780244276,500,POST,GraphQL/listar-musicas,65.100000,0.000000,1500,1500,1600,1600,1600,1600,1700,1700,1700,1700,1700,6550,0,1400.0,1127.9800319645735,8.209844000020894,3121.251732000019,50908.0
1780244276,500,POST,GraphQL/listar-musicas-playlist,64.500000,0.000000,1500,1600,1600,1600,1700,1700,1700,1700,1800,1800,1800,6339,0,1400.0,1175.8592375469318,42.012147999912486,1763.909116999912,327.0
1780244276,500,POST,GraphQL/listar-playlists-musica,64.500000,0.000000,1500,1600,1600,1600,1600,1700,1700,1700,1700,1700,1700,6245,0,1500.0,1181.1074449359478,43.23019799994654,3102.9755600000044,538.0
1780244276,500,POST,GraphQL/listar-playlists-usuario,65.800000,0.000000,1500,1600,1600,1600,1600,1700,1700,1700,1800,1800,1800,6452,0,1400.0,1156.0353500853985,42.250667000189424,1754.8652779998974,739.0
1780244276,500,POST,GraphQL/listar-usuarios,67.600000,0.000000,1500,1600,1600,1600,1600,1600,1700,1700,1700,1700,1700,6631,0,1400.0,1144.1131962348074,3.9442580000468297,3344.848888000115,22017.0
1780244276,500,,Aggregated,327.500000,0.000000,1500,1600,1600,1600,1600,1700,1700,1700,1700,1800,1800,32217,0,1400.0,1156.638159753753,3.9442580000468297,3344.848888000115,15198.274761771736
1780244277,500,POST,GraphQL/listar-musicas,67.200000,0.000000,1500,1500,1500,1600,1600,1600,1700,1700,1700,1700,1700,6608,0,1400.0,1130.7024585938186,8.209844000020894,3121.251732000019,50908.0
1780244277,500,POST,GraphQL/listar-musicas-playlist,63.600000,0.000000,1500,1600,1600,1600,1600,1700,1700,1700,1800,1800,1800,6432,0,1400.0,1180.4816627748758,42.012147999912486,1763.909116999912,327.0
1780244277,500,POST,GraphQL/listar-playlists-musica,62.100000,0.000000,1500,1600,1600,1600,1600,1700,1700,1700,1700,1700,1700,6309,0,1500.0,1184.561562523378,43.23019799994654,3102.9755600000044,538.0
1780244277,500,POST,GraphQL/listar-playlists-usuario,66.500000,0.000000,1500,1500,1600,1600,1600,1700,1700,1700,1800,1800,1800,6508,0,1400.0,1158.8140603415786,42.250667000189424,1754.8652779998974,739.0
1780244277,500,POST,GraphQL/listar-usuarios,63.700000,0.000000,1500,1500,1600,1600,1600,1600,1600,1700,1700,1700,1700,6714,0,1400.0,1148.119886536343,3.9442580000468297,3344.848888000115,22017.0
1780244277,500,,Aggregated,323.100000,0.000000,1500,1500,1600,1600,1600,1700,1700,1700,1700,1800,1800,32571,0,1400.0,1160.1724731271263,3.9442580000468297,3344.848888000115,15183.111356728377
1780244278,500,POST,GraphQL/listar-musicas,66.200000,0.000000,1500,1500,1500,1500,1600,1600,1700,1700,1700,1700,1700,6674,0,1400.0,1133.8313111348455,8.209844000020894,3121.251732000019,50908.0
1780244278,500,POST,GraphQL/listar-musicas-playlist,64.700000,0.000000,1500,1600,1600,1600,1600,1700,1700,1700,1800,1800,1800,6489,0,1500.0,1183.2846856851597,42.012147999912486,1763.909116999912,327.0
1780244278,500,POST,GraphQL/listar-playlists-musica,64.600000,0.000000,1500,1600,1600,1600,1600,1700,1700,1700,1700,1700,1700,6373,0,1500.0,1187.6719052916976,43.23019799994654,3102.9755600000044,538.0
1780244278,500,POST,GraphQL/listar-playlists-usuario,66.800000,0.000000,1500,1500,1600,1600,1600,1700,1700,1700,1700,1700,1700,6587,0,1400.0,1162.6278622075286,42.250667000189424,1754.8652779998974,739.0
1780244278,500,POST,GraphQL/listar-usuarios,64.900000,0.000000,1500,1500,1500,1600,1600,1600,1600,1700,1700,1700,1700,6775,0,1400.0,1150.9162289732853,3.9442580000468297,3344.848888000115,22017.0
1780244278,500,,Aggregated,327.200000,0.000000,1500,1500,1600,1600,1600,1700,1700,1700,1700,1800,1800,32898,0,1400.0,1163.300040367305,3.9442580000468297,3344.848888000115,15178.537813848867
1780244279,500,POST,GraphQL/listar-musicas,64.900000,0.000000,1500,1500,1500,1600,1600,1600,1700,1700,1700,1700,1700,6744,0,1400.0,1137.7058125948924,8.209844000020894,3121.251732000019,50908.0
1780244279,500,POST,GraphQL/listar-musicas-playlist,64.700000,0.000000,1500,1600,1600,1600,1600,1700,1700,1700,1800,1800,1800,6543,0,1500.0,1186.2976213143816,42.012147999912486,1763.909116999912,327.0
1780244279,500,POST,GraphQL/listar-playlists-musica,66.800000,0.000000,1500,1600,1600,1600,1600,1700,1700,1700,1700,1700,1700,6451,0,1500.0,1191.8186218964483,43.23019799994654,3102.9755600000044,538.0
1780244279,500,POST,GraphQL/listar-playlists-usuario,67.600000,0.000000,1500,1500,1600,1600,1600,1700,1700,1700,1700,1700,1700,6631,0,1400.0,1165.1276673097561,42.250667000189424,1754.8652779998974,739.0
1780244279,500,POST,GraphQL/listar-usuarios,65.900000,0.000000,1500,1500,1600,1600,1600,1600,1700,1700,1700,1700,1700,6839,0,1400.0,1154.5822191058646,3.9442580000468297,3344.848888000115,22017.0
1780244279,500,,Aggregated,329.900000,0.000000,1500,1500,1600,1600,1600,1700,1700,1700,1700,1800,1800,33208,0,1400.0,1166.743092768296,3.9442580000468297,3344.848888000115,15189.361689954228
1780244280,500,POST,GraphQL/listar-musicas,64.500000,0.000000,1500,1500,1500,1600,1600,1600,1700,1700,1700,1700,1700,6802,0,1400.0,1140.927142536012,8.209844000020894,3121.251732000019,50908.0
1780244280,500,POST,GraphQL/listar-musicas-playlist,67.700000,0.000000,1600,1600,1600,1600,1600,1700,1700,1700,1800,1800,1800,6606,0,1500.0,1190.0731026731753,42.012147999912486,1763.909116999912,327.0
1780244280,500,POST,GraphQL/listar-playlists-musica,67.100000,0.000000,1500,1600,1600,1600,1600,1700,1700,1700,1700,1700,1700,6506,0,1500.0,1195.10227593575,43.23019799994654,3102.9755600000044,538.0
1780244280,500,POST,GraphQL/listar-playlists-usuario,68.100000,0.000000,1500,1600,1600,1600,1600,1700,1700,1700,1700,1700,1700,6712,0,1400.0,1169.7713916984494,42.250667000189424,1754.8652779998974,739.0
1780244280,500,POST,GraphQL/listar-usuarios,66.400000,0.000000,1500,1500,1600,1600,1600,1600,1700,1700,1700,1700,1700,6924,0,1400.0,1159.0637839997123,3.9442580000468297,3344.848888000115,22017.0
1780244280,500,,Aggregated,333.800000,0.000000,1500,1600,1600,1600,1600,1700,1700,1700,1700,1800,1800,33550,0,1400.0,1170.6231883314638,3.9442580000468297,3344.848888000115,15181.594098360656
1780244281,500,POST,GraphQL/listar-musicas,65.300000,0.000000,1500,1500,1500,1600,1600,1600,1700,1700,1700,1700,1700,6873,0,1400.0,1144.4861955739796,8.209844000020894,3121.251732000019,50908.0
1780244281,500,POST,GraphQL/listar-musicas-playlist,66.700000,0.000000,1600,1600,1600,1600,1600,1700,1700,1700,1800,1800,1800,6670,0,1500.0,1193.2630183619187,42.012147999912486,1763.909116999912,327.0
1780244281,500,POST,GraphQL/listar-playlists-musica,67.400000,0.000000,1500,1600,1600,1600,1600,1700,1700,1700,1700,1700,1700,6580,0,1500.0,1198.7579133613963,43.23019799994654,3102.9755600000044,538.0
1780244281,500,POST,GraphQL/listar-playlists-usuario,65.000000,0.000000,1500,1600,1600,1600,1600,1700,1700,1700,1700,1700,1700,6776,0,1400.0,1172.7167964569057,42.250667000189424,1754.8652779998974,739.0
1780244281,500,POST,GraphQL/listar-usuarios,66.200000,0.000000,1500,1500,1500,1600,1600,1600,1700,1700,1700,1700,1700,6984,0,1400.0,1161.8262330780367,3.9442580000468297,3344.848888000115,22017.0
1780244281,500,,Aggregated,330.600000,0.000000,1500,1600,1600,1600,1600,1700,1700,1700,1700,1800,1800,33883,0,1400.0,1173.8473113118876,3.9442580000468297,3344.848888000115,15181.241507540655
1780244282,500,POST,GraphQL/listar-musicas,66.400000,0.000000,1500,1500,1600,1600,1600,1700,1700,1700,1700,1700,1700,6950,0,1400.0,1149.5801276837356,8.209844000020894,3121.251732000019,50908.0
1780244282,500,POST,GraphQL/listar-musicas-playlist,63.400000,0.000000,1600,1600,1600,1600,1700,1700,1700,1700,1800,1800,1800,6731,0,1500.0,1197.5002628012178,42.012147999912486,1763.909116999912,327.0
1780244282,500,POST,GraphQL/listar-playlists-musica,65.300000,0.000000,1600,1600,1600,1600,1600,1700,1700,1700,1700,1700,1700,6620,0,1500.0,1201.4658538409349,43.23019799994654,3102.9755600000044,538.0
1780244282,500,POST,GraphQL/listar-playlists-usuario,65.800000,0.000000,1500,1600,1600,1600,1700,1700,1700,1700,1700,1700,1700,6834,0,1400.0,1176.6904250485795,42.250667000189424,1754.8652779998974,739.0
1780244282,500,POST,GraphQL/listar-usuarios,64.500000,0.000000,1500,1500,1600,1600,1600,1600,1700,1700,1700,1700,1700,7042,0,1400.0,1165.4621940194559,3.9442580000468297,3344.848888000115,22017.0
1780244282,500,,Aggregated,325.400000,0.000000,1500,1600,1600,1600,1600,1700,1700,1700,1700,1800,1800,34177,0,1400.0,1177.7612793343667,3.9442580000468297,3344.848888000115,15205.174152207625
1780244283,500,POST,GraphQL/listar-musicas,65.900000,0.000000,1500,1600,1600,1600,1600,1700,1700,1700,1700,1700,1700,7007,0,1400.0,1152.721247335945,8.209844000020894,3121.251732000019,50908.0
1780244283,500,POST,GraphQL/listar-musicas-playlist,62.900000,0.000000,1600,1600,1600,1600,1700,1700,1700,1700,3000,3000,3000,6795,0,1500.0,1201.1694786603375,42.012147999912486,3016.9820579999396,327.0
1780244283,500,POST,GraphQL/listar-playlists-musica,66.000000,0.000000,1600,1600,1600,1600,1700,1700,1700,1700,1700,1700,1700,6702,0,1500.0,1206.0399918328844,43.23019799994654,3102.9755600000044,538.0
1780244283,500,POST,GraphQL/listar-playlists-usuario,64.700000,0.000000,1500,1600,1600,1600,1700,1700,1700,1700,1700,1700,1700,6924,0,1500.0,1181.7081323113796,42.250667000189424,1754.8652779998974,739.0
1780244283,500,POST,GraphQL/listar-usuarios,66.700000,0.000000,1500,1600,1600,1600,1600,1600,1700,1700,1700,1700,1700,7106,0,1400.0,1168.910715742754,3.9442580000468297,3344.848888000115,22017.0
1780244283,500,,Aggregated,326.200000,0.000000,1500,1600,1600,1600,1600,1700,1700,1700,1700,3000,3000,34534,0,1400.0,1181.744688337163,3.9442580000468297,3344.848888000115,15176.626947356228
1780244284,500,POST,GraphQL/listar-musicas,66.100000,0.000000,1500,1500,1600,1600,1600,1600,1600,1700,1700,1700,1700,7072,0,1400.0,1155.7780197277953,8.209844000020894,3121.251732000019,50908.0
1780244284,500,POST,GraphQL/listar-musicas-playlist,62.900000,0.000000,1500,1600,1600,1600,1600,1700,1700,1700,3000,3000,3000,6864,0,1500.0,1204.2917266043114,42.012147999912486,3016.9820579999396,327.0
1780244284,500,POST,GraphQL/listar-playlists-musica,64.300000,0.000000,1500,1600,1600,1600,1600,1700,1700,1700,1700,1700,1700,6775,0,1500.0,1209.5393263319545,43.23019799994654,3102.9755600000044,538.0
1780244284,500,POST,GraphQL/listar-playlists-usuario,64.400000,0.000000,1500,1600,1600,1600,1600,1700,1700,1700,1700,1700,1700,6981,0,1500.0,1184.4794361367988,42.250667000189424,1754.8652779998974,739.0
1780244284,500,POST,GraphQL/listar-usuarios,65.800000,0.000000,1500,1500,1600,1600,1600,1600,1700,1700,1700,1700,1700,7165,0,1400.0,1171.6991628330784,3.9442580000468297,3344.848888000115,22017.0
1780244284,500,,Aggregated,323.500000,0.000000,1500,1600,1600,1600,1600,1600,1700,1700,1700,3000,3000,34857,0,1400.0,1184.8014731100084,3.9442580000468297,3344.848888000115,15171.174168746593
1780244285,500,POST,GraphQL/listar-musicas,66.400000,0.000000,1500,1500,1500,1600,1600,1600,1600,1700,1700,1700,1700,7132,0,1400.0,1158.4328929263838,8.209844000020894,3121.251732000019,50908.0
1780244285,500,POST,GraphQL/listar-musicas-playlist,66.800000,0.000000,1500,1600,1600,1600,1600,1700,1700,1700,3000,3000,3000,6953,0,1500.0,1208.3463713007322,42.012147999912486,3016.9820579999396,327.0
1780244285,500,POST,GraphQL/listar-playlists-musica,65.800000,0.000000,1500,1600,1600,1600,1600,1700,1700,1700,1700,1700,1700,6840,0,1500.0,1212.3718160918113,43.23019799994654,3102.9755600000044,538.0
1780244285,500,POST,GraphQL/listar-playlists-usuario,65.500000,0.000000,1500,1600,1600,1600,1600,1600,1700,1700,1700,1700,1700,7048,0,1500.0,1187.4775021852997,42.250667000189424,1754.8652779998974,739.0
1780244285,500,POST,GraphQL/listar-usuarios,63.400000,0.000000,1500,1500,1500,1600,1600,1600,1600,1700,1700,1700,1700,7239,0,1400.0,1174.8298198686284,3.9442580000468297,3344.848888000115,22017.0
1780244285,500,,Aggregated,327.900000,0.000000,1500,1600,1600,1600,1600,1600,1700,1700,1700,3000,3000,35212,0,1400.0,1187.951080185833,3.9442580000468297,3344.848888000115,15154.462739975008
1780244286,500,POST,GraphQL/listar-musicas,66.200000,0.000000,1500,1500,1500,1600,1600,1600,1600,1700,1700,1700,1700,7207,0,1400.0,1161.531663513385,8.209844000020894,3121.251732000019,50908.0
1780244286,500,POST,GraphQL/listar-musicas-playlist,64.600000,0.000000,1500,1600,1600,1600,1600,1700,1700,1700,3000,3000,3000,7007,0,1500.0,1210.6217477658045,42.012147999912486,3016.9820579999396,327.0
1780244286,500,POST,GraphQL/listar-playlists-musica,64.400000,0.000000,1500,1600,1600,1600,1600,1700,1700,1700,1700,1700,1700,6915,0,1500.0,1215.4039737362234,43.23019799994654,3102.9755600000044,538.0
1780244286,500,POST,GraphQL/listar-playlists-usuario,66.000000,0.000000,1500,1600,1600,1600,1600,1600,1700,1700,1700,1700,1700,7105,0,1500.0,1189.8875261642493,42.250667000189424,1754.8652779998974,739.0
1780244286,500,POST,GraphQL/listar-usuarios,63.100000,0.000000,1500,1500,1500,1600,1600,1600,1600,1700,1700,1700,1700,7294,0,1400.0,1177.2733846975598,3.9442580000468297,3344.848888000115,22017.0
1780244286,500,,Aggregated,324.300000,0.000000,1500,1600,1600,1600,1600,1600,1700,1700,1700,3000,3000,35528,0,1400.0,1190.6014046752578,3.9442580000468297,3344.848888000115,15164.042670569692
1780244287,500,POST,GraphQL/listar-musicas,65.100000,0.000000,1500,1500,1500,1600,1600,1600,1600,1700,1700,1700,1700,7276,0,1400.0,1164.9224782574167,8.209844000020894,3121.251732000019,50908.0
1780244287,500,POST,GraphQL/listar-musicas-playlist,66.800000,0.000000,1600,1600,1600,1600,1600,1700,1700,1700,3000,3000,3000,7066,0,1500.0,1213.6667894289558,42.012147999912486,3016.9820579999396,327.0
1780244287,500,POST,GraphQL/listar-playlists-musica,66.000000,0.000000,1600,1600,1600,1600,1600,1700,1700,1700,1700,1700,1700,6966,0,1500.0,1217.937403493969,43.23019799994654,3102.9755600000044,538.0
1780244287,500,POST,GraphQL/listar-playlists-usuario,66.200000,0.000000,1500,1600,1600,1600,1600,1600,1700,1700,1700,1700,1700,7165,0,1500.0,1192.9497958495456,42.250667000189424,1754.8652779998974,739.0
1780244287,500,POST,GraphQL/listar-usuarios,64.800000,0.000000,1500,1500,1600,1600,1600,1600,1600,1700,1700,1700,1700,7366,0,1400.0,1180.6792006079284,3.9442580000468297,3344.848888000115,22017.0
1780244287,500,,Aggregated,328.900000,0.000000,1500,1600,1600,1600,1600,1600,1700,1700,1700,3000,3000,35839,0,1500.0,1193.679112631061,3.9442580000468297,3344.848888000115,15177.238622729428
1780244288,500,POST,GraphQL/listar-musicas,65.300000,0.000000,1500,1500,1600,1600,1600,1600,1600,1700,1700,1700,1700,7332,0,1400.0,1167.683581771272,8.209844000020894,3121.251732000019,50908.0
1780244288,500,POST,GraphQL/listar-musicas-playlist,65.900000,0.000000,1600,1600,1600,1600,1600,1700,1700,1700,3000,3000,3000,7120,0,1500.0,1216.3160030365163,42.012147999912486,3016.9820579999396,327.0
1780244288,500,POST,GraphQL/listar-playlists-musica,64.200000,0.000000,1600,1600,1600,1600,1600,1700,1700,1700,1700,1700,1700,7038,0,1500.0,1221.4614856909623,43.23019799994654,3102.9755600000044,538.0
1780244288,500,POST,GraphQL/listar-playlists-usuario,63.400000,0.000000,1500,1600,1600,1600,1600,1600,1700,1700,1700,1700,1700,7232,0,1500.0,1196.2199874416465,42.250667000189424,1754.8652779998974,739.0
1780244288,500,POST,GraphQL/listar-usuarios,64.600000,0.000000,1500,1500,1600,1600,1600,1600,1600,1700,1700,1700,1700,7442,0,1400.0,1184.1480575107503,3.9442580000468297,3344.848888000115,22017.0
1780244288,500,,Aggregated,323.400000,0.000000,1500,1600,1600,1600,1600,1600,1700,1700,1700,3000,3000,36164,0,1500.0,1196.8190657181874,3.9442580000468297,3344.848888000115,15168.872414555912
1780244289,500,POST,GraphQL/listar-musicas,65.200000,0.000000,1500,1500,1600,1600,1600,1600,1700,1700,1700,1700,1700,7407,0,1400.0,1171.9715659011704,8.209844000020894,3121.251732000019,50908.0
1780244289,500,POST,GraphQL/listar-musicas-playlist,66.800000,0.000000,1600,1600,1600,1600,1600,1700,1700,1700,3000,3000,3000,7185,0,1500.0,1219.8844857725812,42.012147999912486,3016.9820579999396,327.0
1780244289,500,POST,GraphQL/listar-playlists-musica,66.200000,0.000000,1600,1600,1600,1600,1600,1700,1700,1700,1700,1700,1700,7098,0,1500.0,1224.8205405479002,43.23019799994654,3102.9755600000044,538.0
1780244289,500,POST,GraphQL/listar-playlists-usuario,63.300000,0.000000,1500,1600,1600,1600,1600,1600,1700,1700,1700,1700,1700,7284,0,1500.0,1199.04626562493,42.250667000189424,1754.8652779998974,739.0
1780244289,500,POST,GraphQL/listar-usuarios,65.200000,0.000000,1500,1500,1600,1600,1600,1600,1700,1700,1700,1700,1700,7499,0,1400.0,1187.1765566360857,3.9442580000468297,3344.848888000115,22017.0
1780244289,500,,Aggregated,326.700000,0.000000,1500,1600,1600,1600,1600,1700,1700,1700,1700,3000,3000,36473,0,1500.0,1200.2283775050164,3.9442580000468297,3344.848888000115,15181.97389850026
1780244290,500,POST,GraphQL/listar-musicas,65.000000,0.000000,1500,1600,1600,1600,1600,1700,1700,1700,1700,1700,1700,7468,0,1400.0,1175.6700320447203,8.209844000020894,3121.251732000019,50908.0
1780244290,500,POST,GraphQL/listar-musicas-playlist,64.700000,0.000000,1600,1600,1600,1600,1700,1700,1700,1800,3000,3000,3000,7275,0,1500.0,1225.1755640419237,42.012147999912486,3016.9820579999396,327.0
1780244290,500,POST,GraphQL/listar-playlists-musica,66.000000,0.000000,1600,1600,1600,1600,1700,1700,1700,1800,1800,1800,1800,7162,0,1500.0,1228.568008464394,43.23019799994654,3102.9755600000044,538.0
1780244290,500,POST,GraphQL/listar-playlists-usuario,64.100000,0.000000,1600,1600,1600,1600,1600,1700,1700,1800,1800,1800,1800,7366,0,1500.0,1203.9623672645916,42.250667000189424,1772.2677790000034,739.0
1780244290,500,POST,GraphQL/listar-usuarios,65.700000,0.000000,1500,1600,1600,1600,1600,1600,1700,1700,1700,1700,1700,7561,0,1400.0,1190.766323470309,3.9442580000468297,3344.848888000115,22017.0
1780244290,500,,Aggregated,325.500000,0.000000,1600,1600,1600,1600,1600,1700,1700,1700,1800,3000,3000,36832,0,1500.0,1204.4915039467444,3.9442580000468297,3344.848888000115,15158.74880538662
1780244291,500,POST,GraphQL/listar-musicas,64.400000,0.000000,1500,1500,1600,1600,1600,1700,1700,1700,1700,1700,1700,7538,0,1400.0,1178.2616241895691,8.209844000020894,3121.251732000019,50908.0
1780244291,500,POST,GraphQL/listar-musicas-playlist,64.700000,0.000000,1600,1600,1600,1600,1700,1700,1700,1800,3000,3000,3000,7325,0,1500.0,1226.6756339355625,42.012147999912486,3016.9820579999396,327.0
1780244291,500,POST,GraphQL/listar-playlists-musica,64.300000,0.000000,1600,1600,1600,1600,1600,1700,1700,1800,1800,1800,1800,7230,0,1500.0,1230.939780242046,43.23019799994654,3102.9755600000044,538.0
1780244291,500,POST,GraphQL/listar-playlists-usuario,64.700000,0.000000,1600,1600,1600,1600,1600,1700,1700,1800,1800,1800,1800,7443,0,1500.0,1206.9760399110544,42.250667000189424,1772.2677790000034,739.0
1780244291,500,POST,GraphQL/listar-usuarios,66.600000,0.000000,1500,1600,1600,1600,1600,1600,1700,1700,1700,1700,1700,7620,0,1400.0,1193.0850077051189,3.9442580000468297,3344.848888000115,22017.0
1780244291,500,,Aggregated,324.700000,0.000000,1500,1600,1600,1600,1600,1700,1700,1700,1800,3000,3000,37156,0,1500.0,1206.8484276197512,3.9442580000468297,3344.848888000115,15160.389600602864
1780244292,500,POST,GraphQL/listar-musicas,65.400000,0.000000,1500,1500,1600,1600,1600,1700,1700,1700,1700,1700,1700,7604,0,1400.0,1180.5746051436047,8.209844000020894,3121.251732000019,50908.0
1780244292,500,POST,GraphQL/listar-musicas-playlist,64.700000,0.000000,1500,1600,1600,1600,1600,1700,1700,1800,1800,1800,1800,7414,0,1500.0,1229.7509294817894,42.012147999912486,3016.9820579999396,327.0
1780244292,500,POST,GraphQL/listar-playlists-musica,64.700000,0.000000,1500,1600,1600,1600,1600,1700,1700,1800,1800,1800,1800,7284,0,1500.0,1232.844499209499,43.23019799994654,3102.9755600000044,538.0
1780244292,500,POST,GraphQL/listar-playlists-usuario,63.300000,0.000000,1500,1600,1600,1600,1600,1700,1700,1800,1800,1800,1800,7507,0,1500.0,1209.2589129413848,42.250667000189424,1772.2677790000034,739.0
1780244292,500,POST,GraphQL/listar-usuarios,64.900000,0.000000,1500,1500,1600,1600,1600,1600,1700,1700,1700,1700,1700,7688,0,1400.0,1195.2907341768994,3.9442580000468297,3344.848888000115,22017.0
1780244292,500,,Aggregated,323.000000,0.000000,1500,1600,1600,1600,1600,1700,1700,1700,1800,1800,1800,37497,0,1500.0,1209.2115061134107,3.9442580000468297,3344.848888000115,15154.864949195935
