Timestamp,User Count,Type,Name,Requests/s,Failures/s,50%,66%,75%,80%,90%,95%,98%,99%,99.9%,99.99%,100%,Total Request Count,Total Failure Count,Total Median Response Time,Total Average Response Time,Total Min Response Time,Total Max Response Time,Total Average Content Size
1780244296,0,,Aggregated,0.000000,0.000000,N/A,N/A,N/A,N/A,N/A,N/A,N/A,N/A,N/A,N/A,N/A,0,0,0,0.0,0,0,0
1780244297,10,POST,SOAP/listar-musicas,0.000000,0.000000,0,0,0,0,0,0,0,0,0,0,0,45,0,44,51.783055644444985,12.122670000053404,131.97233699997923,71703.0
1780244297,10,POST,SOAP/listar-musicas-playlist,0.000000,0.000000,0,0,0,0,0,0,0,0,0,0,0,44,0,49,50.075588522728054,41.38832800003911,88.51430499998969,753.0
1780244297,10,POST,SOAP/listar-playlists-musica,0.000000,0.000000,0,0,0,0,0,0,0,0,0,0,0,43,0,48,55.607270023269955,42.77574899992942,111.82294500008538,1263.0
1780244297,10,POST,SOAP/listar-playlists-usuario,0.000000,0.000000,0,0,0,0,0,0,0,0,0,0,0,44,0,11,15.117390454520319,1.2198940000871517,51.36515599997438,1608.0
1780244297,10,POST,SOAP/listar-usuarios,0.000000,0.000000,0,0,0,0,0,0,0,0,0,0,0,52,0,24,33.95389671151441,5.051567999998952,153.4831189999295,28012.0
1780244297,10,,Aggregated,0.000000,0.000000,0,0,0,0,0,0,0,0,0,0,0,228,0,43,41.032648328939956,1.2198940000871517,153.4831189999295,21234.43859649123
1780244298,20,POST,SOAP/listar-musicas,0.000000,0.000000,82,100,110,120,150,170,210,210,210,210,210,96,0,78,81.16033105208942,12.122670000053404,212.71064799998385,71703.0
1780244298,20,POST,SOAP/listar-musicas-playlist,0.000000,0.000000,53,61,68,73,89,110,130,150,150,150,150,90,0,53,60.56078366667003,41.38832800003911,150.31010000006972,753.0
1780244298,20,POST,SOAP/listar-playlists-musica,0.000000,0.000000,56,65,68,75,95,110,120,130,130,130,130,88,0,56,62.77466480681617,42.77574899992942,131.37619600001926,1263.0
1780244298,20,POST,SOAP/listar-playlists-usuario,0.000000,0.000000,27,36,44,51,72,95,120,130,130,130,130,94,0,23,30.0467122553039,1.2198940000871517,125.1486759999807,1608.0
1780244298,20,POST,SOAP/listar-usuarios,0.000000,0.000000,40,47,69,86,120,280,450,590,590,590,590,105,0,40,64.02839177141384,5.051567999998952,589.8583129999224,28012.0
1780244298,20,,Aggregated,0.000000,0.000000,51,64,76,86,110,130,180,280,590,590,590,473,0,50,59.85920698096775,1.2198940000871517,589.8583129999224,21468.951374207187
1780244299,30,POST,SOAP/listar-musicas,10.000000,0.000000,100,120,130,160,190,220,310,310,330,330,330,152,0,98,105.61661757895541,12.122670000053404,332.5995000000148,71703.0
1780244299,30,POST,SOAP/listar-musicas-playlist,6.000000,0.000000,61,74,88,94,130,150,190,260,290,290,290,139,0,61,74.62333485611727,41.38832800003911,293.3859099998699,753.0
1780244299,30,POST,SOAP/listar-playlists-musica,1.000000,0.000000,64,72,84,95,110,140,170,170,240,240,240,136,0,62,72.29941491176567,42.77574899992942,242.14971900005366,1263.0
1780244299,30,POST,SOAP/listar-playlists-usuario,10.000000,0.000000,34,48,60,72,110,130,160,200,210,210,210,147,0,32,43.3752122448962,1.2198940000871517,205.40432999996483,1608.0
1780244299,30,POST,SOAP/listar-usuarios,10.000000,0.000000,49,79,96,110,150,350,620,710,800,800,800,162,0,49,90.40018101851038,5.051567999998952,798.0006370000865,28012.0
1780244299,30,,Aggregated,37.000000,0.000000,60,83,100,110,140,190,290,450,800,800,800,736,0,59,77.82618936141317,1.2198940000871517,798.0006370000865,21670.667119565216
1780244300,40,POST,SOAP/listar-musicas,28.000000,0.000000,110,150,180,190,230,300,330,510,560,560,560,203,0,110.0,128.65909745320712,12.122670000053404,555.3555149999738,71703.0
1780244300,40,POST,SOAP/listar-musicas-playlist,26.500000,0.000000,71,88,110,130,180,220,260,370,400,400,400,191,0,69,90.86416066492563,41.38832800003911,395.8627659999365,753.0
1780244300,40,POST,SOAP/listar-playlists-musica,25.000000,0.000000,68,81,96,100,120,170,250,290,310,310,310,183,0,68,81.38912144262517,42.77574899992942,313.30204500000036,1263.0
1780244300,40,POST,SOAP/listar-playlists-usuario,27.500000,0.000000,38,60,77,96,120,160,230,280,420,420,420,201,0,37,53.77161299502947,1.2198940000871517,423.22492600010264,1608.0
1780244300,40,POST,SOAP/listar-usuarios,30.500000,0.000000,60,89,110,130,210,480,700,800,960,960,960,218,0,59,106.694528077979,5.051567999998952,964.994501000092,28012.0
1780244300,40,,Aggregated,137.500000,0.000000,70,95,110,130,190,250,330,540,960,960,960,996,0,68,92.80578516767338,1.2198940000871517,964.994501000092,21446.270080321287
1780244301,50,POST,SOAP/listar-musicas,36.000000,0.000000,140,190,220,240,310,360,450,560,700,700,700,260,0,130.0,159.47274981923647,12.122670000053404,704.297108999981,71703.0
1780244301,50,POST,SOAP/listar-musicas-playlist,33.666667,0.000000,76,100,130,140,200,250,350,380,400,400,400,246,0,75,100.43153821138232,41.38832800003911,395.8627659999365,753.0
1780244301,50,POST,SOAP/listar-playlists-musica,31.666667,0.000000,71,89,100,110,160,220,260,300,340,340,340,236,0,71,88.52977177542319,42.77574899992942,339.4843300000048,1263.0
1780244301,50,POST,SOAP/listar-playlists-usuario,34.333333,0.000000,41,71,94,110,150,200,270,290,430,430,430,254,0,39,62.672295842520455,1.2198940000871517,433.43763300003957,1608.0
1780244301,50,POST,SOAP/listar-usuarios,38.000000,0.000000,76,100,120,140,240,490,900,1000,1600,1600,1600,272,0,76,124.12327582720282,5.051567999998952,1550.1333380000233,28012.0
1780244301,50,,Aggregated,173.666667,0.000000,78,110,130,150,220,290,410,590,1200,1600,1600,1268,0,76,107.84100446451174,1.2198940000871517,1550.1333380000233,21414.65457413249
1780244302,50,POST,SOAP/listar-musicas,40.500000,0.000000,160,210,240,280,360,430,590,610,770,770,770,311,0,150.0,182.412444868175,12.122670000053404,769.0987529999802,71703.0
1780244302,50,POST,SOAP/listar-musicas-playlist,37.000000,0.000000,83,110,140,160,210,260,370,400,520,520,520,299,0,83,109.41150173912655,41.38832800003911,515.6467780000185,753.0
1780244302,50,POST,SOAP/listar-playlists-musica,36.000000,0.000000,74,98,110,130,210,270,330,360,770,770,770,291,0,73,102.21623597251127,42.77574899992942,772.7159360001679,1263.0
1780244302,50,POST,SOAP/listar-playlists-usuario,39.500000,0.000000,50,80,99,110,160,210,270,310,430,430,430,308,0,48,68.56283401298714,1.2198940000871517,433.43763300003957,1608.0
1780244302,50,POST,SOAP/listar-usuarios,42.750000,0.000000,82,110,130,150,270,620,1000,1400,1800,1800,1800,327,0,82,143.65616883485836,5.051567999998952,1792.103048999934,28012.0
1780244302,50,,Aggregated,195.750000,0.000000,85,120,150,170,250,330,510,710,1600,1800,1800,1536,0,83,121.92848575976633,1.2198940000871517,1792.103048999934,21189.779296875
1780244303,50,POST,SOAP/listar-musicas,42.600000,0.000000,170,230,280,300,370,450,590,680,770,770,770,364,0,170.0,195.35494201099837,12.122670000053404,769.0987529999802,71703.0
1780244303,50,POST,SOAP/listar-musicas-playlist,40.400000,0.000000,88,130,150,170,230,260,350,390,520,520,520,352,0,84,114.8278587102238,41.38832800003911,515.6467780000185,753.0
1780244303,50,POST,SOAP/listar-playlists-musica,38.800000,0.000000,79,110,140,160,240,300,360,390,770,770,770,345,0,79,114.12162047246542,42.77574899992942,772.7159360001679,1263.0
1780244303,50,POST,SOAP/listar-playlists-usuario,41.600000,0.000000,55,86,110,120,170,220,280,330,430,430,430,362,0,51,74.3796811049723,1.2198940000871517,433.43763300003957,1608.0
1780244303,50,POST,SOAP/listar-usuarios,44.400000,0.000000,85,110,140,180,330,700,1400,2300,2900,2900,2900,380,0,85,170.9201787394699,5.051567999998952,2859.197621000021,28012.0
1780244303,50,,Aggregated,207.800000,0.000000,90,130,160,190,280,360,530,770,2700,2900,2900,1803,0,89,134.65095768275182,1.2198940000871517,2859.197621000021,21091.147531891293
1780244304,50,POST,SOAP/listar-musicas,44.500000,0.000000,190,250,300,320,430,550,610,690,770,770,770,421,0,180.0,217.06759260095794,12.122670000053404,771.3087770000584,71703.0
1780244304,50,POST,SOAP/listar-musicas-playlist,42.833333,0.000000,90,130,160,180,240,280,350,400,520,520,520,406,0,89,119.98898718965282,41.38832800003911,515.6467780000185,753.0
1780244304,50,POST,SOAP/listar-playlists-musica,41.333333,0.000000,87,120,140,160,250,310,390,480,770,770,770,393,0,86,119.86049673282608,42.77574899992942,772.7159360001679,1263.0
1780244304,50,POST,SOAP/listar-playlists-usuario,44.000000,0.000000,57,91,110,130,180,230,310,360,620,620,620,419,0,55,79.7073021503555,1.2198940000871517,620.7619619999605,1608.0
1780244304,50,POST,SOAP/listar-usuarios,47.333333,0.000000,91,130,160,200,340,610,1200,1800,2900,2900,2900,433,0,91,173.2434387759778,5.051567999998952,2859.197621000021,28012.0
1780244304,50,,Aggregated,220.000000,0.000000,97,140,180,210,300,390,580,700,2600,2900,2900,2072,0,95,142.6727457002897,1.2198940000871517,2859.197621000021,21135.129343629345
1780244305,50,POST,SOAP/listar-musicas,45.714286,0.000000,200,270,310,340,440,540,610,690,770,770,770,474,0,200.0,226.55195380591437,12.122670000053404,771.3087770000584,71703.0
1780244305,50,POST,SOAP/listar-musicas-playlist,43.571429,0.000000,100,140,170,190,250,310,390,450,580,580,580,458,0,100.0,128.30180928384135,41.38832800003911,576.4479979998214,753.0
1780244305,50,POST,SOAP/listar-playlists-musica,42.428571,0.000000,88,120,150,170,260,310,410,480,770,770,770,447,0,88,123.54887181208203,42.77574899992942,772.7159360001679,1263.0
1780244305,50,POST,SOAP/listar-playlists-usuario,44.714286,0.000000,60,96,120,130,180,240,310,360,620,620,620,465,0,57,83.05612936988965,1.2198940000871517,620.7619619999605,1608.0
1780244305,50,POST,SOAP/listar-usuarios,47.571429,0.000000,93,130,170,210,350,610,1100,1800,2900,2900,2900,488,0,92,171.5040395307363,5.051567999998952,2859.197621000021,28012.0
1780244305,50,,Aggregated,224.000000,0.000000,100,150,190,220,310,400,580,700,2600,2900,2900,2332,0,100.0,147.37961916981178,1.2198940000871517,2859.197621000021,21146.755145797597
1780244306,50,POST,SOAP/listar-musicas,46.125000,0.000000,210,280,320,360,450,560,620,690,770,770,770,525,0,210.0,234.81791136762592,12.122670000053404,771.3087770000584,71703.0
1780244306,50,POST,SOAP/listar-musicas-playlist,44.750000,0.000000,100,140,170,190,250,310,400,440,580,580,580,509,0,100.0,130.062649021611,41.38832800003911,576.4479979998214,753.0
1780244306,50,POST,SOAP/listar-playlists-musica,43.625000,0.000000,92,120,150,180,260,320,430,500,770,770,770,500,0,92,126.59573731400104,42.77574899992942,772.7159360001679,1263.0
1780244306,50,POST,SOAP/listar-playlists-usuario,45.500000,0.000000,65,100,130,150,210,260,340,420,730,730,730,518,0,60,89.01378055405061,1.2198940000871517,726.6173319999325,1608.0
1780244306,50,POST,SOAP/listar-usuarios,48.250000,0.000000,95,130,180,220,350,540,1000,1600,2900,2900,2900,545,0,95,170.16915223669773,5.051567999998952,2859.197621000021,28012.0
1780244306,50,,Aggregated,228.250000,0.000000,100,150,200,230,320,420,580,700,2600,2900,2900,2597,0,100.0,150.80111157990083,1.2198940000871517,2859.197621000021,21085.227570273393
1780244307,50,POST,SOAP/listar-musicas,47.333333,0.000000,230,300,340,370,490,580,650,700,800,800,800,581,0,220.0,243.92640135973187,12.122670000053404,799.743332999924,71703.0
1780244307,50,POST,SOAP/listar-musicas-playlist,45.777778,0.000000,110,150,180,200,260,340,400,470,580,580,580,561,0,100.0,132.97957599821726,41.38832800003911,576.4479979998214,753.0
1780244307,50,POST,SOAP/listar-playlists-musica,45.000000,0.000000,100,140,180,210,280,350,480,540,820,820,820,556,0,96,133.76275205216194,42.77574899992942,821.7318130000422,1263.0
1780244307,50,POST,SOAP/listar-playlists-usuario,46.888889,0.000000,73,110,140,160,220,280,350,420,730,730,730,571,0,65,91.99541222941856,1.2198940000871517,726.6173319999325,1608.0
1780244307,50,POST,SOAP/listar-usuarios,49.333333,0.000000,100,150,200,230,350,540,1000,1600,2900,2900,2900,599,0,96,167.7121211736232,5.051567999998952,2859.197621000021,28012.0
1780244307,50,,Aggregated,234.333333,0.000000,120,170,220,250,340,440,590,700,2600,2900,2900,2868,0,110.0,154.70146876987604,1.2198940000871517,2859.197621000021,21088.375174337518
1780244308,50,POST,SOAP/listar-musicas,47.900000,0.000000,260,320,370,390,500,580,660,700,800,800,800,633,0,220.0,248.00828115324595,12.122670000053404,799.743332999924,71703.0
1780244308,50,POST,SOAP/listar-musicas-playlist,46.300000,0.000000,120,160,200,220,300,370,450,510,660,660,660,617,0,100.0,137.9342965899519,41.38832800003911,659.038677000126,753.0
1780244308,50,POST,SOAP/listar-playlists-musica,45.500000,0.000000,110,150,190,220,280,360,500,570,820,820,820,615,0,97,135.2083067333375,42.77574899992942,821.7318130000422,1263.0
1780244308,50,POST,SOAP/listar-playlists-usuario,47.200000,0.000000,83,120,150,170,230,300,370,430,730,730,730,623,0,65,94.07928831460434,1.2198940000871517,726.6173319999325,1608.0
1780244308,50,POST,SOAP/listar-usuarios,49.400000,0.000000,110,160,200,240,350,520,1000,1600,2900,2900,2900,652,0,98,164.4979833634973,5.051567999998952,2859.197621000021,28012.0
1780244308,50,,Aggregated,236.300000,0.000000,130,180,230,260,350,450,600,710,2600,2900,2900,3140,0,110.0,156.40506158598913,1.2198940000871517,2859.197621000021,20985.65382165605
1780244309,50,POST,SOAP/listar-musicas,52.300000,0.000000,280,340,380,420,520,610,700,770,1100,1100,1100,682,0,230.0,256.2371567228796,12.122670000053404,1059.949134999897,71703.0
1780244309,50,POST,SOAP/listar-musicas-playlist,51.100000,0.000000,130,180,210,240,310,380,480,530,830,830,830,673,0,110.0,142.29552805795026,41.38832800003911,828.9558049998504,753.0
1780244309,50,POST,SOAP/listar-playlists-musica,50.600000,0.000000,120,160,200,230,290,370,500,600,820,820,820,664,0,99,136.23416553916041,42.77574899992942,821.7318130000422,1263.0
1780244309,50,POST,SOAP/listar-playlists-usuario,51.800000,0.000000,85,130,160,180,240,310,370,460,730,730,730,676,0,69,96.95735457100129,1.2198940000871517,726.6173319999325,1608.0
1780244309,50,POST,SOAP/listar-usuarios,53.900000,0.000000,110,160,210,240,350,490,1000,1600,2900,2900,2900,707,0,100.0,163.59981917963106,5.051567999998952,2859.197621000021,28012.0
1780244309,50,,Aggregated,259.700000,0.000000,140,200,240,270,370,480,610,760,2600,2900,2900,3402,0,110.0,159.37282805291088,1.2198940000871517,2859.197621000021,20910.740446796004
1780244310,50,POST,SOAP/listar-musicas,53.100000,0.000000,290,360,400,440,540,620,750,880,1200,1200,1200,738,0,240.0,265.4043172208724,12.122670000053404,1181.4178370000263,71703.0
1780244310,50,POST,SOAP/listar-musicas-playlist,51.500000,0.000000,130,170,210,240,320,380,480,530,830,830,830,727,0,110.0,142.37326442365926,41.38832800003911,828.9558049998504,753.0
1780244310,50,POST,SOAP/listar-playlists-musica,50.700000,0.000000,120,160,200,230,300,380,510,600,820,820,820,718,0,99,137.2808719554337,42.77574899992942,821.7318130000422,1263.0
1780244310,50,POST,SOAP/listar-playlists-usuario,52.300000,0.000000,90,130,170,180,240,310,420,510,730,730,730,735,0,71,98.98568424081124,1.2198940000871517,726.6173319999325,1608.0
1780244310,50,POST,SOAP/listar-usuarios,54.300000,0.000000,120,170,220,240,350,480,1000,1600,2900,2900,2900,759,0,100.0,163.70497412779835,5.051567999998952,2859.197621000021,28012.0
1780244310,50,,Aggregated,261.900000,0.000000,140,200,250,280,380,490,620,760,2600,2900,2900,3677,0,110.0,161.80254791650833,1.2198940000871517,2859.197621000021,20890.418003807452
1780244311,50,POST,SOAP/listar-musicas,52.800000,0.000000,300,370,410,450,550,630,770,880,1200,1200,1200,796,0,240.0,269.6092358844266,12.122670000053404,1181.4178370000263,71703.0
1780244311,50,POST,SOAP/listar-musicas-playlist,51.700000,0.000000,130,180,220,240,330,390,510,580,830,830,830,781,0,110.0,144.62462970550533,41.38832800003911,828.9558049998504,753.0
1780244311,50,POST,SOAP/listar-playlists-musica,52.000000,0.000000,120,160,210,240,300,390,540,600,820,820,820,771,0,100,138.43301422697957,42.77574899992942,821.7318130000422,1263.0
1780244311,50,POST,SOAP/listar-playlists-usuario,52.700000,0.000000,90,130,170,190,260,330,430,530,730,730,730,792,0,71,100.44248302145964,1.2198940000871517,726.6173319999325,1608.0
1780244311,50,POST,SOAP/listar-usuarios,54.500000,0.000000,130,180,220,250,350,450,650,1600,2900,2900,2900,811,0,100.0,162.6048050579516,5.051567999998952,2859.197621000021,28012.0
1780244311,50,,Aggregated,263.700000,0.000000,140,210,260,290,390,500,610,730,2600,2900,2900,3951,0,110.0,163.43092507922046,1.2198940000871517,2859.197621000021,20913.36927360162
1780244312,50,POST,SOAP/listar-musicas,52.400000,0.000000,310,380,430,460,580,640,770,880,1200,1200,1200,848,0,250.0,277.0704073113234,12.122670000053404,1181.4178370000263,71703.0
1780244312,50,POST,SOAP/listar-musicas-playlist,52.600000,0.000000,130,180,210,240,330,390,510,590,830,830,830,833,0,110.0,145.10201651380427,41.38832800003911,828.9558049998504,753.0
1780244312,50,POST,SOAP/listar-playlists-musica,52.300000,0.000000,120,160,200,230,300,400,540,600,820,820,820,825,0,100,138.7908082448502,42.77574899992942,821.7318130000422,1263.0
1780244312,50,POST,SOAP/listar-playlists-usuario,52.100000,0.000000,90,140,170,190,260,340,480,530,730,730,730,842,0,71,100.78853039310832,1.2198940000871517,726.6173319999325,1608.0
1780244312,50,POST,SOAP/listar-usuarios,53.800000,0.000000,130,180,220,260,350,440,610,660,2900,2900,2900,863,0,100.0,163.62198344959288,5.051567999998952,2859.197621000021,28012.0
1780244312,50,,Aggregated,263.200000,0.000000,140,210,260,290,400,500,620,720,2600,2900,2900,4211,0,110.0,165.3758765770599,1.2198940000871517,2859.197621000021,20898.043220137733
1780244313,50,POST,SOAP/listar-musicas,52.900000,0.000000,300,380,430,460,570,640,800,890,1200,1200,1200,912,0,250.0,277.52208566447615,12.122670000053404,1181.4178370000263,71703.0
1780244313,50,POST,SOAP/listar-musicas-playlist,52.800000,0.000000,140,190,220,240,340,400,510,590,830,830,830,891,0,110.0,148.44662575869611,41.38832800003911,828.9558049998504,753.0
1780244313,50,POST,SOAP/listar-playlists-musica,52.800000,0.000000,120,160,200,220,290,380,540,570,820,820,820,872,0,100,140.0726055848639,42.77574899992942,821.7318130000422,1263.0
1780244313,50,POST,SOAP/listar-playlists-usuario,52.700000,0.000000,96,140,170,190,260,330,480,530,730,730,730,909,0,76,103.32163719251648,1.2198940000871517,726.6173319999325,1608.0
1780244313,50,POST,SOAP/listar-usuarios,54.000000,0.000000,130,180,220,250,330,420,510,610,730,730,730,917,0,100.0,163.56258395201533,5.051567999998952,2859.197621000021,28012.0
1780244313,50,,Aggregated,265.200000,0.000000,150,210,260,290,390,500,610,690,990,1200,1200,4501,0,120.0,166.94415806243006,1.2198940000871517,2859.197621000021,20954.025994223506
1780244314,50,POST,SOAP/listar-musicas,53.100000,0.000000,290,360,400,430,540,640,800,890,1200,1200,1200,965,0,250.0,274.5570712994839,12.122670000053404,1181.4178370000263,71703.0
1780244314,50,POST,SOAP/listar-musicas-playlist,53.000000,0.000000,140,190,230,260,340,400,490,590,830,830,830,946,0,120.0,150.74591876321227,41.38832800003911,828.9558049998504,753.0
1780244314,50,POST,SOAP/listar-playlists-musica,52.600000,0.000000,130,160,200,220,290,360,540,570,820,820,820,927,0,110.0,141.6840131326876,42.77574899992942,821.7318130000422,1263.0
1780244314,50,POST,SOAP/listar-playlists-usuario,53.100000,0.000000,100,150,190,210,270,310,460,510,730,730,730,963,0,81,107.48945808930178,1.2198940000871517,726.6173319999325,1608.0
1780244314,50,POST,SOAP/listar-usuarios,52.900000,0.000000,130,180,220,250,320,400,490,610,730,730,730,970,0,110.0,164.4894957092783,5.051567999998952,2859.197621000021,28012.0
1780244314,50,,Aggregated,264.700000,0.000000,150,210,260,290,380,480,600,690,990,1200,1200,4771,0,120.0,168.09085141605541,1.2198940000871517,2859.197621000021,20917.350241039614
1780244315,50,POST,SOAP/listar-musicas,53.100000,0.000000,280,340,390,420,530,630,800,890,1200,1200,1200,1019,0,250.0,271.69241074681304,12.122670000053404,1181.4178370000263,71703.0
1780244315,50,POST,SOAP/listar-musicas-playlist,53.200000,0.000000,130,190,230,250,330,380,480,590,830,830,830,1012,0,120.0,151.58011334189564,41.38832800003911,828.9558049998504,753.0
1780244315,50,POST,SOAP/listar-playlists-musica,53.200000,0.000000,120,160,190,220,290,340,520,570,820,820,820,988,0,110.0,141.93216887348325,42.77574899992942,821.7318130000422,1263.0
1780244315,50,POST,SOAP/listar-playlists-usuario,53.100000,0.000000,110,160,200,220,280,310,460,510,730,730,730,1018,0,85,111.39281844891661,1.2198940000871517,726.6173319999325,1608.0
1780244315,50,POST,SOAP/listar-usuarios,53.400000,0.000000,130,190,220,250,310,380,480,570,660,660,660,1024,0,110.0,164.45544979101598,5.051567999998952,2859.197621000021,28012.0
1780244315,50,,Aggregated,266.000000,0.000000,150,210,250,280,360,470,590,670,990,1200,1200,5061,0,120.0,168.40207347698092,1.2198940000871517,2859.197621000021,20825.226042284132
1780244316,50,POST,SOAP/listar-musicas,54.500000,0.000000,280,320,370,400,510,610,800,890,1200,1200,1200,1074,0,250.0,269.1135336862223,12.122670000053404,1181.4178370000263,71703.0
1780244316,50,POST,SOAP/listar-musicas-playlist,53.700000,0.000000,130,190,230,250,330,370,470,590,830,830,830,1068,0,120.0,152.3697890749039,41.38832800003911,828.9558049998504,753.0
1780244316,50,POST,SOAP/listar-playlists-musica,52.900000,0.000000,120,150,190,210,280,320,520,570,820,820,820,1052,0,110.0,141.543790103614,42.77574899992942,821.7318130000422,1263.0
1780244316,50,POST,SOAP/listar-playlists-usuario,54.800000,0.000000,120,170,210,230,280,310,420,480,690,690,690,1071,0,89,115.37615194304044,1.2198940000871517,726.6173319999325,1608.0
1780244316,50,POST,SOAP/listar-usuarios,53.200000,0.000000,130,180,220,250,300,360,480,510,650,650,650,1084,0,110.0,163.97527715867298,5.051567999998952,2859.197621000021,28012.0
1780244316,50,,Aggregated,269.100000,0.000000,150,210,250,280,340,440,580,660,990,1200,1200,5349,0,130.0,168.62591068816596,1.2198940000871517,2859.197621000021,20794.36866704057
1780244317,50,POST,SOAP/listar-musicas,54.000000,0.000000,280,320,350,390,500,600,750,890,1200,1200,1200,1128,0,250.0,267.31996551241343,12.122670000053404,1181.4178370000263,71703.0
1780244317,50,POST,SOAP/listar-musicas-playlist,54.600000,0.000000,130,190,230,250,330,360,470,590,830,830,830,1122,0,120.0,153.25901745721737,41.38832800003911,828.9558049998504,753.0
1780244317,50,POST,SOAP/listar-playlists-musica,52.400000,0.000000,120,140,170,200,270,320,370,540,800,800,800,1117,0,110.0,140.90785070814897,42.77574899992942,821.7318130000422,1263.0
1780244317,50,POST,SOAP/listar-playlists-usuario,54.100000,0.000000,130,180,220,240,280,300,420,480,690,690,690,1124,0,92,118.90870707384117,1.2198940000871517,726.6173319999325,1608.0
1780244317,50,POST,SOAP/listar-usuarios,52.600000,0.000000,140,180,220,250,300,340,450,510,650,650,650,1140,0,110.0,163.83202834035237,5.051567999998952,2859.197621000021,28012.0
1780244317,50,,Aggregated,267.700000,0.000000,150,210,250,280,330,420,560,650,990,1200,1200,5631,0,130.0,168.94148587906278,1.2198940000871517,2859.197621000021,20756.116675546084
1780244319,50,POST,SOAP/listar-musicas,54.100000,0.000000,280,310,340,370,450,560,690,870,1200,1200,1200,1183,0,250.0,267.1192948977189,12.122670000053404,1181.4178370000263,71703.0
1780244319,50,POST,SOAP/listar-musicas-playlist,55.100000,0.000000,130,170,220,240,320,350,410,470,710,710,710,1175,0,120.0,153.22803739744495,41.38832800003911,828.9558049998504,753.0
1780244319,50,POST,SOAP/listar-playlists-musica,54.700000,0.000000,120,140,160,200,270,320,360,490,640,640,640,1171,0,110.0,140.03404039880655,42.77574899992942,821.7318130000422,1263.0
1780244319,50,POST,SOAP/listar-playlists-usuario,54.300000,0.000000,140,190,240,260,290,320,390,480,690,690,690,1178,0,95,122.74029688454738,1.2198940000871517,726.6173319999325,1608.0
1780244319,50,POST,SOAP/listar-usuarios,53.700000,0.000000,140,180,220,250,290,340,430,570,650,650,650,1202,0,110.0,162.91579138103333,5.051567999998952,2859.197621000021,28012.0
1780244319,50,,Aggregated,271.900000,0.000000,150,210,250,280,330,390,510,600,900,1200,1200,5909,0,130.0,169.30746015958735,1.2198940000871517,2859.197621000021,20773.91182941276
1780244320,50,POST,SOAP/listar-musicas,54.100000,0.000000,270,310,330,360,410,530,610,700,930,930,930,1237,0,250.0,267.2309558577207,12.122670000053404,1181.4178370000263,71703.0
1780244320,50,POST,SOAP/listar-musicas-playlist,55.400000,0.000000,130,170,230,250,320,350,410,480,710,710,710,1228,0,120.0,153.31549991856514,41.38832800003911,828.9558049998504,753.0
1780244320,50,POST,SOAP/listar-playlists-musica,56.000000,0.000000,110,140,160,190,260,310,360,380,640,640,640,1225,0,110.0,138.87037352490032,42.77574899992942,821.7318130000422,1263.0
1780244320,50,POST,SOAP/listar-playlists-usuario,54.600000,0.000000,160,220,250,270,300,340,390,480,690,690,690,1229,0,97,126.64546889340684,1.2198940000871517,726.6173319999325,1608.0
1780244320,50,POST,SOAP/listar-usuarios,53.600000,0.000000,150,190,220,240,290,330,380,430,630,630,630,1261,0,120.0,163.21486592069957,5.051567999998952,2859.197621000021,28012.0
1780244320,50,,Aggregated,273.700000,0.000000,150,210,250,280,330,380,480,570,850,930,930,6180,0,130.0,169.9698318867317,1.2198940000871517,2859.197621000021,20787.675404530743
1780244321,50,POST,SOAP/listar-musicas,54.500000,0.000000,270,310,330,360,400,450,610,690,930,930,930,1290,0,260.0,267.5787981674422,12.122670000053404,1181.4178370000263,71703.0
1780244321,50,POST,SOAP/listar-musicas-playlist,55.700000,0.000000,120,170,220,240,320,360,410,440,660,660,660,1280,0,120.0,153.26725795546713,41.38832800003911,828.9558049998504,753.0
1780244321,50,POST,SOAP/listar-playlists-musica,55.600000,0.000000,110,130,150,180,250,310,340,370,640,640,640,1278,0,100,137.3950428888914,42.77574899992942,821.7318130000422,1263.0
1780244321,50,POST,SOAP/listar-playlists-usuario,54.800000,0.000000,170,230,260,280,310,340,370,390,500,500,500,1282,0,100,130.13193914274373,1.2198940000871517,726.6173319999325,1608.0
1780244321,50,POST,SOAP/listar-usuarios,54.200000,0.000000,160,200,230,240,290,330,380,420,610,610,610,1325,0,120.0,163.98899364603886,5.051567999998952,2859.197621000021,28012.0
1780244321,50,,Aggregated,274.800000,0.000000,150,220,260,280,330,370,420,500,730,930,930,6455,0,130.0,170.57539383315313,1.2198940000871517,2859.197621000021,20798.168861347793
1780244322,50,POST,SOAP/listar-musicas,55.000000,0.000000,270,300,330,340,390,420,460,540,620,620,620,1349,0,260.0,268.5838157635294,12.122670000053404,1181.4178370000263,71703.0
1780244322,50,POST,SOAP/listar-musicas-playlist,55.400000,0.000000,120,160,220,240,320,360,430,440,470,470,470,1332,0,120.0,152.56641601726568,41.38832800003911,828.9558049998504,753.0
1780244322,50,POST,SOAP/listar-playlists-musica,55.800000,0.000000,100,120,140,150,240,310,330,360,390,390,390,1330,0,100,135.51967759549186,42.77574899992942,821.7318130000422,1263.0
1780244322,50,POST,SOAP/listar-playlists-usuario,55.000000,0.000000,190,250,270,280,330,360,390,410,420,420,420,1335,0,100,133.83025915430576,1.2198940000871517,726.6173319999325,1608.0
1780244322,50,POST,SOAP/listar-usuarios,54.600000,0.000000,160,190,230,240,280,310,360,380,490,490,490,1377,0,120.0,163.52950422803266,5.051567999998952,2859.197621000021,28012.0
1780244322,50,,Aggregated,275.800000,0.000000,150,220,260,280,330,370,410,440,560,620,620,6723,0,130.0,170.9984721247965,1.2198940000871517,2859.197621000021,20843.274877286927
1780244323,50,POST,SOAP/listar-musicas,54.700000,0.000000,280,310,330,350,390,410,430,440,500,500,500,1406,0,260.0,269.69407260953153,12.122670000053404,1181.4178370000263,71703.0
1780244323,50,POST,SOAP/listar-musicas-playlist,55.000000,0.000000,120,130,190,250,330,360,430,440,470,470,470,1384,0,120.0,151.93141977528848,41.38832800003911,828.9558049998504,753.0
1780244323,50,POST,SOAP/listar-playlists-musica,55.600000,0.000000,99,120,130,140,220,310,340,370,400,400,400,1383,0,100,133.99804178742173,42.77574899992942,821.7318130000422,1263.0
1780244323,50,POST,SOAP/listar-playlists-usuario,54.500000,0.000000,210,260,280,290,340,360,390,410,420,420,420,1389,0,110.0,137.08680098200048,1.2198940000871517,726.6173319999325,1608.0
1780244323,50,POST,SOAP/listar-usuarios,55.600000,0.000000,160,190,220,240,280,310,340,380,490,490,490,1430,0,130.0,163.14154868391756,5.051567999998952,2859.197621000021,28012.0
1780244323,50,,Aggregated,275.400000,0.000000,140,220,260,290,330,370,410,420,470,500,500,6992,0,130.0,171.40849886041315,1.2198940000871517,2859.197621000021,20865.842534324944
1780244324,50,POST,SOAP/listar-musicas,54.600000,0.000000,290,330,350,370,410,430,470,490,550,550,550,1451,0,270.0,272.2826379490022,12.122670000053404,1181.4178370000263,71703.0
1780244324,50,POST,SOAP/listar-musicas-playlist,54.400000,0.000000,110,130,170,230,330,380,440,450,490,490,490,1436,0,110.0,150.85375303481783,41.38832800003911,828.9558049998504,753.0
1780244324,50,POST,SOAP/listar-playlists-musica,55.600000,0.000000,93,110,120,130,210,310,350,380,590,590,590,1435,0,100,132.97927992195403,42.77574899992942,821.7318130000422,1263.0
1780244324,50,POST,SOAP/listar-playlists-usuario,53.900000,0.000000,210,260,290,310,350,380,410,430,460,460,460,1441,0,110.0,140.08566282512064,1.2198940000871517,726.6173319999325,1608.0
1780244324,50,POST,SOAP/listar-usuarios,56.400000,0.000000,160,190,220,240,290,330,380,440,530,530,530,1478,0,130.0,163.91331016306003,5.051567999998952,2859.197621000021,28012.0
1780244324,50,,Aggregated,274.900000,0.000000,140,220,270,290,350,390,430,460,540,590,590,7241,0,130.0,172.1669211796725,1.2198940000871517,2859.197621000021,20805.63872393316
1780244325,50,POST,SOAP/listar-musicas,54.800000,0.000000,300,340,370,390,420,470,540,590,970,970,970,1510,0,270.0,275.38898062251803,12.122670000053404,1181.4178370000263,71703.0
1780244325,50,POST,SOAP/listar-musicas-playlist,54.600000,0.000000,110,130,170,230,340,390,440,460,700,700,700,1491,0,110.0,151.36391880013375,41.38832800003911,828.9558049998504,753.0
1780244325,50,POST,SOAP/listar-playlists-musica,55.400000,0.000000,91,100,120,130,220,330,370,390,590,590,590,1483,0,100,133.24094259137186,42.77574899992942,821.7318130000422,1263.0
1780244325,50,POST,SOAP/listar-playlists-usuario,54.500000,0.000000,200,260,290,310,360,390,420,450,650,650,650,1500,0,110.0,139.69116227066584,1.2198940000871517,726.6173319999325,1608.0
1780244325,50,POST,SOAP/listar-usuarios,56.300000,0.000000,160,190,220,240,300,350,440,510,760,760,760,1526,0,130.0,164.90558780144403,5.051567999998952,2859.197621000021,28012.0
1780244325,50,,Aggregated,275.600000,0.000000,140,220,270,300,360,410,460,500,720,970,970,7510,0,130.0,173.1424702962729,1.2198940000871517,2859.197621000021,20828.973901464713
1780244326,50,POST,SOAP/listar-musicas,53.200000,0.000000,300,350,380,400,440,500,580,690,970,970,970,1565,0,270.0,277.07069775527214,12.122670000053404,1181.4178370000263,71703.0
1780244326,50,POST,SOAP/listar-musicas-playlist,53.900000,0.000000,100,130,180,220,350,400,440,460,700,700,700,1548,0,110.0,151.33842126162736,41.38832800003911,828.9558049998504,753.0
1780244326,50,POST,SOAP/listar-playlists-musica,55.500000,0.000000,88,100,120,140,220,330,380,470,590,590,590,1543,0,100,133.97741040505736,42.77574899992942,821.7318130000422,1263.0
1780244326,50,POST,SOAP/listar-playlists-usuario,52.700000,0.000000,180,250,280,310,360,390,420,450,650,650,650,1556,0,110.0,139.26898614717106,1.2198940000871517,726.6173319999325,1608.0
1780244326,50,POST,SOAP/listar-usuarios,55.700000,0.000000,160,190,220,240,300,360,490,560,760,760,760,1582,0,130.0,165.3355843919106,5.051567999998952,2859.197621000021,28012.0
1780244326,50,,Aggregated,271.000000,0.000000,140,220,270,300,370,420,480,540,760,970,970,7794,0,130.0,173.5794328083153,1.2198940000871517,2859.197621000021,20804.03900436233
1780244327,50,POST,SOAP/listar-musicas,53.600000,0.000000,310,370,400,410,460,530,610,700,970,970,970,1619,0,270.0,278.5713294669543,12.122670000053404,1181.4178370000263,71703.0
1780244327,50,POST,SOAP/listar-musicas-playlist,52.800000,0.000000,100,130,170,200,330,400,440,470,700,700,700,1603,0,110.0,151.13019710230768,41.38832800003911,828.9558049998504,753.0
1780244327,50,POST,SOAP/listar-playlists-musica,55.200000,0.000000,87,100,130,160,240,340,390,470,590,590,590,1595,0,100,134.60270822382645,42.77574899992942,821.7318130000422,1263.0
1780244327,50,POST,SOAP/listar-playlists-usuario,53.000000,0.000000,170,240,280,310,360,390,430,460,650,650,650,1608,0,110.0,138.8217965360686,1.2198940000871517,726.6173319999325,1608.0
1780244327,50,POST,SOAP/listar-usuarios,55.100000,0.000000,160,200,220,240,320,400,510,570,760,760,760,1637,0,130.0,165.77314484117514,5.051567999998952,2859.197621000021,28012.0
1780244327,50,,Aggregated,269.700000,0.000000,140,220,270,310,380,430,500,560,760,970,970,8062,0,130.0,173.97123479459287,1.2198940000871517,2859.197621000021,20807.493053832797
1780244328,50,POST,SOAP/listar-musicas,53.700000,0.000000,320,370,400,420,480,540,680,720,970,970,970,1675,0,270.0,280.18571869193994,12.122670000053404,1181.4178370000263,71703.0
1780244328,50,POST,SOAP/listar-musicas-playlist,53.100000,0.000000,97,130,180,220,330,400,440,470,700,700,700,1657,0,110.0,151.16111388231667,41.38832800003911,828.9558049998504,753.0
1780244328,50,POST,SOAP/listar-playlists-musica,54.000000,0.000000,87,110,140,170,270,350,430,510,590,590,590,1645,0,100,135.9174248832849,42.77574899992942,821.7318130000422,1263.0
1780244328,50,POST,SOAP/listar-playlists-usuario,53.300000,0.000000,150,220,260,290,360,390,430,460,650,650,650,1664,0,110.0,137.55874389603247,1.2198940000871517,726.6173319999325,1608.0
1780244328,50,POST,SOAP/listar-usuarios,54.800000,0.000000,160,200,230,250,330,420,520,570,760,760,760,1691,0,130.0,166.26251615553193,5.051567999998952,2859.197621000021,28012.0
1780244328,50,,Aggregated,268.900000,0.000000,140,220,270,310,380,440,520,580,770,970,970,8332,0,130.0,174.4379348424158,1.2198940000871517,2859.197621000021,20819.95739318291
1780244329,50,POST,SOAP/listar-musicas,53.800000,0.000000,310,370,400,420,490,550,690,770,970,970,970,1730,0,270.0,280.3450587537573,12.122670000053404,1181.4178370000263,71703.0
1780244329,50,POST,SOAP/listar-musicas-playlist,52.800000,0.000000,98,130,190,230,360,420,450,490,700,700,700,1707,0,110.0,152.09487171294592,41.38832800003911,828.9558049998504,753.0
1780244329,50,POST,SOAP/listar-playlists-musica,53.300000,0.000000,90,120,160,190,270,360,430,540,590,590,590,1698,0,100,137.11510431448997,42.77574899992942,821.7318130000422,1263.0
1780244329,50,POST,SOAP/listar-playlists-usuario,53.100000,0.000000,140,210,250,270,350,400,450,500,650,650,650,1721,0,110.0,137.69103620743613,1.2198940000871517,726.6173319999325,1608.0
1780244329,50,POST,SOAP/listar-usuarios,54.400000,0.000000,150,200,230,260,350,440,530,570,760,760,760,1741,0,130.0,166.46179682022094,5.051567999998952,2859.197621000021,28012.0
1780244329,50,,Aggregated,267.400000,0.000000,140,220,270,310,390,450,540,590,820,970,970,8597,0,130.0,174.9704090218693,1.2198940000871517,2859.197621000021,20822.658485518205
1780244330,50,POST,SOAP/listar-musicas,53.600000,0.000000,320,380,420,440,510,570,690,770,970,970,970,1784,0,270.0,282.9227804220852,12.122670000053404,1181.4178370000263,71703.0
1780244330,50,POST,SOAP/listar-musicas-playlist,52.500000,0.000000,98,140,190,230,330,400,450,490,700,700,700,1763,0,120.0,151.62932060408357,41.38832800003911,828.9558049998504,753.0
1780244330,50,POST,SOAP/listar-playlists-musica,52.200000,0.000000,97,140,170,200,280,370,470,540,590,590,590,1752,0,100,137.81586762557282,42.77574899992942,821.7318130000422,1263.0
1780244330,50,POST,SOAP/listar-playlists-usuario,53.400000,0.000000,130,190,240,260,350,400,450,500,650,650,650,1776,0,110.0,137.6049332561927,1.2198940000871517,726.6173319999325,1608.0
1780244330,50,POST,SOAP/listar-usuarios,54.300000,0.000000,150,200,240,280,360,450,530,580,760,760,760,1794,0,130.0,166.36218899331396,5.051567999998952,2859.197621000021,28012.0
1780244330,50,,Aggregated,266.000000,0.000000,140,220,270,310,400,470,550,590,820,970,970,8869,0,130.0,175.4820454498831,1.2198940000871517,2859.197621000021,20810.441199684294
1780244331,50,POST,SOAP/listar-musicas,53.600000,0.000000,320,380,420,440,530,580,690,770,970,970,970,1834,0,270.0,283.4617184476552,12.122670000053404,1181.4178370000263,71703.0
1780244331,50,POST,SOAP/listar-musicas-playlist,52.200000,0.000000,100,150,200,230,330,390,460,500,700,700,700,1818,0,120.0,152.08741595269473,41.38832800003911,828.9558049998504,753.0
1780244331,50,POST,SOAP/listar-playlists-musica,52.100000,0.000000,110,160,190,220,290,380,480,580,680,680,680,1809,0,100,138.28009914538572,42.77574899992942,821.7318130000422,1263.0
1780244331,50,POST,SOAP/listar-playlists-usuario,53.200000,0.000000,120,170,220,250,330,380,450,520,650,650,650,1825,0,110.0,137.70353947671148,1.2198940000871517,726.6173319999325,1608.0
1780244331,50,POST,SOAP/listar-usuarios,53.500000,0.000000,140,190,220,280,370,460,560,600,760,760,760,1847,0,130.0,166.0112551201972,5.051567999998952,2859.197621000021,28012.0
1780244331,50,,Aggregated,264.600000,0.000000,140,210,270,310,400,480,560,610,820,970,970,9133,0,130.0,175.67548023004596,1.2198940000871517,2859.197621000021,20785.041826344026
1780244332,50,POST,SOAP/listar-musicas,53.800000,0.000000,310,380,430,460,540,590,700,770,1300,1300,1300,1888,0,270.0,284.47256684639825,12.122670000053404,1274.8671340000328,71703.0
1780244332,50,POST,SOAP/listar-musicas-playlist,52.000000,0.000000,110,160,200,230,310,390,460,500,700,700,700,1878,0,110.0,151.56067439989323,41.38832800003911,828.9558049998504,753.0
1780244332,50,POST,SOAP/listar-playlists-musica,51.500000,0.000000,120,160,190,220,300,380,490,580,680,680,680,1867,0,100,138.41780752169427,42.77574899992942,821.7318130000422,1263.0
1780244332,50,POST,SOAP/listar-playlists-usuario,53.300000,0.000000,110,160,200,220,310,380,450,530,650,650,650,1883,0,110.0,137.83271195379598,1.2198940000871517,726.6173319999325,1608.0
1780244332,50,POST,SOAP/listar-usuarios,53.100000,0.000000,140,190,230,290,370,470,570,600,760,760,760,1902,0,130.0,165.7775845988459,5.051567999998952,2859.197621000021,28012.0
1780244332,50,,Aggregated,263.700000,0.000000,140,210,260,300,400,490,570,630,970,1300,1300,9418,0,130.0,175.72617985644638,1.2198940000871517,2859.197621000021,20753.249840730517
1780244333,50,POST,SOAP/listar-musicas,53.500000,0.000000,300,380,430,470,550,610,770,820,1300,1300,1300,1944,0,270.0,285.902879511317,12.122670000053404,1274.8671340000328,71703.0
1780244333,50,POST,SOAP/listar-musicas-playlist,52.800000,0.000000,120,170,210,240,310,380,460,500,700,700,700,1926,0,110.0,151.7223220924187,41.38832800003911,828.9558049998504,753.0
1780244333,50,POST,SOAP/listar-playlists-musica,52.200000,0.000000,130,170,200,230,310,390,520,590,680,680,680,1916,0,100,139.48307842588903,42.77574899992942,821.7318130000422,1263.0
1780244333,50,POST,SOAP/listar-playlists-usuario,53.600000,0.000000,100,150,180,200,270,360,430,530,650,650,650,1936,0,110.0,137.3392526497924,1.2198940000871517,726.6173319999325,1608.0
1780244333,50,POST,SOAP/listar-usuarios,52.200000,0.000000,150,200,230,280,370,470,570,600,760,760,760,1957,0,130.0,166.31463150792192,5.051567999998952,2859.197621000021,28012.0
1780244333,50,,Aggregated,264.300000,0.000000,150,210,260,300,400,500,580,660,970,1300,1300,9679,0,130.0,176.32281179615785,1.2198940000871517,2859.197621000021,20786.588490546543
1780244334,50,POST,SOAP/listar-musicas,53.800000,0.000000,300,370,420,460,540,610,770,800,1300,1300,1300,1997,0,270.0,286.46919016825245,12.122670000053404,1274.8671340000328,71703.0
1780244334,50,POST,SOAP/listar-musicas-playlist,53.300000,0.000000,120,180,200,240,310,380,460,500,710,710,710,1981,0,120.0,152.0121299914176,41.38832800003911,828.9558049998504,753.0
1780244334,50,POST,SOAP/listar-playlists-musica,52.100000,0.000000,130,180,220,240,310,380,510,580,680,680,680,1971,0,110.0,140.3056677798084,42.77574899992942,821.7318130000422,1263.0
1780244334,50,POST,SOAP/listar-playlists-usuario,54.200000,0.000000,100,150,180,200,280,360,430,530,660,660,660,1990,0,110.0,137.29462660653152,1.2198940000871517,726.6173319999325,1608.0
1780244334,50,POST,SOAP/listar-usuarios,51.400000,0.000000,140,190,220,260,370,440,530,590,730,730,730,2011,0,130.0,166.07377517553618,5.051567999998952,2859.197621000021,28012.0
1780244334,50,,Aggregated,264.800000,0.000000,150,210,260,290,390,480,570,660,970,1300,1300,9950,0,130.0,176.5777027435188,1.2198940000871517,2859.197621000021,20774.272261306534
1780244335,50,POST,SOAP/listar-musicas,53.500000,0.000000,300,380,420,460,550,610,730,800,1300,1300,1300,2046,0,270.0,287.90568748778054,12.122670000053404,1274.8671340000328,71703.0
1780244335,50,POST,SOAP/listar-musicas-playlist,53.000000,0.000000,120,170,200,230,310,380,470,500,710,710,710,2032,0,110.0,151.9519981412393,41.38832800003911,828.9558049998504,753.0
1780244335,50,POST,SOAP/listar-playlists-musica,52.100000,0.000000,130,180,220,240,300,370,490,580,680,680,680,2019,0,110.0,140.50645516344792,42.77574899992942,821.7318130000422,1263.0
1780244335,50,POST,SOAP/listar-playlists-usuario,53.800000,0.000000,99,150,180,210,290,360,440,530,660,660,660,2038,0,110.0,137.01791268547487,1.2198940000871517,726.6173319999325,1608.0
1780244335,50,POST,SOAP/listar-usuarios,51.500000,0.000000,140,200,230,270,370,430,510,590,730,730,730,2063,0,130.0,166.42496683858633,5.051567999998952,2859.197621000021,28012.0
1780244335,50,,Aggregated,263.900000,0.000000,150,210,260,290,390,480,580,650,970,1300,1300,10198,0,130.0,176.90539737585894,1.2198940000871517,2859.197621000021,20773.709648950775
1780244336,50,POST,SOAP/listar-musicas,53.900000,0.000000,300,380,420,460,550,610,740,800,1300,1300,1300,2101,0,280.0,289.36355434983324,12.122670000053404,1274.8671340000328,71703.0
1780244336,50,POST,SOAP/listar-musicas-playlist,53.300000,0.000000,120,170,210,230,310,380,460,500,710,710,710,2092,0,110.0,151.63169215391918,41.38832800003911,828.9558049998504,753.0
1780244336,50,POST,SOAP/listar-playlists-musica,52.600000,0.000000,130,180,220,250,310,380,490,580,680,680,680,2076,0,110.0,140.9721190163779,42.77574899992942,821.7318130000422,1263.0
1780244336,50,POST,SOAP/listar-playlists-usuario,53.800000,0.000000,96,140,180,200,280,350,430,500,660,660,660,2099,0,100,135.76941221962753,1.2198940000871517,726.6173319999325,1608.0
1780244336,50,POST,SOAP/listar-usuarios,52.400000,0.000000,140,190,220,270,370,420,510,570,730,730,730,2117,0,130.0,166.56579103495628,5.051567999998952,2859.197621000021,28012.0
1780244336,50,,Aggregated,266.000000,0.000000,140,210,260,290,390,470,570,650,970,1300,1300,10485,0,130.0,176.95986863357265,1.2198940000871517,2859.197621000021,20746.005054840247
1780244337,50,POST,SOAP/listar-musicas,53.500000,0.000000,300,380,420,460,550,610,730,800,1300,1300,1300,2153,0,280.0,289.83520301021804,12.122670000053404,1274.8671340000328,71703.0
1780244337,50,POST,SOAP/listar-musicas-playlist,53.500000,0.000000,120,170,210,240,320,380,490,540,710,710,710,2143,0,110.0,152.23612467942078,41.38832800003911,828.9558049998504,753.0
1780244337,50,POST,SOAP/listar-playlists-musica,53.100000,0.000000,130,180,220,240,310,390,490,580,1000,1000,1000,2133,0,110.0,142.28013049789027,42.77574899992942,1022.8558399999201,1263.0
1780244337,50,POST,SOAP/listar-playlists-usuario,53.800000,0.000000,98,140,180,200,300,360,440,500,660,660,660,2148,0,100,135.54895010614447,1.2198940000871517,726.6173319999325,1608.0
1780244337,50,POST,SOAP/listar-usuarios,53.500000,0.000000,140,190,220,260,350,420,510,560,730,730,730,2171,0,130.0,166.33927388668945,5.051567999998952,2859.197621000021,28012.0
1780244337,50,,Aggregated,267.400000,0.000000,150,210,260,290,390,480,580,660,1000,1300,1300,10748,0,130.0,177.33740547608954,1.2198940000871517,2859.197621000021,20743.60374023074
1780244338,50,POST,SOAP/listar-musicas,53.200000,0.000000,300,380,430,470,550,620,730,790,1300,1300,1300,2210,0,280.0,290.68155472533914,12.122670000053404,1274.8671340000328,71703.0
1780244338,50,POST,SOAP/listar-musicas-playlist,52.600000,0.000000,120,180,210,250,310,370,490,540,710,710,710,2193,0,120.0,152.91778277975325,41.38832800003911,828.9558049998504,753.0
1780244338,50,POST,SOAP/listar-playlists-musica,52.500000,0.000000,130,180,220,240,310,370,490,580,1000,1000,1000,2185,0,110.0,142.48412664302023,42.77574899992942,1022.8558399999201,1263.0
1780244338,50,POST,SOAP/listar-playlists-usuario,53.500000,0.000000,96,140,180,200,280,360,430,500,660,660,660,2202,0,100,134.84189638419525,1.2198940000871517,726.6173319999325,1608.0
1780244338,50,POST,SOAP/listar-usuarios,53.300000,0.000000,140,190,220,260,350,420,540,600,800,800,800,2226,0,130.0,166.4756867798757,5.051567999998952,2859.197621000021,28012.0
1780244338,50,,Aggregated,265.100000,0.000000,150,210,260,290,390,480,580,660,1000,1300,1300,11016,0,130.0,177.61251678504087,1.2198940000871517,2859.197621000021,20767.07897603486
1780244339,50,POST,SOAP/listar-musicas,53.400000,0.000000,300,370,420,460,550,630,740,800,1300,1300,1300,2271,0,280.0,290.7498706151476,12.122670000053404,1274.8671340000328,71703.0
1780244339,50,POST,SOAP/listar-musicas-playlist,53.400000,0.000000,120,170,210,240,320,380,490,540,710,710,710,2245,0,120.0,153.05694450244923,41.38832800003911,828.9558049998504,753.0
1780244339,50,POST,SOAP/listar-playlists-musica,53.300000,0.000000,130,180,220,250,310,370,490,580,1000,1000,1000,2239,0,110.0,143.01483050736908,42.77574899992942,1022.8558399999201,1263.0
1780244339,50,POST,SOAP/listar-playlists-usuario,53.700000,0.000000,95,140,180,200,270,340,440,510,660,660,660,2255,0,100,134.36736958891248,1.2198940000871517,726.6173319999325,1608.0
1780244339,50,POST,SOAP/listar-usuarios,53.000000,0.000000,140,190,220,250,340,420,500,570,800,800,800,2281,0,130.0,166.6578347321364,5.051567999998952,2859.197621000021,28012.0
1780244339,50,,Aggregated,266.800000,0.000000,140,210,260,290,390,470,590,670,1000,1300,1300,11291,0,130.0,177.77530258861123,1.2198940000871517,2859.197621000021,20802.16694712603
1780244340,50,POST,SOAP/listar-musicas,53.400000,0.000000,270,350,400,440,540,610,730,790,1300,1300,1300,2326,0,270.0,288.4769088280305,12.122670000053404,1274.8671340000328,71703.0
1780244340,50,POST,SOAP/listar-musicas-playlist,53.400000,0.000000,130,190,210,240,310,360,460,540,710,710,710,2297,0,120.0,154.12779348497932,41.38832800003911,828.9558049998504,753.0
1780244340,50,POST,SOAP/listar-playlists-musica,53.500000,0.000000,130,190,220,250,300,370,490,580,1000,1000,1000,2294,0,110.0,144.13238531909275,42.77574899992942,1022.8558399999201,1263.0
1780244340,50,POST,SOAP/listar-playlists-usuario,53.200000,0.000000,100,150,180,200,260,340,440,510,660,660,660,2313,0,110.0,135.21136887289123,1.2198940000871517,726.6173319999325,1608.0
1780244340,50,POST,SOAP/listar-usuarios,53.100000,0.000000,150,200,230,250,330,410,470,560,800,800,800,2337,0,130.0,166.85366085408702,5.051567999998952,2859.197621000021,28012.0
1780244340,50,,Aggregated,266.600000,0.000000,150,210,250,280,380,460,580,660,1000,1300,1300,11567,0,140.0,177.95015346330112,1.2198940000871517,2859.197621000021,20799.81749805481
1780244341,50,POST,SOAP/listar-musicas,53.400000,0.000000,260,320,390,410,510,600,730,790,1000,1000,1000,2382,0,270.0,286.49435833921035,12.122670000053404,1274.8671340000328,71703.0
1780244341,50,POST,SOAP/listar-musicas-playlist,53.800000,0.000000,140,200,220,250,310,350,460,540,710,710,710,2354,0,120.0,155.37187409388156,41.38832800003911,828.9558049998504,753.0
1780244341,50,POST,SOAP/listar-playlists-musica,53.500000,0.000000,140,190,220,250,300,360,440,580,1000,1000,1000,2346,0,110.0,144.85733938022142,42.77574899992942,1022.8558399999201,1263.0
1780244341,50,POST,SOAP/listar-playlists-usuario,53.300000,0.000000,110,160,190,210,250,330,420,460,660,660,660,2369,0,110.0,136.24063064963997,1.2198940000871517,726.6173319999325,1608.0
1780244341,50,POST,SOAP/listar-usuarios,53.100000,0.000000,150,200,230,250,320,400,460,550,800,800,800,2390,0,130.0,166.903117528034,5.051567999998952,2859.197621000021,28012.0
1780244341,50,,Aggregated,267.100000,0.000000,160,210,250,270,350,440,550,650,830,1000,1000,11841,0,140.0,178.1659299272023,1.2198940000871517,2859.197621000021,20799.775187906427
1780244342,50,POST,SOAP/listar-musicas,53.600000,0.000000,250,300,350,400,490,580,680,740,1000,1000,1000,2437,0,270.0,284.48857533606844,12.122670000053404,1274.8671340000328,71703.0
1780244342,50,POST,SOAP/listar-musicas-playlist,54.700000,0.000000,150,200,220,260,300,340,460,540,710,710,710,2406,0,120.0,156.17316758561822,41.38832800003911,828.9558049998504,753.0
1780244342,50,POST,SOAP/listar-playlists-musica,54.700000,0.000000,140,190,220,250,290,340,440,500,1000,1000,1000,2400,0,110.0,145.5402341104161,42.77574899992942,1022.8558399999201,1263.0
1780244342,50,POST,SOAP/listar-playlists-usuario,53.500000,0.000000,120,170,200,210,250,310,380,460,660,660,660,2423,0,110.0,137.02210563928892,1.2198940000871517,726.6173319999325,1608.0
1780244342,50,POST,SOAP/listar-usuarios,53.900000,0.000000,150,200,230,240,300,380,460,550,800,800,800,2445,0,130.0,166.91445641104337,5.051567999998952,2859.197621000021,28012.0
1780244342,50,,Aggregated,270.400000,0.000000,160,210,240,260,330,430,540,620,830,1000,1000,12111,0,140.0,178.22296004120227,1.2198940000871517,2859.197621000021,20804.94203616547
1780244343,50,POST,SOAP/listar-musicas,54.000000,0.000000,240,270,320,360,470,550,660,740,830,830,830,2495,0,260.0,282.53653353346647,12.122670000053404,1274.8671340000328,71703.0
1780244343,50,POST,SOAP/listar-musicas-playlist,53.800000,0.000000,160,210,230,260,300,330,430,540,710,710,710,2465,0,120.0,157.35846975091152,41.38832800003911,828.9558049998504,753.0
1780244343,50,POST,SOAP/listar-playlists-musica,54.000000,0.000000,150,190,220,250,280,330,410,500,1000,1000,1000,2454,0,110.0,146.36613158557384,42.77574899992942,1022.8558399999201,1263.0
1780244343,50,POST,SOAP/listar-playlists-usuario,53.800000,0.000000,130,180,210,220,240,290,380,440,520,520,520,2484,0,110.0,137.84251906803408,1.2198940000871517,726.6173319999325,1608.0
1780244343,50,POST,SOAP/listar-usuarios,54.000000,0.000000,150,200,230,240,290,370,450,550,800,800,800,2499,0,130.0,167.04347171708704,5.051567999998952,2859.197621000021,28012.0
1780244343,50,,Aggregated,269.600000,0.000000,170,210,240,260,320,410,520,600,830,1000,1000,12397,0,140.0,178.4175380494473,1.2198940000871517,2859.197621000021,20799.450834879408
1780244344,50,POST,SOAP/listar-musicas,53.700000,0.000000,230,260,290,320,450,540,630,690,830,830,830,2549,0,260.0,280.9314163683794,12.122670000053404,1274.8671340000328,71703.0
1780244344,50,POST,SOAP/listar-musicas-playlist,53.400000,0.000000,160,210,250,270,300,330,430,540,690,690,690,2520,0,130.0,158.36014339523672,41.38832800003911,828.9558049998504,753.0
1780244344,50,POST,SOAP/listar-playlists-musica,54.200000,0.000000,150,190,210,240,280,310,410,500,1000,1000,1000,2505,0,120.0,146.85328214850279,42.77574899992942,1022.8558399999201,1263.0
1780244344,50,POST,SOAP/listar-playlists-usuario,52.900000,0.000000,140,190,210,220,240,270,320,380,520,520,520,2543,0,110.0,138.70409892607032,1.2198940000871517,726.6173319999325,1608.0
1780244344,50,POST,SOAP/listar-usuarios,54.300000,0.000000,150,210,230,240,270,370,450,550,800,800,800,2553,0,130.0,167.1257801120257,5.051567999998952,2859.197621000021,28012.0
1780244344,50,,Aggregated,268.500000,0.000000,170,210,240,260,300,390,500,580,830,1000,1000,12670,0,140.0,178.56557645272312,1.2198940000871517,2859.197621000021,20792.11539068666
1780244345,50,POST,SOAP/listar-musicas,54.000000,0.000000,230,260,280,300,410,490,590,660,830,830,830,2603,0,260.0,279.57803892201247,12.122670000053404,1274.8671340000328,71703.0
1780244345,50,POST,SOAP/listar-musicas-playlist,54.100000,0.000000,170,210,250,270,300,320,390,460,690,690,690,2577,0,130.0,159.05494922467864,41.38832800003911,828.9558049998504,753.0
1780244345,50,POST,SOAP/listar-playlists-musica,54.300000,0.000000,150,180,210,240,280,310,410,500,1000,1000,1000,2562,0,120.0,147.21715287900068,42.77574899992942,1022.8558399999201,1263.0
1780244345,50,POST,SOAP/listar-playlists-usuario,53.700000,0.000000,150,200,220,230,250,280,320,370,520,520,520,2599,0,120.0,139.6410734347814,1.2198940000871517,726.6173319999325,1608.0
1780244345,50,POST,SOAP/listar-usuarios,54.700000,0.000000,160,200,230,240,270,320,420,500,800,800,800,2606,0,140.0,167.08741723522687,5.051567999998952,2859.197621000021,28012.0
1780244345,50,,Aggregated,270.800000,0.000000,170,210,240,250,290,340,460,540,830,1000,1000,12947,0,140.0,178.66328449169723,1.2198940000871517,2859.197621000021,20776.83324322237
1780244346,50,POST,SOAP/listar-musicas,54.400000,0.000000,230,260,270,290,320,440,540,600,830,830,830,2657,0,260.0,278.3699541347378,12.122670000053404,1274.8671340000328,71703.0
1780244346,50,POST,SOAP/listar-musicas-playlist,53.700000,0.000000,170,210,250,260,300,320,340,400,690,690,690,2644,0,130.0,159.26404387064974,41.38832800003911,828.9558049998504,753.0
1780244346,50,POST,SOAP/listar-playlists-musica,54.000000,0.000000,150,180,210,230,280,300,330,410,640,640,640,2615,0,120.0,147.62012806347965,42.77574899992942,1022.8558399999201,1263.0
1780244346,50,POST,SOAP/listar-playlists-usuario,53.900000,0.000000,160,210,220,230,250,280,310,340,520,520,520,2654,0,120.0,140.47167401506996,1.2198940000871517,726.6173319999325,1608.0
1780244346,50,POST,SOAP/listar-usuarios,54.700000,0.000000,160,200,230,240,260,290,390,430,800,800,800,2662,0,140.0,166.88508468820464,5.051567999998952,2859.197621000021,28012.0
1780244346,50,,Aggregated,270.700000,0.000000,170,220,240,250,290,320,410,470,750,830,830,13232,0,140.0,178.64341394286564,1.2198940000871517,2859.197621000021,20756.05532043531
1780244347,50,POST,SOAP/listar-musicas,54.700000,0.000000,230,250,270,280,310,340,470,580,830,830,830,2713,0,260.0,277.2960850125316,12.122670000053404,1274.8671340000328,71703.0
1780244347,50,POST,SOAP/listar-musicas-playlist,53.600000,0.000000,160,210,250,260,300,320,330,360,690,690,690,2702,0,130.0,159.46400752405518,41.38832800003911,828.9558049998504,753.0
1780244347,50,POST,SOAP/listar-playlists-musica,54.100000,0.000000,150,180,200,220,280,300,340,370,590,590,590,2676,0,120.0,147.756770974963,42.77574899992942,1022.8558399999201,1263.0
1780244347,50,POST,SOAP/listar-playlists-usuario,53.700000,0.000000,170,210,230,240,260,280,310,320,510,510,510,2710,0,120.0,141.1478362892969,1.2198940000871517,726.6173319999325,1608.0
1780244347,50,POST,SOAP/listar-usuarios,54.300000,0.000000,150,200,230,240,260,280,340,410,460,460,460,2716,0,140.0,166.58823240942573,5.051567999998952,2859.197621000021,28012.0
1780244347,50,,Aggregated,270.400000,0.000000,170,220,240,250,290,310,340,410,690,830,830,13517,0,140.0,178.55570183221138,1.2198940000871517,2859.197621000021,20742.983280313678
1780244348,50,POST,SOAP/listar-musicas,54.800000,0.000000,230,250,270,280,310,330,360,390,500,500,500,2765,0,260.0,276.62189662567727,12.122670000053404,1274.8671340000328,71703.0
1780244348,50,POST,SOAP/listar-musicas-playlist,54.200000,0.000000,160,210,240,260,300,310,330,350,460,460,460,2761,0,130.0,159.4782581698653,41.38832800003911,828.9558049998504,753.0
1780244348,50,POST,SOAP/listar-playlists-musica,54.200000,0.000000,140,170,200,210,280,300,330,370,590,590,590,2747,0,120.0,147.3785593771389,42.77574899992942,1022.8558399999201,1263.0
1780244348,50,POST,SOAP/listar-playlists-usuario,53.400000,0.000000,180,220,230,240,270,290,310,330,370,370,370,2764,0,120.0,142.05589376447,1.2198940000871517,726.6173319999325,1608.0
1780244348,50,POST,SOAP/listar-usuarios,54.500000,0.000000,150,200,230,240,260,270,290,340,460,460,460,2780,0,140.0,166.03168424784212,5.051567999998952,2859.197621000021,28012.0
1780244348,50,,Aggregated,271.100000,0.000000,170,210,240,250,280,310,330,360,500,590,590,13817,0,140.0,178.34830210320624,1.2198940000871517,2859.197621000021,20708.19722081494
1780244349,50,POST,SOAP/listar-musicas,54.900000,0.000000,230,260,280,290,310,330,350,360,500,500,500,2821,0,260.0,275.6517797231475,12.122670000053404,1274.8671340000328,71703.0
1780244349,50,POST,SOAP/listar-musicas-playlist,53.200000,0.000000,150,210,250,270,300,320,340,350,400,400,400,2814,0,130.0,159.67709077789561,41.38832800003911,828.9558049998504,753.0
1780244349,50,POST,SOAP/listar-playlists-musica,53.800000,0.000000,140,160,180,210,280,300,310,340,380,380,380,2811,0,120.0,146.88911435859143,42.77574899992942,1022.8558399999201,1263.0
1780244349,50,POST,SOAP/listar-playlists-usuario,53.600000,0.000000,190,220,240,250,280,300,310,320,360,360,360,2817,0,120.0,142.9919615104703,1.2198940000871517,726.6173319999325,1608.0
1780244349,50,POST,SOAP/listar-usuarios,54.400000,0.000000,150,210,230,240,260,270,290,320,350,350,350,2835,0,140.0,166.16661100317503,5.051567999998952,2859.197621000021,28012.0
1780244349,50,,Aggregated,269.900000,0.000000,160,220,250,260,290,310,330,350,400,500,500,14098,0,140.0,178.30479516803808,1.2198940000871517,2859.197621000021,20704.15335508583
1780244350,50,POST,SOAP/listar-musicas,55.400000,0.000000,240,270,290,300,330,360,410,430,500,500,500,2873,0,260.0,275.8231445224498,12.122670000053404,1274.8671340000328,71703.0
1780244350,50,POST,SOAP/listar-musicas-playlist,53.400000,0.000000,150,190,250,270,300,320,350,400,460,460,460,2866,0,130.0,159.44565871423538,41.38832800003911,828.9558049998504,753.0
1780244350,50,POST,SOAP/listar-playlists-musica,53.700000,0.000000,130,150,180,200,280,300,320,340,380,380,380,2865,0,120.0,146.55742187609104,42.77574899992942,1022.8558399999201,1263.0
1780244350,50,POST,SOAP/listar-playlists-usuario,53.600000,0.000000,200,220,250,260,280,310,350,370,420,420,420,2869,0,120.0,144.20046305297822,1.2198940000871517,726.6173319999325,1608.0
1780244350,50,POST,SOAP/listar-usuarios,54.200000,0.000000,150,200,230,240,260,270,300,330,380,380,380,2889,0,140.0,165.7956834949815,5.051567999998952,2859.197621000021,28012.0
1780244350,50,,Aggregated,270.300000,0.000000,160,220,250,260,300,320,350,390,460,500,500,14362,0,140.0,178.38692548941688,1.2198940000871517,2859.197621000021,20701.80559810611
1780244351,50,POST,SOAP/listar-musicas,55.600000,0.000000,250,280,300,310,350,390,430,440,500,500,500,2923,0,260.0,276.17940490660226,12.122670000053404,1274.8671340000328,71703.0
1780244351,50,POST,SOAP/listar-musicas-playlist,53.400000,0.000000,140,180,240,260,310,330,370,410,480,480,480,2919,0,130.0,159.05863861116754,41.38832800003911,828.9558049998504,753.0
1780244351,50,POST,SOAP/listar-playlists-musica,53.700000,0.000000,130,140,160,180,280,300,340,370,470,470,470,2918,0,120.0,145.71235810760845,42.77574899992942,1022.8558399999201,1263.0
1780244351,50,POST,SOAP/listar-playlists-usuario,54.100000,0.000000,200,230,250,270,300,330,380,400,430,430,430,2921,0,120.0,145.5546799044832,1.2198940000871517,726.6173319999325,1608.0
1780244351,50,POST,SOAP/listar-usuarios,54.400000,0.000000,150,200,220,240,260,270,310,340,380,380,380,2963,0,140.0,165.47396647890665,5.051567999998952,2859.197621000021,28012.0
1780244351,50,,Aggregated,271.200000,0.000000,150,220,250,270,300,330,380,420,470,500,500,14644,0,140.0,178.3814401996726,1.2198940000871517,2859.197621000021,20702.52895383775
1780244352,50,POST,SOAP/listar-musicas,55.200000,0.000000,260,300,320,330,380,430,470,490,520,520,520,2977,0,260.0,277.2534485149473,12.122670000053404,1274.8671340000328,71703.0
1780244352,50,POST,SOAP/listar-musicas-playlist,52.600000,0.000000,130,150,220,260,310,330,380,460,510,510,510,2971,0,130.0,158.23593135678163,41.38832800003911,828.9558049998504,753.0
1780244352,50,POST,SOAP/listar-playlists-musica,52.900000,0.000000,120,140,150,160,260,300,340,380,470,470,470,2970,0,120.0,144.3214094925927,42.77574899992942,1022.8558399999201,1263.0
1780244352,50,POST,SOAP/listar-playlists-usuario,55.000000,0.000000,200,240,270,280,310,370,420,450,480,480,480,2974,0,120.0,147.11587778211015,1.2198940000871517,726.6173319999325,1608.0
1780244352,50,POST,SOAP/listar-usuarios,54.000000,0.000000,150,190,220,230,260,290,330,350,460,460,460,3004,0,140.0,165.44940283189098,5.051567999998952,2859.197621000021,28012.0
1780244352,50,,Aggregated,269.700000,0.000000,150,220,250,270,310,360,420,460,510,520,520,14896,0,140.0,178.4821214496513,1.2198940000871517,2859.197621000021,20702.09076262084
1780244353,50,POST,SOAP/listar-musicas,55.100000,0.000000,280,310,330,350,430,470,560,670,920,920,920,3036,0,260.0,278.80419365052626,12.122670000053404,1274.8671340000328,71703.0
1780244353,50,POST,SOAP/listar-musicas-playlist,52.500000,0.000000,130,150,200,250,310,350,420,460,510,510,510,3023,0,130.0,158.13918912702547,41.38832800003911,828.9558049998504,753.0
1780244353,50,POST,SOAP/listar-playlists-musica,52.900000,0.000000,120,130,150,160,250,310,340,380,470,470,470,3011,0,120.0,144.33225523546992,42.77574899992942,1022.8558399999201,1263.0
1780244353,50,POST,SOAP/listar-playlists-usuario,56.000000,0.000000,180,240,270,280,310,370,420,450,480,480,480,3029,0,120.0,146.2556102112896,1.2198940000871517,726.6173319999325,1608.0
1780244353,50,POST,SOAP/listar-usuarios,53.700000,0.000000,150,200,230,240,290,350,460,580,740,740,740,3052,0,140.0,167.14715742136292,5.051567999998952,2859.197621000021,28012.0
1780244353,50,,Aggregated,270.200000,0.000000,140,220,260,280,330,380,460,510,740,920,920,15151,0,140.0,179.0132723218271,1.2198940000871517,2859.197621000021,20733.468153917234
1780244354,50,POST,SOAP/listar-musicas,55.100000,0.000000,290,320,350,370,450,500,610,670,920,920,920,3091,0,270.0,279.8961404691034,12.122670000053404,1274.8671340000328,71703.0
1780244354,50,POST,SOAP/listar-musicas-playlist,53.200000,0.000000,120,140,180,240,320,360,460,480,540,540,540,3070,0,130.0,158.27420282084583,41.09813800005213,828.9558049998504,753.0
1780244354,50,POST,SOAP/listar-playlists-musica,52.800000,0.000000,110,130,150,160,280,320,380,420,560,560,560,3060,0,120.0,144.67850078496724,42.77574899992942,1022.8558399999201,1263.0
1780244354,50,POST,SOAP/listar-playlists-usuario,56.500000,0.000000,160,240,270,280,320,380,420,450,570,570,570,3085,0,120.0,145.8889653384105,1.2198940000871517,726.6173319999325,1608.0
1780244354,50,POST,SOAP/listar-usuarios,53.700000,0.000000,150,200,230,250,290,350,500,580,740,740,740,3105,0,140.0,167.29677863123942,5.051567999998952,2859.197621000021,28012.0
1780244354,50,,Aggregated,271.300000,0.000000,140,220,270,290,340,410,480,540,740,920,920,15411,0,140.0,179.30704957309726,1.2198940000871517,2859.197621000021,20748.063266497957
1780244355,50,POST,SOAP/listar-musicas,54.200000,0.000000,290,330,360,390,460,500,620,680,920,920,920,3141,0,270.0,280.1826766361027,12.122670000053404,1274.8671340000328,71703.0
1780244355,50,POST,SOAP/listar-musicas-playlist,54.300000,0.000000,120,140,180,220,320,370,460,490,540,540,540,3125,0,130.0,158.59005152543864,41.09813800005213,828.9558049998504,753.0
1780244355,50,POST,SOAP/listar-playlists-musica,54.100000,0.000000,110,130,140,160,290,330,380,440,560,560,560,3118,0,120.0,144.88906202726125,42.77574899992942,1022.8558399999201,1263.0
1780244355,50,POST,SOAP/listar-playlists-usuario,54.600000,0.000000,150,230,270,280,320,380,420,450,570,570,570,3135,0,120.0,145.52551873365175,1.2198940000871517,726.6173319999325,1608.0
1780244355,50,POST,SOAP/listar-usuarios,53.700000,0.000000,140,190,230,250,300,380,510,580,740,740,740,3158,0,140.0,167.29685259119694,5.051567999998952,2859.197621000021,28012.0
1780244355,50,,Aggregated,270.900000,0.000000,140,220,270,290,350,430,500,560,740,920,920,15677,0,140.0,179.36835845155366,1.2198940000871517,2859.197621000021,20731.852905530395
1780244356,50,POST,SOAP/listar-musicas,53.600000,0.000000,300,350,380,420,470,520,660,690,920,920,920,3194,0,270.0,280.95310448184017,12.122670000053404,1274.8671340000328,71703.0
1780244356,50,POST,SOAP/listar-musicas-playlist,54.700000,0.000000,110,140,180,220,320,380,460,490,540,540,540,3177,0,130.0,158.44972492225247,41.09813800005213,828.9558049998504,753.0
1780244356,50,POST,SOAP/listar-playlists-musica,54.300000,0.000000,100,130,150,180,290,340,420,470,560,560,560,3165,0,120.0,145.4076602132703,42.77574899992942,1022.8558399999201,1263.0
1780244356,50,POST,SOAP/listar-playlists-usuario,54.300000,0.000000,150,220,260,280,320,380,430,450,580,580,580,3186,0,120.0,145.2852232498423,1.2198940000871517,726.6173319999325,1608.0
1780244356,50,POST,SOAP/listar-usuarios,53.800000,0.000000,150,200,230,250,320,410,530,580,740,740,740,3208,0,140.0,167.64625048316702,5.051567999998952,2859.197621000021,28012.0
1780244356,50,,Aggregated,270.700000,0.000000,140,220,270,300,370,440,510,580,740,920,920,15930,0,140.0,179.63980723113644,1.2198940000871517,2859.197621000021,20740.404394224734
1780244357,50,POST,SOAP/listar-musicas,53.500000,0.000000,300,360,400,430,480,560,670,740,920,920,920,3242,0,270.0,281.50274601449706,12.122670000053404,1274.8671340000328,71703.0
1780244357,50,POST,SOAP/listar-musicas-playlist,55.000000,0.000000,110,150,180,230,330,390,470,490,540,540,540,3230,0,130.0,158.77977747182533,41.09813800005213,828.9558049998504,753.0
1780244357,50,POST,SOAP/listar-playlists-musica,54.500000,0.000000,99,130,150,180,280,350,450,520,600,600,600,3224,0,120.0,145.50903740911934,42.77574899992942,1022.8558399999201,1263.0
1780244357,50,POST,SOAP/listar-playlists-usuario,54.700000,0.000000,140,210,250,280,330,390,450,470,580,580,580,3234,0,120.0,145.5166282195417,1.2198940000871517,726.6173319999325,1608.0
1780244357,50,POST,SOAP/listar-usuarios,54.200000,0.000000,150,200,240,250,320,430,530,580,740,740,740,3263,0,140.0,167.3018168302178,5.051567999998952,2859.197621000021,28012.0
1780244357,50,,Aggregated,271.900000,0.000000,140,220,270,300,380,450,520,600,780,920,920,16193,0,140.0,179.7763431358616,1.2198940000871517,2859.197621000021,20723.06898042364
1780244358,50,POST,SOAP/listar-musicas,53.300000,0.000000,300,370,410,430,490,560,670,700,920,920,920,3308,0,270.0,281.0703054114266,12.122670000053404,1274.8671340000328,71703.0
1780244358,50,POST,SOAP/listar-musicas-playlist,54.700000,0.000000,110,150,190,230,330,400,470,490,540,540,540,3293,0,130.0,159.13930105496368,41.09813800005213,828.9558049998504,753.0
1780244358,50,POST,SOAP/listar-playlists-musica,54.500000,0.000000,100,130,160,190,280,370,450,520,600,600,600,3273,0,120.0,145.89825862542025,42.77574899992942,1022.8558399999201,1263.0
1780244358,50,POST,SOAP/listar-playlists-usuario,54.300000,0.000000,130,190,230,260,330,390,450,480,600,600,600,3303,0,120.0,145.52737413200057,1.2198940000871517,726.6173319999325,1608.0
1780244358,50,POST,SOAP/listar-usuarios,53.800000,0.000000,140,190,230,250,340,430,540,580,740,740,740,3318,0,140.0,167.3499749572034,5.051567999998952,2859.197621000021,28012.0
1780244358,50,,Aggregated,270.600000,0.000000,140,210,260,300,390,450,530,600,780,920,920,16495,0,140.0,179.89059853422296,1.2198940000871517,2859.197621000021,20737.31385268263
1780244359,50,POST,SOAP/listar-musicas,53.200000,0.000000,290,350,390,430,490,560,670,700,920,920,920,3364,0,260.0,279.61472635731224,12.122670000053404,1274.8671340000328,71703.0
1780244359,50,POST,SOAP/listar-musicas-playlist,54.700000,0.000000,130,170,190,210,310,380,470,490,540,540,540,3348,0,130.0,159.77136167532743,41.09813800005213,828.9558049998504,753.0
1780244359,50,POST,SOAP/listar-playlists-musica,54.100000,0.000000,110,160,180,200,280,360,450,520,600,600,600,3330,0,120.0,146.77259777657645,42.77574899992942,1022.8558399999201,1263.0
1780244359,50,POST,SOAP/listar-playlists-usuario,54.200000,0.000000,130,170,220,240,310,390,450,480,600,600,600,3356,0,120.0,145.98763962187087,1.2198940000871517,726.6173319999325,1608.0
1780244359,50,POST,SOAP/listar-usuarios,53.300000,0.000000,150,190,220,250,320,430,540,580,740,740,740,3369,0,140.0,167.35442193737063,5.051567999998952,2859.197621000021,28012.0
1780244359,50,,Aggregated,269.500000,0.000000,150,200,250,280,380,450,530,600,780,920,920,16767,0,140.0,179.9989726861698,1.2198940000871517,2859.197621000021,20737.436750760422
1780244360,50,POST,SOAP/listar-musicas,52.600000,0.000000,260,320,380,420,490,560,670,700,920,920,920,3416,0,260.0,278.309570384953,12.122670000053404,1274.8671340000328,71703.0
1780244360,50,POST,SOAP/listar-musicas-playlist,54.500000,0.000000,150,180,200,230,300,370,450,490,540,540,540,3402,0,130.0,160.44896647295582,41.09813800005213,828.9558049998504,753.0
1780244360,50,POST,SOAP/listar-playlists-musica,54.200000,0.000000,140,170,190,210,280,340,450,520,600,600,600,3382,0,120.0,147.4354815910702,42.77574899992942,1022.8558399999201,1263.0
1780244360,50,POST,SOAP/listar-playlists-usuario,54.300000,0.000000,130,170,210,230,280,370,450,480,600,600,600,3412,0,130.0,146.37664752579101,1.2198940000871517,726.6173319999325,1608.0
1780244360,50,POST,SOAP/listar-usuarios,53.900000,0.000000,150,190,220,250,320,430,540,580,740,740,740,3424,0,140.0,167.38270059900722,5.051567999998952,2859.197621000021,28012.0
1780244360,50,,Aggregated,269.500000,0.000000,160,200,240,270,360,450,540,600,780,920,920,17036,0,150.0,180.07367711469877,1.2198940000871517,2859.197621000021,20730.81732801127
1780244361,50,POST,SOAP/listar-musicas,52.900000,0.000000,250,300,350,390,480,560,670,700,920,920,920,3471,0,260.0,277.1474568847594,12.122670000053404,1274.8671340000328,71703.0
1780244361,50,POST,SOAP/listar-musicas-playlist,54.500000,0.000000,160,180,210,240,310,360,450,490,540,540,540,3458,0,130.0,161.05585041411075,41.09813800005213,828.9558049998504,753.0
1780244361,50,POST,SOAP/listar-playlists-musica,54.100000,0.000000,150,180,200,220,280,330,450,520,600,600,600,3446,0,120.0,147.93951895037705,42.77574899992942,1022.8558399999201,1263.0
1780244361,50,POST,SOAP/listar-playlists-usuario,53.600000,0.000000,130,170,200,220,260,280,390,480,600,600,600,3464,0,130.0,146.83929458602742,1.2198940000871517,726.6173319999325,1608.0
1780244361,50,POST,SOAP/listar-usuarios,53.900000,0.000000,150,190,230,250,310,430,540,580,740,740,740,3474,0,140.0,167.52375189263097,5.051567999998952,2859.197621000021,28012.0
1780244361,50,,Aggregated,269.000000,0.000000,160,200,240,260,330,430,530,600,780,920,920,17313,0,150.0,180.17318583740578,1.2198940000871517,2859.197621000021,20719.753075723445
1780244362,50,POST,SOAP/listar-musicas,52.900000,0.000000,230,290,320,350,450,510,610,670,780,780,780,3524,0,260.0,276.0267564406928,12.122670000053404,1274.8671340000328,71703.0
1780244362,50,POST,SOAP/listar-musicas-playlist,54.400000,0.000000,170,190,210,240,310,360,440,490,540,540,540,3513,0,130.0,161.6154255149431,41.09813800005213,828.9558049998504,753.0
1780244362,50,POST,SOAP/listar-playlists-musica,54.300000,0.000000,160,180,210,220,280,330,450,520,600,600,600,3502,0,120.0,148.3163168823526,42.77574899992942,1022.8558399999201,1263.0
1780244362,50,POST,SOAP/listar-playlists-usuario,53.000000,0.000000,140,170,200,220,260,290,380,480,600,600,600,3519,0,130.0,147.174664364308,1.2198940000871517,726.6173319999325,1608.0
1780244362,50,POST,SOAP/listar-usuarios,53.700000,0.000000,150,190,210,230,290,340,450,510,580,580,580,3537,0,140.0,167.34600836867395,5.051567999998952,2859.197621000021,28012.0
1780244362,50,,Aggregated,268.300000,0.000000,170,200,240,260,320,400,500,560,740,780,780,17595,0,150.0,180.1470586388751,1.2198940000871517,2859.197621000021,20715.355669224213
1780244363,50,POST,SOAP/listar-musicas,52.600000,0.000000,220,280,300,320,420,490,580,630,780,780,780,3579,0,260.0,274.83521186812004,12.122670000053404,1274.8671340000328,71703.0
1780244363,50,POST,SOAP/listar-musicas-playlist,54.500000,0.000000,170,190,210,250,300,350,440,490,540,540,540,3568,0,130.0,162.06599704203907,41.09813800005213,828.9558049998504,753.0
1780244363,50,POST,SOAP/listar-playlists-musica,54.300000,0.000000,160,180,200,220,270,320,380,520,600,600,600,3562,0,120.0,148.65021005614784,42.77574899992942,1022.8558399999201,1263.0
1780244363,50,POST,SOAP/listar-playlists-usuario,51.000000,0.000000,140,180,210,230,270,290,340,450,600,600,600,3574,0,130.0,147.48525233603797,1.2198940000871517,726.6173319999325,1608.0
1780244363,50,POST,SOAP/listar-usuarios,53.600000,0.000000,150,180,210,230,280,310,440,480,580,580,580,3597,0,140.0,167.13703344648312,5.051567999998952,2859.197621000021,28012.0
1780244363,50,,Aggregated,266.000000,0.000000,170,200,230,250,300,370,480,530,740,780,780,17880,0,150.0,180.07175336118604,1.2198940000871517,2859.197621000021,20711.225
1780244364,50,POST,SOAP/listar-musicas,52.800000,0.000000,220,270,300,310,390,480,570,630,780,780,780,3633,0,260.0,273.9291145829899,12.122670000053404,1274.8671340000328,71703.0
1780244364,50,POST,SOAP/listar-musicas-playlist,54.100000,0.000000,180,190,210,240,290,330,360,400,490,490,490,3623,0,130.0,162.3553612232945,41.09813800005213,828.9558049998504,753.0
1780244364,50,POST,SOAP/listar-playlists-musica,54.300000,0.000000,160,180,200,220,280,320,380,500,600,600,600,3614,0,120.0,149.01862347122278,42.77574899992942,1022.8558399999201,1263.0
1780244364,50,POST,SOAP/listar-playlists-usuario,50.700000,0.000000,150,190,210,230,270,290,330,450,600,600,600,3628,0,130.0,147.8937003084347,1.2198940000871517,726.6173319999325,1608.0
1780244364,50,POST,SOAP/listar-usuarios,53.700000,0.000000,150,180,200,220,270,300,430,460,580,580,580,3655,0,140.0,167.06774397373442,5.051567999998952,2859.197621000021,28012.0
1780244364,50,,Aggregated,265.600000,0.000000,170,200,230,250,300,350,450,510,740,780,780,18153,0,150.0,180.08826095741782,1.2198940000871517,2859.197621000021,20713.23109127968
1780244365,50,POST,SOAP/listar-musicas,53.700000,0.000000,210,260,290,300,340,420,510,580,780,780,780,3688,0,260.0,273.065303145608,12.122670000053404,1274.8671340000328,71703.0
1780244365,50,POST,SOAP/listar-musicas-playlist,52.700000,0.000000,180,190,210,240,290,330,370,400,490,490,490,3676,0,140.0,162.58902178481938,41.09813800005213,828.9558049998504,753.0
1780244365,50,POST,SOAP/listar-playlists-musica,52.700000,0.000000,160,180,200,220,270,300,360,430,600,600,600,3672,0,120.0,149.20769887636163,42.77574899992942,1022.8558399999201,1263.0
1780244365,50,POST,SOAP/listar-playlists-usuario,53.000000,0.000000,160,190,220,230,280,290,330,450,600,600,600,3678,0,130.0,148.41193843365986,1.2198940000871517,726.6173319999325,1608.0
1780244365,50,POST,SOAP/listar-usuarios,53.400000,0.000000,150,180,200,220,270,300,340,410,570,570,570,3708,0,140.0,167.06175956715177,5.051567999998952,2859.197621000021,28012.0
1780244365,50,,Aggregated,265.500000,0.000000,170,200,230,250,290,330,410,480,630,780,780,18422,0,150.0,180.10839574367654,1.2198940000871517,2859.197621000021,20715.945499945716
1780244366,50,POST,SOAP/listar-musicas,54.300000,0.000000,210,260,280,290,310,340,450,490,600,600,600,3740,0,260.0,272.5002872491986,12.122670000053404,1274.8671340000328,71703.0
1780244366,50,POST,SOAP/listar-musicas-playlist,52.400000,0.000000,180,200,210,240,290,330,350,400,490,490,490,3728,0,140.0,162.8301769313295,41.09813800005213,828.9558049998504,753.0
1780244366,50,POST,SOAP/listar-playlists-musica,53.100000,0.000000,160,180,190,210,260,300,330,350,560,560,560,3726,0,120.0,149.0916864769186,42.77574899992942,1022.8558399999201,1263.0
1780244366,50,POST,SOAP/listar-playlists-usuario,53.400000,0.000000,160,200,220,240,280,290,310,340,600,600,600,3733,0,130.0,149.17539823546738,1.2198940000871517,726.6173319999325,1608.0
1780244366,50,POST,SOAP/listar-usuarios,53.000000,0.000000,150,190,210,220,270,300,310,350,570,570,570,3769,0,140.0,167.3064743459801,5.051567999998952,2859.197621000021,28012.0
1780244366,50,,Aggregated,266.200000,0.000000,170,200,230,250,290,310,350,410,580,600,600,18696,0,150.0,180.20686035237534,1.2198940000871517,2859.197621000021,20713.64109970047
1780244367,50,POST,SOAP/listar-musicas,54.400000,0.000000,210,250,270,290,310,330,350,370,390,390,390,3797,0,260.0,272.079823574138,12.122670000053404,1274.8671340000328,71703.0
1780244367,50,POST,SOAP/listar-musicas-playlist,52.300000,0.000000,180,190,210,240,290,330,350,370,450,450,450,3781,0,140.0,162.85259377386893,41.09813800005213,828.9558049998504,753.0
1780244367,50,POST,SOAP/listar-playlists-musica,52.600000,0.000000,160,180,190,210,260,300,320,340,560,560,560,3778,0,120.0,148.79172220539914,42.77574899992942,1022.8558399999201,1263.0
1780244367,50,POST,SOAP/listar-playlists-usuario,53.700000,0.000000,170,210,230,250,280,300,320,340,370,370,370,3785,0,130.0,149.865204358256,1.2198940000871517,726.6173319999325,1608.0
1780244367,50,POST,SOAP/listar-usuarios,53.200000,0.000000,150,190,210,230,270,300,300,310,360,360,360,3826,0,140.0,167.45385023314137,5.051567999998952,2859.197621000021,28012.0
1780244367,50,,Aggregated,266.200000,0.000000,170,200,230,250,290,310,340,360,410,560,560,18967,0,150.0,180.2544473638431,1.2198940000871517,2859.197621000021,20727.325881794695
1780244368,50,POST,SOAP/listar-musicas,54.800000,0.000000,220,270,290,300,320,340,360,380,390,390,390,3852,0,260.0,271.8403436998966,12.122670000053404,1274.8671340000328,71703.0
1780244368,50,POST,SOAP/listar-musicas-playlist,52.200000,0.000000,170,190,220,240,300,330,370,390,410,410,410,3834,0,140.0,162.8707924668747,41.09813800005213,828.9558049998504,753.0
1780244368,50,POST,SOAP/listar-playlists-musica,52.800000,0.000000,150,170,180,200,260,300,330,340,400,400,400,3831,0,120.0,148.41187934429604,42.77574899992942,1022.8558399999201,1263.0
1780244368,50,POST,SOAP/listar-playlists-usuario,53.700000,0.000000,180,220,250,260,290,300,330,340,370,370,370,3837,0,130.0,150.4414134712014,1.2198940000871517,726.6173319999325,1608.0
1780244368,50,POST,SOAP/listar-usuarios,53.300000,0.000000,150,190,210,230,280,300,300,310,360,360,360,3878,0,140.0,167.09328846518812,5.051567999998952,2859.197621000021,28012.0
1780244368,50,,Aggregated,266.800000,0.000000,170,200,240,260,300,320,350,360,400,410,410,19232,0,150.0,180.18786440177885,1.2198940000871517,2859.197621000021,20732.422160981696
1780244369,50,POST,SOAP/listar-musicas,54.700000,0.000000,240,280,300,310,340,370,390,430,450,450,450,3910,0,260.0,272.0819514465475,12.122670000053404,1274.8671340000328,71703.0
1780244369,50,POST,SOAP/listar-musicas-playlist,52.700000,0.000000,170,190,210,240,300,330,380,390,470,470,470,3886,0,130.0,162.5433930427172,41.09813800005213,828.9558049998504,753.0
1780244369,50,POST,SOAP/listar-playlists-musica,52.900000,0.000000,140,160,170,190,260,300,340,360,400,400,400,3885,0,120.0,147.99006839459415,42.77574899992942,1022.8558399999201,1263.0
1780244369,50,POST,SOAP/listar-playlists-usuario,53.800000,0.000000,180,230,260,270,300,330,360,380,420,420,420,3892,0,130.0,151.4932524601743,1.2198940000871517,726.6173319999325,1608.0
1780244369,50,POST,SOAP/listar-usuarios,54.100000,0.000000,150,190,210,240,280,300,310,340,410,410,410,3932,0,140.0,167.03186870345826,5.051567999998952,2859.197621000021,28012.0
1780244369,50,,Aggregated,268.200000,0.000000,160,210,250,270,300,330,370,390,440,470,470,19505,0,150.0,180.3028206895672,1.2198940000871517,2859.197621000021,20743.04860292233
1780244370,50,POST,SOAP/listar-musicas,55.100000,0.000000,250,290,310,320,360,380,410,440,460,460,460,3968,0,260.0,272.34679733518146,12.122670000053404,1274.8671340000328,71703.0
1780244370,50,POST,SOAP/listar-musicas-playlist,53.300000,0.000000,160,190,200,230,310,350,390,410,470,470,470,3938,0,130.0,162.30867263712514,41.09813800005213,828.9558049998504,753.0
1780244370,50,POST,SOAP/listar-playlists-musica,53.000000,0.000000,130,150,160,180,250,310,340,360,400,400,400,3937,0,120.0,147.15363724358613,42.77574899992942,1022.8558399999201,1263.0
1780244370,50,POST,SOAP/listar-playlists-usuario,55.900000,0.000000,190,240,270,280,310,340,370,390,420,420,420,3945,0,130.0,152.5042111852973,1.2198940000871517,726.6173319999325,1608.0
1780244370,50,POST,SOAP/listar-usuarios,53.600000,0.000000,150,190,220,250,290,300,310,350,410,410,410,3986,0,140.0,166.98979647039602,5.051567999998952,2859.197621000021,28012.0
1780244370,50,,Aggregated,270.900000,0.000000,160,210,250,280,310,350,380,400,450,470,470,19774,0,150.0,180.35996542712704,1.2198940000871517,2859.197621000021,20757.289420451096
1780244371,50,POST,SOAP/listar-musicas,54.700000,0.000000,260,300,320,340,380,400,440,460,600,600,600,4007,0,260.0,273.033411477165,12.122670000053404,1274.8671340000328,71703.0
1780244371,50,POST,SOAP/listar-musicas-playlist,54.500000,0.000000,140,180,200,230,310,350,400,420,470,470,470,3991,0,130.0,162.03186429741862,41.09813800005213,828.9558049998504,753.0
1780244371,50,POST,SOAP/listar-playlists-musica,53.100000,0.000000,120,140,160,170,250,310,340,380,620,620,620,3989,0,120.0,146.74140710353433,42.77574899992942,1022.8558399999201,1263.0
1780244371,50,POST,SOAP/listar-playlists-usuario,56.300000,0.000000,190,250,280,290,330,370,390,410,440,440,440,3998,0,130.0,153.41795557028436,1.2198940000871517,726.6173319999325,1608.0
1780244371,50,POST,SOAP/listar-usuarios,53.600000,0.000000,150,190,220,250,290,300,360,390,500,500,500,4034,0,140.0,167.1151131048585,5.051567999998952,2859.197621000021,28012.0
1780244371,50,,Aggregated,272.200000,0.000000,160,210,260,280,320,360,400,420,510,620,620,20019,0,150.0,180.50716198466506,1.2198940000871517,2859.197621000021,20719.63849343124
1780244372,50,POST,SOAP/listar-musicas,54.700000,0.000000,270,310,340,360,400,440,560,640,880,880,880,4069,0,260.0,274.06481388424646,12.122670000053404,1274.8671340000328,71703.0
1780244372,50,POST,SOAP/listar-musicas-playlist,57.100000,0.000000,130,170,200,220,310,360,410,430,500,500,500,4052,0,130.0,161.63902090621843,41.09813800005213,828.9558049998504,753.0
1780244372,50,POST,SOAP/listar-playlists-musica,54.800000,0.000000,110,140,150,170,250,310,350,390,620,620,620,4047,0,120.0,146.54954954608314,42.77574899992942,1022.8558399999201,1263.0
1780244372,50,POST,SOAP/listar-playlists-usuario,56.000000,0.000000,180,250,280,290,340,370,400,410,440,440,440,4059,0,130.0,152.7711104914996,1.2198940000871517,726.6173319999325,1608.0
1780244372,50,POST,SOAP/listar-usuarios,53.800000,0.000000,150,190,220,250,290,320,390,450,700,700,700,4084,0,140.0,167.27866897845232,5.051567999998952,2859.197621000021,28012.0
1780244372,50,,Aggregated,276.400000,0.000000,150,210,260,280,340,380,430,480,710,880,880,20311,0,150.0,180.51701486943074,1.2198940000871517,2859.197621000021,20720.294618679534
1780244373,50,POST,SOAP/listar-musicas,54.800000,0.000000,280,330,350,370,420,510,620,710,1000,1000,1000,4122,0,260.0,275.0300678129549,12.122670000053404,1274.8671340000328,71703.0
1780244373,50,POST,SOAP/listar-musicas-playlist,57.200000,0.000000,120,170,190,220,310,370,420,440,500,500,500,4106,0,130.0,161.645441734047,41.09813800005213,828.9558049998504,753.0
1780244373,50,POST,SOAP/listar-playlists-musica,55.900000,0.000000,110,140,160,180,260,320,390,470,620,620,620,4099,0,120.0,147.16305093583753,42.77574899992942,1022.8558399999201,1263.0
1780244373,50,POST,SOAP/listar-playlists-usuario,56.400000,0.000000,170,240,280,290,340,370,400,410,440,440,440,4114,0,130.0,152.254553957948,1.2198940000871517,726.6173319999325,1608.0
1780244373,50,POST,SOAP/listar-usuarios,54.000000,0.000000,150,200,230,250,300,350,450,560,840,840,840,4141,0,140.0,167.43299120091757,5.051567999998952,2859.197621000021,28012.0
1780244373,50,,Aggregated,278.300000,0.000000,150,210,270,290,350,390,450,550,840,1000,1000,20582,0,150.0,180.75632691754987,1.2198940000871517,2859.197621000021,20719.153872315615
1780244374,50,POST,SOAP/listar-musicas,54.400000,0.000000,290,340,370,380,440,560,650,720,1000,1000,1000,4178,0,260.0,275.705024235998,12.122670000053404,1274.8671340000328,71703.0
1780244374,50,POST,SOAP/listar-musicas-playlist,55.600000,0.000000,110,150,190,220,310,380,420,440,500,500,500,4164,0,130.0,161.48011803722298,41.09813800005213,828.9558049998504,753.0
1780244374,50,POST,SOAP/listar-playlists-musica,54.500000,0.000000,100,140,160,180,240,320,390,470,620,620,620,4150,0,120.0,147.2532378481923,42.77574899992942,1022.8558399999201,1263.0
1780244374,50,POST,SOAP/listar-playlists-usuario,56.200000,0.000000,150,240,270,290,340,370,400,410,820,820,820,4171,0,130.0,151.78682859745822,1.2198940000871517,816.2841140001547,1608.0
1780244374,50,POST,SOAP/listar-usuarios,53.900000,0.000000,150,200,230,260,300,370,450,570,840,840,840,4193,0,140.0,167.34460101240145,5.051567999998952,2859.197621000021,28012.0
1780244374,50,,Aggregated,274.600000,0.000000,150,210,270,290,360,410,490,590,840,1000,1000,20856,0,150.0,180.77188885500655,1.2198940000871517,2859.197621000021,20718.899117759876
1780244375,50,POST,SOAP/listar-musicas,54.000000,0.000000,300,350,380,390,470,580,650,720,1000,1000,1000,4230,0,260.0,276.06675740354603,12.122670000053404,1274.8671340000328,71703.0
1780244375,50,POST,SOAP/listar-musicas-playlist,54.900000,0.000000,110,150,190,230,320,390,430,450,700,700,700,4214,0,130.0,161.49655372069205,41.09813800005213,828.9558049998504,753.0
1780244375,50,POST,SOAP/listar-playlists-musica,54.900000,0.000000,100,140,170,190,270,330,420,480,620,620,620,4205,0,120.0,147.75969114958323,42.77574899992942,1022.8558399999201,1263.0
1780244375,50,POST,SOAP/listar-playlists-usuario,54.600000,0.000000,140,220,270,290,350,380,410,430,820,820,820,4222,0,130.0,151.52831116863996,1.2198940000871517,816.2841140001547,1608.0
1780244375,50,POST,SOAP/listar-usuarios,54.100000,0.000000,140,190,220,250,300,390,480,570,840,840,840,4249,0,140.0,167.1990346481524,5.051567999998952,2859.197621000021,28012.0
1780244375,50,,Aggregated,272.500000,0.000000,140,210,270,290,370,420,520,610,840,1000,1000,21120,0,150.0,180.86267000255762,1.2198940000871517,2859.197621000021,20719.683285984847
1780244376,50,POST,SOAP/listar-musicas,53.400000,0.000000,310,360,390,420,510,600,690,790,1000,1000,1000,4284,0,260.0,277.0920210324458,12.122670000053404,1274.8671340000328,71703.0
1780244376,50,POST,SOAP/listar-musicas-playlist,55.100000,0.000000,110,140,180,210,310,390,440,470,700,700,700,4267,0,130.0,161.46659391024065,41.09813800005213,828.9558049998504,753.0
1780244376,50,POST,SOAP/listar-playlists-musica,54.700000,0.000000,100,150,180,200,280,340,420,480,620,620,620,4258,0,120.0,148.06223853804528,42.77574899992942,1022.8558399999201,1263.0
1780244376,50,POST,SOAP/listar-playlists-usuario,54.200000,0.000000,120,200,260,280,350,380,410,460,820,820,820,4276,0,130.0,151.33730218358224,1.2198940000871517,816.2841140001547,1608.0
1780244376,50,POST,SOAP/listar-usuarios,54.600000,0.000000,140,190,220,250,310,390,490,610,840,840,840,4299,0,140.0,166.99341238962558,5.051567999998952,2859.197621000021,28012.0
1780244376,50,,Aggregated,272.000000,0.000000,140,210,270,300,380,430,550,640,840,1000,1000,21384,0,150.0,181.04714599761567,1.2198940000871517,2859.197621000021,20719.507716049382
1780244377,50,POST,SOAP/listar-musicas,53.600000,0.000000,320,370,410,430,520,620,710,790,1000,1000,1000,4341,0,260.0,277.88230009375656,12.122670000053404,1274.8671340000328,71703.0
1780244377,50,POST,SOAP/listar-musicas-playlist,55.100000,0.000000,110,140,180,210,290,380,450,500,700,700,700,4317,0,130.0,161.32973810956616,41.09813800005213,828.9558049998504,753.0
1780244377,50,POST,SOAP/listar-playlists-musica,54.700000,0.000000,98,160,190,210,290,360,460,480,620,620,620,4309,0,120.0,148.30285170874868,42.77574899992942,1022.8558399999201,1263.0
1780244377,50,POST,SOAP/listar-playlists-usuario,53.800000,0.000000,120,180,250,280,360,390,420,530,820,820,820,4328,0,130.0,151.05682211367747,1.2198940000871517,816.2841140001547,1608.0
1780244377,50,POST,SOAP/listar-usuarios,54.100000,0.000000,140,190,220,250,340,410,500,610,840,840,840,4354,0,140.0,167.25098554409752,5.051567999998952,2859.197621000021,28012.0
1780244377,50,,Aggregated,271.300000,0.000000,140,210,270,310,390,450,560,650,840,1000,1000,21649,0,150.0,181.2448265188236,1.2198940000871517,2859.197621000021,20734.415585015475
1780244378,50,POST,SOAP/listar-musicas,53.100000,0.000000,320,380,420,440,540,620,710,790,1000,1000,1000,4397,0,260.0,278.5691674896515,12.122670000053404,1274.8671340000328,71703.0
1780244378,50,POST,SOAP/listar-musicas-playlist,54.700000,0.000000,110,150,190,220,310,390,450,540,700,700,700,4373,0,130.0,161.40835245780877,41.09813800005213,828.9558049998504,753.0
1780244378,50,POST,SOAP/listar-playlists-musica,54.300000,0.000000,110,160,200,210,280,360,460,490,620,620,620,4366,0,120.0,148.26657862368242,42.77574899992942,1022.8558399999201,1263.0
1780244378,50,POST,SOAP/listar-playlists-usuario,53.800000,0.000000,100,170,220,260,340,390,430,510,820,820,820,4385,0,130.0,150.62338985838002,1.2198940000871517,816.2841140001547,1608.0
1780244378,50,POST,SOAP/listar-usuarios,54.100000,0.000000,130,190,220,250,330,410,500,610,840,840,840,4409,0,140.0,166.7624375763215,5.051567999998952,2859.197621000021,28012.0
1780244378,50,,Aggregated,270.000000,0.000000,140,210,260,300,390,470,580,660,840,1000,1000,21930,0,150.0,181.20284490761568,1.2198940000871517,2859.197621000021,20731.473141814866
1780244379,50,POST,SOAP/listar-musicas,53.200000,0.000000,320,380,420,460,550,630,720,790,1000,1000,1000,4444,0,260.0,278.7271821676411,12.122670000053404,1274.8671340000328,71703.0
1780244379,50,POST,SOAP/listar-musicas-playlist,55.100000,0.000000,120,160,210,230,320,400,500,570,730,730,730,4425,0,130.0,161.61079293129893,41.09813800005213,828.9558049998504,753.0
1780244379,50,POST,SOAP/listar-playlists-musica,55.500000,0.000000,120,170,200,230,290,390,470,490,620,620,620,4418,0,120.0,148.42292673268366,42.77574899992942,1022.8558399999201,1263.0
1780244379,50,POST,SOAP/listar-playlists-usuario,54.200000,0.000000,100,150,190,230,330,390,450,510,820,820,820,4441,0,130.0,150.5271628162569,1.2198940000871517,816.2841140001547,1608.0
1780244379,50,POST,SOAP/listar-usuarios,53.800000,0.000000,130,180,220,260,340,430,520,660,840,840,840,4463,0,140.0,166.6266060770783,5.051567999998952,2859.197621000021,28012.0
1780244379,50,,Aggregated,271.800000,0.000000,150,210,260,300,400,490,580,680,840,1000,1000,22191,0,150.0,181.22975618800442,1.2198940000871517,2859.197621000021,20716.451489342526
1780244380,50,POST,SOAP/listar-musicas,52.800000,0.000000,310,380,430,470,560,640,760,800,1000,1000,1000,4496,0,260.0,279.1997064844303,12.122670000053404,1274.8671340000328,71703.0
1780244380,50,POST,SOAP/listar-musicas-playlist,55.000000,0.000000,120,170,210,230,320,420,500,570,730,730,730,4486,0,130.0,161.73589871711954,41.09813800005213,828.9558049998504,753.0
1780244380,50,POST,SOAP/listar-playlists-musica,55.100000,0.000000,140,190,220,240,300,400,480,490,620,620,620,4477,0,120.0,148.7097341063204,42.77574899992942,1022.8558399999201,1263.0
1780244380,50,POST,SOAP/listar-playlists-usuario,52.700000,0.000000,91,130,170,190,270,380,460,510,820,820,820,4490,0,130.0,150.21256867884102,1.2198940000871517,816.2841140001547,1608.0
1780244380,50,POST,SOAP/listar-usuarios,54.000000,0.000000,130,180,220,250,340,440,530,660,840,840,840,4517,0,140.0,166.25867938299754,5.051567999998952,2859.197621000021,28012.0
1780244380,50,,Aggregated,269.600000,0.000000,150,210,260,290,400,490,600,680,880,1000,1000,22466,0,150.0,181.2537830381023,1.2198940000871517,2859.197621000021,20705.030757589248
1780244381,50,POST,SOAP/listar-musicas,52.800000,0.000000,300,380,420,460,550,630,730,790,1000,1000,1000,4551,0,270.0,279.89189168863953,12.122670000053404,1274.8671340000328,71703.0
1780244381,50,POST,SOAP/listar-musicas-playlist,53.700000,0.000000,130,170,210,230,310,400,490,570,730,730,730,4539,0,130.0,161.5134213694641,41.09813800005213,828.9558049998504,753.0
1780244381,50,POST,SOAP/listar-playlists-musica,55.300000,0.000000,140,190,220,250,300,400,470,490,540,540,540,4533,0,120.0,148.84292700088136,42.77574899992942,1022.8558399999201,1263.0
1780244381,50,POST,SOAP/listar-playlists-usuario,52.200000,0.000000,98,140,170,200,280,380,490,530,820,820,820,4547,0,130.0,150.2062134053213,1.2198940000871517,816.2841140001547,1608.0
1780244381,50,POST,SOAP/listar-usuarios,54.000000,0.000000,120,180,210,250,330,400,490,570,840,840,840,4572,0,140.0,166.13850509886225,5.051567999998952,2859.197621000021,28012.0
1780244381,50,,Aggregated,268.000000,0.000000,150,210,260,290,400,490,580,680,840,1000,1000,22742,0,150.0,181.34620105672337,1.2198940000871517,2859.197621000021,20703.800853047225
1780244382,50,POST,SOAP/listar-musicas,52.600000,0.000000,310,380,430,460,550,630,760,790,1000,1000,1000,4607,0,270.0,280.30341944367245,12.122670000053404,1274.8671340000328,71703.0
1780244382,50,POST,SOAP/listar-musicas-playlist,51.000000,0.000000,130,170,210,240,320,410,510,570,730,730,730,4591,0,130.0,161.59660010346292,41.09813800005213,828.9558049998504,753.0
1780244382,50,POST,SOAP/listar-playlists-musica,52.700000,0.000000,140,180,220,240,290,390,460,490,540,540,540,4585,0,120.0,148.71001759781785,42.77574899992942,1022.8558399999201,1263.0
1780244382,50,POST,SOAP/listar-playlists-usuario,51.700000,0.000000,100,150,180,200,280,380,490,530,820,820,820,4600,0,130.0,149.8901389928253,1.2198940000871517,816.2841140001547,1608.0
1780244382,50,POST,SOAP/listar-usuarios,53.800000,0.000000,120,180,210,240,330,410,490,570,750,750,750,4622,0,140.0,166.25580610060553,5.051567999998952,2859.197621000021,28012.0
1780244382,50,,Aggregated,261.800000,0.000000,150,210,260,290,400,490,580,680,830,1000,1000,23005,0,150.0,181.39588134327326,1.2198940000871517,2859.197621000021,20710.79604433819
1780244383,50,POST,SOAP/listar-musicas,52.700000,0.000000,310,380,430,460,540,620,760,790,940,940,940,4663,0,270.0,280.8933565861032,12.122670000053404,1274.8671340000328,71703.0
1780244383,50,POST,SOAP/listar-musicas-playlist,50.900000,0.000000,130,170,220,240,320,430,540,620,730,730,730,4640,0,130.0,161.91123164439625,41.09813800005213,828.9558049998504,753.0
1780244383,50,POST,SOAP/listar-playlists-musica,51.800000,0.000000,140,180,220,240,290,390,460,490,530,530,530,4632,0,120.0,149.01628420768452,42.77574899992942,1022.8558399999201,1263.0
1780244383,50,POST,SOAP/listar-playlists-usuario,51.400000,0.000000,100,150,180,210,280,380,500,570,820,820,820,4651,0,130.0,149.70617644979498,1.2198940000871517,816.2841140001547,1608.0
1780244383,50,POST,SOAP/listar-usuarios,53.700000,0.000000,130,180,210,250,330,400,490,640,750,750,750,4676,0,140.0,166.19417022027383,5.051567999998952,2859.197621000021,28012.0
1780244383,50,,Aggregated,260.500000,0.000000,150,210,260,290,400,490,580,680,820,940,940,23262,0,150.0,181.61484961134042,1.2198940000871517,2859.197621000021,20727.286776717392
1780244384,50,POST,SOAP/listar-musicas,52.300000,0.000000,310,380,430,460,540,610,730,790,940,940,940,4713,0,270.0,280.71664018459586,12.122670000053404,1274.8671340000328,71703.0
1780244384,50,POST,SOAP/listar-musicas-playlist,52.100000,0.000000,120,180,220,240,320,430,540,620,730,730,730,4699,0,130.0,161.94861022196181,41.09813800005213,828.9558049998504,753.0
1780244384,50,POST,SOAP/listar-playlists-musica,53.300000,0.000000,130,170,210,240,290,390,450,490,530,530,530,4689,0,120.0,149.01869576881944,42.77574899992942,1022.8558399999201,1263.0
1780244384,50,POST,SOAP/listar-playlists-usuario,51.500000,0.000000,100,150,180,210,280,380,490,530,800,800,800,4705,0,130.0,149.20131962359122,1.2198940000871517,816.2841140001547,1608.0
1780244384,50,POST,SOAP/listar-usuarios,53.600000,0.000000,130,180,210,240,330,400,520,640,750,750,750,4729,0,140.0,166.3177977009941,5.051567999998952,2859.197621000021,28012.0
1780244384,50,,Aggregated,262.800000,0.000000,150,210,260,290,400,490,580,660,800,940,940,23535,0,150.0,181.48594787507975,1.2198940000871517,2859.197621000021,20710.90635224134
1780244385,50,POST,SOAP/listar-musicas,52.500000,0.000000,280,360,420,450,530,610,720,780,940,940,940,4773,0,260.0,280.0014843339617,12.122670000053404,1274.8671340000328,71703.0
1780244385,50,POST,SOAP/listar-musicas-playlist,53.100000,0.000000,140,190,220,240,320,420,510,610,730,730,730,4759,0,130.0,162.2725756432022,41.09813800005213,828.9558049998504,753.0
1780244385,50,POST,SOAP/listar-playlists-musica,52.900000,0.000000,140,180,210,230,290,390,480,500,740,740,740,4749,0,120.0,149.75646921814982,42.77574899992942,1022.8558399999201,1263.0
1780244385,50,POST,SOAP/listar-playlists-usuario,52.400000,0.000000,110,150,170,200,270,330,450,500,660,660,660,4768,0,130.0,149.0996533934557,1.2198940000871517,816.2841140001547,1608.0
1780244385,50,POST,SOAP/listar-usuarios,53.200000,0.000000,140,180,200,230,320,390,520,640,750,750,750,4788,0,140.0,166.35870901023432,5.051567999998952,2859.197621000021,28012.0
1780244385,50,,Aggregated,264.100000,0.000000,150,200,240,280,380,480,570,650,800,940,940,23837,0,150.0,181.53829721231716,1.2198940000871517,2859.197621000021,20707.65335402945
1780244386,50,POST,SOAP/listar-musicas,53.400000,0.000000,250,340,400,430,520,610,710,770,940,940,940,4830,0,260.0,278.79960893850915,12.122670000053404,1274.8671340000328,71703.0
1780244386,50,POST,SOAP/listar-musicas-playlist,53.400000,0.000000,150,200,230,250,310,410,510,570,730,730,730,4814,0,130.0,162.77127520398824,41.09813800005213,828.9558049998504,753.0
1780244386,50,POST,SOAP/listar-playlists-musica,53.200000,0.000000,160,190,210,230,270,390,480,500,740,740,740,4806,0,120.0,150.31917013732684,42.77574899992942,1022.8558399999201,1263.0
1780244386,50,POST,SOAP/listar-playlists-usuario,53.400000,0.000000,120,150,180,190,260,320,450,500,660,660,660,4820,0,130.0,149.2159695412856,1.2198940000871517,816.2841140001547,1608.0
1780244386,50,POST,SOAP/listar-usuarios,53.300000,0.000000,140,180,200,220,320,360,510,570,750,750,750,4842,0,140.0,166.33706893969472,5.051567999998952,2859.197621000021,28012.0
1780244386,50,,Aggregated,266.700000,0.000000,160,200,230,260,370,460,560,640,800,940,940,24112,0,150.0,181.53790737723983,1.2198940000871517,2859.197621000021,20711.88926675514
1780244387,50,POST,SOAP/listar-musicas,53.700000,0.000000,220,310,370,410,510,580,680,760,940,940,940,4885,0,260.0,277.7354658798361,12.122670000053404,1274.8671340000328,71703.0
1780244387,50,POST,SOAP/listar-musicas-playlist,53.100000,0.000000,170,210,230,250,310,390,510,570,730,730,730,4868,0,140.0,163.20616271857006,41.09813800005213,828.9558049998504,753.0
1780244387,50,POST,SOAP/listar-playlists-musica,53.000000,0.000000,160,200,210,230,270,330,480,500,740,740,740,4861,0,130.0,150.79105250853584,42.77574899992942,1022.8558399999201,1263.0
1780244387,50,POST,SOAP/listar-playlists-usuario,53.000000,0.000000,130,160,180,190,250,310,440,490,660,660,660,4875,0,130.0,149.38809052533253,1.2198940000871517,816.2841140001547,1608.0
1780244387,50,POST,SOAP/listar-usuarios,52.900000,0.000000,150,180,200,220,310,350,510,570,750,750,750,4900,0,140.0,166.34280531612293,5.051567999998952,2859.197621000021,28012.0
1780244387,50,,Aggregated,265.700000,0.000000,160,200,230,250,350,450,560,630,800,940,940,24389,0,150.0,181.53951964168297,1.2198940000871517,2859.197621000021,20713.108450530977
1780244388,50,POST,SOAP/listar-musicas,54.100000,0.000000,210,270,330,370,480,560,650,730,940,940,940,4941,0,260.0,276.7636003217972,12.122670000053404,1274.8671340000328,71703.0
1780244388,50,POST,SOAP/listar-musicas-playlist,53.900000,0.000000,170,210,230,250,290,380,490,560,730,730,730,4922,0,140.0,163.5807427925639,41.09813800005213,828.9558049998504,753.0
1780244388,50,POST,SOAP/listar-playlists-musica,53.900000,0.000000,160,200,220,230,270,320,450,500,740,740,740,4915,0,130.0,151.18870467446425,42.77574899992942,1022.8558399999201,1263.0
1780244388,50,POST,SOAP/listar-playlists-usuario,53.900000,0.000000,140,170,190,200,240,280,390,470,660,660,660,4927,0,130.0,149.5898894662058,1.2198940000871517,816.2841140001547,1608.0
1780244388,50,POST,SOAP/listar-usuarios,53.600000,0.000000,150,180,200,220,300,350,510,570,750,750,750,4955,0,140.0,166.30923799374384,5.051567999998952,2859.197621000021,28012.0
1780244388,50,,Aggregated,269.400000,0.000000,170,200,230,240,320,420,530,610,790,940,940,24660,0,150.0,181.54166700523106,1.2198940000871517,2859.197621000021,20718.59326845093
1780244389,50,POST,SOAP/listar-musicas,53.700000,0.000000,210,240,300,350,460,560,650,720,800,800,800,4997,0,260.0,275.85962475745475,12.122670000053404,1274.8671340000328,71703.0
1780244389,50,POST,SOAP/listar-musicas-playlist,53.300000,0.000000,180,210,230,240,270,330,450,510,700,700,700,4976,0,140.0,163.93242199658377,41.09813800005213,828.9558049998504,753.0
1780244389,50,POST,SOAP/listar-playlists-musica,53.000000,0.000000,170,200,220,230,260,290,430,500,740,740,740,4969,0,130.0,151.56145300603552,42.77574899992942,1022.8558399999201,1263.0
1780244389,50,POST,SOAP/listar-playlists-usuario,53.300000,0.000000,140,170,190,210,240,280,380,450,660,660,660,4983,0,130.0,149.88773602448245,1.2198940000871517,816.2841140001547,1608.0
1780244389,50,POST,SOAP/listar-usuarios,54.100000,0.000000,150,180,200,220,260,340,490,540,740,740,740,5011,0,140.0,166.36557644561975,5.051567999998952,2859.197621000021,28012.0
1780244389,50,,Aggregated,267.400000,0.000000,170,200,220,240,300,400,530,610,760,800,800,24936,0,150.0,181.57906757034004,1.2198940000871517,2859.197621000021,20721.184712864935
1780244390,50,POST,SOAP/listar-musicas,54.100000,0.000000,210,230,250,300,430,520,620,650,790,790,790,5054,0,260.0,274.9545452291257,12.122670000053404,1274.8671340000328,71703.0
1780244390,50,POST,SOAP/listar-musicas-playlist,53.100000,0.000000,180,220,240,250,270,310,430,510,700,700,700,5027,0,140.0,164.22186991844058,41.09813800005213,828.9558049998504,753.0
1780244390,50,POST,SOAP/listar-playlists-musica,53.300000,0.000000,170,200,220,230,260,280,410,500,740,740,740,5023,0,130.0,151.89106256559654,42.77574899992942,1022.8558399999201,1263.0
1780244390,50,POST,SOAP/listar-playlists-usuario,52.900000,0.000000,150,180,200,210,230,270,340,440,660,660,660,5040,0,130.0,150.14204420912625,1.2198940000871517,816.2841140001547,1608.0
1780244390,50,POST,SOAP/listar-usuarios,53.900000,0.000000,150,190,210,220,250,330,440,530,740,740,740,5065,0,140.0,166.39037363770998,5.051567999998952,2859.197621000021,28012.0
1780244390,50,,Aggregated,267.300000,0.000000,170,200,220,230,270,370,510,560,740,790,790,25209,0,150.0,181.58576556880487,1.2198940000871517,2859.197621000021,20726.78178428339
1780244391,50,POST,SOAP/listar-musicas,54.200000,0.000000,200,230,250,270,380,490,560,630,760,760,760,5106,0,250.0,274.2647127925972,12.122670000053404,1274.8671340000328,71703.0
1780244391,50,POST,SOAP/listar-musicas-playlist,53.000000,0.000000,190,220,240,250,270,310,430,500,700,700,700,5080,0,140.0,164.63683867342556,41.09813800005213,828.9558049998504,753.0
1780244391,50,POST,SOAP/listar-playlists-musica,53.100000,0.000000,180,200,220,230,260,280,370,500,740,740,740,5076,0,130.0,152.24478051359165,42.77574899992942,1022.8558399999201,1263.0
1780244391,50,POST,SOAP/listar-playlists-usuario,53.500000,0.000000,150,180,200,210,230,250,320,370,570,570,570,5090,0,130.0,150.3808437047142,1.2198940000871517,816.2841140001547,1608.0
1780244391,50,POST,SOAP/listar-usuarios,53.700000,0.000000,160,190,210,220,250,310,400,530,740,740,740,5120,0,140.0,166.49118274550807,5.051567999998952,2859.197621000021,28012.0
1780244391,50,,Aggregated,267.500000,0.000000,170,200,220,230,270,330,480,540,740,760,760,25472,0,150.0,181.6668742140784,1.2198940000871517,2859.197621000021,20726.990656407033
1780244392,50,POST,SOAP/listar-musicas,54.500000,0.000000,200,230,240,260,310,430,560,630,760,760,760,5164,0,250.0,273.57736184934174,12.122670000053404,1274.8671340000328,71703.0
1780244392,50,POST,SOAP/listar-musicas-playlist,53.500000,0.000000,190,220,240,250,270,310,340,450,610,610,610,5136,0,140.0,165.0402694480146,41.09813800005213,828.9558049998504,753.0
1780244392,50,POST,SOAP/listar-playlists-musica,53.800000,0.000000,180,200,220,230,260,280,320,500,740,740,740,5128,0,130.0,152.4598590031184,42.77574899992942,1022.8558399999201,1263.0
1780244392,50,POST,SOAP/listar-playlists-usuario,54.100000,0.000000,160,190,200,210,230,270,290,330,570,570,570,5145,0,130.0,150.71729400155408,1.2198940000871517,816.2841140001547,1608.0
1780244392,50,POST,SOAP/listar-usuarios,54.100000,0.000000,160,190,210,220,240,280,350,490,740,740,740,5172,0,140.0,166.4298753275333,5.051567999998952,2859.197621000021,28012.0
1780244392,50,,Aggregated,270.000000,0.000000,180,210,220,230,260,300,410,520,740,760,760,25745,0,150.0,181.72189824334865,1.2198940000871517,2859.197621000021,20732.94185278695
1780244393,50,POST,SOAP/listar-musicas,54.800000,0.000000,200,220,240,250,280,310,480,610,720,720,720,5220,0,250.0,272.90298220383164,12.122670000053404,1274.8671340000328,71703.0
1780244393,50,POST,SOAP/listar-musicas-playlist,53.800000,0.000000,190,220,240,250,270,310,330,340,500,500,500,5189,0,140.0,165.30196966236315,41.09813800005213,828.9558049998504,753.0
1780244393,50,POST,SOAP/listar-playlists-musica,53.800000,0.000000,180,200,220,230,260,280,310,410,740,740,740,5181,0,130.0,152.6933271306679,42.77574899992942,1022.8558399999201,1263.0
1780244393,50,POST,SOAP/listar-playlists-usuario,55.000000,0.000000,160,190,210,220,240,260,280,290,390,390,390,5202,0,130.0,151.10615840042206,1.2198940000871517,816.2841140001547,1608.0
1780244393,50,POST,SOAP/listar-usuarios,54.300000,0.000000,160,190,210,220,240,270,310,350,530,530,530,5228,0,140.0,166.45927834678676,5.051567999998952,2859.197621000021,28012.0
1780244393,50,,Aggregated,271.700000,0.000000,180,210,220,230,260,290,330,410,700,740,740,26020,0,150.0,181.77221209615692,1.2198940000871517,2859.197621000021,20736.05426594927
1780244394,50,POST,SOAP/listar-musicas,55.200000,0.000000,200,220,240,250,270,290,310,310,340,340,340,5277,0,250.0,272.23683086753863,12.122670000053404,1274.8671340000328,71703.0
1780244394,50,POST,SOAP/listar-musicas-playlist,54.000000,0.000000,190,220,240,250,270,310,330,330,360,360,360,5245,0,140.0,165.59737647054396,41.09813800005213,828.9558049998504,753.0
1780244394,50,POST,SOAP/listar-playlists-musica,53.600000,0.000000,180,200,220,230,260,280,310,330,540,540,540,5236,0,130.0,153.02426169747707,42.77574899992942,1022.8558399999201,1263.0
1780244394,50,POST,SOAP/listar-playlists-usuario,54.700000,0.000000,170,200,210,220,240,260,280,290,300,300,300,5272,0,130.0,151.42489846661528,1.2198940000871517,816.2841140001547,1608.0
1780244394,50,POST,SOAP/listar-usuarios,54.200000,0.000000,160,190,210,220,240,260,280,290,400,400,400,5283,0,140.0,166.41611617016883,5.051567999998952,2859.197621000021,28012.0
1780244394,50,,Aggregated,271.700000,0.000000,180,210,220,230,260,280,300,320,400,540,540,26313,0,150.0,181.80653809018375,1.2198940000871517,2859.197621000021,20727.551248432334
1780244395,50,POST,SOAP/listar-musicas,55.500000,0.000000,210,230,250,260,280,300,310,320,340,340,340,5333,0,250.0,271.51889539358734,12.122670000053404,1274.8671340000328,71703.0
1780244395,50,POST,SOAP/listar-musicas-playlist,53.600000,0.000000,190,220,240,250,280,310,330,340,350,350,350,5308,0,140.0,165.75791173153794,41.09813800005213,828.9558049998504,753.0
1780244395,50,POST,SOAP/listar-playlists-musica,53.900000,0.000000,170,200,220,230,260,290,310,330,350,350,350,5292,0,130.0,153.18926241005104,42.77574899992942,1022.8558399999201,1263.0
1780244395,50,POST,SOAP/listar-playlists-usuario,55.500000,0.000000,170,200,220,230,250,270,280,290,300,300,300,5327,0,130.0,151.66125318415536,1.2198940000871517,816.2841140001547,1608.0
1780244395,50,POST,SOAP/listar-usuarios,54.200000,0.000000,160,190,210,220,240,260,280,290,310,310,310,5336,0,140.0,166.36141790536,5.051567999998952,2859.197621000021,28012.0
1780244395,50,,Aggregated,272.700000,0.000000,180,210,230,240,260,290,310,320,340,350,350,26596,0,150.0,181.76172593374955,1.2198940000871517,2859.197621000021,20721.56215220334
1780244396,50,POST,SOAP/listar-musicas,55.200000,0.000000,210,240,260,270,290,310,330,340,420,420,420,5386,0,250.0,271.1253699847755,12.122670000053404,1274.8671340000328,71703.0
1780244396,50,POST,SOAP/listar-musicas-playlist,54.100000,0.000000,180,210,240,250,290,320,330,340,390,390,390,5365,0,140.0,165.95046560186452,41.09813800005213,828.9558049998504,753.0
1780244396,50,POST,SOAP/listar-playlists-musica,53.600000,0.000000,160,190,220,230,260,290,320,340,370,370,370,5342,0,130.0,153.29103442399654,42.77574899992942,1022.8558399999201,1263.0
1780244396,50,POST,SOAP/listar-playlists-usuario,55.500000,0.000000,180,210,220,230,260,280,300,320,330,330,330,5383,0,140.0,152.05856949786295,1.2198940000871517,816.2841140001547,1608.0
1780244396,50,POST,SOAP/listar-usuarios,54.100000,0.000000,150,190,210,220,250,270,300,310,370,370,370,5391,0,140.0,166.34549701150095,5.051567999998952,2859.197621000021,28012.0
1780244396,50,,Aggregated,272.500000,0.000000,180,210,230,240,270,300,330,340,370,420,420,26867,0,150.0,181.81360221018383,1.2198940000871517,2859.197621000021,20718.640153347973
1780244397,50,POST,SOAP/listar-musicas,54.700000,0.000000,210,250,270,280,300,310,330,340,420,420,420,5441,0,250.0,270.58095031464813,12.122670000053404,1274.8671340000328,71703.0
1780244397,50,POST,SOAP/listar-musicas-playlist,55.400000,0.000000,170,200,240,250,300,320,330,340,390,390,390,5433,0,140.0,165.96558422216137,41.09813800005213,828.9558049998504,753.0
1780244397,50,POST,SOAP/listar-playlists-musica,54.300000,0.000000,150,180,210,230,260,300,330,340,370,370,370,5410,0,130.0,153.10724695083,42.77574899992942,1022.8558399999201,1263.0
1780244397,50,POST,SOAP/listar-playlists-usuario,55.800000,0.000000,180,210,230,240,270,290,300,320,330,330,330,5439,0,140.0,152.3202597694423,1.2198940000871517,816.2841140001547,1608.0
1780244397,50,POST,SOAP/listar-usuarios,54.400000,0.000000,150,190,210,220,260,280,300,310,370,370,370,5445,0,140.0,166.2825706407717,5.051567999998952,2859.197621000021,28012.0
1780244397,50,,Aggregated,274.600000,0.000000,170,210,230,250,280,300,330,340,370,420,420,27168,0,150.0,181.68840789789502,1.2198940000871517,2859.197621000021,20698.290415194348
1780244398,50,POST,SOAP/listar-musicas,54.800000,0.000000,220,260,280,290,300,320,340,350,420,420,420,5495,0,250.0,270.2627393219292,12.122670000053404,1274.8671340000328,71703.0
1780244398,50,POST,SOAP/listar-musicas-playlist,56.000000,0.000000,160,200,230,250,300,320,330,340,390,390,390,5491,0,140.0,165.8438969440907,41.09813800005213,828.9558049998504,753.0
1780244398,50,POST,SOAP/listar-playlists-musica,54.700000,0.000000,150,180,200,220,260,300,330,340,370,370,370,5477,0,130.0,152.71772376556325,42.77574899992942,1022.8558399999201,1263.0
1780244398,50,POST,SOAP/listar-playlists-usuario,55.800000,0.000000,180,220,240,250,280,290,310,320,340,340,340,5492,0,140.0,152.73813625782907,1.2198940000871517,816.2841140001547,1608.0
1780244398,50,POST,SOAP/listar-usuarios,54.100000,0.000000,150,200,220,230,260,280,300,310,370,370,370,5502,0,140.0,166.21236507597285,5.051567999998952,2859.197621000021,28012.0
1780244398,50,,Aggregated,275.400000,0.000000,170,210,240,250,290,310,330,340,370,420,420,27457,0,150.0,181.57540302050532,1.2198940000871517,2859.197621000021,20687.377317259714
1780244399,50,POST,SOAP/listar-musicas,54.800000,0.000000,230,270,290,290,320,340,390,410,440,440,440,5550,0,250.0,270.22682303243243,12.122670000053404,1274.8671340000328,71703.0
1780244399,50,POST,SOAP/listar-musicas-playlist,56.000000,0.000000,150,200,220,250,310,330,340,360,450,450,450,5542,0,140.0,165.67424852291614,41.09813800005213,828.9558049998504,753.0
1780244399,50,POST,SOAP/listar-playlists-musica,54.600000,0.000000,140,160,190,210,260,300,330,340,370,370,370,5541,0,130.0,152.3257462898375,42.77574899992942,1022.8558399999201,1263.0
1780244399,50,POST,SOAP/listar-playlists-usuario,55.800000,0.000000,180,220,250,260,280,300,330,370,400,400,400,5546,0,140.0,153.25434832023024,1.2198940000871517,816.2841140001547,1608.0
1780244399,50,POST,SOAP/listar-usuarios,53.800000,0.000000,150,190,210,230,260,280,300,330,400,400,400,5558,0,140.0,166.04636392155513,5.051567999998952,2859.197621000021,28012.0
1780244399,50,,Aggregated,275.000000,0.000000,160,210,240,260,290,320,340,370,440,450,450,27737,0,150.0,181.51915563312613,1.2198940000871517,2859.197621000021,20684.707178137505
1780244400,50,POST,SOAP/listar-musicas,54.500000,0.000000,240,280,290,300,340,380,430,450,460,460,460,5601,0,250.0,270.42358214675977,12.122670000053404,1274.8671340000328,71703.0
1780244400,50,POST,SOAP/listar-musicas-playlist,56.400000,0.000000,150,190,210,240,310,330,360,450,500,500,500,5596,0,140.0,165.43343731343853,41.09813800005213,828.9558049998504,753.0
1780244400,50,POST,SOAP/listar-playlists-musica,56.300000,0.000000,130,160,180,200,250,310,340,350,460,460,460,5592,0,130.0,151.9339379831884,42.77574899992942,1022.8558399999201,1263.0
1780244400,50,POST,SOAP/listar-playlists-usuario,55.700000,0.000000,180,230,250,270,300,330,370,400,440,440,440,5596,0,140.0,153.8167370423512,1.2198940000871517,816.2841140001547,1608.0
1780244400,50,POST,SOAP/listar-usuarios,54.600000,0.000000,150,180,210,230,260,280,300,330,400,400,400,5627,0,140.0,165.74298001226293,5.051567999998952,2859.197621000021,28012.0
1780244400,50,,Aggregated,277.500000,0.000000,160,210,240,260,300,330,370,420,500,500,500,28012,0,150.0,181.47282554012634,1.2198940000871517,2859.197621000021,20687.80804655148
1780244401,50,POST,SOAP/listar-musicas,54.500000,0.000000,250,290,300,320,370,430,450,460,490,490,490,5653,0,250.0,270.8720010684596,12.122670000053404,1274.8671340000328,71703.0
1780244401,50,POST,SOAP/listar-musicas-playlist,56.500000,0.000000,140,170,210,230,310,340,440,470,500,500,500,5646,0,140.0,165.29522464240213,41.09813800005213,828.9558049998504,753.0
1780244401,50,POST,SOAP/listar-playlists-musica,56.800000,0.000000,120,150,170,190,250,310,340,350,460,460,460,5642,0,130.0,151.5591634796153,42.77574899992942,1022.8558399999201,1263.0
1780244401,50,POST,SOAP/listar-playlists-usuario,55.200000,0.000000,190,240,260,270,310,350,400,410,440,440,440,5648,0,140.0,154.5011849994683,1.2198940000871517,816.2841140001547,1608.0
1780244401,50,POST,SOAP/listar-usuarios,54.900000,0.000000,150,180,210,220,260,280,330,370,430,430,430,5672,0,140.0,165.68548425617126,5.051567999998952,2859.197621000021,28012.0
1780244401,50,,Aggregated,277.900000,0.000000,160,210,240,270,310,350,420,450,500,500,500,28261,0,150.0,181.59243552248742,1.2198940000871517,2859.197621000021,20688.5952726372
1780244402,50,POST,SOAP/listar-musicas,54.200000,0.000000,260,300,320,340,420,450,530,620,820,820,820,5705,0,260.0,271.55616428729206,12.122670000053404,1274.8671340000328,71703.0
1780244402,50,POST,SOAP/listar-musicas-playlist,56.100000,0.000000,130,160,200,220,310,340,460,500,640,640,640,5697,0,140.0,165.2401513614183,41.09813800005213,828.9558049998504,753.0
1780244402,50,POST,SOAP/listar-playlists-musica,57.000000,0.000000,120,150,160,180,260,310,350,420,600,600,600,5690,0,130.0,151.6964089086097,42.77574899992942,1022.8558399999201,1263.0
1780244402,50,POST,SOAP/listar-playlists-usuario,55.100000,0.000000,180,230,260,270,310,350,400,410,440,440,440,5704,0,140.0,153.78347354382848,1.2198940000871517,816.2841140001547,1608.0
1780244402,50,POST,SOAP/listar-usuarios,55.200000,0.000000,140,190,210,230,270,310,430,440,570,570,570,5726,0,140.0,166.01018681226037,5.051567999998952,2859.197621000021,28012.0
1780244402,50,,Aggregated,277.600000,0.000000,150,210,250,270,320,380,440,470,690,820,820,28522,0,150.0,181.66709519094087,1.2198940000871517,2859.197621000021,20689.666573171588
1780244403,50,POST,SOAP/listar-musicas,53.800000,0.000000,280,310,340,380,450,520,650,730,950,950,950,5762,0,260.0,272.8432623495317,12.122670000053404,1274.8671340000328,71703.0
1780244403,50,POST,SOAP/listar-musicas-playlist,56.100000,0.000000,130,160,200,220,320,350,460,500,640,640,640,5748,0,140.0,165.099290657446,41.09813800005213,828.9558049998504,753.0
1780244403,50,POST,SOAP/listar-playlists-musica,56.700000,0.000000,120,140,160,180,270,320,370,420,600,600,600,5737,0,130.0,151.74002245720555,42.77574899992942,1022.8558399999201,1263.0
1780244403,50,POST,SOAP/listar-playlists-usuario,54.700000,0.000000,170,220,260,270,310,360,410,420,440,440,440,5759,0,140.0,153.18587084788993,1.2198940000871517,816.2841140001547,1608.0
1780244403,50,POST,SOAP/listar-usuarios,56.200000,0.000000,150,190,220,230,280,340,430,440,830,830,830,5777,0,140.0,166.127853190757,5.051567999998952,2859.197621000021,28012.0
1780244403,50,,Aggregated,277.500000,0.000000,150,210,250,280,330,400,460,550,830,950,950,28783,0,150.0,181.82830654518366,1.2198940000871517,2859.197621000021,20700.154848347982
1780244404,50,POST,SOAP/listar-musicas,53.600000,0.000000,280,320,370,390,450,550,670,750,950,950,950,5818,0,260.0,273.39005172035087,12.122670000053404,1274.8671340000328,71703.0
1780244404,50,POST,SOAP/listar-musicas-playlist,55.800000,0.000000,130,160,200,230,320,370,470,500,640,640,640,5801,0,140.0,165.41909884916382,41.09813800005213,828.9558049998504,753.0
1780244404,50,POST,SOAP/listar-playlists-musica,56.400000,0.000000,110,130,160,180,270,330,400,460,600,600,600,5786,0,130.0,151.76359617352037,42.77574899992942,1022.8558399999201,1263.0
1780244404,50,POST,SOAP/listar-playlists-usuario,54.800000,0.000000,160,220,260,270,320,370,410,420,530,530,530,5808,0,140.0,153.02996809710712,1.2198940000871517,816.2841140001547,1608.0
1780244404,50,POST,SOAP/listar-usuarios,55.100000,0.000000,140,190,220,230,280,360,430,450,830,830,830,5831,0,140.0,165.88571143097286,5.051567999998952,2859.197621000021,28012.0
1780244404,50,,Aggregated,275.700000,0.000000,150,210,260,290,350,420,490,570,830,950,950,29044,0,150.0,181.9433039132012,1.2198940000871517,2859.197621000021,20710.685890373228
1780244405,50,POST,SOAP/listar-musicas,53.500000,0.000000,290,340,390,410,470,560,670,750,950,950,950,5874,0,260.0,273.70223508103527,12.122670000053404,1274.8671340000328,71703.0
1780244405,50,POST,SOAP/listar-musicas-playlist,55.900000,0.000000,120,160,200,230,330,390,490,500,860,860,860,5856,0,140.0,165.31961275034152,41.09813800005213,859.9656920000598,753.0
1780244405,50,POST,SOAP/listar-playlists-musica,55.900000,0.000000,100,130,160,190,280,340,420,460,720,720,720,5841,0,130.0,151.73271272795574,42.77574899992942,1022.8558399999201,1263.0
1780244405,50,POST,SOAP/listar-playlists-usuario,54.000000,0.000000,150,210,260,280,330,380,430,440,750,750,750,5868,0,140.0,153.0734846728014,1.2198940000871517,816.2841140001547,1608.0
1780244405,50,POST,SOAP/listar-usuarios,55.400000,0.000000,140,190,220,240,300,370,440,450,830,830,830,5885,0,140.0,165.69879171605828,5.051567999998952,2859.197621000021,28012.0
1780244405,50,,Aggregated,274.700000,0.000000,140,210,270,290,370,440,500,600,850,950,950,29324,0,150.0,181.9493231989162,1.2198940000871517,2859.197621000021,20708.516471149913
1780244406,50,POST,SOAP/listar-musicas,53.500000,0.000000,300,370,400,430,500,580,710,790,950,950,950,5923,0,260.0,273.86734141347307,12.122670000053404,1274.8671340000328,71703.0
1780244406,50,POST,SOAP/listar-musicas-playlist,54.900000,0.000000,110,150,190,230,330,430,500,510,860,860,860,5903,0,140.0,165.19581221870223,41.09813800005213,859.9656920000598,753.0
1780244406,50,POST,SOAP/listar-playlists-musica,55.100000,0.000000,97,130,160,190,290,370,460,490,980,980,980,5892,0,130.0,151.98057618210956,42.77574899992942,1022.8558399999201,1263.0
1780244406,50,POST,SOAP/listar-playlists-usuario,53.600000,0.000000,140,200,250,280,350,400,440,480,750,750,750,5918,0,140.0,153.08979750980032,1.2198940000871517,816.2841140001547,1608.0
1780244406,50,POST,SOAP/listar-usuarios,54.300000,0.000000,140,190,220,240,310,400,440,520,830,830,830,5938,0,140.0,165.87890527585097,5.051567999998952,2859.197621000021,28012.0
1780244406,50,,Aggregated,271.400000,0.000000,140,210,270,300,390,450,530,620,920,980,980,29574,0,150.0,182.0420321490166,1.2198940000871517,2859.197621000021,20708.555623182525
1780244408,50,POST,SOAP/listar-musicas,53.700000,0.000000,310,380,420,440,510,580,720,820,950,950,950,5974,0,260.0,274.02475352075675,12.122670000053404,1274.8671340000328,71703.0
1780244408,50,POST,SOAP/listar-musicas-playlist,53.600000,0.000000,110,160,200,240,340,440,500,520,860,860,860,5958,0,140.0,165.34692195669703,41.09813800005213,859.9656920000598,753.0
1780244408,50,POST,SOAP/listar-playlists-musica,54.500000,0.000000,100,140,180,210,310,380,460,490,980,980,980,5953,0,130.0,152.170491627749,42.77574899992942,1022.8558399999201,1263.0
1780244408,50,POST,SOAP/listar-playlists-usuario,53.500000,0.000000,120,190,220,260,350,400,440,480,750,750,750,5966,0,140.0,152.87091746496796,1.2198940000871517,816.2841140001547,1608.0
1780244408,50,POST,SOAP/listar-usuarios,54.600000,0.000000,140,190,220,230,340,420,460,570,830,830,830,5994,0,140.0,165.80831650267,5.051567999998952,2859.197621000021,28012.0
1780244408,50,,Aggregated,269.900000,0.000000,140,210,270,310,400,460,550,650,920,980,980,29845,0,150.0,182.0711917548676,1.2198940000871517,2859.197621000021,20702.16086446641
1780244409,50,POST,SOAP/listar-musicas,53.200000,0.000000,300,380,430,440,520,600,750,850,950,950,950,6040,0,260.0,274.1727390703643,12.122670000053404,1274.8671340000328,71703.0
1780244409,50,POST,SOAP/listar-musicas-playlist,52.300000,0.000000,120,170,200,240,330,440,500,520,860,860,860,6008,0,140.0,165.39101388715065,41.09813800005213,859.9656920000598,753.0
1780244409,50,POST,SOAP/listar-playlists-musica,53.300000,0.000000,110,150,200,220,310,400,470,510,980,980,980,6001,0,130.0,152.39530148808365,42.77574899992942,1022.8558399999201,1263.0
1780244409,50,POST,SOAP/listar-playlists-usuario,53.000000,0.000000,110,170,200,240,340,400,470,530,750,750,750,6033,0,140.0,152.7930119076742,1.2198940000871517,816.2841140001547,1608.0
1780244409,50,POST,SOAP/listar-usuarios,54.300000,0.000000,140,190,220,240,360,420,460,570,830,830,830,6044,0,140.0,165.76450325347494,5.051567999998952,2859.197621000021,28012.0
1780244409,50,,Aggregated,266.100000,0.000000,140,210,270,310,410,470,560,650,930,980,980,30126,0,150.0,182.16416577547724,1.2198940000871517,2859.197621000021,20719.47815840138
1780244410,50,POST,SOAP/listar-musicas,53.100000,0.000000,280,360,410,440,510,600,750,850,950,950,950,6095,0,260.0,273.4644184894175,12.122670000053404,1274.8671340000328,71703.0
1780244410,50,POST,SOAP/listar-musicas-playlist,52.000000,0.000000,130,180,220,260,330,410,470,520,860,860,860,6067,0,140.0,165.765638983023,41.09813800005213,859.9656920000598,753.0
1780244410,50,POST,SOAP/listar-playlists-musica,52.300000,0.000000,130,160,200,230,320,390,470,510,980,980,980,6054,0,130.0,152.68152996663204,42.77574899992942,1022.8558399999201,1263.0
1780244410,50,POST,SOAP/listar-playlists-usuario,52.500000,0.000000,110,160,190,220,300,390,470,530,750,750,750,6091,0,140.0,152.90464779116712,1.2198940000871517,816.2841140001547,1608.0
1780244410,50,POST,SOAP/listar-usuarios,53.800000,0.000000,140,190,220,240,360,420,460,570,830,830,830,6098,0,140.0,165.75652289094845,5.051567999998952,2859.197621000021,28012.0
1780244410,50,,Aggregated,263.700000,0.000000,150,200,260,290,390,460,560,650,930,980,980,30405,0,150.0,182.17152544338197,1.2198940000871517,2859.197621000021,20715.538299621774
1780244411,50,POST,SOAP/listar-musicas,54.000000,0.000000,260,330,390,420,510,600,750,850,950,950,950,6151,0,260.0,272.684487727849,12.122670000053404,1274.8671340000328,71703.0
1780244411,50,POST,SOAP/listar-musicas-playlist,51.600000,0.000000,150,190,230,260,320,380,470,520,860,860,860,6131,0,140.0,165.92537350872635,41.09813800005213,859.9656920000598,753.0
1780244411,50,POST,SOAP/listar-playlists-musica,51.300000,0.000000,140,170,200,240,310,380,470,510,980,980,980,6113,0,130.0,152.89595530672187,42.77574899992942,1022.8558399999201,1263.0
1780244411,50,POST,SOAP/listar-playlists-usuario,54.000000,0.000000,110,160,190,200,270,360,470,530,750,750,750,6145,0,140.0,153.04926799137482,1.2198940000871517,816.2841140001547,1608.0
1780244411,50,POST,SOAP/listar-usuarios,53.200000,0.000000,140,190,220,240,350,420,460,570,830,830,830,6156,0,140.0,165.70336480669306,5.051567999998952,2859.197621000021,28012.0
1780244411,50,,Aggregated,264.100000,0.000000,160,200,250,280,370,450,560,650,930,980,980,30696,0,150.0,182.10129623869642,1.2198940000871517,2859.197621000021,20709.719409695073
1780244412,50,POST,SOAP/listar-musicas,54.200000,0.000000,250,300,360,390,490,560,730,850,950,950,950,6205,0,250.0,272.09008345560017,12.122670000053404,1274.8671340000328,71703.0
1780244412,50,POST,SOAP/listar-musicas-playlist,52.100000,0.000000,160,190,240,270,320,360,440,500,860,860,860,6184,0,140.0,166.2322970475423,41.09813800005213,859.9656920000598,753.0
1780244412,50,POST,SOAP/listar-playlists-musica,51.100000,0.000000,150,170,200,240,300,370,460,490,980,980,980,6167,0,130.0,153.0936477783345,42.77574899992942,1022.8558399999201,1263.0
1780244412,50,POST,SOAP/listar-playlists-usuario,54.300000,0.000000,130,180,200,220,270,350,470,530,750,750,750,6199,0,140.0,153.3437608040005,1.2198940000871517,816.2841140001547,1608.0
1780244412,50,POST,SOAP/listar-usuarios,52.700000,0.000000,140,190,220,230,310,380,430,550,830,830,830,6208,0,140.0,165.79456551256482,5.051567999998952,2859.197621000021,28012.0
1780244412,50,,Aggregated,264.400000,0.000000,160,200,250,270,350,430,520,610,930,980,980,30963,0,150.0,182.16124582756902,1.2198940000871517,2859.197621000021,20709.5267254465
1780244413,50,POST,SOAP/listar-musicas,54.600000,0.000000,230,280,310,350,430,510,560,750,930,930,930,6260,0,250.0,271.4317338731627,12.122670000053404,1274.8671340000328,71703.0
1780244413,50,POST,SOAP/listar-musicas-playlist,52.500000,0.000000,160,190,240,270,320,350,440,490,860,860,860,6248,0,140.0,166.39706629865577,41.09813800005213,859.9656920000598,753.0
1780244413,50,POST,SOAP/listar-playlists-musica,51.200000,0.000000,150,170,200,240,290,340,440,490,980,980,980,6224,0,130.0,153.2310955263476,42.77574899992942,1022.8558399999201,1263.0
1780244413,50,POST,SOAP/listar-playlists-usuario,54.500000,0.000000,130,190,210,230,270,340,470,530,750,750,750,6255,0,140.0,153.48750694932036,1.2198940000871517,816.2841140001547,1608.0
1780244413,50,POST,SOAP/listar-usuarios,51.900000,0.000000,150,190,220,230,280,360,420,490,770,770,770,6263,0,140.0,165.7613626258986,5.051567999998952,2859.197621000021,28012.0
1780244413,50,,Aggregated,264.700000,0.000000,160,200,240,260,330,400,490,550,920,980,980,31250,0,150.0,182.10398825376063,1.2198940000871517,2859.197621000021,20701.556224
