Timestamp,User Count,Type,Name,Requests/s,Failures/s,50%,66%,75%,80%,90%,95%,98%,99%,99.9%,99.99%,100%,Total Request Count,Total Failure Count,Total Median Response Time,Total Average Response Time,Total Min Response Time,Total Max Response Time,Total Average Content Size
1781107388,0,,Aggregated,0.000000,0.000000,N/A,N/A,N/A,N/A,N/A,N/A,N/A,N/A,N/A,N/A,N/A,0,0,0,0.0,0,0,0
1781107389,10,GET,REST/listar-musicas,0.000000,0.000000,0,0,0,0,0,0,0,0,0,0,0,195,0,7,8.558611348706062,1.6122440001709037,32.59721500035084,50889.0
1781107389,10,GET,REST/listar-musicas-playlist,0.000000,0.000000,0,0,0,0,0,0,0,0,0,0,0,189,0,7,7.780312634923291,1.4209900000423659,26.4395730000615,30493.0
1781107389,10,GET,REST/listar-playlists,0.000000,0.000000,0,0,0,0,0,0,0,0,0,0,0,193,0,7,8.438141782356357,1.376970999444893,27.43878199999017,39163.0
1781107389,10,GET,REST/listar-playlists-musica,0.000000,0.000000,0,0,0,0,0,0,0,0,0,0,0,187,0,7,7.964431545466423,1.79948700042587,26.908256000751862,29577.0
1781107389,10,GET,REST/listar-playlists-usuario,0.000000,0.000000,0,0,0,0,0,0,0,0,0,0,0,191,0,7,7.916029581145229,1.3528529998438898,31.50103699954343,29570.0
1781107389,10,GET,REST/listar-usuarios,0.000000,0.000000,0,0,0,0,0,0,0,0,0,0,0,196,0,7,8.838921147998361,1.1811980002676137,58.41962499926012,21998.0
1781107389,10,,Aggregated,0.000000,0.000000,0,0,0,0,0,0,0,0,0,0,0,1151,0,7,8.255176854041355,1.1811980002676137,58.41962499926012,33653.66463944396
1781107390,20,GET,REST/listar-musicas,0.000000,0.000000,13,17,20,21,28,32,41,65,74,74,74,407,0,10,12.69802871745754,1.6122440001709037,74.31820500005415,50889.0
1781107390,20,GET,REST/listar-musicas-playlist,0.000000,0.000000,11,15,18,19,25,34,41,43,60,60,60,395,0,9,11.294991600002907,1.2017429999104934,59.90977700002986,30493.0
1781107390,20,GET,REST/listar-playlists,0.000000,0.000000,11,15,17,19,24,27,37,49,61,61,61,402,0,9,11.151512198984758,1.376970999444893,60.68396200043935,39163.0
1781107390,20,GET,REST/listar-playlists-musica,0.000000,0.000000,10,14,17,19,26,32,39,49,64,64,64,392,0,9,11.420060520433662,1.1788720003096387,64.26452099913149,29577.0
1781107390,20,GET,REST/listar-playlists-usuario,0.000000,0.000000,10,15,19,22,32,39,44,55,59,59,59,400,0,9,12.068908615012788,1.3528529998438898,59.221729000455525,29570.0
1781107390,20,GET,REST/listar-usuarios,0.000000,0.000000,10,14,18,20,28,36,77,140,170,170,170,410,0,9,13.314709048804284,1.1811980002676137,168.84307300006185,21998.0
1781107390,20,,Aggregated,0.000000,0.000000,11,15,18,20,27,34,43,58,170,170,170,2406,0,9,12.001573214473444,1.1788720003096387,168.84307300006185,33641.4995843724
1781107391,30,GET,REST/listar-musicas,138.000000,0.000000,15,19,23,25,33,40,59,66,110,110,110,633,0,12,15.608183587673015,1.6122440001709037,107.3467050000545,50889.0
1781107391,30,GET,REST/listar-musicas-playlist,133.000000,0.000000,13,18,21,24,36,47,60,78,120,120,120,617,0,11,15.0710860599679,1.2017429999104934,119.17123200055357,30493.0
1781107391,30,GET,REST/listar-playlists,136.000000,0.000000,13,17,20,22,30,44,63,68,120,120,120,628,0,11,14.374769206989667,1.376970999444893,121.6358659994512,39163.0
1781107391,30,GET,REST/listar-playlists-musica,130.000000,0.000000,12,18,21,25,35,46,63,68,82,82,82,612,0,10,14.829171898703315,1.1788720003096387,82.2389770000882,29577.0
1781107391,30,GET,REST/listar-playlists-usuario,135.000000,0.000000,12,18,22,25,34,40,52,64,97,97,97,623,0,10,14.332219706271676,1.3528529998438898,97.41786399990815,29570.0
1781107391,30,GET,REST/listar-usuarios,139.000000,0.000000,13,18,22,26,36,50,140,280,380,380,380,637,0,10,18.575147974900386,0.9807140004340908,375.620737000645,21998.0
1781107391,30,,Aggregated,811.000000,0.000000,13,18,22,25,34,44,62,74,360,380,380,3750,0,11,15.478130856269853,0.9807140004340908,375.620737000645,33641.9312
1781107392,40,GET,REST/listar-musicas,168.500000,0.000000,17,23,28,31,40,57,75,83,130,130,130,840,0,14,19.01566722023658,1.6122440001709037,128.69448299989017,50889.0
1781107392,40,GET,REST/listar-musicas-playlist,160.500000,0.000000,15,21,26,31,46,59,78,95,150,150,150,822,0,13,18.808972911193248,1.2017429999104934,150.32723900003475,30493.0
1781107392,40,GET,REST/listar-playlists,167.000000,0.000000,15,21,26,29,43,61,71,93,150,150,150,832,0,13,18.595615804073873,1.376970999444893,145.009690999359,39163.0
1781107392,40,GET,REST/listar-playlists-musica,159.500000,0.000000,15,21,26,31,43,55,71,82,130,130,130,815,0,13,18.2311652245578,1.1788720003096387,131.529424999826,29577.0
1781107392,40,GET,REST/listar-playlists-usuario,163.500000,0.000000,14,21,26,30,42,56,76,93,110,110,110,827,0,12,18.1323195163443,1.3528529998438898,109.3309110001428,29570.0
1781107392,40,GET,REST/listar-usuarios,168.500000,0.000000,15,22,28,32,50,74,170,280,520,520,520,849,0,13,24.106958176684923,0.9807140004340908,521.9431249997797,21998.0
1781107392,40,,Aggregated,987.500000,0.000000,15,21,27,31,44,60,80,99,360,520,520,4985,0,13,19.50377611575241,0.9807140004340908,521.9431249997797,33627.19538615848
1781107393,50,GET,REST/listar-musicas,188.000000,0.000000,19,26,31,36,56,75,91,110,150,150,150,1051,0,16,22.902376225501385,1.6122440001709037,150.1036519994159,50889.0
1781107393,50,GET,REST/listar-musicas-playlist,181.666667,0.000000,16,24,31,37,54,70,88,100,150,150,150,1027,0,15,21.848270414801437,1.2017429999104934,150.32723900003475,30493.0
1781107393,50,GET,REST/listar-playlists,185.666667,0.000000,18,25,31,38,59,70,91,110,170,170,170,1040,0,15,22.695713434611136,1.376970999444893,169.63666699939495,39163.0
1781107393,50,GET,REST/listar-playlists-musica,180.333333,0.000000,17,25,32,38,53,67,85,96,180,180,180,1019,0,15,22.09474233171453,1.1788720003096387,179.65892600022926,29577.0
1781107393,50,GET,REST/listar-playlists-usuario,182.666667,0.000000,17,25,31,36,55,71,93,110,120,120,120,1034,0,14,21.864949159589038,1.3528529998438898,120.72687199997745,29570.0
1781107393,50,GET,REST/listar-usuarios,188.666667,0.000000,18,27,34,39,61,95,220,340,520,520,520,1058,0,15,29.14969125521392,0.9807140004340908,521.9431249997797,21998.0
1781107393,50,,Aggregated,1107.000000,0.000000,17,25,32,37,56,72,95,120,370,520,520,6229,0,15,23.450856689042656,0.9807140004340908,521.9431249997797,33635.96034676513
1781107394,60,GET,REST/listar-musicas,193.250000,0.000000,21,30,37,44,65,82,110,130,170,190,190,1248,0,19,26.91990625000256,1.6122440001709037,189.19738400018105,50889.0
1781107394,60,GET,REST/listar-musicas-playlist,188.250000,0.000000,19,29,39,45,66,86,120,140,190,250,250,1217,0,16,26.698923394410983,1.2017429999104934,245.44771699947887,30493.0
1781107394,60,GET,REST/listar-playlists,191.500000,0.000000,20,30,38,45,66,89,110,120,190,210,210,1238,0,18,26.96791990226386,1.376970999444893,210.91679999972257,39163.0
1781107394,60,GET,REST/listar-playlists-musica,186.750000,0.000000,20,30,37,44,62,77,97,120,190,300,300,1204,0,17,25.703430818126236,1.1788720003096387,300.54758899950684,29577.0
1781107394,60,GET,REST/listar-playlists-usuario,188.750000,0.000000,20,29,37,44,66,86,120,140,210,210,210,1225,0,17,26.74703505144862,1.3528529998438898,208.43007399980706,29570.0
1781107394,60,GET,REST/listar-usuarios,195.250000,0.000000,20,29,39,46,71,130,220,330,490,520,520,1254,0,17,32.64463464595254,0.9807140004340908,521.9431249997797,21998.0
1781107394,60,,Aggregated,1143.750000,0.000000,20,29,38,45,66,88,120,150,370,520,520,7386,0,17,27.636520186714943,0.9807140004340908,521.9431249997797,33647.80625507717
1781107395,70,GET,REST/listar-musicas,194.200000,0.000000,23,33,44,52,74,92,120,140,210,240,240,1455,0,21,30.618436664612016,1.6122440001709037,240.34931599999254,50889.0
1781107395,70,GET,REST/listar-musicas-playlist,189.400000,0.000000,21,33,43,50,75,95,130,160,250,310,310,1416,0,19,29.969697205512606,1.2017429999104934,310.3505070002939,30493.0
1781107395,70,GET,REST/listar-playlists,193.400000,0.000000,22,34,44,53,74,100,120,150,230,240,240,1441,0,20,30.819026409437235,1.376970999444893,240.2101309999125,39163.0
1781107395,70,GET,REST/listar-playlists-musica,187.800000,0.000000,21,33,42,50,70,92,120,150,260,300,300,1410,0,19,29.539147502146726,1.1788720003096387,300.54758899950684,29577.0
1781107395,70,GET,REST/listar-playlists-usuario,191.400000,0.000000,23,34,45,52,77,110,140,170,230,330,330,1427,0,20,31.39849326701251,1.3528529998438898,329.75852100025804,29570.0
1781107395,70,GET,REST/listar-usuarios,196.200000,0.000000,23,34,46,54,86,130,220,340,490,520,520,1469,0,20,36.955082208322295,0.9178640002573957,521.9431249997797,21998.0
1781107395,70,,Aggregated,1152.400000,0.000000,22,34,44,51,76,100,140,170,430,520,520,8618,0,20,31.578092049210166,0.9178640002573957,521.9431249997797,33635.47087491297
1781107396,80,GET,REST/listar-musicas,196.666667,0.000000,26,38,50,58,82,110,150,170,290,310,310,1660,0,23,34.743350978921725,1.6122440001709037,309.74130100003094,50889.0
1781107396,80,GET,REST/listar-musicas-playlist,191.333333,0.000000,24,37,48,55,81,110,150,190,280,310,310,1624,0,21,33.98340189593894,1.2017429999104934,310.3505070002939,30493.0
1781107396,80,GET,REST/listar-playlists,195.166667,0.000000,25,39,53,61,88,110,150,180,300,320,320,1651,0,22,35.5711803513,1.376970999444893,320.5456690002393,39163.0
1781107396,80,GET,REST/listar-playlists-musica,189.833333,0.000000,24,37,49,56,82,110,140,180,300,370,370,1604,0,21,33.939860422710545,1.1788720003096387,370.799719000388,29577.0
1781107396,80,GET,REST/listar-playlists-usuario,193.000000,0.000000,25,38,50,58,87,120,150,180,230,330,330,1635,0,22,35.04802822142175,1.3528529998438898,329.75852100025804,29570.0
1781107396,80,GET,REST/listar-usuarios,199.166667,0.000000,25,40,52,61,96,140,220,330,490,520,520,1675,0,23,40.42457338747836,0.9178640002573957,521.9431249997797,21998.0
1781107396,80,,Aggregated,1165.166667,0.000000,25,38,50,58,86,120,160,190,370,520,520,9849,0,22,35.64273009930833,0.9178640002573957,521.9431249997797,33636.8761295563
1781107397,90,GET,REST/listar-musicas,197.714286,0.000000,29,42,56,64,91,120,160,190,320,330,330,1865,0,26,38.80176585255648,1.6122440001709037,328.2599020003545,50889.0
1781107397,90,GET,REST/listar-musicas-playlist,191.857143,0.000000,26,41,52,60,94,120,170,200,340,350,350,1812,0,24,37.95951952097251,1.2017429999104934,351.63085400017735,30493.0
1781107397,90,GET,REST/listar-playlists,196.000000,0.000000,27,42,57,65,93,120,170,200,320,420,420,1845,0,25,39.037008914902444,1.376970999444893,424.218244000258,39163.0
1781107397,90,GET,REST/listar-playlists-musica,189.857143,0.000000,26,41,53,62,91,120,160,200,360,370,370,1800,0,24,37.68001377001232,1.1788720003096387,370.799719000388,29577.0
1781107397,90,GET,REST/listar-playlists-usuario,193.428571,0.000000,26,41,55,65,95,130,170,200,320,330,330,1828,0,24,38.67373778775868,1.3528529998438898,329.75852100025804,29570.0
1781107397,90,GET,REST/listar-usuarios,199.000000,0.000000,27,43,57,66,100,140,250,360,820,820,820,1884,0,25,45.12200406211744,0.9178640002573957,819.1543259999889,21998.0
1781107397,90,,Aggregated,1167.857143,0.000000,27,42,55,64,94,130,170,210,470,820,820,11034,0,25,39.57773221407359,0.9178640002573957,819.1543259999889,33637.28729381911
1781107398,100,GET,REST/listar-musicas,198.125000,0.000000,30,46,60,71,99,130,180,220,330,350,350,2060,0,28,42.42336151796687,1.6122440001709037,345.1383100000385,50889.0
1781107398,100,GET,REST/listar-musicas-playlist,191.875000,0.000000,28,45,57,70,100,140,180,210,350,370,370,2014,0,26,42.06550255759779,1.2017429999104934,374.26091599991196,30493.0
1781107398,100,GET,REST/listar-playlists,196.375000,0.000000,30,47,62,71,100,140,190,220,420,430,430,2039,0,27,43.32953922167509,1.376970999444893,428.8326830001097,39163.0
1781107398,100,GET,REST/listar-playlists-musica,190.000000,0.000000,30,46,59,68,100,130,180,230,360,370,370,1997,0,26,42.03673674613507,1.1788720003096387,370.799719000388,29577.0
1781107398,100,GET,REST/listar-playlists-usuario,193.750000,0.000000,30,47,61,72,110,140,190,210,320,330,330,2027,0,26,43.55793098274279,1.3528529998438898,329.75852100025804,29570.0
1781107398,100,GET,REST/listar-usuarios,199.000000,0.000000,30,48,62,74,120,160,270,430,970,1000,1000,2079,0,27,50.36762462435233,0.9178640002573957,1025.6851449994429,21998.0
1781107398,100,,Aggregated,1169.125000,0.000000,30,46,60,71,110,140,190,240,520,970,1000,12216,0,27,43.99267831770525,0.9178640002573957,1025.6851449994429,33630.90209561231
1781107399,110,GET,REST/listar-musicas,198.777778,0.000000,36,55,71,81,120,150,210,250,380,400,400,2264,0,30,46.741126939050446,1.6122440001709037,402.5234070004444,50889.0
1781107399,110,GET,REST/listar-musicas-playlist,193.777778,0.000000,35,52,68,81,120,150,200,230,370,380,380,2215,0,28,45.26394073543973,1.2017429999104934,382.51532100002805,30493.0
1781107399,110,GET,REST/listar-playlists,197.111111,0.000000,37,56,72,83,120,160,210,230,420,430,430,2248,0,30,47.11326830960749,1.376970999444893,428.8326830001097,39163.0
1781107399,110,GET,REST/listar-playlists-musica,192.555556,0.000000,35,53,67,77,110,150,200,240,360,370,370,2192,0,29,44.52552273085818,1.1788720003096387,370.799719000388,29577.0
1781107399,110,GET,REST/listar-playlists-usuario,195.666667,0.000000,36,56,71,82,120,160,200,250,340,350,350,2232,0,30,47.161653155920675,1.3528529998438898,348.97753299992473,29570.0
1781107399,110,GET,REST/listar-usuarios,200.444444,0.000000,37,56,71,86,130,190,300,470,1000,1000,1000,2277,0,30,54.28942186474437,0.9178640002573957,1025.6851449994429,21998.0
1781107399,110,,Aggregated,1178.333333,0.000000,36,55,70,82,120,160,210,260,610,1000,1000,13428,0,30,47.54795476132598,0.9178640002573957,1025.6851449994429,33639.82610962169
1781107400,120,GET,REST/listar-musicas,198.100000,0.000000,45,64,80,91,130,170,230,280,400,450,450,2458,0,32,50.04168260862847,1.6122440001709037,452.8208080000695,50889.0
1781107400,120,GET,REST/listar-musicas-playlist,193.000000,0.000000,42,62,81,93,130,170,210,270,380,440,440,2400,0,30,49.063029574580305,1.2017429999104934,437.252701000034,30493.0
1781107400,120,GET,REST/listar-playlists,196.300000,0.000000,44,65,82,95,130,170,230,250,420,430,430,2436,0,31,50.00990601724234,1.376970999444893,428.8326830001097,39163.0
1781107400,120,GET,REST/listar-playlists-musica,191.400000,0.000000,43,62,79,91,120,170,230,260,380,420,420,2388,0,31,48.62300462020498,1.1788720003096387,422.6275299997724,29577.0
1781107400,120,GET,REST/listar-playlists-usuario,194.700000,0.000000,45,65,81,93,130,170,220,280,350,350,350,2425,0,32,50.29706776742796,1.3528529998438898,349.49027499988006,29570.0
1781107400,120,GET,REST/listar-usuarios,199.700000,0.000000,44,64,82,97,140,210,330,520,1700,1900,1900,2478,0,32,60.1911282901644,0.9178640002573957,1926.2335620005615,21998.0
1781107400,120,,Aggregated,1173.200000,0.000000,44,64,81,93,130,180,230,290,720,1700,1900,14585,0,31,51.409914169427104,0.9178640002573957,1926.2335620005615,33631.64895440521
1781107401,130,GET,REST/listar-musicas,204.600000,0.000000,50,72,87,100,150,200,280,330,480,490,490,2645,0,34,53.85410529149494,1.6122440001709037,494.3087950005065,50889.0
1781107401,130,GET,REST/listar-musicas-playlist,200.200000,0.000000,47,71,89,100,140,190,240,330,630,670,670,2582,0,32,52.460391798600526,1.2017429999104934,666.3595460004217,30493.0
1781107401,130,GET,REST/listar-playlists,202.900000,0.000000,50,72,92,110,140,190,250,310,510,580,580,2627,0,33,53.73633157974975,1.376970999444893,577.0298609995734,39163.0
1781107401,130,GET,REST/listar-playlists-musica,199.800000,0.000000,50,70,87,99,140,180,260,320,420,430,430,2558,0,33,51.97367507976689,1.1788720003096387,428.7910869998086,29577.0
1781107401,130,GET,REST/listar-playlists-usuario,201.200000,0.000000,51,72,90,110,150,180,250,300,410,420,420,2607,0,34,53.33286489183406,1.3528529998438898,424.00888500014844,29570.0
1781107401,130,GET,REST/listar-usuarios,207.500000,0.000000,50,72,91,110,160,230,470,970,2100,2300,2300,2662,0,34,68.43513052931289,0.9178640002573957,2260.0807170001644,21998.0
1781107401,130,,Aggregated,1216.200000,0.000000,50,72,90,100,150,200,270,340,1300,2100,2300,15681,0,33,55.68675086257763,0.9178640002573957,2260.0807170001644,33640.785919265356
1781107402,140,GET,REST/listar-musicas,203.600000,0.000000,56,80,99,120,160,220,300,350,490,550,550,2831,0,36,57.792438374073946,1.6122440001709037,550.9418199999345,50889.0
1781107402,140,GET,REST/listar-musicas-playlist,200.000000,0.000000,53,79,97,110,160,210,270,350,630,670,670,2768,0,35,55.650404763360164,1.2017429999104934,666.3595460004217,30493.0
1781107402,140,GET,REST/listar-playlists,202.500000,0.000000,57,83,110,120,160,210,290,350,580,610,610,2809,0,36,58.4113533770027,1.376970999444893,611.4472409999507,39163.0
1781107402,140,GET,REST/listar-playlists-musica,198.400000,0.000000,53,79,98,110,160,210,300,350,460,490,490,2750,0,35,55.816040910925864,1.1788720003096387,493.798722000065,29577.0
1781107402,140,GET,REST/listar-playlists-usuario,201.100000,0.000000,57,80,100,120,160,200,290,350,670,680,680,2783,0,36,57.39879797700608,1.3528529998438898,679.7719129999678,29570.0
1781107402,140,GET,REST/listar-usuarios,205.400000,0.000000,56,80,100,120,180,250,520,1300,2300,2300,2300,2850,0,36,74.23804903580066,0.9178640002573957,2342.799308999929,21998.0
1781107402,140,,Aggregated,1211.000000,0.000000,56,80,100,120,160,220,310,380,1600,2300,2300,16791,0,36,59.945304751657034,0.9178640002573957,2342.799308999929,33637.34202846763
1781107403,150,GET,REST/listar-musicas,200.300000,0.000000,61,88,110,130,190,250,340,390,560,710,710,2988,0,38,62.42186206158249,1.6122440001709037,709.7553809999226,50889.0
1781107403,150,GET,REST/listar-musicas-playlist,196.700000,0.000000,59,87,110,120,170,220,320,380,670,710,710,2927,0,37,59.138731570201074,1.2017429999104934,705.201892000332,30493.0
1781107403,150,GET,REST/listar-playlists,199.300000,0.000000,62,92,110,130,190,240,330,400,620,860,860,2970,0,38,62.21550110303052,1.376970999444893,861.0390280000502,39163.0
1781107403,150,GET,REST/listar-playlists-musica,195.100000,0.000000,61,88,110,120,180,230,310,370,490,490,490,2903,0,37,59.551890341040924,1.1788720003096387,494.60919499961165,29577.0
1781107403,150,GET,REST/listar-playlists-usuario,198.700000,0.000000,62,89,110,130,180,230,320,380,670,680,680,2955,0,39,61.22933356616267,1.3528529998438898,679.7719129999678,29570.0
1781107403,150,GET,REST/listar-usuarios,202.200000,0.000000,61,88,110,130,200,290,640,1500,2800,2800,2800,3011,0,38,81.4861246393318,0.9178640002573957,2848.387828000341,21998.0
1781107403,150,,Aggregated,1192.300000,0.000000,61,89,110,130,180,240,340,430,1900,2800,2800,17754,0,37,64.41152242081048,0.9178640002573957,2848.387828000341,33631.90334572491
1781107404,160,GET,REST/listar-musicas,197.100000,0.000000,66,97,120,140,210,280,370,420,560,710,710,3176,0,40,65.77626314546684,1.6122440001709037,709.7553809999226,50889.0
1781107404,160,GET,REST/listar-musicas-playlist,193.400000,0.000000,63,92,120,130,190,240,350,440,710,1100,1100,3100,0,38,62.47623029870031,1.2017429999104934,1071.2290680003207,30493.0
1781107404,160,GET,REST/listar-playlists,196.100000,0.000000,67,98,120,140,200,260,340,420,860,990,990,3151,0,40,65.14504683148063,1.376970999444893,989.8392980003337,39163.0
1781107404,160,GET,REST/listar-playlists-musica,191.900000,0.000000,65,95,120,140,190,260,340,410,490,520,520,3088,0,39,63.08143706186509,1.1788720003096387,524.9203639996267,29577.0
1781107404,160,GET,REST/listar-playlists-usuario,194.900000,0.000000,66,96,120,140,190,270,350,420,680,1000,1000,3128,0,40,64.79945435422643,1.3528529998438898,1049.6272339996722,29570.0
1781107404,160,GET,REST/listar-usuarios,198.700000,0.000000,64,92,120,140,220,330,760,1600,2800,2900,2900,3202,0,40,85.12596377702299,0.9178640002573957,2871.3021060002575,21998.0
1781107404,160,,Aggregated,1172.100000,0.000000,65,95,120,140,200,270,370,480,2000,2800,2900,18845,0,40,67.81190104128713,0.9178640002573957,2871.3021060002575,33633.36211196604
1781107405,170,GET,REST/listar-musicas,194.900000,0.000000,73,100,130,150,220,300,400,450,560,710,710,3361,0,41,69.24577000059485,1.6122440001709037,709.7553809999226,50889.0
1781107405,170,GET,REST/listar-musicas-playlist,190.600000,0.000000,69,97,120,140,200,270,370,470,740,1100,1100,3290,0,40,65.4366844969514,1.2017429999104934,1071.2290680003207,30493.0
1781107405,170,GET,REST/listar-playlists,193.200000,0.000000,71,110,130,150,210,280,380,460,860,990,990,3336,0,42,68.75220596612655,1.376970999444893,989.8392980003337,39163.0
1781107405,170,GET,REST/listar-playlists-musica,189.500000,0.000000,68,99,120,140,200,270,370,430,590,590,590,3266,0,40,65.13653127711082,1.1788720003096387,592.4211510000532,29577.0
1781107405,170,GET,REST/listar-playlists-usuario,192.300000,0.000000,71,100,130,140,210,290,360,440,680,1000,1000,3309,0,42,67.46786289604678,1.3528529998438898,1049.6272339996722,29570.0
1781107405,170,GET,REST/listar-usuarios,195.700000,0.000000,67,100,130,150,250,400,1600,2300,3100,3100,3100,3389,0,41,99.46812492623883,0.9178640002573957,3123.6042820000876,21998.0
1781107405,170,,Aggregated,1156.200000,0.000000,70,100,130,140,210,290,410,540,2800,3100,3100,19951,0,41,72.70129963004607,0.9178640002573957,3123.6042820000876,33632.62498120395
1781107406,180,GET,REST/listar-musicas,190.500000,0.000000,77,110,140,160,240,340,450,520,1000,1100,1100,3557,0,43,73.40652114731235,1.6122440001709037,1107.1571799993762,50889.0
1781107406,180,GET,REST/listar-musicas-playlist,187.600000,0.000000,71,100,130,140,210,290,440,610,1100,1100,1100,3474,0,41,68.78438677287592,1.2017429999104934,1072.0272859998659,30493.0
1781107406,180,GET,REST/listar-playlists,189.300000,0.000000,74,110,140,160,230,320,470,580,1300,1600,1600,3526,0,44,73.39436905984054,1.376970999444893,1584.3238180004846,39163.0
1781107406,180,GET,REST/listar-playlists-musica,186.400000,0.000000,71,100,130,150,220,310,450,560,830,850,850,3458,0,41,70.21562495403367,1.1788720003096387,847.7908809991277,29577.0
1781107406,180,GET,REST/listar-playlists-usuario,188.600000,0.000000,72,110,130,150,220,320,440,560,970,1000,1000,3504,0,44,71.22443760959493,1.3528529998438898,1049.6272339996722,29570.0
1781107406,180,GET,REST/listar-usuarios,191.400000,0.000000,69,110,140,160,270,480,1600,2700,3500,3900,3900,3583,0,42,103.58361992744001,0.9178640002573957,3892.597408999791,21998.0
1781107406,180,,Aggregated,1133.800000,0.000000,72,110,130,160,230,330,500,710,3100,3500,3900,21102,0,42,76.88222307601369,0.9178640002573957,3892.597408999791,33633.91967586011
1781107407,190,GET,REST/listar-musicas,189.900000,0.000000,78,120,150,180,260,350,480,550,1000,1100,1100,3729,0,45,76.37351487476127,1.6122440001709037,1107.1571799993762,50889.0
1781107407,190,GET,REST/listar-musicas-playlist,186.400000,0.000000,72,100,130,150,230,330,460,620,1100,1100,1100,3656,0,42,71.64607630168729,1.2017429999104934,1072.0272859998659,30493.0
1781107407,190,GET,REST/listar-playlists,188.700000,0.000000,76,110,140,170,250,350,490,610,1300,1600,1600,3705,0,46,76.6639774582991,1.376970999444893,1584.3238180004846,39163.0
1781107407,190,GET,REST/listar-playlists-musica,185.900000,0.000000,72,110,140,160,240,330,480,580,830,850,850,3614,0,43,72.25296594163157,1.1788720003096387,847.7908809991277,29577.0
1781107407,190,GET,REST/listar-playlists-usuario,187.700000,0.000000,72,110,140,160,240,330,480,590,970,1000,1000,3687,0,45,73.80948936805606,1.3528529998438898,1049.6272339996722,29570.0
1781107407,190,GET,REST/listar-usuarios,191.700000,0.000000,72,110,140,180,280,510,2000,2900,4000,4000,4000,3751,0,44,110.27960778699506,0.9178640002573957,4015.1224069995806,21998.0
1781107407,190,,Aggregated,1130.300000,0.000000,73,110,140,160,250,350,530,760,3100,4000,4000,22142,0,44,80.2859517402241,0.9178640002573957,4015.1224069995806,33636.38198898022
1781107408,200,GET,REST/listar-musicas,187.600000,0.000000,80,120,160,190,290,380,520,600,1000,1100,1100,3901,0,46,79.44870392181146,1.6122440001709037,1107.1571799993762,50889.0
1781107408,200,GET,REST/listar-musicas-playlist,185.200000,0.000000,73,110,140,160,250,360,560,740,1100,1100,1100,3817,0,44,75.46034395414392,1.2017429999104934,1072.0272859998659,30493.0
1781107408,200,GET,REST/listar-playlists,185.800000,0.000000,78,120,150,180,280,380,540,640,1300,1600,1600,3872,0,47,80.20021429106187,1.376970999444893,1584.3238180004846,39163.0
1781107408,200,GET,REST/listar-playlists-musica,183.800000,0.000000,76,120,150,180,270,400,590,720,1400,1400,1400,3785,0,45,78.07905896672585,1.1788720003096387,1448.9297249992887,29577.0
1781107408,200,GET,REST/listar-playlists-usuario,185.500000,0.000000,73,110,140,170,260,350,500,600,970,1000,1000,3841,0,46,76.08104356027542,1.3528529998438898,1049.6272339996722,29570.0
1781107408,200,GET,REST/listar-usuarios,189.400000,0.000000,76,120,160,190,330,610,2400,3100,4400,4500,4500,3928,0,46,122.11177633452698,0.9178640002573957,4490.521326999442,21998.0
1781107408,200,,Aggregated,1117.300000,0.000000,76,120,150,180,280,400,600,900,3700,4400,4500,23144,0,46,85.37453942935677,0.9178640002573957,4490.521326999442,33636.55223816108
1781107409,210,GET,REST/listar-musicas,185.700000,0.000000,82,130,170,200,310,420,570,710,1100,1300,1300,4083,0,47,82.99153244991192,1.6122440001709037,1305.3826750001463,50889.0
1781107409,210,GET,REST/listar-musicas-playlist,182.800000,0.000000,74,110,140,170,270,390,630,830,1100,1100,1100,4004,0,45,78.43430478495726,1.2017429999104934,1072.0272859998659,30493.0
1781107409,210,GET,REST/listar-playlists,184.400000,0.000000,80,130,160,190,310,440,640,820,1300,1600,1600,4056,0,47,84.58574211217879,1.376970999444893,1584.3238180004846,39163.0
1781107409,210,GET,REST/listar-playlists-musica,180.900000,0.000000,77,120,150,180,290,440,640,850,1400,1600,1600,3968,0,46,81.65823619331316,1.1788720003096387,1551.941947999694,29577.0
1781107409,210,GET,REST/listar-playlists-usuario,183.500000,0.000000,73,120,150,180,280,380,560,710,1100,1200,1200,4028,0,46,79.72104959434336,1.3528529998438898,1217.1356369999558,29570.0
1781107409,210,GET,REST/listar-usuarios,186.700000,0.000000,76,120,160,190,340,640,2400,3100,4400,4500,4500,4106,0,46,122.96273178690313,0.9178640002573957,4490.521326999442,21998.0
1781107409,210,,Aggregated,1104.000000,0.000000,77,120,150,190,300,440,690,980,3700,4400,4500,24245,0,46,88.51335941666534,0.9178640002573957,4490.521326999442,33636.303196535366
1781107410,220,GET,REST/listar-musicas,182.200000,0.000000,85,130,170,200,310,450,610,790,1300,1300,1300,4257,0,48,85.48966266149726,1.6122440001709037,1305.3826750001463,50889.0
1781107410,220,GET,REST/listar-musicas-playlist,180.300000,0.000000,78,120,150,180,280,430,700,880,1100,1100,1100,4178,0,46,81.65363565437166,1.2017429999104934,1072.0272859998659,30493.0
1781107410,220,GET,REST/listar-playlists,181.400000,0.000000,82,130,170,200,330,480,700,860,1300,1600,1600,4231,0,49,87.25245862845486,1.376970999444893,1584.3238180004846,39163.0
1781107410,220,GET,REST/listar-playlists-musica,178.800000,0.000000,78,120,160,190,300,480,720,950,1400,1600,1600,4144,0,47,85.19971962960261,1.1788720003096387,1551.941947999694,29577.0
1781107410,220,GET,REST/listar-playlists-usuario,181.000000,0.000000,78,130,160,190,300,430,590,750,1100,1200,1200,4209,0,47,82.67635307009307,1.3528529998438898,1217.1356369999558,29570.0
1781107410,220,GET,REST/listar-usuarios,183.500000,0.000000,81,130,170,210,370,730,2900,3900,5500,5500,5500,4289,0,48,134.2896468197777,0.9178640002573957,5543.373512000471,21998.0
1781107410,220,,Aggregated,1087.200000,0.000000,81,120,160,190,310,480,760,1000,4100,5500,5500,25308,0,48,92.90596805745484,0.9178640002573957,5543.373512000471,33630.05847953216
1781107411,230,GET,REST/listar-musicas,179.700000,0.000000,83,130,170,210,330,480,670,820,1300,1300,1300,4451,0,49,88.20152506650184,1.6011509997042594,1327.4596990004284,50889.0
1781107411,230,GET,REST/listar-musicas-playlist,176.800000,0.000000,75,120,150,180,300,450,740,910,1100,1600,1600,4356,0,46,83.71435466183829,1.2017429999104934,1595.3490450001482,30493.0
1781107411,230,GET,REST/listar-playlists,179.000000,0.000000,78,130,170,200,330,490,780,980,1300,1600,1600,4420,0,49,89.19068256063362,1.376970999444893,1584.3238180004846,39163.0
1781107411,230,GET,REST/listar-playlists-musica,174.600000,0.000000,76,120,160,200,330,530,800,970,1400,1600,1600,4326,0,48,87.80036260658052,1.1788720003096387,1551.941947999694,29577.0
1781107411,230,GET,REST/listar-playlists-usuario,178.100000,0.000000,73,120,160,190,310,450,610,860,1300,1500,1500,4395,0,48,84.78734422844438,1.3528529998438898,1521.9443209998644,29570.0
1781107411,230,GET,REST/listar-usuarios,179.200000,0.000000,81,130,170,210,400,750,3100,4000,5500,5500,5500,4471,0,49,137.6073660630827,0.9178640002573957,5543.373512000471,21998.0
1781107411,230,,Aggregated,1067.400000,0.000000,78,120,160,200,330,510,810,1100,4600,5500,5500,26419,0,48,95.35466195102317,0.9178640002573957,5543.373512000471,33638.601650327415
1781107412,240,GET,REST/listar-musicas,178.300000,0.000000,80,120,170,200,340,500,720,880,1300,1300,1300,4635,0,50,89.94716817691607,1.6011509997042594,1327.4596990004284,50889.0
1781107412,240,GET,REST/listar-musicas-playlist,175.400000,0.000000,75,120,150,190,330,550,840,950,1600,2900,2900,4555,0,48,88.89390440635896,1.2017429999104934,2855.8213880005496,30493.0
1781107412,240,GET,REST/listar-playlists,177.400000,0.000000,77,120,170,200,350,560,820,1000,1700,1800,1800,4604,0,50,92.91768285599403,1.376970999444893,1774.0373739998176,39163.0
1781107412,240,GET,REST/listar-playlists-musica,174.400000,0.000000,74,120,160,200,360,580,880,1000,1600,1800,1800,4517,0,49,90.80619909432447,1.1788720003096387,1788.5433430001285,29577.0
1781107412,240,GET,REST/listar-playlists-usuario,177.100000,0.000000,71,120,160,190,320,480,710,900,1500,2000,2000,4575,0,49,86.80229275147778,1.3528529998438898,2037.3701819999042,29570.0
1781107412,240,GET,REST/listar-usuarios,179.300000,0.000000,77,120,170,220,440,820,3100,4500,6200,6300,6300,4664,0,50,146.62573977552515,0.9178640002573957,6250.961339000241,21998.0
1781107412,240,,Aggregated,1061.900000,0.000000,76,120,160,200,350,560,880,1200,5300,6200,6300,27550,0,49,99.48328173866017,0.9178640002573957,6250.961339000241,33631.699201451906
1781107413,250,GET,REST/listar-musicas,178.400000,0.000000,77,120,160,200,360,550,760,940,1300,1400,1400,4812,0,50,92.29227914734156,1.6011509997042594,1365.1430780000737,50889.0
1781107413,250,GET,REST/listar-musicas-playlist,175.100000,0.000000,74,110,150,190,350,600,880,1000,1600,2900,2900,4719,0,48,91.21473616167894,1.2017429999104934,2855.8213880005496,30493.0
1781107413,250,GET,REST/listar-playlists,176.900000,0.000000,77,120,170,200,380,590,830,1100,1700,1800,1800,4781,0,51,95.4154585358707,1.376970999444893,1774.0373739998176,39163.0
1781107413,250,GET,REST/listar-playlists-musica,173.800000,0.000000,73,120,160,200,390,620,950,1200,1800,2100,2100,4686,0,49,94.4520040627541,1.1788720003096387,2134.9738250000883,29577.0
1781107413,250,GET,REST/listar-playlists-usuario,175.200000,0.000000,71,120,150,190,330,490,750,900,1500,2000,2000,4749,0,50,89.04999230090966,1.3528529998438898,2037.3701819999042,29570.0
1781107413,250,GET,REST/listar-usuarios,179.100000,0.000000,76,120,180,230,460,920,3700,4800,6300,6300,6300,4842,0,51,152.06025118319778,0.9178640002573957,6324.9876009995205,21998.0
1781107413,250,,Aggregated,1058.600000,0.000000,74,120,160,200,370,600,930,1200,5300,6300,6300,28589,0,50,102.5747782422643,0.9178640002573957,6324.9876009995205,33633.660009094405
1781107414,260,GET,REST/listar-musicas,178.800000,0.000000,74,120,160,200,400,600,810,1000,2100,2300,2300,4993,0,51,96.10980820648969,1.6011509997042594,2325.6594200001928,50889.0
1781107414,260,GET,REST/listar-musicas-playlist,174.500000,0.000000,72,120,150,190,370,640,890,1000,1800,2900,2900,4901,0,50,93.97135062558006,1.2017429999104934,2855.8213880005496,30493.0
1781107414,260,GET,REST/listar-playlists,177.000000,0.000000,77,120,170,220,410,650,940,1200,1800,2500,2500,4959,0,52,99.17784381992325,1.376970999444893,2493.883465000181,39163.0
1781107414,260,GET,REST/listar-playlists-musica,174.400000,0.000000,74,120,170,210,440,690,1000,1200,2100,2900,2900,4867,0,50,98.62869080605499,1.1788720003096387,2902.6656989999537,29577.0
1781107414,260,GET,REST/listar-playlists-usuario,176.600000,0.000000,69,120,160,190,340,530,800,950,1500,2000,2000,4932,0,51,91.39518175811584,1.3528529998438898,2037.3701819999042,29570.0
1781107414,260,GET,REST/listar-usuarios,178.500000,0.000000,77,120,180,240,490,910,4000,5500,7600,7900,7900,5034,0,52,165.8893713766444,0.9178640002573957,7875.566573000469,21998.0
1781107414,260,,Aggregated,1059.800000,0.000000,74,120,160,210,400,650,980,1300,6300,7600,7900,29686,0,51,107.73181834494675,0.9178640002573957,7875.566573000469,33627.727480967456
1781107415,270,GET,REST/listar-musicas,179.700000,0.000000,74,120,160,200,420,620,860,1000,2200,2300,2300,5163,0,51,98.85774430331054,1.6011509997042594,2325.6594200001928,50889.0
1781107415,270,GET,REST/listar-musicas-playlist,176.600000,0.000000,74,120,160,200,400,670,890,1000,1800,2900,2900,5057,0,50,96.03276306782031,1.2017429999104934,2855.8213880005496,30493.0
1781107415,270,GET,REST/listar-playlists,178.300000,0.000000,80,130,170,220,420,700,980,1200,2200,2500,2500,5127,0,53,102.217891063975,1.376970999444893,2493.883465000181,39163.0
1781107415,270,GET,REST/listar-playlists-musica,175.300000,0.000000,75,120,170,220,440,700,1000,1200,2100,2900,2900,5033,0,51,100.72872732367672,1.1788720003096387,2902.6656989999537,29577.0
1781107415,270,GET,REST/listar-playlists-usuario,177.300000,0.000000,70,120,160,200,350,550,870,1000,1900,2000,2000,5090,0,51,93.7021282277075,1.3528529998438898,2037.3701819999042,29570.0
1781107415,270,GET,REST/listar-usuarios,181.300000,0.000000,80,130,190,250,520,1000,4600,6200,7600,7900,7900,5201,0,52,174.47754884253496,0.9178640002573957,7875.566573000469,21998.0
1781107415,270,,Aggregated,1068.500000,0.000000,75,120,170,210,420,680,1000,1300,7000,7600,7900,30671,0,51,111.22821534955085,0.9178640002573957,7875.566573000469,33631.62753089237
1781107416,280,GET,REST/listar-musicas,180.000000,0.000000,76,120,170,220,440,660,950,1200,2200,2300,2300,5336,0,52,102.99697756652834,1.6011509997042594,2325.6594200001928,50889.0
1781107416,280,GET,REST/listar-musicas-playlist,178.400000,0.000000,76,120,170,210,440,710,940,1100,1800,2900,2900,5241,0,51,99.98336239381187,1.2017429999104934,2855.8213880005496,30493.0
1781107416,280,GET,REST/listar-playlists,179.100000,0.000000,82,130,180,230,450,720,1000,1200,2200,2500,2500,5306,0,54,106.0713624085938,1.376970999444893,2493.883465000181,39163.0
1781107416,280,GET,REST/listar-playlists-musica,176.700000,0.000000,78,120,180,220,470,720,1100,1200,2100,2900,2900,5196,0,52,103.40242456968187,1.1788720003096387,2902.6656989999537,29577.0
1781107416,280,GET,REST/listar-playlists-usuario,178.400000,0.000000,73,120,160,200,370,590,900,1000,1900,2000,2000,5273,0,52,97.25961394083683,1.3528529998438898,2037.3701819999042,29570.0
1781107416,280,GET,REST/listar-usuarios,180.700000,0.000000,84,130,200,260,560,1100,5300,7000,7800,7900,7900,5362,0,53,183.81898956490704,0.9178640002573957,7875.566573000469,21998.0
1781107416,280,,Aggregated,1073.300000,0.000000,77,130,180,220,450,720,1100,1400,7400,7800,7900,31714,0,52,115.79068196891261,0.9178640002573957,7875.566573000469,33635.44090937756
1781107417,290,GET,REST/listar-musicas,178.900000,0.000000,73,110,160,220,480,680,990,1200,2200,2300,2300,5512,0,52,105.38626149255893,1.6011509997042594,2325.6594200001928,50889.0
1781107417,290,GET,REST/listar-musicas-playlist,176.700000,0.000000,74,120,160,210,460,720,980,1200,1800,2900,2900,5400,0,51,102.50141153425429,1.2017429999104934,2855.8213880005496,30493.0
1781107417,290,GET,REST/listar-playlists,177.300000,0.000000,79,130,180,230,470,760,1100,1300,2400,2500,2500,5481,0,54,109.56458451979636,1.376970999444893,2493.883465000181,39163.0
1781107417,290,GET,REST/listar-playlists-musica,175.500000,0.000000,77,120,170,220,480,730,1100,1300,2900,3800,3800,5368,0,53,107.50865416897585,1.1788720003096387,3761.3319109996155,29577.0
1781107417,290,GET,REST/listar-playlists-usuario,177.300000,0.000000,75,120,170,210,390,620,950,1100,2000,2500,2500,5446,0,53,100.62283249853546,1.3528529998438898,2471.2558649998755,29570.0
1781107417,290,GET,REST/listar-usuarios,179.700000,0.000000,81,130,190,260,540,1100,5300,6800,7800,7900,7900,5545,0,55,183.78329402290888,0.9178640002573957,7875.566573000469,21998.0
1781107417,290,,Aggregated,1065.400000,0.000000,76,120,170,220,470,750,1100,1500,7400,7800,7900,32752,0,53,118.43847551624565,0.9178640002573957,7875.566573000469,33634.62496946751
1781107418,300,GET,REST/listar-musicas,176.900000,0.000000,77,120,170,240,510,740,1000,1300,2300,2500,2500,5673,0,54,108.87222261660283,1.6011509997042594,2478.600734999418,50889.0
1781107418,300,GET,REST/listar-musicas-playlist,173.600000,0.000000,77,120,170,220,510,750,1000,1300,2500,2900,2900,5564,0,52,107.20573256199997,1.2017429999104934,2855.8213880005496,30493.0
1781107418,300,GET,REST/listar-playlists,176.700000,0.000000,83,130,190,240,480,780,1200,1400,2500,2700,2700,5636,0,56,112.90163826933934,1.376970999444893,2696.0233769996194,39163.0
1781107418,300,GET,REST/listar-playlists-musica,173.000000,0.000000,78,130,180,230,530,760,1100,1500,2900,3800,3800,5531,0,54,110.83220419654029,1.1788720003096387,3761.3319109996155,29577.0
1781107418,300,GET,REST/listar-playlists-usuario,175.600000,0.000000,77,130,170,210,400,660,970,1200,2000,2500,2500,5601,0,54,103.13221170987572,1.3528529998438898,2471.2558649998755,29570.0
1781107418,300,GET,REST/listar-usuarios,177.500000,0.000000,83,140,200,270,590,1000,5300,7000,7900,9900,9900,5715,0,55,186.53744019300592,0.9178640002573957,9859.561999000107,21998.0
1781107418,300,,Aggregated,1053.300000,0.000000,79,130,180,230,500,770,1200,1600,7400,7900,9900,33720,0,54,121.80178997823432,0.9178640002573957,9859.561999000107,33630.17627520759
1781107419,310,GET,REST/listar-musicas,175.500000,0.000000,77,120,180,250,530,750,1100,1300,2300,2500,2500,5843,0,55,112.02888352712536,1.6011509997042594,2478.600734999418,50889.0
1781107419,310,GET,REST/listar-musicas-playlist,172.300000,0.000000,77,120,180,240,520,780,1100,1400,2500,2900,2900,5730,0,53,110.01229812564841,1.2017429999104934,2855.8213880005496,30493.0
1781107419,310,GET,REST/listar-playlists,174.000000,0.000000,84,140,200,250,510,800,1200,1400,2500,2700,2700,5802,0,56,115.70070952550847,1.376970999444893,2696.0233769996194,39163.0
1781107419,310,GET,REST/listar-playlists-musica,171.800000,0.000000,79,130,190,240,540,780,1200,1500,2900,3800,3800,5705,0,55,114.2864526087759,1.1788720003096387,3761.3319109996155,29577.0
1781107419,310,GET,REST/listar-playlists-usuario,173.300000,0.000000,77,130,170,220,440,680,1000,1200,2000,2500,2500,5768,0,55,106.40789475329696,1.3528529998438898,2471.2558649998755,29570.0
1781107419,310,GET,REST/listar-usuarios,175.900000,0.000000,84,140,210,290,640,1100,5100,7000,7900,9900,9900,5878,0,56,187.7611906379768,0.9178640002573957,9859.561999000107,21998.0
1781107419,310,,Aggregated,1042.800000,0.000000,79,130,190,250,520,790,1200,1600,7400,7900,9900,34726,0,55,124.56591542406474,0.9178640002573957,9859.561999000107,33631.68323446409
1781107420,320,GET,REST/listar-musicas,175.700000,0.000000,79,130,190,250,540,760,1100,1400,2300,2500,2500,6004,0,56,114.32303706612211,1.6011509997042594,2478.600734999418,50889.0
1781107420,320,GET,REST/listar-musicas-playlist,173.400000,0.000000,78,130,190,260,530,800,1100,1600,2500,2900,2900,5901,0,54,112.8745031997907,1.2017429999104934,2855.8213880005496,30493.0
1781107420,320,GET,REST/listar-playlists,175.200000,0.000000,86,150,200,260,520,830,1200,1500,2500,2700,2700,5968,0,57,118.16407520911446,1.376970999444893,2696.0233769996194,39163.0
1781107420,320,GET,REST/listar-playlists-musica,172.700000,0.000000,81,130,190,240,540,790,1200,1500,2900,3800,3800,5857,0,56,115.90784198123094,1.1788720003096387,3761.3319109996155,29577.0
1781107420,320,GET,REST/listar-playlists-usuario,174.000000,0.000000,80,130,190,240,480,740,1000,1300,2000,2500,2500,5935,0,55,109.78008960859597,1.3528529998438898,2471.2558649998755,29570.0
1781107420,320,GET,REST/listar-usuarios,176.300000,0.000000,82,140,210,280,640,1100,2700,7100,11000,11000,11000,6032,0,56,191.2949697020936,0.9178640002573957,11237.90151799949,21998.0
1781107420,320,,Aggregated,1047.400000,0.000000,81,130,200,260,540,820,1200,1700,7500,11000,11000,35697,0,56,127.23700810513702,0.9178640002573957,11237.90151799949,33633.74815810852
1781107421,330,GET,REST/listar-musicas,175.400000,0.000000,80,130,190,250,550,770,1200,1500,2500,3500,3500,6171,0,56,117.22679723415801,1.6011509997042594,3484.212221999769,50889.0
1781107421,330,GET,REST/listar-musicas-playlist,173.000000,0.000000,79,130,200,270,560,810,1200,1400,2400,2500,2500,6062,0,54,116.38392812503498,1.2017429999104934,2855.8213880005496,30493.0
1781107421,330,GET,REST/listar-playlists,174.400000,0.000000,86,150,210,270,530,850,1300,1600,2500,2700,2700,6130,0,57,121.04561826655812,1.376970999444893,2696.0233769996194,39163.0
1781107421,330,GET,REST/listar-playlists-musica,172.800000,0.000000,83,130,200,240,550,810,1200,1500,2900,3800,3800,6023,0,56,118.40197032061518,1.1788720003096387,3761.3319109996155,29577.0
1781107421,330,GET,REST/listar-playlists-usuario,173.800000,0.000000,83,140,190,250,520,770,1100,1300,2000,2500,2500,6099,0,56,113.12797560993934,1.3528529998438898,2471.2558649998755,29570.0
1781107421,330,GET,REST/listar-usuarios,176.000000,0.000000,87,140,220,290,660,1100,6800,7800,12000,12000,12000,6212,0,57,212.21713200322415,0.9178640002573957,12099.302183999498,21998.0
1781107421,330,,Aggregated,1045.400000,0.000000,83,140,200,270,560,840,1300,1800,12000,12000,12000,36697,0,56,133.316919434561,0.9178640002573957,12099.302183999498,33629.31716489086
1781107422,340,GET,REST/listar-musicas,173.100000,0.000000,85,140,210,280,580,820,1300,1600,2500,3500,3500,6340,0,57,120.55554990110224,1.6011509997042594,3484.212221999769,50889.0
1781107422,340,GET,REST/listar-musicas-playlist,170.200000,0.000000,81,140,200,270,540,800,1300,1600,2400,2500,2500,6230,0,55,118.05266116500236,1.2017429999104934,2855.8213880005496,30493.0
1781107422,340,GET,REST/listar-playlists,171.600000,0.000000,91,150,210,290,550,860,1300,1500,2500,2700,2700,6304,0,58,123.93450211151595,1.376970999444893,2696.0233769996194,39163.0
1781107422,340,GET,REST/listar-playlists-musica,170.300000,0.000000,86,140,200,260,550,810,1300,1500,2900,3800,3800,6181,0,56,120.24158943181772,1.1788720003096387,3761.3319109996155,29577.0
1781107422,340,GET,REST/listar-playlists-usuario,170.200000,0.000000,88,140,200,270,530,810,1200,1400,2100,2500,2500,6274,0,57,115.93210318027036,1.3528529998438898,2471.2558649998755,29570.0
1781107422,340,GET,REST/listar-usuarios,174.100000,0.000000,93,150,230,300,660,1100,7100,11000,12000,12000,12000,6372,0,58,221.49284298744956,0.9178640002573957,12158.431345000281,21998.0
1781107422,340,,Aggregated,1029.500000,0.000000,87,150,210,280,560,860,1300,1800,12000,12000,12000,37701,0,57,136.9458911405289,0.9178640002573957,12158.431345000281,33633.06212036816
1781107423,350,GET,REST/listar-musicas,170.200000,0.000000,87,150,230,300,600,830,1300,1600,2500,3500,3500,6511,0,57,123.36956644355529,1.6011509997042594,3484.212221999769,50889.0
1781107423,350,GET,REST/listar-musicas-playlist,168.600000,0.000000,83,140,220,290,580,830,1300,1700,2400,2500,2500,6395,0,56,121.55283577716513,1.2017429999104934,2855.8213880005496,30493.0
1781107423,350,GET,REST/listar-playlists,170.100000,0.000000,91,160,220,300,560,870,1300,1600,2700,2900,2900,6471,0,59,126.54410879060313,1.376970999444893,2888.981774000058,39163.0
1781107423,350,GET,REST/listar-playlists-musica,168.700000,0.000000,89,160,210,280,570,850,1300,1700,2900,3800,3800,6360,0,57,124.35779664937958,1.1788720003096387,3761.3319109996155,29577.0
1781107423,350,GET,REST/listar-playlists-usuario,169.500000,0.000000,87,150,210,280,550,840,1300,1400,2500,2800,2800,6429,0,57,118.28841312086146,1.3528529998438898,2781.9520820003163,29570.0
1781107423,350,GET,REST/listar-usuarios,171.500000,0.000000,96,160,250,330,690,1200,7600,12000,13000,13000,13000,6553,0,59,240.04946246391495,0.9178640002573957,12859.917467999367,21998.0
1781107423,350,,Aggregated,1018.500000,0.000000,88,150,220,290,590,890,1400,1900,12000,13000,13000,38719,0,57,142.66619701084915,0.9178640002573957,12859.917467999367,33630.33474521553
1781107424,360,GET,REST/listar-musicas,168.000000,0.000000,91,150,230,300,580,820,1300,1500,2500,3500,3500,6691,0,58,125.28719436974858,1.6011509997042594,3484.212221999769,50889.0
1781107424,360,GET,REST/listar-musicas-playlist,167.400000,0.000000,87,140,220,290,580,870,1300,1700,2500,3400,3400,6565,0,56,123.73117127691896,1.2017429999104934,3402.0300510001107,30493.0
1781107424,360,GET,REST/listar-playlists,168.300000,0.000000,95,160,220,310,570,900,1400,1600,2700,2900,2900,6645,0,60,129.29838403175123,1.376970999444893,2888.981774000058,39163.0
1781107424,360,GET,REST/listar-playlists-musica,166.500000,0.000000,91,150,220,280,570,830,1300,1700,2500,3800,3800,6531,0,58,126.58229521605477,1.1788720003096387,3761.3319109996155,29577.0
1781107424,360,GET,REST/listar-playlists-usuario,166.400000,0.000000,89,160,220,300,580,900,1300,1500,2500,2800,2800,6606,0,58,121.63570338783205,1.3528529998438898,2781.9520820003163,29570.0
1781107424,360,GET,REST/listar-usuarios,169.500000,0.000000,97,160,240,300,660,1100,7600,12000,13000,13000,13000,6727,0,60,240.4013412307164,0.9178640002573957,12859.917467999367,21998.0
1781107424,360,,Aggregated,1006.100000,0.000000,92,150,230,300,590,910,1400,1800,12000,13000,13000,39765,0,58,144.78042922034618,0.9178640002573957,12859.917467999367,33632.8513013957
1781107425,370,GET,REST/listar-musicas,168.200000,0.000000,91,150,230,310,590,830,1400,1500,2500,3500,3500,6865,0,59,127.68120001004938,1.6011509997042594,3484.212221999769,50889.0
1781107425,370,GET,REST/listar-musicas-playlist,166.100000,0.000000,84,140,220,300,590,890,1400,1700,2500,3400,3400,6747,0,57,126.207888285308,1.2017429999104934,3402.0300510001107,30493.0
1781107425,370,GET,REST/listar-playlists,167.600000,0.000000,91,160,220,320,580,910,1400,1600,2700,2900,2900,6823,0,61,132.04043615608708,1.376970999444893,2888.981774000058,39163.0
1781107425,370,GET,REST/listar-playlists-musica,165.000000,0.000000,89,150,210,280,580,850,1300,1600,2500,3800,3800,6699,0,59,128.34094035782277,1.1788720003096387,3761.3319109996155,29577.0
1781107425,370,GET,REST/listar-playlists-usuario,166.500000,0.000000,87,150,220,290,600,910,1300,1600,2500,2800,2800,6788,0,58,123.9548072956731,1.3528529998438898,2781.9520820003163,29570.0
1781107425,370,GET,REST/listar-usuarios,168.000000,0.000000,97,160,230,300,670,1100,11000,12000,14000,14000,14000,6903,0,61,249.83687724757758,0.9178640002573957,13837.740157000553,21998.0
1781107425,370,,Aggregated,1001.400000,0.000000,90,150,220,300,600,920,1400,1800,13000,14000,14000,40825,0,59,148.3099353641906,0.9178640002573957,13837.740157000553,33631.55130434783
1781107426,380,GET,REST/listar-musicas,167.700000,0.000000,92,150,240,320,600,840,1400,1500,2500,3500,3500,7033,0,60,129.8010782434226,1.6011509997042594,3484.212221999769,50889.0
1781107426,380,GET,REST/listar-musicas-playlist,162.700000,0.000000,85,150,230,300,610,930,1400,1800,2500,3400,3400,6910,0,57,128.77814757061853,1.2017429999104934,3402.0300510001107,30493.0
1781107426,380,GET,REST/listar-playlists,166.000000,0.000000,95,160,230,320,630,970,1400,1600,2700,2900,2900,6987,0,61,134.4878145633293,1.376970999444893,2888.981774000058,39163.0
1781107426,380,GET,REST/listar-playlists-musica,162.600000,0.000000,87,150,220,280,600,890,1300,1700,2500,3800,3800,6878,0,59,131.1979897976234,1.1788720003096387,3761.3319109996155,29577.0
1781107426,380,GET,REST/listar-playlists-usuario,163.800000,0.000000,91,150,220,290,610,940,1300,1700,2800,2900,2900,6941,0,59,126.24906032200244,1.3528529998438898,2871.8972980004764,29570.0
1781107426,380,GET,REST/listar-usuarios,168.800000,0.000000,97,160,240,310,680,1100,12000,12000,14000,14000,14000,7086,0,61,256.1113313849874,0.9178640002573957,13837.740157000553,21998.0
1781107426,380,,Aggregated,991.600000,0.000000,91,150,230,300,630,960,1400,1900,13000,14000,14000,41835,0,60,151.44959338042437,0.9178640002573957,13837.740157000553,33627.21768853831
1781107427,390,GET,REST/listar-musicas,166.100000,0.000000,94,160,240,330,630,940,1400,1600,2500,3500,3500,7219,0,60,133.66350240850366,1.6011509997042594,3484.212221999769,50889.0
1781107427,390,GET,REST/listar-musicas-playlist,164.100000,0.000000,82,140,220,300,610,930,1500,1900,2500,3400,3400,7086,0,58,131.10023635802617,1.2017429999104934,3402.0300510001107,30493.0
1781107427,390,GET,REST/listar-playlists,165.700000,0.000000,93,160,230,320,620,950,1300,1600,2700,2900,2900,7168,0,61,137.18404285183846,1.376970999444893,2888.981774000058,39163.0
1781107427,390,GET,REST/listar-playlists-musica,163.000000,0.000000,87,150,220,280,580,870,1300,1500,2500,2500,2500,7048,0,60,132.63744239033224,1.1788720003096387,3761.3319109996155,29577.0
1781107427,390,GET,REST/listar-playlists-usuario,164.900000,0.000000,89,160,230,300,640,1000,1400,1700,2800,2900,2900,7129,0,60,130.02237694810034,1.3528529998438898,2871.8972980004764,29570.0
1781107427,390,GET,REST/listar-usuarios,166.600000,0.000000,99,160,250,330,730,1200,12000,13000,15000,15000,15000,7257,0,61,266.3884980329367,0.9178640002573957,14651.186256000074,21998.0
1781107427,390,,Aggregated,990.400000,0.000000,91,160,230,310,640,980,1400,1900,13000,15000,15000,42907,0,60,155.50301506367344,0.9178640002573957,14651.186256000074,33632.37199058429
1781107428,400,GET,REST/listar-musicas,167.700000,0.000000,90,150,230,300,630,960,1400,1600,2500,3500,3500,7386,0,60,135.41224922637292,1.6011509997042594,3484.212221999769,50889.0
1781107428,400,GET,REST/listar-musicas-playlist,166.500000,0.000000,83,140,220,300,600,930,1500,1800,3400,3900,3900,7244,0,58,133.0527893854182,1.2017429999104934,3874.2125579992717,30493.0
1781107428,400,GET,REST/listar-playlists,166.600000,0.000000,92,150,230,320,640,980,1400,1700,2600,2900,2900,7343,0,62,139.69717419692086,1.376970999444893,2888.981774000058,39163.0
1781107428,400,GET,REST/listar-playlists-musica,166.200000,0.000000,86,150,220,280,630,920,1300,1600,2500,3200,3200,7209,0,60,134.86501918366778,1.1788720003096387,3761.3319109996155,29577.0
1781107428,400,GET,REST/listar-playlists-usuario,167.100000,0.000000,89,160,230,300,660,1000,1400,1700,2800,2900,2900,7281,0,60,131.70780457629502,1.3528529998438898,2871.8972980004764,29570.0
1781107428,400,GET,REST/listar-usuarios,169.000000,0.000000,100,160,260,350,790,1300,12000,13000,15000,15000,15000,7430,0,62,280.97424705087815,0.9178640002573957,15120.147888000247,21998.0
1781107428,400,,Aggregated,1003.100000,0.000000,90,150,230,310,650,1000,1500,2000,15000,15000,15000,43893,0,61,159.6753635710719,0.9178640002573957,15120.147888000247,33633.97940446085
1781107429,410,GET,REST/listar-musicas,167.800000,0.000000,91,150,240,330,660,1000,1400,1600,2500,3500,3500,7553,0,61,138.18778223844683,1.6011509997042594,3484.212221999769,50889.0
1781107429,410,GET,REST/listar-musicas-playlist,166.400000,0.000000,83,140,220,310,650,980,1500,1800,3400,3900,3900,7417,0,59,136.4555791112275,1.2017429999104934,3874.2125579992717,30493.0
1781107429,410,GET,REST/listar-playlists,167.800000,0.000000,89,150,240,330,660,1000,1500,1700,2600,2900,2900,7508,0,62,142.36965270870846,1.376970999444893,2888.981774000058,39163.0
1781107429,410,GET,REST/listar-playlists-musica,166.200000,0.000000,86,150,220,290,650,950,1300,1700,2500,3200,3200,7380,0,61,138.0103190044798,1.1788720003096387,3761.3319109996155,29577.0
1781107429,410,GET,REST/listar-playlists-usuario,166.400000,0.000000,90,160,240,310,680,1000,1400,1700,2800,2900,2900,7467,0,61,135.80037380889345,1.3528529998438898,2871.8972980004764,29570.0
1781107429,410,GET,REST/listar-usuarios,170.000000,0.000000,96,160,250,340,800,1400,12000,14000,15000,15000,15000,7598,0,62,289.71813343577594,0.9178640002573957,15244.246145999568,21998.0
1781107429,410,,Aggregated,1004.600000,0.000000,89,150,230,320,680,1000,1600,2100,15000,15000,15000,44923,0,61,163.80363344792323,0.9178640002573957,15244.246145999568,33630.55129888921
1781107430,420,GET,REST/listar-musicas,170.000000,0.000000,94,160,250,350,680,1000,1400,1700,3500,3600,3600,7731,0,62,141.47859116272033,1.6011509997042594,3596.7751640000643,50889.0
1781107430,420,GET,REST/listar-musicas-playlist,165.600000,0.000000,87,150,230,330,660,1000,1600,1800,3400,3900,3900,7589,0,59,139.3646687820503,1.2017429999104934,3874.2125579992717,30493.0
1781107430,420,GET,REST/listar-playlists,168.100000,0.000000,95,160,260,350,690,1000,1500,1800,2900,3100,3100,7683,0,63,145.54231048327202,1.376970999444893,3127.085483999508,39163.0
1781107430,420,GET,REST/listar-playlists-musica,165.500000,0.000000,87,150,220,310,670,980,1300,1700,2500,3200,3200,7550,0,61,139.72829245841814,1.1788720003096387,3761.3319109996155,29577.0
1781107430,420,GET,REST/listar-playlists-usuario,166.700000,0.000000,96,160,240,340,700,1100,1500,1800,2800,2900,2900,7632,0,61,139.43561780005285,1.3528529998438898,2871.8972980004764,29570.0
1781107430,420,GET,REST/listar-usuarios,169.800000,0.000000,100,170,270,370,830,1400,12000,15000,15000,16000,16000,7776,0,63,291.7835618007995,0.9178640002573957,16161.009477999869,21998.0
1781107430,420,,Aggregated,1005.600000,0.000000,93,160,250,340,700,1100,1600,2100,15000,16000,16000,45961,0,61,166.61171973592923,0.9178640002573957,16161.009477999869,33632.09249146015
1781107431,430,GET,REST/listar-musicas,168.000000,0.000000,96,170,270,360,680,1000,1400,1600,2500,3600,3600,7895,0,63,144.10271718176017,1.6011509997042594,3596.7751640000643,50889.0
1781107431,430,GET,REST/listar-musicas-playlist,164.800000,0.000000,87,160,240,330,650,1000,1600,1800,3400,3900,3900,7764,0,60,142.11383079056924,1.2017429999104934,3874.2125579992717,30493.0
1781107431,430,GET,REST/listar-playlists,168.400000,0.000000,98,170,270,370,700,1000,1500,1800,2900,3100,3100,7857,0,64,148.71068563802677,1.376970999444893,3127.085483999508,39163.0
1781107431,430,GET,REST/listar-playlists-musica,163.900000,0.000000,89,150,230,320,660,980,1400,1700,2500,3200,3200,7713,0,61,141.92013350979607,1.1788720003096387,3761.3319109996155,29577.0
1781107431,430,GET,REST/listar-playlists-usuario,166.100000,0.000000,97,170,260,380,710,1100,1500,1900,2900,3300,3300,7806,0,62,142.84270500883972,1.3528529998438898,3262.673371999881,29570.0
1781107431,430,GET,REST/listar-usuarios,170.000000,0.000000,99,180,270,360,840,1300,13000,15000,17000,17000,17000,7935,0,63,296.7951810184019,0.9178640002573957,16660.602844000096,21998.0
1781107431,430,,Aggregated,1001.200000,0.000000,94,160,260,350,700,1100,1600,2000,15000,17000,17000,46970,0,62,169.77246110085255,0.9178640002573957,16660.602844000096,33632.63676814988
1781107432,440,GET,REST/listar-musicas,169.400000,0.000000,97,170,270,360,690,1000,1400,1600,2900,3600,3600,8078,0,63,146.16214573557681,1.6011509997042594,3596.7751640000643,50889.0
1781107432,440,GET,REST/listar-musicas-playlist,167.500000,0.000000,88,160,250,330,660,1100,1600,1800,3400,3900,3900,7926,0,61,143.85033924450912,1.2017429999104934,3874.2125579992717,30493.0
1781107432,440,GET,REST/listar-playlists,168.700000,0.000000,98,180,280,380,720,1000,1500,1800,2900,3100,3100,8028,0,65,150.77581561783376,1.376970999444893,3127.085483999508,39163.0
1781107432,440,GET,REST/listar-playlists-musica,166.200000,0.000000,89,150,250,360,720,1000,1400,1800,2500,3200,3200,7883,0,62,144.78081700571656,1.1788720003096387,3761.3319109996155,29577.0
1781107432,440,GET,REST/listar-playlists-usuario,168.200000,0.000000,98,180,270,410,750,1100,1600,1900,2900,3300,3300,7979,0,62,145.55845659568848,1.3528529998438898,3262.673371999881,29570.0
1781107432,440,GET,REST/listar-usuarios,169.900000,0.000000,97,170,270,380,830,1300,13000,15000,17000,17000,17000,8117,0,64,303.39362807934253,0.9178640002573957,17256.36651899913,21998.0
1781107432,440,,Aggregated,1009.900000,0.000000,94,170,270,370,730,1100,1600,2100,15000,17000,17000,48011,0,63,172.8072323975138,0.9178640002573957,17256.36651899913,33634.41109329112
1781107433,450,GET,REST/listar-musicas,170.800000,0.000000,99,170,270,370,700,1000,1400,1600,2900,3600,3600,8228,0,64,147.74911621305225,1.6011509997042594,3596.7751640000643,50889.0
1781107433,450,GET,REST/listar-musicas-playlist,167.600000,0.000000,91,160,250,330,650,1100,1600,1900,2500,3900,3900,8095,0,61,146.2760733712149,1.2017429999104934,3874.2125579992717,30493.0
1781107433,450,GET,REST/listar-playlists,170.100000,0.000000,100,190,300,400,720,1000,1400,1700,2600,3100,3100,8186,0,66,152.9524454838718,1.376970999444893,3127.085483999508,39163.0
1781107433,450,GET,REST/listar-playlists-musica,167.100000,0.000000,89,150,240,340,690,1000,1400,1800,2400,3200,3200,8046,0,63,147.15567505369987,1.1788720003096387,3761.3319109996155,29577.0
1781107433,450,GET,REST/listar-playlists-usuario,169.000000,0.000000,100,190,280,410,750,1100,1500,1800,2900,3300,3300,8141,0,63,147.9410017045817,1.3528529998438898,3262.673371999881,29570.0
1781107433,450,GET,REST/listar-usuarios,172.000000,0.000000,95,170,270,370,810,1300,13000,15000,18000,18000,18000,8272,0,64,308.38133929557847,0.9178640002573957,18466.794110000592,21998.0
1781107433,450,,Aggregated,1016.600000,0.000000,96,170,270,370,720,1000,1600,2000,16000,18000,18000,48968,0,64,175.44490189274754,0.9178640002573957,18466.794110000592,33630.477311713774
1781107434,460,GET,REST/listar-musicas,171.600000,0.000000,97,170,270,390,740,1000,1400,1700,2900,3600,3600,8417,0,64,150.66984439277638,1.6011509997042594,3596.7751640000643,50889.0
1781107434,460,GET,REST/listar-musicas-playlist,169.300000,0.000000,84,160,250,340,710,1100,1700,1900,2700,3900,3900,8284,0,61,149.04191809041276,1.2017429999104934,3874.2125579992717,30493.0
1781107434,460,GET,REST/listar-playlists,170.100000,0.000000,97,180,300,400,730,1000,1500,1700,2600,3100,3100,8372,0,66,154.7960607349465,1.376970999444893,3127.085483999508,39163.0
1781107434,460,GET,REST/listar-playlists-musica,167.000000,0.000000,87,150,240,340,720,1000,1400,1800,2800,3200,3200,8237,0,63,148.87548989766452,1.1788720003096387,3761.3319109996155,29577.0
1781107434,460,GET,REST/listar-playlists-usuario,170.600000,0.000000,97,180,280,410,750,1100,1500,1900,2900,3300,3300,8334,0,63,150.341721169186,1.3528529998438898,3262.673371999881,29570.0
1781107434,460,GET,REST/listar-usuarios,171.900000,0.000000,88,160,260,370,840,1400,13000,15000,18000,19000,19000,8467,0,64,309.72162995630356,0.9178640002573957,19056.3548300006,21998.0
1781107434,460,,Aggregated,1020.500000,0.000000,92,160,270,380,750,1100,1600,2100,16000,18000,19000,50111,0,64,177.61474138490675,0.9178640002573957,19056.3548300006,33627.91714394045
1781107435,470,GET,REST/listar-musicas,170.900000,0.000000,100,180,290,400,750,1100,1400,1800,2900,3600,3600,8594,0,66,153.4082780289732,1.6011509997042594,3596.7751640000643,50889.0
1781107435,470,GET,REST/listar-musicas-playlist,167.800000,0.000000,91,170,260,360,750,1100,1700,1900,2700,3900,3900,8456,0,62,151.32237946381,1.1514110001371591,3874.2125579992717,30493.0
1781107435,470,GET,REST/listar-playlists,169.400000,0.000000,99,190,310,420,730,1000,1500,1800,3100,3200,3200,8552,0,67,157.32592753414087,1.376970999444893,3152.5391850000233,39163.0
1781107435,470,GET,REST/listar-playlists-musica,167.700000,0.000000,92,160,260,370,720,1100,1500,1800,3200,3300,3300,8411,0,64,152.1643679558992,1.1788720003096387,3761.3319109996155,29577.0
1781107435,470,GET,REST/listar-playlists-usuario,169.600000,0.000000,100,190,290,420,770,1100,1600,1900,2900,3300,3300,8508,0,64,152.6355877804415,1.3528529998438898,3262.673371999881,29570.0
1781107435,470,GET,REST/listar-usuarios,171.500000,0.000000,92,170,270,390,850,1400,14000,16000,19000,20000,20000,8637,0,65,319.98610720782887,0.9178640002573957,19508.439879000434,21998.0
1781107435,470,,Aggregated,1016.900000,0.000000,96,170,280,390,750,1100,1700,2200,17000,19000,20000,51158,0,65,181.50870249161505,0.9178640002573957,19508.439879000434,33630.34682747567
1781107436,480,GET,REST/listar-musicas,169.900000,0.000000,99,180,290,400,750,1100,1400,1700,2900,3600,3600,8769,0,66,154.7388653295695,1.6011509997042594,3596.7751640000643,50889.0
1781107436,480,GET,REST/listar-musicas-playlist,169.000000,0.000000,92,170,270,370,750,1100,1700,1900,2700,3900,3900,8636,0,62,153.49569628878785,1.1514110001371591,3874.2125579992717,30493.0
1781107436,480,GET,REST/listar-playlists,170.500000,0.000000,97,190,300,390,720,1000,1500,1800,3100,3200,3200,8713,0,67,157.92174548295299,1.376970999444893,3152.5391850000233,39163.0
1781107436,480,GET,REST/listar-playlists-musica,168.500000,0.000000,93,160,270,380,740,1100,1500,1800,3200,3300,3300,8586,0,64,154.0947295842144,1.1788720003096387,3761.3319109996155,29577.0
1781107436,480,GET,REST/listar-playlists-usuario,170.400000,0.000000,100,190,300,430,780,1100,1600,1900,2900,3300,3300,8675,0,65,154.00902747953901,1.3528529998438898,3262.673371999881,29570.0
1781107436,480,GET,REST/listar-usuarios,170.600000,0.000000,92,170,280,400,870,1600,15000,17000,20000,20000,20000,8818,0,65,331.675263553756,0.9178640002573957,20155.19890900032,21998.0
1781107436,480,,Aggregated,1018.900000,0.000000,96,170,280,400,770,1100,1700,2200,19000,20000,20000,52197,0,65,184.72832245588936,0.9178640002573957,20155.19890900032,33627.53882407035
1781107437,490,GET,REST/listar-musicas,170.400000,0.000000,110,190,300,410,760,1100,1400,1900,2900,3600,3600,8956,0,67,158.8329680064757,1.6011509997042594,3596.7751640000643,50889.0
1781107437,490,GET,REST/listar-musicas-playlist,168.800000,0.000000,97,180,280,390,750,1100,1700,1900,3600,3900,3900,8804,0,63,156.78420764527164,1.1514110001371591,3874.2125579992717,30493.0
1781107437,490,GET,REST/listar-playlists,170.200000,0.000000,100,200,320,400,720,1000,1500,1800,3100,3200,3200,8887,0,68,161.20878125463844,1.376970999444893,3152.5391850000233,39163.0
1781107437,490,GET,REST/listar-playlists-musica,168.500000,0.000000,100,180,300,400,770,1100,1500,1800,3100,3300,3300,8758,0,65,157.6727656830407,1.1788720003096387,3761.3319109996155,29577.0
1781107437,490,GET,REST/listar-playlists-usuario,169.900000,0.000000,100,190,310,430,770,1100,1600,1900,3300,3300,3300,8839,0,65,156.45899885790223,1.3528529998438898,3340.106993000518,29570.0
1781107437,490,GET,REST/listar-usuarios,171.700000,0.000000,100,190,300,420,890,1600,15000,19000,20000,20000,20000,9002,0,66,353.62090728471657,0.9178640002573957,20289.661119999437,21998.0
1781107437,490,,Aggregated,1019.600000,0.000000,100,190,300,410,770,1100,1700,2300,19000,20000,20000,53246,0,66,191.2375247853192,0.9178640002573957,20289.661119999437,33630.59063591631
1781107438,500,GET,REST/listar-musicas,171.100000,0.000000,110,190,320,430,770,1100,1400,1700,2900,3600,3600,9135,0,67,160.79742943732862,1.6011509997042594,3596.7751640000643,50889.0
1781107438,500,GET,REST/listar-musicas-playlist,169.100000,0.000000,98,180,280,380,740,1100,1700,2000,2800,3600,3600,8969,0,63,157.80514539424289,1.1514110001371591,3874.2125579992717,30493.0
1781107438,500,GET,REST/listar-playlists,171.500000,0.000000,110,210,330,420,740,1000,1500,1800,3100,3200,3200,9076,0,68,164.26945967815885,1.376970999444893,3152.5391850000233,39163.0
1781107438,500,GET,REST/listar-playlists-musica,168.100000,0.000000,100,190,300,400,760,1000,1500,1800,3100,3300,3300,8923,0,66,159.4513831388622,1.1788720003096387,3761.3319109996155,29577.0
1781107438,500,GET,REST/listar-playlists-usuario,170.500000,0.000000,100,190,300,420,790,1100,1600,1900,3300,3300,3300,9017,0,66,157.60937919984343,1.3528529998438898,3340.106993000518,29570.0
1781107438,500,GET,REST/listar-usuarios,171.800000,0.000000,100,180,300,420,860,1500,15000,19000,20000,20000,20000,9167,0,67,351.78608618119597,0.9178640002573957,20289.661119999437,21998.0
1781107438,500,,Aggregated,1022.100000,0.000000,100,190,300,410,770,1100,1700,2100,19000,20000,20000,54287,0,66,192.3834435317126,0.9178640002573957,20289.661119999437,33636.230534013666
1781107439,500,GET,REST/listar-musicas,172.300000,0.000000,99,180,290,400,760,1100,1500,1800,2700,2900,2900,9301,0,67,161.57380329104356,1.3810130003548693,3596.7751640000643,50889.0
1781107439,500,GET,REST/listar-musicas-playlist,170.700000,0.000000,92,170,250,360,710,1100,1700,2000,2800,3600,3600,9148,0,63,158.75055449289025,1.1514110001371591,3874.2125579992717,30493.0
1781107439,500,GET,REST/listar-playlists,171.500000,0.000000,100,200,320,400,740,1100,1600,1800,3200,3400,3400,9245,0,69,166.01676897890394,1.376970999444893,3401.3849279999704,39163.0
1781107439,500,GET,REST/listar-playlists-musica,169.100000,0.000000,99,180,290,390,780,1100,1600,1900,3300,4000,4000,9100,0,66,161.41334638220482,1.1788720003096387,3959.076563999588,29577.0
1781107439,500,GET,REST/listar-playlists-usuario,171.600000,0.000000,97,170,290,420,810,1100,1600,1900,3300,3300,3300,9195,0,66,160.33773966198856,1.3528529998438898,3340.106993000518,29570.0
1781107439,500,GET,REST/listar-usuarios,173.800000,0.000000,95,170,290,410,860,1500,16000,19000,21000,22000,22000,9353,0,66,354.0805212258131,0.9178640002573957,21561.42261399964,21998.0
1781107439,500,,Aggregated,1029.000000,0.000000,97,180,290,400,770,1100,1700,2200,20000,21000,22000,55342,0,66,194.1519122802952,0.9178640002573957,21561.42261399964,33629.51523255394
1781107440,500,GET,REST/listar-musicas,170.900000,0.000000,97,170,290,400,770,1100,1500,2000,2900,3800,3800,9490,0,68,164.256456172919,1.3810130003548693,3766.1801690001084,50889.0
1781107440,500,GET,REST/listar-musicas-playlist,169.800000,0.000000,91,160,260,360,730,1200,1700,2100,2900,3600,3600,9331,0,64,161.01768755342,1.1514110001371591,3874.2125579992717,30493.0
1781107440,500,GET,REST/listar-playlists,170.100000,0.000000,98,190,310,410,760,1200,1700,2000,3200,3400,3400,9433,0,69,169.21657822219584,1.376970999444893,3401.3849279999704,39163.0
1781107440,500,GET,REST/listar-playlists-musica,169.500000,0.000000,100,180,300,400,820,1100,1600,2000,3300,4000,4000,9269,0,66,163.7350041622674,1.1788720003096387,3959.076563999588,29577.0
1781107440,500,GET,REST/listar-playlists-usuario,169.400000,0.000000,96,170,300,440,820,1200,1700,2000,3100,3300,3300,9389,0,66,164.99451437948449,1.3528529998438898,3340.106993000518,29570.0
1781107440,500,GET,REST/listar-usuarios,172.700000,0.000000,92,170,280,410,910,1600,3600,19000,21000,22000,22000,9531,0,67,353.99546213272794,0.9178640002573957,21561.42261399964,21998.0
1781107440,500,,Aggregated,1022.400000,0.000000,96,170,290,400,800,1200,1800,2200,20000,21000,22000,56443,0,66,196.62657535368584,0.9178640002573957,21561.42261399964,33632.80217210283
1781107441,500,GET,REST/listar-musicas,173.500000,0.000000,94,160,260,380,760,1100,1600,2000,2800,3800,3800,9667,0,68,165.1010560773763,1.3810130003548693,3766.1801690001084,50889.0
1781107441,500,GET,REST/listar-musicas-playlist,171.000000,0.000000,88,150,240,340,730,1200,1700,2200,3400,3600,3600,9518,0,64,162.79405284849378,1.1514110001371591,3874.2125579992717,30493.0
1781107441,500,GET,REST/listar-playlists,171.400000,0.000000,96,180,290,390,780,1300,1800,2000,3400,3500,3500,9625,0,69,171.91113483314058,1.376970999444893,3470.166285000232,39163.0
1781107441,500,GET,REST/listar-playlists-musica,170.000000,0.000000,97,170,280,390,810,1200,1600,2000,3300,4000,4000,9463,0,67,164.82403783018663,1.1788720003096387,3959.076563999588,29577.0
1781107441,500,GET,REST/listar-playlists-usuario,170.800000,0.000000,92,160,270,410,820,1200,1700,2100,3100,3300,3300,9567,0,67,166.3913211781102,1.3528529998438898,3340.106993000518,29570.0
1781107441,500,GET,REST/listar-usuarios,171.900000,0.000000,86,150,250,390,900,1600,3000,19000,22000,22000,22000,9712,0,67,353.1396845013415,0.9178640002573957,22341.628400000445,21998.0
1781107441,500,,Aggregated,1028.600000,0.000000,92,160,270,380,800,1200,1800,2300,20000,22000,22000,57552,0,67,197.75922005240648,0.9178640002573957,22341.628400000445,33631.29220530998
1781107442,500,GET,REST/listar-musicas,174.400000,0.000000,94,160,250,370,760,1200,1600,2000,3100,3800,3800,9849,0,69,166.7466785500052,1.3810130003548693,3766.1801690001084,50889.0
1781107442,500,GET,REST/listar-musicas-playlist,171.000000,0.000000,88,150,240,370,760,1200,1800,2300,3400,3600,3600,9692,0,65,165.54357955984037,1.1514110001371591,3874.2125579992717,30493.0
1781107442,500,GET,REST/listar-playlists,173.100000,0.000000,94,170,280,380,780,1300,1800,2000,3500,4800,4800,9796,0,70,173.43338439842537,1.376970999444893,4777.038868000091,39163.0
1781107442,500,GET,REST/listar-playlists-musica,170.500000,0.000000,99,170,280,380,870,1200,1800,2100,3600,4000,4000,9638,0,67,169.33921771104505,1.1788720003096387,3959.076563999588,29577.0
1781107442,500,GET,REST/listar-playlists-usuario,171.800000,0.000000,94,160,260,400,840,1300,1700,2200,3600,4400,4400,9747,0,67,169.81085800184363,1.3528529998438898,4399.947554999926,29570.0
1781107442,500,GET,REST/listar-usuarios,174.200000,0.000000,88,150,260,400,980,1600,3000,19000,24000,25000,25000,9900,0,67,358.2877437017195,0.9178640002573957,24647.947356999794,21998.0
1781107442,500,,Aggregated,1035.000000,0.000000,92,160,260,380,830,1300,1900,2300,20000,24000,25000,58622,0,67,200.94804543669773,0.9178640002573957,24647.947356999794,33629.81100951861
1781107443,500,GET,REST/listar-musicas,174.000000,0.000000,93,160,270,380,750,1200,1600,2100,3100,3800,3800,10022,0,69,168.48443926701322,1.3810130003548693,3766.1801690001084,50889.0
1781107443,500,GET,REST/listar-musicas-playlist,172.100000,0.000000,87,160,250,370,760,1200,1800,2300,3400,3600,3600,9883,0,65,167.37760199008116,1.1514110001371591,3874.2125579992717,30493.0
1781107443,500,GET,REST/listar-playlists,172.900000,0.000000,91,170,270,380,790,1300,1800,2100,3500,4800,4800,9967,0,70,174.88124110313814,1.376970999444893,4777.038868000091,39163.0
1781107443,500,GET,REST/listar-playlists-musica,169.500000,0.000000,97,170,300,390,860,1200,1800,2100,3600,4000,4000,9828,0,68,170.6672633486018,1.1788720003096387,3959.076563999588,29577.0
1781107443,500,GET,REST/listar-playlists-usuario,173.000000,0.000000,91,150,260,410,870,1300,1800,2200,3600,4400,4400,9923,0,67,171.59544305250108,1.3528529998438898,4399.947554999926,29570.0
1781107443,500,GET,REST/listar-usuarios,172.600000,0.000000,86,160,270,410,980,1600,3100,20000,25000,25000,25000,10067,0,67,367.8219310410287,0.9178640002573957,25032.21116399982,21998.0
1781107443,500,,Aggregated,1034.100000,0.000000,91,160,270,390,830,1300,1900,2400,20000,25000,25000,59690,0,68,203.8651038074573,0.9178640002573957,25032.21116399982,33628.23303735969
1781107444,500,GET,REST/listar-musicas,174.700000,0.000000,94,160,260,370,760,1200,1600,2100,3100,3800,3800,10196,0,70,170.76083874097807,1.3810130003548693,3766.1801690001084,50889.0
1781107444,500,GET,REST/listar-musicas-playlist,173.100000,0.000000,87,160,250,370,750,1200,1800,2300,3600,3700,3700,10042,0,65,169.67344456960507,1.1514110001371591,3874.2125579992717,30493.0
1781107444,500,GET,REST/listar-playlists,175.900000,0.000000,93,170,270,380,820,1300,1800,2000,3500,4800,4800,10146,0,71,177.03853758761858,1.376970999444893,4777.038868000091,39163.0
1781107444,500,GET,REST/listar-playlists-musica,173.000000,0.000000,100,180,320,420,900,1300,1800,2100,3600,4000,4000,9986,0,68,173.51076896896308,1.1788720003096387,3959.076563999588,29577.0
1781107444,500,GET,REST/listar-playlists-usuario,173.600000,0.000000,93,160,280,410,870,1300,1800,2200,3800,4400,4400,10088,0,67,174.0796729407187,1.3528529998438898,4399.947554999926,29570.0
1781107444,500,GET,REST/listar-usuarios,175.700000,0.000000,92,160,300,430,1100,1600,19000,20000,25000,25000,25000,10249,0,68,382.3452724740009,0.9178640002573957,25370.431735999773,21998.0
1781107444,500,,Aggregated,1046.000000,0.000000,93,170,280,400,850,1300,1900,2400,24000,25000,25000,60707,0,68,208.35525098705452,0.9178640002573957,25370.431735999773,33629.3727576721
1781107445,500,GET,REST/listar-musicas,175.400000,0.000000,96,170,280,400,790,1200,1800,2100,3100,3800,3800,10351,0,71,173.68533784842148,1.3810130003548693,3766.1801690001084,50889.0
1781107445,500,GET,REST/listar-musicas-playlist,174.800000,0.000000,88,160,260,370,750,1300,1800,2300,3600,3700,3700,10204,0,66,171.36104011818682,1.1514110001371591,3874.2125579992717,30493.0
1781107445,500,GET,REST/listar-playlists,175.800000,0.000000,94,180,280,400,880,1400,1900,2200,3600,4800,4800,10303,0,71,180.08655593855931,1.376970999444893,4777.038868000091,39163.0
1781107445,500,GET,REST/listar-playlists-musica,173.300000,0.000000,100,190,330,430,910,1300,1800,2000,3600,4000,4000,10144,0,69,176.32420221944673,1.1788720003096387,3959.076563999588,29577.0
1781107445,500,GET,REST/listar-playlists-usuario,174.500000,0.000000,96,170,300,420,860,1300,1800,2200,3800,4400,4400,10250,0,68,175.37436021911915,1.3528529998438898,4399.947554999926,29570.0
1781107445,500,GET,REST/listar-usuarios,176.600000,0.000000,90,160,300,440,1100,1600,3500,21000,25000,26000,26000,10415,0,68,386.5561698391769,0.9178640002573957,26478.90985000049,21998.0
1781107445,500,,Aggregated,1050.400000,0.000000,94,170,290,410,870,1300,1900,2400,25000,25000,26000,61667,0,69,211.03700811949858,0.9178640002573957,26478.90985000049,33626.24674461219
1781107446,500,GET,REST/listar-musicas,176.600000,0.000000,97,170,280,400,830,1300,1800,2100,3100,3800,3800,10501,0,71,176.15999934130127,1.3810130003548693,3766.1801690001084,50889.0
1781107446,500,GET,REST/listar-musicas-playlist,176.400000,0.000000,87,160,260,370,770,1300,1900,2300,3600,3700,3700,10342,0,66,173.10070404486362,1.1514110001371591,3874.2125579992717,30493.0
1781107446,500,GET,REST/listar-playlists,175.700000,0.000000,97,180,290,420,880,1400,1900,2300,3600,4800,4800,10450,0,72,182.5481171179891,1.376970999444893,4777.038868000091,39163.0
1781107446,500,GET,REST/listar-playlists-musica,175.700000,0.000000,110,190,330,440,960,1300,1800,2100,3600,4000,4000,10298,0,69,179.50466755972667,1.1788720003096387,3959.076563999588,29577.0
1781107446,500,GET,REST/listar-playlists-usuario,176.200000,0.000000,97,180,310,440,900,1300,1900,2400,3800,4400,4400,10403,0,69,179.07726235806678,1.3528529998438898,4399.947554999926,29570.0
1781107446,500,GET,REST/listar-usuarios,176.800000,0.000000,90,160,290,440,1100,1500,2700,24000,27000,27000,27000,10562,0,68,391.16604782399446,0.9178640002573957,27236.621604999527,21998.0
1781107446,500,,Aggregated,1057.400000,0.000000,96,170,290,420,900,1400,1900,2400,25000,27000,27000,62556,0,69,214.058876561099,0.9178640002573957,27236.621604999527,33626.52466589936
1781107447,500,GET,REST/listar-musicas,176.900000,0.000000,96,160,290,410,870,1300,1800,2200,3200,3800,3800,10668,0,71,178.90884107827145,1.3810130003548693,3766.1801690001084,50889.0
1781107447,500,GET,REST/listar-musicas-playlist,174.400000,0.000000,86,160,270,390,810,1300,1900,2300,3600,3700,3700,10494,0,66,175.9671115243937,1.1514110001371591,3874.2125579992717,30493.0
1781107447,500,GET,REST/listar-playlists,176.000000,0.000000,97,180,300,460,940,1400,1900,2300,3600,4800,4800,10611,0,72,184.76017936075655,1.376970999444893,4777.038868000091,39163.0
1781107447,500,GET,REST/listar-playlists-musica,173.700000,0.000000,100,190,340,460,980,1400,1800,2200,3600,4000,4000,10448,0,70,181.9181845283368,1.1788720003096387,3959.076563999588,29577.0
1781107447,500,GET,REST/listar-playlists-usuario,174.800000,0.000000,97,180,320,460,920,1300,1900,2400,3800,4400,4400,10558,0,69,180.30123329797007,1.3528529998438898,4399.947554999926,29570.0
1781107447,500,GET,REST/listar-usuarios,176.700000,0.000000,87,160,300,480,1100,1600,2700,24000,28000,28000,28000,10722,0,69,398.24512941699675,0.9178640002573957,27826.661601000524,21998.0
1781107447,500,,Aggregated,1052.400000,0.000000,94,170,300,440,930,1400,2000,2400,25000,28000,28000,63501,0,70,217.16153350148974,0.9178640002573957,27826.661601000524,33629.69243004047
1781107449,500,GET,REST/listar-musicas,174.200000,0.000000,110,190,330,510,920,1400,1800,2100,3200,3800,3800,10805,0,72,181.60987313456778,1.3810130003548693,3766.1801690001084,50889.0
1781107449,500,GET,REST/listar-musicas-playlist,173.000000,0.000000,94,190,330,480,940,1400,1900,2300,3600,3700,3700,10656,0,67,179.7869719882685,1.1514110001371591,3874.2125579992717,30493.0
1781107449,500,GET,REST/listar-playlists,173.100000,0.000000,100,200,360,500,980,1500,1900,2300,3600,4800,4800,10757,0,72,187.99124262154737,1.376970999444893,4777.038868000091,39163.0
1781107449,500,GET,REST/listar-playlists-musica,171.700000,0.000000,120,220,390,490,1000,1400,1800,2100,2600,3600,3600,10598,0,71,184.16651441168716,1.1788720003096387,3959.076563999588,29577.0
1781107449,500,GET,REST/listar-playlists-usuario,171.600000,0.000000,110,200,370,500,950,1400,2000,2600,3800,4400,4400,10703,0,70,183.43096734335887,1.3528529998438898,4399.947554999926,29570.0
1781107449,500,GET,REST/listar-usuarios,175.100000,0.000000,95,190,360,540,1100,1700,3200,25000,28000,28000,28000,10862,0,70,405.8802486551327,0.9178640002573957,28233.045842000138,21998.0
1781107449,500,,Aggregated,1038.700000,0.000000,100,200,360,500,990,1400,2000,2500,26000,28000,28000,64381,0,70,220.9356187960595,0.9178640002573957,28233.045842000138,33627.195539056556
1781107450,500,GET,REST/listar-musicas,170.100000,0.000000,110,190,300,470,890,1300,1700,2000,3100,3200,3200,10972,0,72,182.03897315913244,1.3810130003548693,3766.1801690001084,50889.0
1781107450,500,GET,REST/listar-musicas-playlist,167.500000,0.000000,97,200,340,480,940,1300,1800,2200,3600,3700,3700,10806,0,67,181.21378325457982,1.1514110001371591,3874.2125579992717,30493.0
1781107450,500,GET,REST/listar-playlists,170.000000,0.000000,110,200,350,480,920,1400,1900,2200,3600,4800,4800,10927,0,73,189.0115362024324,1.376970999444893,4777.038868000091,39163.0
1781107450,500,GET,REST/listar-playlists-musica,167.000000,0.000000,120,230,380,480,1000,1400,1800,2100,2600,3600,3600,10747,0,71,185.02825804411083,1.1788720003096387,3959.076563999588,29577.0
1781107450,500,GET,REST/listar-playlists-usuario,170.000000,0.000000,110,200,340,470,930,1300,1800,2500,3800,4400,4400,10866,0,71,185.14009420899865,1.3528529998438898,4399.947554999926,29570.0
1781107450,500,GET,REST/listar-usuarios,170.200000,0.000000,98,190,350,520,1100,1600,3400,25000,28000,29000,29000,11028,0,70,406.03613498059934,0.9178640002573957,29283.427375999963,21998.0
1781107450,500,,Aggregated,1014.800000,0.000000,110,200,350,480,950,1400,1900,2400,27000,29000,29000,65346,0,71,221.87822148067346,0.9178640002573957,29283.427375999963,33629.62002264867
1781107451,500,GET,REST/listar-musicas,165.500000,0.000000,120,210,360,510,980,1400,1800,2100,3300,3300,3300,11141,0,73,186.33775701920848,1.3810130003548693,3766.1801690001084,50889.0
1781107451,500,GET,REST/listar-musicas-playlist,166.500000,0.000000,100,220,390,520,960,1400,1800,2200,3600,3700,3700,10991,0,68,184.19663143053316,1.1514110001371591,3874.2125579992717,30493.0
1781107451,500,GET,REST/listar-playlists,166.000000,0.000000,110,210,380,490,940,1400,1900,2200,3600,4800,4800,11087,0,73,191.41142858897595,1.376970999444893,4777.038868000091,39163.0
1781107451,500,GET,REST/listar-playlists-musica,165.700000,0.000000,130,250,420,530,1000,1400,1900,2100,3300,3600,3600,10924,0,72,188.2801198200351,1.1788720003096387,3959.076563999588,29577.0
1781107451,500,GET,REST/listar-playlists-usuario,166.800000,0.000000,120,210,380,500,970,1400,1900,2400,3800,4400,4400,11026,0,71,187.92211515889528,1.3528529998438898,4399.947554999926,29570.0
1781107451,500,GET,REST/listar-usuarios,167.700000,0.000000,110,210,410,550,1200,1600,3200,25000,29000,30000,30000,11194,0,71,407.7349120408306,0.9178640002573957,29829.297891999886,21998.0
1781107451,500,,Aggregated,998.200000,0.000000,110,220,390,520,1000,1400,1900,2500,27000,30000,30000,66363,0,71,224.75865334314432,0.9178640002573957,29829.297891999886,33628.47781143107
1781107452,500,GET,REST/listar-musicas,164.100000,0.000000,110,210,360,510,960,1400,1900,2100,3300,3300,3300,11325,0,73,187.48419669969124,1.3810130003548693,3766.1801690001084,50889.0
1781107452,500,GET,REST/listar-musicas-playlist,163.900000,0.000000,100,210,370,510,940,1400,1800,2200,3600,3700,3700,11176,0,68,184.62756779124757,1.1514110001371591,3874.2125579992717,30493.0
1781107452,500,GET,REST/listar-playlists,165.300000,0.000000,110,210,370,500,920,1400,1900,2200,3400,3600,3600,11275,0,74,192.01429215849086,1.376970999444893,4777.038868000091,39163.0
1781107452,500,GET,REST/listar-playlists-musica,162.800000,0.000000,120,240,400,510,980,1300,1700,2000,2600,3300,3300,11126,0,72,189.4730882498714,1.1788720003096387,3959.076563999588,29577.0
1781107452,500,GET,REST/listar-playlists-usuario,164.600000,0.000000,110,210,360,490,940,1400,1900,2400,3700,3800,3800,11217,0,71,189.21941826308122,1.3528529998438898,4399.947554999926,29570.0
1781107452,500,GET,REST/listar-usuarios,165.600000,0.000000,110,200,400,540,1100,1600,3000,25000,31000,31000,31000,11389,0,71,410.13073801405403,0.9178640002573957,30682.175685000402,21998.0
1781107452,500,,Aggregated,986.300000,0.000000,110,210,380,510,960,1400,1900,2400,28000,31000,31000,67508,0,71,225.94578626404453,0.9178640002573957,30682.175685000402,33625.14267938615
1781107453,500,GET,REST/listar-musicas,163.200000,0.000000,110,210,380,550,1000,1400,1800,2100,3300,3300,3300,11509,0,73,189.63436122391076,1.3810130003548693,3766.1801690001084,50889.0
1781107453,500,GET,REST/listar-musicas-playlist,164.000000,0.000000,100,200,350,510,940,1300,1700,2200,3700,4400,4400,11345,0,68,185.53694474649512,1.1514110001371591,4440.096262999759,30493.0
1781107453,500,GET,REST/listar-playlists,163.500000,0.000000,110,210,390,520,970,1400,1900,2200,3500,3600,3600,11452,0,74,194.0235359021116,1.376970999444893,4777.038868000091,39163.0
1781107453,500,GET,REST/listar-playlists-musica,163.500000,0.000000,120,240,410,550,1000,1400,1800,2100,2700,3300,3300,11295,0,72,191.35171804400846,1.1788720003096387,3959.076563999588,29577.0
1781107453,500,GET,REST/listar-playlists-usuario,162.200000,0.000000,110,210,370,500,950,1400,1900,2400,3700,3800,3800,11409,0,71,191.76622334139677,1.3528529998438898,4399.947554999926,29570.0
1781107453,500,GET,REST/listar-usuarios,164.700000,0.000000,110,210,430,580,1100,1600,2900,27000,32000,32000,32000,11566,0,71,417.0982128254432,0.9178640002573957,32288.942099999986,21998.0
1781107453,500,,Aggregated,981.100000,0.000000,110,210,390,540,1000,1400,1900,2400,28000,32000,32000,68576,0,72,228.69097733280034,0.9178640002573957,32288.942099999986,33626.69848051797
1781107454,500,GET,REST/listar-musicas,164.000000,0.000000,120,230,400,560,1100,1500,1900,2100,3300,3300,3300,11679,0,74,192.48963798698446,1.3810130003548693,3766.1801690001084,50889.0
1781107454,500,GET,REST/listar-musicas-playlist,163.700000,0.000000,110,220,370,510,940,1300,1800,2200,3000,4400,4400,11516,0,69,188.3655613670534,1.1514110001371591,4440.096262999759,30493.0
1781107454,500,GET,REST/listar-playlists,162.700000,0.000000,120,240,400,530,940,1400,1900,2200,3500,3600,3600,11628,0,75,196.882644173459,1.376970999444893,4777.038868000091,39163.0
1781107454,500,GET,REST/listar-playlists-musica,164.400000,0.000000,130,240,400,520,980,1300,1800,2100,2700,3300,3300,11465,0,73,193.3797452515543,1.1788720003096387,3959.076563999588,29577.0
1781107454,500,GET,REST/listar-playlists-usuario,163.600000,0.000000,120,230,370,500,930,1400,1900,2400,3500,3700,3700,11567,0,72,193.33607448076341,1.3528529998438898,4399.947554999926,29570.0
1781107454,500,GET,REST/listar-usuarios,165.500000,0.000000,120,220,410,550,1100,1700,2500,28000,32000,32000,32000,11739,0,72,427.66777233623606,0.9178640002573957,32328.922370000328,21998.0
1781107454,500,,Aggregated,983.900000,0.000000,120,230,390,530,980,1400,1900,2400,31000,32000,32000,69594,0,72,232.49798553733228,0.9178640002573957,32328.922370000328,33627.15751357876
1781107455,500,GET,REST/listar-musicas,163.600000,0.000000,120,230,410,570,1000,1400,1900,2500,3300,3300,3300,11858,0,75,195.03818276260733,1.3810130003548693,3766.1801690001084,50889.0
1781107455,500,GET,REST/listar-musicas-playlist,162.800000,0.000000,110,220,380,510,910,1300,1700,2200,3000,4400,4400,11691,0,70,189.57043371773005,1.1514110001371591,4440.096262999759,30493.0
1781107455,500,GET,REST/listar-playlists,163.200000,0.000000,120,240,390,510,930,1400,1900,2200,2800,3500,3500,11806,0,76,198.05055860198,1.376970999444893,4777.038868000091,39163.0
1781107455,500,GET,REST/listar-playlists-musica,163.700000,0.000000,130,240,400,500,960,1300,1800,2200,2700,3300,3300,11629,0,74,194.80547124903873,1.1788720003096387,3959.076563999588,29577.0
1781107455,500,GET,REST/listar-playlists-usuario,164.100000,0.000000,120,230,400,540,930,1400,1900,2400,3500,3700,3700,11746,0,73,195.03925189349533,1.3528529998438898,4399.947554999926,29570.0
1781107455,500,GET,REST/listar-usuarios,164.400000,0.000000,120,230,430,580,1100,1800,3500,31000,33000,33000,33000,11917,0,72,451.05525152455147,0.9178640002573957,33024.81046199955,21998.0
1781107455,500,,Aggregated,981.800000,0.000000,120,230,400,540,970,1400,1900,2500,32000,33000,33000,70647,0,73,237.78454735462367,0.9178640002573957,33024.81046199955,33628.096338131836
1781107456,500,GET,REST/listar-musicas,164.400000,0.000000,120,240,400,550,960,1400,1800,2400,3300,3300,3300,12016,0,75,196.51239386043574,1.3810130003548693,3766.1801690001084,50889.0
1781107456,500,GET,REST/listar-musicas-playlist,161.800000,0.000000,120,220,380,500,900,1300,1800,2200,3000,4400,4400,11871,0,70,190.88589090851536,1.1514110001371591,4440.096262999759,30493.0
1781107456,500,GET,REST/listar-playlists,164.200000,0.000000,120,240,380,500,910,1300,1800,2100,2800,3500,3500,11972,0,76,199.57036601052263,1.376970999444893,4777.038868000091,39163.0
1781107456,500,GET,REST/listar-playlists-musica,161.700000,0.000000,120,240,390,490,950,1300,1800,2200,3300,3900,3900,11808,0,74,197.5504985932474,1.1788720003096387,3959.076563999588,29577.0
1781107456,500,GET,REST/listar-playlists-usuario,162.800000,0.000000,120,220,360,490,900,1300,1800,2200,3500,5000,5000,11918,0,73,196.31223039511633,1.3528529998438898,4957.3401690004175,29570.0
1781107456,500,GET,REST/listar-usuarios,164.900000,0.000000,120,230,420,560,1100,1700,3200,32000,33000,33000,33000,12097,0,72,453.49882463173344,0.9178640002573957,33024.81046199955,21998.0
1781107456,500,,Aggregated,979.800000,0.000000,120,230,390,510,940,1400,1900,2400,32000,33000,33000,71682,0,73,239.59789749571902,0.9178640002573957,33024.81046199955,33622.029868028236
1781107457,500,GET,REST/listar-musicas,163.200000,0.000000,120,250,410,570,1000,1500,1800,2400,3300,3300,3300,12211,0,76,199.81010895299366,1.3810130003548693,3766.1801690001084,50889.0
1781107457,500,GET,REST/listar-musicas-playlist,163.100000,0.000000,110,210,360,480,870,1300,1800,2200,3300,4400,4400,12043,0,71,192.40199608054448,1.1514110001371591,4440.096262999759,30493.0
1781107457,500,GET,REST/listar-playlists,162.600000,0.000000,120,230,370,470,860,1300,1900,2200,2800,3500,3500,12148,0,76,200.5182692672856,1.376970999444893,4777.038868000091,39163.0
1781107457,500,GET,REST/listar-playlists-musica,161.600000,0.000000,120,240,390,500,960,1300,1800,2200,3300,3900,3900,11984,0,75,199.76152837300248,1.1788720003096387,3959.076563999588,29577.0
1781107457,500,GET,REST/listar-playlists-usuario,163.300000,0.000000,120,220,360,490,910,1300,1900,2200,3500,5000,5000,12095,0,74,197.68737815427858,1.3528529998438898,4957.3401690004175,29570.0
1781107457,500,GET,REST/listar-usuarios,164.600000,0.000000,120,230,430,570,1100,1700,28000,32000,34000,34000,34000,12278,0,73,470.4697222906089,0.9178640002573957,33883.373083999686,21998.0
1781107457,500,,Aggregated,978.400000,0.000000,120,230,390,510,940,1400,1900,2500,33000,34000,34000,72759,0,74,244.01479761079963,0.9178640002573957,33883.373083999686,33625.75439464534
1781107458,500,GET,REST/listar-musicas,164.200000,0.000000,120,250,410,570,1000,1500,1900,2600,3300,3900,3900,12375,0,76,203.03503585963708,1.3810130003548693,3901.6978649997327,50889.0
1781107458,500,GET,REST/listar-musicas-playlist,164.000000,0.000000,110,210,340,460,830,1300,1900,2200,4100,4400,4400,12218,0,71,195.05121525634257,1.1514110001371591,4440.096262999759,30493.0
1781107458,500,GET,REST/listar-playlists,164.600000,0.000000,120,230,360,450,860,1300,1800,2200,3000,3500,3500,12327,0,77,202.79438271817884,1.376970999444893,4777.038868000091,39163.0
1781107458,500,GET,REST/listar-playlists-musica,164.100000,0.000000,120,240,390,480,940,1300,1800,2200,3300,3900,3900,12150,0,76,201.60868719786492,1.1788720003096387,3959.076563999588,29577.0
1781107458,500,GET,REST/listar-playlists-usuario,165.200000,0.000000,120,220,340,450,880,1300,1900,2300,3500,5000,5000,12276,0,75,199.8302203654279,1.3528529998438898,4957.3401690004175,29570.0
1781107458,500,GET,REST/listar-usuarios,166.100000,0.000000,120,230,400,530,1000,1700,3700,33000,34000,34000,34000,12442,0,74,471.86609886321264,0.9178640002573957,34346.07713499918,21998.0
1781107458,500,,Aggregated,988.200000,0.000000,120,230,370,490,920,1400,2000,2500,33000,34000,34000,73788,0,75,246.23461822041747,0.9178640002573957,34346.07713499918,33625.22545671383
1781107459,500,GET,REST/listar-musicas,168.100000,0.000000,120,280,430,580,1100,1500,1900,2600,3300,3900,3900,12559,0,77,204.52048163412792,1.3810130003548693,3901.6978649997327,50889.0
1781107459,500,GET,REST/listar-musicas-playlist,167.900000,0.000000,110,210,340,450,830,1200,1900,2200,4100,4400,4400,12374,0,72,195.97841187004911,1.1514110001371591,4440.096262999759,30493.0
1781107459,500,GET,REST/listar-playlists,167.600000,0.000000,120,230,360,450,860,1300,1700,2100,3000,3500,3500,12501,0,77,203.28448014526765,1.376970999444893,4777.038868000091,39163.0
1781107459,500,GET,REST/listar-playlists-musica,166.100000,0.000000,130,250,400,510,960,1400,1900,2200,3900,4200,4200,12328,0,76,203.98571572502132,1.1788720003096387,4176.8268779997015,29577.0
1781107459,500,GET,REST/listar-playlists-usuario,167.000000,0.000000,120,230,350,470,870,1300,1900,2300,3500,5000,5000,12443,0,75,200.862610498513,1.3528529998438898,4957.3401690004175,29570.0
1781107459,500,GET,REST/listar-usuarios,168.200000,0.000000,120,240,420,560,1000,1700,3700,33000,35000,35000,35000,12621,0,75,475.220646082172,0.9178640002573957,34753.80205300007,21998.0
1781107459,500,,Aggregated,1004.900000,0.000000,120,240,390,500,920,1400,2000,2500,33000,35000,35000,74826,0,76,247.86435228013258,0.9178640002573957,34753.80205300007,33627.52946836661
1781107460,500,GET,REST/listar-musicas,168.300000,0.000000,120,260,430,580,1000,1500,1900,2300,3400,3900,3900,12734,0,77,206.02181913656491,1.3810130003548693,3901.6978649997327,50889.0
1781107460,500,GET,REST/listar-musicas-playlist,170.500000,0.000000,110,200,330,440,850,1300,2000,2300,4100,4400,4400,12542,0,72,198.65303650111545,1.1514110001371591,4440.096262999759,30493.0
1781107460,500,GET,REST/listar-playlists,169.600000,0.000000,120,220,350,440,850,1300,1600,2100,3200,3500,3500,12667,0,77,204.2240817449269,1.376970999444893,4777.038868000091,39163.0
1781107460,500,GET,REST/listar-playlists-musica,168.200000,0.000000,120,240,380,480,910,1300,1800,2200,3900,4200,4200,12491,0,76,204.19426217741247,1.1788720003096387,4176.8268779997015,29577.0
1781107460,500,GET,REST/listar-playlists-usuario,170.100000,0.000000,110,210,320,440,820,1200,1800,2400,4100,5000,5000,12617,0,76,201.5473375196159,1.3528529998438898,4957.3401690004175,29570.0
1781107460,500,GET,REST/listar-usuarios,169.500000,0.000000,120,220,400,560,990,1700,3700,33000,35000,36000,36000,12792,0,75,474.889144554103,0.9178640002573957,36276.716078999925,21998.0
1781107460,500,,Aggregated,1016.200000,0.000000,120,220,370,480,900,1400,2000,2500,33000,36000,36000,75843,0,76,248.8059530296036,0.9178640002573957,36276.716078999925,33628.296164444975
1781107461,500,GET,REST/listar-musicas,173.100000,0.000000,120,270,450,600,1000,1500,2000,2400,3900,4200,4200,12910,0,77,208.4657589556168,1.3810130003548693,4180.737613000019,50889.0
1781107461,500,GET,REST/listar-musicas-playlist,169.900000,0.000000,120,210,360,490,910,1400,2000,2300,4100,4400,4400,12716,0,72,201.43400956102468,1.1514110001371591,4440.096262999759,30493.0
1781107461,500,GET,REST/listar-playlists,171.900000,0.000000,120,240,370,480,930,1400,1800,2200,3400,3500,3500,12861,0,78,207.85694596065528,1.376970999444893,4777.038868000091,39163.0
1781107461,500,GET,REST/listar-playlists-musica,170.800000,0.000000,120,240,400,500,960,1400,1900,2300,3900,4200,4200,12662,0,77,207.01729777879166,1.1788720003096387,4176.8268779997015,29577.0
1781107461,500,GET,REST/listar-playlists-usuario,172.100000,0.000000,110,210,330,450,870,1300,1800,2500,4100,5000,5000,12780,0,76,203.51936532855933,1.3528529998438898,4957.3401690004175,29570.0
1781107461,500,GET,REST/listar-usuarios,173.400000,0.000000,120,230,420,580,1100,1900,3700,33000,35000,36000,36000,12965,0,75,474.5931115415412,0.9178640002573957,36276.716078999925,21998.0
1781107461,500,,Aggregated,1031.200000,0.000000,120,230,390,510,960,1400,2000,2600,33000,36000,36000,76894,0,76,251.01186308691453,0.9178640002573957,36276.716078999925,33630.89402294067
1781107462,500,GET,REST/listar-musicas,175.100000,0.000000,120,250,420,580,1000,1500,2000,2500,4100,4200,4200,13078,0,77,209.00068745932234,1.3810130003548693,4180.737613000019,50889.0
1781107462,500,GET,REST/listar-musicas-playlist,172.800000,0.000000,120,220,360,490,930,1500,2100,2400,3800,4100,4100,12893,0,72,203.32241871139308,1.1514110001371591,4440.096262999759,30493.0
1781107462,500,GET,REST/listar-playlists,172.200000,0.000000,120,230,350,450,920,1400,1800,2200,3200,3400,3400,13022,0,78,208.6397640880039,1.376970999444893,4777.038868000091,39163.0
1781107462,500,GET,REST/listar-playlists-musica,173.200000,0.000000,120,240,390,480,950,1300,1900,2300,3900,4200,4200,12829,0,77,207.59735639325464,1.1788720003096387,4176.8268779997015,29577.0
1781107462,500,GET,REST/listar-playlists-usuario,173.400000,0.000000,120,210,320,440,880,1300,1900,2400,4100,5000,5000,12958,0,76,205.19277405803302,1.3528529998438898,4957.3401690004175,29570.0
1781107462,500,GET,REST/listar-usuarios,175.500000,0.000000,120,230,410,570,1100,1900,4100,33000,38000,38000,38000,13138,0,75,486.1679076561951,0.9178640002573957,37782.9522510001,21998.0
1781107462,500,,Aggregated,1042.200000,0.000000,120,230,380,500,950,1400,2100,2700,34000,38000,38000,77918,0,76,253.87050957664758,0.9178640002573957,37782.9522510001,33628.61333709797
1781107463,500,GET,REST/listar-musicas,175.100000,0.000000,110,230,400,570,980,1500,2100,2600,4200,4200,4200,13265,0,77,210.80568017663165,1.3810130003548693,4180.737613000019,50889.0
1781107463,500,GET,REST/listar-musicas-playlist,170.200000,0.000000,100,190,350,500,970,1600,2100,2500,4100,5600,5600,13072,0,72,205.15597123125704,1.1514110001371591,5553.070099999786,30493.0
1781107463,500,GET,REST/listar-playlists,174.100000,0.000000,110,200,320,440,930,1400,1800,2200,3400,3500,3500,13197,0,78,209.8834664434333,1.376970999444893,4777.038868000091,39163.0
1781107463,500,GET,REST/listar-playlists-musica,171.500000,0.000000,110,220,390,500,960,1400,1900,2300,3900,4200,4200,13026,0,77,209.360569081381,1.1788720003096387,4176.8268779997015,29577.0
1781107463,500,GET,REST/listar-playlists-usuario,172.900000,0.000000,110,190,320,440,910,1300,2000,2500,4100,5000,5000,13128,0,76,206.89633031969737,1.3528529998438898,4957.3401690004175,29570.0
1781107463,500,GET,REST/listar-usuarios,175.400000,0.000000,100,210,400,560,1000,1800,3700,33000,38000,38000,38000,13327,0,75,486.60405126848485,0.9178640002573957,38388.59568099997,21998.0
1781107463,500,,Aggregated,1039.200000,0.000000,110,210,370,490,960,1500,2100,2800,34000,38000,38000,79015,0,76,255.34653292005606,0.9178640002573957,38388.59568099997,33627.963044991455
1781107464,500,GET,REST/listar-musicas,174.000000,0.000000,100,220,380,540,1000,1500,2100,2600,4200,4200,4200,13423,0,77,212.23744134202644,1.3810130003548693,4180.737613000019,50889.0
1781107464,500,GET,REST/listar-musicas-playlist,171.200000,0.000000,93,170,320,490,1000,1700,2300,2800,4100,5600,5600,13238,0,72,207.07990861708592,1.1514110001371591,5553.070099999786,30493.0
1781107464,500,GET,REST/listar-playlists,172.700000,0.000000,110,180,310,440,930,1400,1900,2400,3500,3600,3600,13370,0,78,211.19698973350714,1.376970999444893,4777.038868000091,39163.0
1781107464,500,GET,REST/listar-playlists-musica,169.400000,0.000000,100,210,360,500,990,1400,2100,2700,4200,4600,4600,13184,0,77,211.34775103823338,1.1788720003096387,4613.864551999541,29577.0
1781107464,500,GET,REST/listar-playlists-usuario,172.300000,0.000000,98,180,290,420,950,1500,2100,2500,4100,5000,5000,13299,0,76,208.62412986991407,1.3528529998438898,4957.3401690004175,29570.0
1781107464,500,GET,REST/listar-usuarios,173.900000,0.000000,99,190,370,510,990,1600,2700,33000,38000,38000,38000,13486,0,75,484.28205780573154,0.9178640002573957,38388.59568099997,21998.0
1781107464,500,,Aggregated,1033.500000,0.000000,100,190,340,480,990,1500,2200,2800,34000,38000,38000,80000,0,76,256.3227455317533,0.9178640002573957,38388.59568099997,33627.7289625
1781107465,500,GET,REST/listar-musicas,173.800000,0.000000,100,220,390,570,1100,1600,2300,2800,4200,4200,4200,13587,0,77,214.81154633458627,1.3810130003548693,4180.737613000019,50889.0
1781107465,500,GET,REST/listar-musicas-playlist,170.800000,0.000000,97,180,330,530,1100,1700,2300,2900,4100,5600,5600,13412,0,72,209.3901191409917,1.1514110001371591,5553.070099999786,30493.0
1781107465,500,GET,REST/listar-playlists,172.900000,0.000000,100,180,300,430,960,1400,2100,2600,3600,3900,3900,13530,0,78,213.12862396666608,1.376970999444893,4777.038868000091,39163.0
1781107465,500,GET,REST/listar-playlists-musica,170.400000,0.000000,100,190,360,490,980,1400,2100,2700,4200,4600,4600,13349,0,77,212.9995765639416,1.1788720003096387,4613.864551999541,29577.0
1781107465,500,GET,REST/listar-playlists-usuario,169.800000,0.000000,97,180,320,460,1100,1700,2300,2600,3600,4100,4100,13459,0,76,212.59044953376815,1.3528529998438898,4957.3401690004175,29570.0
1781107465,500,GET,REST/listar-usuarios,173.700000,0.000000,100,200,380,540,1100,1800,3100,34000,40000,40000,40000,13646,0,76,495.26114774725943,0.9178640002573957,40125.858352999785,21998.0
1781107465,500,,Aggregated,1031.400000,0.000000,100,190,340,500,1000,1600,2300,2900,37000,40000,40000,80983,0,76,260.2217115965356,0.9178640002573957,40125.858352999785,33627.63864020844
1781107466,500,GET,REST/listar-musicas,172.300000,0.000000,98,200,380,560,1100,1600,2400,2800,4200,4200,4200,13760,0,78,216.85407299120826,1.3810130003548693,4180.737613000019,50889.0
1781107466,500,GET,REST/listar-musicas-playlist,170.200000,0.000000,92,170,340,530,1100,1700,2300,2800,4100,5600,5600,13577,0,72,210.25259835302177,1.1514110001371591,5553.070099999786,30493.0
1781107466,500,GET,REST/listar-playlists,171.900000,0.000000,100,180,300,430,990,1500,2200,2900,4600,4600,4600,13702,0,78,215.0011615748056,1.376970999444893,4777.038868000091,39163.0
1781107466,500,GET,REST/listar-playlists-musica,170.400000,0.000000,98,190,350,500,990,1500,2200,2700,4200,4600,4600,13522,0,77,214.77557837361732,1.1788720003096387,4613.864551999541,29577.0
1781107466,500,GET,REST/listar-playlists-usuario,171.100000,0.000000,92,180,320,490,1200,1700,2300,2600,3600,4100,4100,13632,0,76,214.72714684976404,1.3528529998438898,4957.3401690004175,29570.0
1781107466,500,GET,REST/listar-usuarios,173.000000,0.000000,100,190,380,580,1100,1800,3000,35000,41000,41000,41000,13834,0,76,503.01943702002995,0.9178640002573957,41437.13131700042,21998.0
1781107466,500,,Aggregated,1028.900000,0.000000,97,180,340,510,1100,1600,2400,2900,38000,41000,41000,82027,0,76,263.0180820517057,0.9178640002573957,41437.13131700042,33625.59026905775
1781107467,500,GET,REST/listar-musicas,171.600000,0.000000,97,200,390,560,1100,1600,2300,2800,4200,4200,4200,13944,0,78,219.4481779354571,1.3810130003548693,4180.737613000019,50889.0
1781107467,500,GET,REST/listar-musicas-playlist,170.800000,0.000000,89,170,340,530,1100,1700,2300,2800,3800,5600,5600,13744,0,73,212.37770961670353,1.1514110001371591,5553.070099999786,30493.0
1781107467,500,GET,REST/listar-playlists,172.900000,0.000000,98,170,280,430,1000,1500,2200,3000,4600,4600,4600,13880,0,79,216.47004637427835,1.376970999444893,4777.038868000091,39163.0
1781107467,500,GET,REST/listar-playlists-musica,171.000000,0.000000,96,180,340,500,1000,1500,2200,2800,4200,4600,4600,13681,0,77,216.93313375535794,1.1788720003096387,4613.864551999541,29577.0
1781107467,500,GET,REST/listar-playlists-usuario,169.900000,0.000000,91,160,320,510,1200,1800,2400,2600,4100,4300,4300,13807,0,77,217.1028202387186,1.3528529998438898,4957.3401690004175,29570.0
1781107467,500,GET,REST/listar-usuarios,171.900000,0.000000,99,190,350,550,1100,1900,3000,35000,41000,42000,42000,14002,0,76,504.62758967333883,0.9178640002573957,41776.73527300067,21998.0
1781107467,500,,Aggregated,1028.100000,0.000000,96,180,330,510,1100,1700,2400,3000,38000,42000,42000,83058,0,77,265.0521952169358,0.9178640002573957,41776.73527300067,33629.58861277661
1781107468,500,GET,REST/listar-musicas,173.000000,0.000000,91,180,360,550,1000,1600,2400,2800,4200,4200,4200,14114,0,78,219.6816797297731,1.3810130003548693,4180.737613000019,50889.0
1781107468,500,GET,REST/listar-musicas-playlist,169.700000,0.000000,84,160,340,550,1200,1700,2300,2700,3800,5600,5600,13930,0,73,213.6648651820504,1.1514110001371591,5553.070099999786,30493.0
1781107468,500,GET,REST/listar-playlists,170.600000,0.000000,95,170,290,440,1000,1500,2200,3100,4600,4600,4600,14057,0,79,217.852109208507,1.376970999444893,4777.038868000091,39163.0
1781107468,500,GET,REST/listar-playlists-musica,170.400000,0.000000,90,170,340,520,1000,1500,2200,2700,3700,4600,4600,13862,0,77,218.3653725336204,1.1788720003096387,4613.864551999541,29577.0
1781107468,500,GET,REST/listar-playlists-usuario,170.000000,0.000000,87,160,310,510,1200,1800,2400,2700,4100,4300,4300,13989,0,77,218.75454238530187,1.3528529998438898,4957.3401690004175,29570.0
1781107468,500,GET,REST/listar-usuarios,172.100000,0.000000,93,170,330,540,1200,1900,3000,38000,42000,42000,42000,14178,0,76,510.69970189886396,0.9178640002573957,42070.13756700053,21998.0
1781107468,500,,Aggregated,1025.800000,0.000000,90,170,320,520,1100,1700,2400,3000,40000,42000,42000,84130,0,77,267.0524706982922,0.9178640002573957,42070.13756700053,33627.33715678117
1781107469,500,GET,REST/listar-musicas,172.300000,0.000000,97,180,360,560,1100,1600,2400,2800,4200,4200,4200,14284,0,79,221.97180232231992,1.3810130003548693,4180.737613000019,50889.0
1781107469,500,GET,REST/listar-musicas-playlist,169.700000,0.000000,88,160,330,530,1200,1700,2300,2600,3900,5600,5600,14096,0,73,215.33538174886255,1.1514110001371591,5553.070099999786,30493.0
1781107469,500,GET,REST/listar-playlists,171.500000,0.000000,100,180,300,470,1100,1700,2400,3200,4600,4600,4600,14229,0,79,220.3758119717465,1.376970999444893,4777.038868000091,39163.0
1781107469,500,GET,REST/listar-playlists-musica,168.800000,0.000000,92,180,360,550,1100,1600,2300,2800,3700,4600,4600,14029,0,78,220.01336141086625,1.1788720003096387,4613.864551999541,29577.0
1781107469,500,GET,REST/listar-playlists-usuario,170.000000,0.000000,92,170,350,550,1300,1900,2400,2800,4300,5700,5700,14165,0,77,221.34012615086377,1.3528529998438898,5690.258794000329,29570.0
1781107469,500,GET,REST/listar-usuarios,171.500000,0.000000,98,180,350,580,1200,1900,3100,38000,43000,43000,43000,14348,0,76,514.9295263002577,0.9178640002573957,42578.21869000054,21998.0
1781107469,500,,Aggregated,1023.800000,0.000000,95,180,340,540,1200,1700,2500,3100,40000,43000,43000,85151,0,77,269.5423350467561,0.9178640002573957,42578.21869000054,33627.32343718805
1781107470,500,GET,REST/listar-musicas,172.600000,0.000000,93,180,360,550,1100,1600,2400,2800,4200,6400,6400,14456,0,79,223.50607824681876,1.3810130003548693,6404.844367999431,50889.0
1781107470,500,GET,REST/listar-musicas-playlist,169.200000,0.000000,83,150,280,490,1200,1700,2300,2600,3900,5600,5600,14269,0,73,216.35561919384432,1.1514110001371591,5553.070099999786,30493.0
1781107470,500,GET,REST/listar-playlists,171.800000,0.000000,93,170,280,440,1000,1600,2500,3100,4600,5400,5400,14397,0,80,221.682877130026,1.376970999444893,5387.333245999798,39163.0
1781107470,500,GET,REST/listar-playlists-musica,169.600000,0.000000,89,170,340,540,1100,1600,2300,2800,3700,4600,4600,14208,0,78,222.58986307221562,1.1788720003096387,4613.864551999541,29577.0
1781107470,500,GET,REST/listar-playlists-usuario,169.300000,0.000000,91,170,350,560,1300,1900,2400,2700,4300,5700,5700,14322,0,77,222.07829935190534,1.3528529998438898,5690.258794000329,29570.0
1781107470,500,GET,REST/listar-usuarios,172.700000,0.000000,95,170,330,520,1200,1900,3300,40000,44000,44000,44000,14518,0,77,526.8255031273657,0.9178640002573957,44249.29885899928,21998.0
1781107470,500,,Aggregated,1025.200000,0.000000,91,170,320,520,1100,1700,2500,3000,42000,44000,44000,86170,0,77,272.7325683150205,0.9178640002573957,44249.29885899928,33627.529673900426
1781107471,500,GET,REST/listar-musicas,171.700000,0.000000,100,210,380,600,1200,1600,2400,2900,4200,6400,6400,14622,0,79,225.95064281473105,1.3810130003548693,6404.844367999431,50889.0
1781107471,500,GET,REST/listar-musicas-playlist,170.600000,0.000000,91,170,340,530,1200,1700,2300,2600,3900,5600,5600,14429,0,74,219.31715064564202,1.1514110001371591,5553.070099999786,30493.0
1781107471,500,GET,REST/listar-playlists,170.900000,0.000000,110,190,320,500,1100,1700,2500,3100,4600,5400,5400,14560,0,80,224.53672420631793,1.376970999444893,5387.333245999798,39163.0
1781107471,500,GET,REST/listar-playlists-musica,168.400000,0.000000,96,190,380,600,1200,1700,2500,2800,3800,4600,4600,14367,0,78,225.42888583490264,1.1788720003096387,4613.864551999541,29577.0
1781107471,500,GET,REST/listar-playlists-usuario,170.700000,0.000000,93,190,400,620,1400,2000,2500,2900,4300,5700,5700,14480,0,78,225.59705775151815,1.3528529998438898,5690.258794000329,29570.0
1781107471,500,GET,REST/listar-usuarios,172.100000,0.000000,100,190,370,610,1200,2000,3000,40000,44000,44000,44000,14684,0,77,526.5150151646072,0.9178640002573957,44249.29885899928,21998.0
1781107471,500,,Aggregated,1024.400000,0.000000,97,190,370,570,1200,1800,2500,3000,42000,44000,44000,87142,0,78,275.1183224169321,0.9178640002573957,44249.29885899928,33628.10959124188
1781107472,500,GET,REST/listar-musicas,169.600000,0.000000,110,230,400,610,1100,1600,2300,2800,4200,6400,6400,14793,0,80,227.70130748563446,1.3810130003548693,6404.844367999431,50889.0
1781107472,500,GET,REST/listar-musicas-playlist,170.400000,0.000000,97,180,370,540,1200,1700,2300,2600,3600,3900,3900,14593,0,74,220.65101075193422,1.1514110001371591,5553.070099999786,30493.0
1781107472,500,GET,REST/listar-playlists,170.400000,0.000000,110,210,350,520,1100,1700,2400,3000,4600,5400,5400,14726,0,81,226.5072964955852,1.376970999444893,5387.333245999798,39163.0
1781107472,500,GET,REST/listar-playlists-musica,168.500000,0.000000,100,220,410,610,1200,1700,2600,2900,3900,4600,4600,14521,0,79,227.56785411666175,1.1788720003096387,4613.864551999541,29577.0
1781107472,500,GET,REST/listar-playlists-usuario,169.200000,0.000000,100,220,420,650,1300,1900,2500,2900,4300,5700,5700,14664,0,78,228.14828047879035,1.3528529998438898,5690.258794000329,29570.0
1781107472,500,GET,REST/listar-usuarios,169.800000,0.000000,110,220,410,650,1300,2000,3000,41000,45000,45000,45000,14854,0,78,534.3752792944719,0.9178640002573957,45372.94174700037,21998.0
1781107472,500,,Aggregated,1017.900000,0.000000,110,210,400,590,1200,1800,2500,3000,43000,45000,45000,88151,0,78,278.0635691363829,0.9178640002573957,45372.94174700037,33628.20674751279
1781107473,500,GET,REST/listar-musicas,170.000000,0.000000,110,240,410,600,1100,1600,2300,2700,3800,6400,6400,14967,0,80,228.6857560639398,1.3810130003548693,6404.844367999431,50889.0
1781107473,500,GET,REST/listar-musicas-playlist,170.700000,0.000000,110,200,380,550,1100,1600,2200,2400,3600,3900,3900,14779,0,75,222.08878773056244,1.1514110001371591,5553.070099999786,30493.0
1781107473,500,GET,REST/listar-playlists,168.300000,0.000000,120,210,350,520,1100,1700,2400,2900,4600,5400,5400,14902,0,81,227.33943243920194,1.376970999444893,5387.333245999798,39163.0
1781107473,500,GET,REST/listar-playlists-musica,170.300000,0.000000,110,230,430,610,1200,1600,2500,2800,3800,3900,3900,14704,0,80,228.63818653754413,1.1788720003096387,4613.864551999541,29577.0
1781107473,500,GET,REST/listar-playlists-usuario,169.300000,0.000000,110,220,420,610,1300,1800,2400,2800,4300,5700,5700,14833,0,78,228.52917477617402,1.3528529998438898,5690.258794000329,29570.0
1781107473,500,GET,REST/listar-usuarios,170.400000,0.000000,120,230,400,630,1200,2000,3700,43000,46000,46000,46000,15039,0,78,551.9215199789934,0.9178640002573957,46357.49943999963,21998.0
1781107473,500,,Aggregated,1019.000000,0.000000,110,220,400,590,1200,1700,2400,3000,45000,46000,46000,89224,0,79,281.8167646637149,0.9178640002573957,46357.49943999963,33626.139558863084
1781107474,500,GET,REST/listar-musicas,169.500000,0.000000,110,230,400,560,1100,1500,2200,2500,3800,6400,6400,15152,0,80,229.9718644309656,1.3810130003548693,6404.844367999431,50889.0
1781107474,500,GET,REST/listar-musicas-playlist,167.300000,0.000000,98,180,360,500,1100,1600,2100,2400,3600,3900,3900,14949,0,75,222.460095648737,1.1514110001371591,5553.070099999786,30493.0
1781107474,500,GET,REST/listar-playlists,168.900000,0.000000,110,210,350,540,1100,1700,2300,2900,4600,5400,5400,15081,0,81,228.66298101485205,1.376970999444893,5387.333245999798,39163.0
1781107474,500,GET,REST/listar-playlists-musica,168.000000,0.000000,110,220,420,610,1200,1700,2300,2800,3900,4900,4900,14873,0,80,229.83893015773862,1.1788720003096387,4857.069915000466,29577.0
1781107474,500,GET,REST/listar-playlists-usuario,168.800000,0.000000,100,210,400,560,1200,1700,2300,2700,4300,5700,5700,15005,0,78,229.19245414661683,1.3528529998438898,5690.258794000329,29570.0
1781107474,500,GET,REST/listar-usuarios,169.400000,0.000000,110,210,380,590,1200,2000,3300,43000,46000,46000,46000,15209,0,78,555.4491068896111,0.9178640002573957,46357.49943999963,21998.0
1781107474,500,,Aggregated,1011.900000,0.000000,110,210,380,560,1100,1700,2400,2900,45000,46000,46000,90269,0,79,283.1958781617868,0.9178640002573957,46357.49943999963,33629.389280927004
1781107475,500,GET,REST/listar-musicas,169.300000,0.000000,120,240,420,560,1100,1500,2200,2500,3800,6400,6400,15316,0,81,231.64779824817154,1.3810130003548693,6404.844367999431,50889.0
1781107475,500,GET,REST/listar-musicas-playlist,169.300000,0.000000,110,210,380,550,1100,1600,2300,2600,3600,3900,3900,15123,0,76,224.95702833478657,1.1514110001371591,5553.070099999786,30493.0
1781107475,500,GET,REST/listar-playlists,168.400000,0.000000,120,230,380,550,1100,1700,2200,2700,3900,5400,5400,15233,0,82,230.78206590783037,1.376970999444893,5387.333245999798,39163.0
1781107475,500,GET,REST/listar-playlists-musica,168.400000,0.000000,120,240,440,610,1300,1700,2300,2800,3900,4900,4900,15060,0,81,232.8181582579056,1.1788720003096387,4857.069915000466,29577.0
1781107475,500,GET,REST/listar-playlists-usuario,169.800000,0.000000,110,230,420,580,1200,1700,2300,3200,5200,5700,5700,15176,0,79,232.57827921968757,1.3528529998438898,5690.258794000329,29570.0
1781107475,500,GET,REST/listar-usuarios,171.100000,0.000000,120,220,380,560,1200,1900,3000,44000,46000,47000,47000,15378,0,79,556.5315707601192,0.9178640002573957,46573.494926999956,21998.0
1781107475,500,,Aggregated,1016.300000,0.000000,120,230,400,570,1200,1700,2300,2800,46000,47000,47000,91286,0,80,285.4724486931334,0.9178640002573957,46573.494926999956,33626.19378656092
1781107476,500,GET,REST/listar-musicas,171.100000,0.000000,110,230,400,550,1100,1500,2100,2400,3800,6400,6400,15487,0,81,233.09438833266634,1.3810130003548693,6404.844367999431,50889.0
1781107476,500,GET,REST/listar-musicas-playlist,170.300000,0.000000,100,190,360,520,1100,1600,2200,2600,3600,3900,3900,15279,0,75,225.6444407144433,1.1514110001371591,5553.070099999786,30493.0
1781107476,500,GET,REST/listar-playlists,169.900000,0.000000,120,240,420,590,1200,1700,2400,2800,4300,5400,5400,15397,0,82,233.50373371942493,1.376970999444893,5387.333245999798,39163.0
1781107476,500,GET,REST/listar-playlists-musica,168.000000,0.000000,120,230,440,630,1200,1700,2600,2800,3900,4900,4900,15222,0,81,234.69375049593089,1.1788720003096387,4857.069915000466,29577.0
1781107476,500,GET,REST/listar-playlists-usuario,169.500000,0.000000,110,230,410,580,1200,1700,2300,2900,5200,5700,5700,15329,0,79,233.34543646271638,1.3528529998438898,5690.258794000329,29570.0
1781107476,500,GET,REST/listar-usuarios,171.300000,0.000000,110,210,390,570,1200,1800,3000,44000,47000,48000,48000,15551,0,79,557.3928552638492,0.9178640002573957,48081.028042999606,21998.0
1781107476,500,,Aggregated,1020.100000,0.000000,110,220,400,570,1200,1700,2300,2900,46000,48000,48000,92265,0,80,286.894141306632,0.9178640002573957,48081.028042999606,33627.09286294912
1781107477,500,GET,REST/listar-musicas,171.700000,0.000000,130,250,420,590,1100,1500,2200,2500,4200,6400,6400,15666,0,82,235.11711132063022,1.3810130003548693,6404.844367999431,50889.0
1781107477,500,GET,REST/listar-musicas-playlist,168.700000,0.000000,110,210,380,540,1100,1600,2300,2800,3900,5200,5200,15461,0,76,227.93883005898593,1.1514110001371591,5553.070099999786,30493.0
1781107477,500,GET,REST/listar-playlists,168.200000,0.000000,130,260,460,630,1300,1800,2400,2800,4300,5400,5400,15593,0,83,236.76247262957654,1.376970999444893,5387.333245999798,39163.0
1781107477,500,GET,REST/listar-playlists-musica,168.100000,0.000000,120,240,450,650,1300,1800,2600,2800,4300,4900,4900,15394,0,81,236.66285012563716,1.1788720003096387,4857.069915000466,29577.0
1781107477,500,GET,REST/listar-playlists-usuario,169.700000,0.000000,120,270,440,600,1200,1700,2300,3200,5200,5700,5700,15518,0,80,236.26797549587405,1.3528529998438898,5690.258794000329,29570.0
1781107477,500,GET,REST/listar-usuarios,170.800000,0.000000,120,240,430,640,1200,1900,3000,45000,49000,50000,50000,15724,0,80,568.3333125915865,0.9178640002573957,49541.33905500021,21998.0
1781107477,500,,Aggregated,1017.200000,0.000000,120,250,430,600,1200,1700,2400,3000,46000,50000,50000,93356,0,80,290.773078527073,0.9178640002573957,49541.33905500021,33628.4776125798
1781107478,500,GET,REST/listar-musicas,170.800000,0.000000,130,250,420,560,1100,1500,2200,2500,4200,6400,6400,15831,0,82,236.37222100303163,1.3810130003548693,6404.844367999431,50889.0
1781107478,500,GET,REST/listar-musicas-playlist,167.800000,0.000000,110,230,380,530,1000,1600,2300,2800,4000,5200,5200,15625,0,76,228.80706492979073,1.1514110001371591,5553.070099999786,30493.0
1781107478,500,GET,REST/listar-playlists,169.300000,0.000000,140,280,500,700,1300,1800,2500,2800,4300,5400,5400,15761,0,83,239.52029131133722,1.376970999444893,5387.333245999798,39163.0
1781107478,500,GET,REST/listar-playlists-musica,167.700000,0.000000,130,260,480,660,1300,1800,2600,2900,4700,4900,4900,15561,0,81,239.42473001471998,1.1788720003096387,4857.069915000466,29577.0
1781107478,500,GET,REST/listar-playlists-usuario,167.500000,0.000000,120,280,440,590,1200,1700,2300,3000,5100,5200,5200,15697,0,81,238.41492760616538,1.3528529998438898,5690.258794000329,29570.0
1781107478,500,GET,REST/listar-usuarios,170.400000,0.000000,120,250,450,650,1200,1900,3000,46000,50000,50000,50000,15897,0,80,569.4560335218043,0.9178640002573957,49623.26142599977,21998.0
1781107478,500,,Aggregated,1013.500000,0.000000,130,260,440,610,1200,1700,2400,3000,46000,50000,50000,94372,0,81,292.5966201720259,0.9178640002573957,49623.26142599977,33626.87152969101
1781107479,500,GET,REST/listar-musicas,169.700000,0.000000,130,250,420,570,1100,1500,2200,2500,3900,4200,4200,16002,0,82,237.56778286026648,1.3810130003548693,6404.844367999431,50889.0
1781107479,500,GET,REST/listar-musicas-playlist,167.800000,0.000000,110,220,370,510,1000,1500,2200,2700,4000,5200,5200,15798,0,76,229.16534097740066,1.1514110001371591,5553.070099999786,30493.0
1781107479,500,GET,REST/listar-playlists,169.600000,0.000000,140,280,490,690,1300,1800,2400,2800,4300,5400,5400,15942,0,83,240.58135908468162,1.376970999444893,5387.333245999798,39163.0
1781107479,500,GET,REST/listar-playlists-musica,168.500000,0.000000,130,250,470,640,1200,1700,2500,2900,4700,4900,4900,15727,0,81,239.61564068474942,1.1788720003096387,4857.069915000466,29577.0
1781107479,500,GET,REST/listar-playlists-usuario,167.500000,0.000000,120,270,430,590,1200,1700,2400,3200,5100,5200,5200,15870,0,81,239.10463279552462,1.3528529998438898,5690.258794000329,29570.0
1781107479,500,GET,REST/listar-usuarios,170.000000,0.000000,120,250,450,650,1200,1800,3000,46000,50000,51000,51000,16072,0,80,569.9286961969971,0.9178640002573957,51248.15019700054,21998.0
1781107479,500,,Aggregated,1013.100000,0.000000,120,250,430,600,1200,1700,2300,2900,46000,51000,51000,95411,0,81,293.25949265191036,0.9178640002573957,51248.15019700054,33626.89808303026
1781107480,500,GET,REST/listar-musicas,169.100000,0.000000,130,250,420,550,1100,1500,2200,2500,3900,4200,4200,16160,0,82,238.86649465408263,1.3810130003548693,6404.844367999431,50889.0
1781107480,500,GET,REST/listar-musicas-playlist,166.700000,0.000000,110,210,360,500,1000,1500,2100,2700,4800,5200,5200,15951,0,76,230.93014849984112,1.1514110001371591,5553.070099999786,30493.0
1781107480,500,GET,REST/listar-playlists,167.700000,0.000000,130,280,490,650,1300,1800,2500,2800,4300,4300,4300,16100,0,83,241.91151254509313,1.376970999444893,5387.333245999798,39163.0
1781107480,500,GET,REST/listar-playlists-musica,166.800000,0.000000,120,240,470,640,1200,1700,2500,2900,4700,4900,4900,15887,0,81,241.2838835255275,1.1788720003096387,4857.069915000466,29577.0
1781107480,500,GET,REST/listar-playlists-usuario,166.600000,0.000000,120,250,420,610,1200,1800,2500,3200,5100,5200,5200,16031,0,81,241.75232863682692,1.3528529998438898,5690.258794000329,29570.0
1781107480,500,GET,REST/listar-usuarios,168.300000,0.000000,120,250,450,630,1200,1800,2900,46000,50000,51000,51000,16231,0,80,568.0371640698754,0.9178640002573957,51248.15019700054,21998.0
1781107480,500,,Aggregated,1005.200000,0.000000,120,250,430,590,1200,1700,2400,2900,46000,51000,51000,96360,0,81,294.3860995462056,0.9178640002573957,51248.15019700054,33626.612598588625
1781107481,500,GET,REST/listar-musicas,168.000000,0.000000,120,250,420,580,1100,1500,2200,2600,3900,4200,4200,16326,0,82,240.80577753258447,1.3810130003548693,6404.844367999431,50889.0
1781107481,500,GET,REST/listar-musicas-playlist,167.700000,0.000000,100,210,370,540,1100,1600,2500,2900,4800,5200,5200,16121,0,76,234.1009425636729,1.1514110001371591,5553.070099999786,30493.0
1781107481,500,GET,REST/listar-playlists,169.300000,0.000000,120,260,470,630,1300,1700,2400,2700,4300,4300,4300,16259,0,84,243.0703493636749,1.376970999444893,5387.333245999798,39163.0
1781107481,500,GET,REST/listar-playlists-musica,168.200000,0.000000,110,230,460,640,1200,1700,2300,2800,4700,4900,4900,16047,0,81,243.07884706979834,1.1788720003096387,4857.069915000466,29577.0
1781107481,500,GET,REST/listar-playlists-usuario,167.500000,0.000000,110,240,450,630,1200,1800,2500,3200,5100,5200,5200,16186,0,81,244.4605164442714,1.3528529998438898,5690.258794000329,29570.0
1781107481,500,GET,REST/listar-usuarios,168.500000,0.000000,110,230,450,640,1200,1800,3000,46000,52000,52000,52000,16388,0,80,579.5021283242696,0.9178640002573957,52464.30377100023,21998.0
1781107481,500,,Aggregated,1009.200000,0.000000,110,240,430,610,1200,1700,2500,3000,49000,52000,52000,97327,0,81,298.0860633374537,0.9178640002573957,52464.30377100023,33627.750233748084
1781107482,500,GET,REST/listar-musicas,168.900000,0.000000,110,230,420,590,1200,1600,2300,2800,4200,4300,4300,16503,0,82,242.1977012114143,1.3810130003548693,6404.844367999431,50889.0
1781107482,500,GET,REST/listar-musicas-playlist,166.200000,0.000000,97,190,360,540,1100,1700,2600,3100,4800,5200,5200,16286,0,76,235.65183006023437,1.1514110001371591,5553.070099999786,30493.0
1781107482,500,GET,REST/listar-playlists,168.900000,0.000000,120,260,490,690,1300,1800,2600,2800,4300,4300,4300,16429,0,84,244.8237973615553,1.376970999444893,5387.333245999798,39163.0
1781107482,500,GET,REST/listar-playlists-musica,166.900000,0.000000,110,220,470,650,1300,1700,2500,2900,4700,4900,4900,16220,0,82,244.53730761449165,1.1788720003096387,4857.069915000466,29577.0
1781107482,500,GET,REST/listar-playlists-usuario,168.100000,0.000000,100,220,440,630,1200,1900,2600,3200,5100,5200,5200,16357,0,81,245.12084261239744,1.3528529998438898,5690.258794000329,29570.0
1781107482,500,GET,REST/listar-usuarios,169.000000,0.000000,100,220,460,650,1300,1800,3000,46000,53000,53000,53000,16565,0,80,586.2294063038415,0.9178640002573957,53426.78334199991,21998.0
1781107482,500,,Aggregated,1008.000000,0.000000,110,220,440,630,1200,1800,2500,3100,50000,53000,53000,98360,0,81,300.3634750086149,0.9178640002573957,53426.78334199991,33628.01333875559
1781107483,500,GET,REST/listar-musicas,168.200000,0.000000,120,230,420,630,1200,1700,2400,3000,4200,4300,4300,16671,0,82,244.14743357656855,1.3810130003548693,6404.844367999431,50889.0
1781107483,500,GET,REST/listar-musicas-playlist,166.300000,0.000000,110,210,390,580,1100,1700,2600,3200,4800,5200,5200,16462,0,77,237.19477495012634,1.1514110001371591,5553.070099999786,30493.0
1781107483,500,GET,REST/listar-playlists,168.700000,0.000000,130,270,490,700,1300,1800,2600,2800,4300,4300,4300,16605,0,84,246.73421464552834,1.376970999444893,5387.333245999798,39163.0
1781107483,500,GET,REST/listar-playlists-musica,165.400000,0.000000,120,240,500,680,1300,1800,2500,2900,4300,4700,4700,16395,0,82,246.91915570662113,1.1788720003096387,4857.069915000466,29577.0
1781107483,500,GET,REST/listar-playlists-usuario,167.800000,0.000000,110,250,490,680,1300,1900,2700,3200,5100,5200,5200,16525,0,81,247.6243075089854,1.3528529998438898,5690.258794000329,29570.0
1781107483,500,GET,REST/listar-usuarios,169.300000,0.000000,110,240,470,670,1300,1800,2800,6300,53000,53000,53000,16740,0,81,584.649583898753,0.9178640002573957,53426.78334199991,21998.0
1781107483,500,,Aggregated,1005.700000,0.000000,120,240,460,650,1300,1800,2600,3200,50000,53000,53000,99398,0,81,301.80857923131646,0.9178640002573957,53426.78334199991,33626.97021066822
1781107484,500,GET,REST/listar-musicas,167.500000,0.000000,110,220,410,610,1200,1700,2400,3000,4200,4300,4300,16835,0,82,245.17616352129386,1.3810130003548693,6404.844367999431,50889.0
1781107484,500,GET,REST/listar-musicas-playlist,167.200000,0.000000,100,210,400,570,1100,1700,2600,3300,4800,5200,5200,16635,0,77,238.80501741526712,1.1514110001371591,5553.070099999786,30493.0
1781107484,500,GET,REST/listar-playlists,167.500000,0.000000,120,250,470,680,1300,1800,2600,3000,4300,4300,4300,16767,0,84,247.69376136219958,1.376970999444893,5387.333245999798,39163.0
1781107484,500,GET,REST/listar-playlists-musica,165.800000,0.000000,110,230,480,670,1300,1700,2500,3000,4300,4700,4700,16552,0,82,248.12759368910469,1.1788720003096387,4857.069915000466,29577.0
1781107484,500,GET,REST/listar-playlists-usuario,166.100000,0.000000,110,240,480,660,1200,1900,2700,3200,4900,5100,5100,16710,0,81,249.61014247366808,1.3528529998438898,5690.258794000329,29570.0
1781107484,500,GET,REST/listar-usuarios,167.900000,0.000000,100,230,450,650,1300,1900,3000,49000,55000,55000,55000,16903,0,81,598.4732138738765,0.9178640002573957,55479.190029000165,21998.0
1781107484,500,,Aggregated,1002.000000,0.000000,110,230,450,640,1200,1800,2600,3200,52000,55000,55000,100402,0,81,305.24421445719616,0.9178640002573957,55479.190029000165,33626.01132447561
1781107485,500,GET,REST/listar-musicas,166.700000,0.000000,120,240,450,650,1300,1800,2400,3000,4200,4300,4300,17004,0,83,248.01454697394638,1.3810130003548693,6404.844367999431,50889.0
1781107485,500,GET,REST/listar-musicas-playlist,165.700000,0.000000,110,230,440,630,1200,1700,2600,3300,4800,5200,5200,16807,0,78,241.75207256500144,1.1514110001371591,5553.070099999786,30493.0
1781107485,500,GET,REST/listar-playlists,168.300000,0.000000,130,280,490,680,1300,1800,2600,3000,4300,4700,4700,16937,0,85,250.62141322725378,1.376970999444893,5387.333245999798,39163.0
1781107485,500,GET,REST/listar-playlists-musica,164.200000,0.000000,120,270,550,730,1300,1700,2400,3000,4300,4700,4700,16747,0,83,251.79524625849788,1.1788720003096387,4857.069915000466,29577.0
1781107485,500,GET,REST/listar-playlists-usuario,166.400000,0.000000,120,280,500,680,1300,1900,2700,3200,4900,5100,5100,16864,0,82,251.63133356890347,1.3528529998438898,5690.258794000329,29570.0
1781107485,500,GET,REST/listar-usuarios,166.500000,0.000000,110,250,470,670,1300,1900,2900,49000,55000,55000,55000,17085,0,81,597.0452441484422,0.9178640002573957,55479.190029000165,21998.0
1781107485,500,,Aggregated,997.800000,0.000000,120,250,480,680,1300,1800,2600,3300,52000,55000,55000,101444,0,82,307.4206962545684,0.9178640002573957,55479.190029000165,33623.935047908206
1781107486,500,GET,REST/listar-musicas,166.500000,0.000000,120,260,460,670,1300,1800,2400,2800,4200,4300,4300,17165,0,84,250.17694626146087,1.3810130003548693,6404.844367999431,50889.0
1781107486,500,GET,REST/listar-musicas-playlist,164.300000,0.000000,120,250,470,660,1200,1800,2600,3300,4800,5200,5200,16965,0,79,243.75017555826554,1.1514110001371591,5553.070099999786,30493.0
1781107486,500,GET,REST/listar-playlists,166.100000,0.000000,130,280,470,670,1300,1800,2500,2800,4300,4700,4700,17095,0,86,252.24998519251238,1.376970999444893,5387.333245999798,39163.0
1781107486,500,GET,REST/listar-playlists-musica,164.200000,0.000000,130,290,570,740,1300,1700,2300,2900,4000,4700,4700,16898,0,83,253.2057288344809,1.1788720003096387,4857.069915000466,29577.0
1781107486,500,GET,REST/listar-playlists-usuario,166.100000,0.000000,120,300,500,680,1300,1900,2800,3200,5100,6000,6000,17031,0,83,254.0950661605298,1.3528529998438898,6047.957972999939,29570.0
1781107486,500,GET,REST/listar-usuarios,166.300000,0.000000,120,280,490,690,1300,1900,2900,52000,57000,57000,57000,17243,0,82,612.1125981673216,0.9178640002573957,56723.47853700012,21998.0
1781107486,500,,Aggregated,993.500000,0.000000,120,270,490,680,1300,1800,2600,3200,54000,57000,57000,102397,0,83,311.5574041779975,0.9178640002573957,56723.47853700012,33624.278494487146
1781107487,500,GET,REST/listar-musicas,165.700000,0.000000,130,280,490,680,1300,1800,2400,2600,4200,4300,4300,17344,0,85,252.04920924302155,1.3810130003548693,6404.844367999431,50889.0
1781107487,500,GET,REST/listar-musicas-playlist,166.200000,0.000000,130,260,470,660,1200,1800,2500,3200,4500,4800,4800,17131,0,79,244.75238581711372,1.1514110001371591,5553.070099999786,30493.0
1781107487,500,GET,REST/listar-playlists,167.500000,0.000000,140,290,490,650,1200,1700,2300,2800,4300,4700,4700,17269,0,87,253.83846402530534,1.376970999444893,5387.333245999798,39163.0
1781107487,500,GET,REST/listar-playlists-musica,165.800000,0.000000,130,300,570,760,1300,1700,2300,3000,4000,4700,4700,17054,0,84,255.04906953131572,1.1788720003096387,4857.069915000466,29577.0
1781107487,500,GET,REST/listar-playlists-usuario,167.300000,0.000000,130,300,500,680,1300,1900,2700,3200,4700,6000,6000,17195,0,83,255.6868483688852,1.3528529998438898,6047.957972999939,29570.0
1781107487,500,GET,REST/listar-usuarios,167.100000,0.000000,130,290,510,720,1300,1800,3000,53000,57000,57000,57000,17412,0,83,623.3723034656068,0.9178640002573957,57134.22053300019,21998.0
1781107487,500,,Aggregated,999.600000,0.000000,130,290,500,690,1300,1800,2500,3200,55000,57000,57000,103405,0,83,314.7645837167485,0.9178640002573957,57134.22053300019,33626.92065180601
1781107488,500,GET,REST/listar-musicas,163.500000,0.000000,130,300,520,720,1300,1800,2400,2700,4200,4300,4300,17516,0,85,253.51591248515408,1.3810130003548693,6404.844367999431,50889.0
1781107488,500,GET,REST/listar-musicas-playlist,165.700000,0.000000,130,270,490,680,1200,1800,2600,3200,4500,4800,4800,17297,0,80,246.15539912371963,1.1514110001371591,5553.070099999786,30493.0
1781107488,500,GET,REST/listar-playlists,166.100000,0.000000,140,300,500,660,1200,1700,2300,2800,4300,4700,4700,17439,0,87,255.3686938190838,1.376970999444893,5387.333245999798,39163.0
1781107488,500,GET,REST/listar-playlists-musica,164.000000,0.000000,140,300,570,750,1300,1700,2200,2800,4000,4000,4000,17232,0,84,256.3610208557944,1.1788720003096387,4857.069915000466,29577.0
1781107488,500,GET,REST/listar-playlists-usuario,165.600000,0.000000,130,300,520,710,1300,1900,2700,3200,4700,6000,6000,17362,0,83,256.5568372176581,1.3528529998438898,6047.957972999939,29570.0
1781107488,500,GET,REST/listar-usuarios,164.400000,0.000000,130,290,520,760,1300,1900,3300,55000,57000,58000,58000,17578,0,83,633.2719979748633,0.9178640002573957,57606.99577299965,21998.0
1781107488,500,,Aggregated,989.300000,0.000000,130,300,520,710,1300,1800,2500,3200,57000,58000,58000,104424,0,84,317.5066786639694,0.9178640002573957,57606.99577299965,33627.5066076764
1781107489,500,GET,REST/listar-musicas,164.600000,0.000000,130,290,520,720,1300,1700,2400,2600,4200,4300,4300,17668,0,85,254.39754882969004,1.3810130003548693,6404.844367999431,50889.0
1781107489,500,GET,REST/listar-musicas-playlist,163.700000,0.000000,130,280,490,670,1300,1800,2600,3200,4500,4800,4800,17463,0,80,247.08938374969838,1.1514110001371591,5553.070099999786,30493.0
1781107489,500,GET,REST/listar-playlists,163.500000,0.000000,150,300,500,680,1200,1700,2300,2700,4300,4700,4700,17594,0,87,256.33513335029045,1.376970999444893,5387.333245999798,39163.0
1781107489,500,GET,REST/listar-playlists-musica,161.600000,0.000000,140,300,560,740,1300,1800,2300,2900,4000,4000,4000,17388,0,85,257.3106556529247,1.1788720003096387,4857.069915000466,29577.0
1781107489,500,GET,REST/listar-playlists-usuario,165.400000,0.000000,150,310,520,710,1200,1900,2600,3100,4700,6000,6000,17531,0,84,257.59416066550494,1.3528529998438898,6047.957972999939,29570.0
1781107489,500,GET,REST/listar-usuarios,165.700000,0.000000,130,290,520,760,1300,1900,3300,55000,58000,58000,58000,17742,0,83,634.2603110989826,0.9178640002573957,58367.752851999285,21998.0
1781107489,500,,Aggregated,984.500000,0.000000,140,300,520,710,1300,1800,2500,3100,57000,58000,58000,105386,0,84,318.47328381328913,0.9178640002573957,58367.752851999285,33625.00706925018
1781107490,500,GET,REST/listar-musicas,164.400000,0.000000,140,290,520,710,1300,1700,2400,2600,4200,4300,4300,17838,0,85,256.01708441405793,1.3810130003548693,6404.844367999431,50889.0
1781107490,500,GET,REST/listar-musicas-playlist,163.600000,0.000000,140,280,510,660,1300,1800,2500,3200,4100,4500,4500,17617,0,80,248.92146717517053,1.1514110001371591,5553.070099999786,30493.0
1781107490,500,GET,REST/listar-playlists,163.700000,0.000000,140,310,530,720,1300,1800,2300,2800,4300,4700,4700,17766,0,87,258.5080168958125,1.376970999444893,5387.333245999798,39163.0
1781107490,500,GET,REST/listar-playlists-musica,164.200000,0.000000,140,310,560,750,1300,1700,2200,2800,4000,4000,4000,17556,0,85,258.84875471924425,1.1788720003096387,4857.069915000466,29577.0
1781107490,500,GET,REST/listar-playlists-usuario,165.300000,0.000000,150,300,510,690,1200,1800,2600,2900,4700,6000,6000,17687,0,84,259.0990810440417,1.3528529998438898,6047.957972999939,29570.0
1781107490,500,GET,REST/listar-usuarios,166.300000,0.000000,130,300,520,750,1300,1800,3300,55000,58000,58000,58000,17914,0,83,632.1591397825803,0.9178640002573957,58367.752851999285,21998.0
1781107490,500,,Aggregated,987.500000,0.000000,140,300,520,710,1300,1800,2500,3100,57000,58000,58000,106378,0,84,319.579881944727,0.9178640002573957,58367.752851999285,33625.87748406625
1781107491,500,GET,REST/listar-musicas,164.800000,0.000000,160,350,570,750,1300,1900,2400,2600,4200,4300,4300,17992,0,86,258.9351197851248,1.3810130003548693,6404.844367999431,50889.0
1781107491,500,GET,REST/listar-musicas-playlist,162.900000,0.000000,150,320,530,680,1300,1800,2400,3200,4100,4500,4500,17775,0,81,252.30725946773424,1.1514110001371591,5553.070099999786,30493.0
1781107491,500,GET,REST/listar-playlists,162.900000,0.000000,160,340,550,750,1300,1800,2300,3100,4300,4700,4700,17917,0,88,261.4913090195343,1.376970999444893,5387.333245999798,39163.0
1781107491,500,GET,REST/listar-playlists-musica,162.900000,0.000000,150,330,550,760,1300,1800,2300,2900,4300,4600,4600,17696,0,85,261.2772098485564,1.1788720003096387,4857.069915000466,29577.0
1781107491,500,GET,REST/listar-playlists-usuario,162.700000,0.000000,160,320,520,720,1200,1800,2600,2900,4700,6000,6000,17862,0,85,261.71863430858576,1.3528529998438898,6047.957972999939,29570.0
1781107491,500,GET,REST/listar-usuarios,164.900000,0.000000,150,330,550,770,1300,2000,3300,55000,58000,60000,60000,18060,0,84,635.7966409763648,0.9178640002573957,60040.16904400032,21998.0
1781107491,500,,Aggregated,981.100000,0.000000,150,330,550,740,1300,1800,2500,3200,57000,60000,60000,107302,0,85,322.5431872979917,0.9178640002573957,60040.16904400032,33626.11364187061
1781107492,500,GET,REST/listar-musicas,164.600000,0.000000,160,350,560,730,1300,1700,2400,2600,3400,4200,4200,18161,0,86,260.2330514114839,1.3810130003548693,6404.844367999431,50889.0
1781107492,500,GET,REST/listar-musicas-playlist,163.200000,0.000000,160,360,560,730,1300,1800,2400,3200,4500,5500,5500,17947,0,81,254.7742924030743,1.1514110001371591,5553.070099999786,30493.0
1781107492,500,GET,REST/listar-playlists,163.700000,0.000000,170,360,560,740,1300,1800,2300,3100,4700,5200,5200,18084,0,88,262.8694715778034,1.376970999444893,5387.333245999798,39163.0
1781107492,500,GET,REST/listar-playlists-musica,162.700000,0.000000,160,360,570,770,1300,1700,2200,2800,4300,4600,4600,17875,0,86,263.03352805868815,1.1788720003096387,4857.069915000466,29577.0
1781107492,500,GET,REST/listar-playlists-usuario,164.200000,0.000000,160,320,520,720,1200,1800,2600,2900,4700,6000,6000,18016,0,86,263.0955267111428,1.3528529998438898,6047.957972999939,29570.0
1781107492,500,GET,REST/listar-usuarios,164.700000,0.000000,150,330,560,750,1300,2000,3300,57000,61000,61000,61000,18224,0,85,643.4497838233184,0.9178640002573957,61174.81756400048,21998.0
1781107492,500,,Aggregated,983.100000,0.000000,160,350,560,740,1300,1800,2500,3100,57000,61000,61000,108307,0,86,325.18803383094564,0.9178640002573957,61174.81756400048,33626.54527408201
1781107493,500,GET,REST/listar-musicas,164.300000,0.000000,180,370,580,740,1300,1700,2400,2600,3400,4200,4200,18317,0,87,261.14879493585,1.3810130003548693,6404.844367999431,50889.0
1781107493,500,GET,REST/listar-musicas-playlist,161.000000,0.000000,180,360,560,730,1300,1900,2400,3200,4500,5500,5500,18118,0,81,256.29970078860725,1.1514110001371591,5553.070099999786,30493.0
1781107493,500,GET,REST/listar-playlists,163.900000,0.000000,180,370,570,740,1300,1700,2300,3000,4700,5200,5200,18240,0,89,264.28465766200645,1.376970999444893,5387.333245999798,39163.0
1781107493,500,GET,REST/listar-playlists-musica,161.500000,0.000000,170,370,600,780,1300,1700,2100,2800,4300,4600,4600,18036,0,86,264.6084034239886,1.1788720003096387,4857.069915000466,29577.0
1781107493,500,GET,REST/listar-playlists-usuario,163.500000,0.000000,170,330,520,720,1200,1700,2500,2800,4500,6000,6000,18179,0,86,264.6842164533226,1.3528529998438898,6047.957972999939,29570.0
1781107493,500,GET,REST/listar-usuarios,163.400000,0.000000,180,360,570,760,1300,2000,3300,57000,61000,62000,62000,18401,0,86,647.6992515125352,0.9178640002573957,61742.32391300029,21998.0
1781107493,500,,Aggregated,977.600000,0.000000,170,360,570,740,1300,1800,2400,3100,57000,62000,62000,109291,0,86,327.10962543690886,0.9178640002573957,61742.32391300029,33623.33684383892
1781107494,500,GET,REST/listar-musicas,163.100000,0.000000,180,380,580,740,1300,1700,2300,2600,3400,4200,4200,18496,0,87,262.6254280970997,1.3810130003548693,6404.844367999431,50889.0
1781107494,500,GET,REST/listar-musicas-playlist,161.300000,0.000000,170,360,570,710,1300,1800,2400,3200,4100,5500,5500,18274,0,82,257.34285709291794,1.1514110001371591,5553.070099999786,30493.0
1781107494,500,GET,REST/listar-playlists,162.300000,0.000000,180,380,570,750,1300,1800,2400,2900,4700,5200,5200,18409,0,89,266.11800557911874,1.376970999444893,5387.333245999798,39163.0
1781107494,500,GET,REST/listar-playlists-musica,161.200000,0.000000,170,370,560,760,1300,1700,2100,2800,4300,4600,4600,18213,0,87,265.6504701132188,1.1788720003096387,4857.069915000466,29577.0
1781107494,500,GET,REST/listar-playlists-usuario,162.700000,0.000000,160,320,510,690,1200,1700,2400,2800,4100,6000,6000,18335,0,86,265.25539999841527,1.3528529998438898,6047.957972999939,29570.0
1781107494,500,GET,REST/listar-usuarios,163.300000,0.000000,180,370,570,760,1300,2000,3200,57000,63000,63000,63000,18578,0,86,658.8066922284509,0.9178640002573957,62792.61293400032,21998.0
1781107494,500,,Aggregated,973.900000,0.000000,170,360,560,740,1300,1800,2400,3000,60000,63000,63000,110305,0,86,329.9961937597505,0.9178640002573957,62792.61293400032,33624.535497030956
1781107495,500,GET,REST/listar-musicas,162.200000,0.000000,160,330,560,730,1300,1600,2200,2600,3100,3400,3400,18656,0,87,263.54103349335065,1.3810130003548693,6404.844367999431,50889.0
1781107495,500,GET,REST/listar-musicas-playlist,161.800000,0.000000,150,320,530,670,1200,1800,2400,3200,4100,5500,5500,18430,0,82,257.7740711175246,1.1514110001371591,5553.070099999786,30493.0
1781107495,500,GET,REST/listar-playlists,159.900000,0.000000,170,360,550,720,1300,1800,2300,2800,3900,5200,5200,18571,0,89,267.18073166372335,1.376970999444893,5387.333245999798,39163.0
1781107495,500,GET,REST/listar-playlists-musica,162.100000,0.000000,150,330,520,710,1200,1700,2100,2600,4300,4600,4600,18365,0,87,265.9271665744651,1.1788720003096387,4857.069915000466,29577.0
1781107495,500,GET,REST/listar-playlists-usuario,161.600000,0.000000,150,300,490,680,1200,1700,2200,2700,4100,6000,6000,18507,0,87,265.9283312544411,1.3528529998438898,6047.957972999939,29570.0
1781107495,500,GET,REST/listar-usuarios,161.600000,0.000000,150,330,550,750,1300,2000,3200,57000,63000,63000,63000,18738,0,86,656.3654605195944,0.9178640002573957,62792.61293400032,21998.0
1781107495,500,,Aggregated,969.200000,0.000000,160,330,540,710,1200,1700,2400,2900,60000,63000,63000,111267,0,86,330.1380917896339,0.9178640002573957,62792.61293400032,33624.519093711526
1781107496,500,GET,REST/listar-musicas,160.300000,0.000000,170,350,590,760,1300,1700,2300,2700,3700,4200,4200,18818,0,88,266.6749110436786,1.3810130003548693,6404.844367999431,50889.0
1781107496,500,GET,REST/listar-musicas-playlist,161.300000,0.000000,150,330,550,710,1300,1800,2400,3200,4200,5500,5500,18591,0,82,260.3000921269957,1.1514110001371591,5553.070099999786,30493.0
1781107496,500,GET,REST/listar-playlists,160.200000,0.000000,170,380,580,750,1400,1900,2500,3100,4600,5200,5200,18748,0,90,270.57793977090887,1.376970999444893,5387.333245999798,39163.0
1781107496,500,GET,REST/listar-playlists-musica,161.300000,0.000000,150,340,520,730,1300,1700,2300,2800,4300,4600,4600,18516,0,87,268.1074586506292,1.1788720003096387,4857.069915000466,29577.0
1781107496,500,GET,REST/listar-playlists-usuario,160.400000,0.000000,150,300,520,690,1200,1700,2300,2800,4100,4100,4100,18663,0,87,268.45544323886503,1.3528529998438898,6047.957972999939,29570.0
1781107496,500,GET,REST/listar-usuarios,162.100000,0.000000,150,310,530,720,1300,2000,2900,57000,63000,64000,64000,18886,0,86,658.7000667202776,0.9178640002573957,64399.6493300001,21998.0
1781107496,500,,Aggregated,965.600000,0.000000,150,340,550,740,1300,1800,2500,3000,61000,64000,64000,112222,0,87,332.77783148757857,0.9178640002573957,64399.6493300001,33627.26879756198
1781107497,500,GET,REST/listar-musicas,162.600000,0.000000,170,370,620,780,1300,1700,2400,2700,3700,4200,4200,18969,0,88,267.9846415519497,1.3810130003548693,6404.844367999431,50889.0
1781107497,500,GET,REST/listar-musicas-playlist,159.500000,0.000000,150,330,590,760,1400,1900,2500,3200,4200,5500,5500,18756,0,82,261.5539172288857,1.1514110001371591,5553.070099999786,30493.0
1781107497,500,GET,REST/listar-playlists,161.500000,0.000000,160,360,580,780,1400,2000,2600,3200,4600,5200,5200,18906,0,91,272.1218761308049,1.376970999444893,5387.333245999798,39163.0
1781107497,500,GET,REST/listar-playlists-musica,160.400000,0.000000,150,320,520,740,1200,1700,2300,2900,4500,4600,4600,18678,0,87,268.9380686740578,1.1788720003096387,4857.069915000466,29577.0
1781107497,500,GET,REST/listar-playlists-usuario,159.300000,0.000000,140,300,520,720,1300,1700,2500,2800,3900,4100,4100,18820,0,87,269.59462630058135,1.3528529998438898,6047.957972999939,29570.0
1781107497,500,GET,REST/listar-usuarios,162.700000,0.000000,150,330,560,770,1300,2000,3000,57000,64000,66000,66000,19033,0,86,660.0902487606348,0.9178640002573957,65798.21415699917,21998.0
1781107497,500,,Aggregated,966.000000,0.000000,150,330,570,760,1300,1800,2600,3100,61000,66000,66000,113162,0,87,333.9843405525276,0.9178640002573957,65798.21415699917,33626.927475654375
1781107498,500,GET,REST/listar-musicas,163.200000,0.000000,170,370,610,760,1300,1800,2400,2700,3700,4200,4200,19125,0,88,269.39205530666277,1.3810130003548693,6404.844367999431,50889.0
1781107498,500,GET,REST/listar-musicas-playlist,159.500000,0.000000,150,330,560,750,1300,1800,2500,3200,4400,5500,5500,18922,0,82,262.68309632771275,1.1514110001371591,5553.070099999786,30493.0
1781107498,500,GET,REST/listar-playlists,160.700000,0.000000,160,360,590,760,1400,2000,2600,3200,4600,5200,5200,19061,0,91,273.35884819490053,1.376970999444893,5387.333245999798,39163.0
1781107498,500,GET,REST/listar-playlists-musica,160.600000,0.000000,150,340,530,740,1200,1700,2400,3100,4600,4600,4600,18846,0,87,270.44529505274585,1.1788720003096387,4857.069915000466,29577.0
1781107498,500,GET,REST/listar-playlists-usuario,161.100000,0.000000,140,320,570,750,1300,1800,2500,2800,3900,4100,4100,19001,0,87,271.7875295273899,1.3528529998438898,6047.957972999939,29570.0
1781107498,500,GET,REST/listar-usuarios,164.300000,0.000000,160,360,600,810,1400,2000,2900,3600,64000,66000,66000,19200,0,86,659.0436183752686,0.9178640002573957,65798.21415699917,21998.0
1781107498,500,,Aggregated,969.400000,0.000000,150,340,580,760,1300,1800,2600,3100,61000,66000,66000,114155,0,87,335.0513771960507,0.9178640002573957,65798.21415699917,33624.07188471815
1781107499,500,GET,REST/listar-musicas,161.500000,0.000000,180,370,590,750,1300,1700,2400,2800,4200,6000,6000,19305,0,89,270.7171927279424,1.3810130003548693,6404.844367999431,50889.0
1781107499,500,GET,REST/listar-musicas-playlist,160.200000,0.000000,160,340,600,780,1300,1900,2600,3200,4400,5500,5500,19087,0,83,264.34569600408577,1.1514110001371591,5553.070099999786,30493.0
1781107499,500,GET,REST/listar-playlists,163.000000,0.000000,180,370,590,750,1400,2000,2600,3200,4600,5200,5200,19226,0,91,274.61785612415525,1.376970999444893,5387.333245999798,39163.0
1781107499,500,GET,REST/listar-playlists-musica,161.900000,0.000000,160,340,530,740,1200,1700,2400,3100,5500,6000,6000,19014,0,88,272.20571547102367,1.1788720003096387,6040.93709099925,29577.0
1781107499,500,GET,REST/listar-playlists-usuario,161.200000,0.000000,160,330,580,780,1300,1800,2500,2900,3900,4100,4100,19151,0,88,272.82854069447706,1.3528529998438898,6047.957972999939,29570.0
1781107499,500,GET,REST/listar-usuarios,160.500000,0.000000,170,370,610,830,1400,2000,2900,5200,67000,68000,68000,19379,0,87,667.4712890216811,0.9178640002573957,67705.78078999915,21998.0
1781107499,500,,Aggregated,968.300000,0.000000,160,350,590,770,1300,1800,2600,3100,62000,68000,68000,115162,0,88,337.67344761156534,0.9178640002573957,67705.78078999915,33625.25194074434
1781107500,500,GET,REST/listar-musicas,159.900000,0.000000,180,370,590,750,1300,1700,2400,2900,4200,6000,6000,19470,0,90,272.5121541954252,1.3810130003548693,6404.844367999431,50889.0
1781107500,500,GET,REST/listar-musicas-playlist,161.100000,0.000000,150,330,560,770,1300,1800,2600,3200,5500,7000,7000,19247,0,83,266.02176414994517,1.1514110001371591,7041.904357000021,30493.0
1781107500,500,GET,REST/listar-playlists,161.500000,0.000000,180,370,590,750,1300,2000,2600,3100,4600,5200,5200,19394,0,92,275.951851500671,1.376970999444893,5387.333245999798,39163.0
1781107500,500,GET,REST/listar-playlists-musica,160.200000,0.000000,160,330,520,730,1200,1700,2500,3100,5500,6000,6000,19175,0,88,274.155576306495,1.1788720003096387,6040.93709099925,29577.0
1781107500,500,GET,REST/listar-playlists-usuario,160.600000,0.000000,150,340,580,780,1300,1800,2500,2900,3900,4100,4100,19323,0,88,274.9794113692457,1.3528529998438898,6047.957972999939,29570.0
1781107500,500,GET,REST/listar-usuarios,159.200000,0.000000,170,390,620,850,1400,2100,3000,62000,67000,68000,68000,19544,0,87,687.2388201155422,0.9178640002573957,67705.78078999915,21998.0
1781107500,500,,Aggregated,962.500000,0.000000,160,350,580,760,1300,1800,2600,3100,66000,68000,68000,116153,0,88,342.4749992396773,0.9178640002573957,67705.78078999915,33625.33744285555
1781107501,500,GET,REST/listar-musicas,160.400000,0.000000,170,350,600,760,1300,1700,2300,2900,4200,6000,6000,19619,0,90,274.0401907454978,1.3810130003548693,6404.844367999431,50889.0
1781107501,500,GET,REST/listar-musicas-playlist,160.900000,0.000000,140,300,560,760,1300,1800,2400,3000,5500,7000,7000,19407,0,83,267.2536362287826,1.1514110001371591,7041.904357000021,30493.0
1781107501,500,GET,REST/listar-playlists,161.100000,0.000000,160,360,600,750,1300,1900,2500,3100,4600,5200,5200,19554,0,92,277.40082156950024,1.376970999444893,5387.333245999798,39163.0
1781107501,500,GET,REST/listar-playlists-musica,159.900000,0.000000,160,320,550,750,1300,1800,2400,3100,5500,6000,6000,19320,0,89,275.94118921578826,1.1788720003096387,6040.93709099925,29577.0
1781107501,500,GET,REST/listar-playlists-usuario,162.100000,0.000000,150,320,570,790,1300,1800,2500,2900,3800,3900,3900,19477,0,89,276.4575420271055,1.3528529998438898,6047.957972999939,29570.0
1781107501,500,GET,REST/listar-usuarios,160.100000,0.000000,170,400,650,870,1400,2000,2900,62000,67000,68000,68000,19698,0,88,685.6156169097956,0.9178640002573957,67705.78078999915,21998.0
1781107501,500,,Aggregated,964.500000,0.000000,160,340,590,780,1300,1800,2500,3000,66000,68000,68000,117075,0,88,343.44040340891,0.9178640002573957,67705.78078999915,33624.95304719197
1781107502,500,GET,REST/listar-musicas,160.900000,0.000000,160,360,600,770,1300,1700,2400,2900,4200,6000,6000,19796,0,91,275.59865887678876,1.3810130003548693,6404.844367999431,50889.0
1781107502,500,GET,REST/listar-musicas-playlist,161.100000,0.000000,120,280,540,740,1300,1800,2400,3100,4400,7000,7000,19580,0,83,268.5228257961179,1.1514110001371591,7041.904357000021,30493.0
1781107502,500,GET,REST/listar-playlists,161.200000,0.000000,150,360,610,760,1300,2000,2500,3100,3900,4600,4600,19721,0,92,278.40947790213465,1.376970999444893,5387.333245999798,39163.0
1781107502,500,GET,REST/listar-playlists-musica,159.900000,0.000000,150,310,550,750,1300,1800,2500,3100,5500,6000,6000,19504,0,89,277.5764295529132,1.1788720003096387,6040.93709099925,29577.0
1781107502,500,GET,REST/listar-playlists-usuario,158.700000,0.000000,140,320,570,780,1300,1800,2500,2900,3800,3900,3900,19662,0,89,278.0110632055709,1.3528529998438898,6047.957972999939,29570.0
1781107502,500,GET,REST/listar-usuarios,162.000000,0.000000,160,410,660,880,1400,2100,3000,62000,68000,70000,70000,19886,0,88,686.976905438708,0.9178640002573957,69914.01667199988,21998.0
1781107502,500,,Aggregated,963.800000,0.000000,150,340,590,780,1300,1800,2600,3100,66000,70000,70000,118149,0,89,344.8634202762875,0.9178640002573957,69914.01667199988,33622.903985645244
1781107503,500,GET,REST/listar-musicas,159.300000,0.000000,170,370,620,810,1400,1800,2500,3000,5000,6000,6000,19963,0,91,277.61258299022757,1.3810130003548693,6404.844367999431,50889.0
1781107503,500,GET,REST/listar-musicas-playlist,163.500000,0.000000,120,270,550,760,1300,1800,2300,3000,4400,7000,7000,19730,0,84,269.65499985630976,1.1514110001371591,7041.904357000021,30493.0
1781107503,500,GET,REST/listar-playlists,159.900000,0.000000,160,350,600,750,1300,1900,2500,3100,3900,4600,4600,19892,0,92,279.7415311492054,1.376970999444893,5387.333245999798,39163.0
1781107503,500,GET,REST/listar-playlists-musica,160.700000,0.000000,150,300,550,750,1400,1800,2700,3100,5500,6000,6000,19664,0,89,279.527291167922,1.1788720003096387,6040.93709099925,29577.0
1781107503,500,GET,REST/listar-playlists-usuario,160.700000,0.000000,140,320,570,790,1300,1800,2500,2900,3800,3900,3900,19821,0,89,278.698636385043,1.3528529998438898,6047.957972999939,29570.0
1781107503,500,GET,REST/listar-usuarios,161.100000,0.000000,150,390,660,890,1400,2000,3000,63000,70000,70000,70000,20040,0,88,695.0941272588899,0.9178640002573957,69971.05740999995,21998.0
1781107503,500,,Aggregated,965.200000,0.000000,150,330,600,790,1400,1800,2600,3100,67000,70000,70000,119110,0,89,347.3871909545883,0.9178640002573957,69971.05740999995,33625.24902191252
1781107504,500,GET,REST/listar-musicas,160.700000,0.000000,160,370,620,830,1400,1800,2600,3100,5000,6000,6000,20140,0,91,279.3919872934914,1.3810130003548693,6404.844367999431,50889.0
1781107504,500,GET,REST/listar-musicas-playlist,162.600000,0.000000,120,290,580,790,1300,1800,2500,3000,4400,7000,7000,19914,0,84,271.3154001610917,1.1514110001371591,7041.904357000021,30493.0
1781107504,500,GET,REST/listar-playlists,161.600000,0.000000,140,330,590,750,1300,1800,2500,3100,3900,4600,4600,20059,0,92,280.32462816790417,1.376970999444893,5387.333245999798,39163.0
1781107504,500,GET,REST/listar-playlists-musica,161.300000,0.000000,140,290,560,760,1400,1900,2800,3200,5500,6000,6000,19838,0,89,280.25139933244355,1.1788720003096387,6040.93709099925,29577.0
1781107504,500,GET,REST/listar-playlists-usuario,162.000000,0.000000,140,340,590,810,1400,1900,2500,2900,3800,3900,3900,19994,0,89,280.05458123401706,1.3528529998438898,6047.957972999939,29570.0
1781107504,500,GET,REST/listar-usuarios,162.500000,0.000000,150,380,690,920,1400,2000,3100,67000,71000,71000,71000,20214,0,88,706.4468390884609,0.9178640002573957,70705.03247600027,21998.0
1781107504,500,,Aggregated,970.700000,0.000000,140,340,600,810,1400,1900,2600,3200,67000,71000,71000,120159,0,89,350.3034827337359,0.9178640002573957,70705.03247600027,33625.041461729874
