Timestamp,User Count,Type,Name,Requests/s,Failures/s,50%,66%,75%,80%,90%,95%,98%,99%,99.9%,99.99%,100%,Total Request Count,Total Failure Count,Total Median Response Time,Total Average Response Time,Total Min Response Time,Total Max Response Time,Total Average Content Size
1780243695,0,,Aggregated,0.000000,0.000000,N/A,N/A,N/A,N/A,N/A,N/A,N/A,N/A,N/A,N/A,N/A,0,0,0,0.0,0,0,0
1780243696,10,GET,REST/listar-musicas,0.000000,0.000000,0,0,0,0,0,0,0,0,0,0,0,73,0,3,3.628215589036986,1.2610240000867634,13.534938000020702,50889.0
1780243696,10,GET,REST/listar-musicas-playlist,0.000000,0.000000,0,0,0,0,0,0,0,0,0,0,0,70,0,44,43.77415522857128,41.70984500001396,48.05635100001382,300.0
1780243696,10,GET,REST/listar-playlists-musica,0.000000,0.000000,0,0,0,0,0,0,0,0,0,0,0,68,0,44,44.169878558822056,42.460451000010835,48.21745100002772,511.0
1780243696,10,GET,REST/listar-playlists-usuario,0.000000,0.000000,0,0,0,0,0,0,0,0,0,0,0,70,0,44,43.922470271426,40.99476199996843,50.29103199990459,712.0
1780243696,10,GET,REST/listar-usuarios,0.000000,0.000000,0,0,0,0,0,0,0,0,0,0,0,75,0,3,4.199396306665524,0.9040379999305515,20.171229999959905,21998.0
1780243696,10,,Aggregated,0.000000,0.000000,0,0,0,0,0,0,0,0,0,0,0,356,0,43,27.309353898874505,0.9040379999305515,50.29103199990459,15366.109550561798
1780243697,20,GET,REST/listar-musicas,0.000000,0.000000,2,3,3,3,4,5,7,8,8,8,8,230,0,2,2.8854356869492617,1.1932569999544285,13.534938000020702,50889.0
1780243697,20,GET,REST/listar-musicas-playlist,0.000000,0.000000,44,44,44,44,44,44,48,48,50,50,50,210,0,44,43.80776748095436,41.70984500001396,50.33786000001328,300.0
1780243697,20,GET,REST/listar-playlists-musica,0.000000,0.000000,44,44,44,44,44,45,45,47,47,47,47,210,0,44,43.91152177142938,42.421791000037956,48.21745100002772,511.0
1780243697,20,GET,REST/listar-playlists-usuario,0.000000,0.000000,43,44,45,45,45,46,47,49,49,49,49,213,0,43,43.58296041314739,40.85734099999172,50.29103199990459,712.0
1780243697,20,GET,REST/listar-usuarios,0.000000,0.000000,2,3,3,3,4,13,19,23,23,23,23,230,0,2,3.4921129565196165,0.9010530000068684,23.381121000056737,21998.0
1780243697,20,,Aggregated,0.000000,0.000000,43,44,44,44,44,45,46,47,50,50,50,1093,0,43,26.688982158278883,0.9010530000068684,50.33786000001328,15632.182982616652
1780243698,30,GET,REST/listar-musicas,60.000000,0.000000,2,3,3,4,5,7,8,9,14,14,14,441,0,2,2.9558099478412188,1.133122000055664,13.840544000004229,50889.0
1780243698,30,GET,REST/listar-musicas-playlist,60.000000,0.000000,44,44,44,44,46,48,51,62,66,66,66,421,0,44,44.28271780997983,41.500704000100086,65.66788999998607,300.0
1780243698,30,GET,REST/listar-playlists-musica,54.000000,0.000000,44,44,44,45,47,49,53,56,67,67,67,411,0,44,44.53550834306715,41.997722000019166,67.42390699992029,511.0
1780243698,30,GET,REST/listar-playlists-usuario,60.000000,0.000000,44,45,45,45,47,48,49,51,54,54,54,424,0,44,43.98002818160411,40.70642900001076,53.86271100007889,712.0
1780243698,30,GET,REST/listar-usuarios,64.000000,0.000000,2,3,3,4,7,10,16,21,26,26,26,441,0,2,3.4795863083904384,0.8576740000307836,25.8743480000021,21998.0
1780243698,30,,Aggregated,298.000000,0.000000,43,44,44,44,45,47,49,51,66,67,67,2138,0,43,27.330523772217212,0.8576740000307836,67.42390699992029,15332.729653882132
1780243699,40,GET,REST/listar-musicas,102.500000,0.000000,2,3,3,4,5,6,8,9,14,14,14,723,0,2,2.9061872766237338,1.133122000055664,13.840544000004229,50889.0
1780243699,40,GET,REST/listar-musicas-playlist,95.000000,0.000000,44,44,44,45,47,48,51,52,66,66,66,705,0,44,44.327630923406474,41.500704000100086,65.66788999998607,300.0
1780243699,40,GET,REST/listar-playlists-musica,93.500000,0.000000,44,44,44,45,47,48,51,54,67,67,67,687,0,44,44.459453502183734,41.93854300001476,67.42390699992029,511.0
1780243699,40,GET,REST/listar-playlists-usuario,96.000000,0.000000,44,45,45,46,47,49,49,51,54,54,54,712,0,44,44.06525218258538,40.70642900001076,53.86271100007889,712.0
1780243699,40,GET,REST/listar-usuarios,103.500000,0.000000,2,3,3,4,5,9,16,23,27,27,27,725,0,2,3.3708419641389216,0.8576740000307836,27.081784999950287,21998.0
1780243699,40,,Aggregated,490.500000,0.000000,43,44,44,44,46,47,49,51,65,67,67,3552,0,43,27.50960521846906,0.8576740000307836,67.42390699992029,15149.436373873874
1780243700,50,GET,REST/listar-musicas,135.666667,0.000000,3,4,4,5,7,8,10,12,20,21,21,1063,0,3,3.549161826903972,1.133122000055664,21.01248000008127,50889.0
1780243700,50,GET,REST/listar-musicas-playlist,130.000000,0.000000,44,44,46,47,48,50,51,55,70,70,70,1027,0,44,44.86000866796796,41.500704000100086,70.49114699998427,300.0
1780243700,50,GET,REST/listar-playlists-musica,125.666667,0.000000,44,45,46,46,48,50,52,55,67,67,67,1013,0,44,44.91520968904303,41.73260799996115,67.42390699992029,511.0
1780243700,50,GET,REST/listar-playlists-usuario,131.333333,0.000000,44,45,46,46,48,50,51,53,66,66,66,1042,0,44,44.663770977926845,40.70642900001076,66.13602700008414,712.0
1780243700,50,GET,REST/listar-usuarios,135.666667,0.000000,3,3,4,5,7,9,19,24,55,55,55,1063,0,3,4.003570194732043,0.8576740000307836,55.02803199999562,21998.0
1780243700,50,,Aggregated,658.333333,0.000000,43,44,44,45,47,48,51,52,66,70,70,5208,0,43,28.060395509793118,0.8576740000307836,70.49114699998427,15177.904761904761
1780243701,60,GET,REST/listar-musicas,169.750000,0.000000,3,5,6,8,11,14,19,21,33,34,34,1414,0,3,4.992901787834916,1.133122000055664,34.308981999970456,50889.0
1780243701,60,GET,REST/listar-musicas-playlist,164.750000,0.000000,44,45,47,48,50,52,58,63,74,79,79,1374,0,44,45.528464272927955,21.53713500001686,78.8637910000034,300.0
1780243701,60,GET,REST/listar-playlists-musica,160.250000,0.000000,44,46,47,48,50,53,58,63,72,73,73,1368,0,44,45.7849651681308,14.59772599991993,72.52612000002046,511.0
1780243701,60,GET,REST/listar-playlists-usuario,166.750000,0.000000,45,46,47,48,50,53,55,61,72,73,73,1387,0,45,45.70476462581049,40.70642900001076,73.17562099990482,712.0
1780243701,60,GET,REST/listar-usuarios,170.250000,0.000000,3,5,7,8,12,17,25,41,55,75,75,1421,0,3,5.573038866290556,0.8576740000307836,74.99338100001296,21998.0
1780243701,60,,Aggregated,831.750000,0.000000,43,44,45,46,48,51,54,58,72,79,79,6964,0,43,29.23057181993145,0.8576740000307836,78.8637910000034,15122.773693279725
1780243702,70,GET,REST/listar-musicas,201.600000,0.000000,4,7,8,9,12,16,20,23,33,34,34,1797,0,4,5.933002763494154,1.133122000055664,34.308981999970456,50889.0
1780243702,70,GET,REST/listar-musicas-playlist,194.000000,0.000000,45,47,49,50,52,55,59,63,74,79,79,1754,0,45,46.58399738198555,21.53713500001686,78.8637910000034,300.0
1780243702,70,GET,REST/listar-playlists-musica,192.200000,0.000000,45,47,49,50,52,55,61,65,73,76,76,1727,0,45,46.85246041111895,14.59772599991993,75.50145699997302,511.0
1780243702,70,GET,REST/listar-playlists-usuario,197.600000,0.000000,46,48,49,50,53,55,59,63,72,73,73,1778,0,46,46.79313574409449,40.70642900001076,73.17562099990482,712.0
1780243702,70,GET,REST/listar-usuarios,201.800000,0.000000,4,7,8,9,14,18,28,48,69,75,75,1797,0,4,6.655994509737543,0.8576740000307836,74.99338100001296,21998.0
1780243702,70,,Aggregated,987.200000,0.000000,43,45,46,48,51,53,57,61,73,79,79,8853,0,43,30.322281033661145,0.8576740000307836,78.8637910000034,15096.86795436575
1780243703,80,GET,REST/listar-musicas,224.333333,0.000000,6,8,11,12,16,19,24,26,36,51,51,2195,0,5,7.349176209110925,1.133122000055664,50.806603999944855,50889.0
1780243703,80,GET,REST/listar-musicas-playlist,218.666667,0.000000,46,49,51,52,55,57,62,65,77,79,79,2133,0,46,47.70020194374319,21.53713500001686,78.8637910000034,300.0
1780243703,80,GET,REST/listar-playlists-musica,217.333333,0.000000,47,49,51,52,56,59,63,67,73,79,79,2124,0,46,48.10078003719518,14.59772599991993,78.76630700002352,511.0
1780243703,80,GET,REST/listar-playlists-usuario,219.666667,0.000000,47,49,51,52,56,59,63,67,76,79,79,2169,0,47,48.19049827478138,40.70642900001076,79.14386699997067,712.0
1780243703,80,GET,REST/listar-usuarios,226.666667,0.000000,6,9,10,12,17,21,28,42,68,75,75,2198,0,6,7.87636311464853,0.8576740000307836,74.99338100001296,21998.0
1780243703,80,,Aggregated,1106.666667,0.000000,44,46,48,49,53,56,60,64,75,79,79,10819,0,43,31.599913689620404,0.8576740000307836,79.14386699997067,15095.90082262686
1780243704,90,GET,REST/listar-musicas,246.000000,0.000000,7,10,12,13,18,21,24,27,40,51,51,2596,0,7,8.42116639753482,1.133122000055664,50.806603999944855,50889.0
1780243704,90,GET,REST/listar-musicas-playlist,239.714286,0.000000,48,51,53,54,58,61,66,72,83,85,85,2552,0,48,49.19905395376336,16.351575999919987,84.55892899996797,300.0
1780243704,90,GET,REST/listar-playlists-musica,236.142857,0.000000,48,51,54,55,58,61,66,70,81,84,84,2524,0,48,49.36087297622917,14.59772599991993,83.97118799996406,511.0
1780243704,90,GET,REST/listar-playlists-usuario,244.285714,0.000000,48,51,54,55,58,61,65,69,82,87,87,2579,0,48,49.532481139202574,40.70642900001076,87.2213399999282,712.0
1780243704,90,GET,REST/listar-usuarios,246.142857,0.000000,7,10,12,14,19,23,33,43,68,75,75,2606,0,7,9.047897556790941,0.8576740000307836,74.99338100001296,21998.0
1780243704,90,,Aggregated,1212.285714,0.000000,44,47,50,51,56,59,63,67,80,85,87,12857,0,44,32.925819937855394,0.8576740000307836,87.2213399999282,15036.652718363537
1780243705,100,GET,REST/listar-musicas,264.750000,0.000000,8,12,14,16,21,25,31,38,52,67,67,2986,0,8,9.986153715003212,1.133122000055664,67.31677400000535,50889.0
1780243705,100,GET,REST/listar-musicas-playlist,258.875000,0.000000,49,53,55,57,61,65,70,75,89,94,94,2953,0,49,50.54990648628641,16.351575999919987,93.72336299998096,300.0
1780243705,100,GET,REST/listar-playlists-musica,256.250000,0.000000,49,53,56,57,61,65,70,75,93,94,94,2925,0,49,50.75544369367632,14.59772599991993,94.18239399997219,511.0
1780243705,100,GET,REST/listar-playlists-usuario,262.000000,0.000000,50,53,56,57,61,65,70,77,93,95,95,2969,0,49,51.03377374200159,18.88421199998902,94.71542899996166,712.0
1780243705,100,GET,REST/listar-usuarios,266.000000,0.000000,9,12,15,17,22,28,42,48,68,75,75,3012,0,8,10.609384105909196,0.8576740000307836,74.99338100001296,21998.0
1780243705,100,,Aggregated,1307.875000,0.000000,44,48,51,53,58,62,67,71,89,94,95,14845,0,44,34.424179240013885,0.8576740000307836,94.71542899996166,15002.157830919501
1780243706,110,GET,REST/listar-musicas,279.222222,0.000000,11,14,17,19,25,31,38,43,64,67,67,3413,0,10,11.677263550834681,1.133122000055664,67.31677400000535,50889.0
1780243706,110,GET,REST/listar-musicas-playlist,274.222222,0.000000,51,55,58,60,64,69,74,77,91,94,94,3354,0,50,51.83652979785447,16.351575999919987,93.72336299998096,300.0
1780243706,110,GET,REST/listar-playlists-musica,271.555556,0.000000,51,56,58,60,64,69,74,80,93,94,94,3315,0,50,52.16330119668299,14.59772599991993,94.18239399997219,511.0
1780243706,110,GET,REST/listar-playlists-usuario,276.777778,0.000000,51,56,58,60,65,70,74,82,95,97,97,3398,0,51,52.685956281931034,18.88421199998902,96.73560800001724,712.0
1780243706,110,GET,REST/listar-usuarios,280.222222,0.000000,10,14,17,20,25,32,44,53,66,75,75,3417,0,10,12.094881516827094,0.8576740000307836,74.99338100001296,21998.0
1780243706,110,,Aggregated,1382.000000,0.000000,44,50,53,56,61,66,71,75,92,95,97,16897,0,44,35.92298363597123,0.8576740000307836,96.73560800001724,15030.529916553234
1780243707,120,GET,REST/listar-musicas,292.200000,0.000000,12,17,20,23,32,40,52,59,80,110,110,3810,0,11,14.018270651442823,1.133122000055664,108.85501099994599,50889.0
1780243707,120,GET,REST/listar-musicas-playlist,286.500000,0.000000,52,57,60,61,67,72,78,85,110,110,110,3730,0,51,52.58026917989364,16.351575999919987,111.60948499991719,300.0
1780243707,120,GET,REST/listar-playlists-musica,283.600000,0.000000,53,57,60,62,68,73,82,89,110,140,140,3707,0,51,53.218167103588286,14.305808999893088,144.6318399999882,511.0
1780243707,120,GET,REST/listar-playlists-usuario,289.400000,0.000000,54,58,61,64,69,74,84,89,110,140,140,3786,0,52,54.26842492472238,18.499323000014556,139.8716589999367,712.0
1780243707,120,GET,REST/listar-usuarios,292.700000,0.000000,12,17,21,23,32,42,57,65,78,100,100,3823,0,11,14.380147401255385,0.8576740000307836,102.81867499998043,21998.0
1780243707,120,,Aggregated,1444.400000,0.000000,45,52,55,58,64,69,77,84,110,140,140,18856,0,44,37.50791901548577,0.8576740000307836,144.6318399999882,15045.309344505727
1780243708,130,GET,REST/listar-musicas,325.100000,0.000000,15,20,24,27,37,48,57,66,96,110,110,4198,0,12,15.951899283705963,1.133122000055664,108.85501099994599,50889.0
1780243708,130,GET,REST/listar-musicas-playlist,321.400000,0.000000,54,59,62,64,70,76,83,88,110,110,110,4137,0,52,53.50325760792871,16.351575999919987,111.60948499991719,300.0
1780243708,130,GET,REST/listar-playlists-musica,317.900000,0.000000,55,60,63,65,72,79,87,91,110,140,140,4119,0,52,54.197577530954135,14.305808999893088,144.6318399999882,511.0
1780243708,130,GET,REST/listar-playlists-usuario,323.400000,0.000000,56,61,65,67,73,80,88,95,120,140,140,4176,0,54,55.91051021551671,18.499323000014556,139.8716589999367,712.0
1780243708,130,GET,REST/listar-usuarios,326.800000,0.000000,15,21,24,28,38,50,62,66,78,100,100,4217,0,13,16.191862060706505,0.8576740000307836,102.81867499998043,21998.0
1780243708,130,,Aggregated,1614.600000,0.000000,47,54,58,60,68,73,82,88,110,140,140,20847,0,44,39.01339496028194,0.8576740000307836,144.6318399999882,15000.566460401977
1780243709,140,GET,REST/listar-musicas,350.200000,0.000000,18,25,29,32,46,53,62,69,96,110,110,4631,0,14,18.117161446339228,1.133122000055664,108.85501099994599,50889.0
1780243709,140,GET,REST/listar-musicas-playlist,347.600000,0.000000,55,61,64,66,72,79,87,90,110,110,110,4558,0,52,53.79819961320772,16.351575999919987,112.41262499993354,300.0
1780243709,140,GET,REST/listar-playlists-musica,345.000000,0.000000,57,62,65,68,76,84,90,96,110,140,140,4522,0,53,55.14383735625831,14.305808999893088,144.6318399999882,511.0
1780243709,140,GET,REST/listar-playlists-usuario,349.200000,0.000000,58,64,68,70,79,86,94,99,120,140,140,4583,0,55,57.26729830089403,18.499323000014556,139.8716589999367,712.0
1780243709,140,GET,REST/listar-usuarios,351.000000,0.000000,19,25,30,33,47,55,64,70,89,100,100,4647,0,14,18.345521961480454,0.8576740000307836,102.81867499998043,21998.0
1780243709,140,,Aggregated,1743.000000,0.000000,49,56,60,63,71,78,87,92,110,140,140,22941,0,45,40.3722971835576,0.8576740000307836,144.6318399999882,15031.293448411141
1780243710,150,GET,REST/listar-musicas,370.900000,0.000000,22,29,33,37,50,56,62,70,96,110,110,5052,0,16,19.89373041904115,1.133122000055664,108.85501099994599,50889.0
1780243710,150,GET,REST/listar-musicas-playlist,366.700000,0.000000,56,61,65,68,74,82,88,91,110,110,110,4983,0,52,53.55949576700771,16.351575999919987,112.41262499993354,300.0
1780243710,150,GET,REST/listar-playlists-musica,364.600000,0.000000,59,64,69,72,81,86,93,99,110,140,140,4955,0,54,55.91387223612521,14.305808999893088,144.6318399999882,511.0
1780243710,150,GET,REST/listar-playlists-usuario,369.000000,0.000000,61,67,72,75,83,89,97,100,120,140,140,5012,0,56,58.63843781025466,18.499323000014556,139.8716589999367,712.0
1780243710,150,GET,REST/listar-usuarios,372.900000,0.000000,22,29,33,37,51,57,65,70,89,100,100,5081,0,16,20.08781907163945,0.8576740000307836,102.81867499998043,21998.0
1780243710,150,,Aggregated,1844.100000,0.000000,51,57,62,65,74,82,89,95,110,140,140,25083,0,45,41.47850693385916,0.8576740000307836,144.6318399999882,15008.512339034405
1780243711,160,GET,REST/listar-musicas,383.400000,0.000000,26,32,37,41,53,58,65,73,96,110,110,5473,0,18,21.55155284688415,1.133122000055664,108.85501099994599,50889.0
1780243711,160,GET,REST/listar-musicas-playlist,379.200000,0.000000,57,62,66,69,76,83,90,97,110,110,110,5406,0,52,53.25215737550848,16.351575999919987,113.11552900008337,300.0
1780243711,160,GET,REST/listar-playlists-musica,377.400000,0.000000,60,66,71,74,82,88,95,100,110,140,140,5364,0,54,55.829505885906336,14.305808999893088,144.6318399999882,511.0
1780243711,160,GET,REST/listar-playlists-usuario,382.200000,0.000000,63,70,74,77,84,93,100,100,120,140,140,5437,0,56,58.89358169247695,18.499323000014556,139.8716589999367,712.0
1780243711,160,GET,REST/listar-usuarios,384.600000,0.000000,26,32,37,40,54,58,67,75,90,110,110,5504,0,18,21.7424949847384,0.8576740000307836,105.94558900004358,21998.0
1780243711,160,,Aggregated,1906.800000,0.000000,52,59,63,67,76,83,92,98,110,140,140,27184,0,45,42.12688997693463,0.8576740000307836,144.6318399999882,15002.443974396703
1780243712,170,GET,REST/listar-musicas,393.600000,0.000000,29,35,40,47,55,59,68,77,96,110,110,5891,0,20,22.986129919707484,1.133122000055664,108.85501099994599,50889.0
1780243712,170,GET,REST/listar-musicas-playlist,390.000000,0.000000,57,63,67,69,77,84,90,98,110,110,110,5818,0,51,52.57293378824326,16.351575999919987,113.11552900008337,300.0
1780243712,170,GET,REST/listar-playlists-musica,386.700000,0.000000,60,66,71,74,82,88,96,100,110,140,140,5786,0,53,55.054075068268695,14.305808999893088,144.6318399999882,511.0
1780243712,170,GET,REST/listar-playlists-usuario,390.800000,0.000000,64,70,75,78,85,93,100,100,120,140,140,5846,0,55,58.0451153717066,18.499323000014556,139.8716589999367,712.0
1780243712,170,GET,REST/listar-usuarios,395.100000,0.000000,29,35,40,47,55,60,70,80,110,110,110,5928,0,20,23.21117001973693,0.8576740000307836,107.24575200003983,21998.0
1780243712,170,,Aggregated,1956.200000,0.000000,52,59,64,67,77,84,93,99,110,140,140,29269,0,44,42.25464002261754,0.8576740000307836,144.6318399999882,15000.70521712392
1780243713,180,GET,REST/listar-musicas,400.400000,0.000000,32,38,47,51,57,61,70,77,96,110,110,6325,0,22,24.38191128158057,1.133122000055664,108.85501099994599,50889.0
1780243713,180,GET,REST/listar-musicas-playlist,396.600000,0.000000,56,62,67,69,77,84,90,98,110,110,110,6249,0,51,51.916146148503664,16.351575999919987,113.11552900008337,300.0
1780243713,180,GET,REST/listar-playlists-musica,395.000000,0.000000,59,66,71,74,82,88,96,100,110,140,140,6205,0,53,54.277337588880364,14.305808999893088,144.6318399999882,511.0
1780243713,180,GET,REST/listar-playlists-usuario,400.100000,0.000000,63,70,75,78,85,93,100,100,120,140,140,6279,0,55,57.07446041216724,18.499323000014556,139.8716589999367,712.0
1780243713,180,GET,REST/listar-usuarios,402.300000,0.000000,32,37,44,50,57,62,71,84,110,110,110,6356,0,22,24.450265710037744,0.8576740000307836,107.24575200003983,21998.0
1780243713,180,,Aggregated,1994.400000,0.000000,50,59,64,67,77,84,93,99,110,140,140,31414,0,44,42.31256419615433,0.8576740000307836,144.6318399999882,14999.946393327815
1780243714,190,GET,REST/listar-musicas,404.600000,0.000000,34,40,50,53,58,62,72,79,96,110,110,6744,0,24,25.42436496352247,1.133122000055664,108.85501099994599,50889.0
1780243714,190,GET,REST/listar-musicas-playlist,401.600000,0.000000,54,61,66,69,77,83,90,98,110,120,120,6672,0,51,51.31367696327939,16.351575999919987,118.57982100002573,300.0
1780243714,190,GET,REST/listar-playlists-musica,401.000000,0.000000,58,65,71,74,82,88,96,100,110,140,140,6643,0,52,53.580411553966876,14.305808999893088,144.6318399999882,511.0
1780243714,190,GET,REST/listar-playlists-usuario,402.100000,0.000000,62,70,75,77,85,93,100,100,120,140,140,6706,0,54,56.19026253161345,18.499323000014556,139.8716589999367,712.0
1780243714,190,GET,REST/listar-usuarios,407.500000,0.000000,33,39,48,52,58,63,74,88,120,120,120,6787,0,24,25.516849302195343,0.8576740000307836,122.86130500001491,21998.0
1780243714,190,,Aggregated,2016.800000,0.000000,47,58,63,67,77,84,93,100,120,140,140,33552,0,44,42.315098972251754,0.8576740000307836,144.6318399999882,14981.720523366714
1780243715,200,GET,REST/listar-musicas,406.200000,0.000000,35,44,52,54,58,63,73,79,96,110,110,7181,0,26,26.386452347165427,1.133122000055664,108.85501099994599,50889.0
1780243715,200,GET,REST/listar-musicas-playlist,403.500000,0.000000,51,59,64,68,76,83,90,98,110,120,120,7096,0,50,50.74098438373728,16.351575999919987,118.57982100002573,300.0
1780243715,200,GET,REST/listar-playlists-musica,402.400000,0.000000,54,63,70,74,82,88,96,100,110,140,140,7060,0,52,52.8862410975924,14.305808999893088,144.6318399999882,511.0
1780243715,200,GET,REST/listar-playlists-usuario,404.500000,0.000000,59,69,74,77,84,93,100,100,120,140,140,7138,0,54,55.33606684547496,18.499323000014556,139.8716589999367,712.0
1780243715,200,GET,REST/listar-usuarios,408.600000,0.000000,35,41,51,54,59,65,78,90,120,120,120,7224,0,25,26.557187926494883,0.8576740000307836,122.86658899995473,21998.0
1780243715,200,,Aggregated,2025.200000,0.000000,43,56,61,66,76,84,93,100,120,140,140,35699,0,44,42.291211864897946,0.8576740000307836,144.6318399999882,14991.069133589177
1780243716,210,GET,REST/listar-musicas,407.500000,0.000000,36,46,53,55,59,63,75,80,96,110,110,7590,0,27,27.320283194729036,1.133122000055664,108.85501099994599,50889.0
1780243716,210,GET,REST/listar-musicas-playlist,404.200000,0.000000,44,57,61,66,75,82,90,97,110,120,120,7501,0,50,50.40048326343159,16.351575999919987,118.57982100002573,300.0
1780243716,210,GET,REST/listar-playlists-musica,403.200000,0.000000,51,60,68,73,81,87,96,100,110,140,140,7461,0,51,52.39700568583325,14.305808999893088,144.6318399999882,511.0
1780243716,210,GET,REST/listar-playlists-usuario,405.600000,0.000000,56,66,73,76,84,92,100,100,120,140,140,7541,0,53,54.79282003169337,18.499323000014556,139.8716589999367,712.0
1780243716,210,GET,REST/listar-usuarios,411.100000,0.000000,36,43,52,54,59,65,81,100,120,120,120,7641,0,26,27.415112848187086,0.8576740000307836,123.18382299997666,21998.0
1780243716,210,,Aggregated,2031.600000,0.000000,40,55,60,63,76,83,93,100,120,140,140,37734,0,44,42.37612145441743,0.8576740000307836,144.6318399999882,14993.541395028356
1780243717,220,GET,REST/listar-musicas,409.600000,0.000000,37,48,53,55,60,65,75,80,89,91,91,7997,0,28,28.13277850468853,1.133122000055664,108.85501099994599,50889.0
1780243717,220,GET,REST/listar-musicas-playlist,406.300000,0.000000,40,55,59,61,73,81,89,97,110,120,120,7913,0,49,50.093300948186645,16.351575999919987,118.57982100002573,300.0
1780243717,220,GET,REST/listar-playlists-musica,405.500000,0.000000,45,57,62,68,79,85,94,100,110,120,120,7869,0,51,51.94982839039278,14.305808999893088,144.6318399999882,511.0
1780243717,220,GET,REST/listar-playlists-usuario,408.400000,0.000000,52,61,69,74,82,91,99,100,120,120,120,7956,0,53,54.12290201143787,18.499323000014556,139.8716589999367,712.0
1780243717,220,GET,REST/listar-usuarios,412.600000,0.000000,36,44,52,55,59,66,84,100,130,140,140,8040,0,27,28.166043911940037,0.8576740000307836,142.04251399996792,21998.0
1780243717,220,,Aggregated,2042.400000,0.000000,39,54,58,60,74,82,92,99,120,130,140,39775,0,44,42.41900996012545,0.8576740000307836,144.6318399999882,14981.342149591452
1780243718,230,GET,REST/listar-musicas,411.700000,0.000000,37,49,54,56,60,65,74,79,90,110,110,8419,0,29,28.904530794392816,1.133122000055664,112.60658599996987,50889.0
1780243718,230,GET,REST/listar-musicas-playlist,405.200000,0.000000,38,53,57,59,68,78,86,93,100,120,120,8321,0,49,49.731067621199415,16.351575999919987,118.57982100002573,300.0
1780243718,230,GET,REST/listar-playlists-musica,405.700000,0.000000,41,55,59,62,76,83,92,99,110,120,120,8278,0,51,51.58877815317723,14.305808999893088,144.6318399999882,511.0
1780243718,230,GET,REST/listar-playlists-usuario,408.300000,0.000000,44,57,61,67,79,86,97,100,120,120,120,8377,0,52,53.61511410743718,18.499323000014556,139.8716589999367,712.0
1780243718,230,GET,REST/listar-usuarios,412.200000,0.000000,36,44,53,55,60,66,88,100,150,150,150,8468,0,28,28.964208967406382,0.8576740000307836,152.13548700000956,21998.0
1780243718,230,,Aggregated,2043.100000,0.000000,38,53,57,59,69,79,89,98,120,150,150,41863,0,43,42.486541728972874,0.8576740000307836,152.13548700000956,14987.084943745072
1780243719,240,GET,REST/listar-musicas,412.200000,0.000000,37,49,54,56,60,65,75,80,90,110,110,8852,0,29,29.525480938882907,1.133122000055664,112.60658599996987,50889.0
1780243719,240,GET,REST/listar-musicas-playlist,407.300000,0.000000,38,52,56,58,63,74,83,90,100,120,120,8748,0,49,49.30765604069509,16.351575999919987,118.57982100002573,300.0
1780243719,240,GET,REST/listar-playlists-musica,405.000000,0.000000,39,53,57,59,68,79,87,93,110,120,120,8705,0,50,51.08867423205067,14.305808999893088,144.6318399999882,511.0
1780243719,240,GET,REST/listar-playlists-usuario,409.300000,0.000000,40,55,58,60,73,81,93,100,120,120,120,8795,0,52,53.06452402251291,18.499323000014556,139.8716589999367,712.0
1780243719,240,GET,REST/listar-usuarios,415.500000,0.000000,36,44,53,55,60,67,90,120,150,150,150,8898,0,29,29.60928808462554,0.8576740000307836,152.13548700000956,21998.0
1780243719,240,,Aggregated,2049.300000,0.000000,38,52,56,58,63,76,85,96,130,150,150,43998,0,43,42.44728795990703,0.8576740000307836,152.13548700000956,14990.279717259875
1780243720,250,GET,REST/listar-musicas,412.700000,0.000000,37,50,55,56,61,66,75,80,90,110,110,9262,0,30,30.09042447387082,1.133122000055664,112.60658599996987,50889.0
1780243720,250,GET,REST/listar-musicas-playlist,409.300000,0.000000,38,52,55,57,61,68,80,85,100,120,120,9163,0,48,49.0150876216305,16.351575999919987,118.57982100002573,300.0
1780243720,250,GET,REST/listar-playlists-musica,407.100000,0.000000,38,52,56,57,62,69,80,88,110,120,120,9111,0,50,50.67848829063781,14.305808999893088,144.6318399999882,511.0
1780243720,250,GET,REST/listar-playlists-usuario,411.300000,0.000000,38,53,56,58,63,71,81,89,110,120,120,9204,0,52,52.62982411038661,18.499323000014556,139.8716589999367,712.0
1780243720,250,GET,REST/listar-usuarios,415.000000,0.000000,37,45,54,56,61,67,100,120,170,170,170,9304,0,29,30.278487352213727,0.8576740000307836,170.27916200004256,21998.0
1780243720,250,,Aggregated,2055.400000,0.000000,38,51,55,57,61,68,80,88,130,170,170,46044,0,43,42.47394695523811,0.8576740000307836,170.27916200004256,14984.822756493788
1780243721,250,GET,REST/listar-musicas,413.600000,0.000000,37,50,55,57,61,65,74,79,90,110,110,9677,0,30,30.578487645446977,1.133122000055664,112.60658599996987,50889.0
1780243721,250,GET,REST/listar-musicas-playlist,409.400000,0.000000,38,51,55,57,61,66,76,81,90,120,120,9579,0,48,48.74205623332296,16.351575999919987,118.57982100002573,300.0
1780243721,250,GET,REST/listar-playlists-musica,408.400000,0.000000,38,51,55,57,62,67,76,82,100,120,120,9521,0,49,50.325673134124834,14.305808999893088,144.6318399999882,511.0
1780243721,250,GET,REST/listar-playlists-usuario,411.100000,0.000000,38,52,56,57,61,66,75,80,97,120,120,9628,0,51,52.189681415974,18.499323000014556,139.8716589999367,712.0
1780243721,250,GET,REST/listar-usuarios,417.200000,0.000000,37,44,54,56,61,67,90,120,170,170,170,9720,0,30,30.74191623539058,0.8576740000307836,170.27916200004256,21998.0
1780243721,250,,Aggregated,2059.700000,0.000000,38,50,55,57,61,66,76,83,130,170,170,48125,0,42,42.457196758337325,0.8576740000307836,170.27916200004256,14979.06451948052
1780243722,250,GET,REST/listar-musicas,412.100000,0.000000,37,49,55,57,61,66,74,80,91,110,110,10100,0,31,31.0661041432664,1.133122000055664,112.60658599996987,50889.0
1780243722,250,GET,REST/listar-musicas-playlist,409.500000,0.000000,38,52,55,57,61,66,75,80,90,120,120,9996,0,48,48.52169249419774,16.351575999919987,118.57982100002573,300.0
1780243722,250,GET,REST/listar-playlists-musica,409.800000,0.000000,38,51,55,57,62,66,74,80,93,120,120,9944,0,49,50.02225596952964,14.305808999893088,144.6318399999882,511.0
1780243722,250,GET,REST/listar-playlists-usuario,412.000000,0.000000,38,52,56,57,61,65,74,78,90,120,120,10047,0,51,51.801800360605114,18.499323000014556,139.8716589999367,712.0
1780243722,250,GET,REST/listar-usuarios,415.900000,0.000000,37,44,54,56,61,66,85,120,170,170,170,10148,0,30,31.166413128892195,0.8576740000307836,170.27916200004256,21998.0
1780243722,250,,Aggregated,2059.300000,0.000000,37,50,55,57,61,66,76,82,130,170,170,50235,0,42,42.459266488205174,0.8576740000307836,170.27916200004256,14978.565780830098
1780243723,250,GET,REST/listar-musicas,411.200000,0.000000,37,49,55,57,61,66,74,80,91,110,110,10501,0,31,31.51789116093599,1.133122000055664,112.60658599996987,50889.0
1780243723,250,GET,REST/listar-musicas-playlist,408.800000,0.000000,38,51,55,57,61,66,74,80,89,120,120,10399,0,48,48.31902759169162,16.351575999919987,118.57982100002573,300.0
1780243723,250,GET,REST/listar-playlists-musica,406.200000,0.000000,38,51,55,57,62,66,74,79,89,120,120,10355,0,49,49.73946638802535,14.305808999893088,144.6318399999882,511.0
1780243723,250,GET,REST/listar-playlists-usuario,410.000000,0.000000,38,51,56,57,61,65,74,78,89,120,120,10452,0,51,51.44934791274391,18.499323000014556,139.8716589999367,712.0
1780243723,250,GET,REST/listar-usuarios,413.500000,0.000000,37,44,54,56,60,66,81,120,170,170,170,10557,0,31,31.576428591645186,0.8576740000307836,170.27916200004256,21998.0
1780243723,250,,Aggregated,2049.700000,0.000000,38,50,55,57,61,66,75,81,130,170,170,52264,0,42,42.46885157050731,0.8576740000307836,170.27916200004256,14971.513929282106
1780243724,250,GET,REST/listar-musicas,412.100000,0.000000,37,49,55,57,61,66,75,80,91,110,110,10922,0,31,31.882518981504223,1.133122000055664,112.60658599996987,50889.0
1780243724,250,GET,REST/listar-musicas-playlist,408.800000,0.000000,38,52,55,57,61,66,75,80,89,92,92,10824,0,47,48.06929211271261,16.351575999919987,118.57982100002573,300.0
1780243724,250,GET,REST/listar-playlists-musica,406.900000,0.000000,38,51,56,57,61,65,74,79,89,120,120,10766,0,48,49.445357575329865,14.305808999893088,144.6318399999882,511.0
1780243724,250,GET,REST/listar-playlists-usuario,410.800000,0.000000,38,52,56,57,61,65,75,78,89,120,120,10876,0,50,51.0914444983449,18.499323000014556,139.8716589999367,712.0
1780243724,250,GET,REST/listar-usuarios,413.500000,0.000000,37,43,54,56,60,66,80,120,170,170,170,10967,0,31,31.860672678398753,0.8576740000307836,170.27916200004256,21998.0
1780243724,250,,Aggregated,2052.100000,0.000000,37,50,55,57,61,66,76,81,130,170,170,54355,0,41,42.423662173268276,0.8576740000307836,170.27916200004256,14967.419041486524
1780243725,250,GET,REST/listar-musicas,410.000000,0.000000,37,49,55,57,61,65,72,78,91,110,110,11351,0,32,32.227557596158036,1.133122000055664,112.60658599996987,50889.0
1780243725,250,GET,REST/listar-musicas-playlist,407.900000,0.000000,38,51,55,57,61,65,72,79,89,92,92,11236,0,47,47.84392714311152,16.351575999919987,118.57982100002573,300.0
1780243725,250,GET,REST/listar-playlists-musica,406.000000,0.000000,38,50,55,57,61,65,71,78,89,120,120,11190,0,48,49.13281471510287,14.305808999893088,144.6318399999882,511.0
1780243725,250,GET,REST/listar-playlists-usuario,409.300000,0.000000,38,51,56,57,61,65,72,77,89,120,120,11293,0,50,50.78449682688377,18.499323000014556,139.8716589999367,712.0
1780243725,250,GET,REST/listar-usuarios,412.900000,0.000000,36,43,53,56,60,64,76,100,170,170,170,11394,0,31,32.15391277856771,0.8576740000307836,170.27916200004256,21998.0
1780243725,250,,Aggregated,2046.100000,0.000000,37,48,55,57,60,65,72,79,130,170,170,56464,0,41,42.381988048685635,0.8576740000307836,170.27916200004256,14972.650839472939
1780243726,250,GET,REST/listar-musicas,410.500000,0.000000,37,48,55,56,60,65,72,78,91,110,110,11767,0,32,32.4757457204887,1.133122000055664,112.60658599996987,50889.0
1780243726,250,GET,REST/listar-musicas-playlist,408.500000,0.000000,37,51,55,57,60,64,73,79,89,92,92,11670,0,47,47.59229803598973,16.351575999919987,118.57982100002573,300.0
1780243726,250,GET,REST/listar-playlists-musica,406.200000,0.000000,37,50,55,57,60,64,72,78,89,120,120,11625,0,47,48.80670192731197,14.305808999893088,144.6318399999882,511.0
1780243726,250,GET,REST/listar-playlists-usuario,409.400000,0.000000,38,51,56,57,60,64,72,77,89,120,120,11718,0,50,50.43934697192351,18.499323000014556,139.8716589999367,712.0
1780243726,250,GET,REST/listar-usuarios,410.700000,0.000000,36,42,53,56,59,63,74,86,170,170,170,11827,0,31,32.38630783563054,0.8576740000307836,170.27916200004256,21998.0
1780243726,250,,Aggregated,2045.300000,0.000000,37,48,55,57,60,64,72,79,130,170,170,58607,0,40,42.29875711889345,0.8576740000307836,170.27916200004256,14960.08667906564
1780243727,250,GET,REST/listar-musicas,409.300000,0.000000,37,49,55,56,60,65,74,78,94,110,110,12169,0,32,32.84668740734573,1.133122000055664,112.60658599996987,50889.0
1780243727,250,GET,REST/listar-musicas-playlist,406.800000,0.000000,38,51,55,57,60,65,74,79,92,110,110,12073,0,46,47.502474659322566,16.351575999919987,118.57982100002573,300.0
1780243727,250,GET,REST/listar-playlists-musica,405.600000,0.000000,37,49,55,57,60,64,73,78,92,120,120,12021,0,47,48.610682423259384,14.305808999893088,144.6318399999882,511.0
1780243727,250,GET,REST/listar-playlists-usuario,408.000000,0.000000,38,52,56,57,61,64,74,78,110,120,120,12125,0,50,50.20346500593813,18.499323000014556,139.8716589999367,712.0
1780243727,250,GET,REST/listar-usuarios,410.400000,0.000000,36,43,54,56,60,64,74,81,170,170,170,12218,0,32,32.70556960476355,0.8576740000307836,170.27916200004256,21998.0
1780243727,250,,Aggregated,2040.100000,0.000000,37,49,55,57,60,65,74,79,120,170,170,60606,0,40,42.336920299309924,0.8576740000307836,170.27916200004256,14956.23265023265
1780243728,250,GET,REST/listar-musicas,408.200000,0.000000,37,49,55,56,60,65,73,77,94,110,110,12585,0,32,33.21911972141371,1.133122000055664,112.60658599996987,50889.0
1780243728,250,GET,REST/listar-musicas-playlist,408.400000,0.000000,38,52,55,57,61,65,74,78,100,110,110,12480,0,46,47.45008641522439,16.351575999919987,118.57982100002573,300.0
1780243728,250,GET,REST/listar-playlists-musica,406.900000,0.000000,37,49,55,57,60,65,73,77,90,110,110,12431,0,47,48.48394292108443,14.305808999893088,144.6318399999882,511.0
1780243728,250,GET,REST/listar-playlists-usuario,408.200000,0.000000,38,52,56,57,61,64,74,77,90,110,110,12535,0,49,50.0415234726764,18.499323000014556,139.8716589999367,712.0
1780243728,250,GET,REST/listar-usuarios,411.000000,0.000000,36,43,54,56,60,64,72,78,170,170,170,12634,0,32,33.05074434328015,0.8576740000307836,170.27916200004256,21998.0
1780243728,250,,Aggregated,2042.700000,0.000000,37,49,55,57,60,65,73,77,110,170,170,62665,0,40,42.4124662151276,0.8576740000307836,170.27916200004256,14958.620569696002
1780243729,250,GET,REST/listar-musicas,410.200000,0.000000,37,50,55,57,61,66,76,79,99,110,110,13021,0,32,33.57653328661331,1.133122000055664,112.60658599996987,50889.0
1780243729,250,GET,REST/listar-musicas-playlist,409.700000,0.000000,38,52,56,57,61,66,76,80,100,110,110,12923,0,46,47.3790794256753,16.351575999919987,118.57982100002573,300.0
1780243729,250,GET,REST/listar-playlists-musica,409.700000,0.000000,37,51,55,57,61,66,75,80,97,110,110,12874,0,47,48.35924589327328,14.305808999893088,144.6318399999882,511.0
1780243729,250,GET,REST/listar-playlists-usuario,410.600000,0.000000,38,52,56,57,61,66,76,79,98,110,110,12971,0,49,49.88277498049495,18.499323000014556,139.8716589999367,712.0
1780243729,250,GET,REST/listar-usuarios,410.600000,0.000000,36,43,54,56,60,64,74,79,98,110,110,13067,0,32,33.37809611043084,0.8576740000307836,170.27916200004256,21998.0
1780243729,250,,Aggregated,2050.800000,0.000000,37,50,55,57,61,66,75,80,98,110,110,64856,0,40,42.482389773035074,0.8576740000307836,170.27916200004256,14952.578034414704
1780243730,250,GET,REST/listar-musicas,409.400000,0.000000,37,50,55,56,60,66,75,78,99,110,110,13438,0,33,33.82670309420991,1.133122000055664,112.60658599996987,50889.0
1780243730,250,GET,REST/listar-musicas-playlist,406.900000,0.000000,38,52,56,57,61,66,76,80,100,110,110,13342,0,46,47.2266334275971,16.351575999919987,118.57982100002573,300.0
1780243730,250,GET,REST/listar-playlists-musica,408.200000,0.000000,37,51,55,57,60,66,75,80,97,110,110,13293,0,46,48.164033906116074,14.305808999893088,144.6318399999882,511.0
1780243730,250,GET,REST/listar-playlists-usuario,408.300000,0.000000,38,52,56,57,61,65,76,79,98,110,110,13398,0,49,49.60257222854154,18.499323000014556,139.8716589999367,712.0
1780243730,250,GET,REST/listar-usuarios,409.200000,0.000000,36,43,53,55,59,64,74,80,98,110,110,13487,0,32,33.58654451219702,0.8576740000307836,170.27916200004256,21998.0
1780243730,250,,Aggregated,2042.000000,0.000000,37,50,55,57,60,65,75,80,98,110,110,66958,0,40,42.451424335239345,0.8576740000307836,170.27916200004256,14947.700155321247
1780243731,250,GET,REST/listar-musicas,409.900000,0.000000,37,50,55,56,60,65,76,80,99,110,110,13876,0,33,34.03348514297991,1.133122000055664,112.60658599996987,50889.0
1780243731,250,GET,REST/listar-musicas-playlist,410.700000,0.000000,38,53,56,57,61,66,77,81,100,110,110,13758,0,46,47.084021639119186,16.351575999919987,118.57982100002573,300.0
1780243731,250,GET,REST/listar-playlists-musica,410.600000,0.000000,37,51,55,57,60,66,75,81,97,110,110,13708,0,46,47.983853361759586,14.305808999893088,144.6318399999882,511.0
1780243731,250,GET,REST/listar-playlists-usuario,410.500000,0.000000,38,52,56,57,61,65,76,80,98,110,110,13820,0,49,49.39442671244576,18.499323000014556,139.8716589999367,712.0
1780243731,250,GET,REST/listar-usuarios,410.400000,0.000000,36,43,54,55,59,64,75,80,98,110,110,13920,0,32,33.79417567514376,0.8576740000307836,170.27916200004256,21998.0
1780243731,250,,Aggregated,2052.100000,0.000000,37,51,55,57,60,65,76,80,98,110,110,69082,0,40,42.42551133438461,0.8576740000307836,170.27916200004256,14957.875452360962
1780243732,250,GET,REST/listar-musicas,409.800000,0.000000,37,49,55,56,60,65,76,80,96,110,110,14283,0,33,34.210656652523184,1.133122000055664,112.60658599996987,50889.0
1780243732,250,GET,REST/listar-musicas-playlist,409.400000,0.000000,38,52,56,57,61,65,76,81,100,110,110,14184,0,45,46.91037231161892,16.351575999919987,118.57982100002573,300.0
1780243732,250,GET,REST/listar-playlists-musica,407.700000,0.000000,37,50,55,56,60,64,75,80,97,110,110,14144,0,46,47.75196040773477,14.305808999893088,144.6318399999882,511.0
1780243732,250,GET,REST/listar-playlists-usuario,409.700000,0.000000,38,52,56,57,61,64,76,80,98,110,110,14229,0,48,49.18971735940686,18.499323000014556,139.8716589999367,712.0
1780243732,250,GET,REST/listar-usuarios,409.200000,0.000000,36,42,53,55,59,64,74,79,98,110,110,14337,0,32,33.94862879870272,0.8576740000307836,170.27916200004256,21998.0
1780243732,250,,Aggregated,2045.800000,0.000000,37,50,55,56,60,64,75,80,98,110,110,71177,0,39,42.37398650177667,0.8576740000307836,170.27916200004256,14946.49598887281
1780243733,250,GET,REST/listar-musicas,411.900000,0.000000,37,50,55,56,60,65,76,83,110,120,120,14686,0,33,34.490219109627475,1.133122000055664,119.82467699999688,50889.0
1780243733,250,GET,REST/listar-musicas-playlist,410.800000,0.000000,38,53,56,57,61,66,77,83,100,110,110,14598,0,45,46.87873407411991,16.351575999919987,118.57982100002573,300.0
1780243733,250,GET,REST/listar-playlists-musica,411.300000,0.000000,37,51,55,57,60,65,75,81,97,110,110,14542,0,46,47.69773488069047,14.305808999893088,144.6318399999882,511.0
1780243733,250,GET,REST/listar-playlists-usuario,411.000000,0.000000,38,53,56,57,61,65,76,81,99,110,110,14655,0,48,49.0729830210167,18.499323000014556,139.8716589999367,712.0
1780243733,250,GET,REST/listar-usuarios,412.200000,0.000000,36,42,54,56,60,65,76,81,100,110,110,14736,0,33,34.26550277137638,0.8576740000307836,170.27916200004256,21998.0
1780243733,250,,Aggregated,2057.200000,0.000000,37,51,55,57,60,65,76,82,100,110,120,73217,0,39,42.45708774608308,0.8576740000307836,170.27916200004256,14938.649548602101
1780243734,250,GET,REST/listar-musicas,410.900000,0.000000,37,50,55,56,60,65,76,83,110,120,120,15123,0,33,34.74236017489839,1.133122000055664,122.53822200000286,50889.0
1780243734,250,GET,REST/listar-musicas-playlist,412.600000,0.000000,38,53,56,57,61,67,77,83,100,110,110,15001,0,45,46.78428650996631,16.351575999919987,118.57982100002573,300.0
1780243734,250,GET,REST/listar-playlists-musica,412.800000,0.000000,37,52,55,57,61,66,77,82,97,110,110,14957,0,45,47.55250095273122,14.305808999893088,144.6318399999882,511.0
1780243734,250,GET,REST/listar-playlists-usuario,410.800000,0.000000,38,52,56,57,61,65,77,82,100,110,110,15066,0,48,48.871117567104655,18.499323000014556,139.8716589999367,712.0
1780243734,250,GET,REST/listar-usuarios,412.300000,0.000000,36,43,54,56,60,66,78,82,98,110,110,15169,0,33,34.492234791021275,0.8576740000307836,170.27916200004256,21998.0
1780243734,250,,Aggregated,2059.400000,0.000000,37,51,55,57,61,66,77,82,100,110,120,75316,0,39,42.46066597299337,0.8576740000307836,170.27916200004256,14952.365075150035
1780243735,250,GET,REST/listar-musicas,412.500000,0.000000,37,51,55,57,60,65,77,83,110,120,120,15539,0,33,34.93510685591024,1.133122000055664,122.53822200000286,50889.0
1780243735,250,GET,REST/listar-musicas-playlist,411.900000,0.000000,38,53,56,57,61,67,78,83,100,110,110,15443,0,45,46.626595493880956,16.351575999919987,118.57982100002573,300.0
1780243735,250,GET,REST/listar-playlists-musica,410.300000,0.000000,37,51,55,57,61,67,78,83,97,110,110,15401,0,45,47.3363429855855,14.305808999893088,144.6318399999882,511.0
1780243735,250,GET,REST/listar-playlists-usuario,412.400000,0.000000,38,52,56,57,61,65,77,82,100,110,110,15484,0,47,48.666053002454,18.499323000014556,139.8716589999367,712.0
1780243735,250,GET,REST/listar-usuarios,410.300000,0.000000,36,44,54,56,60,66,78,82,98,110,110,15602,0,33,34.61923544058463,0.8576740000307836,170.27916200004256,21998.0
1780243735,250,,Aggregated,2057.400000,0.000000,37,51,55,57,61,66,77,82,100,110,120,77469,0,39,42.411966515651166,0.8576740000307836,170.27916200004256,14941.517071344668
1780243736,250,GET,REST/listar-musicas,411.600000,0.000000,37,51,55,57,60,65,76,83,110,120,120,15969,0,33,35.091256643934436,1.133122000055664,122.53822200000286,50889.0
1780243736,250,GET,REST/listar-musicas-playlist,410.400000,0.000000,38,53,56,57,61,66,77,83,100,110,110,15886,0,44,46.46420083230531,16.351575999919987,118.57982100002573,300.0
1780243736,250,GET,REST/listar-playlists-musica,412.200000,0.000000,37,51,55,57,61,66,77,83,97,110,110,15821,0,45,47.18757941583982,14.305808999893088,144.6318399999882,511.0
1780243736,250,GET,REST/listar-playlists-usuario,410.700000,0.000000,38,52,56,57,61,65,77,82,100,110,110,15924,0,47,48.460878490454476,18.499323000014556,139.8716589999367,712.0
1780243736,250,GET,REST/listar-usuarios,412.400000,0.000000,36,43,54,56,60,65,77,82,98,110,110,16019,0,33,34.743187625757,0.8576740000307836,170.27916200004256,21998.0
1780243736,250,,Aggregated,2057.300000,0.000000,37,51,55,57,61,65,77,82,100,110,120,79619,0,39,42.36802041429794,0.8576740000307836,170.27916200004256,14936.39234353609
1780243737,250,GET,REST/listar-musicas,410.700000,0.000000,37,51,55,57,60,64,76,83,110,120,120,16399,0,34,35.28365617183908,1.133122000055664,122.53822200000286,50889.0
1780243737,250,GET,REST/listar-musicas-playlist,414.600000,0.000000,38,52,56,57,61,65,76,82,95,110,110,16287,0,44,46.35673023798129,16.351575999919987,118.57982100002573,300.0
1780243737,250,GET,REST/listar-playlists-musica,413.500000,0.000000,37,52,55,57,60,65,77,82,97,98,98,16235,0,45,47.07802330816154,14.305808999893088,144.6318399999882,511.0
1780243737,250,GET,REST/listar-playlists-usuario,412.100000,0.000000,38,52,55,57,61,65,77,82,98,110,110,16354,0,47,48.291124681484476,18.499323000014556,139.8716589999367,712.0
1780243737,250,GET,REST/listar-usuarios,411.400000,0.000000,36,43,54,56,60,65,77,81,97,110,110,16443,0,33,34.88376973861227,0.8576740000307836,170.27916200004256,21998.0
1780243737,250,,Aggregated,2062.300000,0.000000,37,51,55,57,60,65,77,82,97,110,120,81718,0,39,42.356486088854254,0.8576740000307836,170.27916200004256,14942.461367140655
1780243738,250,GET,REST/listar-musicas,414.500000,0.000000,37,51,55,57,60,63,72,81,110,120,120,16802,0,34,35.476916342339486,1.133122000055664,122.53822200000286,50889.0
1780243738,250,GET,REST/listar-musicas-playlist,413.500000,0.000000,38,52,56,57,60,64,74,79,90,110,110,16699,0,44,46.339611957841825,16.351575999919987,118.57982100002573,300.0
1780243738,250,GET,REST/listar-playlists-musica,412.800000,0.000000,37,51,55,57,60,63,72,79,88,98,98,16651,0,45,47.02289445612896,14.305808999893088,144.6318399999882,511.0
1780243738,250,GET,REST/listar-playlists-usuario,414.800000,0.000000,38,52,55,57,60,63,72,79,87,110,110,16749,0,47,48.23682184888625,18.499323000014556,139.8716589999367,712.0
1780243738,250,GET,REST/listar-usuarios,412.800000,0.000000,36,42,53,55,60,64,74,79,90,110,110,16855,0,33,35.0582758528034,0.8576740000307836,170.27916200004256,21998.0
1780243738,250,,Aggregated,2068.400000,0.000000,37,51,55,57,60,64,73,80,91,110,120,83756,0,39,42.40546722268234,0.8576740000307836,170.27916200004256,14939.310819523378
1780243739,250,GET,REST/listar-musicas,412.900000,0.000000,37,51,55,57,60,64,75,84,110,120,120,17227,0,34,35.67511500116031,1.133122000055664,122.53822200000286,50889.0
1780243739,250,GET,REST/listar-musicas-playlist,412.100000,0.000000,38,52,56,57,60,64,75,81,100,110,110,17140,0,44,46.2614786149942,16.351575999919987,118.57982100002573,300.0
1780243739,250,GET,REST/listar-playlists-musica,413.100000,0.000000,37,52,55,57,60,64,75,81,94,100,100,17078,0,44,46.94096754836643,14.305808999893088,144.6318399999882,511.0
1780243739,250,GET,REST/listar-playlists-usuario,412.100000,0.000000,37,51,55,57,60,64,75,81,96,110,110,17174,0,46,48.11086073762643,18.499323000014556,139.8716589999367,712.0
1780243739,250,GET,REST/listar-usuarios,414.600000,0.000000,36,42,53,56,60,64,75,81,96,110,110,17274,0,33,35.211726898344416,0.8576740000307836,170.27916200004256,21998.0
1780243739,250,,Aggregated,2064.800000,0.000000,37,50,55,57,60,64,75,81,100,110,120,85893,0,39,42.42089676838609,0.8576740000307836,170.27916200004256,14934.336919190155
1780243740,250,GET,REST/listar-musicas,413.200000,0.000000,37,51,55,57,60,64,75,83,110,120,120,17645,0,34,35.81568935692757,1.133122000055664,122.53822200000286,50889.0
1780243740,250,GET,REST/listar-musicas-playlist,416.100000,0.000000,38,52,56,57,60,64,75,81,100,110,110,17538,0,44,46.16459568918926,16.351575999919987,118.57982100002573,300.0
1780243740,250,GET,REST/listar-playlists-musica,414.800000,0.000000,37,52,56,57,61,65,76,81,94,100,100,17487,0,44,46.85557849413867,14.305808999893088,144.6318399999882,511.0
1780243740,250,GET,REST/listar-playlists-usuario,413.800000,0.000000,38,52,56,57,61,65,76,81,96,110,110,17602,0,46,47.98582029490954,18.499323000014556,139.8716589999367,712.0
1780243740,250,GET,REST/listar-usuarios,414.100000,0.000000,36,42,53,56,60,64,75,81,96,110,110,17689,0,33,35.328614388263986,0.8576740000307836,170.27916200004256,21998.0
1780243740,250,,Aggregated,2072.000000,0.000000,37,51,55,57,60,64,75,81,100,110,120,87961,0,39,42.411299186821175,0.8576740000307836,170.27916200004256,14936.038789918259
1780243741,250,GET,REST/listar-musicas,414.300000,0.000000,37,52,55,57,60,64,74,83,110,120,120,18069,0,34,35.95054390984482,1.133122000055664,122.53822200000286,50889.0
1780243741,250,GET,REST/listar-musicas-playlist,413.300000,0.000000,38,52,56,57,60,64,74,81,100,110,110,17968,0,44,46.05204202855075,16.351575999919987,118.57982100002573,300.0
1780243741,250,GET,REST/listar-playlists-musica,412.400000,0.000000,37,52,56,57,61,65,76,81,94,100,100,17908,0,44,46.72801422710541,14.305808999893088,144.6318399999882,511.0
1780243741,250,GET,REST/listar-playlists-usuario,413.600000,0.000000,37,52,56,57,61,64,75,81,96,110,110,18017,0,46,47.82726377221501,18.499323000014556,139.8716589999367,712.0
1780243741,250,GET,REST/listar-usuarios,412.800000,0.000000,36,42,53,56,60,64,74,80,96,110,110,18128,0,33,35.425130183307594,0.8576740000307836,170.27916200004256,21998.0
1780243741,250,,Aggregated,2066.400000,0.000000,37,51,55,57,60,64,75,81,100,110,120,90090,0,39,42.37705982020169,0.8576740000307836,170.27916200004256,14936.869541569542
1780243742,250,GET,REST/listar-musicas,413.700000,0.000000,37,52,55,57,60,63,70,80,110,120,120,18498,0,34,36.0625767625681,1.133122000055664,122.53822200000286,50889.0
1780243742,250,GET,REST/listar-musicas-playlist,413.200000,0.000000,37,52,55,57,60,64,72,79,100,110,110,18397,0,44,45.94211205397605,16.351575999919987,118.57982100002573,300.0
1780243742,250,GET,REST/listar-playlists-musica,414.900000,0.000000,37,52,55,57,60,64,74,80,94,100,100,18354,0,44,46.57135104282461,14.305808999893088,144.6318399999882,511.0
1780243742,250,GET,REST/listar-playlists-usuario,413.200000,0.000000,37,52,55,57,60,64,75,81,96,110,110,18444,0,46,47.691316733354995,18.499323000014556,139.8716589999367,712.0
1780243742,250,GET,REST/listar-usuarios,413.900000,0.000000,36,41,53,55,59,63,71,79,96,110,110,18549,0,33,35.52136185686558,0.8576740000307836,170.27916200004256,21998.0
1780243742,250,,Aggregated,2068.900000,0.000000,37,51,55,57,60,64,72,80,100,110,120,92242,0,39,42.34033893848751,0.8576740000307836,170.27916200004256,14932.630970707487
1780243743,250,GET,REST/listar-musicas,412.500000,0.000000,37,51,55,57,60,64,71,78,100,120,120,18901,0,34,36.22864544442019,1.133122000055664,122.53822200000286,50889.0
1780243743,250,GET,REST/listar-musicas-playlist,414.300000,0.000000,37,52,55,57,60,64,72,77,100,110,110,18789,0,44,45.93323107232946,16.351575999919987,118.57982100002573,300.0
1780243743,250,GET,REST/listar-playlists-musica,412.400000,0.000000,37,51,55,57,60,64,74,79,94,100,100,18745,0,44,46.53176384566576,14.305808999893088,144.6318399999882,511.0
1780243743,250,GET,REST/listar-playlists-usuario,412.500000,0.000000,37,52,55,57,61,64,75,80,94,100,100,18849,0,46,47.62344987102759,18.499323000014556,139.8716589999367,712.0
1780243743,250,GET,REST/listar-usuarios,411.500000,0.000000,36,41,53,55,59,63,70,77,96,100,100,18938,0,33,35.65357926196008,0.8576740000307836,170.27916200004256,21998.0
1780243743,250,,Aggregated,2063.200000,0.000000,37,50,55,56,60,64,73,79,98,110,120,94222,0,39,42.37754356872026,0.8576740000307836,170.27916200004256,14933.741546560252
1780243744,250,GET,REST/listar-musicas,413.600000,0.000000,37,51,55,57,61,64,73,80,100,120,120,19302,0,34,36.379350068178894,1.133122000055664,122.53822200000286,50889.0
1780243744,250,GET,REST/listar-musicas-playlist,411.600000,0.000000,37,52,56,57,60,65,75,80,100,110,110,19205,0,44,45.89548275084603,16.351575999919987,118.57982100002573,300.0
1780243744,250,GET,REST/listar-playlists-musica,411.600000,0.000000,38,52,56,57,61,65,76,80,100,100,100,19160,0,44,46.478346675887465,14.305808999893088,144.6318399999882,511.0
1780243744,250,GET,REST/listar-playlists-usuario,413.400000,0.000000,37,52,55,57,61,65,76,81,94,99,99,19258,0,45,47.529754811922245,18.499323000014556,139.8716589999367,712.0
1780243744,250,GET,REST/listar-usuarios,411.900000,0.000000,36,42,53,55,60,63,73,79,98,110,110,19364,0,33,35.821925034961836,0.8576740000307836,170.27916200004256,21998.0
1780243744,250,,Aggregated,2062.100000,0.000000,37,51,55,57,60,64,75,80,100,110,120,96289,0,39,42.40490459035781,0.8576740000307836,170.27916200004256,14928.94002430184
1780243745,250,GET,REST/listar-musicas,413.600000,0.000000,37,51,55,57,60,64,74,80,100,120,120,19739,0,34,36.48303060073904,1.133122000055664,122.53822200000286,50889.0
1780243745,250,GET,REST/listar-musicas-playlist,413.200000,0.000000,37,52,56,57,60,65,75,80,100,110,110,19639,0,44,45.79737069560561,16.351575999919987,118.57982100002573,300.0
1780243745,250,GET,REST/listar-playlists-musica,415.500000,0.000000,37,52,56,57,60,65,76,80,100,100,100,19588,0,44,46.35898831136428,14.305808999893088,144.6318399999882,511.0
1780243745,250,GET,REST/listar-playlists-usuario,412.900000,0.000000,37,52,55,57,61,65,76,81,94,99,99,19691,0,45,47.41141898019406,18.499323000014556,139.8716589999367,712.0
1780243745,250,GET,REST/listar-usuarios,414.700000,0.000000,36,42,53,55,60,63,73,79,98,110,110,19788,0,34,35.91654537573286,0.8576740000307836,170.27916200004256,21998.0
1780243745,250,,Aggregated,2069.900000,0.000000,37,51,55,57,60,64,75,80,100,110,120,98445,0,38,42.3782601269334,0.8576740000307836,170.27916200004256,14929.306262380009
1780243746,250,GET,REST/listar-musicas,411.900000,0.000000,37,50,55,57,60,64,74,80,100,120,120,20171,0,34,36.57409948872076,1.133122000055664,122.53822200000286,50889.0
1780243746,250,GET,REST/listar-musicas-playlist,413.600000,0.000000,38,52,56,57,61,65,75,80,100,110,110,20066,0,44,45.71237882697099,16.351575999919987,118.57982100002573,300.0
1780243746,250,GET,REST/listar-playlists-musica,411.800000,0.000000,38,52,56,57,61,65,76,80,100,100,100,20016,0,44,46.30564049485422,14.305808999893088,144.6318399999882,511.0
1780243746,250,GET,REST/listar-playlists-usuario,413.800000,0.000000,37,52,56,57,61,65,76,81,94,99,99,20111,0,45,47.30191590522606,18.499323000014556,139.8716589999367,712.0
1780243746,250,GET,REST/listar-usuarios,412.100000,0.000000,36,42,54,56,60,63,74,80,98,110,110,20215,0,34,36.00989649438545,0.8576740000307836,170.27916200004256,21998.0
1780243746,250,,Aggregated,2063.200000,0.000000,37,50,55,57,61,64,75,80,100,110,120,100579,0,38,42.365536969724765,0.8576740000307836,170.27916200004256,14930.935851420276
1780243747,250,GET,REST/listar-musicas,413.600000,0.000000,37,49,55,57,60,64,74,80,100,120,120,20583,0,34,36.6654212253795,1.133122000055664,122.53822200000286,50889.0
1780243747,250,GET,REST/listar-musicas-playlist,410.700000,0.000000,37,52,56,57,60,65,76,80,100,110,110,20480,0,44,45.63968174047851,16.351575999919987,118.57982100002573,300.0
1780243747,250,GET,REST/listar-playlists-musica,411.400000,0.000000,37,51,56,57,61,64,76,80,100,100,100,20436,0,44,46.184442937316504,14.305808999893088,144.6318399999882,511.0
1780243747,250,GET,REST/listar-playlists-usuario,411.800000,0.000000,37,52,55,57,61,65,76,81,94,99,99,20533,0,45,47.180460877173445,18.499323000014556,139.8716589999367,712.0
1780243747,250,GET,REST/listar-usuarios,413.200000,0.000000,36,41,53,55,60,63,74,80,98,110,110,20635,0,34,36.0715942254908,0.8576740000307836,170.27916200004256,21998.0
1780243747,250,,Aggregated,2060.700000,0.000000,37,50,55,57,60,64,75,80,100,110,120,102667,0,38,42.33399313341129,0.8576740000307836,170.27916200004256,14927.711036652478
1780243748,250,GET,REST/listar-musicas,411.600000,0.000000,37,49,55,57,60,64,73,78,100,120,120,20987,0,34,36.80061339348104,1.133122000055664,122.53822200000286,50889.0
1780243748,250,GET,REST/listar-musicas-playlist,413.000000,0.000000,37,51,55,57,60,64,73,77,84,110,110,20890,0,43,45.59701247975105,16.351575999919987,118.57982100002573,300.0
1780243748,250,GET,REST/listar-playlists-musica,413.900000,0.000000,37,50,55,57,60,64,74,78,99,100,100,20838,0,44,46.12156094418849,14.305808999893088,144.6318399999882,511.0
1780243748,250,GET,REST/listar-playlists-usuario,411.300000,0.000000,37,50,55,57,60,64,74,79,88,99,99,20949,0,45,47.10510072886549,18.499323000014556,139.8716589999367,712.0
1780243748,250,GET,REST/listar-usuarios,413.300000,0.000000,36,41,53,55,60,63,73,78,88,110,110,21036,0,34,36.181840202224855,0.8576740000307836,170.27916200004256,21998.0
1780243748,250,,Aggregated,2063.100000,0.000000,37,48,55,56,60,64,73,78,90,110,120,104700,0,38,42.348262622816954,0.8576740000307836,170.27916200004256,14924.43435530086
1780243750,250,GET,REST/listar-musicas,413.700000,0.000000,37,50,55,57,61,65,77,80,110,170,170,21424,0,34,36.93873586090311,1.133122000055664,167.38460999999916,50889.0
1780243750,250,GET,REST/listar-musicas-playlist,413.700000,0.000000,37,51,56,57,61,66,76,80,100,110,110,21324,0,43,45.5489787506097,16.351575999919987,118.57982100002573,300.0
1780243750,250,GET,REST/listar-playlists-musica,412.800000,0.000000,37,50,55,57,60,64,76,79,110,130,130,21278,0,43,46.0624032760129,14.305808999893088,144.6318399999882,511.0
1780243750,250,GET,REST/listar-playlists-usuario,414.600000,0.000000,37,51,55,57,60,65,76,80,99,130,130,21378,0,44,47.00194641940329,18.499323000014556,139.8716589999367,712.0
1780243750,250,GET,REST/listar-usuarios,412.000000,0.000000,36,42,54,56,60,64,75,80,110,130,130,21472,0,34,36.30990123248901,0.8576740000307836,170.27916200004256,21998.0
1780243750,250,,Aggregated,2066.800000,0.000000,37,49,55,57,60,65,76,80,100,130,170,106876,0,38,42.3596647206758,0.8576740000307836,170.27916200004256,14924.570399341294
1780243751,250,GET,REST/listar-musicas,410.600000,0.000000,37,49,55,57,60,65,76,80,110,170,170,21845,0,34,37.00868763231815,1.133122000055664,167.38460999999916,50889.0
1780243751,250,GET,REST/listar-musicas-playlist,411.200000,0.000000,37,52,55,57,61,66,76,80,100,110,110,21745,0,43,45.49441214890786,16.351575999919987,118.57982100002573,300.0
1780243751,250,GET,REST/listar-playlists-musica,411.500000,0.000000,37,50,55,57,60,64,76,79,110,130,130,21693,0,43,45.97253573793403,14.305808999893088,144.6318399999882,511.0
1780243751,250,GET,REST/listar-playlists-usuario,411.300000,0.000000,37,51,55,57,60,65,76,79,99,130,130,21795,0,44,46.92037859054849,18.499323000014556,139.8716589999367,712.0
1780243751,250,GET,REST/listar-usuarios,411.200000,0.000000,36,42,53,55,60,64,75,80,110,130,130,21894,0,34,36.373840869918865,0.8576740000307836,170.27916200004256,21998.0
1780243751,250,,Aggregated,2055.800000,0.000000,37,49,55,56,60,65,76,80,100,130,170,108972,0,38,42.34125752171166,0.8576740000307836,170.27916200004256,14925.12828983592
1780243752,250,GET,REST/listar-musicas,412.400000,0.000000,37,49,55,57,60,65,76,80,110,170,170,22276,0,34,37.08597202612629,1.133122000055664,167.38460999999916,50889.0
1780243752,250,GET,REST/listar-musicas-playlist,413.300000,0.000000,37,52,55,57,61,65,76,80,100,110,110,22176,0,43,45.406840590503336,16.351575999919987,118.57982100002573,300.0
1780243752,250,GET,REST/listar-playlists-musica,412.600000,0.000000,37,51,55,57,60,64,76,79,110,130,130,22122,0,43,45.88956193300797,14.305808999893088,144.6318399999882,511.0
1780243752,250,GET,REST/listar-playlists-usuario,413.300000,0.000000,37,51,55,57,60,64,75,79,99,130,130,22220,0,44,46.81976825940616,18.499323000014556,139.8716589999367,712.0
1780243752,250,GET,REST/listar-usuarios,412.200000,0.000000,36,41,53,55,60,64,75,79,110,130,130,22328,0,34,36.41367274565583,0.8576740000307836,170.27916200004256,21998.0
1780243752,250,,Aggregated,2063.800000,0.000000,37,49,55,57,60,65,76,80,100,130,170,111122,0,38,42.31041409135862,0.8576740000307836,170.27916200004256,14925.509710048414
1780243753,250,GET,REST/listar-musicas,413.700000,0.000000,37,48,55,56,60,64,75,79,110,170,170,22702,0,35,37.167289120209226,1.133122000055664,167.38460999999916,50889.0
1780243753,250,GET,REST/listar-musicas-playlist,412.000000,0.000000,37,51,55,56,60,64,74,78,98,110,110,22607,0,43,45.33646974198268,16.351575999919987,118.57982100002573,300.0
1780243753,250,GET,REST/listar-playlists-musica,413.700000,0.000000,37,50,55,56,60,62,73,78,110,130,130,22558,0,43,45.81100549326196,14.305808999893088,144.6318399999882,511.0
1780243753,250,GET,REST/listar-playlists-usuario,413.800000,0.000000,37,50,55,56,60,63,73,78,95,130,130,22652,0,44,46.712031820634074,18.499323000014556,139.8716589999367,712.0
1780243753,250,GET,REST/listar-usuarios,413.600000,0.000000,36,40,52,55,59,62,73,77,100,130,130,22746,0,34,36.46891345071681,0.8576740000307836,170.27916200004256,21998.0
1780243753,250,,Aggregated,2066.800000,0.000000,37,47,55,56,60,63,74,78,100,130,170,113265,0,38,42.28791666562435,0.8576740000307836,170.27916200004256,14921.52075221825
1780243754,250,GET,REST/listar-musicas,412.500000,0.000000,37,48,55,56,60,65,74,79,110,170,170,23113,0,35,37.27569915887109,1.133122000055664,167.38460999999916,50889.0
1780243754,250,GET,REST/listar-musicas-playlist,413.600000,0.000000,37,50,55,57,60,64,74,79,98,110,110,23007,0,43,45.31506597466,16.351575999919987,118.57982100002573,300.0
1780243754,250,GET,REST/listar-playlists-musica,413.600000,0.000000,37,49,55,56,60,63,73,78,110,130,130,22955,0,43,45.74673949331316,14.305808999893088,144.6318399999882,511.0
1780243754,250,GET,REST/listar-playlists-usuario,412.300000,0.000000,37,51,55,57,60,64,74,78,99,130,130,23063,0,44,46.67022943437547,18.499323000014556,139.8716589999367,712.0
1780243754,250,GET,REST/listar-usuarios,413.400000,0.000000,36,41,52,55,59,63,73,77,100,130,130,23155,0,34,36.56542923286572,0.8576740000307836,170.27916200004256,21998.0
1780243754,250,,Aggregated,2065.400000,0.000000,37,47,55,56,60,64,74,78,100,130,170,115293,0,38,42.303187339551734,0.8576740000307836,170.27916200004256,14923.83846374021
1780243755,250,GET,REST/listar-musicas,413.200000,0.000000,37,50,55,57,60,65,76,81,110,170,170,23519,0,35,37.385641628725146,1.133122000055664,167.38460999999916,50889.0
1780243755,250,GET,REST/listar-musicas-playlist,414.600000,0.000000,37,51,55,57,60,65,76,80,110,120,120,23414,0,43,45.28913168911775,16.351575999919987,118.85780699992665,300.0
1780243755,250,GET,REST/listar-playlists-musica,413.500000,0.000000,37,50,55,57,60,64,74,78,110,130,130,23369,0,43,45.701871288673125,14.305808999893088,144.6318399999882,511.0
1780243755,250,GET,REST/listar-playlists-usuario,413.300000,0.000000,37,51,55,57,60,65,74,79,120,130,130,23472,0,44,46.6248847295502,18.499323000014556,139.8716589999367,712.0
1780243755,250,GET,REST/listar-usuarios,413.400000,0.000000,36,41,53,55,59,64,75,79,100,130,130,23571,0,34,36.66501974587446,0.8576740000307836,170.27916200004256,21998.0
1780243755,250,,Aggregated,2068.000000,0.000000,37,48,55,56,60,65,75,79,110,130,170,117345,0,38,42.32212825243441,0.8576740000307836,170.27916200004256,14922.246981124035
1780243756,250,GET,REST/listar-musicas,415.700000,0.000000,37,51,55,57,61,65,75,79,110,170,170,23953,0,35,37.464329330187745,1.133122000055664,167.38460999999916,50889.0
1780243756,250,GET,REST/listar-musicas-playlist,413.900000,0.000000,37,51,55,57,60,64,75,80,110,120,120,23851,0,43,45.22924135134801,16.351575999919987,118.85780699992665,300.0
1780243756,250,GET,REST/listar-playlists-musica,415.400000,0.000000,37,49,55,56,60,63,73,78,110,130,130,23804,0,43,45.61382854747112,14.305808999893088,144.6318399999882,511.0
1780243756,250,GET,REST/listar-playlists-usuario,414.400000,0.000000,37,51,55,57,60,65,73,78,120,130,130,23896,0,44,46.53334175962507,18.499323000014556,139.8716589999367,712.0
1780243756,250,GET,REST/listar-usuarios,414.800000,0.000000,36,41,53,55,59,64,74,79,100,130,130,23996,0,34,36.712119444241004,0.8576740000307836,170.27916200004256,21998.0
1780243756,250,,Aggregated,2074.200000,0.000000,37,49,55,56,60,64,74,79,110,130,170,119500,0,38,42.2999334186855,0.8576740000307836,170.27916200004256,14921.68469456067
1780243757,250,GET,REST/listar-musicas,412.700000,0.000000,37,50,55,57,60,65,75,79,110,170,170,24369,0,35,37.52382001140742,1.133122000055664,167.38460999999916,50889.0
1780243757,250,GET,REST/listar-musicas-playlist,413.400000,0.000000,37,51,55,57,60,64,75,80,110,120,120,24264,0,43,45.16485099192211,16.351575999919987,118.85780699992665,300.0
1780243757,250,GET,REST/listar-playlists-musica,414.800000,0.000000,37,49,55,56,60,63,72,78,110,130,130,24215,0,42,45.55432714218467,14.305808999893088,144.6318399999882,511.0
1780243757,250,GET,REST/listar-playlists-usuario,413.500000,0.000000,37,52,55,57,60,65,74,78,120,130,130,24325,0,43,46.472967772086385,18.499323000014556,139.8716589999367,712.0
1780243757,250,GET,REST/listar-usuarios,412.600000,0.000000,36,41,53,55,59,63,74,79,100,130,130,24421,0,34,36.766211642070665,0.8576740000307836,170.27916200004256,21998.0
1780243757,250,,Aggregated,2067.000000,0.000000,37,49,55,56,60,64,74,79,110,130,170,121594,0,38,42.28595606395823,0.8576740000307836,170.27916200004256,14920.96373176308
1780243758,250,GET,REST/listar-musicas,412.800000,0.000000,37,50,55,56,60,64,74,79,110,170,170,24791,0,35,37.58340431672729,1.133122000055664,167.38460999999916,50889.0
1780243758,250,GET,REST/listar-musicas-playlist,413.500000,0.000000,37,50,55,56,60,63,75,80,110,120,120,24683,0,42,45.107179587003124,16.351575999919987,118.85780699992665,300.0
1780243758,250,GET,REST/listar-playlists-musica,412.200000,0.000000,37,49,55,56,60,63,72,78,110,130,130,24636,0,42,45.481732806462055,14.305808999893088,144.6318399999882,511.0
1780243758,250,GET,REST/listar-playlists-usuario,413.400000,0.000000,37,52,55,57,60,64,73,78,120,130,130,24728,0,43,46.39735923956658,18.499323000014556,139.8716589999367,712.0
1780243758,250,GET,REST/listar-usuarios,413.300000,0.000000,36,41,53,55,59,62,74,78,100,130,130,24847,0,34,36.8317967752247,0.8576740000307836,170.27916200004256,21998.0
1780243758,250,,Aggregated,2065.300000,0.000000,37,48,55,56,60,63,74,79,110,130,170,123685,0,38,42.26925021895882,0.8576740000307836,170.27916200004256,14923.181768201479
1780243759,250,GET,REST/listar-musicas,413.000000,0.000000,37,51,55,57,60,64,73,77,95,130,130,25182,0,35,37.708415961122526,1.133122000055664,167.38460999999916,50889.0
1780243759,250,GET,REST/listar-musicas-playlist,412.300000,0.000000,38,51,55,57,60,64,74,78,100,120,120,25095,0,42,45.105963794381296,16.351575999919987,118.85780699992665,300.0
1780243759,250,GET,REST/listar-playlists-musica,412.800000,0.000000,37,50,55,57,60,64,72,77,91,120,120,25043,0,42,45.487981305354694,14.305808999893088,144.6318399999882,511.0
1780243759,250,GET,REST/listar-playlists-usuario,411.600000,0.000000,38,52,55,57,60,64,72,77,100,120,120,25132,0,43,46.375427852936554,18.499323000014556,139.8716589999367,712.0
1780243759,250,GET,REST/listar-usuarios,412.500000,0.000000,36,41,52,55,59,62,72,76,97,100,100,25234,0,34,36.91025128065345,0.8576740000307836,170.27916200004256,21998.0
1780243759,250,,Aggregated,2062.200000,0.000000,37,49,55,56,60,64,72,77,96,120,130,125686,0,38,42.308320271143266,0.8576740000307836,170.27916200004256,14916.568169883678
1780243760,250,GET,REST/listar-musicas,412.100000,0.000000,37,51,55,57,61,64,74,79,95,130,130,25621,0,35,37.79315992283625,1.133122000055664,167.38460999999916,50889.0
1780243760,250,GET,REST/listar-musicas-playlist,412.300000,0.000000,38,51,55,57,60,64,75,79,100,120,120,25523,0,42,45.07986685938167,16.351575999919987,118.85780699992665,300.0
1780243760,250,GET,REST/listar-playlists-musica,412.800000,0.000000,37,50,55,57,61,65,74,78,91,120,120,25467,0,42,45.456222394942394,14.305808999893088,144.6318399999882,511.0
1780243760,250,GET,REST/listar-playlists-usuario,412.500000,0.000000,38,52,55,57,61,65,74,77,100,120,120,25574,0,43,46.298151346054695,18.499323000014556,139.8716589999367,712.0
1780243760,250,GET,REST/listar-usuarios,413.100000,0.000000,36,41,53,55,59,63,73,77,97,100,100,25665,0,34,36.984194272160906,0.8576740000307836,170.27916200004256,21998.0
1780243760,250,,Aggregated,2062.800000,0.000000,37,50,55,57,60,64,74,78,96,120,130,127850,0,38,42.313131611153295,0.8576740000307836,170.27916200004256,14918.1459835745
1780243761,250,GET,REST/listar-musicas,412.300000,0.000000,37,51,55,57,61,64,75,79,95,130,130,26043,0,35,37.83976576815225,1.133122000055664,167.38460999999916,50889.0
1780243761,250,GET,REST/listar-musicas-playlist,412.800000,0.000000,38,51,55,57,60,64,75,79,100,120,120,25936,0,42,45.0267734099706,16.351575999919987,118.85780699992665,300.0
1780243761,250,GET,REST/listar-playlists-musica,412.200000,0.000000,37,51,55,57,61,65,74,78,91,120,120,25883,0,42,45.39703688826635,14.305808999893088,144.6318399999882,511.0
1780243761,250,GET,REST/listar-playlists-usuario,412.900000,0.000000,38,51,55,57,60,65,74,78,100,120,120,25992,0,43,46.206214397353115,18.499323000014556,139.8716589999367,712.0
1780243761,250,GET,REST/listar-usuarios,412.600000,0.000000,36,42,53,55,59,63,73,77,97,100,100,26091,0,34,37.04335872235672,0.8576740000307836,170.27916200004256,21998.0
1780243761,250,,Aggregated,2062.800000,0.000000,37,50,55,57,60,64,74,78,96,120,130,129945,0,38,42.293101834475735,0.8576740000307836,170.27916200004256,14919.89196967948
1780243762,250,GET,REST/listar-musicas,411.800000,0.000000,37,51,55,57,61,64,74,80,95,130,130,26466,0,35,37.89360535033592,1.133122000055664,167.38460999999916,50889.0
1780243762,250,GET,REST/listar-musicas-playlist,411.100000,0.000000,38,51,55,57,60,64,75,79,100,120,120,26361,0,42,44.97369800842146,16.351575999919987,118.85780699992665,300.0
1780243762,250,GET,REST/listar-playlists-musica,410.700000,0.000000,37,50,55,57,61,65,75,79,92,120,120,26315,0,42,45.337022022648526,14.305808999893088,144.6318399999882,511.0
1780243762,250,GET,REST/listar-playlists-usuario,411.100000,0.000000,38,51,55,57,60,65,74,77,100,120,120,26414,0,43,46.12950665041268,18.499323000014556,139.8716589999367,712.0
1780243762,250,GET,REST/listar-usuarios,412.400000,0.000000,36,42,54,55,59,63,73,77,97,100,100,26516,0,34,37.08912191107297,0.8576740000307836,170.27916200004256,21998.0
1780243762,250,,Aggregated,2057.100000,0.000000,37,50,55,57,60,64,74,78,97,120,130,132072,0,38,42.27548225351277,0.8576740000307836,170.27916200004256,14918.296648797626
1780243763,250,GET,REST/listar-musicas,411.400000,0.000000,37,50,55,56,60,64,75,79,95,130,130,26890,0,35,37.930919863220254,1.133122000055664,167.38460999999916,50889.0
1780243763,250,GET,REST/listar-musicas-playlist,412.200000,0.000000,38,50,55,57,60,64,74,79,100,120,120,26794,0,41,44.92495690964366,16.351575999919987,118.85780699992665,300.0
1780243763,250,GET,REST/listar-playlists-musica,412.100000,0.000000,37,50,55,57,60,64,75,79,92,120,120,26755,0,41,45.26406495701733,14.305808999893088,144.6318399999882,511.0
1780243763,250,GET,REST/listar-playlists-usuario,410.500000,0.000000,37,51,55,57,60,64,72,77,93,120,120,26848,0,42,46.06432186431009,18.499323000014556,139.8716589999367,712.0
1780243763,250,GET,REST/listar-usuarios,411.900000,0.000000,36,42,54,55,59,63,72,76,95,100,100,26948,0,34,37.130817492875536,0.8576740000307836,170.27916200004256,21998.0
1780243763,250,,Aggregated,2058.100000,0.000000,37,49,55,56,60,64,74,78,95,120,130,134235,0,38,42.25468746373854,0.8576740000307836,170.27916200004256,14914.389652475136
1780243764,250,GET,REST/listar-musicas,410.300000,0.000000,37,50,55,57,60,64,74,78,91,94,94,27303,0,35,38.019746830091655,1.133122000055664,167.38460999999916,50889.0
1780243764,250,GET,REST/listar-musicas-playlist,410.700000,0.000000,38,50,55,57,60,64,74,78,87,100,100,27209,0,41,44.90856063159216,16.351575999919987,118.85780699992665,300.0
1780243764,250,GET,REST/listar-playlists-musica,410.800000,0.000000,37,50,55,57,60,65,74,78,88,100,100,27149,0,41,45.250810008803214,14.305808999893088,144.6318399999882,511.0
1780243764,250,GET,REST/listar-playlists-usuario,411.700000,0.000000,37,51,55,57,60,64,73,77,87,110,110,27252,0,42,46.032596285960594,18.499323000014556,139.8716589999367,712.0
1780243764,250,GET,REST/listar-usuarios,410.400000,0.000000,36,42,53,55,59,63,72,76,86,93,93,27353,0,34,37.201843323986786,0.8576740000307836,170.27916200004256,21998.0
1780243764,250,,Aggregated,2053.900000,0.000000,37,49,55,57,60,64,73,77,87,100,110,136266,0,38,42.27427787769471,0.8576740000307836,170.27916200004256,14916.214785786624
1780243765,250,GET,REST/listar-musicas,411.200000,0.000000,37,50,55,57,60,65,76,80,91,94,94,27729,0,35,38.10927979054397,1.133122000055664,167.38460999999916,50889.0
1780243765,250,GET,REST/listar-musicas-playlist,410.300000,0.000000,38,50,55,57,60,64,75,79,90,100,100,27623,0,41,44.87444012283208,16.351575999919987,118.85780699992665,300.0
1780243765,250,GET,REST/listar-playlists-musica,410.500000,0.000000,37,51,55,57,61,65,75,79,88,100,100,27569,0,41,45.21515682266302,14.305808999893088,144.6318399999882,511.0
1780243765,250,GET,REST/listar-playlists-usuario,412.100000,0.000000,37,51,55,57,60,65,74,77,87,110,110,27685,0,42,45.98227638121724,18.499323000014556,139.8716589999367,712.0
1780243765,250,GET,REST/listar-usuarios,411.200000,0.000000,36,42,53,55,60,64,73,77,89,93,93,27767,0,34,37.263392358159315,0.8576740000307836,170.27916200004256,21998.0
1780243765,250,,Aggregated,2055.300000,0.000000,37,49,55,57,60,65,75,78,89,100,110,138373,0,38,42.28099032681182,0.8576740000307836,170.27916200004256,14916.247577200755
1780243766,250,GET,REST/listar-musicas,411.700000,0.000000,37,50,55,57,60,65,76,81,91,94,94,28156,0,35,38.14788468472056,1.133122000055664,167.38460999999916,50889.0
1780243766,250,GET,REST/listar-musicas-playlist,412.500000,0.000000,38,50,55,57,61,65,75,79,90,100,100,28054,0,41,44.82941032647714,16.351575999919987,118.85780699992665,300.0
1780243766,250,GET,REST/listar-playlists-musica,411.300000,0.000000,37,51,56,57,61,65,75,79,88,100,100,28003,0,41,45.17412515837583,14.305808999893088,144.6318399999882,511.0
1780243766,250,GET,REST/listar-playlists-usuario,411.200000,0.000000,37,50,55,57,60,65,74,77,87,110,110,28105,0,42,45.924819333321516,18.499323000014556,139.8716589999367,712.0
1780243766,250,GET,REST/listar-usuarios,411.200000,0.000000,36,42,53,55,59,64,73,77,89,93,93,28205,0,34,37.29733398255669,0.8576740000307836,170.27916200004256,21998.0
1780243766,250,,Aggregated,2057.900000,0.000000,37,49,55,57,60,65,75,78,89,100,110,140523,0,38,42.26664316612182,0.8576740000307836,170.27916200004256,14915.855532546273
1780243767,250,GET,REST/listar-musicas,411.400000,0.000000,37,50,55,57,61,65,76,81,91,94,94,28575,0,35,38.19463002134698,1.133122000055664,167.38460999999916,50889.0
1780243767,250,GET,REST/listar-musicas-playlist,411.600000,0.000000,38,51,56,57,61,65,75,79,90,100,100,28472,0,41,44.777658243396694,16.351575999919987,118.85780699992665,300.0
1780243767,250,GET,REST/listar-playlists-musica,411.600000,0.000000,38,51,56,57,61,66,75,79,88,100,100,28423,0,41,45.13245823178409,14.305808999893088,144.6318399999882,511.0
1780243767,250,GET,REST/listar-playlists-usuario,411.700000,0.000000,37,51,55,57,61,65,74,77,87,110,110,28518,0,42,45.88676619885685,18.499323000014556,139.8716589999367,712.0
1780243767,250,GET,REST/listar-usuarios,412.400000,0.000000,36,42,53,55,60,64,73,77,89,93,93,28620,0,34,37.33326843553499,0.8576740000307836,170.27916200004256,21998.0
1780243767,250,,Aggregated,2058.700000,0.000000,37,50,55,57,61,65,75,78,89,100,110,142608,0,38,42.257081228065445,0.8576740000307836,170.27916200004256,14915.758611017614
1780243768,250,GET,REST/listar-musicas,411.000000,0.000000,37,49,55,56,60,64,76,79,86,91,91,28994,0,35,38.23713245750813,1.133122000055664,167.38460999999916,50889.0
1780243768,250,GET,REST/listar-musicas-playlist,410.800000,0.000000,37,50,55,57,60,63,74,79,87,100,100,28905,0,41,44.72977825106343,16.351575999919987,118.85780699992665,300.0
1780243768,250,GET,REST/listar-playlists-musica,412.100000,0.000000,37,51,55,57,60,64,75,79,86,100,100,28850,0,41,45.08821313656835,14.305808999893088,144.6318399999882,511.0
1780243768,250,GET,REST/listar-playlists-usuario,411.300000,0.000000,37,51,55,57,60,64,73,77,87,110,110,28953,0,42,45.834765285842636,18.499323000014556,139.8716589999367,712.0
1780243768,250,GET,REST/listar-usuarios,410.900000,0.000000,36,41,53,55,59,63,73,78,87,89,89,29048,0,34,37.36844813367566,0.8576740000307836,170.27916200004256,21998.0
1780243768,250,,Aggregated,2056.000000,0.000000,37,48,55,57,60,64,74,78,86,100,110,144750,0,38,42.24448530927783,0.8576740000307836,170.27916200004256,14911.930611398964
1780243769,250,GET,REST/listar-musicas,409.900000,0.000000,37,50,55,57,61,65,76,78,86,91,91,29399,0,35,38.33646053338517,1.133122000055664,167.38460999999916,50889.0
1780243769,250,GET,REST/listar-musicas-playlist,410.900000,0.000000,37,50,55,57,60,64,74,79,86,100,100,29284,0,41,44.735394813003374,16.351575999919987,118.85780699992665,300.0
1780243769,250,GET,REST/listar-playlists-musica,409.800000,0.000000,37,51,56,57,60,64,75,78,86,93,93,29242,0,41,45.104158062547,14.305808999893088,144.6318399999882,511.0
1780243769,250,GET,REST/listar-playlists-usuario,410.700000,0.000000,38,52,56,57,61,64,73,77,87,110,110,29347,0,42,45.83401730170035,18.499323000014556,139.8716589999367,712.0
1780243769,250,GET,REST/listar-usuarios,410.500000,0.000000,36,42,53,55,59,63,73,78,87,89,89,29442,0,34,37.45392196668067,0.8576740000307836,170.27916200004256,21998.0
1780243769,250,,Aggregated,2051.800000,0.000000,37,49,55,57,60,64,74,78,86,100,110,146714,0,38,42.285194127935846,0.8576740000307836,170.27916200004256,14915.91636108347
1780243770,250,GET,REST/listar-musicas,411.900000,0.000000,37,50,55,57,61,66,76,79,92,120,120,29830,0,35,38.3968795813272,1.133122000055664,167.38460999999916,50889.0
1780243770,250,GET,REST/listar-musicas-playlist,410.600000,0.000000,37,50,55,57,61,65,76,80,97,100,100,29732,0,41,44.71202369070349,16.351575999919987,118.85780699992665,300.0
1780243770,250,GET,REST/listar-playlists-musica,410.300000,0.000000,37,51,55,57,60,65,76,79,93,110,110,29682,0,41,45.05258475379013,14.305808999893088,144.6318399999882,511.0
1780243770,250,GET,REST/listar-playlists-usuario,410.700000,0.000000,38,52,56,57,61,65,74,78,94,120,120,29774,0,42,45.78488246819373,18.499323000014556,139.8716589999367,712.0
1780243770,250,GET,REST/listar-usuarios,410.900000,0.000000,36,42,54,56,60,64,75,79,96,120,120,29880,0,34,37.512649723929485,0.8576740000307836,170.27916200004256,21998.0
1780243770,250,,Aggregated,2054.400000,0.000000,37,50,55,57,60,65,75,79,94,120,120,148898,0,38,42.28454842445141,0.8576740000307836,170.27916200004256,14913.600585635804
1780243771,250,GET,REST/listar-musicas,412.000000,0.000000,37,50,55,57,61,66,76,78,92,120,120,30247,0,35,38.44166312414429,1.133122000055664,167.38460999999916,50889.0
1780243771,250,GET,REST/listar-musicas-playlist,412.400000,0.000000,37,50,55,57,61,65,76,79,96,100,100,30144,0,41,44.67631095388785,16.351575999919987,118.85780699992665,300.0
1780243771,250,GET,REST/listar-playlists-musica,413.200000,0.000000,38,51,55,57,60,65,76,79,90,110,110,30102,0,41,45.007565045677936,14.305808999893088,144.6318399999882,511.0
1780243771,250,GET,REST/listar-playlists-usuario,410.700000,0.000000,38,52,56,57,61,65,74,78,94,120,120,30205,0,42,45.724581270485075,18.499323000014556,139.8716589999367,712.0
1780243771,250,GET,REST/listar-usuarios,411.900000,0.000000,36,42,53,56,60,64,75,79,96,120,120,30301,0,34,37.536564552490496,0.8576740000307836,170.27916200004256,21998.0
1780243771,250,,Aggregated,2060.200000,0.000000,37,49,55,57,60,65,75,79,93,120,120,150999,0,38,42.270424603440816,0.8576740000307836,170.27916200004256,14912.232948562574
1780243772,250,GET,REST/listar-musicas,410.600000,0.000000,37,50,55,57,60,65,76,78,92,120,120,30675,0,35,38.46860388537881,1.133122000055664,167.38460999999916,50889.0
1780243772,250,GET,REST/listar-musicas-playlist,410.500000,0.000000,37,51,55,57,61,64,75,79,96,100,100,30577,0,41,44.647178939169756,16.351575999919987,118.85780699992665,300.0
1780243772,250,GET,REST/listar-playlists-musica,410.600000,0.000000,37,51,55,57,60,65,76,79,90,110,110,30527,0,40,44.95571757381977,14.305808999893088,144.6318399999882,511.0
1780243772,250,GET,REST/listar-playlists-usuario,411.400000,0.000000,38,52,56,57,61,65,74,78,94,120,120,30619,0,42,45.66885265527946,18.499323000014556,139.8716589999367,712.0
1780243772,250,GET,REST/listar-usuarios,411.400000,0.000000,36,41,53,55,60,63,75,79,96,120,120,30727,0,34,37.56410307940954,0.8576740000307836,170.27916200004256,21998.0
1780243772,250,,Aggregated,2054.500000,0.000000,37,49,55,57,60,64,75,79,93,120,120,153125,0,38,42.25391803922266,0.8576740000307836,170.27916200004256,14912.821198367346
1780243773,250,GET,REST/listar-musicas,411.100000,0.000000,37,50,55,56,60,65,75,78,92,120,120,31099,0,35,38.518550071224006,1.133122000055664,167.38460999999916,50889.0
1780243773,250,GET,REST/listar-musicas-playlist,411.000000,0.000000,37,51,55,57,61,64,74,78,96,100,100,31002,0,41,44.6272980505772,16.351575999919987,118.85780699992665,300.0
1780243773,250,GET,REST/listar-playlists-musica,411.300000,0.000000,37,50,55,57,60,65,76,79,90,110,110,30954,0,40,44.90930971580399,14.305808999893088,144.6318399999882,511.0
1780243773,250,GET,REST/listar-playlists-usuario,412.300000,0.000000,38,52,56,57,61,64,73,77,84,120,120,31050,0,42,45.63607560254428,18.499323000014556,139.8716589999367,712.0
1780243773,250,GET,REST/listar-usuarios,410.900000,0.000000,36,41,53,55,59,63,73,78,96,120,120,31145,0,34,37.59682972502872,0.8576740000307836,170.27916200004256,21998.0
1780243773,250,,Aggregated,2056.600000,0.000000,37,49,55,56,60,64,74,78,93,120,120,155250,0,38,42.25120814825747,0.8576740000307836,170.27916200004256,14911.113784219002
1780243774,250,GET,REST/listar-musicas,413.100000,0.000000,37,50,55,56,61,65,75,78,93,120,120,31502,0,35,38.58894007951874,1.133122000055664,167.38460999999916,50889.0
1780243774,250,GET,REST/listar-musicas-playlist,411.700000,0.000000,38,52,56,57,61,65,74,78,96,100,100,31397,0,40,44.62991751539937,16.351575999919987,118.85780699992665,300.0
1780243774,250,GET,REST/listar-playlists-musica,412.200000,0.000000,38,50,55,57,60,65,75,79,92,110,110,31349,0,40,44.88874122542977,14.305808999893088,144.6318399999882,511.0
1780243774,250,GET,REST/listar-playlists-usuario,412.300000,0.000000,38,52,56,57,61,65,74,78,92,120,120,31455,0,42,45.63580944574789,18.499323000014556,139.8716589999367,712.0
1780243774,250,GET,REST/listar-usuarios,412.300000,0.000000,36,42,53,55,60,64,74,78,96,120,120,31550,0,34,37.66983022408937,0.8576740000307836,170.27916200004256,21998.0
1780243774,250,,Aggregated,2061.600000,0.000000,37,50,55,57,60,65,74,78,93,120,120,157253,0,38,42.27613456645015,0.8576740000307836,170.27916200004256,14912.126172473658
1780243775,250,GET,REST/listar-musicas,411.000000,0.000000,37,50,55,56,60,65,74,78,96,120,120,31921,0,35,38.642187229316114,1.133122000055664,167.38460999999916,50889.0
1780243775,250,GET,REST/listar-musicas-playlist,411.300000,0.000000,38,52,56,57,61,66,75,78,96,100,100,31825,0,40,44.6070773146267,16.351575999919987,118.85780699992665,300.0
1780243775,250,GET,REST/listar-playlists-musica,411.200000,0.000000,38,51,55,57,60,66,76,80,97,110,110,31778,0,40,44.865489722040344,14.305808999893088,144.6318399999882,511.0
1780243775,250,GET,REST/listar-playlists-usuario,410.600000,0.000000,38,52,56,57,61,65,74,78,94,120,120,31876,0,41,45.597096585330696,18.499323000014556,139.8716589999367,712.0
1780243775,250,GET,REST/listar-usuarios,411.600000,0.000000,36,42,54,56,60,64,74,78,96,120,120,31976,0,34,37.72078342438135,0.8576740000307836,170.27916200004256,21998.0
1780243775,250,,Aggregated,2055.700000,0.000000,37,50,55,57,61,65,75,78,96,120,120,159376,0,38,42.280304738505045,0.8576740000307836,170.27916200004256,14910.134443078005
1780243776,250,GET,REST/listar-musicas,410.700000,0.000000,37,50,55,57,61,65,74,78,96,120,120,32355,0,35,38.67558183402878,1.133122000055664,167.38460999999916,50889.0
1780243776,250,GET,REST/listar-musicas-playlist,411.200000,0.000000,38,53,56,57,61,66,75,78,96,100,100,32257,0,40,44.583247665250745,16.351575999919987,118.85780699992665,300.0
1780243776,250,GET,REST/listar-playlists-musica,411.000000,0.000000,37,50,55,57,60,65,75,79,97,110,110,32201,0,40,44.81049765029025,14.305808999893088,144.6318399999882,511.0
1780243776,250,GET,REST/listar-playlists-usuario,411.400000,0.000000,38,52,56,57,61,65,72,78,94,120,120,32307,0,41,45.53167967477637,18.499323000014556,139.8716589999367,712.0
1780243776,250,GET,REST/listar-usuarios,411.300000,0.000000,36,42,54,56,60,64,74,78,96,120,120,32403,0,34,37.747472144431605,0.8576740000307836,170.27916200004256,21998.0
1780243776,250,,Aggregated,2055.600000,0.000000,37,50,55,57,61,65,74,78,96,120,120,161523,0,38,42.26355639855613,0.8576740000307836,170.27916200004256,14910.874513227218
1780243777,250,GET,REST/listar-musicas,411.800000,0.000000,37,50,55,57,61,66,74,78,96,120,120,32781,0,35,38.70490345160313,1.133122000055664,167.38460999999916,50889.0
1780243777,250,GET,REST/listar-musicas-playlist,411.500000,0.000000,38,52,56,57,61,66,74,77,96,100,100,32667,0,40,44.54905561453438,16.351575999919987,118.85780699992665,300.0
1780243777,250,GET,REST/listar-playlists-musica,410.400000,0.000000,37,50,55,56,60,66,75,79,97,110,110,32619,0,40,44.775586139856976,14.305808999893088,144.6318399999882,511.0
1780243777,250,GET,REST/listar-playlists-usuario,410.700000,0.000000,38,52,56,57,61,65,72,78,94,120,120,32724,0,41,45.490360516532206,18.499323000014556,139.8716589999367,712.0
1780243777,250,GET,REST/listar-usuarios,411.300000,0.000000,36,42,54,56,60,64,74,78,96,120,120,32831,0,34,37.78447027845695,0.8576740000307836,170.27916200004256,21998.0
1780243777,250,,Aggregated,2055.700000,0.000000,37,50,55,57,61,65,74,78,96,120,120,163622,0,38,42.25429823225482,0.8576740000307836,170.27916200004256,14913.49906491792
1780243778,250,GET,REST/listar-musicas,412.000000,0.000000,37,49,55,56,60,65,73,77,96,120,120,33202,0,35,38.73527719908434,1.133122000055664,167.38460999999916,50889.0
1780243778,250,GET,REST/listar-musicas-playlist,411.700000,0.000000,38,52,56,57,61,65,73,77,96,100,100,33100,0,40,44.518068291298896,16.351575999919987,118.85780699992665,300.0
1780243778,250,GET,REST/listar-playlists-musica,411.000000,0.000000,37,49,55,56,60,65,73,79,97,110,110,33061,0,40,44.75606403950253,14.305808999893088,144.6318399999882,511.0
1780243778,250,GET,REST/listar-playlists-usuario,411.200000,0.000000,38,52,56,57,60,64,70,78,94,120,120,33146,0,41,45.457083707898384,18.499323000014556,139.8716589999367,712.0
1780243778,250,GET,REST/listar-usuarios,410.400000,0.000000,36,41,54,56,60,64,72,78,96,120,120,33251,0,35,37.81369009259934,0.8576740000307836,170.27916200004256,21998.0
1780243778,250,,Aggregated,2056.300000,0.000000,37,50,55,57,60,64,73,78,96,120,120,165760,0,38,42.25012351029806,0.8576740000307836,170.27916200004256,14910.08807311776
1780243779,250,GET,REST/listar-musicas,411.200000,0.000000,37,49,55,57,60,65,75,79,100,110,110,33592,0,35,38.82644409264109,1.133122000055664,167.38460999999916,50889.0
1780243779,250,GET,REST/listar-musicas-playlist,410.000000,0.000000,38,52,56,57,61,65,74,78,110,110,110,33501,0,40,44.539661572728946,16.351575999919987,118.85780699992665,300.0
1780243779,250,GET,REST/listar-playlists-musica,411.700000,0.000000,37,50,55,57,61,66,74,80,110,110,110,33456,0,40,44.77793770148822,14.305808999893088,144.6318399999882,511.0
1780243779,250,GET,REST/listar-playlists-usuario,411.100000,0.000000,37,51,56,57,60,64,70,78,94,110,110,33555,0,41,45.43013343009982,18.499323000014556,139.8716589999367,712.0
1780243779,250,GET,REST/listar-usuarios,411.300000,0.000000,36,42,54,56,60,64,73,79,94,110,110,33635,0,35,37.89768707563606,0.8576740000307836,170.27916200004256,21998.0
1780243779,250,,Aggregated,2055.300000,0.000000,37,49,55,57,60,65,74,79,110,110,110,167739,0,38,42.289322269031075,0.8576740000307836,170.27916200004256,14906.512462814253
1780243780,250,GET,REST/listar-musicas,411.100000,0.000000,37,50,55,57,60,66,76,82,110,120,120,34041,0,35,38.87397237898412,1.133122000055664,167.38460999999916,50889.0
1780243780,250,GET,REST/listar-musicas-playlist,411.400000,0.000000,38,53,56,58,61,66,74,79,110,110,110,33941,0,40,44.53396006891351,16.351575999919987,118.85780699992665,300.0
1780243780,250,GET,REST/listar-playlists-musica,412.200000,0.000000,37,51,55,57,61,66,76,81,110,110,110,33876,0,40,44.75683834635107,14.305808999893088,144.6318399999882,511.0
1780243780,250,GET,REST/listar-playlists-usuario,410.900000,0.000000,37,52,56,57,60,64,72,78,94,110,110,33989,0,41,45.386294604313136,18.499323000014556,139.8716589999367,712.0
1780243780,250,GET,REST/listar-usuarios,410.900000,0.000000,36,43,54,56,60,65,75,80,110,120,120,34073,0,35,37.957029121357614,0.8576740000307836,170.27916200004256,21998.0
1780243780,250,,Aggregated,2056.500000,0.000000,37,50,55,57,61,65,75,80,110,120,120,169920,0,38,42.29615883257422,0.8576740000307836,170.27916200004256,14910.213082627119
1780243781,250,GET,REST/listar-musicas,411.700000,0.000000,37,50,55,56,61,66,75,82,110,120,120,34464,0,35,38.896428104746924,1.133122000055664,167.38460999999916,50889.0
1780243781,250,GET,REST/listar-musicas-playlist,412.500000,0.000000,38,53,56,57,61,66,75,79,110,110,110,34345,0,40,44.517423623700545,16.351575999919987,118.85780699992665,300.0
1780243781,250,GET,REST/listar-playlists-musica,412.100000,0.000000,38,51,55,57,61,66,75,81,110,110,110,34298,0,40,44.713462448189034,14.305808999893088,144.6318399999882,511.0
1780243781,250,GET,REST/listar-playlists-usuario,413.300000,0.000000,38,52,56,57,61,65,72,78,94,110,110,34406,0,41,45.35217812430974,18.499323000014556,139.8716589999367,712.0
1780243781,250,GET,REST/listar-usuarios,412.600000,0.000000,36,43,54,56,60,65,75,80,110,120,120,34509,0,35,37.97714641818139,0.8576740000307836,170.27916200004256,21998.0
1780243781,250,,Aggregated,2062.200000,0.000000,37,51,55,57,61,66,75,80,110,120,120,172022,0,38,42.28528986929588,0.8576740000307836,170.27916200004256,14912.594482101127
1780243782,250,GET,REST/listar-musicas,412.500000,0.000000,37,51,55,57,61,66,76,81,110,120,120,34863,0,35,38.951505961162276,1.133122000055664,167.38460999999916,50889.0
1780243782,250,GET,REST/listar-musicas-playlist,412.400000,0.000000,38,53,56,58,61,66,75,78,110,110,110,34764,0,40,44.51357514241735,16.351575999919987,118.85780699992665,300.0
1780243782,250,GET,REST/listar-playlists-musica,411.700000,0.000000,38,52,56,57,61,66,76,82,110,110,110,34725,0,40,44.72095926695416,14.305808999893088,144.6318399999882,511.0
1780243782,250,GET,REST/listar-playlists-usuario,412.000000,0.000000,37,52,56,57,60,64,72,79,94,110,110,34813,0,41,45.33091108781206,18.499323000014556,139.8716589999367,712.0
1780243782,250,GET,REST/listar-usuarios,410.500000,0.000000,36,44,54,56,60,64,74,80,110,120,120,34926,0,35,38.035930864628725,0.8576740000307836,170.27916200004256,21998.0
1780243782,250,,Aggregated,2059.100000,0.000000,37,51,55,57,61,65,75,80,110,120,120,174091,0,38,42.30499863978041,0.8576740000307836,170.27916200004256,14908.328896956189
1780243783,250,GET,REST/listar-musicas,413.500000,0.000000,37,51,55,57,61,66,76,82,110,120,120,35290,0,35,38.99305563026364,1.133122000055664,167.38460999999916,50889.0
1780243783,250,GET,REST/listar-musicas-playlist,411.300000,0.000000,38,53,56,57,61,66,75,80,110,110,110,35203,0,40,44.48475466042659,16.351575999919987,118.85780699992665,300.0
1780243783,250,GET,REST/listar-playlists-musica,412.300000,0.000000,38,52,56,57,61,66,76,84,110,110,110,35138,0,40,44.706198934173415,14.305808999893088,144.6318399999882,511.0
1780243783,250,GET,REST/listar-playlists-usuario,411.400000,0.000000,37,52,56,57,60,64,73,80,94,110,110,35251,0,41,45.30228471822075,18.499323000014556,139.8716589999367,712.0
1780243783,250,GET,REST/listar-usuarios,412.800000,0.000000,36,44,54,56,60,64,73,81,110,120,120,35332,0,35,38.074531964848426,0.8576740000307836,170.27916200004256,21998.0
1780243783,250,,Aggregated,2061.300000,0.000000,37,51,55,57,61,65,75,81,110,120,120,176214,0,38,42.30735566774486,0.8576740000307836,170.27916200004256,14906.427843417663
1780243784,250,GET,REST/listar-musicas,409.700000,0.000000,37,51,55,57,61,66,75,80,110,120,120,35695,0,35,39.043169703431914,1.133122000055664,167.38460999999916,50889.0
1780243784,250,GET,REST/listar-musicas-playlist,411.700000,0.000000,38,53,56,58,61,66,75,80,110,110,110,35582,0,40,44.484302539626725,16.351575999919987,118.85780699992665,300.0
1780243784,250,GET,REST/listar-playlists-musica,411.800000,0.000000,38,52,56,57,61,66,77,83,110,110,110,35535,0,40,44.702890041226524,14.305808999893088,144.6318399999882,511.0
1780243784,250,GET,REST/listar-playlists-usuario,410.300000,0.000000,37,51,56,57,61,64,73,79,94,110,110,35635,0,41,45.30326680653853,18.499323000014556,139.8716589999367,712.0
1780243784,250,GET,REST/listar-usuarios,411.400000,0.000000,37,45,54,56,60,65,73,79,110,120,120,35744,0,35,38.13002202092724,0.8576740000307836,170.27916200004256,21998.0
1780243784,250,,Aggregated,2054.900000,0.000000,37,51,55,57,61,65,75,80,110,120,120,178191,0,38,42.32708168712781,0.8576740000307836,170.27916200004256,14910.87918020551
1780243785,250,GET,REST/listar-musicas,411.600000,0.000000,37,51,55,57,61,67,76,83,110,120,120,36107,0,35,39.0792787685214,1.133122000055664,167.38460999999916,50889.0
1780243785,250,GET,REST/listar-musicas-playlist,411.700000,0.000000,38,53,56,57,61,66,76,82,110,110,110,36008,0,40,44.473159430487684,16.351575999919987,118.85780699992665,300.0
1780243785,250,GET,REST/listar-playlists-musica,410.800000,0.000000,38,52,56,57,61,67,78,84,110,120,120,35973,0,40,44.67337657117796,14.305808999893088,144.6318399999882,511.0
1780243785,250,GET,REST/listar-playlists-usuario,412.400000,0.000000,37,52,55,57,61,65,75,81,110,120,120,36052,0,41,45.26089375757238,18.499323000014556,139.8716589999367,712.0
1780243785,250,GET,REST/listar-usuarios,410.100000,0.000000,37,45,54,56,60,65,74,81,110,120,120,36159,0,35,38.154573004259575,0.8576740000307836,170.27916200004256,21998.0
1780243785,250,,Aggregated,2056.600000,0.000000,37,51,55,57,61,66,76,82,110,120,120,180299,0,38,42.32323732062851,0.8576740000307836,170.27916200004256,14907.062335342958
1780243786,250,GET,REST/listar-musicas,409.800000,0.000000,37,51,55,57,61,66,76,83,110,120,120,36530,0,35,39.106212232329696,1.133122000055664,167.38460999999916,50889.0
1780243786,250,GET,REST/listar-musicas-playlist,409.400000,0.000000,38,52,56,57,61,66,76,82,110,110,110,36439,0,40,44.43804805387088,16.351575999919987,118.85780699992665,300.0
1780243786,250,GET,REST/listar-playlists-musica,410.800000,0.000000,38,53,56,57,61,66,78,84,110,120,120,36384,0,40,44.64521472710492,14.305808999893088,144.6318399999882,511.0
1780243786,250,GET,REST/listar-playlists-usuario,409.900000,0.000000,37,51,55,57,61,65,75,81,110,120,120,36490,0,41,45.21323391962178,18.499323000014556,139.8716589999367,712.0
1780243786,250,GET,REST/listar-usuarios,411.200000,0.000000,36,44,54,56,60,64,74,81,110,120,120,36577,0,35,38.17349728922611,0.8576740000307836,170.27916200004256,21998.0
1780243786,250,,Aggregated,2051.100000,0.000000,37,51,55,57,61,65,76,83,110,120,120,182420,0,38,42.31061492483266,0.8576740000307836,170.27916200004256,14905.716588093412
1780243787,250,GET,REST/listar-musicas,409.600000,0.000000,37,52,55,57,61,66,75,83,110,120,120,36970,0,36,39.15052666954297,1.133122000055664,167.38460999999916,50889.0
1780243787,250,GET,REST/listar-musicas-playlist,410.900000,0.000000,38,52,56,57,61,66,76,81,110,110,110,36859,0,40,44.41700855337903,16.351575999919987,118.85780699992665,300.0
1780243787,250,GET,REST/listar-playlists-musica,409.300000,0.000000,38,53,56,57,61,66,78,83,110,120,120,36800,0,40,44.62912792559751,14.305808999893088,144.6318399999882,511.0
1780243787,250,GET,REST/listar-playlists-usuario,410.100000,0.000000,38,51,55,57,61,64,74,79,110,120,120,36913,0,41,45.17773787966288,18.499323000014556,139.8716589999367,712.0
1780243787,250,GET,REST/listar-usuarios,408.700000,0.000000,37,45,54,56,60,65,74,80,110,120,120,37007,0,35,38.20998011292523,0.8576740000307836,170.27916200004256,21998.0
1780243787,250,,Aggregated,2048.600000,0.000000,38,51,55,57,61,65,75,81,110,120,120,184549,0,38,42.311776109840544,0.8576740000307836,170.27916200004256,14909.811876520598
1780243788,250,GET,REST/listar-musicas,410.800000,0.000000,38,52,55,57,61,66,76,83,110,120,120,37382,0,36,39.19172736897447,1.133122000055664,167.38460999999916,50889.0
1780243788,250,GET,REST/listar-musicas-playlist,409.400000,0.000000,38,53,56,58,61,66,76,82,110,110,110,37274,0,40,44.40366626122758,16.351575999919987,118.85780699992665,300.0
1780243788,250,GET,REST/listar-playlists-musica,409.600000,0.000000,38,53,56,57,61,66,78,83,110,120,120,37234,0,40,44.61099195211334,14.305808999893088,144.6318399999882,511.0
1780243788,250,GET,REST/listar-playlists-usuario,410.800000,0.000000,38,52,55,57,61,65,75,81,110,120,120,37324,0,40,45.15418570442601,18.499323000014556,139.8716589999367,712.0
1780243788,250,GET,REST/listar-usuarios,410.600000,0.000000,37,47,54,56,60,65,75,81,110,120,120,37437,0,35,38.26907130720999,0.8576740000307836,170.27916200004256,21998.0
1780243788,250,,Aggregated,2051.200000,0.000000,38,52,55,57,61,66,76,82,110,120,120,186651,0,38,42.32084013925969,0.8576740000307836,170.27916200004256,14908.332588627974
1780243789,250,GET,REST/listar-musicas,411.300000,0.000000,38,52,55,57,61,66,76,82,110,120,120,37742,0,36,39.28967965876219,1.133122000055664,167.38460999999916,50889.0
1780243789,250,GET,REST/listar-musicas-playlist,411.200000,0.000000,38,53,56,57,61,66,75,81,110,120,120,37638,0,40,44.442178070141715,16.351575999919987,124.62111199999981,300.0
1780243789,250,GET,REST/listar-playlists-musica,411.300000,0.000000,38,52,56,57,61,66,76,82,110,120,120,37585,0,40,44.629495356258815,14.305808999893088,144.6318399999882,511.0
1780243789,250,GET,REST/listar-playlists-usuario,410.700000,0.000000,38,52,56,57,61,66,76,81,120,120,120,37693,0,41,45.202170304380076,18.499323000014556,139.8716589999367,712.0
1780243789,250,GET,REST/listar-usuarios,411.700000,0.000000,37,46,54,56,60,65,74,81,120,130,130,37784,0,35,38.34606271427118,0.8576740000307836,170.27916200004256,21998.0
1780243789,250,,Aggregated,2056.200000,0.000000,38,52,55,57,61,66,76,81,110,120,130,188442,0,38,42.37727475684279,0.8576740000307836,170.27916200004256,14907.291479606458
1780243790,250,GET,REST/listar-musicas,409.600000,0.000000,38,53,56,58,63,68,78,84,110,120,120,38119,0,36,39.383626704609355,1.133122000055664,167.38460999999916,50889.0
1780243790,250,GET,REST/listar-musicas-playlist,411.600000,0.000000,39,53,57,58,63,68,78,84,110,120,120,38012,0,40,44.491741306692525,16.351575999919987,124.62111199999981,300.0
1780243790,250,GET,REST/listar-playlists-musica,410.100000,0.000000,38,53,56,58,63,69,79,83,110,120,120,37972,0,40,44.66773652728292,14.305808999893088,144.6318399999882,511.0
1780243790,250,GET,REST/listar-playlists-usuario,410.900000,0.000000,39,53,56,58,62,68,77,82,120,120,120,38065,0,41,45.228438087114064,18.499323000014556,139.8716589999367,712.0
1780243790,250,GET,REST/listar-usuarios,410.300000,0.000000,37,49,55,57,62,66,76,84,120,130,130,38165,0,35,38.44493246380259,0.8576740000307836,170.27916200004256,21998.0
1780243790,250,,Aggregated,2052.500000,0.000000,38,52,56,58,62,68,78,83,110,120,130,190333,0,38,42.43866892017667,0.8576740000307836,170.27916200004256,14907.036788155496
1780243791,250,GET,REST/listar-musicas,412.500000,0.000000,38,52,56,58,62,67,77,84,110,120,120,38539,0,36,39.39501668431986,1.133122000055664,167.38460999999916,50889.0
1780243791,250,GET,REST/listar-musicas-playlist,410.900000,0.000000,38,53,56,58,62,67,79,85,110,120,120,38441,0,40,44.46434694211894,16.351575999919987,124.62111199999981,300.0
1780243791,250,GET,REST/listar-playlists-musica,410.500000,0.000000,38,53,56,58,63,68,79,83,110,120,120,38393,0,40,44.649515751516795,14.305808999893088,144.6318399999882,511.0
1780243791,250,GET,REST/listar-playlists-usuario,411.600000,0.000000,38,53,56,58,62,68,77,82,120,120,120,38497,0,40,45.19075240678486,18.499323000014556,139.8716589999367,712.0
1780243791,250,GET,REST/listar-usuarios,411.000000,0.000000,37,48,55,57,61,66,76,84,120,130,130,38593,0,35,38.4722314202842,0.8576740000307836,170.27916200004256,21998.0
1780243791,250,,Aggregated,2056.500000,0.000000,38,52,56,58,62,67,78,84,110,120,130,192463,0,38,42.42994544226147,0.8576740000307836,170.27916200004256,14905.415440889938
1780243792,250,GET,REST/listar-musicas,403.200000,0.000000,38,53,56,58,62,67,79,85,110,120,120,38961,0,36,39.437817228613284,1.133122000055664,167.38460999999916,50889.0
1780243792,250,GET,REST/listar-musicas-playlist,405.200000,0.000000,39,53,57,58,63,67,80,87,110,120,120,38853,0,40,44.4643475422745,16.351575999919987,124.62111199999981,300.0
1780243792,250,GET,REST/listar-playlists-musica,405.100000,0.000000,38,53,57,58,63,68,79,85,110,120,120,38802,0,40,44.65236645062065,14.305808999893088,144.6318399999882,511.0
1780243792,250,GET,REST/listar-playlists-usuario,403.600000,0.000000,39,53,56,58,62,67,77,83,120,120,120,38900,0,40,45.17810734537271,18.499323000014556,139.8716589999367,712.0
1780243792,250,GET,REST/listar-usuarios,404.800000,0.000000,37,49,55,57,62,66,76,85,120,130,130,39003,0,35,38.51289893897977,0.8576740000307836,170.27916200004256,21998.0
1780243792,250,,Aggregated,2021.900000,0.000000,38,52,56,58,62,67,78,85,110,120,130,194519,0,38,42.44448196923159,0.8576740000307836,170.27916200004256,14907.823117536076
1780243793,250,GET,REST/listar-musicas,399.500000,0.000000,38,53,56,58,62,67,78,85,110,120,120,39364,0,36,39.47111324880611,1.133122000055664,167.38460999999916,50889.0
1780243793,250,GET,REST/listar-musicas-playlist,401.400000,0.000000,39,53,57,58,62,67,78,84,110,120,120,39262,0,40,44.454376315164595,16.351575999919987,124.62111199999981,300.0
1780243793,250,GET,REST/listar-playlists-musica,400.200000,0.000000,38,53,57,58,63,67,77,83,110,120,120,39218,0,40,44.63422899418588,14.305808999893088,144.6318399999882,511.0
1780243793,250,GET,REST/listar-playlists-usuario,401.000000,0.000000,39,53,56,58,62,67,76,82,120,120,120,39316,0,40,45.160365844439916,18.499323000014556,139.8716589999367,712.0
1780243793,250,GET,REST/listar-usuarios,400.000000,0.000000,37,49,56,57,62,66,77,84,120,130,130,39412,0,35,38.553236391556574,0.8576740000307836,170.27916200004256,21998.0
1780243793,250,,Aggregated,2002.100000,0.000000,38,52,56,58,62,67,77,83,110,120,130,196572,0,38,42.4503943273201,0.8576740000307836,170.27916200004256,14905.438017622042
1780243794,250,GET,REST/listar-musicas,401.300000,0.000000,38,53,56,58,62,67,78,83,110,120,120,39764,0,36,39.518808991399304,1.133122000055664,167.38460999999916,50889.0
1780243794,250,GET,REST/listar-musicas-playlist,400.700000,0.000000,39,53,57,58,62,66,77,83,110,120,120,39663,0,40,44.45157541343299,16.351575999919987,124.62111199999981,300.0
1780243794,250,GET,REST/listar-playlists-musica,400.500000,0.000000,39,53,57,58,62,67,77,82,110,110,110,39615,0,40,44.63688425444858,14.305808999893088,144.6318399999882,511.0
1780243794,250,GET,REST/listar-playlists-usuario,401.000000,0.000000,39,53,56,58,62,66,76,81,110,120,120,39717,0,40,45.16020256200119,18.499323000014556,139.8716589999367,712.0
1780243794,250,GET,REST/listar-usuarios,400.800000,0.000000,38,50,56,57,62,66,76,82,120,130,130,39809,0,35,38.60518431744148,0.8576740000307836,170.27916200004256,21998.0
1780243794,250,,Aggregated,2004.300000,0.000000,38,53,56,58,62,66,77,82,110,120,130,198568,0,38,42.47039036372913,0.8576740000307836,170.27916200004256,14905.167232383868
1780243795,250,GET,REST/listar-musicas,399.700000,0.000000,38,53,56,58,62,68,79,84,110,120,120,40174,0,36,39.55167168838057,1.133122000055664,167.38460999999916,50889.0
1780243795,250,GET,REST/listar-musicas-playlist,399.800000,0.000000,39,54,57,58,62,67,79,84,110,120,120,40067,0,40,44.4501797928718,16.351575999919987,124.62111199999981,300.0
1780243795,250,GET,REST/listar-playlists-musica,401.200000,0.000000,39,53,57,59,63,68,78,83,110,110,110,40015,0,40,44.63180740489768,14.305808999893088,144.6318399999882,511.0
1780243795,250,GET,REST/listar-playlists-usuario,399.700000,0.000000,39,54,56,58,62,67,78,82,110,120,120,40119,0,40,45.14911208636806,18.499323000014556,139.8716589999367,712.0
1780243795,250,GET,REST/listar-usuarios,400.700000,0.000000,38,51,56,58,62,67,78,84,120,130,130,40220,0,35,38.65432386693264,0.8576740000307836,170.27916200004256,21998.0
1780243795,250,,Aggregated,2001.100000,0.000000,39,53,57,58,62,67,78,83,110,120,130,200595,0,38,42.48306348213035,0.8576740000307836,170.27916200004256,14906.686303247838
1780243796,250,GET,REST/listar-musicas,400.300000,0.000000,38,52,56,58,62,68,79,84,110,120,120,40590,0,36,39.56895706237988,1.133122000055664,167.38460999999916,50889.0
1780243796,250,GET,REST/listar-musicas-playlist,400.600000,0.000000,39,54,57,58,62,67,79,84,110,120,120,40492,0,40,44.429039464239665,16.351575999919987,124.62111199999981,300.0
1780243796,250,GET,REST/listar-playlists-musica,399.700000,0.000000,39,53,57,59,63,68,78,82,110,110,110,40444,0,40,44.60576859368458,14.305808999893088,144.6318399999882,511.0
1780243796,250,GET,REST/listar-playlists-usuario,400.300000,0.000000,39,54,57,58,63,68,78,82,110,120,120,40536,0,40,45.13806172794555,18.499323000014556,139.8716589999367,712.0
1780243796,250,GET,REST/listar-usuarios,399.800000,0.000000,38,51,56,58,62,67,78,84,120,130,130,40638,0,35,38.68209199800756,0.8576740000307836,170.27916200004256,21998.0
1780243796,250,,Aggregated,2000.700000,0.000000,39,53,57,58,62,68,78,83,110,120,130,202700,0,38,42.48070874676848,0.8576740000307836,170.27916200004256,14904.861124814997
1780243797,250,GET,REST/listar-musicas,398.100000,0.000000,38,52,56,58,63,69,79,84,110,120,120,41003,0,36,39.58800339445888,1.133122000055664,167.38460999999916,50889.0
1780243797,250,GET,REST/listar-musicas-playlist,397.300000,0.000000,39,54,57,59,63,68,80,87,110,120,120,40916,0,40,44.41952119909066,16.351575999919987,124.62111199999981,300.0
1780243797,250,GET,REST/listar-playlists-musica,398.600000,0.000000,39,54,57,59,63,68,79,83,110,110,110,40854,0,40,44.587692467909555,14.305808999893088,144.6318399999882,511.0
1780243797,250,GET,REST/listar-playlists-usuario,399.100000,0.000000,39,54,57,59,63,68,78,83,110,120,120,40961,0,40,45.130164859354025,18.499323000014556,139.8716589999367,712.0
1780243797,250,GET,REST/listar-usuarios,399.500000,0.000000,38,51,56,58,62,67,78,85,120,130,130,41058,0,35,38.71100648324396,0.8576740000307836,170.27916200004256,21998.0
1780243797,250,,Aggregated,1992.600000,0.000000,39,53,57,58,63,68,79,84,110,120,130,204792,0,38,42.48337243467505,0.8576740000307836,170.27916200004256,14903.467796593617
1780243798,250,GET,REST/listar-musicas,397.900000,0.000000,38,52,56,58,63,68,79,84,110,120,120,41448,0,36,39.60103731943636,1.133122000055664,167.38460999999916,50889.0
1780243798,250,GET,REST/listar-musicas-playlist,397.900000,0.000000,39,54,57,58,63,68,79,87,110,120,120,41346,0,40,44.386775270376624,16.351575999919987,124.62111199999981,300.0
1780243798,250,GET,REST/listar-playlists-musica,398.500000,0.000000,38,53,57,59,63,68,78,83,110,110,110,41289,0,40,44.55376862178724,14.305808999893088,144.6318399999882,511.0
1780243798,250,GET,REST/listar-playlists-usuario,397.900000,0.000000,39,54,57,59,63,68,78,83,110,120,120,41394,0,40,45.09525108568874,18.499323000014556,139.8716589999367,712.0
1780243798,250,GET,REST/listar-usuarios,398.300000,0.000000,38,50,56,58,62,67,78,85,120,130,130,41490,0,35,38.72210393186381,0.8576740000307836,170.27916200004256,21998.0
1780243798,250,,Aggregated,1990.500000,0.000000,38,53,57,58,63,68,78,84,110,120,130,206967,0,38,42.467798602404926,0.8576740000307836,170.27916200004256,14905.368000695764
1780243799,250,GET,REST/listar-musicas,396.700000,0.000000,37,50,55,57,61,65,76,82,94,100,100,41837,0,36,39.61970731230727,1.133122000055664,167.38460999999916,50889.0
1780243799,250,GET,REST/listar-musicas-playlist,397.700000,0.000000,38,53,56,58,62,65,77,82,92,110,110,41739,0,40,44.370636038237485,16.351575999919987,124.62111199999981,300.0
1780243799,250,GET,REST/listar-playlists-musica,396.800000,0.000000,38,52,57,58,62,65,76,81,91,110,110,41697,0,40,44.52736227090608,14.305808999893088,144.6318399999882,511.0
1780243799,250,GET,REST/listar-playlists-usuario,397.600000,0.000000,39,53,56,58,62,65,75,81,92,99,99,41788,0,40,45.08341716957024,18.499323000014556,139.8716589999367,712.0
1780243799,250,GET,REST/listar-usuarios,397.000000,0.000000,37,48,55,57,61,64,73,80,96,98,98,41896,0,35,38.75303098367461,0.8576740000307836,170.27916200004256,21998.0
1780243799,250,,Aggregated,1985.800000,0.000000,38,52,56,58,61,65,76,81,94,100,110,208957,0,38,42.466899504725795,0.8576740000307836,170.27916200004256,14903.799461133152
1780243801,250,GET,REST/listar-musicas,397.800000,0.000000,37,49,55,57,61,65,76,82,96,100,100,42258,0,36,39.65042841038383,1.133122000055664,167.38460999999916,50889.0
1780243801,250,GET,REST/listar-musicas-playlist,397.400000,0.000000,38,53,56,57,61,65,77,83,100,130,130,42165,0,40,44.37419047223986,16.351575999919987,126.88084800004162,300.0
1780243801,250,GET,REST/listar-playlists-musica,397.900000,0.000000,37,51,56,58,61,64,75,81,94,110,110,42107,0,40,44.49745556334982,14.305808999893088,144.6318399999882,511.0
1780243801,250,GET,REST/listar-playlists-usuario,397.300000,0.000000,39,53,56,58,61,65,77,81,120,130,130,42208,0,40,45.07069395505594,18.499323000014556,139.8716589999367,712.0
1780243801,250,GET,REST/listar-usuarios,397.900000,0.000000,37,46,55,57,61,64,76,81,98,120,120,42303,0,35,38.78413270418254,0.8576740000307836,170.27916200004256,21998.0
1780243801,250,,Aggregated,1988.300000,0.000000,38,51,56,57,61,65,77,82,99,130,130,211041,0,38,42.47169470706621,0.8576740000307836,170.27916200004256,14903.582853568738
1780243802,250,GET,REST/listar-musicas,403.600000,0.000000,37,50,55,57,61,65,76,82,96,100,100,42685,0,36,39.685212059575974,1.133122000055664,167.38460999999916,50889.0
1780243802,250,GET,REST/listar-musicas-playlist,402.400000,0.000000,38,53,56,57,61,64,77,82,100,130,130,42578,0,40,44.36536903325641,16.351575999919987,126.88084800004162,300.0
1780243802,250,GET,REST/listar-playlists-musica,403.800000,0.000000,38,51,56,58,61,64,75,80,94,110,110,42528,0,40,44.491030669534716,14.305808999893088,144.6318399999882,511.0
1780243802,250,GET,REST/listar-playlists-usuario,403.300000,0.000000,39,53,56,57,61,65,77,81,120,130,130,42631,0,40,45.047794192582906,18.499323000014556,139.8716589999367,712.0
1780243802,250,GET,REST/listar-usuarios,403.900000,0.000000,37,46,55,57,61,64,76,81,98,120,120,42725,0,35,38.81089126705756,0.8576740000307836,170.27916200004256,21998.0
1780243802,250,,Aggregated,2017.000000,0.000000,38,51,56,57,61,65,77,81,99,130,130,213147,0,38,42.47629267774806,0.8576740000307836,170.27916200004256,14904.830914814658
1780243803,250,GET,REST/listar-musicas,405.700000,0.000000,37,50,55,56,60,65,77,82,96,100,100,43106,0,36,39.69755339484064,1.133122000055664,167.38460999999916,50889.0
1780243803,250,GET,REST/listar-musicas-playlist,406.100000,0.000000,38,53,56,57,60,64,78,82,100,130,130,43006,0,40,44.34621313835257,16.351575999919987,126.88084800004162,300.0
1780243803,250,GET,REST/listar-playlists-musica,405.200000,0.000000,37,51,56,57,61,64,74,80,94,110,110,42952,0,39,44.461082778752406,14.305808999893088,144.6318399999882,511.0
1780243803,250,GET,REST/listar-playlists-usuario,406.100000,0.000000,38,53,56,57,61,65,77,82,120,130,130,43053,0,40,45.018396697791104,18.499323000014556,139.8716589999367,712.0
1780243803,250,GET,REST/listar-usuarios,405.500000,0.000000,37,45,54,56,60,63,75,81,98,120,120,43163,0,35,38.819667425550406,0.8576740000307836,170.27916200004256,21998.0
1780243803,250,,Aggregated,2028.600000,0.000000,37,51,55,57,60,64,76,81,99,130,130,215280,0,38,42.46469130666109,0.8576740000307836,170.27916200004256,14904.426402824229
1780243804,250,GET,REST/listar-musicas,407.600000,0.000000,37,50,55,56,60,63,74,80,91,95,95,43522,0,36,39.731849178989954,1.133122000055664,167.38460999999916,50889.0
1780243804,250,GET,REST/listar-musicas-playlist,405.800000,0.000000,38,53,56,57,60,64,77,81,100,130,130,43415,0,40,44.3461951811123,16.351575999919987,126.88084800004162,300.0
1780243804,250,GET,REST/listar-playlists-musica,405.300000,0.000000,37,50,55,57,60,63,72,79,90,94,94,43363,0,39,44.45224608449533,14.305808999893088,144.6318399999882,511.0
1780243804,250,GET,REST/listar-playlists-usuario,406.000000,0.000000,38,53,56,57,61,65,78,81,120,130,130,43462,0,40,45.01761912751365,18.499323000014556,139.8716589999367,712.0
1780243804,250,GET,REST/listar-usuarios,405.200000,0.000000,36,43,54,56,60,63,70,78,90,120,120,43564,0,35,38.83642635309048,0.8576740000307836,170.27916200004256,21998.0
1780243804,250,,Aggregated,2029.900000,0.000000,37,51,55,57,60,63,75,80,94,130,130,217326,0,38,42.47309659628371,0.8576740000307836,170.27916200004256,14904.980844445672
1780243805,250,GET,REST/listar-musicas,407.500000,0.000000,37,51,55,57,61,65,75,80,93,95,95,43908,0,36,39.780919634463,1.133122000055664,167.38460999999916,50889.0
1780243805,250,GET,REST/listar-musicas-playlist,407.000000,0.000000,38,53,56,57,61,64,78,81,100,130,130,43807,0,40,44.364986094710666,16.351575999919987,126.88084800004162,300.0
1780243805,250,GET,REST/listar-playlists-musica,407.300000,0.000000,38,51,56,57,61,65,74,80,100,110,110,43754,0,39,44.474160255975896,14.305808999893088,144.6318399999882,511.0
1780243805,250,GET,REST/listar-playlists-usuario,407.300000,0.000000,39,53,56,58,61,65,78,81,120,130,130,43853,0,40,45.03447347152985,18.499323000014556,139.8716589999367,712.0
1780243805,250,GET,REST/listar-usuarios,408.100000,0.000000,36,44,54,56,60,63,73,80,100,120,120,43957,0,35,38.88189576620412,0.8576740000307836,170.27916200004256,21998.0
1780243805,250,,Aggregated,2037.200000,0.000000,38,51,56,57,61,64,76,81,100,130,130,219279,0,38,42.503606046830726,0.8576740000307836,170.27916200004256,14903.95353864255
1780243806,250,GET,REST/listar-musicas,407.600000,0.000000,37,51,56,57,61,65,75,81,96,100,100,44325,0,36,39.820710556187294,1.133122000055664,167.38460999999916,50889.0
1780243806,250,GET,REST/listar-musicas-playlist,408.100000,0.000000,38,53,56,58,61,65,78,83,110,130,130,44226,0,40,44.372259438949655,16.351575999919987,129.92383999994672,300.0
1780243806,250,GET,REST/listar-playlists-musica,407.500000,0.000000,38,52,56,58,61,65,74,80,100,110,110,44178,0,39,44.474199780546186,14.305808999893088,144.6318399999882,511.0
1780243806,250,GET,REST/listar-playlists-usuario,408.200000,0.000000,38,53,56,58,61,66,78,81,120,130,130,44283,0,40,45.0248518130434,18.499323000014556,139.8716589999367,712.0
1780243806,250,GET,REST/listar-usuarios,406.900000,0.000000,36,44,54,56,60,63,74,80,100,120,120,44372,0,35,38.91949034632281,0.8576740000307836,170.27916200004256,21998.0
1780243806,250,,Aggregated,2038.300000,0.000000,38,51,56,57,61,65,76,81,100,130,130,221384,0,38,42.518939389201606,0.8576740000307836,170.27916200004256,14902.262290861128
1780243807,250,GET,REST/listar-musicas,408.300000,0.000000,37,52,56,57,61,66,77,81,96,100,100,44754,0,36,39.852372800375434,1.133122000055664,167.38460999999916,50889.0
1780243807,250,GET,REST/listar-musicas-playlist,408.100000,0.000000,38,53,56,57,61,65,78,82,110,130,130,44638,0,40,44.351502742214855,16.351575999919987,129.92383999994672,300.0
1780243807,250,GET,REST/listar-playlists-musica,407.900000,0.000000,38,52,56,57,61,65,74,80,100,110,110,44594,0,39,44.45759481934716,14.305808999893088,144.6318399999882,511.0
1780243807,250,GET,REST/listar-playlists-usuario,407.100000,0.000000,38,53,56,58,61,66,78,81,120,130,130,44699,0,40,44.99246644763865,18.499323000014556,139.8716589999367,712.0
1780243807,250,GET,REST/listar-usuarios,407.600000,0.000000,37,44,54,56,60,63,74,80,100,120,120,44804,0,35,38.94535193018558,0.8576740000307836,170.27916200004256,21998.0
1780243807,250,,Aggregated,2039.000000,0.000000,38,52,56,57,61,65,77,81,100,130,130,223489,0,38,42.51611157914708,0.8576740000307836,170.27916200004256,14904.936350334916
1780243808,250,GET,REST/listar-musicas,407.600000,0.000000,37,52,56,57,61,66,78,82,96,100,100,45168,0,36,39.86204690101407,1.133122000055664,167.38460999999916,50889.0
1780243808,250,GET,REST/listar-musicas-playlist,407.700000,0.000000,38,53,56,58,61,65,78,82,110,130,130,45073,0,40,44.32820710758076,16.351575999919987,129.92383999994672,300.0
1780243808,250,GET,REST/listar-playlists-musica,406.700000,0.000000,38,52,56,58,61,65,75,80,100,110,110,45037,0,39,44.41991630450441,14.305808999893088,144.6318399999882,511.0
1780243808,250,GET,REST/listar-playlists-usuario,406.800000,0.000000,38,53,56,57,61,66,78,81,120,130,130,45118,0,40,44.95499336083157,18.499323000014556,139.8716589999367,712.0
1780243808,250,GET,REST/listar-usuarios,407.100000,0.000000,37,45,54,56,60,63,74,80,100,120,120,45229,0,35,38.95482956974584,0.8576740000307836,170.27916200004256,21998.0
1780243808,250,,Aggregated,2035.900000,0.000000,38,52,56,57,61,65,77,81,100,130,130,225625,0,38,42.50061545065919,0.8576740000307836,170.27916200004256,14901.547776177285
1780243809,250,GET,REST/listar-musicas,409.100000,0.000000,37,52,56,57,61,65,77,81,96,100,100,45599,0,36,39.865076713348955,1.133122000055664,167.38460999999916,50889.0
1780243809,250,GET,REST/listar-musicas-playlist,408.600000,0.000000,38,53,56,57,61,65,78,82,110,130,130,45513,0,39,44.283945786698034,16.351575999919987,129.92383999994672,300.0
1780243809,250,GET,REST/listar-playlists-musica,409.600000,0.000000,37,51,56,57,61,65,75,80,100,110,110,45461,0,39,44.379739467344876,14.305808999893088,144.6318399999882,511.0
1780243809,250,GET,REST/listar-playlists-usuario,407.900000,0.000000,38,52,56,57,61,65,77,81,120,130,130,45557,0,40,44.91714523915097,18.499323000014556,139.8716589999367,712.0
1780243809,250,GET,REST/listar-usuarios,408.500000,0.000000,36,43,54,56,60,63,73,79,100,120,120,45645,0,35,38.95769851278418,0.8576740000307836,170.27916200004256,21998.0
1780243809,250,,Aggregated,2043.700000,0.000000,37,51,56,57,61,65,76,81,100,130,130,227775,0,38,42.477729021371964,0.8576740000307836,170.27916200004256,14900.262434419932
1780243810,250,GET,REST/listar-musicas,407.700000,0.000000,38,52,56,57,61,66,76,80,96,100,100,46023,0,36,39.915513395910736,1.133122000055664,167.38460999999916,50889.0
1780243810,250,GET,REST/listar-musicas-playlist,408.000000,0.000000,38,53,56,57,61,65,77,81,100,130,130,45906,0,39,44.28302653642197,16.351575999919987,129.92383999994672,300.0
1780243810,250,GET,REST/listar-playlists-musica,408.900000,0.000000,38,52,56,57,61,65,75,79,100,110,110,45858,0,39,44.37596326531823,14.305808999893088,144.6318399999882,511.0
1780243810,250,GET,REST/listar-playlists-usuario,408.100000,0.000000,38,53,56,57,61,66,77,80,100,110,110,45971,0,40,44.91847871410232,18.499323000014556,139.8716589999367,712.0
1780243810,250,GET,REST/listar-usuarios,407.300000,0.000000,37,45,54,56,60,64,73,79,97,110,110,46068,0,35,39.00723434637997,0.8576740000307836,170.27916200004256,21998.0
1780243810,250,,Aggregated,2040.000000,0.000000,38,52,56,57,61,65,76,80,100,110,130,229826,0,38,42.496557697810466,0.8576740000307836,170.27916200004256,14904.340244358777
1780243811,250,GET,REST/listar-musicas,408.600000,0.000000,37,52,56,57,62,68,78,82,110,140,140,46412,0,36,39.958373788933876,1.133122000055664,167.38460999999916,50889.0
1780243811,250,GET,REST/listar-musicas-playlist,407.900000,0.000000,38,52,56,57,61,67,79,84,110,130,130,46316,0,39,44.297722276750804,16.351575999919987,129.92383999994672,300.0
1780243811,250,GET,REST/listar-playlists-musica,407.200000,0.000000,38,52,56,58,62,66,76,80,110,140,140,46278,0,39,44.384044260879136,14.305808999893088,144.6318399999882,511.0
1780243811,250,GET,REST/listar-playlists-usuario,408.000000,0.000000,38,52,56,57,61,67,78,80,110,110,110,46362,0,40,44.90987782330349,18.499323000014556,139.8716589999367,712.0
1780243811,250,GET,REST/listar-usuarios,408.200000,0.000000,36,46,55,56,60,65,76,80,110,140,140,46476,0,35,39.043798630691754,0.8576740000307836,170.27916200004256,21998.0
1780243811,250,,Aggregated,2039.900000,0.000000,37,51,56,57,61,67,77,81,110,140,140,231844,0,38,42.51547372531102,0.8576740000307836,170.27916200004256,14901.364357067683
1780243812,250,GET,REST/listar-musicas,408.900000,0.000000,37,52,56,58,62,68,78,82,110,140,140,46841,0,36,39.96736846890542,1.133122000055664,167.38460999999916,50889.0
1780243812,250,GET,REST/listar-musicas-playlist,408.900000,0.000000,38,52,56,57,61,67,78,84,110,130,130,46760,0,39,44.26811823272009,16.351575999919987,129.92383999994672,300.0
1780243812,250,GET,REST/listar-playlists-musica,409.600000,0.000000,38,52,56,57,62,67,77,81,110,140,140,46706,0,39,44.350258121932164,14.305808999893088,144.6318399999882,511.0
1780243812,250,GET,REST/listar-playlists-usuario,408.100000,0.000000,38,52,56,57,61,67,78,80,110,110,110,46804,0,40,44.86883141695151,18.499323000014556,139.8716589999367,712.0
1780243812,250,GET,REST/listar-usuarios,408.300000,0.000000,36,46,55,56,61,65,77,80,110,140,140,46892,0,35,39.0494233166858,0.8576740000307836,170.27916200004256,21998.0
1780243812,250,,Aggregated,2043.800000,0.000000,37,51,56,57,61,67,78,81,110,140,140,234003,0,38,42.497994532813756,0.8576740000307836,170.27916200004256,14899.129835942274
