Timestamp,User Count,Type,Name,Requests/s,Failures/s,50%,66%,75%,80%,90%,95%,98%,99%,99.9%,99.99%,100%,Total Request Count,Total Failure Count,Total Median Response Time,Total Average Response Time,Total Min Response Time,Total Max Response Time,Total Average Content Size
1780246113,0,,Aggregated,0.000000,0.000000,N/A,N/A,N/A,N/A,N/A,N/A,N/A,N/A,N/A,N/A,N/A,0,0,0,0.0,0,0,0
1780246114,10,gRPC,gRPC/listar-musicas,0.000000,0.000000,0,0,0,0,0,0,0,0,0,0,0,573,0,3,3.512086102977102,1.3752759996350505,13.319268000032025,24374.0
1780246114,10,gRPC,gRPC/listar-musicas-playlist,0.000000,0.000000,0,0,0,0,0,0,0,0,0,0,0,571,0,3,2.815744684755648,0.971127999946475,9.54736999983652,140.0
1780246114,10,gRPC,gRPC/listar-playlists-musica,0.000000,0.000000,0,0,0,0,0,0,0,0,0,0,0,568,0,3,2.8769676531774615,1.0736840004028636,8.963116999893828,268.0
1780246114,10,gRPC,gRPC/listar-playlists-usuario,0.000000,0.000000,0,0,0,0,0,0,0,0,0,0,0,571,0,2,2.6941258336260696,1.060616999893682,8.74848600005862,388.0
1780246114,10,gRPC,gRPC/listar-usuarios,0.000000,0.000000,0,0,0,0,0,0,0,0,0,0,0,576,0,3,3.246735781240141,1.1436270001468074,15.950761000112834,15097.0
1780246114,10,,Aggregated,0.000000,0.000000,0,0,0,0,0,0,0,0,0,0,0,2859,0,3,3.0300100874434976,0.971127999946475,15.950761000112834,8085.304651976216
1780246116,20,gRPC,gRPC/listar-musicas,0.000000,0.000000,5,6,7,7,8,9,11,12,14,14,14,1334,0,4,4.6260413935596985,1.3752759996350505,13.665682999999262,24374.0
1780246116,20,gRPC,gRPC/listar-musicas-playlist,0.000000,0.000000,4,5,5,5,6,7,8,9,13,13,13,1332,0,3,3.6267271186149515,0.971127999946475,13.48234399983994,140.0
1780246116,20,gRPC,gRPC/listar-playlists-musica,0.000000,0.000000,4,4,5,5,7,7,8,11,13,13,13,1325,0,3,3.6159574181191654,1.0736840004028636,13.49487700008467,268.0
1780246116,20,gRPC,gRPC/listar-playlists-usuario,0.000000,0.000000,4,5,5,6,7,7,9,9,14,14,14,1334,0,3,3.721671138674773,1.060616999893682,13.581726000211347,388.0
1780246116,20,gRPC,gRPC/listar-usuarios,0.000000,0.000000,5,6,6,6,7,8,9,11,14,14,14,1337,0,4,4.223108500378819,1.1436270001468074,15.950761000112834,15097.0
1780246116,20,,Aggregated,0.000000,0.000000,3,4,5,5,7,7,9,11,14,16,16,6662,0,3,3.9633876739733225,0.971127999946475,15.950761000112834,8069.465175622936
1780246117,30,gRPC,gRPC/listar-musicas,286.500000,0.000000,7,8,9,9,10,11,12,12,14,14,14,2215,0,6,6.023102167948707,1.3752759996350505,13.88536100012061,24374.0
1780246117,30,gRPC,gRPC/listar-musicas-playlist,285.500000,0.000000,4,5,5,5,6,8,9,10,13,13,13,2204,0,4,4.136969985931679,0.971127999946475,13.48234399983994,140.0
1780246117,30,gRPC,gRPC/listar-playlists-musica,284.000000,0.000000,4,5,5,5,7,8,10,10,13,13,13,2204,0,4,4.161007376137893,1.0736840004028636,13.49487700008467,268.0
1780246117,30,gRPC,gRPC/listar-playlists-usuario,285.500000,0.000000,5,6,7,7,9,10,11,11,14,14,14,2206,0,4,4.796273383944383,1.060616999893682,13.581726000211347,388.0
1780246117,30,gRPC,gRPC/listar-usuarios,288.000000,0.000000,6,7,8,8,9,10,11,12,14,14,14,2231,0,5,5.3495030851673055,1.1436270001468074,15.950761000112834,15097.0
1780246117,30,,Aggregated,1429.500000,0.000000,4,5,6,7,8,10,11,12,14,15,16,11060,0,4,4.895590766365042,0.971127999946475,15.950761000112834,8085.44095840868
1780246118,40,gRPC,gRPC/listar-musicas,444.666667,0.000000,7,8,9,10,11,12,13,13,21,23,23,3220,0,7,6.791550100621427,1.3752759996350505,23.195819000193296,24374.0
1780246118,40,gRPC,gRPC/listar-musicas-playlist,442.333333,0.000000,5,6,6,6,7,8,11,12,19,21,21,3204,0,5,4.90725775218278,0.971127999946475,21.472113000072568,140.0
1780246118,40,gRPC,gRPC/listar-playlists-musica,440.666667,0.000000,5,6,6,7,8,10,11,12,14,18,18,3201,0,5,5.012635638241804,1.0736840004028636,18.001287000060984,268.0
1780246118,40,gRPC,gRPC/listar-playlists-usuario,444.666667,0.000000,6,7,7,8,10,11,12,14,22,23,23,3207,0,6,5.704113741185457,1.060616999893682,23.258780000105617,388.0
1780246118,40,gRPC,gRPC/listar-usuarios,445.000000,0.000000,6,7,8,9,10,11,12,13,21,23,23,3231,0,6,6.021902230272936,1.1436270001468074,22.910494000370818,15097.0
1780246118,40,,Aggregated,2217.333333,0.000000,6,6,7,7,9,11,12,13,18,23,23,16063,0,6,5.689282868330966,0.971127999946475,23.258780000105617,8081.518458569383
1780246119,50,gRPC,gRPC/listar-musicas,551.750000,0.000000,8,9,10,10,12,13,14,15,23,23,23,4204,0,8,7.498027417220248,1.3752759996350505,23.278619999928196,24374.0
1780246119,50,gRPC,gRPC/listar-musicas-playlist,551.000000,0.000000,6,7,8,8,10,11,13,14,20,21,21,4183,0,6,5.91401907769335,0.971127999946475,21.472113000072568,140.0
1780246119,50,gRPC,gRPC/listar-playlists-musica,550.500000,0.000000,6,7,8,9,10,12,13,14,17,23,23,4170,0,6,6.029547897123652,1.0736840004028636,23.008467000181554,268.0
1780246119,50,gRPC,gRPC/listar-playlists-usuario,551.250000,0.000000,7,8,9,9,11,13,14,15,23,23,23,4195,0,6,6.685407581880359,1.060616999893682,23.281051000139996,388.0
1780246119,50,gRPC,gRPC/listar-usuarios,554.250000,0.000000,7,8,9,10,11,13,14,15,22,23,23,4208,0,7,6.9190006867909055,1.1436270001468074,23.118203000194626,15097.0
1780246119,50,,Aggregated,2759.000000,0.000000,6,8,8,9,11,12,14,14,22,23,23,20960,0,6,6.610863716173439,0.971127999946475,23.281051000139996,8078.593129770992
1780246120,50,gRPC,gRPC/listar-musicas,641.400000,0.000000,8,9,10,11,12,13,14,15,23,24,24,5204,0,8,7.924852912949691,1.3752759996350505,23.999419000119815,24374.0
1780246120,50,gRPC,gRPC/listar-musicas-playlist,640.200000,0.000000,7,8,8,9,10,12,13,14,23,24,24,5185,0,6,6.502584071935141,0.971127999946475,23.50675500019861,140.0
1780246120,50,gRPC,gRPC/listar-playlists-musica,638.200000,0.000000,7,8,9,9,11,12,13,14,18,23,23,5175,0,6,6.622452067439679,1.0736840004028636,23.16991699990467,268.0
1780246120,50,gRPC,gRPC/listar-playlists-usuario,640.800000,0.000000,8,9,9,10,12,13,14,15,23,24,24,5203,0,7,7.277837941186066,1.060616999893682,23.959658999956446,388.0
1780246120,50,gRPC,gRPC/listar-usuarios,643.600000,0.000000,8,9,9,10,12,13,14,15,23,24,24,5208,0,7,7.458078370778919,1.1436270001468074,24.008196000067983,15097.0
1780246120,50,,Aggregated,3204.200000,0.000000,7,8,9,9,11,12,14,15,23,24,24,25975,0,7,7.158278551837599,0.971127999946475,24.008196000067983,8069.260288739172
1780246121,50,gRPC,gRPC/listar-musicas,697.166667,0.000000,8,9,10,11,12,13,15,17,23,24,24,6230,0,8,8.179295631780475,1.3752759996350505,23.999419000119815,24374.0
1780246121,50,gRPC,gRPC/listar-musicas-playlist,693.000000,0.000000,8,8,9,9,10,12,13,15,23,24,24,6206,0,7,6.91246288140208,0.971127999946475,23.50675500019861,140.0
1780246121,50,gRPC,gRPC/listar-playlists-musica,692.333333,0.000000,8,8,9,9,11,12,14,15,21,23,23,6204,0,7,6.998202745163122,1.0736840004028636,23.16991699990467,268.0
1780246121,50,gRPC,gRPC/listar-playlists-usuario,695.000000,0.000000,8,9,10,10,12,13,14,16,23,24,24,6213,0,8,7.619125125219953,1.060616999893682,23.959658999956446,388.0
1780246121,50,gRPC,gRPC/listar-usuarios,699.166667,0.000000,8,9,10,10,12,13,14,15,23,24,24,6239,0,8,7.799012911847297,1.1436270001468074,24.008196000067983,15097.0
1780246121,50,,Aggregated,3476.666667,0.000000,8,9,9,10,11,12,14,15,23,24,24,31092,0,8,7.502517439179572,0.971127999946475,24.008196000067983,8072.248777820661
1780246122,50,gRPC,gRPC/listar-musicas,740.000000,0.000000,8,9,10,10,12,13,15,18,23,24,24,7303,0,8,8.313642200053557,1.3752759996350505,23.999419000119815,24374.0
1780246122,50,gRPC,gRPC/listar-musicas-playlist,736.428571,0.000000,8,8,9,9,10,12,13,14,23,24,24,7277,0,8,7.15211280142638,0.971127999946475,23.50675500019861,140.0
1780246122,50,gRPC,gRPC/listar-playlists-musica,736.285714,0.000000,8,8,9,9,11,12,14,15,20,23,23,7264,0,8,7.22114760063279,1.0736840004028636,23.16991699990467,268.0
1780246122,50,gRPC,gRPC/listar-playlists-usuario,737.428571,0.000000,8,9,10,10,12,13,14,15,23,24,24,7287,0,8,7.822700257855653,1.060616999893682,23.959658999956446,388.0
1780246122,50,gRPC,gRPC/listar-usuarios,741.428571,0.000000,8,9,10,10,12,13,14,15,23,24,24,7306,0,8,7.983674422395009,1.1436270001468074,24.008196000067983,15097.0
1780246122,50,,Aggregated,3691.571429,0.000000,8,9,9,10,11,12,14,15,23,24,24,36437,0,8,7.699525540603717,0.971127999946475,24.008196000067983,8071.325630540385
1780246123,50,gRPC,gRPC/listar-musicas,775.375000,0.000000,9,9,10,10,12,13,14,17,25,26,26,8355,0,8,8.4187011393162,1.3752759996350505,26.010087999566167,24374.0
1780246123,50,gRPC,gRPC/listar-musicas-playlist,772.250000,0.000000,8,8,9,9,10,12,13,14,23,26,26,8333,0,8,7.346513372852447,0.971127999946475,25.96471000015299,140.0
1780246123,50,gRPC,gRPC/listar-playlists-musica,769.875000,0.000000,8,8,9,9,10,12,13,15,21,26,26,8318,0,8,7.396944051935431,1.0736840004028636,25.97571299975243,268.0
1780246123,50,gRPC,gRPC/listar-playlists-usuario,773.125000,0.000000,8,9,10,10,12,13,14,15,25,26,26,8346,0,8,8.00841028073293,1.060616999893682,26.019985000402812,388.0
1780246123,50,gRPC,gRPC/listar-usuarios,775.750000,0.000000,8,9,10,10,12,13,14,16,25,26,26,8358,0,8,8.12973468976138,1.1436270001468074,26.026688999991165,15097.0
1780246123,50,,Aggregated,3866.375000,0.000000,8,9,9,10,11,12,14,15,24,26,26,41710,0,8,7.8607297846796165,0.971127999946475,26.026688999991165,8066.640805562215
1780246124,50,gRPC,gRPC/listar-musicas,806.444444,0.000000,9,9,10,11,12,13,15,18,24,26,26,9340,0,8,8.579054749142438,1.3752759996350505,26.010087999566167,24374.0
1780246124,50,gRPC,gRPC/listar-musicas-playlist,805.111111,0.000000,8,8,9,9,10,12,14,15,23,26,26,9315,0,8,7.557676429090931,0.971127999946475,25.96471000015299,140.0
1780246124,50,gRPC,gRPC/listar-playlists-musica,803.666667,0.000000,8,8,9,9,11,12,14,16,21,26,26,9307,0,8,7.601926809497652,1.0736840004028636,25.97571299975243,268.0
1780246124,50,gRPC,gRPC/listar-playlists-usuario,806.222222,0.000000,8,9,10,10,12,13,14,16,25,26,26,9328,0,8,8.193430543631125,1.060616999893682,26.019985000402812,388.0
1780246124,50,gRPC,gRPC/listar-usuarios,807.666667,0.000000,8,9,10,11,12,13,15,17,25,26,26,9354,0,8,8.304141096540091,1.1436270001468074,26.026688999991165,15097.0
1780246124,50,,Aggregated,4029.111111,0.000000,8,9,9,10,12,13,14,16,24,26,26,46644,0,8,8.047862877068688,0.971127999946475,26.026688999991165,8067.2356144413
1780246125,50,gRPC,gRPC/listar-musicas,830.700000,0.000000,9,10,10,11,12,13,15,18,24,26,26,10337,0,9,8.715826089290323,1.3752759996350505,26.010087999566167,24374.0
1780246125,50,gRPC,gRPC/listar-musicas-playlist,829.400000,0.000000,8,9,9,9,11,12,14,16,23,26,26,10310,0,8,7.710954036952794,0.971127999946475,25.96471000015299,140.0
1780246125,50,gRPC,gRPC/listar-playlists-musica,828.000000,0.000000,8,9,9,9,11,12,14,17,21,26,26,10306,0,8,7.743419048708375,1.0736840004028636,25.97571299975243,268.0
1780246125,50,gRPC,gRPC/listar-playlists-usuario,830.500000,0.000000,9,9,10,11,12,13,14,16,25,26,26,10325,0,8,8.336064580724877,1.060616999893682,26.019985000402812,388.0
1780246125,50,gRPC,gRPC/listar-usuarios,831.700000,0.000000,8,9,10,11,12,13,15,18,25,26,26,10353,0,8,8.431251295086755,1.1436270001468074,26.026688999991165,15097.0
1780246125,50,,Aggregated,4150.300000,0.000000,8,9,10,10,12,13,14,17,24,26,26,51631,0,8,8.188059858921594,0.971127999946475,26.026688999991165,8066.177044798667
1780246126,50,gRPC,gRPC/listar-musicas,928.300000,0.000000,9,10,10,11,12,13,16,19,24,26,26,11367,0,9,8.799573117532768,1.3752759996350505,26.010087999566167,24374.0
1780246126,50,gRPC,gRPC/listar-musicas-playlist,925.800000,0.000000,8,9,9,10,11,12,14,16,23,26,26,11355,0,8,7.80523052179511,0.971127999946475,25.96471000015299,140.0
1780246126,50,gRPC,gRPC/listar-playlists-musica,925.600000,0.000000,8,9,9,10,11,12,15,18,23,26,26,11349,0,8,7.832592567450521,1.0736840004028636,25.97571299975243,268.0
1780246126,50,gRPC,gRPC/listar-playlists-usuario,927.300000,0.000000,9,10,10,11,12,13,15,17,25,26,26,11358,0,8,8.430451452367532,1.060616999893682,26.019985000402812,388.0
1780246126,50,gRPC,gRPC/listar-usuarios,930.000000,0.000000,9,9,10,11,12,13,15,18,25,26,26,11380,0,8,8.509184615644138,1.1436270001468074,26.026688999991165,15097.0
1780246126,50,,Aggregated,4637.000000,0.000000,8,9,10,10,12,13,15,18,24,26,26,56809,0,8,8.275675012269042,0.971127999946475,26.026688999991165,8060.364625323452
1780246127,50,gRPC,gRPC/listar-musicas,970.200000,0.000000,9,10,10,11,12,13,15,19,24,26,26,12434,0,9,8.835851283737913,1.3752759996350505,26.010087999566167,24374.0
1780246127,50,gRPC,gRPC/listar-musicas-playlist,968.500000,0.000000,8,9,9,10,11,12,14,16,23,26,26,12408,0,8,7.856705666826702,0.971127999946475,25.96471000015299,140.0
1780246127,50,gRPC,gRPC/listar-playlists-musica,968.500000,0.000000,8,9,9,10,11,13,14,18,23,26,26,12406,0,8,7.888363264790881,1.0736840004028636,25.97571299975243,268.0
1780246127,50,gRPC,gRPC/listar-playlists-usuario,968.900000,0.000000,9,10,10,11,12,13,14,16,25,26,26,12420,0,8,8.47979393864647,1.060616999893682,26.019985000402812,388.0
1780246127,50,gRPC,gRPC/listar-usuarios,971.300000,0.000000,9,10,10,11,12,13,15,18,25,26,26,12450,0,8,8.552095468517043,1.1436270001468074,26.026688999991165,15097.0
1780246127,50,,Aggregated,4847.400000,0.000000,9,9,10,10,12,13,15,17,24,26,26,62118,0,8,8.32297631507778,0.971127999946475,26.026688999991165,8063.763385814096
1780246128,50,gRPC,gRPC/listar-musicas,996.900000,0.000000,9,10,10,11,12,13,16,19,26,27,27,13503,0,9,8.889037862400961,1.3752759996350505,27.266210000107094,24374.0
1780246128,50,gRPC,gRPC/listar-musicas-playlist,995.100000,0.000000,8,9,9,10,11,12,14,16,25,27,27,13476,0,8,7.918972603442584,0.971127999946475,26.75220699984493,140.0
1780246128,50,gRPC,gRPC/listar-playlists-musica,994.000000,0.000000,8,9,9,9,11,12,14,18,23,26,26,13464,0,8,7.931995077391498,1.0736840004028636,26.0257489999276,268.0
1780246128,50,gRPC,gRPC/listar-playlists-usuario,995.800000,0.000000,9,10,10,11,12,13,14,16,25,26,26,13495,0,8,8.549355057279787,1.060616999893682,26.019985000402812,388.0
1780246128,50,gRPC,gRPC/listar-usuarios,997.200000,0.000000,9,10,10,11,12,13,15,18,25,26,26,13507,0,8,8.5978763755115,1.1436270001468074,26.026688999991165,15097.0
1780246128,50,,Aggregated,4979.000000,0.000000,8,9,10,10,12,13,14,18,25,26,27,67445,0,8,8.377881199258843,0.971127999946475,27.266210000107094,8062.396812217362
1780246129,50,gRPC,gRPC/listar-musicas,1015.700000,0.000000,9,10,10,11,12,13,16,19,26,27,27,14487,0,9,8.965947649824033,1.3752759996350505,27.266210000107094,24374.0
1780246129,50,gRPC,gRPC/listar-musicas-playlist,1014.800000,0.000000,8,9,9,10,11,12,14,18,26,27,27,14459,0,8,8.039230633237585,0.971127999946475,26.80512799997814,140.0
1780246129,50,gRPC,gRPC/listar-playlists-musica,1014.100000,0.000000,8,9,9,9,11,12,14,18,26,26,26,14456,0,8,8.018969587853363,1.0736840004028636,26.262542000040412,268.0
1780246129,50,gRPC,gRPC/listar-playlists-usuario,1015.200000,0.000000,9,10,10,11,12,13,14,17,26,26,26,14474,0,8,8.642109631338338,1.060616999893682,26.019985000402812,388.0
1780246129,50,gRPC,gRPC/listar-usuarios,1015.900000,0.000000,9,10,10,11,12,13,15,18,26,27,27,14502,0,8,8.680923596402788,1.1436270001468074,26.773714999762888,15097.0
1780246129,50,,Aggregated,5075.600000,0.000000,8,9,10,10,12,13,15,18,26,27,27,72378,0,8,8.46980840158628,0.971127999946475,27.266210000107094,8062.6324573765505
1780246130,50,gRPC,gRPC/listar-musicas,1020.100000,0.000000,9,10,10,11,12,13,15,18,26,27,27,15506,0,9,9.006855319812502,1.3752759996350505,27.266210000107094,24374.0
1780246130,50,gRPC,gRPC/listar-musicas-playlist,1020.100000,0.000000,8,9,9,10,11,12,14,17,26,27,27,15488,0,8,8.104901433689182,0.971127999946475,26.80512799997814,140.0
1780246130,50,gRPC,gRPC/listar-playlists-musica,1020.000000,0.000000,8,9,9,10,11,12,14,18,26,26,26,15474,0,8,8.076406314851457,1.0736840004028636,26.262542000040412,268.0
1780246130,50,gRPC,gRPC/listar-playlists-usuario,1020.300000,0.000000,9,10,10,11,12,13,15,17,26,26,26,15502,0,8,8.694805181653635,1.060616999893682,26.019985000402812,388.0
1780246130,50,gRPC,gRPC/listar-usuarios,1020.700000,0.000000,9,10,10,11,12,13,15,18,26,27,27,15509,0,8,8.728164044363199,1.1436270001468074,26.773714999762888,15097.0
1780246130,50,,Aggregated,5101.200000,0.000000,8,9,10,10,12,13,15,18,26,27,27,77479,0,8,8.52250660695185,0.971127999946475,27.266210000107094,8059.122407361995
1780246131,50,gRPC,gRPC/listar-musicas,1019.500000,0.000000,9,10,11,11,12,13,15,19,26,27,27,16517,0,9,9.046889955682808,1.3752759996350505,27.266210000107094,24374.0
1780246131,50,gRPC,gRPC/listar-musicas-playlist,1019.900000,0.000000,8,9,9,10,11,12,14,17,26,27,27,16504,0,8,8.159091656202829,0.971127999946475,26.80512799997814,140.0
1780246131,50,gRPC,gRPC/listar-playlists-musica,1020.000000,0.000000,8,9,9,10,11,12,14,16,26,26,26,16496,0,8,8.123041750000892,1.0736840004028636,26.283395000064047,268.0
1780246131,50,gRPC,gRPC/listar-playlists-usuario,1019.500000,0.000000,9,10,10,11,12,13,15,18,26,26,26,16507,0,8,8.753191624340982,1.060616999893682,26.0674440000912,388.0
1780246131,50,gRPC,gRPC/listar-usuarios,1020.100000,0.000000,9,10,10,11,12,13,15,18,26,27,27,16529,0,8,8.774356064010666,1.1436270001468074,26.773714999762888,15097.0
1780246131,50,,Aggregated,5099.000000,0.000000,9,9,10,11,12,13,15,18,26,27,27,82553,0,8,8.571500639892225,0.971127999946475,27.266210000107094,8058.579034075079
1780246132,50,gRPC,gRPC/listar-musicas,1021.800000,0.000000,9,10,11,11,12,13,15,20,28,30,30,17587,0,9,9.057829282993255,1.3752759996350505,29.78672400013238,24374.0
1780246132,50,gRPC,gRPC/listar-musicas-playlist,1021.600000,0.000000,8,9,9,10,11,12,14,18,26,29,29,17558,0,8,8.183471399588255,0.971127999946475,29.489986000044155,140.0
1780246132,50,gRPC,gRPC/listar-playlists-musica,1020.400000,0.000000,8,9,9,10,11,12,14,16,26,27,27,17555,0,8,8.14134928578777,1.0736840004028636,27.336365999872214,268.0
1780246132,50,gRPC,gRPC/listar-playlists-usuario,1022.300000,0.000000,9,10,10,11,12,13,15,18,27,30,30,17574,0,8,8.778204321668168,1.060616999893682,29.837422000127845,388.0
1780246132,50,gRPC,gRPC/listar-usuarios,1021.500000,0.000000,9,10,10,11,12,13,15,18,26,30,30,17602,0,8,8.792492221113044,1.1436270001468074,29.5564610000838,15097.0
1780246132,50,,Aggregated,5107.600000,0.000000,8,9,10,11,12,13,15,18,27,30,30,87876,0,8,8.590974008500602,0.971127999946475,29.837422000127845,8061.182848559333
1780246133,50,gRPC,gRPC/listar-musicas,1020.100000,0.000000,9,10,10,11,12,13,15,19,28,30,30,18655,0,9,9.068227621013426,1.3752759996350505,29.78672400013238,24374.0
1780246133,50,gRPC,gRPC/listar-musicas-playlist,1020.100000,0.000000,8,9,9,10,11,12,14,17,26,29,29,18630,0,8,8.2123039720328,0.971127999946475,29.489986000044155,140.0
1780246133,50,gRPC,gRPC/listar-playlists-musica,1020.700000,0.000000,8,9,9,9,11,12,13,14,26,27,27,18620,0,8,8.160517544737667,1.0736840004028636,27.336365999872214,268.0
1780246133,50,gRPC,gRPC/listar-playlists-usuario,1021.100000,0.000000,9,10,10,11,12,13,15,17,27,30,30,18646,0,8,8.798810773141001,1.060616999893682,29.837422000127845,388.0
1780246133,50,gRPC,gRPC/listar-usuarios,1020.100000,0.000000,9,10,10,11,12,13,14,17,26,30,30,18657,0,8,8.807598894893625,1.1436270001468074,29.5564610000838,15097.0
1780246133,50,,Aggregated,5102.100000,0.000000,8,9,10,10,12,12,14,17,27,30,30,93208,0,8,8.609752856085324,0.971127999946475,29.837422000127845,8059.337256458673
1780246134,50,gRPC,gRPC/listar-musicas,1020.000000,0.000000,9,10,10,11,12,13,15,18,28,30,30,19657,0,9,9.08999445698725,1.3752759996350505,29.78672400013238,24374.0
1780246134,50,gRPC,gRPC/listar-musicas-playlist,1020.300000,0.000000,8,9,9,10,11,12,15,18,26,29,29,19645,0,8,8.271276397249702,0.971127999946475,29.489986000044155,140.0
1780246134,50,gRPC,gRPC/listar-playlists-musica,1020.200000,0.000000,8,9,9,9,11,12,13,15,26,27,27,19628,0,8,8.210576960872768,1.0736840004028636,27.336365999872214,268.0
1780246134,50,gRPC,gRPC/listar-playlists-usuario,1019.900000,0.000000,9,10,10,11,12,13,15,17,27,30,30,19655,0,9,8.840914589416826,1.060616999893682,29.837422000127845,388.0
1780246134,50,gRPC,gRPC/listar-usuarios,1020.500000,0.000000,9,10,10,11,12,13,14,17,26,30,30,19665,0,8,8.86070123722511,1.1436270001468074,29.5564610000838,15097.0
1780246134,50,,Aggregated,5100.900000,0.000000,8,9,10,10,12,13,14,17,27,30,30,98250,0,8,8.65488362888543,0.971127999946475,29.837422000127845,8057.394066157761
1780246135,50,gRPC,gRPC/listar-musicas,1021.000000,0.000000,9,10,10,11,12,13,15,18,28,30,30,20655,0,9,9.118304588815905,1.3752759996350505,29.78672400013238,24374.0
1780246135,50,gRPC,gRPC/listar-musicas-playlist,1021.100000,0.000000,8,9,9,10,11,12,15,19,26,29,29,20634,0,8,8.322502680234932,0.971127999946475,29.489986000044155,140.0
1780246135,50,gRPC,gRPC/listar-playlists-musica,1021.600000,0.000000,8,9,9,10,11,12,13,14,26,27,27,20621,0,8,8.261091734494714,1.0736840004028636,27.336365999872214,268.0
1780246135,50,gRPC,gRPC/listar-playlists-usuario,1020.200000,0.000000,9,10,10,11,12,13,15,18,27,30,30,20649,0,9,8.876762128577342,1.060616999893682,29.837422000127845,388.0
1780246135,50,gRPC,gRPC/listar-usuarios,1021.300000,0.000000,9,10,10,11,12,13,14,16,26,30,30,20658,0,8,8.901946806226668,1.1436270001468074,29.5564610000838,15097.0
1780246135,50,,Aggregated,5105.200000,0.000000,9,9,10,10,12,13,14,17,27,30,30,103217,0,8,8.696336384113025,0.971127999946475,29.837422000127845,8058.224866058886
1780246136,50,gRPC,gRPC/listar-musicas,1023.300000,0.000000,9,10,10,11,12,13,15,18,28,30,30,21708,0,9,9.120964982586454,1.3752759996350505,29.78672400013238,24374.0
1780246136,50,gRPC,gRPC/listar-musicas-playlist,1024.700000,0.000000,8,9,9,10,11,12,15,19,26,29,29,21702,0,8,8.336709798311729,0.971127999946475,29.489986000044155,140.0
1780246136,50,gRPC,gRPC/listar-playlists-musica,1024.000000,0.000000,8,9,9,10,11,12,13,14,26,27,27,21686,0,8,8.275060110164404,1.0736840004028636,27.336365999872214,268.0
1780246136,50,gRPC,gRPC/listar-playlists-usuario,1023.500000,0.000000,9,10,10,11,12,13,15,18,27,30,30,21705,0,9,8.885829745081223,1.060616999893682,29.837422000127845,388.0
1780246136,50,gRPC,gRPC/listar-usuarios,1022.900000,0.000000,9,10,10,11,12,13,14,16,26,30,30,21722,0,8,8.910889233819667,1.1436270001468074,29.5564610000838,15097.0
1780246136,50,,Aggregated,5118.400000,0.000000,9,9,10,10,12,13,14,17,27,30,30,108523,0,8,8.70601999565058,0.971127999946475,29.837422000127845,8056.536347133787
1780246137,50,gRPC,gRPC/listar-musicas,1022.800000,0.000000,9,10,10,11,12,13,15,17,28,30,30,22755,0,9,9.139309213359418,1.3752759996350505,29.78672400013238,24374.0
1780246137,50,gRPC,gRPC/listar-musicas-playlist,1022.200000,0.000000,8,9,9,10,11,12,15,18,26,29,29,22730,0,8,8.354754172457822,0.971127999946475,29.489986000044155,140.0
1780246137,50,gRPC,gRPC/listar-playlists-musica,1020.900000,0.000000,8,9,9,10,11,12,14,15,26,27,27,22718,0,8,8.293210247954041,1.0736840004028636,27.336365999872214,268.0
1780246137,50,gRPC,gRPC/listar-playlists-usuario,1023.300000,0.000000,9,10,10,11,12,13,15,16,27,30,30,22744,0,9,8.911796287504336,1.060616999893682,29.837422000127845,388.0
1780246137,50,gRPC,gRPC/listar-usuarios,1021.700000,0.000000,9,10,10,11,12,13,15,16,26,30,30,22757,0,8,8.93441289431931,1.1436270001468074,29.5564610000838,15097.0
1780246137,50,,Aggregated,5110.900000,0.000000,9,9,10,11,12,13,14,16,26,30,30,113704,0,8,8.726905147593731,0.971127999946475,29.837422000127845,8058.538793709984
1780246138,50,gRPC,gRPC/listar-musicas,1025.200000,0.000000,9,10,10,11,12,13,14,16,28,30,30,23822,0,9,9.138443615985045,1.3752759996350505,29.78672400013238,24374.0
1780246138,50,gRPC,gRPC/listar-musicas-playlist,1026.300000,0.000000,8,9,9,10,11,12,14,15,26,29,29,23805,0,8,8.363701677671255,0.971127999946475,29.489986000044155,140.0
1780246138,50,gRPC,gRPC/listar-playlists-musica,1026.400000,0.000000,8,9,9,9,11,12,13,14,23,27,27,23802,0,8,8.298197636838125,1.0736840004028636,27.336365999872214,268.0
1780246138,50,gRPC,gRPC/listar-playlists-usuario,1026.100000,0.000000,9,10,10,11,12,13,14,15,27,30,30,23808,0,9,8.91701742452099,1.060616999893682,29.837422000127845,388.0
1780246138,50,gRPC,gRPC/listar-usuarios,1025.300000,0.000000,9,10,10,11,12,13,14,15,26,30,30,23836,0,8,8.93320389381721,1.1436270001468074,29.5564610000838,15097.0
1780246138,50,,Aggregated,5129.300000,0.000000,8,9,10,10,12,12,14,15,26,30,30,119073,0,8,8.73023961154083,0.971127999946475,29.837422000127845,8057.566870743158
1780246139,50,gRPC,gRPC/listar-musicas,1022.700000,0.000000,9,10,10,11,12,13,14,17,31,31,31,24828,0,9,9.173660534275848,1.3752759996350505,31.146441000146297,24374.0
1780246139,50,gRPC,gRPC/listar-musicas-playlist,1021.100000,0.000000,8,9,9,10,11,12,14,15,26,31,31,24805,0,8,8.395452991814714,0.971127999946475,31.157462000010128,140.0
1780246139,50,gRPC,gRPC/listar-playlists-musica,1021.400000,0.000000,8,9,9,9,11,12,14,15,25,31,31,24805,0,8,8.334763614433388,1.0736840004028636,30.915125999854354,268.0
1780246139,50,gRPC,gRPC/listar-playlists-usuario,1022.100000,0.000000,9,10,10,11,12,13,14,16,31,31,31,24816,0,9,8.948905687137623,1.060616999893682,31.149705999723665,388.0
1780246139,50,gRPC,gRPC/listar-usuarios,1022.900000,0.000000,9,9,10,11,12,13,15,16,31,31,31,24840,0,8,8.968516267834818,1.1436270001468074,31.167780999567185,15097.0
1780246139,50,,Aggregated,5110.200000,0.000000,8,9,10,10,12,13,14,16,30,31,31,124094,0,8,8.764409675633003,0.971127999946475,31.167780999567185,8057.732041839251
1780246140,50,gRPC,gRPC/listar-musicas,1024.700000,0.000000,9,9,10,11,12,13,14,17,31,31,31,25836,0,9,9.194583297221019,1.3752759996350505,31.146441000146297,24374.0
1780246140,50,gRPC,gRPC/listar-musicas-playlist,1023.000000,0.000000,8,9,9,10,11,12,14,15,26,31,31,25808,0,8,8.428807865350924,0.971127999946475,31.157462000010128,140.0
1780246140,50,gRPC,gRPC/listar-playlists-musica,1022.900000,0.000000,8,9,9,9,11,12,14,15,25,31,31,25805,0,8,8.361848293354837,1.0736840004028636,30.915125999854354,268.0
1780246140,50,gRPC,gRPC/listar-playlists-usuario,1024.300000,0.000000,9,9,10,11,12,13,14,16,31,31,31,25819,0,9,8.965753348077037,1.060616999893682,31.149705999723665,388.0
1780246140,50,gRPC,gRPC/listar-usuarios,1023.200000,0.000000,9,9,10,11,12,13,15,16,31,31,31,25850,0,8,8.989415083056866,1.1436270001468074,31.167780999567185,15097.0
1780246140,50,,Aggregated,5118.100000,0.000000,8,9,10,10,12,13,14,16,30,31,31,129118,0,8,8.788260260049022,0.971127999946475,31.167780999567185,8058.7582366517445
1780246141,50,gRPC,gRPC/listar-musicas,1027.700000,0.000000,9,10,10,11,12,13,15,17,31,31,31,26855,0,9,9.215299152634682,1.3752759996350505,31.146441000146297,24374.0
1780246141,50,gRPC,gRPC/listar-musicas-playlist,1028.300000,0.000000,8,9,9,10,11,12,14,15,25,31,31,26831,0,8,8.448908573813073,0.971127999946475,31.157462000010128,140.0
1780246141,50,gRPC,gRPC/listar-playlists-musica,1027.400000,0.000000,8,9,9,10,11,12,14,15,25,31,31,26814,0,8,8.378255526330516,1.0736840004028636,30.915125999854354,268.0
1780246141,50,gRPC,gRPC/listar-playlists-usuario,1029.000000,0.000000,9,10,10,11,12,13,14,16,31,31,31,26844,0,9,8.990158309827459,1.060616999893682,31.149705999723665,388.0
1780246141,50,gRPC,gRPC/listar-usuarios,1027.000000,0.000000,9,10,10,11,12,13,15,16,31,31,31,26856,0,8,9.009814766347244,1.1436270001468074,31.167780999567185,15097.0
1780246141,50,,Aggregated,5139.400000,0.000000,9,9,10,10,12,13,14,16,30,31,31,134200,0,8,8.80866962298822,0.971127999946475,31.167780999567185,8057.874560357675
1780246142,50,gRPC,gRPC/listar-musicas,1025.400000,0.000000,9,10,10,11,12,13,15,17,31,31,31,27888,0,9,9.23161471468068,1.3752759996350505,31.146441000146297,24374.0
1780246142,50,gRPC,gRPC/listar-musicas-playlist,1025.200000,0.000000,8,9,9,10,11,13,14,16,25,31,31,27862,0,8,8.463059219294214,0.971127999946475,31.157462000010128,140.0
1780246142,50,gRPC,gRPC/listar-playlists-musica,1025.300000,0.000000,8,9,9,10,11,13,14,16,25,31,31,27855,0,8,8.396096435542379,1.0736840004028636,30.915125999854354,268.0
1780246142,50,gRPC,gRPC/listar-playlists-usuario,1025.200000,0.000000,9,10,10,11,12,13,15,17,31,31,31,27875,0,9,9.012378123372333,1.060616999893682,31.149705999723665,388.0
1780246142,50,gRPC,gRPC/listar-usuarios,1025.000000,0.000000,9,10,10,11,12,13,15,17,31,31,31,27902,0,8,9.017944870977912,1.1436270001468074,31.167780999567185,15097.0
1780246142,50,,Aggregated,5126.100000,0.000000,9,9,10,10,12,13,15,17,30,31,31,139382,0,8,8.824389313699276,0.971127999946475,31.167780999567185,8058.141840409809
1780246143,50,gRPC,gRPC/listar-musicas,1024.900000,0.000000,9,10,10,11,12,13,15,20,31,31,31,28907,0,9,9.257891883592862,1.3752759996350505,31.146441000146297,24374.0
1780246143,50,gRPC,gRPC/listar-musicas-playlist,1024.600000,0.000000,8,9,9,10,11,12,14,17,30,31,31,28898,0,8,8.482529004359122,0.971127999946475,31.157462000010128,140.0
1780246143,50,gRPC,gRPC/listar-playlists-musica,1024.500000,0.000000,8,9,9,9,11,12,14,18,30,31,31,28886,0,8,8.419329022572725,1.0736840004028636,30.915125999854354,268.0
1780246143,50,gRPC,gRPC/listar-playlists-usuario,1024.200000,0.000000,9,10,10,11,12,13,14,17,31,31,31,28905,0,9,9.028889470680033,1.060616999893682,31.149705999723665,388.0
1780246143,50,gRPC,gRPC/listar-usuarios,1024.800000,0.000000,9,9,10,11,12,13,15,18,31,31,31,28920,0,8,9.033413125968695,1.1436270001468074,31.167780999567185,15097.0
1780246143,50,,Aggregated,5123.000000,0.000000,8,9,10,10,12,13,14,18,30,31,31,144516,0,8,8.844509256733017,0.971127999946475,31.167780999567185,8055.763832378422
1780246144,50,gRPC,gRPC/listar-musicas,1021.200000,0.000000,9,10,10,11,12,13,15,20,32,32,32,29924,0,9,9.280594487034344,1.3752759996350505,32.160305000161316,24374.0
1780246144,50,gRPC,gRPC/listar-musicas-playlist,1020.600000,0.000000,8,9,9,9,11,12,14,17,30,32,32,29905,0,8,8.499960038019145,0.971127999946475,32.06843599991771,140.0
1780246144,50,gRPC,gRPC/listar-playlists-musica,1021.300000,0.000000,8,9,9,9,11,12,14,19,32,32,32,29899,0,8,8.449993006188913,1.0736840004028636,32.161737000024004,268.0
1780246144,50,gRPC,gRPC/listar-playlists-usuario,1020.200000,0.000000,9,9,10,11,12,13,15,18,31,32,32,29909,0,9,9.048260465612648,1.060616999893682,32.0062600003439,388.0
1780246144,50,gRPC,gRPC/listar-usuarios,1021.400000,0.000000,8,9,10,11,12,13,15,20,32,32,32,29936,0,8,9.058154277893214,1.1436270001468074,32.159962999685376,15097.0
1780246144,50,,Aggregated,5104.700000,0.000000,8,9,10,10,12,13,15,19,31,32,32,149573,0,8,8.867506060505743,0.971127999946475,32.161737000024004,8057.0403214483895
1780246145,50,gRPC,gRPC/listar-musicas,1017.900000,0.000000,9,10,11,11,13,14,17,21,32,32,32,30906,0,9,9.300406895975442,1.3752759996350505,32.160305000161316,24374.0
1780246145,50,gRPC,gRPC/listar-musicas-playlist,1016.400000,0.000000,8,9,9,10,11,13,14,18,30,32,32,30891,0,8,8.525480732250937,0.971127999946475,32.06843599991771,140.0
1780246145,50,gRPC,gRPC/listar-playlists-musica,1016.100000,0.000000,8,9,9,9,11,13,15,20,32,32,32,30881,0,8,8.478533142418527,1.0736840004028636,32.161737000024004,268.0
1780246145,50,gRPC,gRPC/listar-playlists-usuario,1017.800000,0.000000,9,10,10,11,12,13,15,19,31,32,32,30903,0,9,9.069219333722028,1.060616999893682,32.0062600003439,388.0
1780246145,50,gRPC,gRPC/listar-usuarios,1017.500000,0.000000,8,9,10,11,12,14,16,20,32,32,32,30912,0,8,9.079529818549892,1.1436270001468074,32.159962999685376,15097.0
1780246145,50,,Aggregated,5085.700000,0.000000,8,9,10,11,12,13,15,20,31,32,32,154493,0,8,8.890739992226315,0.971127999946475,32.161737000024004,8055.850556335886
1780246146,50,gRPC,gRPC/listar-musicas,1019.300000,0.000000,9,10,11,11,12,14,18,21,32,32,32,31954,0,9,9.307381732740913,1.3752759996350505,32.160305000161316,24374.0
1780246146,50,gRPC,gRPC/listar-musicas-playlist,1019.400000,0.000000,8,9,9,10,11,13,15,19,30,32,32,31930,0,8,8.53635239739956,0.971127999946475,32.06843599991771,140.0
1780246146,50,gRPC,gRPC/listar-playlists-musica,1019.000000,0.000000,8,9,9,9,11,13,15,20,32,32,32,31911,0,8,8.493572844098738,1.0736840004028636,32.161737000024004,268.0
1780246146,50,gRPC,gRPC/listar-playlists-usuario,1019.800000,0.000000,9,10,10,11,12,13,15,19,31,32,32,31937,0,9,9.080585754704702,1.060616999893682,32.0062600003439,388.0
1780246146,50,gRPC,gRPC/listar-usuarios,1019.400000,0.000000,9,9,10,11,12,14,17,22,32,32,32,31956,0,8,9.093970000000468,1.1436270001468074,32.159962999685376,15097.0
1780246146,50,,Aggregated,5096.900000,0.000000,8,9,10,11,12,13,16,20,31,32,32,159688,0,8,8.902521063154483,0.971127999946475,32.161737000024004,8057.590000500977
1780246147,50,gRPC,gRPC/listar-musicas,1014.800000,0.000000,9,10,11,11,12,14,18,21,32,32,32,33007,0,9,9.299248735389801,1.3752759996350505,32.160305000161316,24374.0
1780246147,50,gRPC,gRPC/listar-musicas-playlist,1014.600000,0.000000,8,9,9,9,11,13,15,19,30,32,32,32999,0,8,8.534182540954859,0.971127999946475,32.06843599991771,140.0
1780246147,50,gRPC,gRPC/listar-playlists-musica,1014.800000,0.000000,8,9,9,10,11,13,15,20,32,32,32,32985,0,8,8.498297543642018,1.0736840004028636,32.161737000024004,268.0
1780246147,50,gRPC,gRPC/listar-playlists-usuario,1014.500000,0.000000,9,10,10,11,12,13,15,19,31,32,32,33006,0,9,9.083701413894854,1.060616999893682,32.0062600003439,388.0
1780246147,50,gRPC,gRPC/listar-usuarios,1015.000000,0.000000,9,9,10,11,12,14,17,22,32,32,32,33023,0,8,9.091624097054348,1.1436270001468074,32.159962999685376,15097.0
1780246147,50,,Aggregated,5073.700000,0.000000,8,9,10,11,12,13,16,20,31,32,32,165020,0,8,8.90149974899433,0.971127999946475,32.161737000024004,8055.550945339959
1780246148,50,gRPC,gRPC/listar-musicas,1013.100000,0.000000,9,10,11,11,12,14,17,21,32,32,32,34082,0,9,9.304520590664058,1.3752759996350505,32.160305000161316,24374.0
1780246148,50,gRPC,gRPC/listar-musicas-playlist,1012.000000,0.000000,8,9,9,9,11,13,15,19,30,32,32,34056,0,8,8.532492026396891,0.971127999946475,32.06843599991771,140.0
1780246148,50,gRPC,gRPC/listar-playlists-musica,1013.000000,0.000000,8,9,9,10,12,13,15,20,32,32,32,34051,0,8,8.509483403190279,1.0736840004028636,32.161737000024004,268.0
1780246148,50,gRPC,gRPC/listar-playlists-usuario,1012.700000,0.000000,9,10,10,11,12,13,15,18,30,32,32,34061,0,9,9.084396981357466,1.060616999893682,32.0062600003439,388.0
1780246148,50,gRPC,gRPC/listar-usuarios,1014.400000,0.000000,8,9,10,11,12,13,16,20,32,32,32,34086,0,8,9.090973953881873,1.1436270001468074,32.159962999685376,15097.0
1780246148,50,,Aggregated,5065.200000,0.000000,8,9,10,11,12,13,15,20,30,32,32,170336,0,8,8.904484209785634,0.971127999946475,32.161737000024004,8057.135226845764
1780246149,50,gRPC,gRPC/listar-musicas,1014.200000,0.000000,9,10,10,11,12,13,17,21,32,32,32,35116,0,9,9.302644765491955,1.3752759996350505,32.160305000161316,24374.0
1780246149,50,gRPC,gRPC/listar-musicas-playlist,1014.400000,0.000000,8,9,9,9,11,12,16,19,30,32,32,35104,0,8,8.53781353771604,0.971127999946475,32.06843599991771,140.0
1780246149,50,gRPC,gRPC/listar-playlists-musica,1014.700000,0.000000,8,9,9,10,11,13,15,20,32,32,32,35092,0,8,8.523335307506944,1.0736840004028636,32.161737000024004,268.0
1780246149,50,gRPC,gRPC/listar-playlists-usuario,1014.000000,0.000000,9,9,10,11,12,13,15,18,30,32,32,35106,0,9,9.092908121432892,1.060616999893682,32.0062600003439,388.0
1780246149,50,gRPC,gRPC/listar-usuarios,1014.100000,0.000000,8,9,10,11,12,13,16,20,32,32,32,35132,0,8,9.091706964277765,1.1436270001468074,32.159962999685376,15097.0
1780246149,50,,Aggregated,5071.400000,0.000000,8,9,10,10,12,13,16,20,30,32,32,175550,0,8,8.909766130470292,0.971127999946475,32.161737000024004,8056.083919111365
1780246150,50,gRPC,gRPC/listar-musicas,1010.700000,0.000000,9,10,10,11,12,13,17,21,32,32,32,36104,0,9,9.32048610101435,1.3752759996350505,32.160305000161316,24374.0
1780246150,50,gRPC,gRPC/listar-musicas-playlist,1012.200000,0.000000,8,9,9,9,11,12,15,19,30,32,32,36082,0,8,8.554785868715436,0.971127999946475,32.06843599991771,140.0
1780246150,50,gRPC,gRPC/listar-playlists-musica,1012.100000,0.000000,8,9,9,10,12,13,15,20,32,32,32,36061,0,8,8.549790360584229,1.0736840004028636,32.161737000024004,268.0
1780246150,50,gRPC,gRPC/listar-playlists-usuario,1010.600000,0.000000,9,10,10,11,12,13,15,18,30,32,32,36089,0,9,9.113296813877044,1.060616999893682,32.0062600003439,388.0
1780246150,50,gRPC,gRPC/listar-usuarios,1012.500000,0.000000,8,9,10,11,12,13,16,21,32,32,32,36106,0,8,9.1085199431397,1.1436270001468074,32.159962999685376,15097.0
1780246150,50,,Aggregated,5058.100000,0.000000,8,9,10,11,12,13,16,20,30,32,32,180442,0,8,8.929498641569273,0.971127999946475,32.161737000024004,8056.935403065805
1780246151,50,gRPC,gRPC/listar-musicas,1018.700000,0.000000,9,10,10,11,12,13,17,20,32,32,32,37155,0,9,9.316274383125359,1.3752759996350505,32.160305000161316,24374.0
1780246151,50,gRPC,gRPC/listar-musicas-playlist,1017.300000,0.000000,8,9,9,9,11,12,14,18,30,32,32,37133,0,8,8.555002087846178,0.971127999946475,32.06843599991771,140.0
1780246151,50,gRPC,gRPC/listar-playlists-musica,1017.800000,0.000000,8,9,9,10,12,13,14,19,32,32,32,37119,0,8,8.559093923274457,1.0736840004028636,32.161737000024004,268.0
1780246151,50,gRPC,gRPC/listar-playlists-usuario,1017.700000,0.000000,9,10,10,11,12,13,15,18,30,32,32,37146,0,9,9.116531014752827,1.060616999893682,32.0062600003439,388.0
1780246151,50,gRPC,gRPC/listar-usuarios,1018.800000,0.000000,8,9,10,11,12,13,15,20,32,32,32,37158,0,8,9.105592630281672,1.1436270001468074,32.159962999685376,15097.0
1780246151,50,,Aggregated,5090.300000,0.000000,8,9,10,10,12,13,15,19,30,32,32,185711,0,8,8.93060910016664,0.971127999946475,32.161737000024004,8056.331913564624
1780246152,50,gRPC,gRPC/listar-musicas,1015.400000,0.000000,9,9,10,11,12,13,17,19,32,32,32,38206,0,9,9.31294295199787,1.3752759996350505,32.160305000161316,24374.0
1780246152,50,gRPC,gRPC/listar-musicas-playlist,1016.200000,0.000000,8,9,9,9,11,12,14,17,26,32,32,38191,0,8,8.554959935010196,0.971127999946475,32.06843599991771,140.0
1780246152,50,gRPC,gRPC/listar-playlists-musica,1016.900000,0.000000,8,9,9,10,12,13,14,19,32,32,32,38182,0,8,8.565972341706402,1.0736840004028636,32.161737000024004,268.0
1780246152,50,gRPC,gRPC/listar-playlists-usuario,1016.400000,0.000000,9,9,10,11,12,13,15,17,26,32,32,38205,0,9,9.114609523360969,1.060616999893682,32.0062600003439,388.0
1780246152,50,gRPC,gRPC/listar-usuarios,1015.400000,0.000000,8,9,10,11,12,13,15,21,32,32,32,38215,0,8,9.10735232050263,1.1436270001468074,32.159962999685376,15097.0
1780246152,50,,Aggregated,5080.300000,0.000000,8,9,10,10,12,13,15,18,30,32,32,190999,0,8,8.931250189901728,0.971127999946475,32.161737000024004,8055.371782051215
1780246153,50,gRPC,gRPC/listar-musicas,1019.700000,0.000000,9,9,10,11,12,13,16,18,26,26,26,39288,0,9,9.306595974471266,1.3752759996350505,32.160305000161316,24374.0
1780246153,50,gRPC,gRPC/listar-musicas-playlist,1020.000000,0.000000,8,9,9,9,11,12,14,18,26,26,26,39259,0,8,8.554188410631454,0.971127999946475,32.06843599991771,140.0
1780246153,50,gRPC,gRPC/listar-playlists-musica,1019.700000,0.000000,8,9,9,10,11,13,14,18,26,26,26,39256,0,8,8.56843282507189,1.0736840004028636,32.161737000024004,268.0
1780246153,50,gRPC,gRPC/listar-playlists-usuario,1019.900000,0.000000,9,9,10,11,12,13,14,17,24,26,26,39276,0,9,9.111855841582637,1.060616999893682,32.0062600003439,388.0
1780246153,50,gRPC,gRPC/listar-usuarios,1020.100000,0.000000,8,9,10,11,12,13,15,19,26,26,26,39301,0,8,9.104571022849553,1.1436270001468074,32.159962999685376,15097.0
1780246153,50,,Aggregated,5099.400000,0.000000,8,9,10,10,12,13,15,18,26,26,26,196380,0,8,8.92924340687453,0.971127999946475,32.161737000024004,8056.771896323455
1780246154,50,gRPC,gRPC/listar-musicas,1021.600000,0.000000,9,9,10,11,12,13,14,17,26,26,26,40337,0,9,9.310814932023561,1.3752759996350505,32.160305000161316,24374.0
1780246154,50,gRPC,gRPC/listar-musicas-playlist,1020.400000,0.000000,8,9,9,9,10,11,13,16,26,26,26,40309,0,8,8.55434789925274,0.971127999946475,32.06843599991771,140.0
1780246154,50,gRPC,gRPC/listar-playlists-musica,1020.700000,0.000000,8,9,9,10,11,12,13,16,26,26,26,40305,0,8,8.57804333737828,1.0736840004028636,32.161737000024004,268.0
1780246154,50,gRPC,gRPC/listar-playlists-usuario,1021.800000,0.000000,9,9,10,11,12,13,14,15,24,26,26,40326,0,9,9.111868864007928,1.060616999893682,32.0062600003439,388.0
1780246154,50,gRPC,gRPC/listar-usuarios,1021.200000,0.000000,8,9,10,11,12,13,14,17,26,26,26,40351,0,8,9.103116323288656,1.1436270001468074,32.159962999685376,15097.0
1780246154,50,,Aggregated,5105.700000,0.000000,8,9,10,10,12,12,14,17,26,26,26,201628,0,8,8.931748857638976,0.971127999946475,32.161737000024004,8056.641800741961
1780246155,50,gRPC,gRPC/listar-musicas,1024.000000,0.000000,9,9,10,11,12,13,15,18,24,26,26,41284,0,9,9.33295632705242,1.3752759996350505,32.160305000161316,24374.0
1780246155,50,gRPC,gRPC/listar-musicas-playlist,1024.000000,0.000000,8,9,9,9,11,12,14,17,23,24,24,41258,0,8,8.580325519147198,0.971127999946475,32.06843599991771,140.0
1780246155,50,gRPC,gRPC/listar-playlists-musica,1024.900000,0.000000,8,9,9,10,12,13,14,17,24,26,26,41254,0,8,8.610017254036805,1.0736840004028636,32.161737000024004,268.0
1780246155,50,gRPC,gRPC/listar-playlists-usuario,1024.000000,0.000000,9,9,10,11,12,13,14,16,24,26,26,41270,0,9,9.13410154412342,1.060616999893682,32.0062600003439,388.0
1780246155,50,gRPC,gRPC/listar-usuarios,1024.300000,0.000000,8,9,10,11,12,13,14,17,24,26,26,41296,0,8,9.122813169823356,1.1436270001468074,32.159962999685376,15097.0
1780246155,50,,Aggregated,5121.300000,0.000000,8,9,10,10,12,13,14,17,24,26,26,206362,0,8,8.956138021825836,0.971127999946475,32.161737000024004,8056.458456498774
1780246156,50,gRPC,gRPC/listar-musicas,1027.200000,0.000000,9,10,10,11,12,13,15,17,24,26,26,42325,0,9,9.33604080588352,1.3752759996350505,32.160305000161316,24374.0
1780246156,50,gRPC,gRPC/listar-musicas-playlist,1025.700000,0.000000,8,9,9,9,11,12,14,16,23,24,24,42305,0,8,8.581705155418273,0.971127999946475,32.06843599991771,140.0
1780246156,50,gRPC,gRPC/listar-playlists-musica,1026.800000,0.000000,8,9,9,10,12,13,14,17,24,26,26,42301,0,8,8.618908119879707,1.0736840004028636,32.161737000024004,268.0
1780246156,50,gRPC,gRPC/listar-playlists-usuario,1026.000000,0.000000,9,9,10,11,12,13,14,16,24,26,26,42309,0,9,9.135311859485789,1.060616999893682,32.0062600003439,388.0
1780246156,50,gRPC,gRPC/listar-usuarios,1026.700000,0.000000,8,9,10,11,12,13,14,17,24,26,26,42338,0,8,9.121786887453911,1.1436270001468074,32.159962999685376,15097.0
1780246156,50,,Aggregated,5132.400000,0.000000,8,9,10,10,12,13,14,17,24,26,26,211578,0,8,8.958821421849256,0.971127999946475,32.161737000024004,8056.043615120665
1780246157,50,gRPC,gRPC/listar-musicas,1031.200000,0.000000,9,10,10,11,12,13,14,18,24,26,26,43359,0,9,9.342208574806207,1.3752759996350505,32.160305000161316,24374.0
1780246157,50,gRPC,gRPC/listar-musicas-playlist,1033.000000,0.000000,8,9,9,9,11,12,14,16,23,24,24,43350,0,8,8.58321548196013,0.971127999946475,32.06843599991771,140.0
1780246157,50,gRPC,gRPC/listar-playlists-musica,1033.000000,0.000000,8,9,10,10,12,13,14,17,24,26,26,43338,0,8,8.627144445175809,1.0736840004028636,32.161737000024004,268.0
1780246157,50,gRPC,gRPC/listar-playlists-usuario,1031.800000,0.000000,9,9,10,11,12,13,14,16,23,26,26,43356,0,9,9.136809143416734,1.060616999893682,32.0062600003439,388.0
1780246157,50,gRPC,gRPC/listar-usuarios,1032.500000,0.000000,8,9,10,11,12,13,14,18,24,26,26,43375,0,8,9.123235515919903,1.1436270001468074,32.159962999685376,15097.0
1780246157,50,,Aggregated,5161.500000,0.000000,8,9,10,10,12,13,14,17,24,26,26,216778,0,8,8.962580319165314,0.971127999946475,32.161737000024004,8055.108696454437
1780246158,50,gRPC,gRPC/listar-musicas,1028.200000,0.000000,9,10,10,11,12,13,15,18,24,26,26,44429,0,9,9.338755248239258,1.3752759996350505,32.160305000161316,24374.0
1780246158,50,gRPC,gRPC/listar-musicas-playlist,1029.300000,0.000000,8,9,9,9,11,12,14,17,23,24,24,44406,0,8,8.583871610795292,0.971127999946475,32.06843599991771,140.0
1780246158,50,gRPC,gRPC/listar-playlists-musica,1028.700000,0.000000,8,9,9,10,12,13,14,17,24,26,26,44401,0,8,8.630955481656558,1.0736840004028636,32.161737000024004,268.0
1780246158,50,gRPC,gRPC/listar-playlists-usuario,1027.800000,0.000000,9,9,10,11,12,13,14,16,23,26,26,44411,0,9,9.135157878768029,1.060616999893682,32.0062600003439,388.0
1780246158,50,gRPC,gRPC/listar-usuarios,1028.100000,0.000000,8,9,10,11,12,13,14,18,24,26,26,44440,0,8,9.115755840482217,1.1436270001468074,32.159962999685376,15097.0
1780246158,50,,Aggregated,5142.100000,0.000000,8,9,10,10,12,13,14,17,24,26,26,222087,0,8,8.960973402851277,0.971127999946475,32.161737000024004,8056.171239199052
1780246159,50,gRPC,gRPC/listar-musicas,1026.600000,0.000000,9,9,10,11,12,13,14,17,24,26,26,45480,0,9,9.341237958795446,1.3752759996350505,32.160305000161316,24374.0
1780246159,50,gRPC,gRPC/listar-musicas-playlist,1026.600000,0.000000,8,9,9,9,10,12,13,16,23,24,24,45456,0,8,8.582814992761751,0.971127999946475,32.06843599991771,140.0
1780246159,50,gRPC,gRPC/listar-playlists-musica,1025.500000,0.000000,8,9,9,10,12,13,14,16,24,26,26,45455,0,8,8.638079187812874,1.0736840004028636,32.161737000024004,268.0
1780246159,50,gRPC,gRPC/listar-playlists-usuario,1027.000000,0.000000,9,9,10,11,12,13,14,15,23,26,26,45464,0,9,9.138786845041636,1.060616999893682,32.0062600003439,388.0
1780246159,50,gRPC,gRPC/listar-usuarios,1025.900000,0.000000,8,9,10,10,12,13,14,17,24,26,26,45492,0,8,9.108795093489865,1.1436270001468074,32.159962999685376,15097.0
1780246159,50,,Aggregated,5131.600000,0.000000,8,9,10,10,12,13,14,16,24,26,26,227347,0,8,8.962013757274356,0.971127999946475,32.161737000024004,8056.002744703031
1780246160,50,gRPC,gRPC/listar-musicas,1028.600000,0.000000,9,10,11,11,12,13,16,18,31,36,36,46395,0,9,9.377450386787878,1.3752759996350505,36.11727999987124,24374.0
1780246160,50,gRPC,gRPC/listar-musicas-playlist,1027.200000,0.000000,8,9,9,9,11,12,14,17,24,36,36,46365,0,8,8.606840786929373,0.971127999946475,36.11070100032521,140.0
1780246160,50,gRPC,gRPC/listar-playlists-musica,1026.900000,0.000000,8,9,10,10,12,13,14,17,24,31,31,46357,0,8,8.669235273637998,1.0736840004028636,32.161737000024004,268.0
1780246160,50,gRPC,gRPC/listar-playlists-usuario,1028.200000,0.000000,9,9,10,11,12,13,14,16,31,36,36,46385,0,9,9.171676004419043,1.060616999893682,35.88453499969546,388.0
1780246160,50,gRPC,gRPC/listar-usuarios,1027.400000,0.000000,8,9,10,11,12,13,15,18,31,36,36,46406,0,8,9.139870208271391,1.1436270001468074,35.99240799985637,15097.0
1780246160,50,,Aggregated,5138.300000,0.000000,8,9,10,11,12,13,15,17,31,36,36,231908,0,8,8.993116803694,0.971127999946475,36.11727999987124,8056.364023664557
1780246161,50,gRPC,gRPC/listar-musicas,1026.900000,0.000000,9,10,11,11,13,14,17,19,32,36,36,47408,0,9,9.392194546195197,1.3752759996350505,36.11727999987124,24374.0
1780246161,50,gRPC,gRPC/listar-musicas-playlist,1028.900000,0.000000,8,9,9,9,11,12,14,17,24,36,36,47397,0,8,8.60320243601866,0.971127999946475,36.11070100032521,140.0
1780246161,50,gRPC,gRPC/listar-playlists-musica,1028.500000,0.000000,8,9,10,10,12,13,14,18,30,31,31,47386,0,8,8.678210591272247,1.0736840004028636,32.161737000024004,268.0
1780246161,50,gRPC,gRPC/listar-playlists-usuario,1027.400000,0.000000,9,9,10,11,12,13,14,17,31,36,36,47406,0,9,9.182119689680112,1.060616999893682,35.88453499969546,388.0
1780246161,50,gRPC,gRPC/listar-usuarios,1027.500000,0.000000,8,9,10,11,12,13,15,19,31,36,36,47421,0,8,9.141162196369809,1.1436270001468074,35.99240799985637,15097.0
1780246161,50,,Aggregated,5139.200000,0.000000,8,9,10,11,12,13,15,18,31,36,36,237018,0,8,8.999432323735178,0.971127999946475,36.11727999987124,8054.940911660718
1780246162,50,gRPC,gRPC/listar-musicas,1023.100000,0.000000,9,10,11,11,13,14,16,19,32,36,36,48444,0,9,9.398364143877705,1.3752759996350505,36.11727999987124,24374.0
1780246162,50,gRPC,gRPC/listar-musicas-playlist,1022.200000,0.000000,8,9,9,9,11,12,14,16,23,36,36,48416,0,8,8.6054444870907,0.971127999946475,36.11070100032521,140.0
1780246162,50,gRPC,gRPC/listar-playlists-musica,1022.600000,0.000000,8,9,10,10,12,13,14,17,30,31,31,48407,0,8,8.685693951123525,1.0736840004028636,32.161737000024004,268.0
1780246162,50,gRPC,gRPC/listar-playlists-usuario,1022.000000,0.000000,9,10,11,11,12,13,14,17,31,36,36,48434,0,9,9.187079322376283,1.060616999893682,35.88453499969546,388.0
1780246162,50,gRPC,gRPC/listar-usuarios,1023.900000,0.000000,8,9,10,11,12,13,15,18,31,36,36,48455,0,8,9.145183753215408,1.1436270001468074,35.99240799985637,15097.0
1780246162,50,,Aggregated,5113.800000,0.000000,8,9,10,11,12,13,15,17,31,36,36,242156,0,8,9.004446797217787,0.971127999946475,36.11727999987124,8056.141078478337
1780246163,50,gRPC,gRPC/listar-musicas,1015.900000,0.000000,9,10,11,12,13,14,16,18,32,36,36,49485,0,9,9.403264599939503,1.3752759996350505,36.11727999987124,24374.0
1780246163,50,gRPC,gRPC/listar-musicas-playlist,1017.300000,0.000000,8,9,9,9,11,12,14,17,23,36,36,49459,0,8,8.604583875168757,0.971127999946475,36.11070100032521,140.0
1780246163,50,gRPC,gRPC/listar-playlists-musica,1018.100000,0.000000,8,9,10,10,12,13,14,17,30,31,31,49456,0,8,8.691954138891743,1.0736840004028636,32.161737000024004,268.0
1780246163,50,gRPC,gRPC/listar-playlists-usuario,1016.900000,0.000000,9,10,11,11,12,13,14,17,31,36,36,49470,0,9,9.190411226358716,1.060616999893682,35.88453499969546,388.0
1780246163,50,gRPC,gRPC/listar-usuarios,1017.000000,0.000000,8,9,10,11,12,13,15,17,31,36,36,49498,0,8,9.142510409189363,1.1436270001468074,35.99240799985637,15097.0
1780246163,50,,Aggregated,5085.200000,0.000000,8,9,10,11,12,13,15,17,31,36,36,247368,0,8,9.006619975522533,0.971127999946475,36.11727999987124,8055.979447624592
1780246164,50,gRPC,gRPC/listar-musicas,1015.000000,0.000000,9,10,11,12,13,14,16,18,32,36,36,50538,0,9,9.404386003067344,1.3752759996350505,36.11727999987124,24374.0
1780246164,50,gRPC,gRPC/listar-musicas-playlist,1014.900000,0.000000,8,9,9,9,10,12,14,16,23,36,36,50508,0,8,8.601721854418697,0.971127999946475,36.11070100032521,140.0
1780246164,50,gRPC,gRPC/listar-playlists-musica,1015.100000,0.000000,8,9,10,10,12,13,14,17,30,31,31,50507,0,8,8.69362478761399,1.0736840004028636,32.161737000024004,268.0
1780246164,50,gRPC,gRPC/listar-playlists-usuario,1014.400000,0.000000,9,9,11,11,12,13,15,17,31,36,36,50521,0,9,9.192484136239687,1.060616999893682,35.88453499969546,388.0
1780246164,50,gRPC,gRPC/listar-usuarios,1014.500000,0.000000,8,9,10,11,12,13,15,17,31,36,36,50550,0,8,9.142376710327413,1.1436270001468074,35.99240799985637,15097.0
1780246164,50,,Aggregated,5073.900000,0.000000,8,9,10,11,12,13,14,17,31,36,36,252624,0,8,9.006999208895639,0.971127999946475,36.11727999987124,8056.145520615619
1780246165,50,gRPC,gRPC/listar-musicas,1014.200000,0.000000,9,10,11,12,13,14,16,19,33,36,36,51459,0,9,9.42892916900868,1.3752759996350505,36.11727999987124,24374.0
1780246165,50,gRPC,gRPC/listar-musicas-playlist,1014.800000,0.000000,8,9,9,9,11,12,14,16,31,36,36,51452,0,8,8.62190794647414,0.971127999946475,36.11070100032521,140.0
1780246165,50,gRPC,gRPC/listar-playlists-musica,1014.700000,0.000000,8,9,10,10,12,13,15,17,31,33,33,51440,0,8,8.716422982446032,1.0736840004028636,32.95165400004407,268.0
1780246165,50,gRPC,gRPC/listar-playlists-usuario,1013.500000,0.000000,9,10,11,11,12,13,15,17,31,36,36,51457,0,9,9.207033158869864,1.060616999893682,35.88453499969546,388.0
1780246165,50,gRPC,gRPC/listar-usuarios,1014.300000,0.000000,8,9,10,11,12,13,15,19,32,36,36,51477,0,8,9.164376155934539,1.1436270001468074,35.99240799985637,15097.0
1780246165,50,,Aggregated,5071.400000,0.000000,8,9,10,11,12,13,15,18,32,36,36,257285,0,8,9.027776079530646,0.971127999946475,36.11727999987124,8054.742604504732
1780246166,50,gRPC,gRPC/listar-musicas,1012.600000,0.000000,9,10,11,12,13,14,16,19,33,36,36,52508,0,9,9.429532336805954,1.3752759996350505,36.11727999987124,24374.0
1780246166,50,gRPC,gRPC/listar-musicas-playlist,1013.500000,0.000000,8,9,9,9,11,12,14,16,31,36,36,52496,0,8,8.620034561642816,0.971127999946475,36.11070100032521,140.0
1780246166,50,gRPC,gRPC/listar-playlists-musica,1012.500000,0.000000,8,9,10,10,12,13,14,17,31,33,33,52486,0,8,8.719051378463208,1.0736840004028636,32.95165400004407,268.0
1780246166,50,gRPC,gRPC/listar-playlists-usuario,1013.800000,0.000000,9,10,11,11,12,13,15,16,31,36,36,52504,0,9,9.206394326679263,1.060616999893682,35.88453499969546,388.0
1780246166,50,gRPC,gRPC/listar-usuarios,1011.900000,0.000000,8,9,10,11,12,13,15,18,32,36,36,52521,0,8,9.167781845967067,1.1436270001468074,35.99240799985637,15097.0
1780246166,50,,Aggregated,5064.300000,0.000000,8,9,10,11,12,13,15,17,32,36,36,262515,0,8,9.02860768717604,0.971127999946475,36.11727999987124,8054.879793535608
1780246167,50,gRPC,gRPC/listar-musicas,1010.800000,0.000000,9,10,11,12,13,14,16,21,33,36,36,53518,0,9,9.438416735210822,1.3752759996350505,36.11727999987124,24374.0
1780246167,50,gRPC,gRPC/listar-musicas-playlist,1010.200000,0.000000,8,9,9,9,11,12,14,16,31,36,36,53505,0,8,8.623324311279259,0.971127999946475,36.11070100032521,140.0
1780246167,50,gRPC,gRPC/listar-playlists-musica,1010.900000,0.000000,8,9,10,10,12,13,14,17,31,33,33,53498,0,8,8.728387473849851,1.0736840004028636,32.95165400004407,268.0
1780246167,50,gRPC,gRPC/listar-playlists-usuario,1010.200000,0.000000,9,10,11,11,13,13,15,16,31,36,36,53509,0,9,9.20831011498928,1.060616999893682,35.88453499969546,388.0
1780246167,50,gRPC,gRPC/listar-usuarios,1010.400000,0.000000,9,9,10,11,12,14,15,19,32,36,36,53534,0,8,9.174465669182814,1.1436270001468074,35.99240799985637,15097.0
1780246167,50,,Aggregated,5052.500000,0.000000,8,9,10,11,12,13,15,17,32,36,36,267564,0,8,9.034626251151108,0.971127999946475,36.11727999987124,8055.045469495149
1780246168,50,gRPC,gRPC/listar-musicas,1010.100000,0.000000,9,10,11,12,13,14,17,22,33,36,36,54566,0,9,9.442215373034626,1.3752759996350505,36.11727999987124,24374.0
1780246168,50,gRPC,gRPC/listar-musicas-playlist,1010.000000,0.000000,8,9,9,9,11,12,14,16,31,36,36,54555,0,8,8.620268259206153,0.971127999946475,36.11070100032521,140.0
1780246168,50,gRPC,gRPC/listar-playlists-musica,1010.200000,0.000000,8,9,10,11,12,13,15,17,31,33,33,54545,0,8,8.73122172868303,1.0736840004028636,32.95165400004407,268.0
1780246168,50,gRPC,gRPC/listar-playlists-usuario,1010.000000,0.000000,9,10,11,11,13,13,15,16,31,36,36,54557,0,9,9.209498597979373,1.060616999893682,35.88453499969546,388.0
1780246168,50,gRPC,gRPC/listar-usuarios,1009.800000,0.000000,9,9,10,11,13,14,16,19,32,36,36,54584,0,8,9.176497677653302,1.1436270001468074,35.99240799985637,15097.0
1780246168,50,,Aggregated,5050.100000,0.000000,8,9,10,11,12,13,15,18,32,36,36,272807,0,8,9.035984092651496,0.971127999946475,36.11727999987124,8055.036007140579
1780246169,50,gRPC,gRPC/listar-musicas,1010.800000,0.000000,9,10,11,12,13,14,15,19,32,33,33,55610,0,9,9.447769128502166,1.3752759996350505,36.11727999987124,24374.0
1780246169,50,gRPC,gRPC/listar-musicas-playlist,1011.700000,0.000000,8,9,9,9,10,12,13,14,22,33,33,55602,0,8,8.61731164539022,0.971127999946475,36.11070100032521,140.0
1780246169,50,gRPC,gRPC/listar-playlists-musica,1011.800000,0.000000,8,9,10,10,12,13,14,16,31,33,33,55593,0,8,8.731963544295473,1.0736840004028636,32.95165400004407,268.0
1780246169,50,gRPC,gRPC/listar-playlists-usuario,1011.400000,0.000000,9,9,11,11,12,13,14,15,30,33,33,55607,0,9,9.212067598736976,1.060616999893682,35.88453499969546,388.0
1780246169,50,gRPC,gRPC/listar-usuarios,1010.400000,0.000000,9,9,10,11,12,13,14,17,31,33,33,55628,0,8,9.17368309310116,1.1436270001468074,35.99240799985637,15097.0
1780246169,50,,Aggregated,5056.100000,0.000000,8,9,10,11,12,13,14,16,31,33,33,278040,0,8,9.036596672158632,0.971127999946475,36.11727999987124,8054.642411163862
1780246170,50,gRPC,gRPC/listar-musicas,1006.300000,0.000000,9,10,11,12,13,14,16,20,32,33,33,56539,0,9,9.476397605652918,1.3752759996350505,36.11727999987124,24374.0
1780246170,50,gRPC,gRPC/listar-musicas-playlist,1007.900000,0.000000,8,9,9,9,11,12,14,16,29,33,33,56507,0,8,8.635818661457819,0.971127999946475,36.11070100032521,140.0
1780246170,50,gRPC,gRPC/listar-playlists-musica,1008.400000,0.000000,8,9,10,10,12,13,15,17,31,33,33,56506,0,8,8.75736238479137,1.0736840004028636,32.95165400004407,268.0
1780246170,50,gRPC,gRPC/listar-playlists-usuario,1006.900000,0.000000,9,10,11,11,13,13,14,16,22,33,33,56521,0,9,9.231572519894621,1.060616999893682,35.88453499969546,388.0
1780246170,50,gRPC,gRPC/listar-usuarios,1007.300000,0.000000,9,9,10,11,13,13,15,18,31,33,33,56546,0,8,9.19750791040969,1.1436270001468074,35.99240799985637,15097.0
1780246170,50,,Aggregated,5036.800000,0.000000,8,9,10,11,12,13,15,17,31,33,33,282619,0,8,9.059807588813891,0.971127999946475,36.11727999987124,8055.8677371302
1780246171,50,gRPC,gRPC/listar-musicas,1006.400000,0.000000,9,10,11,12,13,14,16,20,32,33,33,57566,0,9,9.478973408817849,1.3752759996350505,36.11727999987124,24374.0
1780246171,50,gRPC,gRPC/listar-musicas-playlist,1005.400000,0.000000,8,9,9,9,11,12,14,16,29,33,33,57555,0,8,8.635389298323224,0.971127999946475,36.11070100032521,140.0
1780246171,50,gRPC,gRPC/listar-playlists-musica,1006.000000,0.000000,8,9,10,10,12,13,15,17,31,33,33,57546,0,8,8.758997622302603,1.0736840004028636,32.95165400004407,268.0
1780246171,50,gRPC,gRPC/listar-playlists-usuario,1005.300000,0.000000,9,10,11,11,12,13,14,16,22,33,33,57558,0,9,9.235695367663208,1.060616999893682,35.88453499969546,388.0
1780246171,50,gRPC,gRPC/listar-usuarios,1006.200000,0.000000,9,9,11,11,12,13,15,18,31,33,33,57584,0,8,9.198479084659501,1.1436270001468074,35.99240799985637,15097.0
1780246171,50,,Aggregated,5029.300000,0.000000,8,9,10,11,12,13,15,18,31,33,33,287809,0,8,9.061547988676557,0.971127999946475,36.11727999987124,8054.897046305015
1780246172,50,gRPC,gRPC/listar-musicas,1008.600000,0.000000,9,10,11,12,13,14,16,20,32,33,33,58600,0,9,9.482497330358434,1.3752759996350505,36.11727999987124,24374.0
1780246172,50,gRPC,gRPC/listar-musicas-playlist,1009.900000,0.000000,8,9,9,9,11,12,14,16,29,33,33,58578,0,8,8.63729846307482,0.971127999946475,36.11070100032521,140.0
1780246172,50,gRPC,gRPC/listar-playlists-musica,1009.400000,0.000000,8,9,10,11,12,13,15,17,31,33,33,58562,0,8,8.764488094310728,1.0736840004028636,32.95165400004407,268.0
1780246172,50,gRPC,gRPC/listar-playlists-usuario,1008.800000,0.000000,9,10,11,11,12,13,15,16,22,33,33,58593,0,9,9.23972968204337,1.060616999893682,35.88453499969546,388.0
1780246172,50,gRPC,gRPC/listar-usuarios,1009.300000,0.000000,9,9,11,11,12,13,15,18,31,33,33,58607,0,8,9.19835694807845,1.1436270001468074,35.99240799985637,15097.0
1780246172,50,,Aggregated,5046.000000,0.000000,8,9,10,11,12,13,15,18,31,33,33,292940,0,8,9.064544110138648,0.971127999946475,36.11727999987124,8055.355700826108
1780246173,50,gRPC,gRPC/listar-musicas,1006.800000,0.000000,9,10,11,12,13,14,16,20,32,33,33,59655,0,9,9.480776145452923,1.3752759996350505,36.11727999987124,24374.0
1780246173,50,gRPC,gRPC/listar-musicas-playlist,1005.900000,0.000000,8,9,9,9,11,12,14,16,29,33,33,59633,0,8,8.63689965530825,0.971127999946475,36.11070100032521,140.0
1780246173,50,gRPC,gRPC/listar-playlists-musica,1006.300000,0.000000,8,9,10,10,12,13,15,17,31,33,33,59615,0,8,8.76634298054213,1.0736840004028636,32.95165400004407,268.0
1780246173,50,gRPC,gRPC/listar-playlists-usuario,1005.300000,0.000000,9,10,11,11,12,13,14,16,22,33,33,59645,0,9,9.239473323329115,1.060616999893682,35.88453499969546,388.0
1780246173,50,gRPC,gRPC/listar-usuarios,1006.600000,0.000000,9,9,10,11,12,13,15,18,31,33,33,59657,0,8,9.194820248504328,1.1436270001468074,35.99240799985637,15097.0
1780246173,50,,Aggregated,5030.900000,0.000000,8,9,10,11,12,13,15,17,31,33,33,298205,0,8,9.063728820180739,0.971127999946475,36.11727999987124,8055.332402206535
1780246174,50,gRPC,gRPC/listar-musicas,1007.200000,0.000000,9,10,11,12,13,13,15,18,31,31,31,60687,0,9,9.483460541252398,1.3752759996350505,36.11727999987124,24374.0
1780246174,50,gRPC,gRPC/listar-musicas-playlist,1008.700000,0.000000,8,9,9,9,11,12,14,15,22,31,31,60658,0,8,8.635417403310274,0.971127999946475,36.11070100032521,140.0
1780246174,50,gRPC,gRPC/listar-playlists-musica,1007.700000,0.000000,8,9,10,10,12,13,14,16,30,31,31,60655,0,8,8.76692431234057,1.0736840004028636,32.95165400004407,268.0
1780246174,50,gRPC,gRPC/listar-playlists-usuario,1008.700000,0.000000,9,10,11,11,12,13,14,16,22,31,31,60670,0,9,9.240918401433522,1.060616999893682,35.88453499969546,388.0
1780246174,50,gRPC,gRPC/listar-usuarios,1007.500000,0.000000,9,9,10,11,12,13,14,17,31,31,31,60697,0,8,9.191952776925032,1.1436270001468074,35.99240799985637,15097.0
1780246174,50,,Aggregated,5039.800000,0.000000,8,9,10,11,12,13,14,16,30,31,31,303367,0,8,9.06380123743849,0.971127999946475,36.11727999987124,8055.639430129184
1780246175,50,gRPC,gRPC/listar-musicas,1007.900000,0.000000,9,10,11,12,13,14,15,18,31,31,31,61647,0,9,9.499831847340358,1.3752759996350505,36.11727999987124,24374.0
1780246175,50,gRPC,gRPC/listar-musicas-playlist,1008.800000,0.000000,8,9,9,9,11,13,14,16,28,31,31,61617,0,8,8.649405116720827,0.971127999946475,36.11070100032521,140.0
1780246175,50,gRPC,gRPC/listar-playlists-musica,1008.100000,0.000000,8,9,10,10,12,13,14,16,30,31,31,61607,0,8,8.77904302714016,1.0736840004028636,32.95165400004407,268.0
1780246175,50,gRPC,gRPC/listar-playlists-usuario,1009.600000,0.000000,9,10,11,11,13,13,15,17,24,31,31,61634,0,9,9.257568662620725,1.060616999893682,35.88453499969546,388.0
1780246175,50,gRPC,gRPC/listar-usuarios,1007.600000,0.000000,9,9,10,11,12,13,15,17,31,31,31,61655,0,8,9.203699063871806,1.1436270001468074,35.99240799985637,15097.0
1780246175,50,,Aggregated,5042.000000,0.000000,8,9,10,11,12,13,15,17,30,31,31,308160,0,8,9.07798573947952,0.971127999946475,36.11727999987124,8055.687178738318
1780246176,50,gRPC,gRPC/listar-musicas,1010.000000,0.000000,9,10,11,12,13,14,16,20,31,31,31,62631,0,9,9.510541044881771,1.3752759996350505,36.11727999987124,24374.0
1780246176,50,gRPC,gRPC/listar-musicas-playlist,1010.400000,0.000000,8,9,9,9,11,13,14,16,28,31,31,62607,0,8,8.656500067372603,0.971127999946475,36.11070100032521,140.0
1780246176,50,gRPC,gRPC/listar-playlists-musica,1010.200000,0.000000,8,9,10,10,12,13,15,17,30,31,31,62604,0,8,8.78487603939094,1.0736840004028636,32.95165400004407,268.0
1780246176,50,gRPC,gRPC/listar-playlists-usuario,1010.000000,0.000000,9,10,11,11,13,13,15,17,24,31,31,62615,0,9,9.265112590448835,1.060616999893682,35.88453499969546,388.0
1780246176,50,gRPC,gRPC/listar-usuarios,1010.600000,0.000000,9,9,10,11,12,13,15,19,31,31,31,62645,0,8,9.210048527177111,1.1436270001468074,35.99240799985637,15097.0
1780246176,50,,Aggregated,5051.200000,0.000000,8,9,10,11,12,13,15,17,30,31,31,313102,0,8,9.085470837956965,0.971127999946475,36.11727999987124,8055.384606294434
1780246177,50,gRPC,gRPC/listar-musicas,1015.300000,0.000000,9,10,11,12,13,14,16,18,31,31,31,63658,0,9,9.517899306276982,1.3752759996350505,36.11727999987124,24374.0
1780246177,50,gRPC,gRPC/listar-musicas-playlist,1014.900000,0.000000,8,9,9,9,11,13,14,16,21,31,31,63649,0,8,8.657960785951161,0.971127999946475,36.11070100032521,140.0
1780246177,50,gRPC,gRPC/listar-playlists-musica,1015.100000,0.000000,8,9,9,10,12,13,15,16,24,31,31,63636,0,8,8.782647284965,1.0736840004028636,32.95165400004407,268.0
1780246177,50,gRPC,gRPC/listar-playlists-usuario,1015.200000,0.000000,9,10,11,11,13,14,15,17,24,31,31,63655,0,9,9.269701167731553,1.060616999893682,35.88453499969546,388.0
1780246177,50,gRPC,gRPC/listar-usuarios,1015.800000,0.000000,9,9,10,11,12,13,15,17,31,31,31,63667,0,8,9.21103008802069,1.1436270001468074,35.99240799985637,15097.0
1780246177,50,,Aggregated,5076.300000,0.000000,8,9,10,11,12,13,15,17,30,31,31,318265,0,8,9.087882749205807,0.971127999946475,36.11727999987124,8054.433377845506
1780246178,50,gRPC,gRPC/listar-musicas,1008.000000,0.000000,9,11,12,12,13,14,16,18,31,31,31,64695,0,9,9.523278575685678,1.3752759996350505,36.11727999987124,24374.0
1780246178,50,gRPC,gRPC/listar-musicas-playlist,1006.500000,0.000000,8,9,9,9,12,13,14,16,21,31,31,64660,0,8,8.659890316393495,0.971127999946475,36.11070100032521,140.0
1780246178,50,gRPC,gRPC/listar-playlists-musica,1006.400000,0.000000,8,9,9,10,12,13,15,17,24,31,31,64655,0,8,8.784071994293264,1.0736840004028636,32.95165400004407,268.0
1780246178,50,gRPC,gRPC/listar-playlists-usuario,1008.100000,0.000000,9,10,11,12,13,14,15,18,24,31,31,64678,0,9,9.274206988805428,1.060616999893682,35.88453499969546,388.0
1780246178,50,gRPC,gRPC/listar-usuarios,1007.200000,0.000000,9,9,10,11,13,13,15,18,31,31,31,64704,0,8,9.214251524419073,1.1436270001468074,35.99240799985637,15097.0
1780246178,50,,Aggregated,5036.200000,0.000000,8,9,10,11,13,13,15,17,30,31,31,323392,0,8,9.091218336758471,0.971127999946475,36.11727999987124,8055.818393775975
1780246179,50,gRPC,gRPC/listar-musicas,1005.200000,0.000000,9,10,11,12,13,14,16,19,29,30,30,65723,0,9,9.528196535748316,1.3752759996350505,36.11727999987124,24374.0
1780246179,50,gRPC,gRPC/listar-musicas-playlist,1005.900000,0.000000,8,9,9,9,11,13,14,16,29,30,30,65705,0,8,8.662811685990372,0.971127999946475,36.11070100032521,140.0
1780246179,50,gRPC,gRPC/listar-playlists-musica,1006.200000,0.000000,8,9,9,10,12,13,14,16,23,30,30,65700,0,8,8.783726781537847,1.0736840004028636,32.95165400004407,268.0
1780246179,50,gRPC,gRPC/listar-playlists-usuario,1005.300000,0.000000,9,10,11,12,13,13,15,19,29,30,30,65710,0,9,9.280926223192127,1.060616999893682,35.88453499969546,388.0
1780246179,50,gRPC,gRPC/listar-usuarios,1006.100000,0.000000,9,9,10,11,12,13,15,18,28,32,32,65738,0,8,9.215824604247437,1.1436270001468074,35.99240799985637,15097.0
1780246179,50,,Aggregated,5028.700000,0.000000,8,9,10,11,12,13,15,18,29,30,32,328576,0,8,9.094340707337134,0.971127999946475,36.11727999987124,8055.003311258278
1780246180,50,gRPC,gRPC/listar-musicas,1006.800000,0.000000,9,10,11,12,13,14,16,18,29,30,30,66701,0,9,9.537301701263702,1.3752759996350505,36.11727999987124,24374.0
1780246180,50,gRPC,gRPC/listar-musicas-playlist,1005.200000,0.000000,8,9,9,9,11,13,14,16,29,30,30,66674,0,8,8.674332700902982,0.971127999946475,36.11070100032521,140.0
1780246180,50,gRPC,gRPC/listar-playlists-musica,1006.000000,0.000000,8,9,9,10,12,13,14,16,23,30,30,66661,0,8,8.791495147028117,1.0736840004028636,32.95165400004407,268.0
1780246180,50,gRPC,gRPC/listar-playlists-usuario,1005.700000,0.000000,9,10,11,11,13,14,15,18,29,30,30,66690,0,9,9.29163374072505,1.060616999893682,35.88453499969546,388.0
1780246180,50,gRPC,gRPC/listar-usuarios,1006.700000,0.000000,8,9,10,11,12,13,15,18,28,32,32,66705,0,8,9.224269020778184,1.1436270001468074,35.99240799985637,15097.0
1780246180,50,,Aggregated,5030.400000,0.000000,8,9,10,11,12,13,15,17,29,30,32,333431,0,8,9.103873954347364,0.971127999946475,36.11727999987124,8055.31215453872
1780246181,50,gRPC,gRPC/listar-musicas,1002.000000,0.000000,9,10,11,12,13,14,16,18,29,30,30,67727,0,9,9.534846707132917,1.3752759996350505,36.11727999987124,24374.0
1780246181,50,gRPC,gRPC/listar-musicas-playlist,1000.700000,0.000000,8,9,9,9,11,13,15,16,29,30,30,67705,0,8,8.680042199896638,0.971127999946475,36.11070100032521,140.0
1780246181,50,gRPC,gRPC/listar-playlists-musica,1000.500000,0.000000,8,9,9,10,12,13,15,16,23,30,30,67701,0,8,8.79398923658509,1.0736840004028636,32.95165400004407,268.0
1780246181,50,gRPC,gRPC/listar-playlists-usuario,1002.000000,0.000000,9,10,11,11,13,14,15,18,29,30,30,67713,0,9,9.291393778505658,1.060616999893682,35.88453499969546,388.0
1780246181,50,gRPC,gRPC/listar-usuarios,1001.300000,0.000000,8,9,10,11,12,14,16,18,28,32,32,67743,0,8,9.221995746497798,1.1436270001468074,35.99240799985637,15097.0
1780246181,50,,Aggregated,5006.500000,0.000000,8,9,10,11,12,13,15,17,29,30,32,338589,0,8,9.104502775231934,0.971127999946475,36.11727999987124,8055.1618067923055
1780246182,50,gRPC,gRPC/listar-musicas,1010.800000,0.000000,9,10,11,12,13,14,16,18,29,30,30,68761,0,9,9.534206207675808,1.3752759996350505,36.11727999987124,24374.0
1780246182,50,gRPC,gRPC/listar-musicas-playlist,1010.200000,0.000000,8,9,9,10,12,13,15,17,29,30,30,68750,0,8,8.68435870320004,0.971127999946475,36.11070100032521,140.0
1780246182,50,gRPC,gRPC/listar-playlists-musica,1010.400000,0.000000,8,9,9,10,12,13,15,16,23,30,30,68741,0,8,8.793785451230814,1.0736840004028636,32.95165400004407,268.0
1780246182,50,gRPC,gRPC/listar-playlists-usuario,1010.900000,0.000000,9,10,11,11,13,14,16,18,29,30,30,68755,0,9,9.293493887352966,1.060616999893682,35.88453499969546,388.0
1780246182,50,gRPC,gRPC/listar-usuarios,1010.400000,0.000000,8,9,10,11,12,14,16,18,28,32,32,68775,0,8,9.218906251036012,1.1436270001468074,35.99240799985637,15097.0
1780246182,50,,Aggregated,5052.700000,0.000000,8,9,10,11,12,14,16,17,29,30,32,343782,0,8,9.104983010262336,0.971127999946475,36.11727999987124,8054.526755327504
1780246183,50,gRPC,gRPC/listar-musicas,1008.200000,0.000000,9,10,11,12,13,14,16,19,29,30,30,69828,0,9,9.530062333190148,1.3752759996350505,36.11727999987124,24374.0
1780246183,50,gRPC,gRPC/listar-musicas-playlist,1009.000000,0.000000,8,9,9,10,12,13,15,17,29,30,30,69805,0,8,8.684390578339828,0.971127999946475,36.11070100032521,140.0
1780246183,50,gRPC,gRPC/listar-playlists-musica,1008.300000,0.000000,8,9,9,10,12,13,15,17,24,30,30,69800,0,8,8.79156813740779,1.0736840004028636,32.95165400004407,268.0
1780246183,50,gRPC,gRPC/listar-playlists-usuario,1009.500000,0.000000,9,10,11,11,13,14,16,18,29,30,30,69813,0,9,9.289340995558911,1.060616999893682,35.88453499969546,388.0
1780246183,50,gRPC,gRPC/listar-usuarios,1007.700000,0.000000,9,9,10,11,12,14,16,18,28,32,32,69842,0,8,9.215339808238667,1.1436270001468074,35.99240799985637,15097.0
1780246183,50,,Aggregated,5042.700000,0.000000,8,9,10,11,12,14,16,18,29,30,32,349088,0,8,9.10218930104735,0.971127999946475,36.11727999987124,8055.157696626638
1780246184,50,gRPC,gRPC/listar-musicas,1011.000000,0.000000,9,10,11,11,13,14,16,18,29,30,30,70898,0,9,9.52170205670121,1.3752759996350505,36.11727999987124,24374.0
1780246184,50,gRPC,gRPC/listar-musicas-playlist,1010.800000,0.000000,8,9,9,10,12,13,15,17,29,30,30,70872,0,8,8.685611386203474,0.971127999946475,36.11070100032521,140.0
1780246184,50,gRPC,gRPC/listar-playlists-musica,1011.300000,0.000000,8,9,9,10,11,13,15,17,24,30,30,70860,0,8,8.790260688047779,1.0736840004028636,32.95165400004407,268.0
1780246184,50,gRPC,gRPC/listar-playlists-usuario,1010.200000,0.000000,9,10,11,11,12,13,15,18,29,30,30,70884,0,9,9.284689381453571,1.060616999893682,35.88453499969546,388.0
1780246184,50,gRPC,gRPC/listar-usuarios,1011.100000,0.000000,9,9,10,11,12,13,16,18,23,32,32,70904,0,8,9.210777697689885,1.1436270001468074,35.99240799985637,15097.0
1780246184,50,,Aggregated,5054.400000,0.000000,8,9,10,11,12,13,16,17,29,30,32,354418,0,8,9.098666148237488,0.971127999946475,36.11727999987124,8055.237296074127
1780246185,50,gRPC,gRPC/listar-musicas,1008.400000,0.000000,9,10,10,11,12,13,16,18,29,30,30,71918,0,9,9.519436158499971,1.3752759996350505,36.11727999987124,24374.0
1780246185,50,gRPC,gRPC/listar-musicas-playlist,1006.700000,0.000000,8,9,9,9,11,13,15,17,29,30,30,71903,0,8,8.691503927764016,0.971127999946475,36.11070100032521,140.0
1780246185,50,gRPC,gRPC/listar-playlists-musica,1007.100000,0.000000,8,9,9,9,11,13,15,17,24,30,30,71895,0,8,8.794090694972848,1.0736840004028636,32.95165400004407,268.0
1780246185,50,gRPC,gRPC/listar-playlists-usuario,1006.900000,0.000000,9,9,10,11,12,13,15,18,29,30,30,71908,0,9,9.28501197272853,1.060616999893682,35.88453499969546,388.0
1780246185,50,gRPC,gRPC/listar-usuarios,1008.300000,0.000000,8,9,10,10,12,13,16,18,22,32,32,71929,0,8,9.2099648475304,1.1436270001468074,35.99240799985637,15097.0
1780246185,50,,Aggregated,5037.400000,0.000000,8,9,10,10,12,13,16,17,29,30,32,359553,0,8,9.10003634939228,0.971127999946475,36.11727999987124,8054.656835014587
1780246186,50,gRPC,gRPC/listar-musicas,1010.400000,0.000000,9,10,10,11,12,13,16,18,29,30,30,72901,0,9,9.522342357457493,1.3752759996350505,36.11727999987124,24374.0
1780246186,50,gRPC,gRPC/listar-musicas-playlist,1010.400000,0.000000,8,9,9,10,11,13,15,17,29,30,30,72879,0,8,8.702530275813631,0.971127999946475,36.11070100032521,140.0
1780246186,50,gRPC,gRPC/listar-playlists-musica,1010.700000,0.000000,8,9,9,10,11,13,15,17,24,30,30,72865,0,8,8.804240557058494,1.0736840004028636,32.95165400004407,268.0
1780246186,50,gRPC,gRPC/listar-playlists-usuario,1010.000000,0.000000,9,9,10,11,12,13,16,18,29,30,30,72893,0,9,9.289998095811224,1.060616999893682,35.88453499969546,388.0
1780246186,50,gRPC,gRPC/listar-usuarios,1011.100000,0.000000,9,9,10,10,12,13,16,17,22,32,32,72904,0,8,9.21663934395925,1.1436270001468074,35.99240799985637,15097.0
1780246186,50,,Aggregated,5052.600000,0.000000,9,9,10,10,12,13,16,17,29,30,32,364442,0,8,9.107201360688522,0.971127999946475,36.11727999987124,8054.873000367686
1780246187,50,gRPC,gRPC/listar-musicas,1015.700000,0.000000,9,9,10,11,12,13,16,18,29,30,30,73903,0,9,9.522693662151879,1.3752759996350505,36.11727999987124,24374.0
1780246187,50,gRPC,gRPC/listar-musicas-playlist,1015.400000,0.000000,8,9,9,10,11,12,15,17,29,30,30,73883,0,8,8.710333007363198,0.971127999946475,36.11070100032521,140.0
1780246187,50,gRPC,gRPC/listar-playlists-musica,1015.300000,0.000000,8,9,9,10,11,13,15,17,24,30,30,73870,0,8,8.810360504265162,1.0736840004028636,32.95165400004407,268.0
1780246187,50,gRPC,gRPC/listar-playlists-usuario,1015.800000,0.000000,9,9,10,11,12,13,16,18,29,30,30,73897,0,9,9.292120402790006,1.060616999893682,35.88453499969546,388.0
1780246187,50,gRPC,gRPC/listar-usuarios,1015.300000,0.000000,9,9,10,10,12,13,16,18,25,32,32,73908,0,8,9.220483795664958,1.1436270001468074,35.99240799985637,15097.0
1780246187,50,,Aggregated,5077.500000,0.000000,9,9,10,10,12,13,16,18,29,30,32,369461,0,8,9.111245385905567,0.971127999946475,36.11727999987124,8054.743569686651
1780246188,50,gRPC,gRPC/listar-musicas,1017.400000,0.000000,9,9,10,10,12,13,16,18,28,30,30,74952,0,9,9.517244004616494,1.3752759996350505,36.11727999987124,24374.0
1780246188,50,gRPC,gRPC/listar-musicas-playlist,1018.500000,0.000000,9,9,9,10,11,12,15,17,23,30,30,74929,0,8,8.715367840969671,0.971127999946475,36.11070100032521,140.0
1780246188,50,gRPC,gRPC/listar-playlists-musica,1018.900000,0.000000,8,9,9,10,11,12,15,17,23,30,30,74915,0,8,8.813078523300746,1.0736840004028636,32.95165400004407,268.0
1780246188,50,gRPC,gRPC/listar-playlists-usuario,1017.200000,0.000000,9,9,10,10,12,13,15,18,28,30,30,74945,0,9,9.289427019093601,1.060616999893682,35.88453499969546,388.0
1780246188,50,gRPC,gRPC/listar-usuarios,1018.100000,0.000000,9,9,10,10,11,13,16,18,25,32,32,74956,0,9,9.217521390615849,1.1436270001468074,35.99240799985637,15097.0
1780246188,50,,Aggregated,5090.100000,0.000000,9,9,10,10,11,13,15,18,25,30,32,374697,0,8,9.110579183884758,0.971127999946475,36.11727999987124,8054.87292398925
1780246189,50,gRPC,gRPC/listar-musicas,1019.200000,0.000000,9,9,10,10,11,13,15,18,24,25,25,76025,0,9,9.508744237343176,1.3752759996350505,36.11727999987124,24374.0
1780246189,50,gRPC,gRPC/listar-musicas-playlist,1017.900000,0.000000,9,9,9,10,11,12,15,17,23,25,25,76004,0,8,8.71631473143542,0.971127999946475,36.11070100032521,140.0
1780246189,50,gRPC,gRPC/listar-playlists-musica,1017.600000,0.000000,8,9,9,10,11,12,15,17,22,26,26,76000,0,8,8.8105661401985,1.0736840004028636,32.95165400004407,268.0
1780246189,50,gRPC,gRPC/listar-playlists-usuario,1018.800000,0.000000,9,9,10,10,11,13,15,17,23,25,25,76014,0,9,9.283287712236866,1.060616999893682,35.88453499969546,388.0
1780246189,50,gRPC,gRPC/listar-usuarios,1018.400000,0.000000,9,9,10,10,11,13,16,18,24,25,25,76038,0,9,9.210512360766952,1.1436270001468074,35.99240799985637,15097.0
1780246189,50,,Aggregated,5091.900000,0.000000,9,9,10,10,11,13,15,17,23,25,26,380081,0,8,9.105924429774383,0.971127999946475,36.11727999987124,8054.81207426838
1780246190,50,gRPC,gRPC/listar-musicas,1017.000000,0.000000,9,9,10,10,11,12,14,17,23,25,25,77056,0,9,9.50568094375537,1.3752759996350505,36.11727999987124,24374.0
1780246190,50,gRPC,gRPC/listar-musicas-playlist,1016.900000,0.000000,9,9,9,10,11,12,14,16,22,25,25,77044,0,8,8.72158147540395,0.971127999946475,36.11070100032521,140.0
1780246190,50,gRPC,gRPC/listar-playlists-musica,1015.800000,0.000000,8,9,9,9,10,12,14,17,22,25,25,77030,0,8,8.812630449475359,1.0736840004028636,32.95165400004407,268.0
1780246190,50,gRPC,gRPC/listar-playlists-usuario,1017.400000,0.000000,9,9,10,10,11,12,14,16,23,25,25,77053,0,9,9.281154173412798,1.060616999893682,35.88453499969546,388.0
1780246190,50,gRPC,gRPC/listar-usuarios,1015.800000,0.000000,9,9,9,10,11,12,15,17,24,25,25,77066,0,8,9.209822494835485,1.1436270001468074,35.99240799985637,15097.0
1780246190,50,,Aggregated,5082.900000,0.000000,9,9,9,10,11,12,14,17,23,25,25,385249,0,8,9.106207025656285,0.971127999946475,36.11727999987124,8054.414443645538
1780246191,50,gRPC,gRPC/listar-musicas,1018.700000,0.000000,9,9,10,10,11,12,14,17,23,25,25,78081,0,9,9.503305605076926,1.3752759996350505,36.11727999987124,24374.0
1780246191,50,gRPC,gRPC/listar-musicas-playlist,1019.500000,0.000000,9,9,9,10,11,12,14,16,22,25,25,78056,0,8,8.728501826919517,0.971127999946475,36.11070100032521,140.0
1780246191,50,gRPC,gRPC/listar-playlists-musica,1019.700000,0.000000,9,9,9,10,11,12,14,17,22,25,25,78053,0,8,8.817272029186418,1.0736840004028636,32.95165400004407,268.0
1780246191,50,gRPC,gRPC/listar-playlists-usuario,1018.900000,0.000000,9,9,10,10,11,12,14,16,23,25,25,78069,0,9,9.28090654919333,1.060616999893682,35.88453499969546,388.0
1780246191,50,gRPC,gRPC/listar-usuarios,1019.200000,0.000000,9,9,9,10,11,12,15,17,24,25,25,78095,0,9,9.209757982662195,1.1436270001468074,35.99240799985637,15097.0
1780246191,50,,Aggregated,5096.000000,0.000000,9,9,10,10,11,12,14,17,23,25,25,390354,0,8,9.107992284672575,0.971127999946475,36.11727999987124,8054.953516551643
1780246192,50,gRPC,gRPC/listar-musicas,1025.000000,0.000000,9,9,10,10,11,12,14,17,23,25,25,79148,0,9,9.49752945205216,1.3752759996350505,36.11727999987124,24374.0
1780246192,50,gRPC,gRPC/listar-musicas-playlist,1024.800000,0.000000,9,9,9,10,11,12,14,16,22,25,25,79121,0,8,8.73023595149231,0.971127999946475,36.11070100032521,140.0
1780246192,50,gRPC,gRPC/listar-playlists-musica,1024.800000,0.000000,9,9,9,10,11,12,15,17,21,25,25,79109,0,8,8.816142497276909,1.0736840004028636,32.95165400004407,268.0
1780246192,50,gRPC,gRPC/listar-playlists-usuario,1024.800000,0.000000,9,9,10,10,11,12,14,16,23,25,25,79133,0,9,9.276340653418618,1.060616999893682,35.88453499969546,388.0
1780246192,50,gRPC,gRPC/listar-usuarios,1024.900000,0.000000,9,9,9,10,11,12,15,17,24,25,25,79154,0,8,9.204990507605508,1.1436270001468074,35.99240799985637,15097.0
1780246192,50,,Aggregated,5124.300000,0.000000,9,9,9,10,11,12,14,17,23,25,25,395665,0,8,9.105096887953435,0.971127999946475,36.11727999987124,8055.104813415389
1780246193,50,gRPC,gRPC/listar-musicas,1027.300000,0.000000,9,9,10,10,11,12,14,17,23,25,25,80220,0,9,9.488627846485077,1.3752759996350505,36.11727999987124,24374.0
1780246193,50,gRPC,gRPC/listar-musicas-playlist,1025.900000,0.000000,9,9,9,10,11,12,14,16,22,25,25,80204,0,8,8.730396743267487,0.971127999946475,36.11070100032521,140.0
1780246193,50,gRPC,gRPC/listar-playlists-musica,1026.800000,0.000000,9,9,9,10,11,12,15,17,21,25,25,80197,0,8,8.813199013068791,1.0736840004028636,32.95165400004407,268.0
1780246193,50,gRPC,gRPC/listar-playlists-usuario,1026.400000,0.000000,9,9,10,10,11,12,14,16,23,25,25,80209,0,9,9.270228915445516,1.060616999893682,35.88453499969546,388.0
1780246193,50,gRPC,gRPC/listar-usuarios,1027.600000,0.000000,9,9,9,10,11,12,15,17,24,25,25,80232,0,8,9.198023476081932,1.1436270001468074,35.99240799985637,15097.0
1780246193,50,,Aggregated,5134.000000,0.000000,9,9,9,10,11,12,14,17,23,25,25,401062,0,8,9.100124664279107,0.971127999946475,36.11727999987124,8054.583161705671
1780246194,50,gRPC,gRPC/listar-musicas,1028.700000,0.000000,9,9,10,10,11,12,14,17,23,25,25,81319,0,9,9.479077505072993,1.3752759996350505,36.11727999987124,24374.0
1780246194,50,gRPC,gRPC/listar-musicas-playlist,1028.800000,0.000000,9,9,9,10,11,12,14,16,22,25,25,81304,0,8,8.727727404088812,0.971127999946475,36.11070100032521,140.0
1780246194,50,gRPC,gRPC/listar-playlists-musica,1028.000000,0.000000,9,9,9,9,10,12,15,17,21,25,25,81295,0,8,8.807365410936272,1.0736840004028636,32.95165400004407,268.0
1780246194,50,gRPC,gRPC/listar-playlists-usuario,1029.200000,0.000000,9,9,9,10,11,12,14,16,23,25,25,81308,0,9,9.262382353937786,1.060616999893682,35.88453499969546,388.0
1780246194,50,gRPC,gRPC/listar-usuarios,1028.300000,0.000000,9,9,9,10,11,12,15,17,24,25,25,81333,0,8,9.189888353276077,1.1436270001468074,35.99240799985637,15097.0
1780246194,50,,Aggregated,5143.000000,0.000000,9,9,9,10,11,12,14,16,23,25,25,406559,0,8,9.093317322824243,0.971127999946475,36.11727999987124,8054.601499413369
1780246195,50,gRPC,gRPC/listar-musicas,1031.800000,0.000000,9,9,10,10,11,12,14,15,24,25,25,82379,0,9,9.475865649170636,1.3752759996350505,36.11727999987124,24374.0
1780246195,50,gRPC,gRPC/listar-musicas-playlist,1033.600000,0.000000,9,9,9,10,11,11,14,15,21,24,25,82356,0,8,8.727942833030216,0.971127999946475,36.11070100032521,140.0
1780246195,50,gRPC,gRPC/listar-playlists-musica,1032.900000,0.000000,8,9,9,9,10,11,14,16,23,24,25,82351,0,8,8.806240334568603,1.0736840004028636,32.95165400004407,268.0
1780246195,50,gRPC,gRPC/listar-playlists-usuario,1032.900000,0.000000,9,9,9,10,11,12,14,15,23,25,26,82366,0,9,9.260382250879964,1.060616999893682,35.88453499969546,388.0
1780246195,50,gRPC,gRPC/listar-usuarios,1032.000000,0.000000,9,9,9,10,11,12,14,16,24,25,25,82393,0,8,9.188047796876045,1.1436270001468074,35.99240799985637,15097.0
1780246195,50,,Aggregated,5163.200000,0.000000,9,9,9,10,11,12,14,15,24,25,26,411845,0,8,9.091733445024479,0.971127999946475,36.11727999987124,8054.852633879251
1780246196,50,gRPC,gRPC/listar-musicas,1034.100000,0.000000,9,9,10,10,11,13,15,17,24,25,25,83325,0,9,9.48400607971243,1.3752759996350505,36.11727999987124,24374.0
1780246196,50,gRPC,gRPC/listar-musicas-playlist,1033.200000,0.000000,9,9,9,10,11,12,14,16,23,25,25,83304,0,8,8.740410220049965,0.971127999946475,36.11070100032521,140.0
1780246196,50,gRPC,gRPC/listar-playlists-musica,1033.000000,0.000000,8,9,9,9,10,12,15,17,24,25,25,83299,0,8,8.816439416344272,1.0736840004028636,32.95165400004407,268.0
1780246196,50,gRPC,gRPC/listar-playlists-usuario,1034.000000,0.000000,9,9,9,10,11,12,14,16,24,26,26,83311,0,9,9.269758836683966,1.060616999893682,35.88453499969546,388.0
1780246196,50,gRPC,gRPC/listar-usuarios,1033.100000,0.000000,9,9,9,10,11,12,15,18,25,25,25,83338,0,8,9.196364608402076,1.1436270001468074,35.99240799985637,15097.0
1780246196,50,,Aggregated,5167.400000,0.000000,9,9,9,10,11,12,15,17,24,25,26,416577,0,8,9.101429120386214,0.971127999946475,36.11727999987124,8054.762255237327
1780246197,50,gRPC,gRPC/listar-musicas,1033.000000,0.000000,9,9,9,10,11,12,15,17,23,25,25,84406,0,9,9.477341579544547,1.3752759996350505,36.11727999987124,24374.0
1780246197,50,gRPC,gRPC/listar-musicas-playlist,1034.000000,0.000000,8,9,9,10,11,12,14,16,23,24,24,84393,0,8,8.739479774033882,0.971127999946475,36.11070100032521,140.0
1780246197,50,gRPC,gRPC/listar-playlists-musica,1033.300000,0.000000,8,9,9,9,10,12,14,17,23,25,25,84379,0,8,8.812957642079816,1.0736840004028636,32.95165400004407,268.0
1780246197,50,gRPC,gRPC/listar-playlists-usuario,1033.600000,0.000000,9,9,9,10,11,12,14,16,23,24,26,84401,0,9,9.265272158706555,1.060616999893682,35.88453499969546,388.0
1780246197,50,gRPC,gRPC/listar-usuarios,1032.700000,0.000000,8,9,9,10,11,12,15,17,23,25,25,84414,0,8,9.190865687184585,1.1436270001468074,35.99240799985637,15097.0
1780246197,50,,Aggregated,5166.600000,0.000000,8,9,9,10,11,12,14,16,23,25,26,421993,0,8,9.09721235754887,0.971127999946475,36.11727999987124,8054.366261999607
1780246198,50,gRPC,gRPC/listar-musicas,1036.800000,0.000000,9,9,9,10,11,12,15,17,23,25,25,85469,0,9,9.472734278054341,1.3752759996350505,36.11727999987124,24374.0
1780246198,50,gRPC,gRPC/listar-musicas-playlist,1035.900000,0.000000,8,9,9,10,11,12,14,16,23,24,24,85452,0,8,8.74076113413437,0.971127999946475,36.11070100032521,140.0
1780246198,50,gRPC,gRPC/listar-playlists-musica,1035.800000,0.000000,8,9,9,9,10,12,14,17,23,25,25,85446,0,8,8.812327748765908,1.0736840004028636,32.95165400004407,268.0
1780246198,50,gRPC,gRPC/listar-playlists-usuario,1036.700000,0.000000,9,9,9,10,11,12,14,16,23,24,26,85458,0,9,9.261981975988105,1.060616999893682,35.88453499969546,388.0
1780246198,50,gRPC,gRPC/listar-usuarios,1036.500000,0.000000,8,9,9,10,11,12,15,17,23,25,25,85481,0,8,9.186588957522611,1.1436270001468074,35.99240799985637,15097.0
1780246198,50,,Aggregated,5181.700000,0.000000,8,9,9,10,11,12,14,16,23,25,26,427306,0,8,9.094906389444798,0.971127999946475,36.11727999987124,8054.52901433633
1780246199,50,gRPC,gRPC/listar-musicas,1036.400000,0.000000,9,9,10,10,11,12,15,17,23,25,25,86551,0,9,9.465679569271606,1.3752759996350505,36.11727999987124,24374.0
1780246199,50,gRPC,gRPC/listar-musicas-playlist,1037.300000,0.000000,8,9,9,10,11,12,14,16,23,24,24,86526,0,8,8.74107935622869,0.971127999946475,36.11070100032521,140.0
1780246199,50,gRPC,gRPC/listar-playlists-musica,1037.700000,0.000000,8,9,9,9,10,12,14,17,23,25,25,86516,0,8,8.809573946322692,1.0736840004028636,32.95165400004407,268.0
1780246199,50,gRPC,gRPC/listar-playlists-usuario,1036.400000,0.000000,9,9,9,10,11,12,14,16,23,24,26,86545,0,9,9.256662751031186,1.060616999893682,35.88453499969546,388.0
1780246199,50,gRPC,gRPC/listar-usuarios,1037.600000,0.000000,8,9,9,10,11,12,15,17,23,25,25,86555,0,8,9.180954057304362,1.1436270001468074,35.99240799985637,15097.0
1780246199,50,,Aggregated,5185.400000,0.000000,8,9,9,10,11,12,14,16,23,25,26,432693,0,8,9.090831422128556,0.971127999946475,36.11727999987124,8054.658376724375
1780246200,50,gRPC,gRPC/listar-musicas,1044.000000,0.000000,9,9,9,10,11,12,14,16,23,25,25,87645,0,9,9.456967612916136,1.3752759996350505,36.11727999987124,24374.0
1780246200,50,gRPC,gRPC/listar-musicas-playlist,1043.700000,0.000000,8,9,9,9,10,11,13,15,23,24,24,87616,0,8,8.739405529093219,0.971127999946475,36.11070100032521,140.0
1780246200,50,gRPC,gRPC/listar-playlists-musica,1044.300000,0.000000,8,9,9,9,10,11,13,16,23,25,25,87606,0,8,8.807337428863894,1.0736840004028636,32.95165400004407,268.0
1780246200,50,gRPC,gRPC/listar-playlists-usuario,1043.700000,0.000000,9,9,9,10,11,12,13,16,23,24,26,87627,0,9,9.24900363548903,1.060616999893682,35.88453499969546,388.0
1780246200,50,gRPC,gRPC/listar-usuarios,1044.600000,0.000000,8,9,9,9,11,11,13,16,23,25,25,87651,0,8,9.174281043787179,1.1436270001468074,35.99240799985637,15097.0
1780246200,50,,Aggregated,5220.300000,0.000000,8,9,9,9,11,12,13,16,23,25,26,438145,0,8,9.08544119732071,0.971127999946475,36.11727999987124,8055.0281322393275
1780246201,50,gRPC,gRPC/listar-musicas,1047.300000,0.000000,9,9,9,10,11,12,14,17,23,25,25,88594,0,9,9.462967680926868,1.3752759996350505,36.11727999987124,24374.0
1780246201,50,gRPC,gRPC/listar-musicas-playlist,1048.200000,0.000000,8,9,9,10,11,12,14,16,23,24,24,88566,0,8,8.752417801888251,0.971127999946475,36.11070100032521,140.0
1780246201,50,gRPC,gRPC/listar-playlists-musica,1047.100000,0.000000,8,9,9,9,10,12,14,16,23,25,25,88555,0,8,8.818179359494819,1.0736840004028636,32.95165400004407,268.0
1780246201,50,gRPC,gRPC/listar-playlists-usuario,1048.100000,0.000000,9,9,9,10,11,12,14,16,23,24,26,88576,0,9,9.256278648132696,1.060616999893682,35.88453499969546,388.0
1780246201,50,gRPC,gRPC/listar-usuarios,1046.600000,0.000000,8,9,9,10,11,12,14,17,23,25,25,88601,0,8,9.18072179159363,1.1436270001468074,35.99240799985637,15097.0
1780246201,50,,Aggregated,5237.300000,0.000000,8,9,9,10,11,12,14,16,23,25,26,442892,0,8,9.094153734861095,0.971127999946475,36.11727999987124,8055.008717700929
1780246202,50,gRPC,gRPC/listar-musicas,1045.800000,0.000000,9,9,9,10,11,12,14,17,24,25,25,89666,0,9,9.457455480327397,1.3752759996350505,36.11727999987124,24374.0
1780246202,50,gRPC,gRPC/listar-musicas-playlist,1045.900000,0.000000,8,9,9,9,11,12,14,16,23,24,25,89652,0,8,8.75118721812156,0.971127999946475,36.11070100032521,140.0
1780246202,50,gRPC,gRPC/listar-playlists-musica,1045.300000,0.000000,8,9,9,9,10,12,14,17,24,25,25,89646,0,8,8.814822383564943,1.0736840004028636,32.95165400004407,268.0
1780246202,50,gRPC,gRPC/listar-playlists-usuario,1045.800000,0.000000,9,9,9,10,11,12,14,16,24,25,26,89658,0,9,9.25111801511302,1.060616999893682,35.88453499969546,388.0
1780246202,50,gRPC,gRPC/listar-usuarios,1045.600000,0.000000,8,9,9,9,11,12,15,17,24,25,25,89683,0,8,9.174758671152683,1.1436270001468074,35.99240799985637,15097.0
1780246202,50,,Aggregated,5228.400000,0.000000,8,9,9,10,11,12,14,17,24,25,26,448305,0,8,9.089891542318492,0.971127999946475,36.11727999987124,8054.398338184941
1780246203,50,gRPC,gRPC/listar-musicas,1051.500000,0.000000,9,9,10,10,11,13,15,18,28,29,29,90739,0,9,9.455995342234717,1.3752759996350505,36.11727999987124,24374.0
1780246203,50,gRPC,gRPC/listar-musicas-playlist,1051.200000,0.000000,8,9,9,10,11,12,14,16,24,29,29,90715,0,8,8.752375088596558,0.971127999946475,36.11070100032521,140.0
1780246203,50,gRPC,gRPC/listar-playlists-musica,1050.600000,0.000000,8,9,9,9,10,12,14,17,25,29,29,90705,0,8,8.814453453294364,1.0736840004028636,32.95165400004407,268.0
1780246203,50,gRPC,gRPC/listar-playlists-usuario,1051.400000,0.000000,9,9,9,10,11,12,14,16,25,28,28,90723,0,9,9.248259873416774,1.060616999893682,35.88453499969546,388.0
1780246203,50,gRPC,gRPC/listar-usuarios,1050.800000,0.000000,8,9,9,10,11,12,15,18,28,29,29,90750,0,8,9.172664240352434,1.1436270001468074,35.99240799985637,15097.0
1780246203,50,,Aggregated,5255.500000,0.000000,8,9,9,10,11,12,14,17,26,29,29,453632,0,8,9.088784363338748,0.971127999946475,36.11727999987124,8054.843353202596
1780246204,50,gRPC,gRPC/listar-musicas,1046.000000,0.000000,9,9,10,10,11,13,14,18,28,29,29,91806,0,9,9.450452539747154,1.3752759996350505,36.11727999987124,24374.0
1780246204,50,gRPC,gRPC/listar-musicas-playlist,1046.000000,0.000000,8,9,9,10,11,12,14,16,24,29,29,91792,0,8,8.752387838537636,0.971127999946475,36.11070100032521,140.0
1780246204,50,gRPC,gRPC/listar-playlists-musica,1046.700000,0.000000,8,9,9,9,11,12,14,17,25,29,29,91775,0,8,8.813173478845655,1.0736840004028636,32.95165400004407,268.0
1780246204,50,gRPC,gRPC/listar-playlists-usuario,1045.500000,0.000000,9,9,9,10,11,12,14,16,24,28,28,91801,0,9,9.243658934466714,1.060616999893682,35.88453499969546,388.0
1780246204,50,gRPC,gRPC/listar-usuarios,1046.200000,0.000000,8,9,9,9,11,12,14,17,28,29,29,91816,0,8,9.16734589483296,1.1436270001468074,35.99240799985637,15097.0
1780246204,50,,Aggregated,5230.400000,0.000000,8,9,9,10,11,12,14,17,25,29,29,458990,0,8,9.08543234249781,0.971127999946475,36.11727999987124,8054.40415695331
1780246205,50,gRPC,gRPC/listar-musicas,1044.100000,0.000000,9,9,9,10,11,12,14,17,28,29,29,92873,0,9,9.445377388110918,1.3752759996350505,36.11727999987124,24374.0
1780246205,50,gRPC,gRPC/listar-musicas-playlist,1043.300000,0.000000,8,9,9,9,11,12,14,16,24,29,29,92856,0,8,8.753499895171437,0.971127999946475,36.11070100032521,140.0
1780246205,50,gRPC,gRPC/listar-playlists-musica,1043.200000,0.000000,8,9,9,9,10,12,14,16,25,29,29,92850,0,8,8.812382788272075,1.0736840004028636,32.95165400004407,268.0
1780246205,50,gRPC,gRPC/listar-playlists-usuario,1044.200000,0.000000,8,9,9,10,11,12,14,15,24,28,28,92863,0,9,9.240209850327702,1.060616999893682,35.88453499969546,388.0
1780246205,50,gRPC,gRPC/listar-usuarios,1043.700000,0.000000,8,9,9,9,11,12,14,16,28,29,29,92888,0,8,9.16281392559854,1.1436270001468074,35.99240799985637,15097.0
1780246205,50,,Aggregated,5218.500000,0.000000,8,9,9,9,11,12,14,16,25,29,29,464330,0,8,9.082881419626275,0.971127999946475,36.11727999987124,8054.467990437835
1780246206,50,gRPC,gRPC/listar-musicas,1042.400000,0.000000,9,9,10,10,11,12,14,16,28,29,29,93848,0,9,9.449734496505306,1.3752759996350505,36.11727999987124,24374.0
1780246206,50,gRPC,gRPC/listar-musicas-playlist,1042.500000,0.000000,8,9,9,10,11,12,14,16,24,29,29,93823,0,8,8.763311984151382,0.971127999946475,36.11070100032521,140.0
1780246206,50,gRPC,gRPC/listar-playlists-musica,1043.200000,0.000000,8,9,9,9,11,12,14,16,24,29,29,93811,0,8,8.820599460010719,1.0736840004028636,32.95165400004407,268.0
1780246206,50,gRPC,gRPC/listar-playlists-usuario,1042.100000,0.000000,9,9,9,10,11,12,14,15,24,28,28,93835,0,9,9.24551432564591,1.060616999893682,35.88453499969546,388.0
1780246206,50,gRPC,gRPC/listar-usuarios,1043.500000,0.000000,8,9,9,9,11,12,14,16,28,29,29,93856,0,8,9.168621075338754,1.1436270001468074,35.99240799985637,15097.0
1780246206,50,,Aggregated,5213.700000,0.000000,8,9,9,10,11,12,14,16,25,29,29,469173,0,8,9.089591889674136,0.971127999946475,36.11727999987124,8054.768138831519
1780246207,50,gRPC,gRPC/listar-musicas,1044.200000,0.000000,9,9,9,10,11,12,14,16,28,29,29,94934,0,9,9.442520236933317,1.3752759996350505,36.11727999987124,24374.0
1780246207,50,gRPC,gRPC/listar-musicas-playlist,1043.500000,0.000000,8,9,9,10,11,12,14,16,24,29,29,94911,0,8,8.76204623564226,0.971127999946475,36.11070100032521,140.0
1780246207,50,gRPC,gRPC/listar-playlists-musica,1043.200000,0.000000,8,9,9,9,11,12,14,16,24,29,29,94905,0,8,8.817713218935499,1.0736840004028636,32.95165400004407,268.0
1780246207,50,gRPC,gRPC/listar-playlists-usuario,1044.200000,0.000000,8,9,9,10,11,12,14,15,24,28,28,94920,0,9,9.240252055625707,1.060616999893682,35.88453499969546,388.0
1780246207,50,gRPC,gRPC/listar-usuarios,1043.600000,0.000000,8,9,9,9,11,12,14,16,28,29,29,94948,0,8,9.16226926708295,1.1436270001468074,35.99240799985637,15097.0
1780246207,50,,Aggregated,5218.700000,0.000000,8,9,9,10,11,12,14,16,25,29,29,474618,0,8,9.084989880236572,0.971127999946475,36.11727999987124,8054.6930626314215
1780246208,50,gRPC,gRPC/listar-musicas,1048.300000,0.000000,9,9,9,10,11,12,14,16,28,29,29,95998,0,9,9.438604922571608,1.3752759996350505,36.11727999987124,24374.0
1780246208,50,gRPC,gRPC/listar-musicas-playlist,1049.300000,0.000000,8,9,9,10,11,12,14,16,24,29,29,95973,0,8,8.763000620195774,0.971127999946475,36.11070100032521,140.0
1780246208,50,gRPC,gRPC/listar-playlists-musica,1049.400000,0.000000,8,9,9,9,11,12,14,16,24,29,29,95962,0,8,8.817043825671425,1.0736840004028636,32.95165400004407,268.0
1780246208,50,gRPC,gRPC/listar-playlists-usuario,1048.500000,0.000000,8,9,9,10,11,12,14,16,24,28,28,95986,0,9,9.237996716864775,1.060616999893682,35.88453499969546,388.0
1780246208,50,gRPC,gRPC/listar-usuarios,1048.700000,0.000000,8,9,9,9,11,12,14,16,28,29,29,96005,0,8,9.159432677235541,1.1436270001468074,35.99240799985637,15097.0
1780246208,50,,Aggregated,5244.200000,0.000000,8,9,9,10,11,12,14,16,25,29,29,479924,0,8,9.083249640612094,0.971127999946475,36.11727999987124,8054.690619764796
1780246209,50,gRPC,gRPC/listar-musicas,1045.500000,0.000000,9,9,10,10,11,13,14,17,28,29,29,97055,0,9,9.434907576395146,1.3752759996350505,36.11727999987124,24374.0
1780246209,50,gRPC,gRPC/listar-musicas-playlist,1045.400000,0.000000,8,9,9,10,11,12,14,16,24,29,29,97038,0,8,8.764071024135491,0.971127999946475,36.11070100032521,140.0
1780246209,50,gRPC,gRPC/listar-playlists-musica,1045.600000,0.000000,8,9,9,9,11,12,14,16,24,29,29,97027,0,8,8.81472656271023,1.0736840004028636,32.95165400004407,268.0
1780246209,50,gRPC,gRPC/listar-playlists-usuario,1045.300000,0.000000,8,9,9,10,11,12,14,16,24,28,28,97051,0,9,9.236064497944236,1.060616999893682,35.88453499969546,388.0
1780246209,50,gRPC,gRPC/listar-usuarios,1045.400000,0.000000,8,9,9,10,11,12,14,17,28,29,29,97064,0,8,9.156720487946131,1.1436270001468074,35.99240799985637,15097.0
1780246209,50,,Aggregated,5227.200000,0.000000,8,9,9,10,11,12,14,16,25,29,29,485235,0,8,9.081324649085744,0.971127999946475,36.11727999987124,8054.320323142395
1780246210,50,gRPC,gRPC/listar-musicas,1045.800000,0.000000,9,9,9,10,11,12,14,16,28,29,29,98141,0,9,9.429135811811786,1.3752759996350505,36.11727999987124,24374.0
1780246210,50,gRPC,gRPC/listar-musicas-playlist,1045.200000,0.000000,8,9,9,10,11,12,14,16,24,29,29,98114,0,8,8.763719515737314,0.971127999946475,36.11070100032521,140.0
1780246210,50,gRPC,gRPC/listar-playlists-musica,1045.200000,0.000000,8,9,9,9,10,12,14,16,24,29,29,98107,0,8,8.811507319162494,1.0736840004028636,32.95165400004407,268.0
1780246210,50,gRPC,gRPC/listar-playlists-usuario,1045.400000,0.000000,8,9,9,10,11,12,14,16,24,28,28,98130,0,9,9.231879196840742,1.060616999893682,35.88453499969546,388.0
1780246210,50,gRPC,gRPC/listar-usuarios,1045.400000,0.000000,8,9,9,9,11,12,14,16,28,29,29,98151,0,8,9.151861909883802,1.1436270001468074,35.99240799985637,15097.0
1780246210,50,,Aggregated,5227.000000,0.000000,8,9,9,10,11,12,14,16,25,29,29,490643,0,8,9.077654520166586,0.971127999946475,36.11727999987124,8054.690389957668
1780246211,50,gRPC,gRPC/listar-musicas,1045.200000,0.000000,9,9,10,10,11,13,14,16,28,29,29,99088,0,9,9.43548445046845,1.3752759996350505,36.11727999987124,24374.0
1780246211,50,gRPC,gRPC/listar-musicas-playlist,1045.200000,0.000000,8,9,9,10,11,12,14,16,24,29,29,99060,0,8,8.774401149616963,0.971127999946475,36.11070100032521,140.0
1780246211,50,gRPC,gRPC/listar-playlists-musica,1045.500000,0.000000,8,9,9,9,11,12,14,16,24,29,29,99055,0,8,8.821159789834693,1.0736840004028636,32.95165400004407,268.0
1780246211,50,gRPC,gRPC/listar-playlists-usuario,1045.500000,0.000000,9,9,10,10,11,12,14,16,24,28,28,99072,0,9,9.239628631035835,1.060616999893682,35.88453499969546,388.0
1780246211,50,gRPC,gRPC/listar-usuarios,1045.300000,0.000000,8,9,9,10,11,12,14,16,28,29,29,99100,0,8,9.159593058990943,1.1436270001468074,35.99240799985637,15097.0
1780246211,50,,Aggregated,5226.700000,0.000000,8,9,9,10,11,12,14,16,25,29,29,495375,0,8,9.086085498806186,0.971127999946475,36.11727999987124,8054.784129195054
1780246212,50,gRPC,gRPC/listar-musicas,1041.800000,0.000000,9,9,10,10,11,13,14,15,23,24,24,100161,0,9,9.431367127295195,1.3752759996350505,36.11727999987124,24374.0
1780246212,50,gRPC,gRPC/listar-musicas-playlist,1042.900000,0.000000,8,9,9,10,11,12,14,15,21,24,24,100148,0,8,8.771854073771406,0.971127999946475,36.11070100032521,140.0
1780246212,50,gRPC,gRPC/listar-playlists-musica,1042.400000,0.000000,8,9,9,9,11,12,14,16,23,24,24,100137,0,8,8.81788606200583,1.0736840004028636,32.95165400004407,268.0
1780246212,50,gRPC,gRPC/listar-playlists-usuario,1042.900000,0.000000,9,9,9,10,11,12,14,15,22,23,24,100155,0,9,9.23641712892999,1.060616999893682,35.88453499969546,388.0
1780246212,50,gRPC,gRPC/listar-usuarios,1041.700000,0.000000,8,9,9,10,11,12,14,15,23,24,24,100175,0,8,9.156145801716995,1.1436270001468074,35.99240799985637,15097.0
1780246212,50,,Aggregated,5211.700000,0.000000,8,9,9,10,11,12,14,15,22,24,24,500776,0,8,9.082755013105903,0.971127999946475,36.11727999987124,8054.26730713932
1780246213,50,gRPC,gRPC/listar-musicas,1047.900000,0.000000,9,9,10,10,11,13,14,15,23,24,24,101229,0,9,9.42698112781922,1.3752759996350505,36.11727999987124,24374.0
1780246213,50,gRPC,gRPC/listar-musicas-playlist,1048.900000,0.000000,8,9,9,10,11,12,14,15,21,24,24,101207,0,8,8.771670500657663,0.971127999946475,36.11070100032521,140.0
1780246213,50,gRPC,gRPC/listar-playlists-musica,1049.100000,0.000000,8,9,9,9,11,12,14,15,23,24,24,101202,0,8,8.816687774797794,1.0736840004028636,32.95165400004407,268.0
1780246213,50,gRPC,gRPC/listar-playlists-usuario,1048.000000,0.000000,9,9,10,10,11,12,14,15,22,23,24,101213,0,9,9.23440191644332,1.060616999893682,35.88453499969546,388.0
1780246213,50,gRPC,gRPC/listar-usuarios,1048.800000,0.000000,8,9,9,10,11,12,14,15,23,24,24,101242,0,8,9.153468961063599,1.1436270001468074,35.99240799985637,15097.0
1780246213,50,,Aggregated,5242.700000,0.000000,8,9,9,10,11,12,14,15,22,24,24,506093,0,8,9.080666578787138,0.971127999946475,36.11727999987124,8054.582616238517
1780246214,50,gRPC,gRPC/listar-musicas,1041.200000,0.000000,9,9,10,10,11,13,14,16,24,24,24,102307,0,9,9.421645887329438,1.3752759996350505,36.11727999987124,24374.0
1780246214,50,gRPC,gRPC/listar-musicas-playlist,1040.600000,0.000000,8,9,9,10,11,12,14,15,23,24,24,102292,0,8,8.76892825711739,0.971127999946475,36.11070100032521,140.0
1780246214,50,gRPC,gRPC/listar-playlists-musica,1040.800000,0.000000,8,9,9,9,11,12,14,15,23,24,24,102281,0,8,8.814538470596487,1.0736840004028636,32.95165400004407,268.0
1780246214,50,gRPC,gRPC/listar-playlists-usuario,1040.700000,0.000000,9,9,10,10,11,12,14,16,23,24,24,102301,0,9,9.229755440611255,1.060616999893682,35.88453499969546,388.0
1780246214,50,gRPC,gRPC/listar-usuarios,1041.500000,0.000000,8,9,9,10,11,12,14,15,24,24,24,102315,0,8,9.150159425059876,1.1436270001468074,35.99240799985637,15097.0
1780246214,50,,Aggregated,5204.800000,0.000000,8,9,9,10,11,12,14,16,24,24,24,511496,0,8,9.07702722462757,0.971127999946475,36.11727999987124,8054.227890345183
1780246215,50,gRPC,gRPC/listar-musicas,1045.500000,0.000000,9,9,10,10,11,12,14,15,24,24,24,103394,0,9,9.416076813335506,1.3752759996350505,36.11727999987124,24374.0
1780246215,50,gRPC,gRPC/listar-musicas-playlist,1045.500000,0.000000,8,9,9,9,11,12,14,15,23,24,24,103368,0,8,8.76697083123447,0.971127999946475,36.11070100032521,140.0
1780246215,50,gRPC,gRPC/listar-playlists-musica,1046.000000,0.000000,8,9,9,9,11,12,13,15,23,24,24,103358,0,8,8.813103984201296,1.0736840004028636,32.95165400004407,268.0
1780246215,50,gRPC,gRPC/listar-playlists-usuario,1045.200000,0.000000,9,9,10,10,11,12,14,15,23,24,24,103381,0,9,9.22598947270742,1.060616999893682,35.88453499969546,388.0
1780246215,50,gRPC,gRPC/listar-usuarios,1045.300000,0.000000,8,9,9,10,11,12,14,15,24,24,24,103403,0,8,9.14664150575901,1.1436270001468074,35.99240799985637,15097.0
1780246215,50,,Aggregated,5227.500000,0.000000,8,9,9,10,11,12,14,15,24,24,24,516904,0,8,9.073787546271795,0.971127999946475,36.11727999987124,8054.6556788107655
1780246216,50,gRPC,gRPC/listar-musicas,1043.400000,0.000000,9,9,9,10,11,12,14,17,24,24,24,104359,0,9,9.41982740261031,1.3752759996350505,36.11727999987124,24374.0
1780246216,50,gRPC,gRPC/listar-musicas-playlist,1044.100000,0.000000,8,9,9,9,11,12,14,16,23,24,24,104346,0,8,8.773968683352054,0.971127999946475,36.11070100032521,140.0
1780246216,50,gRPC,gRPC/listar-playlists-musica,1043.900000,0.000000,8,9,9,9,11,12,14,16,23,24,24,104334,0,8,8.819878428710387,1.0736840004028636,32.95165400004407,268.0
1780246216,50,gRPC,gRPC/listar-playlists-usuario,1044.100000,0.000000,9,9,9,10,11,12,14,16,23,24,24,104355,0,9,9.230016758870889,1.060616999893682,35.88453499969546,388.0
1780246216,50,gRPC,gRPC/listar-usuarios,1043.500000,0.000000,8,9,9,10,11,12,14,18,24,24,24,104371,0,8,9.152859800739682,1.1436270001468074,35.99240799985637,15097.0
1780246216,50,,Aggregated,5219.000000,0.000000,8,9,9,10,11,12,14,17,24,24,24,521765,0,8,9.079330789259695,0.971127999946475,36.11727999987124,8054.190957615018
1780246217,50,gRPC,gRPC/listar-musicas,1043.700000,0.000000,9,9,9,10,11,12,14,18,24,24,24,105428,0,9,9.416560657083664,1.3752759996350505,36.11727999987124,24374.0
1780246217,50,gRPC,gRPC/listar-musicas-playlist,1042.700000,0.000000,8,9,9,9,11,12,14,17,23,24,24,105405,0,8,8.77444219297041,0.971127999946475,36.11070100032521,140.0
1780246217,50,gRPC,gRPC/listar-playlists-musica,1043.900000,0.000000,8,9,9,9,11,12,14,17,23,24,24,105400,0,8,8.819569487723612,1.0736840004028636,32.95165400004407,268.0
1780246217,50,gRPC,gRPC/listar-playlists-usuario,1043.300000,0.000000,9,9,9,10,11,12,14,17,23,24,24,105412,0,9,9.227701360100951,1.060616999893682,35.88453499969546,388.0
1780246217,50,gRPC,gRPC/listar-usuarios,1043.900000,0.000000,8,9,9,10,11,12,15,19,24,24,24,105441,0,8,9.150941992498138,1.1436270001468074,35.99240799985637,15097.0
1780246217,50,,Aggregated,5217.500000,0.000000,8,9,9,10,11,12,14,18,24,24,24,527086,0,8,9.077867351273023,0.971127999946475,36.11727999987124,8054.565298641967
1780246218,50,gRPC,gRPC/listar-musicas,1048.500000,0.000000,9,9,9,10,11,12,15,18,24,24,24,106503,0,9,9.412658637954035,1.3752759996350505,36.11727999987124,24374.0
1780246218,50,gRPC,gRPC/listar-musicas-playlist,1049.000000,0.000000,8,9,9,9,11,12,14,17,23,24,24,106480,0,8,8.773400908180303,0.971127999946475,36.11070100032521,140.0
1780246218,50,gRPC,gRPC/listar-playlists-musica,1048.200000,0.000000,8,9,9,9,11,12,14,16,23,24,24,106467,0,8,8.817182070182096,1.0736840004028636,32.95165400004407,268.0
1780246218,50,gRPC,gRPC/listar-playlists-usuario,1049.100000,0.000000,9,9,10,10,11,12,14,17,23,24,24,106492,0,9,9.225086026424103,1.060616999893682,35.88453499969546,388.0
1780246218,50,gRPC,gRPC/listar-usuarios,1048.200000,0.000000,8,9,9,10,11,12,15,18,24,24,24,106507,0,8,9.148013027941868,1.1436270001468074,35.99240799985637,15097.0
1780246218,50,,Aggregated,5243.000000,0.000000,8,9,9,10,11,12,14,17,24,24,24,532449,0,8,9.075296074891826,0.971127999946475,36.11727999987124,8054.479495688789
1780246219,50,gRPC,gRPC/listar-musicas,1043.900000,0.000000,9,9,9,10,11,12,15,18,24,26,26,107574,0,9,9.407510690650293,1.3752759996350505,36.11727999987124,24374.0
1780246219,50,gRPC,gRPC/listar-musicas-playlist,1044.100000,0.000000,8,9,9,9,11,12,14,17,26,27,27,107555,0,8,8.773876147283124,0.971127999946475,36.11070100032521,140.0
1780246219,50,gRPC,gRPC/listar-playlists-musica,1043.500000,0.000000,8,9,9,9,11,12,14,17,26,27,27,107548,0,8,8.818107382183518,1.0736840004028636,32.95165400004407,268.0
1780246219,50,gRPC,gRPC/listar-playlists-usuario,1044.500000,0.000000,9,9,9,10,11,12,14,17,26,27,27,107558,0,9,9.22281753524572,1.060616999893682,35.88453499969546,388.0
1780246219,50,gRPC,gRPC/listar-usuarios,1043.600000,0.000000,8,9,9,10,11,12,15,18,24,27,27,107584,0,8,9.145592894872834,1.1436270001468074,35.99240799985637,15097.0
1780246219,50,,Aggregated,5219.600000,0.000000,8,9,9,10,11,12,14,17,24,27,27,537819,0,8,9.073600767645022,0.971127999946475,36.11727999987124,8054.41494629234
1780246220,50,gRPC,gRPC/listar-musicas,1043.400000,0.000000,9,9,9,10,11,12,15,19,26,33,33,108675,0,9,9.402273824513703,1.3752759996350505,36.11727999987124,24374.0
1780246220,50,gRPC,gRPC/listar-musicas-playlist,1044.200000,0.000000,8,9,9,9,10,12,14,18,26,31,31,108655,0,8,8.772010709990662,0.971127999946475,36.11070100032521,140.0
1780246220,50,gRPC,gRPC/listar-playlists-musica,1044.600000,0.000000,8,9,9,9,11,12,15,18,27,32,33,108646,0,8,8.815826397382988,1.0736840004028636,32.95165400004407,268.0
1780246220,50,gRPC,gRPC/listar-playlists-usuario,1043.900000,0.000000,9,9,9,10,11,12,15,18,31,33,33,108658,0,9,9.21996445239166,1.060616999893682,35.88453499969546,388.0
1780246220,50,gRPC,gRPC/listar-usuarios,1043.800000,0.000000,8,9,9,10,11,12,15,19,31,33,33,108683,0,8,9.141947197924289,1.1436270001468074,35.99240799985637,15097.0
1780246220,50,,Aggregated,5219.900000,0.000000,8,9,9,9,11,12,15,18,27,33,33,543317,0,8,9.070425462709784,0.971127999946475,36.11727999987124,8054.450409245432
1780246221,50,gRPC,gRPC/listar-musicas,1043.100000,0.000000,9,9,9,10,11,12,16,20,26,33,33,109645,0,9,9.406046557763933,1.3752759996350505,36.11727999987124,24374.0
1780246221,50,gRPC,gRPC/listar-musicas-playlist,1041.800000,0.000000,8,9,9,9,10,11,15,18,26,31,31,109616,0,8,8.778538381623452,0.971127999946475,36.11070100032521,140.0
1780246221,50,gRPC,gRPC/listar-playlists-musica,1042.600000,0.000000,8,9,9,9,10,12,15,18,27,32,33,109607,0,8,8.82349346748912,1.0736840004028636,32.95165400004407,268.0
1780246221,50,gRPC,gRPC/listar-playlists-usuario,1042.100000,0.000000,9,9,9,10,11,12,16,19,31,33,33,109631,0,9,9.225639970208958,1.060616999893682,35.88453499969546,388.0
1780246221,50,gRPC,gRPC/listar-usuarios,1043.400000,0.000000,8,9,9,10,11,12,16,20,31,33,33,109651,0,8,9.148539634148458,1.1436270001468074,35.99240799985637,15097.0
1780246221,50,,Aggregated,5213.000000,0.000000,8,9,9,9,11,12,16,19,27,33,33,548150,0,8,9.076481878236075,0.971127999946475,36.11727999987124,8054.631252394418
1780246222,50,gRPC,gRPC/listar-musicas,1043.400000,0.000000,9,9,9,10,11,12,16,19,26,33,33,110719,0,9,9.40136063388426,1.3752759996350505,36.11727999987124,24374.0
1780246222,50,gRPC,gRPC/listar-musicas-playlist,1042.200000,0.000000,8,9,9,9,10,11,16,19,26,31,31,110705,0,8,8.778863189964687,0.971127999946475,36.11070100032521,140.0
1780246222,50,gRPC,gRPC/listar-playlists-musica,1042.800000,0.000000,8,9,9,9,10,12,16,19,27,32,33,110696,0,8,8.823275589615477,1.0736840004028636,32.95165400004407,268.0
1780246222,50,gRPC,gRPC/listar-playlists-usuario,1042.700000,0.000000,9,9,9,10,11,12,16,19,31,33,33,110707,0,9,9.222495670400102,1.060616999893682,35.88453499969546,388.0
1780246222,50,gRPC,gRPC/listar-usuarios,1043.500000,0.000000,8,9,9,10,11,12,16,20,31,33,33,110732,0,8,9.145914536945254,1.1436270001468074,35.99240799985637,15097.0
1780246222,50,,Aggregated,5214.600000,0.000000,8,9,9,9,11,12,16,19,27,33,33,553559,0,8,9.074398300495709,0.971127999946475,36.11727999987124,8054.255199536093
1780246223,50,gRPC,gRPC/listar-musicas,1045.300000,0.000000,9,9,9,10,11,12,17,21,26,33,33,111773,0,9,9.398634311014463,1.3752759996350505,36.11727999987124,24374.0
1780246223,50,gRPC,gRPC/listar-musicas-playlist,1045.000000,0.000000,8,9,9,9,10,11,16,19,26,31,31,111755,0,8,8.780048812948378,0.971127999946475,36.11070100032521,140.0
1780246223,50,gRPC,gRPC/listar-playlists-musica,1045.000000,0.000000,8,9,9,9,10,12,16,19,27,32,33,111746,0,8,8.823263115825847,1.0736840004028636,32.95165400004407,268.0
1780246223,50,gRPC,gRPC/listar-playlists-usuario,1045.400000,0.000000,9,9,9,10,11,12,16,20,31,33,33,111757,0,9,9.220963613966063,1.060616999893682,35.88453499969546,388.0
1780246223,50,gRPC,gRPC/listar-usuarios,1045.000000,0.000000,8,9,9,10,11,12,16,21,31,33,33,111783,0,8,9.144770922600225,1.1436270001468074,35.99240799985637,15097.0
1780246223,50,,Aggregated,5225.700000,0.000000,8,9,9,9,11,12,16,20,27,33,33,558814,0,8,9.07355475475585,0.971127999946475,36.11727999987124,8054.3765850533455
1780246224,50,gRPC,gRPC/listar-musicas,1043.400000,0.000000,9,9,9,10,11,12,16,19,26,33,33,112880,0,9,9.390897871509654,1.3752759996350505,36.11727999987124,24374.0
1780246224,50,gRPC,gRPC/listar-musicas-playlist,1044.100000,0.000000,8,9,9,9,10,11,16,19,26,31,31,112857,0,8,8.77648476772421,0.971127999946475,36.11070100032521,140.0
1780246224,50,gRPC,gRPC/listar-playlists-musica,1043.200000,0.000000,8,9,9,9,10,12,16,19,27,32,33,112851,0,8,8.819879321725752,1.0736840004028636,32.95165400004407,268.0
1780246224,50,gRPC,gRPC/listar-playlists-usuario,1044.300000,0.000000,9,9,9,10,11,12,16,19,31,33,33,112867,0,9,9.215606974031331,1.060616999893682,35.88453499969546,388.0
1780246224,50,gRPC,gRPC/listar-usuarios,1043.400000,0.000000,8,9,9,9,11,12,16,19,31,33,33,112892,0,8,9.139838993870434,1.1436270001468074,35.99240799985637,15097.0
1780246224,50,,Aggregated,5218.400000,0.000000,8,9,9,9,11,12,16,19,27,33,33,564347,0,8,9.06856439484416,0.971127999946475,36.11727999987124,8054.448925926779
1780246225,50,gRPC,gRPC/listar-musicas,1045.000000,0.000000,9,9,9,9,11,12,17,20,26,33,33,113957,0,9,9.385720510060882,1.3752759996350505,36.11727999987124,24374.0
1780246225,50,gRPC,gRPC/listar-musicas-playlist,1044.700000,0.000000,8,9,9,9,10,11,16,19,26,31,31,113944,0,8,8.775812864363642,0.971127999946475,36.11070100032521,140.0
1780246225,50,gRPC,gRPC/listar-playlists-musica,1044.500000,0.000000,8,9,9,9,10,12,16,19,27,32,33,113931,0,8,8.818063607157598,1.0736840004028636,32.95165400004407,268.0
1780246225,50,gRPC,gRPC/listar-playlists-usuario,1044.800000,0.000000,8,9,9,10,11,12,16,19,31,33,33,113953,0,9,9.211390401911325,1.060616999893682,35.88453499969546,388.0
1780246225,50,gRPC,gRPC/listar-usuarios,1044.800000,0.000000,8,9,9,9,11,12,16,20,31,33,33,113970,0,8,9.13650795749779,1.1436270001468074,35.99240799985637,15097.0
1780246225,50,,Aggregated,5223.800000,0.000000,8,9,9,9,11,12,16,20,27,33,33,569755,0,8,9.065517565258986,0.971127999946475,36.11727999987124,8054.150362875271
1780246226,50,gRPC,gRPC/listar-musicas,1043.700000,0.000000,8,9,9,9,11,12,16,19,26,33,33,114961,0,9,9.386496446438443,1.3752759996350505,36.11727999987124,24374.0
1780246226,50,gRPC,gRPC/listar-musicas-playlist,1043.000000,0.000000,8,9,9,9,10,11,15,18,26,31,31,114947,0,8,8.780003935353315,0.971127999946475,36.11070100032521,140.0
1780246226,50,gRPC,gRPC/listar-playlists-musica,1042.200000,0.000000,8,9,9,9,10,11,15,18,27,32,33,114938,0,8,8.822379653344264,1.0736840004028636,32.95165400004407,268.0
1780246226,50,gRPC,gRPC/listar-playlists-usuario,1043.100000,0.000000,8,9,9,9,11,12,16,19,31,33,33,114957,0,9,9.212842649321002,1.060616999893682,35.88453499969546,388.0
1780246226,50,gRPC,gRPC/listar-usuarios,1042.900000,0.000000,8,9,9,9,11,12,16,19,31,33,33,114976,0,8,9.139128970115733,1.1436270001468074,35.99240799985637,15097.0
1780246226,50,,Aggregated,5214.900000,0.000000,8,9,9,9,10,12,16,19,27,33,33,574779,0,8,9.068188030248448,0.971127999946475,36.11727999987124,8054.141445668683
1780246227,50,gRPC,gRPC/listar-musicas,1045.500000,0.000000,8,9,9,9,11,12,16,19,33,33,33,116042,0,9,9.382855793273187,1.3752759996350505,36.11727999987124,24374.0
1780246227,50,gRPC,gRPC/listar-musicas-playlist,1046.000000,0.000000,8,9,9,9,10,11,15,18,31,33,33,116017,0,8,8.779716586164648,0.971127999946475,36.11070100032521,140.0
1780246227,50,gRPC,gRPC/listar-playlists-musica,1045.000000,0.000000,8,9,9,9,10,11,15,19,32,33,33,116008,0,8,8.821405766611644,1.0736840004028636,33.1629420002173,268.0
1780246227,50,gRPC,gRPC/listar-playlists-usuario,1045.500000,0.000000,8,9,9,9,11,12,16,19,31,33,33,116030,0,9,9.208393623140553,1.060616999893682,35.88453499969546,388.0
1780246227,50,gRPC,gRPC/listar-usuarios,1045.600000,0.000000,8,9,9,9,11,12,16,19,32,33,33,116052,0,8,9.136662377899766,1.1436270001468074,35.99240799985637,15097.0
1780246227,50,,Aggregated,5227.600000,0.000000,8,9,9,9,10,12,16,19,32,33,33,580149,0,8,9.065831753025796,0.971127999946475,36.11727999987124,8054.477239467792
1780246228,50,gRPC,gRPC/listar-musicas,1045.000000,0.000000,8,9,9,9,10,12,16,19,33,33,33,117107,0,9,9.378002695509272,1.3752759996350505,36.11727999987124,24374.0
1780246228,50,gRPC,gRPC/listar-musicas-playlist,1045.000000,0.000000,8,9,9,9,10,11,15,18,31,33,33,117090,0,8,8.780417306329003,0.971127999946475,36.11070100032521,140.0
1780246228,50,gRPC,gRPC/listar-playlists-musica,1045.400000,0.000000,8,9,9,9,10,11,15,19,32,33,33,117077,0,8,8.821084343706069,1.0736840004028636,33.1629420002173,268.0
1780246228,50,gRPC,gRPC/listar-playlists-usuario,1045.300000,0.000000,8,9,9,9,10,12,15,19,31,33,33,117099,0,9,9.20493549429964,1.060616999893682,35.88453499969546,388.0
1780246228,50,gRPC,gRPC/listar-usuarios,1045.500000,0.000000,8,9,9,9,10,12,15,19,32,33,33,117114,0,8,9.133357004380509,1.1436270001468074,35.99240799985637,15097.0
1780246228,50,,Aggregated,5226.200000,0.000000,8,9,9,9,10,12,15,19,32,33,33,585487,0,8,9.063578917084667,0.971127999946475,36.11727999987124,8054.217641040706
1780246229,50,gRPC,gRPC/listar-musicas,1048.800000,0.000000,8,9,9,9,10,12,16,19,33,33,33,118225,0,9,9.36966814373445,1.3752759996350505,36.11727999987124,24374.0
1780246229,50,gRPC,gRPC/listar-musicas-playlist,1048.100000,0.000000,8,9,9,9,10,11,15,18,26,33,33,118206,0,8,8.776964883940424,0.971127999946475,36.11070100032521,140.0
1780246229,50,gRPC,gRPC/listar-playlists-musica,1047.800000,0.000000,8,9,9,9,10,11,15,18,26,33,33,118196,0,8,8.81752944997353,1.0736840004028636,33.1629420002173,268.0
1780246229,50,gRPC,gRPC/listar-playlists-usuario,1048.300000,0.000000,8,9,9,9,10,12,15,18,25,33,33,118209,0,9,9.1981642569347,1.060616999893682,35.88453499969546,388.0
1780246229,50,gRPC,gRPC/listar-usuarios,1048.700000,0.000000,8,9,9,9,10,12,15,18,31,33,33,118236,0,8,9.127353174253349,1.1436270001468074,35.99240799985637,15097.0
1780246229,50,,Aggregated,5241.700000,0.000000,8,9,9,9,10,12,15,18,26,33,33,591072,0,8,9.057954304707684,0.971127999946475,36.11727999987124,8054.374935710032
