Timestamp,User Count,Type,Name,Requests/s,Failures/s,50%,66%,75%,80%,90%,95%,98%,99%,99.9%,99.99%,100%,Total Request Count,Total Failure Count,Total Median Response Time,Total Average Response Time,Total Min Response Time,Total Max Response Time,Total Average Content Size
1780245873,0,,Aggregated,0.000000,0.000000,N/A,N/A,N/A,N/A,N/A,N/A,N/A,N/A,N/A,N/A,N/A,0,0,0,0.0,0,0,0
1780245874,10,POST,SOAP/listar-musicas,0.000000,0.000000,0,0,0,0,0,0,0,0,0,0,0,65,0,47,50.19005387689154,11.59532500014393,101.40194399991742,71703.0
1780245874,10,POST,SOAP/listar-musicas-playlist,0.000000,0.000000,0,0,0,0,0,0,0,0,0,0,0,64,0,14,19.778084281306008,2.9740600002696738,77.10334000012153,753.0
1780245874,10,POST,SOAP/listar-playlists-musica,0.000000,0.000000,0,0,0,0,0,0,0,0,0,0,0,59,0,12,15.774843847446977,2.6085389999934705,87.7705589996367,1263.0
1780245874,10,POST,SOAP/listar-playlists-usuario,0.000000,0.000000,0,0,0,0,0,0,0,0,0,0,0,64,0,33,34.185442765604535,2.587708999726601,100.52716100017278,1608.0
1780245874,10,POST,SOAP/listar-usuarios,0.000000,0.000000,0,0,0,0,0,0,0,0,0,0,0,66,0,24,31.3108711667417,5.871956000191858,128.19234300013704,28012.0
1780245874,10,,Aggregated,0.000000,0.000000,0,0,0,0,0,0,0,0,0,0,0,318,0,24,30.544819235863358,2.587708999726601,128.19234300013704,21179.584905660377
1780245875,20,POST,SOAP/listar-musicas,0.000000,0.000000,55,68,73,77,99,130,140,150,150,150,150,131,0,54,58.13684205344099,11.59532500014393,151.65510799988624,71703.0
1780245875,20,POST,SOAP/listar-musicas-playlist,0.000000,0.000000,38,54,56,62,74,78,110,110,110,110,110,124,0,26,34.962647112934064,2.9740600002696738,111.06385199991564,753.0
1780245875,20,POST,SOAP/listar-playlists-musica,0.000000,0.000000,40,52,60,62,77,78,110,130,130,130,130,120,0,26,34.49496246663936,2.6085389999934705,132.6616549999926,1263.0
1780245875,20,POST,SOAP/listar-playlists-usuario,0.000000,0.000000,44,52,58,60,66,73,91,120,120,120,120,127,0,40,41.4704450078759,2.587708999726601,118.52490499995838,1608.0
1780245875,20,POST,SOAP/listar-usuarios,0.000000,0.000000,47,59,64,68,110,290,440,500,500,500,500,135,0,41,57.65064809632316,5.871956000191858,504.01828199983356,28012.0
1780245875,20,,Aggregated,0.000000,0.000000,46,56,62,66,78,100,140,290,500,500,500,637,0,40,45.74611311774754,2.587708999726601,504.01828199983356,21387.53689167975
1780245876,30,POST,SOAP/listar-musicas,35.000000,0.000000,68,83,97,100,120,140,170,210,210,210,210,198,0,64,70.58119795959955,11.59532500014393,208.21470800001407,71703.0
1780245876,30,POST,SOAP/listar-musicas-playlist,34.000000,0.000000,54,64,74,78,100,110,110,110,130,130,130,184,0,43,47.841299038062196,2.9740600002696738,127.75727200005349,753.0
1780245876,30,POST,SOAP/listar-playlists-musica,33.000000,0.000000,54,66,77,83,100,110,120,130,130,130,130,177,0,45,48.026106514100455,2.6085389999934705,132.6616549999926,1263.0
1780245876,30,POST,SOAP/listar-playlists-usuario,35.000000,0.000000,54,66,78,82,99,110,110,120,120,120,120,191,0,50,53.240306565432874,2.587708999726601,122.54376100008813,1608.0
1780245876,30,POST,SOAP/listar-usuarios,39.000000,0.000000,57,71,87,100,180,400,600,770,880,880,880,202,0,52,83.68331488120498,5.871956000191858,879.2746550002448,28012.0
1780245876,30,,Aggregated,176.000000,0.000000,56,70,82,90,110,120,210,440,880,880,880,952,0,53,61.29351389916075,2.587708999726601,879.2746550002448,21559.715336134454
1780245877,40,POST,SOAP/listar-musicas,50.000000,0.000000,82,100,110,120,130,170,210,220,230,230,230,263,0,75,82.36713288213049,11.59532500014393,232.51353500018013,71703.0
1780245877,40,POST,SOAP/listar-musicas-playlist,46.000000,0.000000,65,84,96,100,110,120,130,140,200,200,200,247,0,56,60.36922878949097,2.9740600002696738,199.6664579996832,753.0
1780245877,40,POST,SOAP/listar-playlists-musica,45.000000,0.000000,66,85,96,110,110,120,140,140,150,150,150,238,0,58,60.989031911752235,2.6085389999934705,149.1529109998737,1263.0
1780245877,40,POST,SOAP/listar-playlists-usuario,48.000000,0.000000,66,86,98,100,110,120,130,140,170,170,170,253,0,60,64.7230357786403,2.587708999726601,174.59575400016547,1608.0
1780245877,40,POST,SOAP/listar-usuarios,54.000000,0.000000,70,93,110,110,200,450,760,870,990,990,990,270,0,64,102.16580430372368,5.871956000191858,992.9070309999588,28012.0
1780245877,40,,Aggregated,243.000000,0.000000,70,89,100,110,120,140,230,500,880,990,990,1271,0,64,74.78272247679232,2.587708999726601,992.9070309999588,21490.588512981903
1780245878,50,POST,SOAP/listar-musicas,56.000000,0.000000,97,110,130,130,150,180,230,250,270,270,270,329,0,90,94.40369761094847,11.59532500014393,274.5885530002852,71703.0
1780245878,50,POST,SOAP/listar-musicas-playlist,52.000000,0.000000,78,99,110,110,130,140,150,160,200,200,200,310,0,73,72.100468593569,2.9740600002696738,199.6664579996832,753.0
1780245878,50,POST,SOAP/listar-playlists-musica,49.666667,0.000000,84,100,110,120,140,150,150,160,180,180,180,304,0,77,74.81706802959228,2.6085389999934705,177.1183599998949,1263.0
1780245878,50,POST,SOAP/listar-playlists-usuario,53.666667,0.000000,83,99,110,120,130,140,150,170,260,260,260,320,0,75,76.41958878748483,2.587708999726601,258.40168100012306,1608.0
1780245878,50,POST,SOAP/listar-usuarios,57.333333,0.000000,89,110,120,130,220,540,870,990,1200,1200,1200,338,0,79,120.39041987279423,5.871956000191858,1201.516974000242,28012.0
1780245878,50,,Aggregated,268.666667,0.000000,86,100,110,120,140,160,260,540,1100,1200,1200,1601,0,78,88.25770192879708,2.587708999726601,1201.516974000242,21355.58088694566
1780245879,60,POST,SOAP/listar-musicas,58.000000,0.000000,110,130,140,150,170,210,260,290,310,310,310,396,0,100.0,106.22529781818517,11.59532500014393,312.45769199995266,71703.0
1780245879,60,POST,SOAP/listar-musicas-playlist,54.500000,0.000000,96,110,120,130,150,160,180,180,200,200,200,375,0,88,84.83696859468061,2.9740600002696738,199.6664579996832,753.0
1780245879,60,POST,SOAP/listar-playlists-musica,53.250000,0.000000,96,120,130,140,160,160,180,180,190,190,190,364,0,87,87.26319226373032,2.6085389999934705,187.48812700005146,1263.0
1780245879,60,POST,SOAP/listar-playlists-usuario,56.750000,0.000000,96,110,130,130,150,160,170,180,260,260,260,385,0,90,87.68280192466533,2.587708999726601,258.40168100012306,1608.0
1780245879,60,POST,SOAP/listar-usuarios,59.500000,0.000000,100,120,140,150,200,600,990,1300,1700,1700,1700,406,0,96,142.09045553695734,5.871956000191858,1709.4161789996178,28012.0
1780245879,60,,Aggregated,282.000000,0.000000,99,120,130,140,160,180,290,630,1500,1700,1700,1926,0,94,102.33099004777013,2.587708999726601,1709.4161789996178,21354.333852544132
1780245880,70,POST,SOAP/listar-musicas,59.600000,0.000000,120,140,160,160,180,220,290,330,340,340,340,463,0,110.0,117.10512169546585,11.59532500014393,341.0163769999599,71703.0
1780245880,70,POST,SOAP/listar-musicas-playlist,55.800000,0.000000,110,130,140,150,170,180,180,190,200,200,200,440,0,100.0,95.7010644341019,2.9740600002696738,199.8638159998336,753.0
1780245880,70,POST,SOAP/listar-playlists-musica,54.000000,0.000000,110,130,150,150,170,180,190,190,200,200,200,430,0,100.0,98.48703270929539,2.6085389999934705,199.7730009998122,1263.0
1780245880,70,POST,SOAP/listar-playlists-usuario,57.600000,0.000000,110,130,140,150,160,170,180,190,290,290,290,453,0,100.0,98.101929675489,2.587708999726601,285.0182060001316,1608.0
1780245880,70,POST,SOAP/listar-usuarios,61.400000,0.000000,120,140,160,160,200,760,1300,1500,2000,2000,2000,476,0,110.0,164.1155508214367,5.871956000191858,2001.999837999847,28012.0
1780245880,70,,Aggregated,288.400000,0.000000,110,130,150,160,170,190,330,770,1700,2000,2000,2262,0,110.0,115.48927501989527,2.587708999726601,2001.999837999847,21279.85632183908
1780245881,80,POST,SOAP/listar-musicas,60.500000,0.000000,130,160,170,180,200,230,330,340,380,380,380,530,0,130.0,127.30135340754688,11.59532500014393,376.3984850002089,71703.0
1780245881,80,POST,SOAP/listar-musicas-playlist,57.833333,0.000000,120,140,160,170,180,190,190,200,210,210,210,509,0,110.0,107.2773755599275,2.9740600002696738,214.58900299967354,753.0
1780245881,80,POST,SOAP/listar-playlists-musica,56.000000,0.000000,120,150,160,170,180,190,190,200,210,210,210,493,0,110.0,109.07614552940305,2.6085389999934705,214.49356799985253,1263.0
1780245881,80,POST,SOAP/listar-playlists-usuario,59.166667,0.000000,120,140,160,160,180,180,200,200,290,290,290,518,0,110.0,107.89969860424206,2.587708999726601,285.0182060001316,1608.0
1780245881,80,POST,SOAP/listar-usuarios,62.500000,0.000000,130,160,170,180,210,770,1500,1700,2400,2400,2400,546,0,120.0,182.3500674890143,5.871956000191858,2366.7061390001436,28012.0
1780245881,80,,Aggregated,296.000000,0.000000,120,150,160,170,190,200,340,830,2000,2400,2400,2596,0,120.0,127.62080968335815,2.587708999726601,2366.7061390001436,21238.8374422188
1780245882,90,POST,SOAP/listar-musicas,61.428571,0.000000,140,170,180,190,220,250,340,370,430,430,430,595,0,140.0,137.72571232268936,11.59532500014393,430.0878579997516,71703.0
1780245882,90,POST,SOAP/listar-musicas-playlist,58.142857,0.000000,130,160,180,180,190,210,230,230,250,250,250,572,0,120.0,117.89102050524683,2.9740600002696738,254.0050039997368,753.0
1780245882,90,POST,SOAP/listar-playlists-musica,56.857143,0.000000,130,160,180,180,200,210,230,230,250,250,250,555,0,130.0,119.9977283783719,2.6085389999934705,253.96659900025043,1263.0
1780245882,90,POST,SOAP/listar-playlists-usuario,59.857143,0.000000,130,150,170,170,190,200,220,230,290,290,290,582,0,120.0,117.82000226459927,2.587708999726601,285.0182060001316,1608.0
1780245882,90,POST,SOAP/listar-usuarios,63.000000,0.000000,140,170,180,190,230,850,1700,2200,2900,2900,2900,612,0,130.0,203.43411685621373,5.871956000191858,2941.1897310001223,28012.0
1780245882,90,,Aggregated,299.285714,0.000000,130,160,180,180,200,230,360,870,2500,2900,2900,2916,0,130.0,140.27850570816088,2.587708999726601,2941.1897310001223,21218.849794238682
1780245883,100,POST,SOAP/listar-musicas,61.875000,0.000000,150,180,200,200,230,250,360,410,440,440,440,662,0,150.0,147.4816402235641,11.59532500014393,444.1012799998134,71703.0
1780245883,100,POST,SOAP/listar-musicas-playlist,58.875000,0.000000,140,170,180,190,210,230,230,240,260,260,260,636,0,130.0,127.70466509591691,2.9740600002696738,256.27239999994345,753.0
1780245883,100,POST,SOAP/listar-playlists-musica,57.375000,0.000000,150,180,190,190,220,230,240,250,260,260,260,621,0,140.0,130.36785362962007,2.6085389999934705,256.2517849996766,1263.0
1780245883,100,POST,SOAP/listar-playlists-usuario,60.500000,0.000000,140,170,180,190,210,220,230,240,290,290,290,649,0,130.0,127.28999654236677,2.587708999726601,285.0182060001316,1608.0
1780245883,100,POST,SOAP/listar-usuarios,63.750000,0.000000,150,180,190,210,230,880,2000,2600,3400,3400,3400,678,0,150.0,224.93525869469613,5.871956000191858,3373.0157410000174,28012.0
1780245883,100,,Aggregated,302.375000,0.000000,150,180,190,200,220,230,370,980,2900,3400,3400,3246,0,140.0,152.47343286629587,2.587708999726601,3373.0157410000174,21184.949168207026
1780245884,110,POST,SOAP/listar-musicas,62.444444,0.000000,170,200,220,220,240,270,390,430,460,460,460,729,0,160.0,156.3558440041164,11.59532500014393,464.10005000007004,71703.0
1780245884,110,POST,SOAP/listar-musicas-playlist,59.444444,0.000000,160,190,200,210,230,240,240,250,260,260,260,699,0,140.0,136.86265623319184,2.9740600002696738,259.68863799971587,753.0
1780245884,110,POST,SOAP/listar-playlists-musica,58.111111,0.000000,160,190,200,210,230,240,250,250,260,260,260,684,0,150.0,139.66620459940202,2.6085389999934705,259.61373299969637,1263.0
1780245884,110,POST,SOAP/listar-playlists-usuario,61.000000,0.000000,160,180,200,210,220,230,240,250,290,290,290,716,0,140.0,136.30043164384884,2.587708999726601,285.0182060001316,1608.0
1780245884,110,POST,SOAP/listar-usuarios,64.000000,0.000000,170,200,210,220,250,1100,2400,3000,3900,3900,3900,746,0,160.0,243.19842211662893,5.871956000191858,3927.1873179995964,28012.0
1780245884,110,,Aggregated,305.000000,0.000000,170,190,210,220,230,240,410,1100,3400,3900,3900,3574,0,150.0,163.45809258197914,2.587708999726601,3927.1873179995964,21183.549524342474
1780245885,120,POST,SOAP/listar-musicas,62.500000,0.000000,190,220,230,240,250,290,420,460,490,490,490,796,0,170.0,165.11976749120822,11.59532500014393,493.1394350001028,71703.0
1780245885,120,POST,SOAP/listar-musicas-playlist,59.700000,0.000000,180,200,220,230,240,250,250,260,280,280,280,763,0,160.0,145.75775312188753,2.9740600002696738,282.1118189999652,753.0
1780245885,120,POST,SOAP/listar-playlists-musica,58.300000,0.000000,180,200,220,230,240,250,260,260,280,280,280,746,0,160.0,148.4867614208975,2.6085389999934705,282.0221470001343,1263.0
1780245885,120,POST,SOAP/listar-playlists-usuario,61.200000,0.000000,170,200,220,220,230,240,250,260,290,290,290,779,0,150.0,144.52993356225159,2.587708999726601,285.0182060001316,1608.0
1780245885,120,POST,SOAP/listar-usuarios,64.300000,0.000000,180,210,230,240,260,1300,2800,3500,4600,4600,4600,811,0,170.0,263.0845807447651,5.871956000191858,4649.819817000207,28012.0
1780245885,120,,Aggregated,306.000000,0.000000,180,210,220,230,240,260,440,1300,3900,4600,4600,3895,0,160.0,174.42106233735316,2.587708999726601,4649.819817000207,21197.096020539153
1780245886,130,POST,SOAP/listar-musicas,65.600000,0.000000,210,230,240,250,260,330,440,470,510,510,510,862,0,180.0,172.75280466937707,11.59532500014393,510.35709699999643,71703.0
1780245886,130,POST,SOAP/listar-musicas-playlist,62.700000,0.000000,190,220,230,240,250,250,270,270,290,290,290,828,0,170.0,153.7148152258434,2.9740600002696738,292.2424629996385,753.0
1780245886,130,POST,SOAP/listar-playlists-musica,61.500000,0.000000,200,220,230,240,250,260,270,270,290,290,290,812,0,170.0,156.6984688620574,2.6085389999934705,292.1843499998431,1263.0
1780245886,130,POST,SOAP/listar-playlists-usuario,64.000000,0.000000,190,220,230,230,240,250,260,270,290,290,290,846,0,160.0,152.3022423947893,2.587708999726601,285.0182060001316,1608.0
1780245886,130,POST,SOAP/listar-usuarios,66.800000,0.000000,200,230,240,240,270,1500,3200,4100,4900,4900,4900,881,0,180.0,281.1826913064755,5.871956000191858,4879.1107060001195,28012.0
1780245886,130,,Aggregated,320.600000,0.000000,200,220,230,240,250,270,460,1500,4400,4900,4900,4229,0,170.0,184.44019613501712,2.587708999726601,4879.1107060001195,21162.44171198865
1780245887,140,POST,SOAP/listar-musicas,65.700000,0.000000,220,240,250,260,280,340,460,490,540,540,540,928,0,180.0,180.6025107004348,11.59532500014393,542.4455610000223,71703.0
1780245887,140,POST,SOAP/listar-musicas-playlist,63.300000,0.000000,210,230,240,250,260,270,280,280,310,310,310,891,0,180.0,161.6030678159338,2.9740600002696738,310.8049019997452,753.0
1780245887,140,POST,SOAP/listar-playlists-musica,62.200000,0.000000,220,240,250,250,270,270,280,280,310,310,310,876,0,180.0,164.78554455364102,2.6085389999934705,310.79275999991296,1263.0
1780245887,140,POST,SOAP/listar-playlists-usuario,64.200000,0.000000,210,230,240,240,260,260,270,280,300,300,300,907,0,170.0,159.40834239579883,2.587708999726601,300.8836889998747,1608.0
1780245887,140,POST,SOAP/listar-usuarios,66.600000,0.000000,220,240,250,260,270,1700,3900,4600,5900,5900,5900,946,0,180.0,302.3840065919699,5.871956000191858,5943.035993000194,28012.0
1780245887,140,,Aggregated,322.000000,0.000000,220,230,240,250,270,280,460,1700,5100,5900,5900,4548,0,180.0,194.938046871588,2.587708999726601,5943.035993000194,21168.756156552332
1780245888,150,POST,SOAP/listar-musicas,65.500000,0.000000,230,250,260,270,290,370,490,520,550,550,550,995,0,190.0,187.9886105477435,11.59532500014393,554.4474440002887,71703.0
1780245888,150,POST,SOAP/listar-musicas-playlist,63.700000,0.000000,230,240,250,260,270,280,290,290,310,310,310,958,0,180.0,169.40443729227266,2.9740600002696738,310.8049019997452,753.0
1780245888,150,POST,SOAP/listar-playlists-musica,62.500000,0.000000,230,250,260,260,270,280,290,290,310,310,310,940,0,190.0,172.28228029466612,2.6085389999934705,310.79275999991296,1263.0
1780245888,150,POST,SOAP/listar-playlists-usuario,64.500000,0.000000,220,240,250,250,270,280,280,290,300,300,300,977,0,180.0,167.12454498156345,2.587708999726601,303.59542199994394,1608.0
1780245888,150,POST,SOAP/listar-usuarios,67.100000,0.000000,230,250,260,270,290,2000,4200,5100,6200,6200,6200,1013,0,190.0,316.91982211056956,5.871956000191858,6231.038452000121,28012.0
1780245888,150,,Aggregated,323.300000,0.000000,230,250,260,260,280,290,460,2000,5700,6200,6200,4883,0,190.0,203.89185380769646,2.587708999726601,6231.038452000121,21134.59983616629
1780245889,160,POST,SOAP/listar-musicas,65.800000,0.000000,240,260,280,280,300,390,490,540,570,570,570,1063,0,200.0,195.23789318533082,11.59532500014393,568.4443210002428,71703.0
1780245889,160,POST,SOAP/listar-musicas-playlist,63.700000,0.000000,240,250,270,270,280,290,300,300,320,320,320,1024,0,190.0,176.98350798534793,2.9740600002696738,319.00657500000307,753.0
1780245889,160,POST,SOAP/listar-playlists-musica,62.400000,0.000000,240,260,270,270,290,290,300,300,320,320,320,1004,0,190.0,179.75754528783443,2.6085389999934705,318.8506309998047,1263.0
1780245889,160,POST,SOAP/listar-playlists-usuario,64.600000,0.000000,230,250,260,270,280,290,290,300,310,310,310,1043,0,190.0,174.37104942568487,2.587708999726601,310.2877480000643,1608.0
1780245889,160,POST,SOAP/listar-usuarios,66.800000,0.000000,240,260,270,280,290,2400,4600,5800,6900,6900,6900,1081,0,200.0,337.94664918964816,5.871956000191858,6907.209918999797,28012.0
1780245889,160,,Aggregated,323.300000,0.000000,240,260,270,270,290,300,460,2400,6200,6900,6900,5215,0,190.0,214.08147659194384,2.587708999726601,6907.209918999797,21134.71313518696
1780245890,170,POST,SOAP/listar-musicas,65.600000,0.000000,250,270,280,290,310,420,520,550,590,590,590,1129,0,210.0,201.9464959636878,11.59532500014393,589.9678759997187,71703.0
1780245890,170,POST,SOAP/listar-musicas-playlist,63.900000,0.000000,250,270,280,280,290,300,310,310,340,340,340,1090,0,200.0,184.2383811192609,2.9740600002696738,339.19568600003913,753.0
1780245890,170,POST,SOAP/listar-playlists-musica,63.100000,0.000000,250,270,280,280,300,300,310,310,340,340,340,1071,0,200.0,187.1448952474198,2.6085389999934705,339.1205610000725,1263.0
1780245890,170,POST,SOAP/listar-playlists-usuario,64.900000,0.000000,240,260,270,280,290,300,300,310,330,330,330,1109,0,190.0,181.22450065102734,2.587708999726601,327.7119950002998,1608.0
1780245890,170,POST,SOAP/listar-usuarios,66.700000,0.000000,250,270,280,290,310,2700,5400,6200,7800,7800,7800,1150,0,210.0,354.2144840643559,5.871956000191858,7794.543189000251,28012.0
1780245890,170,,Aggregated,324.200000,0.000000,250,270,280,280,300,310,460,2700,6900,7800,7800,5549,0,200.0,223.02653452315397,2.587708999726601,7794.543189000251,21107.082717606776
1780245891,180,POST,SOAP/listar-musicas,65.800000,0.000000,270,280,290,300,310,430,540,580,610,610,610,1197,0,220.0,208.35375481871534,11.59532500014393,609.5618190001915,71703.0
1780245891,180,POST,SOAP/listar-musicas-playlist,63.500000,0.000000,260,280,290,290,300,310,310,320,570,570,570,1159,0,210.0,191.0446918533181,2.9740600002696738,566.6784259997257,753.0
1780245891,180,POST,SOAP/listar-playlists-musica,63.100000,0.000000,270,280,290,290,300,310,310,320,570,570,570,1135,0,210.0,193.55271068192746,2.6085389999934705,566.3168690002749,1263.0
1780245891,180,POST,SOAP/listar-playlists-usuario,64.600000,0.000000,260,270,280,280,290,300,310,330,580,580,580,1177,0,210.0,188.19660569667616,2.587708999726601,584.0741759998309,1608.0
1780245891,180,POST,SOAP/listar-usuarios,66.400000,0.000000,270,280,290,290,310,2900,5800,6900,8100,8100,8100,1220,0,220.0,369.7784554532879,5.871956000191858,8116.023069000221,28012.0
1780245891,180,,Aggregated,323.400000,0.000000,260,280,290,290,300,310,490,3000,7700,8100,8100,5888,0,210.0,231.5114961885161,2.587708999726601,8116.023069000221,21094.086107336956
1780245892,190,POST,SOAP/listar-musicas,65.700000,0.000000,280,290,300,310,330,460,550,580,660,660,660,1263,0,230.0,215.05335671258987,11.59532500014393,655.2433420001762,71703.0
1780245892,190,POST,SOAP/listar-musicas-playlist,64.200000,0.000000,270,290,290,300,310,330,340,340,570,570,570,1221,0,220.0,197.64805161015136,2.9740600002696738,566.6784259997257,753.0
1780245892,190,POST,SOAP/listar-playlists-musica,63.200000,0.000000,270,290,300,300,310,330,340,340,570,570,570,1199,0,220.0,200.40070223434915,2.6085389999934705,566.3168690002749,1263.0
1780245892,190,POST,SOAP/listar-playlists-usuario,65.000000,0.000000,270,280,290,290,310,320,330,340,580,580,580,1241,0,210.0,194.67849399435082,2.587708999726601,584.0741759998309,1608.0
1780245892,190,POST,SOAP/listar-usuarios,66.600000,0.000000,270,290,300,300,330,3000,6200,7700,8900,8900,8900,1284,0,230.0,386.6539605381726,5.871956000191858,8937.976266000078,28012.0
1780245892,190,,Aggregated,324.700000,0.000000,270,290,290,300,320,330,510,3200,8100,8900,8900,6208,0,220.0,240.21920085389505,2.587708999726601,8937.976266000078,21094.970199742267
1780245893,200,POST,SOAP/listar-musicas,65.800000,0.000000,290,300,310,320,340,460,580,610,670,670,670,1329,0,230.0,221.22491932279823,11.59532500014393,670.7759280002392,71703.0
1780245893,200,POST,SOAP/listar-musicas-playlist,64.000000,0.000000,280,290,300,310,320,340,350,360,570,570,570,1286,0,230.0,203.9679664727815,2.9740600002696738,566.6784259997257,753.0
1780245893,200,POST,SOAP/listar-playlists-musica,63.100000,0.000000,280,300,310,310,330,340,350,360,570,570,570,1264,0,230.0,206.7733723267301,2.6085389999934705,566.3168690002749,1263.0
1780245893,200,POST,SOAP/listar-playlists-usuario,64.700000,0.000000,280,290,300,300,320,330,350,360,580,580,580,1306,0,220.0,200.76898682464724,2.587708999726601,584.0741759998309,1608.0
1780245893,200,POST,SOAP/listar-usuarios,66.200000,0.000000,280,300,310,310,330,3700,6900,8100,9900,9900,9900,1350,0,230.0,404.06606566815765,5.871956000191858,9903.657076999934,28012.0
1780245893,200,,Aggregated,323.800000,0.000000,280,300,300,310,330,340,510,3900,8900,9900,9900,6535,0,230.0,248.71702383014295,2.587708999726601,9903.657076999934,21082.52869166029
1780245894,210,POST,SOAP/listar-musicas,65.800000,0.000000,290,310,320,330,350,480,580,620,680,680,680,1398,0,240.0,227.4811502310414,11.59532500014393,675.8330869997735,71703.0
1780245894,210,POST,SOAP/listar-musicas-playlist,64.300000,0.000000,290,300,310,320,330,340,360,360,570,570,570,1352,0,230.0,210.24207296301563,2.9740600002696738,566.6784259997257,753.0
1780245894,210,POST,SOAP/listar-playlists-musica,63.600000,0.000000,290,310,320,320,340,350,360,360,570,570,570,1331,0,230.0,213.2103483876686,2.6085389999934705,566.3168690002749,1263.0
1780245894,210,POST,SOAP/listar-playlists-usuario,64.900000,0.000000,280,300,310,310,330,340,350,360,580,580,580,1375,0,230.0,207.1252271672654,2.587708999726601,584.0741759998309,1608.0
1780245894,210,POST,SOAP/listar-usuarios,66.400000,0.000000,290,310,320,320,340,570,7700,8900,11000,11000,11000,1419,0,240.0,421.59140306836736,5.871956000191858,10582.7941309999,28012.0
1780245894,210,,Aggregated,325.000000,0.000000,290,310,310,320,340,350,520,3900,9900,11000,11000,6875,0,230.0,257.3213516628336,2.587708999726601,10582.7941309999,21076.3536
1780245895,220,POST,SOAP/listar-musicas,66.000000,0.000000,300,320,330,340,350,480,610,660,680,680,680,1463,0,240.0,233.29870550649053,11.59532500014393,680.3274700000657,71703.0
1780245895,220,POST,SOAP/listar-musicas-playlist,64.400000,0.000000,300,320,320,330,340,350,360,360,570,570,570,1418,0,240.0,216.23650573906616,2.9740600002696738,566.6784259997257,753.0
1780245895,220,POST,SOAP/listar-playlists-musica,63.800000,0.000000,300,320,330,330,340,350,360,360,570,570,570,1397,0,240.0,219.3140084266169,2.6085389999934705,566.3168690002749,1263.0
1780245895,220,POST,SOAP/listar-playlists-usuario,65.100000,0.000000,290,310,320,330,340,350,350,360,580,580,580,1442,0,230.0,213.02013711303124,2.587708999726601,584.0741759998309,1608.0
1780245895,220,POST,SOAP/listar-usuarios,66.200000,0.000000,300,320,330,340,350,380,8100,9900,11000,11000,11000,1488,0,240.0,438.4629233830727,5.871956000191858,10931.062057999952,28012.0
1780245895,220,,Aggregated,325.500000,0.000000,300,320,330,330,340,360,540,680,10000,11000,11000,7208,0,240.0,265.52842796572963,2.587708999726601,10931.062057999952,21050.811043285237
1780245896,230,POST,SOAP/listar-musicas,65.800000,0.000000,310,330,340,350,360,380,620,670,710,710,710,1529,0,250.0,239.088228952908,11.59532500014393,713.5745659998065,71703.0
1780245896,230,POST,SOAP/listar-musicas-playlist,64.500000,0.000000,310,330,340,340,350,360,360,370,570,570,570,1484,0,240.0,222.17532184501138,2.9740600002696738,566.6784259997257,753.0
1780245896,230,POST,SOAP/listar-playlists-musica,63.800000,0.000000,310,330,340,340,350,360,370,370,570,570,570,1460,0,250.0,225.00369818560534,2.6085389999934705,566.3168690002749,1263.0
1780245896,230,POST,SOAP/listar-playlists-usuario,65.400000,0.000000,300,320,330,330,350,350,360,360,580,580,580,1508,0,240.0,218.70497081962168,2.587708999726601,584.0741759998309,1608.0
1780245896,230,POST,SOAP/listar-usuarios,66.600000,0.000000,310,330,340,340,360,370,8900,10000,12000,12000,12000,1555,0,250.0,456.3773164733206,5.871956000191858,11988.329222000175,28012.0
1780245896,230,,Aggregated,326.100000,0.000000,310,330,340,340,350,360,540,700,11000,12000,12000,7536,0,240.0,273.7862662088618,2.587708999726601,11988.329222000175,21042.84010084926
1780245897,240,POST,SOAP/listar-musicas,65.800000,0.000000,330,340,350,360,370,400,660,680,740,740,740,1595,0,250.0,245.09293863259848,11.59532500014393,741.4716240000416,71703.0
1780245897,240,POST,SOAP/listar-musicas-playlist,64.700000,0.000000,320,340,340,350,360,370,380,380,570,570,570,1546,0,250.0,227.95874065782328,2.9740600002696738,566.6784259997257,753.0
1780245897,240,POST,SOAP/listar-playlists-musica,63.700000,0.000000,320,340,350,350,360,370,380,380,570,570,570,1521,0,250.0,230.74604245363915,2.6085389999934705,566.3168690002749,1263.0
1780245897,240,POST,SOAP/listar-playlists-usuario,65.700000,0.000000,310,330,340,340,360,360,370,380,580,580,580,1570,0,240.0,224.28449319489775,2.587708999726601,584.0741759998309,1608.0
1780245897,240,POST,SOAP/listar-usuarios,66.600000,0.000000,320,340,350,350,370,380,9900,11000,13000,13000,13000,1621,0,260.0,475.5885417063626,5.871956000191858,13088.736587999847,28012.0
1780245897,240,,Aggregated,326.500000,0.000000,320,340,350,350,360,370,550,720,12000,13000,13000,7853,0,250.0,282.35933543486294,2.587708999726601,13088.736587999847,21059.90806061378
1780245898,250,POST,SOAP/listar-musicas,66.000000,0.000000,340,350,360,370,380,410,670,690,770,770,770,1659,0,260.0,250.5293609204301,11.59532500014393,767.8009559999737,71703.0
1780245898,250,POST,SOAP/listar-musicas-playlist,64.300000,0.000000,330,340,350,360,370,380,390,400,570,570,570,1613,0,250.0,233.96594502107638,2.9740600002696738,566.6784259997257,753.0
1780245898,250,POST,SOAP/listar-playlists-musica,63.800000,0.000000,330,350,360,360,370,380,390,400,570,570,570,1587,0,260.0,236.69960907686635,2.6085389999934705,566.3168690002749,1263.0
1780245898,250,POST,SOAP/listar-playlists-usuario,65.200000,0.000000,330,340,350,350,360,370,380,390,580,580,580,1636,0,250.0,229.97426016197522,2.587708999726601,584.0741759998309,1608.0
1780245898,250,POST,SOAP/listar-usuarios,66.200000,0.000000,330,350,360,360,380,400,10000,12000,13000,13000,13000,1685,0,270.0,486.17550800534934,5.871956000191858,13088.736587999847,28012.0
1780245898,250,,Aggregated,325.500000,0.000000,330,350,350,360,370,380,410,720,12000,13000,13000,8180,0,260.0,289.00992412041364,2.587708999726601,13088.736587999847,21027.525061124696
1780245899,250,POST,SOAP/listar-musicas,65.700000,0.000000,340,360,370,370,390,410,680,720,770,770,770,1726,0,270.0,256.28918758979927,11.59532500014393,767.8009559999737,71703.0
1780245899,250,POST,SOAP/listar-musicas-playlist,64.600000,0.000000,340,350,360,370,380,390,400,400,570,570,570,1676,0,260.0,239.4636865005946,2.9740600002696738,566.6784259997257,753.0
1780245899,250,POST,SOAP/listar-playlists-musica,64.200000,0.000000,340,360,370,370,380,390,400,410,570,570,570,1650,0,260.0,242.2576371242334,2.6085389999934705,566.3168690002749,1263.0
1780245899,250,POST,SOAP/listar-playlists-usuario,64.800000,0.000000,330,350,360,360,370,380,400,410,580,580,580,1700,0,250.0,235.3759084252886,2.587708999726601,584.0741759998309,1608.0
1780245899,250,POST,SOAP/listar-usuarios,66.600000,0.000000,340,360,370,370,380,410,11000,12000,14000,14000,14000,1753,0,270.0,504.6804160376575,5.871956000191858,13975.413745999958,28012.0
1780245899,250,,Aggregated,325.900000,0.000000,340,360,360,370,380,390,440,740,13000,14000,14000,8505,0,260.0,297.26810008782826,2.587708999726601,13975.413745999958,21039.85796590241
1780245900,250,POST,SOAP/listar-musicas,65.800000,0.000000,350,370,370,380,400,410,690,740,780,780,780,1792,0,270.0,261.58377350166955,11.59532500014393,782.5289009997505,71703.0
1780245900,250,POST,SOAP/listar-musicas-playlist,64.500000,0.000000,350,360,370,370,390,400,400,400,570,570,570,1742,0,270.0,244.86597211940048,2.9740600002696738,566.6784259997257,753.0
1780245900,250,POST,SOAP/listar-playlists-musica,63.800000,0.000000,350,370,370,380,390,400,400,410,570,570,570,1718,0,270.0,247.848390786372,2.6085389999934705,566.3168690002749,1263.0
1780245900,250,POST,SOAP/listar-playlists-usuario,65.000000,0.000000,340,360,360,370,380,390,400,410,580,580,580,1765,0,260.0,240.48691837336756,2.587708999726601,584.0741759998309,1608.0
1780245900,250,POST,SOAP/listar-usuarios,66.300000,0.000000,350,370,370,380,390,410,12000,13000,15000,15000,15000,1819,0,270.0,523.8962911138066,5.871956000191858,15131.61257899992,28012.0
1780245900,250,,Aggregated,325.400000,0.000000,350,360,370,370,390,400,420,760,14000,15000,15000,8836,0,270.0,305.4034569242849,2.587708999726601,15131.61257899992,21023.685377999096
1780245901,250,POST,SOAP/listar-musicas,65.600000,0.000000,360,380,380,390,400,420,710,760,780,780,780,1860,0,280.0,266.7803033327907,11.59532500014393,782.5289009997505,71703.0
1780245901,250,POST,SOAP/listar-musicas-playlist,64.700000,0.000000,360,370,380,380,400,400,410,410,430,430,430,1808,0,270.0,250.2193322051967,2.9740600002696738,566.6784259997257,753.0
1780245901,250,POST,SOAP/listar-playlists-musica,63.700000,0.000000,360,370,380,380,400,400,410,410,430,430,430,1781,0,270.0,252.95449983603947,2.6085389999934705,566.3168690002749,1263.0
1780245901,250,POST,SOAP/listar-playlists-usuario,65.100000,0.000000,350,360,370,370,390,390,400,410,420,420,420,1833,0,260.0,245.829017455535,2.587708999726601,584.0741759998309,1608.0
1780245901,250,POST,SOAP/listar-usuarios,66.300000,0.000000,360,370,380,380,400,420,12000,14000,16000,16000,16000,1887,0,280.0,535.3320962872361,5.871956000191858,15909.517969999797,28012.0
1780245901,250,,Aggregated,325.400000,0.000000,360,370,380,380,400,400,420,760,15000,16000,16000,9169,0,270.0,311.9092742637128,2.587708999726601,15909.517969999797,21025.68600719817
1780245902,250,POST,SOAP/listar-musicas,65.600000,0.000000,370,380,390,390,400,420,740,770,800,800,800,1927,0,280.0,271.7176915537053,11.59532500014393,801.7814189997807,71703.0
1780245902,250,POST,SOAP/listar-musicas-playlist,64.300000,0.000000,370,380,380,390,400,400,410,420,430,430,430,1873,0,280.0,255.00661883822653,2.9740600002696738,566.6784259997257,753.0
1780245902,250,POST,SOAP/listar-playlists-musica,63.700000,0.000000,370,380,380,390,400,400,410,420,430,430,430,1848,0,280.0,257.94393830031817,2.6085389999934705,566.3168690002749,1263.0
1780245902,250,POST,SOAP/listar-playlists-usuario,64.900000,0.000000,360,370,370,380,390,400,410,410,430,430,430,1897,0,270.0,250.38788171586594,2.587708999726601,584.0741759998309,1608.0
1780245902,250,POST,SOAP/listar-usuarios,66.000000,0.000000,370,380,380,390,400,420,13000,15000,16000,16000,16000,1953,0,290.0,553.8541346492658,5.871956000191858,16087.157324000145,28012.0
1780245902,250,,Aggregated,324.500000,0.000000,370,380,380,390,400,410,420,770,16000,16000,16000,9498,0,280.0,319.49575945167317,2.587708999726601,16087.157324000145,21022.729627289955
1780245903,250,POST,SOAP/listar-musicas,65.600000,0.000000,380,390,400,400,410,430,750,770,810,810,810,1993,0,290.0,276.705995561961,11.59532500014393,810.9471799998573,71703.0
1780245903,250,POST,SOAP/listar-musicas-playlist,64.800000,0.000000,370,380,390,400,410,410,420,420,440,440,440,1940,0,280.0,260.36468532886545,2.9740600002696738,566.6784259997257,753.0
1780245903,250,POST,SOAP/listar-playlists-musica,64.300000,0.000000,370,380,400,400,410,410,420,420,440,440,440,1912,0,280.0,263.08994761505676,2.6085389999934705,566.3168690002749,1263.0
1780245903,250,POST,SOAP/listar-playlists-usuario,65.200000,0.000000,370,380,390,390,400,410,420,420,430,430,430,1966,0,280.0,255.7614338280757,2.587708999726601,584.0741759998309,1608.0
1780245903,250,POST,SOAP/listar-usuarios,66.400000,0.000000,370,390,400,400,410,420,13000,15000,17000,17000,17000,2022,0,290.0,565.0564073348245,5.871956000191858,16901.01916599997,28012.0
1780245903,250,,Aggregated,326.300000,0.000000,370,380,390,400,410,420,430,770,16000,17000,17000,9833,0,280.0,325.94137629105927,2.587708999726601,16901.01916599997,21008.9847452456
1780245904,250,POST,SOAP/listar-musicas,65.500000,0.000000,380,400,400,410,420,430,760,780,820,820,820,2060,0,290.0,281.5433882495089,11.59532500014393,820.7292649999545,71703.0
1780245904,250,POST,SOAP/listar-musicas-playlist,64.400000,0.000000,380,390,400,400,410,420,420,420,440,440,440,2007,0,290.0,265.23935168360754,2.9740600002696738,566.6784259997257,753.0
1780245904,250,POST,SOAP/listar-playlists-musica,64.000000,0.000000,380,390,400,400,410,420,420,430,440,440,440,1981,0,290.0,268.16527591720717,2.6085389999934705,566.3168690002749,1263.0
1780245904,250,POST,SOAP/listar-playlists-usuario,65.400000,0.000000,370,390,390,400,400,410,420,420,430,430,430,2031,0,280.0,260.3229701920225,2.587708999726601,584.0741759998309,1608.0
1780245904,250,POST,SOAP/listar-usuarios,66.200000,0.000000,380,390,400,410,420,420,14000,16000,18000,18000,18000,2090,0,290.0,584.7268989373274,5.871956000191858,18131.294973999957,28012.0
1780245904,250,,Aggregated,325.500000,0.000000,380,390,400,400,410,420,430,800,17000,18000,18000,10169,0,290.0,333.7934252585289,2.587708999726601,18131.294973999957,20998.365817681188
1780245905,250,POST,SOAP/listar-musicas,65.700000,0.000000,390,400,410,410,430,440,770,810,850,850,850,2128,0,290.0,286.53774703946846,11.59532500014393,846.2790660000792,71703.0
1780245905,250,POST,SOAP/listar-musicas-playlist,64.800000,0.000000,390,400,410,410,420,430,430,440,450,450,450,2072,0,290.0,270.2280490839759,2.9740600002696738,566.6784259997257,753.0
1780245905,250,POST,SOAP/listar-playlists-musica,64.300000,0.000000,390,400,410,410,420,430,440,440,450,450,450,2043,0,290.0,272.93005838668086,2.6085389999934705,566.3168690002749,1263.0
1780245905,250,POST,SOAP/listar-playlists-usuario,65.200000,0.000000,380,390,400,400,410,420,430,430,440,440,440,2099,0,280.0,265.4048257656024,2.587708999726601,584.0741759998309,1608.0
1780245905,250,POST,SOAP/listar-usuarios,66.400000,0.000000,390,400,410,410,420,440,15000,16000,19000,19000,19000,2157,0,300.0,596.7427582350554,5.871956000191858,18981.20771799995,28012.0
1780245905,250,,Aggregated,326.400000,0.000000,390,400,410,410,420,430,440,800,18000,19000,19000,10499,0,290.0,340.17714177359596,2.587708999726601,18981.20771799995,21004.05610058101
1780245906,250,POST,SOAP/listar-musicas,66.000000,0.000000,400,410,410,420,430,440,770,810,860,860,860,2195,0,300.0,290.8726756610435,11.59532500014393,855.0233250002748,71703.0
1780245906,250,POST,SOAP/listar-musicas-playlist,64.700000,0.000000,400,410,410,420,420,430,440,440,450,450,450,2141,0,290.0,274.923869679121,2.9740600002696738,566.6784259997257,753.0
1780245906,250,POST,SOAP/listar-playlists-musica,64.300000,0.000000,400,410,410,420,430,430,440,440,450,450,450,2111,0,300.0,277.57065880387916,2.6085389999934705,566.3168690002749,1263.0
1780245906,250,POST,SOAP/listar-playlists-usuario,65.500000,0.000000,390,400,400,410,420,420,430,430,440,440,440,2168,0,290.0,269.96924650553416,2.587708999726601,584.0741759998309,1608.0
1780245906,250,POST,SOAP/listar-usuarios,66.400000,0.000000,400,410,410,420,430,440,15000,17000,19000,19000,19000,2225,0,300.0,607.5402330624772,5.871956000191858,18981.20771799995,28012.0
1780245906,250,,Aggregated,326.900000,0.000000,400,410,410,420,420,430,440,810,18000,19000,19000,10840,0,300.0,345.9501414928026,2.587708999726601,18981.20771799995,20985.174815498154
1780245907,250,POST,SOAP/listar-musicas,66.100000,0.000000,410,420,420,430,440,460,800,830,880,880,880,2262,0,310.0,295.868770353665,11.59532500014393,881.721571000071,71703.0
1780245907,250,POST,SOAP/listar-musicas-playlist,64.900000,0.000000,400,410,420,420,430,440,450,450,470,470,470,2201,0,300.0,279.3910525888224,2.9740600002696738,566.6784259997257,753.0
1780245907,250,POST,SOAP/listar-playlists-musica,64.400000,0.000000,400,410,420,420,430,440,450,450,470,470,470,2171,0,300.0,282.0477720856695,2.6085389999934705,566.3168690002749,1263.0
1780245907,250,POST,SOAP/listar-playlists-usuario,65.200000,0.000000,390,400,410,420,420,440,440,450,460,460,460,2230,0,290.0,274.46916626457346,2.587708999726601,584.0741759998309,1608.0
1780245907,250,POST,SOAP/listar-usuarios,66.300000,0.000000,400,410,420,430,440,450,16000,18000,20000,20000,20000,2291,0,310.0,627.8823745168094,5.871956000191858,20131.437442000333,28012.0
1780245907,250,,Aggregated,326.900000,0.000000,400,410,420,420,430,450,460,820,19000,20000,20000,11155,0,300.0,353.8382195673675,2.587708999726601,20131.437442000333,21008.771313312416
1780245908,250,POST,SOAP/listar-musicas,65.900000,0.000000,410,420,430,430,450,470,810,830,900,900,900,2329,0,310.0,300.38974279346934,11.59532500014393,904.0048649999335,71703.0
1780245908,250,POST,SOAP/listar-musicas-playlist,64.800000,0.000000,410,420,430,430,440,450,460,470,490,490,490,2272,0,300.0,284.4251055030789,2.9740600002696738,566.6784259997257,753.0
1780245908,250,POST,SOAP/listar-playlists-musica,64.400000,0.000000,410,420,430,430,440,450,460,470,490,490,490,2242,0,310.0,287.055614015161,2.6085389999934705,566.3168690002749,1263.0
1780245908,250,POST,SOAP/listar-playlists-usuario,65.400000,0.000000,400,410,420,420,430,440,450,460,490,490,490,2302,0,300.0,279.39730596611605,2.587708999726601,584.0741759998309,1608.0
1780245908,250,POST,SOAP/listar-usuarios,66.400000,0.000000,410,420,430,430,450,460,16000,19000,21000,21000,21000,2361,0,310.0,639.4684533003012,5.871956000191858,21006.000525000218,28012.0
1780245908,250,,Aggregated,326.900000,0.000000,410,420,430,430,440,450,470,830,20000,21000,21000,11506,0,310.0,360.0171957124096,2.587708999726601,21006.000525000218,20978.33278289588
1780245909,250,POST,SOAP/listar-musicas,66.100000,0.000000,420,430,440,440,460,470,810,860,900,900,900,2396,0,320.0,304.9405350817992,11.59532500014393,904.0048649999335,71703.0
1780245909,250,POST,SOAP/listar-musicas-playlist,65.000000,0.000000,410,430,430,440,450,460,470,470,490,490,490,2336,0,310.0,288.9398886566758,2.9740600002696738,566.6784259997257,753.0
1780245909,250,POST,SOAP/listar-playlists-musica,64.500000,0.000000,420,430,430,440,450,460,470,470,490,490,490,2307,0,310.0,291.6728821239669,2.6085389999934705,566.3168690002749,1263.0
1780245909,250,POST,SOAP/listar-playlists-usuario,65.800000,0.000000,410,420,430,430,440,450,460,470,490,490,490,2366,0,300.0,283.81192602070956,2.587708999726601,584.0741759998309,1608.0
1780245909,250,POST,SOAP/listar-usuarios,66.500000,0.000000,420,430,440,440,460,460,17000,19000,22000,22000,22000,2429,0,320.0,651.6347901745612,5.871956000191858,21902.9285849997,28012.0
1780245909,250,,Aggregated,327.900000,0.000000,410,430,430,440,450,460,480,830,21000,22000,22000,11834,0,310.0,366.13236127404,2.587708999726601,21902.9285849997,20983.506253168835
1780245910,250,POST,SOAP/listar-musicas,66.200000,0.000000,420,440,440,450,460,480,820,860,930,930,930,2464,0,320.0,309.54231036769136,11.59532500014393,927.3940829998537,71703.0
1780245910,250,POST,SOAP/listar-musicas-playlist,65.300000,0.000000,420,430,440,450,460,470,480,480,490,490,490,2403,0,310.0,293.67701640948536,2.9740600002696738,566.6784259997257,753.0
1780245910,250,POST,SOAP/listar-playlists-musica,64.700000,0.000000,420,430,440,450,460,470,480,480,490,490,490,2373,0,320.0,296.34828269574075,2.6085389999934705,566.3168690002749,1263.0
1780245910,250,POST,SOAP/listar-playlists-usuario,65.700000,0.000000,410,430,440,440,450,460,470,470,490,490,490,2435,0,310.0,288.52921126365436,2.587708999726601,584.0741759998309,1608.0
1780245910,250,POST,SOAP/listar-usuarios,66.700000,0.000000,420,440,450,450,460,470,18000,20000,22000,22000,22000,2495,0,330.0,663.8234243006054,5.871956000191858,22358.66183400003,28012.0
1780245910,250,,Aggregated,328.600000,0.000000,420,430,440,450,460,470,480,850,21000,22000,22000,12170,0,320.0,372.26464018668764,2.587708999726601,22358.66183400003,20976.842235004107
1780245911,250,POST,SOAP/listar-musicas,66.300000,0.000000,430,440,450,460,470,490,830,890,930,930,930,2530,0,330.0,313.99312817904865,11.59532500014393,927.3940829998537,71703.0
1780245911,250,POST,SOAP/listar-musicas-playlist,65.400000,0.000000,430,440,450,460,470,470,480,480,500,500,500,2467,0,320.0,297.92007712646665,2.9740600002696738,566.6784259997257,753.0
1780245911,250,POST,SOAP/listar-playlists-musica,64.800000,0.000000,430,440,450,460,470,470,480,480,490,490,490,2439,0,320.0,300.7604972336992,2.6085389999934705,566.3168690002749,1263.0
1780245911,250,POST,SOAP/listar-playlists-usuario,66.000000,0.000000,420,440,440,450,460,460,470,480,490,490,490,2502,0,310.0,292.9073858617104,2.587708999726601,584.0741759998309,1608.0
1780245911,250,POST,SOAP/listar-usuarios,66.900000,0.000000,430,440,450,460,470,480,19000,21000,23000,23000,23000,2564,0,330.0,684.3331641177888,5.871956000191858,23183.482456000092,28012.0
1780245911,250,,Aggregated,329.400000,0.000000,430,440,450,450,460,470,490,860,22000,23000,23000,12502,0,320.0,379.9720692322023,2.587708999726601,23183.482456000092,20972.059030555112
1780245912,250,POST,SOAP/listar-musicas,66.300000,0.000000,440,450,460,460,470,490,860,900,940,940,940,2597,0,330.0,318.349528757025,11.59532500014393,943.466136999632,71703.0
1780245912,250,POST,SOAP/listar-musicas-playlist,65.400000,0.000000,440,450,460,460,470,480,480,480,500,500,500,2535,0,330.0,302.5055306358946,2.9740600002696738,566.6784259997257,753.0
1780245912,250,POST,SOAP/listar-playlists-musica,64.800000,0.000000,440,450,460,460,470,480,480,490,490,490,490,2505,0,330.0,305.212755554488,2.6085389999934705,566.3168690002749,1263.0
1780245912,250,POST,SOAP/listar-playlists-usuario,65.800000,0.000000,430,440,450,460,460,470,480,480,490,490,490,2568,0,320.0,297.2276733496875,2.587708999726601,584.0741759998309,1608.0
1780245912,250,POST,SOAP/listar-usuarios,67.100000,0.000000,440,450,460,460,470,480,19000,22000,24000,24000,24000,2629,0,340.0,696.8078627215709,5.871956000191858,24130.507423999916,28012.0
1780245912,250,,Aggregated,329.400000,0.000000,440,450,460,460,470,480,490,880,23000,24000,24000,12834,0,330.0,385.95541025907636,2.587708999726601,24130.507423999916,20964.489091475767
1780245913,250,POST,SOAP/listar-musicas,66.300000,0.000000,450,460,470,470,480,490,860,910,950,950,950,2664,0,340.0,322.71849247935256,11.59532500014393,948.0144260000998,71703.0
1780245913,250,POST,SOAP/listar-musicas-playlist,65.500000,0.000000,450,460,470,470,480,480,490,490,530,530,530,2602,0,330.0,307.0124932378916,2.9740600002696738,566.6784259997257,753.0
1780245913,250,POST,SOAP/listar-playlists-musica,64.900000,0.000000,450,460,470,470,480,480,490,490,530,530,530,2570,0,340.0,309.596356968869,2.6085389999934705,566.3168690002749,1263.0
1780245913,250,POST,SOAP/listar-playlists-usuario,66.000000,0.000000,440,450,460,460,470,480,480,490,530,530,530,2632,0,330.0,301.4272494924,2.587708999726601,584.0741759998309,1608.0
1780245913,250,POST,SOAP/listar-usuarios,66.900000,0.000000,450,460,470,470,480,490,20000,22000,25000,25000,25000,2696,0,340.0,709.4143015923624,5.871956000191858,25076.49001400023,28012.0
1780245913,250,,Aggregated,329.600000,0.000000,450,460,470,470,480,480,490,890,24000,25000,25000,13164,0,330.0,391.99093638232927,2.587708999726601,25076.49001400023,20964.343360680643
1780245914,250,POST,SOAP/listar-musicas,66.300000,0.000000,460,470,470,470,480,500,880,930,960,960,960,2732,0,340.0,326.92743138909026,11.59532500014393,956.0667759997159,71703.0
1780245914,250,POST,SOAP/listar-musicas-playlist,65.500000,0.000000,450,470,470,470,480,490,490,490,530,530,530,2668,0,340.0,311.22306965704377,2.9740600002696738,566.6784259997257,753.0
1780245914,250,POST,SOAP/listar-playlists-musica,64.900000,0.000000,460,470,470,470,480,490,490,490,530,530,530,2635,0,340.0,313.77899416432325,2.6085389999934705,566.3168690002749,1263.0
1780245914,250,POST,SOAP/listar-playlists-usuario,65.700000,0.000000,450,460,460,470,470,480,480,490,530,530,530,2699,0,330.0,305.6128741945159,2.587708999726601,584.0741759998309,1608.0
1780245914,250,POST,SOAP/listar-usuarios,66.900000,0.000000,450,470,470,470,480,490,21000,23000,26000,26000,26000,2765,0,350.0,721.9406235157355,5.871956000191858,26036.234932999832,28012.0
1780245914,250,,Aggregated,329.300000,0.000000,450,470,470,470,480,490,500,900,25000,26000,26000,13499,0,340.0,397.9058829168815,2.587708999726601,26036.234932999832,20966.203200237054
1780245915,250,POST,SOAP/listar-musicas,66.300000,0.000000,460,470,480,480,490,500,890,940,980,980,980,2798,0,350.0,330.93357235024854,11.59532500014393,976.955707000343,71703.0
1780245915,250,POST,SOAP/listar-musicas-playlist,65.300000,0.000000,460,470,480,480,490,490,500,500,530,530,530,2734,0,340.0,315.3568645120679,2.9740600002696738,566.6784259997257,753.0
1780245915,250,POST,SOAP/listar-playlists-musica,64.800000,0.000000,460,470,480,480,490,490,500,500,530,530,530,2703,0,340.0,318.03558746059593,2.6085389999934705,566.3168690002749,1263.0
1780245915,250,POST,SOAP/listar-playlists-usuario,65.900000,0.000000,450,460,470,470,480,480,490,490,530,530,530,2767,0,330.0,309.7579881279361,2.587708999726601,584.0741759998309,1608.0
1780245915,250,POST,SOAP/listar-usuarios,66.700000,0.000000,460,470,470,480,490,490,22000,24000,26000,26000,26000,2833,0,350.0,733.992938572895,5.871956000191858,26036.234932999832,28012.0
1780245915,250,,Aggregated,329.000000,0.000000,460,470,470,480,490,490,500,910,26000,26000,26000,13835,0,340.0,403.6350086046248,2.587708999726601,26036.234932999832,20954.457318395373
1780245916,250,POST,SOAP/listar-musicas,66.100000,0.000000,470,470,480,480,490,500,900,950,980,980,980,2866,0,350.0,334.9620560314024,11.59532500014393,976.955707000343,71703.0
1780245916,250,POST,SOAP/listar-musicas-playlist,65.500000,0.000000,470,480,480,480,490,500,500,500,530,530,530,2800,0,340.0,319.3740555199979,2.9740600002696738,566.6784259997257,753.0
1780245916,250,POST,SOAP/listar-playlists-musica,64.700000,0.000000,470,480,480,480,490,500,500,500,530,530,530,2768,0,350.0,322.01799958381207,2.6085389999934705,566.3168690002749,1263.0
1780245916,250,POST,SOAP/listar-playlists-usuario,65.400000,0.000000,460,470,470,480,480,490,490,500,530,530,530,2833,0,340.0,313.700051031768,2.587708999726601,584.0741759998309,1608.0
1780245916,250,POST,SOAP/listar-usuarios,66.700000,0.000000,470,470,480,480,490,500,22000,25000,27000,27000,27000,2901,0,360.0,746.2649654239955,5.871956000191858,26955.084712999906,28012.0
1780245916,250,,Aggregated,328.400000,0.000000,470,470,480,480,490,490,500,920,26000,27000,27000,14168,0,350.0,409.31827640866607,2.587708999726601,26955.084712999906,20957.330463015245
1780245917,250,POST,SOAP/listar-musicas,66.200000,0.000000,470,480,490,490,500,510,920,950,1000,1000,1000,2934,0,360.0,339.1686617474447,11.59532500014393,1013.2683629999519,71703.0
1780245917,250,POST,SOAP/listar-musicas-playlist,65.200000,0.000000,470,480,490,490,500,510,510,510,530,530,530,2868,0,350.0,323.7220794776826,2.9740600002696738,566.6784259997257,753.0
1780245917,250,POST,SOAP/listar-playlists-musica,64.800000,0.000000,470,480,490,490,500,510,510,520,530,530,530,2835,0,350.0,326.30478285220175,2.6085389999934705,566.3168690002749,1263.0
1780245917,250,POST,SOAP/listar-playlists-usuario,65.800000,0.000000,460,470,480,480,490,500,500,510,530,530,530,2903,0,340.0,318.0561866083363,2.587708999726601,584.0741759998309,1608.0
1780245917,250,POST,SOAP/listar-usuarios,66.700000,0.000000,470,480,490,490,500,510,23000,26000,28000,28000,28000,2968,0,360.0,759.0746910896269,5.871956000191858,27971.678577000148,28012.0
1780245917,250,,Aggregated,328.700000,0.000000,470,480,480,490,500,510,520,940,26000,28000,28000,14508,0,350.0,415.27988901109615,2.587708999726601,27971.678577000148,20948.749035015164
1780245918,250,POST,SOAP/listar-musicas,66.200000,0.000000,480,490,490,500,510,520,940,960,1000,1000,1000,3000,0,360.0,343.3024127663341,11.59532500014393,1013.2683629999519,71703.0
1780245918,250,POST,SOAP/listar-musicas-playlist,65.800000,0.000000,480,490,490,500,510,520,520,530,550,550,550,2934,0,360.0,327.9305866363298,2.9740600002696738,566.6784259997257,753.0
1780245918,250,POST,SOAP/listar-playlists-musica,65.200000,0.000000,480,490,490,500,510,520,520,530,550,550,550,2902,0,360.0,330.5972853459646,2.6085389999934705,566.3168690002749,1263.0
1780245918,250,POST,SOAP/listar-playlists-usuario,66.100000,0.000000,470,480,480,490,500,510,510,520,540,540,540,2967,0,350.0,322.0482517991233,2.587708999726601,584.0741759998309,1608.0
1780245918,250,POST,SOAP/listar-usuarios,66.900000,0.000000,480,490,490,500,510,520,24000,26000,29000,29000,29000,3035,0,370.0,772.1641999479449,5.871956000191858,28979.084395999962,28012.0
1780245918,250,,Aggregated,330.200000,0.000000,480,490,490,500,510,520,530,940,27000,29000,29000,14838,0,360.0,421.24844396104464,2.587708999726601,28979.084395999962,20944.256907939074
1780245919,250,POST,SOAP/listar-musicas,66.300000,0.000000,480,490,500,510,520,530,940,980,1000,1000,1000,3068,0,370.0,347.4131402594531,11.59532500014393,1019.9171529998239,71703.0
1780245919,250,POST,SOAP/listar-musicas-playlist,65.400000,0.000000,480,490,500,500,520,520,530,530,550,550,550,2999,0,360.0,331.96146291630237,2.9740600002696738,566.6784259997257,753.0
1780245919,250,POST,SOAP/listar-playlists-musica,64.900000,0.000000,480,490,500,510,520,520,530,530,550,550,550,2965,0,360.0,334.51767022023216,2.6085389999934705,566.3168690002749,1263.0
1780245919,250,POST,SOAP/listar-playlists-usuario,65.900000,0.000000,470,490,490,500,510,510,520,530,540,540,540,3033,0,350.0,326.05282441740815,2.587708999726601,584.0741759998309,1608.0
1780245919,250,POST,SOAP/listar-usuarios,66.900000,0.000000,480,490,500,510,520,520,25000,27000,30000,30000,30000,3102,0,370.0,785.4095084784047,5.871956000191858,30001.547366000068,28012.0
1780245919,250,,Aggregated,329.400000,0.000000,480,490,500,500,510,520,530,950,28000,30000,30000,15167,0,360.0,427.14573386714414,2.587708999726601,30001.547366000068,20950.625304938352
1780245920,250,POST,SOAP/listar-musicas,66.300000,0.000000,490,500,510,510,520,530,950,1000,1100,1100,1100,3135,0,370.0,351.1402444430626,11.59532500014393,1050.567054000112,71703.0
1780245920,250,POST,SOAP/listar-musicas-playlist,65.500000,0.000000,490,500,500,510,520,530,530,530,550,550,550,3069,0,360.0,335.9307917927625,2.9740600002696738,566.6784259997257,753.0
1780245920,250,POST,SOAP/listar-playlists-musica,65.200000,0.000000,490,500,500,510,520,530,530,530,550,550,550,3033,0,370.0,338.3847106900733,2.6085389999934705,566.3168690002749,1263.0
1780245920,250,POST,SOAP/listar-playlists-usuario,66.200000,0.000000,480,490,500,500,510,520,520,530,540,540,540,3102,0,360.0,329.8888011515155,2.587708999726601,584.0741759998309,1608.0
1780245920,250,POST,SOAP/listar-usuarios,66.700000,0.000000,490,500,500,510,520,530,26000,28000,30000,30000,30000,3171,0,370.0,797.7617364903862,5.871956000191858,30008.155306999925,28012.0
1780245920,250,,Aggregated,329.900000,0.000000,490,500,500,510,520,530,540,950,29000,30000,30000,15510,0,370.0,432.6972676626028,2.587708999726601,30008.155306999925,20937.75686653772
1780245921,250,POST,SOAP/listar-musicas,66.300000,0.000000,500,510,510,520,530,540,970,1000,1100,1100,1100,3204,0,370.0,354.9574808099266,11.59532500014393,1050.567054000112,71703.0
1780245921,250,POST,SOAP/listar-musicas-playlist,65.400000,0.000000,500,510,510,520,520,530,530,530,550,550,550,3133,0,370.0,339.5704772486393,2.9740600002696738,566.6784259997257,753.0
1780245921,250,POST,SOAP/listar-playlists-musica,65.300000,0.000000,500,510,510,520,520,530,530,540,550,550,550,3100,0,370.0,342.20450122419146,2.6085389999934705,566.3168690002749,1263.0
1780245921,250,POST,SOAP/listar-playlists-usuario,65.800000,0.000000,490,500,500,510,510,520,530,530,540,540,540,3168,0,360.0,333.56595729703406,2.587708999726601,584.0741759998309,1608.0
1780245921,250,POST,SOAP/listar-usuarios,66.700000,0.000000,500,510,510,520,520,530,26000,29000,31000,31000,31000,3239,0,380.0,810.4728128305068,5.871956000191858,31024.116196999785,28012.0
1780245921,250,,Aggregated,329.500000,0.000000,500,500,510,510,520,530,540,970,30000,31000,31000,15844,0,370.0,438.2637226082413,2.587708999726601,31024.116196999785,20943.94553143146
1780245923,250,POST,SOAP/listar-musicas,66.400000,0.000000,500,510,520,520,530,540,990,1000,1100,1100,1100,3270,0,380.0,358.81912147033717,11.59532500014393,1071.6326050001044,71703.0
1780245923,250,POST,SOAP/listar-musicas-playlist,65.400000,0.000000,500,510,520,520,530,540,540,550,1000,1000,1000,3200,0,370.0,343.74474319343346,2.9740600002696738,1038.8682749999134,753.0
1780245923,250,POST,SOAP/listar-playlists-musica,65.100000,0.000000,500,510,520,520,530,540,540,550,1000,1000,1000,3165,0,370.0,346.2642331965224,2.6085389999934705,1038.3959169998889,1263.0
1780245923,250,POST,SOAP/listar-playlists-usuario,65.800000,0.000000,490,510,510,510,520,530,530,540,1000,1000,1000,3235,0,360.0,337.64005441885763,2.587708999726601,1023.539916000118,1608.0
1780245923,250,POST,SOAP/listar-usuarios,66.500000,0.000000,500,510,520,520,530,540,27000,30000,32000,32000,32000,3305,0,380.0,823.9594163494742,5.871956000191858,32100.134860999788,28012.0
1780245923,250,,Aggregated,329.200000,0.000000,500,510,520,520,530,540,550,1000,31000,32000,32000,16175,0,370.0,444.1854374388856,2.587708999726601,32100.134860999788,20937.084698608964
1780245924,250,POST,SOAP/listar-musicas,66.600000,0.000000,510,520,530,530,540,550,1000,1000,1100,1100,1100,3336,0,380.0,362.7334245869305,11.59532500014393,1076.1041589998968,71703.0
1780245924,250,POST,SOAP/listar-musicas-playlist,65.600000,0.000000,510,520,530,530,540,540,550,560,1000,1000,1000,3265,0,370.0,347.6341732529821,2.9740600002696738,1038.8682749999134,753.0
1780245924,250,POST,SOAP/listar-playlists-musica,65.200000,0.000000,510,520,530,530,540,540,550,560,1000,1000,1000,3229,0,380.0,350.1147133607907,2.6085389999934705,1038.3959169998889,1263.0
1780245924,250,POST,SOAP/listar-playlists-usuario,65.900000,0.000000,500,510,520,520,530,530,540,550,1000,1000,1000,3299,0,370.0,341.39396943013105,2.587708999726601,1023.539916000118,1608.0
1780245924,250,POST,SOAP/listar-usuarios,66.800000,0.000000,510,520,530,530,540,550,28000,30000,33000,33000,33000,3372,0,380.0,837.4772901165518,5.871956000191858,33172.414691000085,28012.0
1780245924,250,,Aggregated,330.100000,0.000000,510,520,520,530,540,540,560,1000,32000,33000,33000,16501,0,380.0,450.02465407902326,2.587708999726601,33172.414691000085,20938.07866189928
1780245925,250,POST,SOAP/listar-musicas,66.500000,0.000000,520,530,530,540,550,560,1000,1100,1100,1100,1100,3402,0,380.0,366.6785681931221,11.59532500014393,1093.1189390003055,71703.0
1780245925,250,POST,SOAP/listar-musicas-playlist,65.800000,0.000000,520,530,530,540,550,550,560,560,1000,1000,1000,3331,0,380.0,351.632819129987,2.9740600002696738,1038.8682749999134,753.0
1780245925,250,POST,SOAP/listar-playlists-musica,65.300000,0.000000,520,530,530,540,550,550,560,560,1000,1000,1000,3291,0,380.0,353.905923642355,2.6085389999934705,1038.3959169998889,1263.0
1780245925,250,POST,SOAP/listar-playlists-usuario,66.100000,0.000000,510,520,520,530,540,540,550,560,1000,1000,1000,3366,0,370.0,345.3884303865127,2.587708999726601,1023.539916000118,1608.0
1780245925,250,POST,SOAP/listar-usuarios,66.900000,0.000000,520,530,530,540,550,560,29000,32000,34000,34000,34000,3438,0,390.0,851.414951055269,5.871956000191858,34262.639474000025,28012.0
1780245925,250,,Aggregated,330.600000,0.000000,520,530,530,540,550,550,560,1000,33000,34000,34000,16828,0,380.0,455.976697327725,2.587708999726601,34262.639474000025,20936.3065129546
1780245926,250,POST,SOAP/listar-musicas,66.500000,0.000000,520,530,540,540,550,560,1000,1100,1100,1100,1100,3469,0,390.0,370.3254579731916,11.59532500014393,1094.6879650000483,71703.0
1780245926,250,POST,SOAP/listar-musicas-playlist,65.500000,0.000000,520,530,540,540,550,550,560,560,1000,1000,1000,3396,0,380.0,355.2492810653668,2.9740600002696738,1038.8682749999134,753.0
1780245926,250,POST,SOAP/listar-playlists-musica,65.300000,0.000000,520,530,540,540,550,560,560,570,1000,1000,1000,3362,0,380.0,357.8473635883376,2.6085389999934705,1038.3959169998889,1263.0
1780245926,250,POST,SOAP/listar-playlists-usuario,66.000000,0.000000,510,520,530,530,540,550,550,560,1000,1000,1000,3434,0,370.0,349.07787540652356,2.587708999726601,1023.539916000118,1608.0
1780245926,250,POST,SOAP/listar-usuarios,66.800000,0.000000,520,530,540,540,550,560,30000,32000,34000,34000,34000,3505,0,390.0,855.0868925349553,5.871956000191858,34355.08491600012,28012.0
1780245926,250,,Aggregated,330.100000,0.000000,520,530,540,540,550,550,570,1000,34000,34000,34000,17166,0,380.0,459.6284161174388,2.587708999726601,34355.08491600012,20927.707852732146
1780245927,250,POST,SOAP/listar-musicas,66.300000,0.000000,530,540,540,550,550,560,1000,1100,1100,1100,1100,3535,0,390.0,373.59528856096193,11.59532500014393,1094.6879650000483,71703.0
1780245927,250,POST,SOAP/listar-musicas-playlist,65.400000,0.000000,530,540,540,550,550,550,560,560,1000,1000,1000,3463,0,380.0,358.9182602136838,2.9740600002696738,1038.8682749999134,753.0
1780245927,250,POST,SOAP/listar-playlists-musica,64.900000,0.000000,530,540,550,550,550,560,560,570,1000,1000,1000,3429,0,390.0,361.5360551218991,2.6085389999934705,1038.3959169998889,1263.0
1780245927,250,POST,SOAP/listar-playlists-usuario,65.900000,0.000000,520,530,540,540,540,550,560,570,1100,1100,1100,3500,0,380.0,352.79203267142924,2.587708999726601,1064.8138270003074,1608.0
1780245927,250,POST,SOAP/listar-usuarios,66.800000,0.000000,530,540,540,550,550,560,30000,32000,35000,35000,35000,3574,0,390.0,858.6968095973748,5.871956000191858,34890.31769800022,28012.0
1780245927,250,,Aggregated,329.300000,0.000000,530,540,540,550,550,560,570,1000,34000,35000,35000,17501,0,390.0,463.2338109277732,2.587708999726601,34890.31769800022,20921.7449860008
1780245928,250,POST,SOAP/listar-musicas,66.300000,0.000000,540,540,550,550,560,570,1000,1100,1100,1100,1100,3604,0,400.0,377.28978021143126,11.59532500014393,1095.3464419999364,71703.0
1780245928,250,POST,SOAP/listar-musicas-playlist,65.300000,0.000000,530,540,550,550,550,560,560,570,1000,1000,1000,3529,0,390.0,362.4980950909567,2.9740600002696738,1038.8682749999134,753.0
1780245928,250,POST,SOAP/listar-playlists-musica,65.200000,0.000000,540,550,550,550,560,560,560,570,1000,1000,1000,3493,0,390.0,365.0246237366141,2.6085389999934705,1038.3959169998889,1263.0
1780245928,250,POST,SOAP/listar-playlists-usuario,66.000000,0.000000,530,540,540,540,550,550,560,570,1100,1100,1100,3567,0,380.0,356.3705460644807,2.587708999726601,1064.8138270003074,1608.0
1780245928,250,POST,SOAP/listar-usuarios,66.500000,0.000000,530,540,550,550,560,560,30000,33000,36000,36000,36000,3640,0,400.0,872.4393701000038,5.871956000191858,35988.75852999982,28012.0
1780245928,250,,Aggregated,329.300000,0.000000,530,540,550,550,550,560,570,1000,35000,36000,36000,17833,0,390.0,468.84384013603784,2.587708999726601,35988.75852999982,20926.710256266473
1780245929,250,POST,SOAP/listar-musicas,66.200000,0.000000,540,550,550,550,560,570,1100,1100,1100,1100,1100,3669,0,400.0,380.8506292638314,11.59532500014393,1136.275408000074,71703.0
1780245929,250,POST,SOAP/listar-musicas-playlist,65.600000,0.000000,540,550,550,550,560,560,570,580,1000,1000,1000,3596,0,390.0,366.21056159343334,2.9740600002696738,1038.8682749999134,753.0
1780245929,250,POST,SOAP/listar-playlists-musica,65.400000,0.000000,540,550,550,550,560,570,570,580,1000,1000,1000,3559,0,400.0,368.66723053245124,2.6085389999934705,1038.3959169998889,1263.0
1780245929,250,POST,SOAP/listar-playlists-usuario,66.000000,0.000000,530,540,540,550,550,560,570,570,1100,1100,1100,3633,0,390.0,359.94231812138776,2.587708999726601,1064.8138270003074,1608.0
1780245929,250,POST,SOAP/listar-usuarios,66.600000,0.000000,540,550,550,550,560,570,31000,34000,37000,37000,37000,3708,0,400.0,886.2879186833914,5.871956000191858,37128.149493999896,28012.0
1780245929,250,,Aggregated,329.800000,0.000000,540,550,550,550,560,570,580,1000,36000,37000,37000,18165,0,400.0,474.55804326655425,2.587708999726601,37128.149493999896,20918.88092485549
1780245930,250,POST,SOAP/listar-musicas,66.400000,0.000000,550,550,560,560,570,580,1100,1100,1100,1100,1100,3736,0,400.0,384.45266818308255,11.59532500014393,1136.275408000074,71703.0
1780245930,250,POST,SOAP/listar-musicas-playlist,65.500000,0.000000,550,550,560,560,560,570,580,580,1000,1000,1000,3661,0,400.0,369.72892751952696,2.9740600002696738,1038.8682749999134,753.0
1780245930,250,POST,SOAP/listar-playlists-musica,65.200000,0.000000,550,550,560,560,560,570,580,580,1000,1000,1000,3623,0,400.0,372.1423021959688,2.6085389999934705,1038.3959169998889,1263.0
1780245930,250,POST,SOAP/listar-playlists-usuario,65.800000,0.000000,540,540,550,550,560,560,570,580,1100,1100,1100,3699,0,390.0,363.4607166304407,2.587708999726601,1064.8138270003074,1608.0
1780245930,250,POST,SOAP/listar-usuarios,66.600000,0.000000,550,550,560,560,570,570,32000,35000,38000,38000,38000,3776,0,400.0,900.2926423675893,5.871956000191858,38253.97307499997,28012.0
1780245930,250,,Aggregated,329.500000,0.000000,540,550,560,560,560,570,580,1100,37000,38000,38000,18495,0,400.0,480.24387895285076,2.587708999726601,38253.97307499997,20921.12971073263
1780245931,250,POST,SOAP/listar-musicas,66.300000,0.000000,550,560,560,570,580,580,1100,1100,1100,1100,1100,3804,0,410.0,388.1264410767593,11.59532500014393,1146.8506699998215,71703.0
1780245931,250,POST,SOAP/listar-musicas-playlist,65.500000,0.000000,550,560,560,560,570,580,590,590,1000,1000,1000,3728,0,400.0,373.41379717301135,2.9740600002696738,1038.8682749999134,753.0
1780245931,250,POST,SOAP/listar-playlists-musica,65.000000,0.000000,550,560,560,560,570,580,590,590,1000,1000,1000,3689,0,400.0,375.7695525920296,2.6085389999934705,1038.3959169998889,1263.0
1780245931,250,POST,SOAP/listar-playlists-usuario,65.900000,0.000000,540,550,550,560,570,570,580,590,1100,1100,1100,3765,0,390.0,367.0024874191234,2.587708999726601,1064.8138270003074,1608.0
1780245931,250,POST,SOAP/listar-usuarios,66.600000,0.000000,550,560,560,560,570,590,33000,35000,39000,39000,39000,3842,0,410.0,904.6478909664281,5.871956000191858,38810.54274100006,28012.0
1780245931,250,,Aggregated,329.300000,0.000000,550,560,560,560,570,580,590,1100,38000,39000,39000,18828,0,400.0,483.968295063468,2.587708999726601,38810.54274100006,20921.012693860208
1780245932,250,POST,SOAP/listar-musicas,66.200000,0.000000,550,560,570,570,580,580,1100,1100,1200,1200,1200,3871,0,410.0,391.3671248320825,11.59532500014393,1156.5845079999235,71703.0
1780245932,250,POST,SOAP/listar-musicas-playlist,65.500000,0.000000,550,560,560,570,580,580,590,590,600,600,600,3796,0,400.0,376.8862434520511,2.9740600002696738,1038.8682749999134,753.0
1780245932,250,POST,SOAP/listar-playlists-musica,65.300000,0.000000,550,560,570,570,580,580,590,590,600,600,600,3757,0,410.0,379.23867394357194,2.6085389999934705,1038.3959169998889,1263.0
1780245932,250,POST,SOAP/listar-playlists-usuario,66.200000,0.000000,550,550,560,560,570,570,580,590,1100,1100,1100,3831,0,400.0,370.3107763382932,2.587708999726601,1064.8138270003074,1608.0
1780245932,250,POST,SOAP/listar-usuarios,66.900000,0.000000,550,560,570,570,580,590,34000,37000,39000,39000,39000,3909,0,410.0,918.5881513003378,5.871956000191858,39407.318640000085,28012.0
1780245932,250,,Aggregated,330.100000,0.000000,550,560,560,570,580,580,590,1100,39000,39000,39000,19164,0,410.0,489.4522900208719,2.587708999726601,39407.318640000085,20915.515967438947
1780245933,250,POST,SOAP/listar-musicas,66.200000,0.000000,560,570,570,580,590,600,1100,1100,1200,1200,1200,3937,0,410.0,394.969755926338,11.59532500014393,1167.4536840000656,71703.0
1780245933,250,POST,SOAP/listar-musicas-playlist,65.200000,0.000000,560,570,570,580,590,590,600,600,620,620,620,3860,0,410.0,380.4025931466282,2.9740600002696738,1038.8682749999134,753.0
1780245933,250,POST,SOAP/listar-playlists-musica,65.200000,0.000000,560,570,570,580,590,590,600,600,620,620,620,3821,0,410.0,382.7632997851345,2.6085389999934705,1038.3959169998889,1263.0
1780245933,250,POST,SOAP/listar-playlists-usuario,65.800000,0.000000,550,560,560,570,580,580,590,600,1100,1100,1100,3898,0,400.0,374.07591734120103,2.587708999726601,1125.2342289999433,1608.0
1780245933,250,POST,SOAP/listar-usuarios,66.500000,0.000000,560,570,570,580,590,590,34000,38000,40000,40000,40000,3977,0,410.0,932.6685209298521,5.871956000191858,40123.35829500035,28012.0
1780245933,250,,Aggregated,328.900000,0.000000,560,560,570,580,590,590,600,1100,39000,40000,40000,19493,0,410.0,495.2167003868558,2.587708999726601,40123.35829500035,20915.14502641974
1780245934,250,POST,SOAP/listar-musicas,66.100000,0.000000,560,570,580,580,590,600,1100,1100,1200,1200,1200,4003,0,420.0,398.45886891606057,11.59532500014393,1173.61446599989,71703.0
1780245934,250,POST,SOAP/listar-musicas-playlist,65.800000,0.000000,560,570,580,590,590,600,600,600,620,620,620,3928,0,410.0,384.012745349028,2.9740600002696738,1038.8682749999134,753.0
1780245934,250,POST,SOAP/listar-playlists-musica,65.200000,0.000000,560,570,580,590,590,600,600,600,620,620,620,3889,0,410.0,386.3644946870656,2.6085389999934705,1038.3959169998889,1263.0
1780245934,250,POST,SOAP/listar-playlists-usuario,65.800000,0.000000,550,560,570,580,580,590,600,600,1100,1100,1100,3968,0,400.0,377.70130318220805,2.587708999726601,1125.2342289999433,1608.0
1780245934,250,POST,SOAP/listar-usuarios,66.500000,0.000000,560,570,580,590,590,600,35000,39000,41000,41000,41000,4045,0,420.0,946.8601381194121,5.871956000191858,41296.53726600009,28012.0
1780245934,250,,Aggregated,329.400000,0.000000,560,570,580,580,590,600,600,1100,40000,41000,41000,19833,0,410.0,500.921316268844,2.587708999726601,41296.53726600009,20903.836232541722
1780245935,250,POST,SOAP/listar-musicas,66.100000,0.000000,570,580,580,590,600,610,1100,1100,1200,1200,1200,4071,0,420.0,401.7975653129432,11.59532500014393,1190.7603390000077,71703.0
1780245935,250,POST,SOAP/listar-musicas-playlist,65.400000,0.000000,570,580,590,590,600,600,600,610,620,620,620,3994,0,410.0,387.43334926889804,2.9740600002696738,1038.8682749999134,753.0
1780245935,250,POST,SOAP/listar-playlists-musica,65.000000,0.000000,570,580,590,590,600,600,610,620,620,620,620,3953,0,420.0,389.67096161801067,2.6085389999934705,1038.3959169998889,1263.0
1780245935,250,POST,SOAP/listar-playlists-usuario,65.800000,0.000000,560,570,580,580,590,590,600,610,1100,1100,1100,4030,0,410.0,380.85200608163785,2.587708999726601,1125.2342289999433,1608.0
1780245935,250,POST,SOAP/listar-usuarios,66.600000,0.000000,570,580,590,590,600,600,36000,39000,42000,42000,42000,4111,0,420.0,951.1772724018542,5.871956000191858,41893.49292100042,28012.0
1780245935,250,,Aggregated,328.900000,0.000000,570,580,580,590,600,600,610,1100,40000,42000,42000,20159,0,410.0,504.42082186606416,2.587708999726601,41893.49292100042,20910.789523289845
1780245936,250,POST,SOAP/listar-musicas,66.100000,0.000000,580,590,590,590,600,610,1100,1200,1200,1200,1200,4138,0,420.0,405.208515586997,11.59532500014393,1190.7603390000077,71703.0
1780245936,250,POST,SOAP/listar-musicas-playlist,65.600000,0.000000,570,590,590,590,600,600,610,620,620,620,620,4059,0,420.0,390.7483412185216,2.9740600002696738,1038.8682749999134,753.0
1780245936,250,POST,SOAP/listar-playlists-musica,65.000000,0.000000,570,590,590,600,600,600,610,620,620,620,620,4018,0,420.0,393.00682433573803,2.6085389999934705,1038.3959169998889,1263.0
1780245936,250,POST,SOAP/listar-playlists-usuario,65.900000,0.000000,570,580,580,590,590,600,600,610,1100,1100,1100,4098,0,410.0,384.2817190675939,2.587708999726601,1125.2342289999433,1608.0
1780245936,250,POST,SOAP/listar-usuarios,66.500000,0.000000,570,590,590,590,600,610,37000,40000,43000,43000,43000,4180,0,430.0,965.4753265378052,5.871956000191858,43080.23491299991,28012.0
1780245936,250,,Aggregated,329.100000,0.000000,570,580,590,590,600,600,610,1100,41000,43000,43000,20493,0,420.0,510.0461193750535,2.587708999726601,43080.23491299991,20910.45327672864
1780245937,250,POST,SOAP/listar-musicas,66.200000,0.000000,580,590,600,600,610,610,1100,1200,1200,1200,1200,4205,0,430.0,408.5360685678935,11.59532500014393,1190.7603390000077,71703.0
1780245937,250,POST,SOAP/listar-musicas-playlist,66.000000,0.000000,580,590,600,600,600,610,610,620,620,620,620,4127,0,420.0,394.14490377489307,2.9740600002696738,1038.8682749999134,753.0
1780245937,250,POST,SOAP/listar-playlists-musica,65.700000,0.000000,580,590,600,600,600,610,610,620,620,620,620,4087,0,420.0,396.46043497969083,2.6085389999934705,1038.3959169998889,1263.0
1780245937,250,POST,SOAP/listar-playlists-usuario,65.900000,0.000000,570,580,590,590,590,600,600,610,1100,1100,1100,4167,0,410.0,387.66410983369303,2.587708999726601,1125.2342289999433,1608.0
1780245937,250,POST,SOAP/listar-usuarios,66.500000,0.000000,580,590,600,600,600,610,38000,41000,44000,44000,44000,4247,0,430.0,980.0721126020784,5.871956000191858,44268.85399499997,28012.0
1780245937,250,,Aggregated,330.300000,0.000000,580,590,590,600,600,610,620,1100,42000,44000,44000,20833,0,420.0,515.6543268788449,2.587708999726601,44268.85399499997,20901.84452551241
1780245938,250,POST,SOAP/listar-musicas,66.200000,0.000000,590,590,600,600,610,620,1100,1200,1200,1200,1200,4271,0,430.0,411.747250598687,11.59532500014393,1217.0416909998494,71703.0
1780245938,250,POST,SOAP/listar-musicas-playlist,65.500000,0.000000,590,590,600,600,610,620,620,620,640,640,640,4192,0,420.0,397.4661570009499,2.9740600002696738,1038.8682749999134,753.0
1780245938,250,POST,SOAP/listar-playlists-musica,65.000000,0.000000,590,600,600,600,610,620,620,630,640,640,640,4152,0,430.0,399.776659724951,2.6085389999934705,1038.3959169998889,1263.0
1780245938,250,POST,SOAP/listar-playlists-usuario,65.700000,0.000000,580,590,590,590,600,610,610,620,1100,1100,1100,4233,0,420.0,390.9649167800613,2.587708999726601,1125.2342289999433,1608.0
1780245938,250,POST,SOAP/listar-usuarios,66.700000,0.000000,590,590,600,600,610,620,39000,41000,44000,44000,44000,4314,0,430.0,984.3162577610163,5.871956000191858,44268.85399499997,28012.0
1780245938,250,,Aggregated,329.100000,0.000000,590,590,600,600,610,620,620,1100,43000,44000,44000,21162,0,430.0,519.1342102515821,2.587708999726601,44268.85399499997,20900.410972497873
1780245939,250,POST,SOAP/listar-musicas,66.300000,0.000000,590,600,610,610,630,650,1100,1200,1300,1300,1300,4336,0,440.0,415.3957067184023,11.59532500014393,1254.4571979997272,71703.0
1780245939,250,POST,SOAP/listar-musicas-playlist,65.700000,0.000000,590,600,600,610,620,640,650,660,670,670,670,4254,0,430.0,400.94704792759336,2.9740600002696738,1038.8682749999134,753.0
1780245939,250,POST,SOAP/listar-playlists-musica,65.000000,0.000000,590,600,600,610,620,640,650,660,670,670,670,4213,0,430.0,403.1967873852355,2.6085389999934705,1038.3959169998889,1263.0
1780245939,250,POST,SOAP/listar-playlists-usuario,66.000000,0.000000,580,590,600,600,610,630,640,650,1100,1100,1100,4294,0,420.0,394.34036733115977,2.587708999726601,1125.2342289999433,1608.0
1780245939,250,POST,SOAP/listar-usuarios,66.500000,0.000000,590,600,610,610,630,650,39000,42000,45000,45000,45000,4379,0,440.0,999.3152308022438,5.871956000191858,45130.52511599971,28012.0
1780245939,250,,Aggregated,329.500000,0.000000,590,600,600,610,620,640,650,1100,44000,45000,45000,21476,0,430.0,524.9930864440298,2.587708999726601,45130.52511599971,20906.95609051965
1780245940,250,POST,SOAP/listar-musicas,66.100000,0.000000,600,610,610,620,640,650,1200,1200,1300,1300,1300,4403,0,440.0,418.7641150433781,11.59532500014393,1264.831379000043,71703.0
1780245940,250,POST,SOAP/listar-musicas-playlist,65.800000,0.000000,600,600,610,620,630,640,650,660,670,670,670,4322,0,430.0,404.3896794180893,2.9740600002696738,1038.8682749999134,753.0
1780245940,250,POST,SOAP/listar-playlists-musica,65.300000,0.000000,600,600,610,620,630,640,650,660,670,670,670,4283,0,430.0,406.71129130562633,2.6085389999934705,1038.3959169998889,1263.0
1780245940,250,POST,SOAP/listar-playlists-usuario,65.700000,0.000000,590,600,600,610,620,640,640,650,1100,1100,1100,4366,0,420.0,397.8872109798444,2.587708999726601,1125.2342289999433,1608.0
1780245940,250,POST,SOAP/listar-usuarios,66.600000,0.000000,600,610,610,620,640,650,40000,44000,46000,46000,46000,4447,0,440.0,1013.903221512486,5.871956000191858,46356.92124800016,28012.0
1780245940,250,,Aggregated,329.500000,0.000000,600,600,610,620,630,650,660,1100,44000,46000,46000,21821,0,430.0,530.6602925093711,2.587708999726601,46356.92124800016,20895.56372301911
1780245941,250,POST,SOAP/listar-musicas,66.000000,0.000000,600,610,620,620,640,650,1200,1200,1300,1300,1300,4470,0,440.0,421.79716044474185,11.59532500014393,1264.831379000043,71703.0
1780245941,250,POST,SOAP/listar-musicas-playlist,65.300000,0.000000,600,610,620,620,640,640,650,660,670,670,670,4390,0,440.0,407.6253582091074,2.9740600002696738,1038.8682749999134,753.0
1780245941,250,POST,SOAP/listar-playlists-musica,64.900000,0.000000,600,610,620,620,640,640,650,660,670,670,670,4348,0,440.0,409.802377399494,2.6085389999934705,1038.3959169998889,1263.0
1780245941,250,POST,SOAP/listar-playlists-usuario,65.700000,0.000000,590,600,610,610,630,640,640,650,1100,1100,1100,4428,0,430.0,400.7919271623761,2.587708999726601,1125.2342289999433,1608.0
1780245941,250,POST,SOAP/listar-usuarios,66.400000,0.000000,600,610,620,620,640,650,41000,44000,47000,47000,47000,4512,0,450.0,1018.3951212752719,5.871956000191858,46974.91243800004,28012.0
1780245941,250,,Aggregated,328.300000,0.000000,600,610,620,620,640,650,660,1100,45000,47000,47000,22148,0,440.0,533.9730362709041,2.587708999726601,46974.91243800004,20896.693696947805
1780245942,250,POST,SOAP/listar-musicas,66.100000,0.000000,610,620,620,630,640,650,1200,1200,1300,1300,1300,4538,0,450.0,425.138153420669,11.59532500014393,1264.831379000043,71703.0
1780245942,250,POST,SOAP/listar-musicas-playlist,65.600000,0.000000,600,620,620,630,640,650,650,660,670,670,670,4454,0,440.0,410.7662755954155,2.9740600002696738,1038.8682749999134,753.0
1780245942,250,POST,SOAP/listar-playlists-musica,65.100000,0.000000,600,620,620,630,640,640,650,660,670,670,670,4412,0,440.0,412.95448827742564,2.6085389999934705,1038.3959169998889,1263.0
1780245942,250,POST,SOAP/listar-playlists-usuario,65.500000,0.000000,600,610,610,620,630,640,640,650,660,660,660,4496,0,430.0,404.089068712189,2.587708999726601,1125.2342289999433,1608.0
1780245942,250,POST,SOAP/listar-usuarios,66.100000,0.000000,610,620,620,630,640,650,42000,44000,48000,48000,48000,4580,0,450.0,1033.2182380871238,5.871956000191858,48224.67296199966,28012.0
1780245942,250,,Aggregated,328.400000,0.000000,600,620,620,630,640,650,660,670,46000,48000,48000,22480,0,440.0,539.5778077123662,2.587708999726601,48224.67296199966,20900.309608540927
1780245943,250,POST,SOAP/listar-musicas,66.000000,0.000000,610,620,630,630,640,650,1200,1200,1300,1300,1300,4606,0,450.0,428.3537424800256,11.59532500014393,1264.831379000043,71703.0
1780245943,250,POST,SOAP/listar-musicas-playlist,65.700000,0.000000,610,620,630,630,640,650,650,660,670,670,670,4523,0,440.0,414.0507342624331,2.9740600002696738,1038.8682749999134,753.0
1780245943,250,POST,SOAP/listar-playlists-musica,65.200000,0.000000,620,620,630,630,640,640,650,660,670,670,670,4481,0,450.0,416.2415993452365,2.6085389999934705,1038.3959169998889,1263.0
1780245943,250,POST,SOAP/listar-playlists-usuario,65.600000,0.000000,610,610,620,620,630,640,640,650,660,660,660,4565,0,440.0,407.3162247493984,2.587708999726601,1125.2342289999433,1608.0
1780245943,250,POST,SOAP/listar-usuarios,66.500000,0.000000,610,620,630,630,640,650,43000,46000,49000,49000,49000,4649,0,450.0,1048.0469332523185,5.871956000191858,49468.61537199993,28012.0
1780245943,250,,Aggregated,329.000000,0.000000,610,620,620,630,640,650,660,670,48000,49000,49000,22824,0,450.0,545.1584373584387,2.587708999726601,49468.61537199993,20894.569225376796
1780245944,250,POST,SOAP/listar-musicas,66.000000,0.000000,620,630,630,640,650,660,1200,1200,1300,1300,1300,4672,0,460.0,431.4069594165236,11.59532500014393,1276.923024000098,71703.0
1780245944,250,POST,SOAP/listar-musicas-playlist,64.900000,0.000000,620,620,630,640,640,660,670,670,680,680,680,4589,0,450.0,417.22546839550756,2.9740600002696738,1038.8682749999134,753.0
1780245944,250,POST,SOAP/listar-playlists-musica,64.800000,0.000000,620,620,630,640,640,660,670,670,680,680,680,4546,0,450.0,419.3570345052799,2.6085389999934705,1038.3959169998889,1263.0
1780245944,250,POST,SOAP/listar-playlists-usuario,65.600000,0.000000,610,610,620,630,640,650,660,660,670,670,670,4628,0,440.0,410.2868389328012,2.587708999726601,1125.2342289999433,1608.0
1780245944,250,POST,SOAP/listar-usuarios,66.600000,0.000000,620,620,630,640,650,660,44000,46000,49000,49000,49000,4714,0,460.0,1052.6047568525728,5.871956000191858,49468.61537199993,28012.0
1780245944,250,,Aggregated,327.900000,0.000000,620,620,630,640,640,660,670,680,48000,49000,49000,23149,0,450.0,548.5059562877882,2.587708999726601,49468.61537199993,20894.376560542572
1780245945,250,POST,SOAP/listar-musicas,66.300000,0.000000,620,630,640,640,660,660,1200,1200,1300,1300,1300,4738,0,460.0,434.6503196025744,11.59532500014393,1284.2919919999076,71703.0
1780245945,250,POST,SOAP/listar-musicas-playlist,65.500000,0.000000,620,630,640,640,650,660,670,670,680,680,680,4652,0,450.0,420.31355431598945,2.9740600002696738,1038.8682749999134,753.0
1780245945,250,POST,SOAP/listar-playlists-musica,65.300000,0.000000,620,630,640,640,650,660,670,670,680,680,680,4609,0,450.0,422.4509814224354,2.6085389999934705,1038.3959169998889,1263.0
1780245945,250,POST,SOAP/listar-playlists-usuario,65.900000,0.000000,610,620,630,630,650,650,660,660,670,670,670,4697,0,440.0,413.6252572437739,2.587708999726601,1125.2342289999433,1608.0
1780245945,250,POST,SOAP/listar-usuarios,66.300000,0.000000,620,630,640,640,660,660,44000,48000,50000,50000,50000,4783,0,460.0,1067.399643767516,5.871956000191858,50408.324288000134,28012.0
1780245945,250,,Aggregated,329.300000,0.000000,620,630,640,640,650,660,670,680,49000,50000,50000,23479,0,450.0,554.1087257440684,2.587708999726601,50408.324288000134,20894.71906810341
1780245946,250,POST,SOAP/listar-musicas,66.200000,0.000000,630,640,650,650,660,670,1200,1300,1300,1300,1300,4806,0,460.0,437.8852549126084,11.59532500014393,1297.6379219999217,71703.0
1780245946,250,POST,SOAP/listar-musicas-playlist,65.600000,0.000000,630,640,640,650,660,670,680,680,680,680,680,4719,0,460.0,423.660162046616,2.9740600002696738,1038.8682749999134,753.0
1780245946,250,POST,SOAP/listar-playlists-musica,65.400000,0.000000,630,640,640,650,660,670,680,680,680,680,680,4677,0,460.0,425.8501152020537,2.6085389999934705,1038.3959169998889,1263.0
1780245946,250,POST,SOAP/listar-playlists-usuario,65.800000,0.000000,620,630,640,640,650,660,670,670,670,670,670,4763,0,450.0,416.8668125985734,2.587708999726601,1125.2342289999433,1608.0
1780245946,250,POST,SOAP/listar-usuarios,66.500000,0.000000,630,640,650,650,660,670,44000,48000,51000,51000,51000,4847,0,470.0,1072.367126135141,5.871956000191858,51050.48921600019,28012.0
1780245946,250,,Aggregated,329.500000,0.000000,630,640,640,650,660,670,680,680,49000,51000,51000,23812,0,460.0,557.6486610697118,2.587708999726601,51050.48921600019,20892.749202082985
1780245947,250,POST,SOAP/listar-musicas,66.200000,0.000000,630,640,650,650,660,670,1200,1300,1300,1300,1300,4873,0,470.0,440.90373287707655,11.59532500014393,1301.3256869999168,71703.0
1780245947,250,POST,SOAP/listar-musicas-playlist,65.200000,0.000000,630,640,650,650,660,670,680,680,680,680,680,4788,0,460.0,426.7656894373389,2.9740600002696738,1038.8682749999134,753.0
1780245947,250,POST,SOAP/listar-playlists-musica,65.300000,0.000000,630,640,650,650,660,670,680,680,680,680,680,4745,0,460.0,428.9025708286629,2.6085389999934705,1038.3959169998889,1263.0
1780245947,250,POST,SOAP/listar-playlists-usuario,66.000000,0.000000,630,630,640,640,650,660,670,670,670,670,670,4830,0,450.0,419.8294712561089,2.587708999726601,1125.2342289999433,1608.0
1780245947,250,POST,SOAP/listar-usuarios,66.500000,0.000000,630,640,650,650,660,670,46000,49000,52000,52000,52000,4918,0,470.0,1086.9923876645041,5.871956000191858,52354.93483300024,28012.0
1780245947,250,,Aggregated,329.200000,0.000000,630,640,650,650,660,670,680,680,50000,52000,52000,24154,0,460.0,563.0796397540348,2.587708999726601,52354.93483300024,20888.32797880268
1780245948,250,POST,SOAP/listar-musicas,66.100000,0.000000,640,650,650,650,660,670,1200,1300,1300,1300,1300,4940,0,470.0,443.90130007995845,11.59532500014393,1301.3256869999168,71703.0
1780245948,250,POST,SOAP/listar-musicas-playlist,65.500000,0.000000,640,650,650,650,660,670,680,680,680,680,680,4852,0,460.0,429.7530904400207,2.9740600002696738,1038.8682749999134,753.0
1780245948,250,POST,SOAP/listar-playlists-musica,65.200000,0.000000,640,650,650,650,660,670,680,680,680,680,680,4812,0,470.0,432.0312554181232,2.6085389999934705,1038.3959169998889,1263.0
1780245948,250,POST,SOAP/listar-playlists-usuario,65.800000,0.000000,630,640,640,650,650,660,670,670,670,670,670,4897,0,460.0,422.90344274025057,2.587708999726601,1125.2342289999433,1608.0
1780245948,250,POST,SOAP/listar-usuarios,66.300000,0.000000,640,650,650,650,660,670,46000,49000,53000,53000,53000,4984,0,470.0,1091.7357069865634,5.871956000191858,52990.7688229996,28012.0
1780245948,250,,Aggregated,328.900000,0.000000,640,640,650,650,660,670,680,680,51000,53000,53000,24485,0,460.0,566.4340510925856,2.587708999726601,52990.7688229996,20887.486869511948
1780245949,250,POST,SOAP/listar-musicas,66.100000,0.000000,640,650,660,660,680,690,1200,1300,1300,1300,1300,5005,0,470.0,447.23711863896017,11.59532500014393,1347.2467640003742,71703.0
1780245949,250,POST,SOAP/listar-musicas-playlist,65.200000,0.000000,640,650,660,660,680,680,690,700,710,710,710,4918,0,470.0,433.1200529339121,2.9740600002696738,1038.8682749999134,753.0
1780245949,250,POST,SOAP/listar-playlists-musica,65.100000,0.000000,640,650,660,660,680,680,690,700,710,710,710,4874,0,470.0,435.2213431858857,2.6085389999934705,1038.3959169998889,1263.0
1780245949,250,POST,SOAP/listar-playlists-usuario,65.500000,0.000000,630,640,650,650,670,670,680,690,700,700,700,4962,0,460.0,426.18726128557114,2.587708999726601,1125.2342289999433,1608.0
1780245949,250,POST,SOAP/listar-usuarios,66.200000,0.000000,640,650,660,660,680,690,48000,50000,54000,54000,54000,5049,0,470.0,1107.57040928442,5.871956000191858,54341.610238000154,28012.0
1780245949,250,,Aggregated,328.100000,0.000000,640,650,660,660,670,680,700,710,52000,54000,54000,24808,0,470.0,572.2605293768532,2.587708999726601,54341.610238000154,20886.170388584327
1780245950,250,POST,SOAP/listar-musicas,66.100000,0.000000,650,650,660,670,680,690,1200,1300,1300,1300,1300,5071,0,470.0,450.0486454184572,11.59532500014393,1347.2467640003742,71703.0
1780245950,250,POST,SOAP/listar-musicas-playlist,65.200000,0.000000,650,660,660,660,680,680,690,700,710,710,710,4984,0,470.0,436.0469688994747,2.9740600002696738,1038.8682749999134,753.0
1780245950,250,POST,SOAP/listar-playlists-musica,65.100000,0.000000,650,660,660,670,680,680,690,700,710,710,710,4941,0,470.0,438.18716158591496,2.6085389999934705,1038.3959169998889,1263.0
1780245950,250,POST,SOAP/listar-playlists-usuario,65.900000,0.000000,640,650,650,660,670,670,680,690,700,700,700,5029,0,460.0,429.09827152177456,2.587708999726601,1125.2342289999433,1608.0
1780245950,250,POST,SOAP/listar-usuarios,66.700000,0.000000,650,650,660,670,680,690,48000,51000,55000,55000,55000,5117,0,470.0,1112.146956878452,5.871956000191858,55007.39793000002,28012.0
1780245950,250,,Aggregated,329.000000,0.000000,640,650,660,660,680,680,700,700,53000,55000,55000,25142,0,470.0,575.5042846686011,2.587708999726601,55007.39793000002,20882.323761037307
1780245951,250,POST,SOAP/listar-musicas,66.200000,0.000000,650,660,670,670,680,690,1300,1300,1300,1300,1300,5138,0,470.0,453.31404556714585,11.59532500014393,1347.2467640003742,71703.0
1780245951,250,POST,SOAP/listar-musicas-playlist,65.500000,0.000000,650,660,670,670,680,690,700,700,720,720,720,5048,0,470.0,439.1468971984906,2.9740600002696738,1038.8682749999134,753.0
1780245951,250,POST,SOAP/listar-playlists-musica,65.400000,0.000000,650,660,670,680,680,690,700,700,720,720,720,5005,0,470.0,441.29710590070084,2.6085389999934705,1038.3959169998889,1263.0
1780245951,250,POST,SOAP/listar-playlists-usuario,65.900000,0.000000,640,650,660,670,670,680,690,690,710,710,710,5093,0,460.0,432.1569046133917,2.587708999726601,1125.2342289999433,1608.0
1780245951,250,POST,SOAP/listar-usuarios,66.400000,0.000000,650,660,670,670,680,690,49000,52000,55000,55000,55000,5184,0,480.0,1127.518095468758,5.871956000191858,55351.53909000019,28012.0
1780245951,250,,Aggregated,329.400000,0.000000,650,660,670,670,680,690,700,720,54000,55000,55000,25468,0,470.0,581.1474022428525,2.587708999726601,55351.53909000019,20886.45457044134
1780245952,250,POST,SOAP/listar-musicas,66.100000,0.000000,660,670,680,680,690,690,1300,1300,1300,1300,1300,5205,0,480.0,456.34063388069126,11.59532500014393,1347.2467640003742,71703.0
1780245952,250,POST,SOAP/listar-musicas-playlist,65.800000,0.000000,660,670,680,680,690,690,700,700,720,720,720,5116,0,470.0,442.3416434992141,2.9740600002696738,1038.8682749999134,753.0
1780245952,250,POST,SOAP/listar-playlists-musica,65.400000,0.000000,660,670,680,680,690,690,700,700,720,720,720,5072,0,480.0,444.44702732945757,2.6085389999934705,1038.3959169998889,1263.0
1780245952,250,POST,SOAP/listar-playlists-usuario,66.000000,0.000000,650,660,670,670,680,680,690,690,710,710,710,5162,0,470.0,435.3495487495161,2.587708999726601,1125.2342289999433,1608.0
1780245952,250,POST,SOAP/listar-usuarios,66.800000,0.000000,660,670,680,680,690,690,49000,53000,56000,56000,56000,5252,0,480.0,1132.2461183303585,5.871956000191858,56023.886112000124,28012.0
1780245952,250,,Aggregated,330.100000,0.000000,660,670,670,680,690,690,700,720,55000,56000,56000,25807,0,470.0,584.5832198326798,2.587708999726601,56023.886112000124,20881.618126864803
1780245953,250,POST,SOAP/listar-musicas,66.000000,0.000000,660,670,680,680,690,690,1300,1300,1400,1400,1400,5272,0,480.0,459.3461408245443,11.59532500014393,1351.7074040000807,71703.0
1780245953,250,POST,SOAP/listar-musicas-playlist,65.300000,0.000000,660,670,680,680,690,690,700,700,720,720,720,5184,0,480.0,445.37913990412386,2.9740600002696738,1038.8682749999134,753.0
1780245953,250,POST,SOAP/listar-playlists-musica,65.100000,0.000000,660,680,680,680,690,690,700,700,720,720,720,5139,0,480.0,447.44227029247116,2.6085389999934705,1038.3959169998889,1263.0
1780245953,250,POST,SOAP/listar-playlists-usuario,66.000000,0.000000,660,660,670,670,680,680,690,690,710,710,710,5229,0,470.0,438.2933528980687,2.587708999726601,1125.2342289999433,1608.0
1780245953,250,POST,SOAP/listar-usuarios,66.500000,0.000000,660,670,680,680,690,690,50000,54000,57000,57000,57000,5319,0,480.0,1147.653825853928,5.871956000191858,57378.86436500003,28012.0
1780245953,250,,Aggregated,328.900000,0.000000,660,670,680,680,690,690,700,720,55000,57000,57000,26143,0,480.0,590.0673520538563,2.587708999726601,57378.86436500003,20878.108289025742
1780245954,250,POST,SOAP/listar-musicas,66.100000,0.000000,670,680,680,680,690,710,1300,1300,1400,1400,1400,5338,0,480.0,462.221297771637,11.59532500014393,1359.1514089998782,71703.0
1780245954,250,POST,SOAP/listar-musicas-playlist,65.700000,0.000000,670,680,680,680,690,700,710,720,720,720,720,5249,0,480.0,448.324218742423,2.9740600002696738,1038.8682749999134,753.0
1780245954,250,POST,SOAP/listar-playlists-musica,65.200000,0.000000,670,680,680,680,690,700,710,720,720,720,720,5203,0,480.0,450.3344833063638,2.6085389999934705,1038.3959169998889,1263.0
1780245954,250,POST,SOAP/listar-playlists-usuario,66.000000,0.000000,660,670,670,670,680,690,700,710,710,710,710,5291,0,470.0,441.05029549744825,2.587708999726601,1125.2342289999433,1608.0
1780245954,250,POST,SOAP/listar-usuarios,66.200000,0.000000,670,680,680,680,690,710,51000,55000,58000,58000,58000,5385,0,490.0,1152.6064841526547,5.871956000191858,58059.475391999964,28012.0
1780245954,250,,Aggregated,329.200000,0.000000,670,680,680,680,690,700,710,720,56000,58000,58000,26466,0,480.0,593.3675077067174,2.587708999726601,58059.475391999964,20880.641124461574
1780245955,250,POST,SOAP/listar-musicas,65.800000,0.000000,670,680,690,690,710,710,1300,1300,1400,1400,1400,5404,0,490.0,465.4283163164319,11.59532500014393,1400.3005099998518,71703.0
1780245955,250,POST,SOAP/listar-musicas-playlist,65.500000,0.000000,670,680,690,690,700,710,720,720,740,740,740,5313,0,480.0,451.40098804328625,2.9740600002696738,1038.8682749999134,753.0
1780245955,250,POST,SOAP/listar-playlists-musica,65.000000,0.000000,670,680,690,690,700,710,720,720,740,740,740,5266,0,480.0,453.3745301479325,2.6085389999934705,1038.3959169998889,1263.0
1780245955,250,POST,SOAP/listar-playlists-usuario,65.600000,0.000000,670,670,680,680,690,700,710,720,730,730,730,5359,0,470.0,444.28978642731823,2.587708999726601,1125.2342289999433,1608.0
1780245955,250,POST,SOAP/listar-usuarios,66.500000,0.000000,670,680,690,690,700,710,52000,55000,59000,59000,59000,5452,0,490.0,1168.5081109763476,5.871956000191858,59463.57846899991,28012.0
1780245955,250,,Aggregated,328.400000,0.000000,670,680,690,690,700,710,720,740,57000,59000,59000,26794,0,480.0,599.111500078898,2.587708999726601,59463.57846899991,20880.546204374114
1780245956,250,POST,SOAP/listar-musicas,66.000000,0.000000,680,690,690,700,710,710,1300,1300,1400,1400,1400,5472,0,490.0,468.4533682236844,11.59532500014393,1400.3005099998518,71703.0
1780245956,250,POST,SOAP/listar-musicas-playlist,65.400000,0.000000,680,690,690,700,710,710,720,720,740,740,740,5378,0,480.0,454.40071460561165,2.9740600002696738,1038.8682749999134,753.0
1780245956,250,POST,SOAP/listar-playlists-musica,65.100000,0.000000,680,690,690,700,710,710,720,720,740,740,740,5333,0,490.0,456.47248657303857,2.6085389999934705,1038.3959169998889,1263.0
1780245956,250,POST,SOAP/listar-playlists-usuario,65.800000,0.000000,670,680,680,690,700,700,710,720,730,730,730,5425,0,480.0,447.28516825437754,2.587708999726601,1125.2342289999433,1608.0
1780245956,250,POST,SOAP/listar-usuarios,66.300000,0.000000,680,690,690,700,710,710,53000,56000,60000,60000,60000,5515,0,490.0,1173.9296354261191,5.871956000191858,60151.612756999835,28012.0
1780245956,250,,Aggregated,328.600000,0.000000,680,690,690,700,710,710,720,740,58000,60000,60000,27123,0,490.0,602.5238956648598,2.587708999726601,60151.612756999835,20880.935331637356
1780245957,250,POST,SOAP/listar-musicas,65.800000,0.000000,680,690,700,700,710,720,1300,1400,1400,1400,1400,5536,0,490.0,471.2855379924139,11.59532500014393,1409.0566790000594,71703.0
1780245957,250,POST,SOAP/listar-musicas-playlist,65.200000,0.000000,680,690,700,700,710,710,720,720,740,740,740,5448,0,490.0,457.4801289763184,2.9740600002696738,1038.8682749999134,753.0
1780245957,250,POST,SOAP/listar-playlists-musica,64.900000,0.000000,680,690,700,700,710,710,720,720,740,740,740,5401,0,490.0,459.4542796646947,2.6085389999934705,1038.3959169998889,1263.0
1780245957,250,POST,SOAP/listar-playlists-usuario,65.500000,0.000000,670,680,690,690,700,700,710,720,730,730,730,5491,0,480.0,450.14144928774283,2.587708999726601,1125.2342289999433,1608.0
1780245957,250,POST,SOAP/listar-usuarios,66.200000,0.000000,680,690,700,700,710,710,54000,57000,61000,61000,61000,5587,0,490.0,1189.21675451925,5.871956000191858,60861.57980000007,28012.0
1780245957,250,,Aggregated,327.600000,0.000000,680,690,700,700,710,710,720,740,59000,61000,61000,27463,0,490.0,608.0465262715647,2.587708999726601,60861.57980000007,20871.870771583584
1780245958,250,POST,SOAP/listar-musicas,66.000000,0.000000,690,700,700,710,710,720,1300,1400,1400,1400,1400,5603,0,500.0,474.24974658772175,11.59532500014393,1409.0566790000594,71703.0
1780245958,250,POST,SOAP/listar-musicas-playlist,65.300000,0.000000,690,700,700,710,710,720,720,720,740,740,740,5510,0,490.0,460.31609126460654,2.9740600002696738,1038.8682749999134,753.0
1780245958,250,POST,SOAP/listar-playlists-musica,64.900000,0.000000,690,700,710,710,710,720,720,720,740,740,740,5467,0,490.0,462.4800612094419,2.6085389999934705,1038.3959169998889,1263.0
1780245958,250,POST,SOAP/listar-playlists-usuario,65.400000,0.000000,680,690,700,700,700,710,720,730,730,730,730,5558,0,480.0,453.1632819686923,2.587708999726601,1125.2342289999433,1608.0
1780245958,250,POST,SOAP/listar-usuarios,66.000000,0.000000,690,700,700,710,710,720,55000,58000,61000,61000,61000,5652,0,500.0,1194.4045272004682,5.871956000191858,61256.306487000074,28012.0
1780245958,250,,Aggregated,327.600000,0.000000,690,700,700,710,710,720,730,740,60000,61000,61000,27790,0,490.0,611.4212809121983,2.587708999726601,61256.306487000074,20873.22231018352
1780245959,250,POST,SOAP/listar-musicas,65.600000,0.000000,690,700,710,710,720,730,1300,1400,1400,1400,1400,5669,0,500.0,477.1763183713189,11.59532500014393,1411.5745220001372,71703.0
1780245959,250,POST,SOAP/listar-musicas-playlist,65.400000,0.000000,690,700,710,710,720,720,730,730,740,740,740,5575,0,490.0,463.30201295515354,2.9740600002696738,1038.8682749999134,753.0
1780245959,250,POST,SOAP/listar-playlists-musica,64.900000,0.000000,690,710,710,710,720,720,730,730,740,740,740,5530,0,490.0,465.3845336434028,2.6085389999934705,1038.3959169998889,1263.0
1780245959,250,POST,SOAP/listar-playlists-usuario,65.800000,0.000000,680,700,700,700,710,710,720,730,730,730,730,5623,0,480.0,456.1116974582947,2.587708999726601,1125.2342289999433,1608.0
1780245959,250,POST,SOAP/listar-usuarios,66.300000,0.000000,690,710,710,710,720,720,55000,59000,62000,62000,62000,5717,0,500.0,1199.6794188282395,5.871956000191858,61976.11336299997,28012.0
1780245959,250,,Aggregated,328.000000,0.000000,690,700,710,710,720,720,730,740,61000,62000,62000,28114,0,490.0,614.8140091900482,2.587708999726601,61976.11336299997,20874.05065092125
1780245960,250,POST,SOAP/listar-musicas,65.600000,0.000000,700,710,710,710,720,730,1300,1400,1400,1400,1400,5735,0,500.0,480.12847056791753,11.59532500014393,1432.907788999728,71703.0
1780245960,250,POST,SOAP/listar-musicas-playlist,65.200000,0.000000,700,710,710,710,720,730,730,730,740,740,740,5643,0,500.0,466.30030110579116,2.9740600002696738,1038.8682749999134,753.0
1780245960,250,POST,SOAP/listar-playlists-musica,64.700000,0.000000,700,710,710,710,720,730,730,740,750,750,750,5596,0,500.0,468.3066983884946,2.6085389999934705,1038.3959169998889,1263.0
1780245960,250,POST,SOAP/listar-playlists-usuario,65.400000,0.000000,690,700,700,700,710,720,730,730,740,740,740,5690,0,490.0,459.0315759425289,2.587708999726601,1125.2342289999433,1608.0
1780245960,250,POST,SOAP/listar-usuarios,65.900000,0.000000,700,710,710,710,720,730,56000,60000,63000,63000,63000,5784,0,500.0,1215.5737798284997,5.871956000191858,63404.56370800029,28012.0
1780245960,250,,Aggregated,326.800000,0.000000,700,710,710,710,720,730,730,740,61000,63000,63000,28448,0,500.0,620.3698703483572,2.587708999726601,63404.56370800029,20869.817210348705
1780245961,250,POST,SOAP/listar-musicas,65.800000,0.000000,700,710,710,720,730,740,1300,1400,1400,1400,1400,5801,0,500.0,482.9942994306167,11.59532500014393,1432.907788999728,71703.0
1780245961,250,POST,SOAP/listar-musicas-playlist,65.200000,0.000000,700,710,710,720,730,740,750,750,760,760,760,5708,0,500.0,469.21184737122996,2.9740600002696738,1038.8682749999134,753.0
1780245961,250,POST,SOAP/listar-playlists-musica,64.700000,0.000000,700,710,710,720,730,740,750,750,760,760,760,5660,0,500.0,471.1775238595437,2.6085389999934705,1038.3959169998889,1263.0
1780245961,250,POST,SOAP/listar-playlists-usuario,65.300000,0.000000,700,700,710,710,720,730,740,740,750,750,750,5752,0,490.0,461.77416254902414,2.587708999726601,1125.2342289999433,1608.0
1780245961,250,POST,SOAP/listar-usuarios,66.100000,0.000000,700,710,710,720,730,740,57000,61000,64000,64000,64000,5848,0,510.0,1220.9928688168673,5.871956000191858,64122.727422000025,28012.0
1780245961,250,,Aggregated,327.100000,0.000000,700,710,710,720,730,740,750,760,62000,64000,64000,28769,0,500.0,623.7084090743531,2.587708999726601,64122.727422000025,20871.74385623414
1780245962,250,POST,SOAP/listar-musicas,65.700000,0.000000,710,710,720,720,740,750,1400,1400,1500,1500,1500,5867,0,510.0,485.97430486858786,11.59532500014393,1457.1665859998575,71703.0
1780245962,250,POST,SOAP/listar-musicas-playlist,64.900000,0.000000,710,710,720,720,730,740,750,750,770,770,770,5770,0,500.0,471.9656894410707,2.9740600002696738,1038.8682749999134,753.0
1780245962,250,POST,SOAP/listar-playlists-musica,64.600000,0.000000,710,710,720,720,730,740,750,750,770,770,770,5723,0,500.0,473.99904396330885,2.6085389999934705,1038.3959169998889,1263.0
1780245962,250,POST,SOAP/listar-playlists-usuario,65.300000,0.000000,700,710,710,710,720,730,740,740,760,760,760,5821,0,490.0,464.81753832193596,2.587708999726601,1125.2342289999433,1608.0
1780245962,250,POST,SOAP/listar-usuarios,65.800000,0.000000,710,710,720,720,730,750,58000,61000,66000,66000,66000,5917,0,510.0,1237.028943301681,5.871956000191858,65584.40657799975,28012.0
1780245962,250,,Aggregated,326.300000,0.000000,710,710,720,720,730,740,750,770,63000,66000,66000,29098,0,500.0,629.333732608051,2.587708999726601,65584.40657799975,20872.96831397347
1780245963,250,POST,SOAP/listar-musicas,65.700000,0.000000,710,720,720,730,740,750,1400,1400,1500,1500,1500,5935,0,510.0,488.82725749216604,11.59532500014393,1457.1665859998575,71703.0
1780245963,250,POST,SOAP/listar-musicas-playlist,65.100000,0.000000,710,720,720,730,740,740,750,750,770,770,770,5837,0,500.0,474.87382442829795,2.9740600002696738,1038.8682749999134,753.0
1780245963,250,POST,SOAP/listar-playlists-musica,64.700000,0.000000,710,720,720,730,740,740,750,750,770,770,770,5790,0,510.0,476.91636714836153,2.6085389999934705,1038.3959169998889,1263.0
1780245963,250,POST,SOAP/listar-playlists-usuario,65.000000,0.000000,700,710,710,720,730,730,740,740,760,760,760,5886,0,500.0,467.59615706031104,2.587708999726601,1125.2342289999433,1608.0
1780245963,250,POST,SOAP/listar-usuarios,65.800000,0.000000,710,720,720,730,740,750,59000,62000,66000,66000,66000,5980,0,520.0,1242.5979630471638,5.871956000191858,66294.31367400002,28012.0
1780245963,250,,Aggregated,326.300000,0.000000,710,720,720,720,740,740,750,770,64000,66000,66000,29428,0,510.0,632.6417307214916,2.587708999726601,66294.31367400002,20872.69892619274
1780245964,250,POST,SOAP/listar-musicas,65.600000,0.000000,710,720,730,730,740,750,1400,1400,1500,1500,1500,6001,0,510.0,491.43447755690784,11.59532500014393,1457.1665859998575,71703.0
1780245964,250,POST,SOAP/listar-musicas-playlist,64.900000,0.000000,710,720,730,730,740,740,750,750,770,770,770,5905,0,510.0,477.675399185601,2.9740600002696738,1038.8682749999134,753.0
1780245964,250,POST,SOAP/listar-playlists-musica,65.000000,0.000000,710,720,730,730,740,740,750,750,770,770,770,5858,0,510.0,479.7061256157415,2.6085389999934705,1038.3959169998889,1263.0
1780245964,250,POST,SOAP/listar-playlists-usuario,65.300000,0.000000,700,710,720,720,730,730,740,740,760,760,760,5953,0,500.0,470.30539855266045,2.587708999726601,1125.2342289999433,1608.0
1780245964,250,POST,SOAP/listar-usuarios,65.900000,0.000000,710,720,730,730,740,750,59000,63000,67000,67000,67000,6049,0,520.0,1247.5580313314663,5.871956000191858,67034.94337199982,28012.0
1780245964,250,,Aggregated,326.700000,0.000000,710,720,720,730,740,740,750,770,65000,67000,67000,29766,0,510.0,635.8293551358951,2.587708999726601,67034.94337199982,20867.830208963245
1780245965,250,POST,SOAP/listar-musicas,65.600000,0.000000,720,720,730,740,750,750,1400,1400,1500,1500,1500,6068,0,520.0,494.39752771456904,11.59532500014393,1467.8620300001057,71703.0
1780245965,250,POST,SOAP/listar-musicas-playlist,64.900000,0.000000,720,720,730,730,740,750,760,760,770,770,770,5970,0,510.0,480.5169631346692,2.9740600002696738,1038.8682749999134,753.0
1780245965,250,POST,SOAP/listar-playlists-musica,64.900000,0.000000,720,730,730,740,740,750,760,760,770,770,770,5923,0,510.0,482.54944582120737,2.6085389999934705,1038.3959169998889,1263.0
1780245965,250,POST,SOAP/listar-playlists-usuario,65.400000,0.000000,710,720,720,730,730,740,750,750,760,760,760,6019,0,500.0,473.14934683485484,2.587708999726601,1125.2342289999433,1608.0
1780245965,250,POST,SOAP/listar-usuarios,65.800000,0.000000,720,720,730,730,750,750,61000,64000,67000,67000,67000,6117,0,520.0,1263.5880126061859,5.871956000191858,67479.54341200012,28012.0
1780245965,250,,Aggregated,326.600000,0.000000,710,720,730,730,740,750,760,770,66000,67000,67000,30097,0,510.0,641.3956416717958,2.587708999726601,67479.54341200012,20869.120477123965
1780245966,250,POST,SOAP/listar-musicas,65.600000,0.000000,720,730,740,740,750,750,1400,1400,1500,1500,1500,6134,0,520.0,497.15273403325875,11.59532500014393,1467.8620300001057,71703.0
1780245966,250,POST,SOAP/listar-musicas-playlist,65.100000,0.000000,720,730,740,740,750,750,760,760,770,770,770,6037,0,520.0,483.40629961901163,2.9740600002696738,1038.8682749999134,753.0
1780245966,250,POST,SOAP/listar-playlists-musica,64.800000,0.000000,720,730,740,740,750,750,760,760,770,770,770,5987,0,520.0,485.3112815279791,2.6085389999934705,1038.3959169998889,1263.0
1780245966,250,POST,SOAP/listar-playlists-usuario,65.500000,0.000000,710,720,730,730,740,740,750,750,760,760,760,6085,0,510.0,475.9576586826608,2.587708999726601,1125.2342289999433,1608.0
1780245966,250,POST,SOAP/listar-usuarios,65.900000,0.000000,720,730,740,740,750,750,61000,65000,68000,68000,68000,6185,0,530.0,1268.7390634824637,5.871956000191858,68222.69064900001,28012.0
1780245966,250,,Aggregated,326.900000,0.000000,720,730,730,740,750,750,760,770,67000,68000,68000,30428,0,520.0,644.694715544599,2.587708999726601,68222.69064900001,20868.034179045615
1780245967,250,POST,SOAP/listar-musicas,65.700000,0.000000,720,730,740,740,750,750,1400,1400,1500,1500,1500,6202,0,530.0,499.90575988278135,11.59532500014393,1467.8620300001057,71703.0
1780245967,250,POST,SOAP/listar-musicas-playlist,65.400000,0.000000,730,730,740,740,750,750,760,760,770,770,770,6107,0,520.0,486.20975437268294,2.9740600002696738,1038.8682749999134,753.0
1780245967,250,POST,SOAP/listar-playlists-musica,64.700000,0.000000,730,730,740,740,750,750,760,760,770,770,770,6056,0,520.0,488.0863823683972,2.6085389999934705,1038.3959169998889,1263.0
1780245967,250,POST,SOAP/listar-playlists-usuario,65.200000,0.000000,720,720,730,730,740,740,750,750,760,760,760,6156,0,510.0,478.7600186687768,2.587708999726601,1125.2342289999433,1608.0
1780245967,250,POST,SOAP/listar-usuarios,66.000000,0.000000,730,730,740,740,750,750,62000,66000,70000,70000,70000,6252,0,530.0,1284.8758573536525,5.871956000191858,69683.10363699993,28012.0
1780245967,250,,Aggregated,327.000000,0.000000,720,730,740,740,750,750,760,770,67000,70000,70000,30773,0,520.0,650.1101666873564,2.587708999726601,69683.10363699993,20861.76768595847
1780245968,250,POST,SOAP/listar-musicas,65.600000,0.000000,730,730,740,740,750,750,1400,1400,1500,1500,1500,6270,0,530.0,502.46298464130916,11.59532500014393,1469.2877369998314,71703.0
1780245968,250,POST,SOAP/listar-musicas-playlist,64.900000,0.000000,730,730,740,740,750,750,760,760,770,770,770,6174,0,520.0,488.81682770699325,2.9740600002696738,1038.8682749999134,753.0
1780245968,250,POST,SOAP/listar-playlists-musica,64.800000,0.000000,730,730,740,740,750,750,760,760,770,770,770,6124,0,520.0,490.72014633638315,2.6085389999934705,1038.3959169998889,1263.0
1780245968,250,POST,SOAP/listar-playlists-usuario,65.400000,0.000000,720,730,730,730,740,750,750,750,760,760,760,6220,0,510.0,481.214588386815,2.587708999726601,1125.2342289999433,1608.0
1780245968,250,POST,SOAP/listar-usuarios,66.400000,0.000000,730,730,740,740,750,750,63000,67000,70000,70000,70000,6320,0,530.0,1289.87284909605,5.871956000191858,70422.49106199961,28012.0
1780245968,250,,Aggregated,327.100000,0.000000,730,730,740,740,750,750,760,770,68000,70000,70000,31108,0,520.0,653.1670094567635,2.587708999726601,70422.49106199961,20862.76983412627
1780245969,250,POST,SOAP/listar-musicas,66.100000,0.000000,730,740,740,740,750,760,1400,1500,1500,1500,1500,6338,0,530.0,505.12322258583254,11.59532500014393,1469.2877369998314,71703.0
1780245969,250,POST,SOAP/listar-musicas-playlist,65.100000,0.000000,730,740,740,740,750,760,760,760,770,770,770,6238,0,520.0,491.40106845591185,2.9740600002696738,1038.8682749999134,753.0
1780245969,250,POST,SOAP/listar-playlists-musica,65.000000,0.000000,730,740,740,740,750,760,760,760,770,770,770,6190,0,530.0,493.38272673101955,2.6085389999934705,1038.3959169998889,1263.0
1780245969,250,POST,SOAP/listar-playlists-usuario,65.400000,0.000000,720,730,730,730,740,750,750,750,760,760,760,6287,0,520.0,483.8785372888485,2.587708999726601,1125.2342289999433,1608.0
1780245969,250,POST,SOAP/listar-usuarios,65.900000,0.000000,730,740,740,740,750,760,63000,67000,71000,71000,71000,6387,0,530.0,1295.1209890386783,5.871956000191858,71143.36095599993,28012.0
1780245969,250,,Aggregated,327.500000,0.000000,730,740,740,740,750,750,760,770,69000,71000,71000,31440,0,530.0,656.3279913857187,2.587708999726601,71143.36095599993,20864.851717557252
1780245970,250,POST,SOAP/listar-musicas,66.100000,0.000000,730,740,750,750,760,770,1400,1500,1500,1500,1500,6404,0,530.0,508.057676823549,11.59532500014393,1521.673598000234,71703.0
1780245970,250,POST,SOAP/listar-musicas-playlist,65.400000,0.000000,730,740,750,750,760,770,780,790,790,790,790,6302,0,530.0,494.21787392874893,2.9740600002696738,1038.8682749999134,753.0
1780245970,250,POST,SOAP/listar-playlists-musica,65.300000,0.000000,740,740,750,750,760,770,780,790,790,790,790,6252,0,530.0,496.1180527651968,2.6085389999934705,1038.3959169998889,1263.0
1780245970,250,POST,SOAP/listar-playlists-usuario,65.700000,0.000000,730,730,740,740,750,760,770,780,780,780,780,6353,0,520.0,486.7494897338248,2.587708999726601,1125.2342289999433,1608.0
1780245970,250,POST,SOAP/listar-usuarios,66.000000,0.000000,730,740,750,750,760,780,65000,68000,73000,73000,73000,6453,0,540.0,1311.9086944503388,5.871956000191858,72669.55390999965,28012.0
1780245970,250,,Aggregated,328.500000,0.000000,730,740,740,750,760,770,790,790,70000,73000,73000,31764,0,530.0,662.0060062754061,2.587708999726601,72669.55390999965,20866.539289761993
1780245971,250,POST,SOAP/listar-musicas,66.200000,0.000000,740,750,750,760,770,780,1400,1500,1500,1500,1500,6467,0,540.0,510.720273905367,11.59532500014393,1532.2212890000628,71703.0
1780245971,250,POST,SOAP/listar-musicas-playlist,65.400000,0.000000,740,740,750,760,770,780,790,790,800,800,800,6368,0,530.0,497.08422200125267,2.9740600002696738,1038.8682749999134,753.0
1780245971,250,POST,SOAP/listar-playlists-musica,65.600000,0.000000,740,740,750,760,770,780,790,790,790,790,790,6318,0,530.0,498.98525310304046,2.6085389999934705,1038.3959169998889,1263.0
1780245971,250,POST,SOAP/listar-playlists-usuario,65.900000,0.000000,730,740,740,750,760,770,780,780,780,780,780,6418,0,520.0,489.53498303645824,2.587708999726601,1125.2342289999433,1608.0
1780245971,250,POST,SOAP/listar-usuarios,66.300000,0.000000,740,740,750,760,780,780,66000,69000,73000,73000,73000,6519,0,540.0,1317.567853497629,5.871956000191858,73451.58239400007,28012.0
1780245971,250,,Aggregated,329.400000,0.000000,730,740,750,750,770,780,790,790,71000,73000,73000,32090,0,530.0,665.3758031858525,2.587708999726601,73451.58239400007,20860.34312870053
1780245972,250,POST,SOAP/listar-musicas,66.100000,0.000000,740,750,760,770,780,790,1400,1500,1600,1600,1600,6534,0,540.0,513.5261958171118,11.59532500014393,1566.2105699998392,71703.0
1780245972,250,POST,SOAP/listar-musicas-playlist,65.400000,0.000000,740,750,760,770,780,790,790,790,800,800,800,6436,0,530.0,500.01434606276877,2.9740600002696738,1038.8682749999134,753.0
1780245972,250,POST,SOAP/listar-playlists-musica,65.100000,0.000000,740,750,760,770,780,790,790,790,800,800,800,6384,0,540.0,501.8270347871252,2.6085389999934705,1038.3959169998889,1263.0
1780245972,250,POST,SOAP/listar-playlists-usuario,65.700000,0.000000,730,740,750,760,770,780,780,780,790,790,790,6483,0,520.0,492.3021392620682,2.587708999726601,1125.2342289999433,1608.0
1780245972,250,POST,SOAP/listar-usuarios,66.400000,0.000000,740,750,760,770,780,790,800,69000,73000,73000,73000,6585,0,540.0,1312.1111257842126,5.871956000191858,73451.58239400007,28012.0
1780245972,250,,Aggregated,328.700000,0.000000,740,750,760,770,780,790,790,800,71000,73000,73000,32422,0,540.0,666.4913582423976,2.587708999726601,73451.58239400007,20859.30497810129
1780245973,250,POST,SOAP/listar-musicas,66.100000,0.000000,750,750,760,770,780,790,800,1500,1600,1600,1600,6601,0,540.0,516.071236426149,11.59532500014393,1566.2105699998392,71703.0
1780245973,250,POST,SOAP/listar-musicas-playlist,65.500000,0.000000,750,760,760,770,780,790,790,790,800,800,800,6499,0,540.0,502.4710324068289,2.9740600002696738,1038.8682749999134,753.0
1780245973,250,POST,SOAP/listar-playlists-musica,65.200000,0.000000,750,760,760,770,780,790,790,790,800,800,800,6450,0,540.0,504.4099415700785,2.6085389999934705,1038.3959169998889,1263.0
1780245973,250,POST,SOAP/listar-playlists-usuario,66.000000,0.000000,740,750,750,760,770,780,780,790,1500,1500,1500,6550,0,530.0,495.00417431999836,2.587708999726601,1500.8294340000248,1608.0
1780245973,250,POST,SOAP/listar-usuarios,66.400000,0.000000,750,760,760,770,780,790,800,69000,73000,73000,73000,6651,0,550.0,1306.5598597612454,5.871956000191858,73451.58239400007,28012.0
1780245973,250,,Aggregated,329.200000,0.000000,740,750,760,770,780,790,790,800,71000,73000,73000,32751,0,540.0,667.3932571053108,2.587708999726601,73451.58239400007,20860.181734908856
1780245974,250,POST,SOAP/listar-musicas,65.900000,0.000000,750,760,770,770,780,790,800,1500,1600,1600,1600,6669,0,540.0,518.4520821935836,11.59532500014393,1566.2105699998392,71703.0
1780245974,250,POST,SOAP/listar-musicas-playlist,65.900000,0.000000,750,760,770,770,780,790,790,790,800,800,800,6567,0,540.0,505.03417291898603,2.9740600002696738,1038.8682749999134,753.0
1780245974,250,POST,SOAP/listar-playlists-musica,65.200000,0.000000,750,760,770,770,780,790,790,790,800,800,800,6518,0,540.0,506.98461127017566,2.6085389999934705,1038.3959169998889,1263.0
1780245974,250,POST,SOAP/listar-playlists-usuario,65.700000,0.000000,740,750,760,760,770,780,780,790,1500,1500,1500,6620,0,530.0,497.728365763745,2.587708999726601,1500.8294340000248,1608.0
1780245974,250,POST,SOAP/listar-usuarios,66.100000,0.000000,750,760,770,770,780,790,800,69000,73000,73000,73000,6717,0,550.0,1301.0922870638753,5.871956000191858,73451.58239400007,28012.0
1780245974,250,,Aggregated,328.800000,0.000000,750,760,760,770,780,790,790,800,71000,73000,73000,33091,0,540.0,668.2493946852921,2.587708999726601,73451.58239400007,20856.609229095524
1780245975,250,POST,SOAP/listar-musicas,66.000000,0.000000,750,760,770,770,780,790,800,1500,1600,1600,1600,6734,0,550.0,520.6788819297614,11.59532500014393,1566.2105699998392,71703.0
1780245975,250,POST,SOAP/listar-musicas-playlist,65.400000,0.000000,750,760,770,770,780,790,790,800,1500,1500,1500,6635,0,540.0,507.56337211273245,2.9740600002696738,1484.5784179997281,753.0
1780245975,250,POST,SOAP/listar-playlists-musica,65.100000,0.000000,750,760,770,770,780,790,790,790,800,800,800,6585,0,550.0,509.35227199893814,2.6085389999934705,1038.3959169998889,1263.0
1780245975,250,POST,SOAP/listar-playlists-usuario,65.500000,0.000000,740,750,760,760,770,780,780,790,1500,1500,1500,6686,0,530.0,500.03477635686403,2.587708999726601,1500.8294340000248,1608.0
1780245975,250,POST,SOAP/listar-usuarios,66.300000,0.000000,750,760,770,770,780,790,790,69000,73000,73000,73000,6784,0,550.0,1295.6526522957045,5.871956000191858,73451.58239400007,28012.0
1780245975,250,,Aggregated,328.300000,0.000000,750,760,760,770,780,790,790,800,71000,73000,73000,33424,0,540.0,669.0090768277881,2.587708999726601,73451.58239400007,20851.64875538535
1780245976,250,POST,SOAP/listar-musicas,66.000000,0.000000,750,760,770,770,780,790,800,1500,1600,1600,1600,6801,0,550.0,523.1020058875181,11.59532500014393,1566.2105699998392,71703.0
1780245976,250,POST,SOAP/listar-musicas-playlist,65.300000,0.000000,750,760,770,770,780,790,790,800,1500,1500,1500,6700,0,550.0,510.0829619531313,2.9740600002696738,1499.4854209999176,753.0
1780245976,250,POST,SOAP/listar-playlists-musica,65.000000,0.000000,750,760,770,770,780,790,790,800,1500,1500,1500,6653,0,550.0,511.8711010837227,2.6085389999934705,1497.044724999796,1263.0
1780245976,250,POST,SOAP/listar-playlists-usuario,65.600000,0.000000,740,750,760,760,770,780,780,790,1500,1500,1500,6749,0,540.0,502.2329863511621,2.587708999726601,1500.8294340000248,1608.0
1780245976,250,POST,SOAP/listar-usuarios,66.100000,0.000000,750,760,770,770,780,790,790,1500,73000,73000,73000,6852,0,550.0,1290.2772413184562,5.871956000191858,73451.58239400007,28012.0
1780245976,250,,Aggregated,328.000000,0.000000,750,760,760,770,780,790,790,800,71000,73000,73000,33755,0,550.0,669.8622753676485,2.587708999726601,73451.58239400007,20852.927210783586
1780245977,250,POST,SOAP/listar-musicas,65.900000,0.000000,750,760,770,770,780,790,800,1500,1600,1600,1600,6868,0,550.0,525.5770354459826,11.59532500014393,1566.2105699998392,71703.0
1780245977,250,POST,SOAP/listar-musicas-playlist,65.600000,0.000000,760,760,770,770,780,790,790,800,1500,1500,1500,6767,0,550.0,512.6124132303796,2.9740600002696738,1499.4854209999176,753.0
1780245977,250,POST,SOAP/listar-playlists-musica,65.300000,0.000000,760,760,770,770,780,790,790,800,1500,1500,1500,6716,0,550.0,514.3686127028003,2.6085389999934705,1521.3509850000264,1263.0
1780245977,250,POST,SOAP/listar-playlists-usuario,66.200000,0.000000,750,750,760,760,770,780,780,790,1500,1500,1500,6815,0,540.0,504.71158131254504,2.587708999726601,1500.8294340000248,1608.0
1780245977,250,POST,SOAP/listar-usuarios,65.900000,0.000000,750,760,770,770,780,790,790,1500,73000,73000,73000,6919,0,550.0,1285.1985924773908,5.871956000191858,73451.58239400007,28012.0
1780245977,250,,Aggregated,328.900000,0.000000,750,760,770,770,780,790,790,800,71000,73000,73000,34085,0,550.0,670.8202837224878,2.587708999726601,73451.58239400007,20853.97127768813
1780245978,250,POST,SOAP/listar-musicas,66.000000,0.000000,750,760,770,770,780,790,800,1500,1600,1600,1600,6936,0,550.0,527.7378525681959,11.59532500014393,1566.2105699998392,71703.0
1780245978,250,POST,SOAP/listar-musicas-playlist,66.300000,0.000000,760,760,770,770,780,790,790,800,1500,1500,1500,6835,0,550.0,514.9466532472535,2.9740600002696738,1499.4854209999176,753.0
1780245978,250,POST,SOAP/listar-playlists-musica,65.900000,0.000000,760,760,770,770,780,790,790,800,1500,1500,1500,6785,0,550.0,516.7483009121597,2.6085389999934705,1521.3509850000264,1263.0
1780245978,250,POST,SOAP/listar-playlists-usuario,66.000000,0.000000,750,760,760,760,770,780,780,790,1500,1500,1500,6886,0,540.0,507.23767870156746,2.587708999726601,1516.156332999799,1608.0
1780245978,250,POST,SOAP/listar-usuarios,65.900000,0.000000,760,760,770,770,780,790,790,800,73000,73000,73000,6986,0,560.0,1280.035779855864,5.871956000191858,73451.58239400007,28012.0
1780245978,250,,Aggregated,330.100000,0.000000,750,760,770,770,780,790,790,800,1600,73000,73000,34428,0,550.0,671.5858009660452,2.587708999726601,73451.58239400007,20849.678691762518
1780245979,250,POST,SOAP/listar-musicas,65.800000,0.000000,750,760,770,770,780,790,800,1500,1600,1600,1600,7005,0,550.0,529.6505045530345,11.59532500014393,1566.2105699998392,71703.0
1780245979,250,POST,SOAP/listar-musicas-playlist,65.800000,0.000000,750,760,770,770,780,790,790,800,1500,1500,1500,6907,0,550.0,517.3302274483823,2.9740600002696738,1499.4854209999176,753.0
1780245979,250,POST,SOAP/listar-playlists-musica,65.700000,0.000000,750,760,770,770,780,790,790,800,1500,1500,1500,6854,0,550.0,518.8167767716665,2.6085389999934705,1521.3509850000264,1263.0
1780245979,250,POST,SOAP/listar-playlists-usuario,65.700000,0.000000,740,750,760,760,770,780,790,790,1500,1500,1500,6954,0,540.0,509.47103589301,2.587708999726601,1516.156332999799,1608.0
1780245979,250,POST,SOAP/listar-usuarios,66.200000,0.000000,750,760,770,770,780,790,790,800,73000,73000,73000,7054,0,560.0,1274.7520838222374,5.871956000191858,73451.58239400007,28012.0
1780245979,250,,Aggregated,329.200000,0.000000,750,760,770,770,780,790,790,800,1500,73000,73000,34774,0,550.0,672.1784849673603,2.587708999726601,73451.58239400007,20846.487835739346
1780245980,250,POST,SOAP/listar-musicas,66.100000,0.000000,750,760,770,770,780,790,800,1500,1600,1600,1600,7071,0,560.0,531.8767555335885,11.59532500014393,1566.2105699998392,71703.0
1780245980,250,POST,SOAP/listar-musicas-playlist,65.400000,0.000000,750,760,770,770,780,790,800,800,1500,1500,1500,6971,0,550.0,519.53694743365,2.9740600002696738,1499.4854209999176,753.0
1780245980,250,POST,SOAP/listar-playlists-musica,65.300000,0.000000,750,760,770,770,780,790,790,800,1500,1500,1500,6922,0,550.0,521.1731534724073,2.6085389999934705,1521.3509850000264,1263.0
1780245980,250,POST,SOAP/listar-playlists-usuario,65.900000,0.000000,740,750,760,760,770,780,790,790,1500,1500,1500,7022,0,540.0,511.79727080860056,2.587708999726601,1516.156332999799,1608.0
1780245980,250,POST,SOAP/listar-usuarios,65.800000,0.000000,750,760,770,770,780,790,790,800,73000,73000,73000,7122,0,560.0,1269.8137537440414,5.871956000191858,73451.58239400007,28012.0
1780245980,250,,Aggregated,328.500000,0.000000,750,760,760,770,780,780,790,800,1500,73000,73000,35108,0,550.0,672.9978112412268,2.587708999726601,73451.58239400007,20844.149538566708
1780245981,250,POST,SOAP/listar-musicas,65.900000,0.000000,750,760,760,760,770,780,800,800,1500,1500,1500,7139,0,560.0,533.9264490974929,11.59532500014393,1566.2105699998392,71703.0
1780245981,250,POST,SOAP/listar-musicas-playlist,66.100000,0.000000,750,760,760,760,770,780,790,800,1500,1500,1500,7038,0,550.0,521.8222867881464,2.9740600002696738,1500.1237239998773,753.0
1780245981,250,POST,SOAP/listar-playlists-musica,65.500000,0.000000,750,760,760,770,770,780,790,800,1500,1500,1500,6990,0,560.0,523.706732041345,2.6085389999934705,1521.3509850000264,1263.0
1780245981,250,POST,SOAP/listar-playlists-usuario,66.300000,0.000000,740,750,750,760,760,770,790,790,1500,1500,1500,7089,0,550.0,514.0565575120601,2.587708999726601,1516.156332999799,1608.0
1780245981,250,POST,SOAP/listar-usuarios,66.200000,0.000000,750,760,760,770,770,780,790,800,1500,1500,1500,7187,0,560.0,1265.091260098519,5.871956000191858,73451.58239400007,28012.0
1780245981,250,,Aggregated,330.000000,0.000000,750,760,760,760,770,780,790,800,1500,1500,1500,35443,0,560.0,673.7960684485522,2.587708999726601,73451.58239400007,20842.960725672205
1780245982,250,POST,SOAP/listar-musicas,66.100000,0.000000,740,750,760,760,770,770,790,800,1500,1500,1500,7205,0,560.0,535.7176852219296,11.59532500014393,1566.2105699998392,71703.0
1780245982,250,POST,SOAP/listar-musicas-playlist,66.200000,0.000000,750,750,760,760,770,780,780,1500,1500,1500,1500,7107,0,560.0,523.9500069095221,2.9740600002696738,1500.1237239998773,753.0
1780245982,250,POST,SOAP/listar-playlists-musica,66.100000,0.000000,750,750,760,760,770,780,780,800,1500,1500,1500,7057,0,560.0,525.7750248801199,2.6085389999934705,1521.3509850000264,1263.0
1780245982,250,POST,SOAP/listar-playlists-usuario,66.400000,0.000000,740,750,750,750,760,770,790,1500,1500,1500,1500,7158,0,550.0,516.2645773354282,2.587708999726601,1516.156332999799,1608.0
1780245982,250,POST,SOAP/listar-usuarios,66.100000,0.000000,750,750,760,760,770,770,780,800,1500,1500,1500,7257,0,570.0,1260.2254150781393,5.871956000191858,73451.58239400007,28012.0
1780245982,250,,Aggregated,330.900000,0.000000,740,750,760,760,770,770,780,1500,1500,1500,1500,35784,0,560.0,674.458714886486,2.587708999726601,73451.58239400007,20838.30273306506
1780245983,250,POST,SOAP/listar-musicas,66.300000,0.000000,740,750,760,760,770,770,790,800,1500,1500,1500,7273,0,570.0,537.7381887877085,11.59532500014393,1566.2105699998392,71703.0
1780245983,250,POST,SOAP/listar-musicas-playlist,65.900000,0.000000,740,750,760,760,770,770,780,1500,1500,1500,1500,7176,0,560.0,526.1625105912725,2.9740600002696738,1500.1237239998773,753.0
1780245983,250,POST,SOAP/listar-playlists-musica,66.100000,0.000000,750,750,760,760,770,780,780,800,1500,1500,1500,7123,0,560.0,527.7813964221543,2.6085389999934705,1521.3509850000264,1263.0
1780245983,250,POST,SOAP/listar-playlists-usuario,66.300000,0.000000,740,740,750,750,760,770,780,1500,1500,1500,1500,7221,0,550.0,518.1578057432478,2.587708999726601,1516.156332999799,1608.0
1780245983,250,POST,SOAP/listar-usuarios,66.100000,0.000000,740,750,760,760,770,770,780,800,1500,1500,1500,7323,0,570.0,1255.5484839526225,5.871956000191858,73451.58239400007,28012.0
1780245983,250,,Aggregated,330.700000,0.000000,740,750,760,760,770,770,780,1500,1500,1500,1500,36116,0,560.0,675.1051604005982,2.587708999726601,73451.58239400007,20839.49053051279
1780245984,250,POST,SOAP/listar-musicas,66.600000,0.000000,740,750,760,760,770,780,790,800,1500,1500,1500,7342,0,570.0,539.8525528869524,11.59532500014393,1566.2105699998392,71703.0
1780245984,250,POST,SOAP/listar-musicas-playlist,66.000000,0.000000,750,750,760,760,770,770,780,1500,1500,1500,1500,7242,0,560.0,528.2298322471655,2.9740600002696738,1500.1237239998773,753.0
1780245984,250,POST,SOAP/listar-playlists-musica,66.200000,0.000000,750,750,760,760,770,780,780,1500,1500,1500,1500,7192,0,560.0,530.1470977504176,2.6085389999934705,1521.3509850000264,1263.0
1780245984,250,POST,SOAP/listar-playlists-usuario,66.500000,0.000000,740,750,750,750,760,770,780,1500,1500,1500,1500,7291,0,550.0,520.4321023273889,2.587708999726601,1516.156332999799,1608.0
1780245984,250,POST,SOAP/listar-usuarios,66.100000,0.000000,750,750,760,760,770,770,780,790,1500,1500,1500,7391,0,570.0,1250.9217377992234,5.871956000191858,73451.58239400007,28012.0
1780245984,250,,Aggregated,331.400000,0.000000,740,750,760,760,770,770,780,1500,1500,1500,1500,36458,0,560.0,675.8979877556105,2.587708999726601,73451.58239400007,20838.794448406385
1780245985,250,POST,SOAP/listar-musicas,66.400000,0.000000,740,750,760,760,770,770,790,800,1500,1500,1500,7409,0,570.0,541.6831440440012,11.59532500014393,1566.2105699998392,71703.0
1780245985,250,POST,SOAP/listar-musicas-playlist,66.600000,0.000000,750,760,760,760,770,770,780,800,1500,1500,1500,7308,0,560.0,530.1642972649114,2.9740600002696738,1500.1237239998773,753.0
1780245985,250,POST,SOAP/listar-playlists-musica,66.600000,0.000000,750,760,760,760,770,780,780,1500,1500,1500,1500,7258,0,570.0,532.0911962767987,2.6085389999934705,1521.3509850000264,1263.0
1780245985,250,POST,SOAP/listar-playlists-usuario,66.700000,0.000000,740,750,750,750,760,770,790,1500,1500,1500,1500,7360,0,560.0,522.5400861240482,2.587708999726601,1516.156332999799,1608.0
1780245985,250,POST,SOAP/listar-usuarios,66.300000,0.000000,750,750,760,760,770,770,780,790,1500,1500,1500,7458,0,570.0,1246.4496730348699,5.871956000191858,73451.58239400007,28012.0
1780245985,250,,Aggregated,332.600000,0.000000,740,750,760,760,770,770,780,800,1500,1500,1500,36793,0,570.0,676.5310166764898,2.587708999726601,73451.58239400007,20837.270160084798
1780245986,250,POST,SOAP/listar-musicas,66.600000,0.000000,740,750,760,760,770,770,790,800,1500,1500,1500,7475,0,570.0,543.3896568366564,11.59532500014393,1566.2105699998392,71703.0
1780245986,250,POST,SOAP/listar-musicas-playlist,66.300000,0.000000,740,750,760,760,770,770,780,1500,1500,1500,1500,7378,0,570.0,532.2256348446698,2.9740600002696738,1500.1237239998773,753.0
1780245986,250,POST,SOAP/listar-playlists-musica,66.900000,0.000000,740,750,760,760,770,780,780,1500,1500,1500,1500,7327,0,570.0,534.1116570775222,2.6085389999934705,1521.3509850000264,1263.0
1780245986,250,POST,SOAP/listar-playlists-usuario,66.400000,0.000000,730,740,750,750,760,770,790,1500,1500,1500,1500,7428,0,560.0,524.3160326630308,2.587708999726601,1516.156332999799,1608.0
1780245986,250,POST,SOAP/listar-usuarios,66.200000,0.000000,740,750,760,760,770,770,780,800,1500,1500,1500,7525,0,580.0,1241.9026505036622,5.871956000191858,73451.58239400007,28012.0
1780245986,250,,Aggregated,332.400000,0.000000,740,750,760,760,770,770,780,1500,1500,1500,1500,37133,0,570.0,677.0789180999673,2.587708999726601,73451.58239400007,20831.176689198288
1780245987,250,POST,SOAP/listar-musicas,66.700000,0.000000,740,750,750,760,760,770,780,800,1500,1500,1500,7541,0,580.0,545.3752962544769,11.59532500014393,1566.2105699998392,71703.0
1780245987,250,POST,SOAP/listar-musicas-playlist,66.400000,0.000000,740,750,750,760,770,770,780,1500,1500,1500,1500,7442,0,570.0,534.0893753054252,2.9740600002696738,1500.1237239998773,753.0
1780245987,250,POST,SOAP/listar-playlists-musica,66.400000,0.000000,740,750,760,760,770,770,780,1500,1500,1500,1500,7396,0,570.0,536.3213550987027,2.6085389999934705,1521.3509850000264,1263.0
1780245987,250,POST,SOAP/listar-playlists-usuario,66.300000,0.000000,730,740,750,750,760,760,770,1500,1500,1500,1500,7489,0,560.0,526.0781136927482,2.587708999726601,1516.156332999799,1608.0
1780245987,250,POST,SOAP/listar-usuarios,66.800000,0.000000,740,750,750,760,760,770,780,1500,1500,1500,1500,7594,0,580.0,1237.6076716646116,5.871956000191858,73451.58239400007,28012.0
1780245987,250,,Aggregated,332.600000,0.000000,740,750,750,760,760,770,780,1500,1500,1500,1500,37462,0,570.0,677.8119863983258,2.587708999726601,73451.58239400007,20832.383134910044
1780245988,250,POST,SOAP/listar-musicas,66.600000,0.000000,740,750,760,760,770,780,790,800,1500,1500,1500,7610,0,580.0,547.3414550061775,11.59532500014393,1566.2105699998392,71703.0
1780245988,250,POST,SOAP/listar-musicas-playlist,66.300000,0.000000,750,750,760,760,770,770,780,1500,1500,1500,1500,7508,0,570.0,536.0860352181644,2.9740600002696738,1500.1237239998773,753.0
1780245988,250,POST,SOAP/listar-playlists-musica,66.300000,0.000000,750,750,760,760,770,770,790,1500,1500,1500,1500,7458,0,570.0,538.1945137792985,2.6085389999934705,1521.3509850000264,1263.0
1780245988,250,POST,SOAP/listar-playlists-usuario,66.800000,0.000000,740,750,750,750,760,770,780,1500,1500,1500,1500,7557,0,560.0,528.2248658712437,2.587708999726601,1516.3012630000594,1608.0
1780245988,250,POST,SOAP/listar-usuarios,66.700000,0.000000,740,750,760,760,770,770,780,1500,1500,1500,1500,7662,0,580.0,1233.3852392021754,5.871956000191858,73451.58239400007,28012.0
1780245988,250,,Aggregated,332.700000,0.000000,740,750,760,760,770,770,780,1500,1500,1500,1500,37795,0,580.0,678.5566906452468,2.587708999726601,73451.58239400007,20836.417727212593
1780245989,250,POST,SOAP/listar-musicas,66.700000,0.000000,750,750,760,760,770,780,790,800,1500,1500,1500,7677,0,580.0,549.1477029803319,11.59532500014393,1566.2105699998392,71703.0
1780245989,250,POST,SOAP/listar-musicas-playlist,66.800000,0.000000,750,760,760,760,770,780,780,790,1500,1500,1500,7575,0,580.0,538.0271100143866,2.9740600002696738,1500.1237239998773,753.0
1780245989,250,POST,SOAP/listar-playlists-musica,66.600000,0.000000,750,760,760,760,770,780,790,1500,1500,1500,1500,7525,0,580.0,540.1426937853828,2.6085389999934705,1521.3509850000264,1263.0
1780245989,250,POST,SOAP/listar-playlists-usuario,66.700000,0.000000,740,750,750,750,760,770,780,1500,1500,1500,1500,7628,0,570.0,530.3642508694264,2.587708999726601,1516.3012630000594,1608.0
1780245989,250,POST,SOAP/listar-usuarios,66.600000,0.000000,750,750,760,760,770,780,780,1500,1500,1500,1500,7728,0,590.0,1229.3003295042795,5.871956000191858,73451.58239400007,28012.0
1780245989,250,,Aggregated,333.400000,0.000000,740,750,760,760,770,780,790,1500,1500,1500,1500,38133,0,580.0,679.2433718017236,2.587708999726601,73451.58239400007,20832.7312563921
