Timestamp,User Count,Type,Name,Requests/s,Failures/s,50%,66%,75%,80%,90%,95%,98%,99%,99.9%,99.99%,100%,Total Request Count,Total Failure Count,Total Median Response Time,Total Average Response Time,Total Min Response Time,Total Max Response Time,Total Average Content Size
1780246354,0,,Aggregated,0.000000,0.000000,N/A,N/A,N/A,N/A,N/A,N/A,N/A,N/A,N/A,N/A,N/A,0,0,0,0.0,0,0,0
1780246355,10,gRPC,gRPC/listar-musicas,0.000000,0.000000,0,0,0,0,0,0,0,0,0,0,0,788,0,2,2.430292761417191,1.1764289997699962,5.710162000013952,24374.0
1780246355,10,gRPC,gRPC/listar-musicas-playlist,0.000000,0.000000,0,0,0,0,0,0,0,0,0,0,0,784,0,2,1.9923523903051839,0.6939189997865469,4.453441999885399,140.0
1780246355,10,gRPC,gRPC/listar-playlists-musica,0.000000,0.000000,0,0,0,0,0,0,0,0,0,0,0,782,0,2,2.0349214923279133,0.8477450001009856,5.404530999840063,268.0
1780246355,10,gRPC,gRPC/listar-playlists-usuario,0.000000,0.000000,0,0,0,0,0,0,0,0,0,0,0,787,0,2,1.8966281118255754,0.8652000001347915,5.541841999729513,388.0
1780246355,10,gRPC,gRPC/listar-usuarios,0.000000,0.000000,0,0,0,0,0,0,0,0,0,0,0,790,0,2,2.2531993227852283,0.9542010002405732,9.407235000253422,15097.0
1780246355,10,,Aggregated,0.000000,0.000000,0,0,0,0,0,0,0,0,0,0,0,3931,0,2,2.121866539303866,0.6939189997865469,9.407235000253422,8078.86899007886
1780246356,20,gRPC,gRPC/listar-musicas,0.000000,0.000000,4,4,5,5,6,7,10,10,12,13,13,1612,0,3,3.594719062656539,1.1764289997699962,12.527259000307822,24374.0
1780246356,20,gRPC,gRPC/listar-musicas-playlist,0.000000,0.000000,3,4,4,5,5,6,7,8,11,11,11,1606,0,3,3.067660591533316,0.6939189997865469,11.488280999856215,140.0
1780246356,20,gRPC,gRPC/listar-playlists-musica,0.000000,0.000000,3,4,4,5,5,6,7,9,10,11,11,1603,0,3,3.0819792732376254,0.8477450001009856,10.667765000107465,268.0
1780246356,20,gRPC,gRPC/listar-playlists-usuario,0.000000,0.000000,3,4,4,5,5,6,7,8,10,11,11,1610,0,3,2.984086583235197,0.8652000001347915,10.525104999942414,388.0
1780246356,20,gRPC,gRPC/listar-usuarios,0.000000,0.000000,3,4,5,5,6,6,7,8,10,11,11,1617,0,3,3.2578183407552395,0.9542010002405732,10.62371299985898,15097.0
1780246356,20,,Aggregated,0.000000,0.000000,3,4,5,5,6,6,7,9,11,13,13,8048,0,3,3.1975688953795536,0.6939189997865469,12.527259000307822,8074.286903578529
1780246357,30,gRPC,gRPC/listar-musicas,457.000000,0.000000,5,6,6,7,8,9,10,11,18,18,18,2602,0,4,4.636461899309793,1.1764289997699962,18.113940000148432,24374.0
1780246357,30,gRPC,gRPC/listar-musicas-playlist,452.000000,0.000000,4,5,5,5,6,6,8,9,17,18,18,2596,0,4,3.77530126733524,0.6939189997865469,18.02052499988349,140.0
1780246357,30,gRPC,gRPC/listar-playlists-musica,451.000000,0.000000,4,5,5,5,6,8,9,9,16,17,17,2589,0,4,3.831012577445785,0.8477450001009856,17.343745999824023,268.0
1780246357,30,gRPC,gRPC/listar-playlists-usuario,455.000000,0.000000,4,5,5,6,7,8,9,9,13,17,17,2600,0,4,3.993907713079177,0.8652000001347915,17.34934100022656,388.0
1780246357,30,gRPC,gRPC/listar-usuarios,460.000000,0.000000,4,5,6,6,7,8,9,10,18,18,18,2607,0,4,4.262021737631055,0.9542010002405732,18.0180190000101,15097.0
1780246357,30,,Aggregated,2275.000000,0.000000,4,5,5,6,7,8,9,10,17,18,18,12994,0,4,4.100238436126153,0.6939189997865469,18.113940000148432,8068.733184546714
1780246358,40,gRPC,gRPC/listar-musicas,623.500000,0.000000,6,7,8,9,12,13,14,14,17,18,18,3564,0,5,6.037411143943623,1.1764289997699962,18.113940000148432,24374.0
1780246358,40,gRPC,gRPC/listar-musicas-playlist,620.000000,0.000000,5,6,6,6,7,8,12,13,17,18,18,3559,0,4,4.610850210454028,0.6939189997865469,18.02052499988349,140.0
1780246358,40,gRPC,gRPC/listar-playlists-musica,617.000000,0.000000,5,6,6,6,7,9,10,12,15,17,17,3554,0,4,4.616563625493196,0.8477450001009856,17.343745999824023,268.0
1780246358,40,gRPC,gRPC/listar-playlists-usuario,622.500000,0.000000,5,6,7,7,9,11,13,14,16,17,17,3560,0,5,5.035852855056812,0.8652000001347915,17.34934100022656,388.0
1780246358,40,gRPC,gRPC/listar-usuarios,626.000000,0.000000,5,6,7,7,8,10,12,13,17,18,18,3573,0,5,5.151377036385594,0.9542010002405732,18.0180190000101,15097.0
1780246358,40,,Aggregated,3109.000000,0.000000,5,6,7,7,9,11,13,14,17,18,18,17810,0,5,5.090854725212335,0.6939189997865469,18.113940000148432,8065.273947220662
1780246359,50,gRPC,gRPC/listar-musicas,725.333333,0.000000,7,9,11,12,14,16,17,18,22,22,22,4528,0,6,7.351525304329394,1.1764289997699962,22.370893999777763,24374.0
1780246359,50,gRPC,gRPC/listar-musicas-playlist,718.000000,0.000000,6,6,7,8,9,11,14,16,18,22,22,4511,0,5,5.521121008648648,0.6939189997865469,22.235526999793365,140.0
1780246359,50,gRPC,gRPC/listar-playlists-musica,716.666667,0.000000,6,7,7,8,8,9,11,13,16,21,21,4509,0,5,5.362261934131246,0.8477450001009856,20.86492199987333,268.0
1780246359,50,gRPC,gRPC/listar-playlists-usuario,721.333333,0.000000,6,7,8,9,11,13,15,16,20,22,22,4518,0,6,6.0657709183269075,0.8652000001347915,21.650271999988036,388.0
1780246359,50,gRPC,gRPC/listar-usuarios,726.666667,0.000000,6,7,8,8,10,13,15,16,20,22,22,4556,0,6,6.120451709834529,0.9542010002405732,21.67789699979039,15097.0
1780246359,50,,Aggregated,3608.000000,0.000000,6,7,8,8,11,13,15,17,21,22,22,22622,0,6,6.085308704271151,0.6939189997865469,22.370893999777763,8077.992219962868
1780246360,60,gRPC,gRPC/listar-musicas,783.750000,0.000000,8,10,12,13,15,16,17,19,39,39,39,5565,0,8,8.384036051752256,1.1764289997699962,39.02018300004784,24374.0
1780246360,60,gRPC,gRPC/listar-musicas-playlist,780.000000,0.000000,6,8,9,10,11,13,16,17,36,39,39,5534,0,6,6.484971087461684,0.6939189997865469,38.959473999966576,140.0
1780246360,60,gRPC,gRPC/listar-playlists-musica,779.750000,0.000000,6,8,9,9,10,11,13,15,17,35,35,5530,0,6,6.273652833634375,0.8477450001009856,35.43655800012857,268.0
1780246360,60,gRPC,gRPC/listar-playlists-usuario,781.000000,0.000000,7,9,10,10,13,15,16,17,38,39,39,5542,0,7,7.101221199206958,0.8652000001347915,39.01497199967707,388.0
1780246360,60,gRPC,gRPC/listar-usuarios,788.750000,0.000000,7,8,9,10,12,14,16,17,21,39,39,5579,0,7,7.039297704606911,0.9542010002405732,38.965737000125955,15097.0
1780246360,60,,Aggregated,3913.250000,0.000000,7,9,10,10,13,15,17,17,37,39,39,27750,0,7,7.058216236973641,0.6939189997865469,39.02018300004784,8081.966450450451
1780246361,70,gRPC,gRPC/listar-musicas,822.600000,0.000000,10,12,12,13,15,17,18,20,39,39,39,6624,0,9,9.075926381794215,1.1764289997699962,39.02018300004784,24374.0
1780246361,70,gRPC,gRPC/listar-musicas-playlist,821.400000,0.000000,7,10,11,11,13,15,17,18,35,39,39,6586,0,7,7.481564526725277,0.6939189997865469,38.959473999966576,140.0
1780246361,70,gRPC,gRPC/listar-playlists-musica,817.800000,0.000000,7,9,10,11,12,14,16,18,20,35,35,6580,0,7,7.299584565197431,0.8477450001009856,35.43655800012857,268.0
1780246361,70,gRPC,gRPC/listar-playlists-usuario,822.000000,0.000000,8,10,11,12,13,16,17,19,36,39,39,6595,0,8,8.02292100136605,0.8652000001347915,39.01497199967707,388.0
1780246361,70,gRPC,gRPC/listar-usuarios,823.800000,0.000000,8,10,11,12,13,15,17,18,23,39,39,6632,0,8,7.9380523380576875,0.9542010002405732,38.965737000125955,15097.0
1780246361,70,,Aggregated,4107.600000,0.000000,8,10,11,12,13,16,17,18,36,39,39,33017,0,8,7.964991182573324,0.6939189997865469,39.02018300004784,8081.322349092891
1780246362,80,gRPC,gRPC/listar-musicas,849.500000,0.000000,11,13,13,14,15,16,18,19,39,39,39,7760,0,10,9.72057594639179,1.1764289997699962,39.02018300004784,24374.0
1780246362,80,gRPC,gRPC/listar-musicas-playlist,843.166667,0.000000,9,11,12,13,13,15,17,18,28,39,39,7733,0,8,8.351562299497106,0.6939189997865469,38.959473999966576,140.0
1780246362,80,gRPC,gRPC/listar-playlists-musica,842.166667,0.000000,8,11,12,13,14,14,16,18,23,35,35,7711,0,8,8.228969602775429,0.8477450001009856,35.43655800012857,268.0
1780246362,80,gRPC,gRPC/listar-playlists-usuario,846.166667,0.000000,9,12,13,13,14,16,18,19,36,39,39,7749,0,9,8.866449282231486,0.8652000001347915,39.01497199967707,388.0
1780246362,80,gRPC,gRPC/listar-usuarios,851.666667,0.000000,9,11,13,13,14,15,17,19,24,39,39,7783,0,9,8.761278767184118,0.9542010002405732,38.965737000125955,15097.0
1780246362,80,,Aggregated,4232.666667,0.000000,9,12,13,13,14,15,17,19,36,39,39,38736,0,9,8.786736713806754,0.6939189997865469,39.02018300004784,8075.123167079719
1780246363,90,gRPC,gRPC/listar-musicas,871.142857,0.000000,12,13,14,15,16,17,19,20,39,39,39,8864,0,11,10.49785037398458,1.1764289997699962,39.02018300004784,24374.0
1780246363,90,gRPC,gRPC/listar-musicas-playlist,868.142857,0.000000,10,12,13,14,15,16,18,19,30,39,39,8829,0,9,9.271968253032217,0.6939189997865469,38.959473999966576,140.0
1780246363,90,gRPC,gRPC/listar-playlists-musica,866.571429,0.000000,9,12,13,14,15,16,18,19,30,35,35,8819,0,9,9.203722090259818,0.8477450001009856,35.43655800012857,268.0
1780246363,90,gRPC,gRPC/listar-playlists-usuario,870.142857,0.000000,10,13,14,14,15,17,19,20,35,39,39,8850,0,10,9.727976540339688,0.8652000001347915,39.01497199967707,388.0
1780246363,90,gRPC,gRPC/listar-usuarios,872.714286,0.000000,10,13,13,14,15,17,18,20,30,39,39,8884,0,10,9.629462278589076,0.9542010002405732,38.965737000125955,15097.0
1780246363,90,,Aggregated,4348.714286,0.000000,10,13,14,14,15,16,19,20,36,39,39,44246,0,10,9.666941956335382,0.6939189997865469,39.02018300004784,8073.18709035845
1780246364,100,gRPC,gRPC/listar-musicas,902.625000,0.000000,13,14,15,16,17,18,21,24,39,39,39,9961,0,12,11.309311763477373,1.1764289997699962,39.02018300004784,24374.0
1780246364,100,gRPC,gRPC/listar-musicas-playlist,898.375000,0.000000,11,13,15,15,17,18,20,23,30,39,39,9925,0,10,10.209623018541294,0.6939189997865469,38.959473999966576,140.0
1780246364,100,gRPC,gRPC/listar-playlists-musica,894.875000,0.000000,10,13,15,15,17,18,20,22,30,35,35,9888,0,10,10.130625627527687,0.8477450001009856,35.43655800012857,268.0
1780246364,100,gRPC,gRPC/listar-playlists-usuario,899.750000,0.000000,12,14,15,15,17,18,21,23,31,39,39,9935,0,11,10.622459052844325,0.8652000001347915,39.01497199967707,388.0
1780246364,100,gRPC,gRPC/listar-usuarios,903.625000,0.000000,11,13,15,15,17,18,21,23,30,39,39,9967,0,11,10.540696194138961,0.9542010002405732,38.965737000125955,15097.0
1780246364,100,,Aggregated,4499.250000,0.000000,11,13,15,15,17,18,21,23,35,39,39,49676,0,11,10.563399605383049,0.6939189997865469,39.02018300004784,8075.438380706982
1780246365,110,gRPC,gRPC/listar-musicas,923.333333,0.000000,13,15,17,17,19,22,24,25,39,40,40,11035,0,13,12.184936102311124,1.1764289997699962,40.04857700010689,24374.0
1780246365,110,gRPC,gRPC/listar-musicas-playlist,920.444444,0.000000,13,15,16,17,19,19,23,25,39,39,39,10985,0,11,11.140273884025401,0.6939189997865469,39.46968099990045,140.0
1780246365,110,gRPC,gRPC/listar-playlists-musica,917.222222,0.000000,12,15,16,17,19,20,23,25,38,39,39,10957,0,11,11.103244862097508,0.8477450001009856,39.318255000125646,268.0
1780246365,110,gRPC,gRPC/listar-playlists-usuario,921.333333,0.000000,13,15,16,17,19,21,23,24,38,39,39,11025,0,12,11.556703830750019,0.8652000001347915,39.20851800012315,388.0
1780246365,110,gRPC,gRPC/listar-usuarios,925.000000,0.000000,13,15,16,17,19,20,23,24,35,39,39,11061,0,12,11.431228380615613,0.9542010002405732,39.310450999892055,15097.0
1780246365,110,,Aggregated,4607.333333,0.000000,13,15,16,17,19,20,23,25,39,39,40,55063,0,12,11.484089303362268,0.6939189997865469,40.04857700010689,8076.332255779743
1780246366,120,gRPC,gRPC/listar-musicas,942.900000,0.000000,15,17,18,19,21,23,29,33,39,40,40,12069,0,13,13.108428804870883,1.1764289997699962,40.04857700010689,24374.0
1780246366,120,gRPC,gRPC/listar-musicas-playlist,938.400000,0.000000,14,16,18,19,21,23,30,33,39,39,39,12022,0,13,12.149738007737211,0.6939189997865469,39.46968099990045,140.0
1780246366,120,gRPC,gRPC/listar-playlists-musica,936.400000,0.000000,14,16,18,19,21,23,28,32,38,39,39,11998,0,12,12.104144929155213,0.8477450001009856,39.318255000125646,268.0
1780246366,120,gRPC,gRPC/listar-playlists-usuario,940.900000,0.000000,14,17,18,19,21,23,27,30,38,39,39,12039,0,13,12.495592552123535,0.8652000001347915,39.20851800012315,388.0
1780246366,120,gRPC,gRPC/listar-usuarios,945.000000,0.000000,14,17,18,19,21,23,27,31,36,39,39,12106,0,13,12.39484106368573,0.9542010002405732,39.310450999892055,15097.0
1780246366,120,,Aggregated,4703.600000,0.000000,14,17,18,19,21,23,28,32,38,39,40,60234,0,13,12.451135456503048,0.6939189997865469,40.04857700010689,8076.8961715974365
1780246367,130,gRPC,gRPC/listar-musicas,1003.300000,0.000000,16,18,20,21,23,24,31,33,39,39,40,13191,0,14,13.943857913121557,1.1764289997699962,40.04857700010689,24374.0
1780246367,130,gRPC,gRPC/listar-musicas-playlist,998.700000,0.000000,15,18,20,21,23,24,30,33,39,39,39,13145,0,13,13.055821961050823,0.6939189997865469,39.46968099990045,140.0
1780246367,130,gRPC,gRPC/listar-playlists-musica,995.800000,0.000000,15,18,20,21,23,24,30,32,38,39,39,13105,0,13,13.006356252269434,0.8477450001009856,39.318255000125646,268.0
1780246367,130,gRPC,gRPC/listar-playlists-usuario,1002.200000,0.000000,16,18,20,21,23,24,29,31,36,39,39,13155,0,13,13.389163750134609,0.8652000001347915,39.20851800012315,388.0
1780246367,130,gRPC,gRPC/listar-usuarios,1005.200000,0.000000,16,18,20,21,23,24,28,31,36,39,39,13198,0,13,13.258281149641098,0.9542010002405732,39.310450999892055,15097.0
1780246367,130,,Aggregated,5005.200000,0.000000,16,18,20,21,23,24,30,32,38,39,40,65794,0,13,13.331272636440639,0.6939189997865469,40.04857700010689,8074.052649177736
1780246368,140,gRPC,gRPC/listar-musicas,1027.300000,0.000000,17,21,22,23,25,28,32,39,70,72,72,14190,0,15,14.934749541154767,1.1764289997699962,71.53183799982799,24374.0
1780246368,140,gRPC,gRPC/listar-musicas-playlist,1024.300000,0.000000,17,20,22,23,24,27,31,35,69,71,71,14150,0,14,13.992965822827196,0.6939189997865469,71.47509400010676,140.0
1780246368,140,gRPC,gRPC/listar-playlists-musica,1021.600000,0.000000,17,20,22,23,24,28,31,33,70,72,72,14128,0,14,14.024673765004376,0.8477450001009856,71.5505180000946,268.0
1780246368,140,gRPC,gRPC/listar-playlists-usuario,1026.400000,0.000000,17,20,22,23,25,28,31,32,71,71,71,14172,0,14,14.394782013338066,0.8652000001347915,70.92317699971318,388.0
1780246368,140,gRPC,gRPC/listar-usuarios,1029.100000,0.000000,17,20,22,23,24,27,30,35,70,70,71,14231,0,14,14.240945706132678,0.9542010002405732,70.92867400024261,15097.0
1780246368,140,,Aggregated,5128.700000,0.000000,17,20,22,23,25,28,31,35,70,71,72,70871,0,14,14.317998932863633,0.6939189997865469,71.5505180000946,8070.698974192547
1780246369,150,gRPC,gRPC/listar-musicas,1044.800000,0.000000,19,22,23,25,28,31,35,39,70,72,72,15227,0,15,15.884023701779162,1.1764289997699962,71.53183799982799,24374.0
1780246369,150,gRPC,gRPC/listar-musicas-playlist,1039.200000,0.000000,19,22,23,24,27,30,34,38,69,71,71,15182,0,15,14.965865127059077,0.6939189997865469,71.47509400010676,140.0
1780246369,150,gRPC,gRPC/listar-playlists-musica,1038.000000,0.000000,19,22,23,24,27,30,33,37,70,72,72,15164,0,15,14.984344140791713,0.8477450001009856,71.5505180000946,268.0
1780246369,150,gRPC,gRPC/listar-playlists-usuario,1041.100000,0.000000,19,22,24,25,28,30,34,39,71,71,71,15221,0,15,15.387715833258497,0.8652000001347915,70.92317699971318,388.0
1780246369,150,gRPC,gRPC/listar-usuarios,1045.200000,0.000000,19,22,23,24,27,30,34,38,70,70,71,15257,0,15,15.212125454871812,0.9542010002405732,70.92867400024261,15097.0
1780246369,150,,Aggregated,5208.300000,0.000000,19,22,23,25,27,30,34,38,70,71,72,76051,0,15,15.287217900881906,0.6939189997865469,71.5505180000946,8067.915043852152
1780246370,160,gRPC,gRPC/listar-musicas,1054.100000,0.000000,21,24,26,27,29,31,36,39,70,72,72,16342,0,16,16.770266918552394,1.1764289997699962,71.53183799982799,24374.0
1780246370,160,gRPC,gRPC/listar-musicas-playlist,1049.300000,0.000000,21,23,26,27,29,31,34,38,69,71,71,16298,0,15,15.894026300589362,0.6939189997865469,71.47509400010676,140.0
1780246370,160,gRPC,gRPC/listar-playlists-musica,1047.100000,0.000000,21,23,26,27,29,30,33,38,70,72,72,16241,0,15,15.865773006093228,0.8477450001009856,71.5505180000946,268.0
1780246370,160,gRPC,gRPC/listar-playlists-usuario,1050.700000,0.000000,21,24,26,27,29,31,34,39,71,71,71,16320,0,16,16.278719316422727,0.8652000001347915,70.92317699971318,388.0
1780246370,160,gRPC,gRPC/listar-usuarios,1055.300000,0.000000,21,24,26,27,29,31,35,38,70,70,71,16360,0,16,16.125837908127902,0.9542010002405732,70.92867400024261,15097.0
1780246370,160,,Aggregated,5256.500000,0.000000,21,24,26,27,29,31,35,38,70,71,72,81561,0,16,16.187442153025724,0.6939189997865469,71.5505180000946,8070.932136682974
1780246371,170,gRPC,gRPC/listar-musicas,1060.300000,0.000000,23,27,28,29,31,35,41,46,70,72,72,17361,0,17,17.76651584966294,1.1764289997699962,71.53183799982799,24374.0
1780246371,170,gRPC,gRPC/listar-musicas-playlist,1053.100000,0.000000,23,26,28,28,31,34,38,42,69,71,71,17304,0,16,16.85820033870772,0.6939189997865469,71.47509400010676,140.0
1780246371,170,gRPC,gRPC/listar-playlists-musica,1053.200000,0.000000,23,26,28,28,30,33,39,46,70,72,72,17228,0,16,16.837030621427193,0.8477450001009856,71.5505180000946,268.0
1780246371,170,gRPC,gRPC/listar-playlists-usuario,1056.800000,0.000000,23,27,28,29,31,34,40,44,71,71,71,17324,0,17,17.287471222062553,0.8652000001347915,70.92317699971318,388.0
1780246371,170,gRPC,gRPC/listar-usuarios,1061.900000,0.000000,23,26,28,29,31,34,40,46,70,70,71,17367,0,17,17.123418537109664,0.9542010002405732,70.92867400024261,15097.0
1780246371,170,,Aggregated,5285.300000,0.000000,23,26,28,29,31,34,39,45,70,71,72,86584,0,17,17.17520217428081,0.6939189997865469,71.5505180000946,8074.332313129446
1780246372,180,gRPC,gRPC/listar-musicas,1064.000000,0.000000,25,28,30,31,34,36,42,47,70,72,72,18441,0,17,18.693078317282026,1.1764289997699962,71.53183799982799,24374.0
1780246372,180,gRPC,gRPC/listar-musicas-playlist,1064.200000,0.000000,25,28,30,30,33,35,39,44,69,71,71,18377,0,17,17.77709080551801,0.6939189997865469,71.47509400010676,140.0
1780246372,180,gRPC,gRPC/listar-playlists-musica,1060.900000,0.000000,25,28,29,30,32,36,44,49,70,72,72,18297,0,17,17.807816545168446,0.8477450001009856,71.5505180000946,268.0
1780246372,180,gRPC,gRPC/listar-playlists-usuario,1063.000000,0.000000,25,28,30,31,34,37,41,47,71,71,71,18402,0,17,18.267152043474287,0.8652000001347915,70.92317699971318,388.0
1780246372,180,gRPC,gRPC/listar-usuarios,1069.400000,0.000000,25,28,30,31,33,36,43,46,70,70,71,18447,0,17,18.05674227868919,0.9542010002405732,70.92867400024261,15097.0
1780246372,180,,Aggregated,5321.500000,0.000000,25,28,30,31,33,36,41,46,70,71,72,91964,0,17,18.121037917314705,0.6939189997865469,71.5505180000946,8074.808022704537
1780246373,190,gRPC,gRPC/listar-musicas,1069.700000,0.000000,28,30,32,33,36,40,45,48,70,72,72,19470,0,18,19.639712395531667,1.1764289997699962,71.53183799982799,24374.0
1780246373,190,gRPC,gRPC/listar-musicas-playlist,1061.100000,0.000000,27,30,31,32,34,38,41,44,69,71,71,19392,0,18,18.68097628578797,0.6939189997865469,71.47509400010676,140.0
1780246373,190,gRPC,gRPC/listar-playlists-musica,1061.500000,0.000000,27,30,31,32,35,39,46,49,70,72,72,19364,0,18,18.80527829012341,0.8477450001009856,71.5505180000946,268.0
1780246373,190,gRPC,gRPC/listar-playlists-usuario,1064.400000,0.000000,27,30,32,33,37,40,44,49,71,71,71,19410,0,18,19.25326910355599,0.8652000001347915,70.92317699971318,388.0
1780246373,190,gRPC,gRPC/listar-usuarios,1070.600000,0.000000,27,30,32,33,35,39,44,47,70,70,71,19526,0,18,19.010039853322635,0.9542010002405732,70.92867400024261,15097.0
1780246373,190,,Aggregated,5327.300000,0.000000,27,30,32,33,35,39,44,47,70,71,72,97162,0,18,19.07832375579894,0.6939189997865469,71.5505180000946,8077.03952162368
1780246374,200,gRPC,gRPC/listar-musicas,1062.400000,0.000000,29,33,35,35,38,43,51,65,70,72,72,20513,0,19,20.722585052698047,1.1764289997699962,71.53183799982799,24374.0
1780246374,200,gRPC,gRPC/listar-musicas-playlist,1054.800000,0.000000,29,32,33,34,36,39,44,48,69,71,71,20394,0,19,19.623593884133253,0.6939189997865469,71.47509400010676,140.0
1780246374,200,gRPC,gRPC/listar-playlists-musica,1056.200000,0.000000,29,32,33,34,38,42,48,53,70,72,72,20380,0,19,19.771500444550924,0.8477450001009856,71.5505180000946,268.0
1780246374,200,gRPC,gRPC/listar-playlists-usuario,1058.800000,0.000000,29,32,34,35,39,42,53,65,71,71,71,20424,0,19,20.328539950353512,0.8652000001347915,70.92317699971318,388.0
1780246374,200,gRPC,gRPC/listar-usuarios,1063.600000,0.000000,29,32,34,34,37,41,47,56,70,70,71,20541,0,19,19.999095057542753,0.9542010002405732,70.92867400024261,15097.0
1780246374,200,,Aggregated,5295.800000,0.000000,29,32,34,35,38,41,49,59,70,71,72,102252,0,19,20.089784565993273,0.6939189997865469,71.5505180000946,8081.336805148066
1780246375,210,gRPC,gRPC/listar-musicas,1057.700000,0.000000,31,35,36,37,40,45,52,65,70,72,72,21580,0,21,21.619870532622663,1.1764289997699962,71.53183799982799,24374.0
1780246375,210,gRPC,gRPC/listar-musicas-playlist,1053.700000,0.000000,30,33,35,36,38,40,47,50,69,71,71,21460,0,20,20.54756815852795,0.6939189997865469,71.47509400010676,140.0
1780246375,210,gRPC,gRPC/listar-playlists-musica,1053.000000,0.000000,30,33,35,37,39,43,49,55,70,72,72,21442,0,20,20.70968063277433,0.8477450001009856,71.5505180000946,268.0
1780246375,210,gRPC,gRPC/listar-playlists-usuario,1053.600000,0.000000,31,34,37,37,40,44,55,65,71,71,71,21521,0,21,21.291832878305488,0.8652000001347915,70.92317699971318,388.0
1780246375,210,gRPC,gRPC/listar-usuarios,1063.000000,0.000000,31,34,35,37,39,43,49,56,70,70,71,21619,0,20,20.939068186872333,0.9542010002405732,70.92867400024261,15097.0
1780246375,210,,Aggregated,5281.000000,0.000000,31,34,36,37,39,43,50,59,70,71,72,107622,0,20,21.022354550277324,0.6939189997865469,71.5505180000946,8078.961243983572
1780246376,220,gRPC,gRPC/listar-musicas,1051.200000,0.000000,34,37,38,39,42,47,60,65,71,72,72,22568,0,22,22.562880372252746,1.1764289997699962,71.53183799982799,24374.0
1780246376,220,gRPC,gRPC/listar-musicas-playlist,1044.000000,0.000000,32,35,37,38,40,46,59,62,69,71,71,22500,0,21,21.647581946622918,0.6939189997865469,71.47509400010676,140.0
1780246376,220,gRPC,gRPC/listar-playlists-musica,1043.000000,0.000000,32,36,38,39,42,46,55,61,70,72,72,22469,0,21,21.723877773463563,0.8477450001009856,71.5505180000946,268.0
1780246376,220,gRPC,gRPC/listar-playlists-usuario,1050.400000,0.000000,33,37,38,39,42,49,62,65,71,71,71,22543,0,22,22.322198490219147,0.8652000001347915,70.92317699971318,388.0
1780246376,220,gRPC,gRPC/listar-usuarios,1053.000000,0.000000,33,36,37,38,41,46,54,62,70,70,71,22642,0,21,21.900783624591035,0.9542010002405732,70.92867400024261,15097.0
1780246376,220,,Aggregated,5241.600000,0.000000,33,36,38,39,41,47,59,63,70,71,72,112722,0,21,22.031815893303595,0.6939189997865469,71.5505180000946,8071.335515693476
1780246377,230,gRPC,gRPC/listar-musicas,1045.500000,0.000000,36,38,40,41,44,49,60,66,75,76,76,23626,0,22,23.55222641356987,1.1764289997699962,76.42226400002983,24374.0
1780246377,230,gRPC,gRPC/listar-musicas-playlist,1037.900000,0.000000,34,37,39,40,42,48,60,62,73,75,75,23536,0,22,22.59875970819231,0.6939189997865469,74.74012100010441,140.0
1780246377,230,gRPC,gRPC/listar-playlists-musica,1040.200000,0.000000,34,38,40,41,43,48,57,62,75,75,75,23475,0,22,22.687263404598774,0.8477450001009856,75.17766699993444,268.0
1780246377,230,gRPC,gRPC/listar-playlists-usuario,1039.600000,0.000000,36,38,40,41,44,51,63,67,74,76,76,23596,0,22,23.31741276555413,0.8652000001347915,76.45861600030912,388.0
1780246377,230,gRPC,gRPC/listar-usuarios,1045.300000,0.000000,35,38,39,40,43,47,59,63,74,75,75,23681,0,22,22.84421001798871,0.9542010002405732,75.26550100010354,15097.0
1780246377,230,,Aggregated,5208.500000,0.000000,35,38,40,41,43,49,60,64,75,76,76,117914,0,22,23.00052773389062,0.6939189997865469,76.45861600030912,8074.645665485014
1780246378,240,gRPC,gRPC/listar-musicas,1049.500000,0.000000,37,40,42,43,46,52,61,68,75,76,76,24680,0,23,24.50674932949814,1.1764289997699962,76.42226400002983,24374.0
1780246378,240,gRPC,gRPC/listar-musicas-playlist,1040.500000,0.000000,36,39,41,42,45,51,61,65,73,75,75,24605,0,23,23.592048495387925,0.6939189997865469,74.74012100010441,140.0
1780246378,240,gRPC,gRPC/listar-playlists-musica,1042.100000,0.000000,37,40,42,43,45,51,60,68,75,75,75,24557,0,23,23.71357508502483,0.8477450001009856,75.17766699993444,268.0
1780246378,240,gRPC,gRPC/listar-playlists-usuario,1043.400000,0.000000,37,40,42,43,46,52,63,69,74,76,76,24642,0,23,24.23784577980727,0.8652000001347915,76.45861600030912,388.0
1780246378,240,gRPC,gRPC/listar-usuarios,1049.200000,0.000000,37,39,41,42,45,50,60,64,74,75,75,24740,0,23,23.78122316046867,0.9542010002405732,75.26550100010354,15097.0
1780246378,240,,Aggregated,5224.700000,0.000000,37,40,42,42,45,51,61,67,75,76,76,123224,0,23,23.966594549276074,0.6939189997865469,76.45861600030912,8071.781243913523
1780246379,250,gRPC,gRPC/listar-musicas,1034.000000,0.000000,39,42,44,45,48,54,63,68,75,76,76,25708,0,24,25.42302259798568,1.1764289997699962,76.42226400002983,24374.0
1780246379,250,gRPC,gRPC/listar-musicas-playlist,1032.900000,0.000000,38,41,43,44,48,53,62,65,73,75,75,25641,0,23,24.555735154869893,0.6939189997865469,74.74012100010441,140.0
1780246379,250,gRPC,gRPC/listar-playlists-musica,1027.200000,0.000000,39,42,44,45,48,53,60,68,75,75,75,25584,0,24,24.672764368939617,0.8477450001009856,75.17766699993444,268.0
1780246379,250,gRPC,gRPC/listar-playlists-usuario,1035.400000,0.000000,39,42,44,45,48,55,64,69,74,76,76,25657,0,24,25.145387337842028,0.8652000001347915,76.45861600030912,388.0
1780246379,250,gRPC,gRPC/listar-usuarios,1037.200000,0.000000,38,42,43,44,48,52,61,65,74,75,75,25794,0,24,24.766518080716004,0.9542010002405732,75.26550100010354,15097.0
1780246379,250,,Aggregated,5166.700000,0.000000,39,42,43,45,48,53,62,67,75,76,76,128384,0,24,24.912913166523765,0.6939189997865469,76.45861600030912,8072.812640204387
1780246380,260,gRPC,gRPC/listar-musicas,1034.400000,0.000000,41,44,46,47,50,56,66,70,77,78,78,26803,0,25,26.42080026426218,1.1764289997699962,77.66839299983985,24374.0
1780246380,260,gRPC,gRPC/listar-musicas-playlist,1030.900000,0.000000,40,43,45,46,49,55,62,66,73,75,75,26693,0,25,25.462630234331435,0.6939189997865469,74.88253200017425,140.0
1780246380,260,gRPC,gRPC/listar-playlists-musica,1028.600000,0.000000,41,44,45,46,50,54,62,69,75,77,77,26651,0,25,25.630042544967807,0.8477450001009856,77.16518500001257,268.0
1780246380,260,gRPC,gRPC/listar-playlists-usuario,1032.900000,0.000000,41,44,46,47,49,56,65,71,76,78,78,26730,0,25,26.074111409203436,0.8652000001347915,77.65313199979573,388.0
1780246380,260,gRPC,gRPC/listar-usuarios,1036.800000,0.000000,40,43,45,46,50,53,62,67,74,77,77,26869,0,25,25.71360685246925,0.9542010002405732,77.18686199996228,15097.0
1780246380,260,,Aggregated,5163.600000,0.000000,41,44,45,46,50,55,63,69,75,78,78,133746,0,25,25.860637796128294,0.6939189997865469,77.66839299983985,8076.416064779507
1780246381,270,gRPC,gRPC/listar-musicas,1036.900000,0.000000,43,46,48,49,54,62,70,75,82,83,83,27774,0,27,27.440481136639217,1.1764289997699962,82.87047900012112,24374.0
1780246381,270,gRPC,gRPC/listar-musicas-playlist,1033.700000,0.000000,42,45,47,48,51,60,69,71,79,82,82,27679,0,26,26.472653008417993,0.6939189997865469,82.08988900014447,140.0
1780246381,270,gRPC,gRPC/listar-playlists-musica,1028.700000,0.000000,42,45,47,48,52,60,69,74,82,82,82,27621,0,26,26.632633831140456,0.8477450001009856,82.11871000003157,268.0
1780246381,270,gRPC,gRPC/listar-playlists-usuario,1036.700000,0.000000,43,46,47,48,53,62,72,75,82,83,83,27739,0,27,27.117977530084456,0.8652000001347915,83.41460199972062,388.0
1780246381,270,gRPC,gRPC/listar-usuarios,1040.300000,0.000000,42,45,47,48,52,60,69,74,83,83,83,27814,0,26,26.699185668655893,0.9542010002405732,83.425821000219,15097.0
1780246381,270,,Aggregated,5176.300000,0.000000,42,45,47,48,52,61,69,74,82,83,83,138627,0,26,26.873013147900284,0.6939189997865469,83.425821000219,8071.383309167767
1780246382,280,gRPC,gRPC/listar-musicas,1037.900000,0.000000,45,48,50,51,55,63,70,75,82,83,83,28881,0,28,28.364256218032995,1.1764289997699962,82.87047900012112,24374.0
1780246382,280,gRPC,gRPC/listar-musicas-playlist,1029.900000,0.000000,44,47,49,50,53,61,69,71,79,82,82,28766,0,27,27.403266253493694,0.6939189997865469,82.08988900014447,140.0
1780246382,280,gRPC,gRPC/listar-playlists-musica,1027.800000,0.000000,44,47,49,50,54,61,69,74,82,82,82,28696,0,27,27.569476498045777,0.8477450001009856,82.11871000003157,268.0
1780246382,280,gRPC,gRPC/listar-playlists-usuario,1034.900000,0.000000,45,48,49,50,55,63,72,75,82,83,83,28817,0,27,28.026928080161294,0.8652000001347915,83.41460199972062,388.0
1780246382,280,gRPC,gRPC/listar-usuarios,1035.800000,0.000000,44,47,49,50,53,61,70,74,83,83,83,28917,0,27,27.64869953408053,0.9542010002405732,83.425821000219,15097.0
1780246382,280,,Aggregated,5166.300000,0.000000,44,47,49,50,54,61,70,74,82,83,83,144077,0,27,27.803005124912172,0.6939189997865469,83.425821000219,8074.8780652012465
1780246383,290,gRPC,gRPC/listar-musicas,1038.500000,0.000000,47,50,51,52,57,63,70,75,82,83,83,29948,0,28,29.298950293609806,1.1764289997699962,82.87047900012112,24374.0
1780246383,290,gRPC,gRPC/listar-musicas-playlist,1038.400000,0.000000,46,49,51,51,55,61,69,71,79,82,82,29790,0,28,28.316819403323162,0.6939189997865469,82.08988900014447,140.0
1780246383,290,gRPC,gRPC/listar-playlists-musica,1031.700000,0.000000,46,50,51,52,57,62,69,74,82,82,82,29762,0,28,28.54729388545526,0.8477450001009856,82.11871000003157,268.0
1780246383,290,gRPC,gRPC/listar-playlists-usuario,1039.800000,0.000000,46,49,51,52,57,63,72,75,82,83,83,29867,0,28,28.955269075367678,0.8652000001347915,83.41460199972062,388.0
1780246383,290,gRPC,gRPC/listar-usuarios,1041.800000,0.000000,46,49,51,52,56,63,70,74,83,83,83,30000,0,28,28.611866488466642,0.9542010002405732,83.425821000219,15097.0
1780246383,290,,Aggregated,5190.200000,0.000000,46,49,51,52,56,62,70,74,82,83,83,149367,0,28,28.74658117365276,0.6939189997865469,83.425821000219,8078.074568010337
1780246384,300,gRPC,gRPC/listar-musicas,1029.400000,0.000000,48,51,53,55,60,67,74,78,91,91,91,30941,0,29,30.25974175185128,1.1764289997699962,91.3136049998684,24374.0
1780246384,300,gRPC,gRPC/listar-musicas-playlist,1030.700000,0.000000,48,51,52,54,59,65,72,77,91,92,92,30826,0,29,29.379632740705997,0.6939189997865469,92.16585500007568,140.0
1780246384,300,gRPC,gRPC/listar-playlists-musica,1026.000000,0.000000,48,51,53,55,60,63,71,76,88,91,91,30746,0,29,29.50627073859752,0.8477450001009856,90.61797899994417,268.0
1780246384,300,gRPC,gRPC/listar-playlists-usuario,1029.300000,0.000000,48,51,53,54,60,67,75,81,91,92,92,30876,0,29,30.003836229984522,0.8652000001347915,92.21637499967983,388.0
1780246384,300,gRPC,gRPC/listar-usuarios,1034.100000,0.000000,48,51,53,54,59,65,74,77,91,91,91,30981,0,29,29.586927714405295,0.9542010002405732,90.83594799994898,15097.0
1780246384,300,,Aggregated,5149.500000,0.000000,48,51,53,54,60,65,74,78,91,92,92,154370,0,29,29.747710588164704,0.6939189997865469,92.21637499967983,8074.182464209367
1780246385,310,gRPC,gRPC/listar-musicas,1032.300000,0.000000,50,54,55,56,61,69,75,81,91,91,91,31961,0,30,31.1635151651708,1.1764289997699962,91.3136049998684,24374.0
1780246385,310,gRPC,gRPC/listar-musicas-playlist,1030.900000,0.000000,50,53,55,56,60,68,75,80,91,92,92,31871,0,30,30.347799864516293,0.6939189997865469,92.16585500007568,140.0
1780246385,310,gRPC,gRPC/listar-playlists-musica,1029.300000,0.000000,50,54,55,57,61,67,75,79,88,91,91,31805,0,30,30.51287120490222,0.8477450001009856,90.61797899994417,268.0
1780246385,310,gRPC,gRPC/listar-playlists-usuario,1035.400000,0.000000,50,53,55,57,61,70,77,82,91,92,92,31898,0,30,30.930719833155486,0.8652000001347915,92.21637499967983,388.0
1780246385,310,gRPC,gRPC/listar-usuarios,1033.200000,0.000000,50,53,55,56,61,68,76,83,91,91,91,32065,0,30,30.597187923810637,0.9542010002405732,90.83594799994898,15097.0
1780246385,310,,Aggregated,5161.100000,0.000000,50,53,55,56,61,69,76,81,91,92,92,159600,0,30,30.710655628840676,0.6939189997865469,92.21637499967983,8073.087863408521
1780246386,320,gRPC,gRPC/listar-musicas,1029.900000,0.000000,52,55,57,59,63,70,79,87,93,93,93,33025,0,31,32.190862347404455,1.1764289997699962,92.97488199990767,24374.0
1780246386,320,gRPC,gRPC/listar-musicas-playlist,1026.600000,0.000000,51,55,57,58,61,70,78,88,92,92,92,32858,0,31,31.27254422429813,0.6939189997865469,92.4261060004028,140.0
1780246386,320,gRPC,gRPC/listar-playlists-musica,1025.600000,0.000000,51,55,57,58,63,69,77,83,93,94,94,32831,0,30,31.480172280890475,0.8477450001009856,93.55553100022007,268.0
1780246386,320,gRPC,gRPC/listar-playlists-usuario,1024.800000,0.000000,51,55,57,58,62,73,83,90,92,92,92,32921,0,31,31.935262172412468,0.8652000001347915,92.42456299989499,388.0
1780246386,320,gRPC,gRPC/listar-usuarios,1031.900000,0.000000,51,55,57,58,62,71,82,88,92,94,94,33075,0,31,31.56527134019663,0.9542010002405732,94.00112399998761,15097.0
1780246386,320,,Aggregated,5138.800000,0.000000,51,55,57,58,62,70,80,88,92,93,94,164710,0,31,31.689297182041276,0.6939189997865469,94.00112399998761,8077.571495355473
1780246387,330,gRPC,gRPC/listar-musicas,1030.600000,0.000000,54,57,59,60,65,73,80,87,93,93,93,34065,0,32,33.12662146293931,1.1764289997699962,92.97488199990767,24374.0
1780246387,330,gRPC,gRPC/listar-musicas-playlist,1031.800000,0.000000,53,57,59,59,63,72,79,88,92,92,92,33911,0,32,32.245389695231324,0.6939189997865469,92.4261060004028,140.0
1780246387,330,gRPC,gRPC/listar-playlists-musica,1023.500000,0.000000,54,57,59,60,63,70,78,83,93,94,94,33848,0,31,32.403443812187135,0.8477450001009856,93.55553100022007,268.0
1780246387,330,gRPC,gRPC/listar-playlists-usuario,1031.300000,0.000000,54,57,59,60,66,75,83,90,92,92,92,34015,0,32,32.951433878171095,0.8652000001347915,92.42456299989499,388.0
1780246387,330,gRPC,gRPC/listar-usuarios,1032.600000,0.000000,54,57,59,60,65,74,82,88,92,94,94,34151,0,32,32.53583792061734,0.9542010002405732,94.00112399998761,15097.0
1780246387,330,,Aggregated,5149.800000,0.000000,54,57,59,60,64,73,81,88,92,93,94,169990,0,32,32.653085242884856,0.6939189997865469,94.00112399998761,8076.325554444379
1780246388,340,gRPC,gRPC/listar-musicas,1029.100000,0.000000,56,59,61,62,67,74,84,87,93,93,93,35161,0,34,34.08007408998663,1.1764289997699962,92.97488199990767,24374.0
1780246388,340,gRPC,gRPC/listar-musicas-playlist,1030.300000,0.000000,56,59,60,61,67,74,84,87,92,92,92,35033,0,32,33.26188269091948,0.6939189997865469,92.4261060004028,140.0
1780246388,340,gRPC,gRPC/listar-playlists-musica,1025.500000,0.000000,56,59,61,61,65,71,82,85,93,94,94,34917,0,32,33.347722846891514,0.8477450001009856,93.55553100022007,268.0
1780246388,340,gRPC,gRPC/listar-playlists-usuario,1028.800000,0.000000,56,59,61,62,68,76,84,90,92,92,92,35072,0,33,33.86060449999989,0.8652000001347915,92.42456299989499,388.0
1780246388,340,gRPC,gRPC/listar-usuarios,1035.100000,0.000000,56,59,61,62,66,75,83,88,92,94,94,35197,0,33,33.42211988970667,0.9542010002405732,94.00112399998761,15097.0
1780246388,340,,Aggregated,5148.800000,0.000000,56,59,61,62,67,74,84,88,92,93,94,175380,0,33,33.59489642385682,0.6939189997865469,94.00112399998761,8075.342884023264
1780246389,350,gRPC,gRPC/listar-musicas,1034.800000,0.000000,58,61,63,64,68,75,84,87,93,93,93,36190,0,35,35.00046166195096,1.1764289997699962,92.97488199990767,24374.0
1780246389,350,gRPC,gRPC/listar-musicas-playlist,1030.800000,0.000000,58,60,62,64,69,75,84,87,92,92,92,36071,0,33,34.22017531823305,0.6939189997865469,92.4261060004028,140.0
1780246389,350,gRPC,gRPC/listar-playlists-musica,1030.900000,0.000000,58,61,63,64,68,77,83,85,93,94,94,35944,0,33,34.36243764527917,0.8477450001009856,93.55553100022007,268.0
1780246389,350,gRPC,gRPC/listar-playlists-usuario,1028.900000,0.000000,58,61,63,64,71,79,84,90,92,92,92,36121,0,34,34.83579728138776,0.8652000001347915,92.42456299989499,388.0
1780246389,350,gRPC,gRPC/listar-usuarios,1038.200000,0.000000,58,61,62,64,69,76,84,88,92,94,94,36244,0,34,34.40547261400503,0.9542010002405732,94.00112399998761,15097.0
1780246389,350,,Aggregated,5163.600000,0.000000,58,61,63,64,69,76,84,88,92,93,94,180570,0,34,34.5652206523511,0.6939189997865469,94.00112399998761,8074.257119122778
1780246390,360,gRPC,gRPC/listar-musicas,1034.800000,0.000000,60,63,65,66,70,77,84,90,93,93,95,37233,0,36,35.92776871243266,1.1764289997699962,95.2491259999988,24374.0
1780246390,360,gRPC,gRPC/listar-musicas-playlist,1028.800000,0.000000,59,62,64,66,70,78,85,88,94,98,98,37100,0,35,35.15480754598353,0.6939189997865469,98.40532100042765,140.0
1780246390,360,gRPC,gRPC/listar-playlists-musica,1027.600000,0.000000,60,63,65,66,71,81,84,88,98,98,98,36999,0,34,35.352053172867244,0.8477450001009856,98.46018300004289,268.0
1780246390,360,gRPC,gRPC/listar-playlists-usuario,1033.100000,0.000000,60,63,65,66,73,81,88,91,95,98,98,37166,0,36,35.767975766561236,0.8652000001347915,97.88531399999556,388.0
1780246390,360,gRPC,gRPC/listar-usuarios,1036.300000,0.000000,60,63,64,66,71,80,88,92,95,97,98,37302,0,35,35.391788717253824,0.9542010002405732,97.68721600039498,15097.0
1780246390,360,,Aggregated,5160.600000,0.000000,60,63,65,66,71,79,86,90,95,98,98,185800,0,35,35.51921247491968,0.6939189997865469,98.46018300004289,8074.249601722282
1780246391,370,gRPC,gRPC/listar-musicas,1033.700000,0.000000,61,64,66,67,71,80,88,91,120,120,120,38275,0,37,36.89724756394506,1.1764289997699962,123.59205600023415,24374.0
1780246391,370,gRPC,gRPC/listar-musicas-playlist,1028.200000,0.000000,61,64,66,67,72,82,88,92,120,120,120,38068,0,35,36.07866035964559,0.6939189997865469,123.48555600010513,140.0
1780246391,370,gRPC,gRPC/listar-playlists-musica,1028.900000,0.000000,61,64,66,67,74,83,92,100,120,120,120,38041,0,36,36.43540465174233,0.8477450001009856,123.4979209998528,268.0
1780246391,370,gRPC,gRPC/listar-playlists-usuario,1033.800000,0.000000,61,64,66,67,74,82,91,95,120,120,120,38171,0,37,36.73572561227108,0.8652000001347915,121.01403799988475,388.0
1780246391,370,gRPC,gRPC/listar-usuarios,1037.000000,0.000000,61,64,66,67,74,83,92,96,120,120,120,38325,0,36,36.38106019107655,0.9542010002405732,123.48868899971421,15097.0
1780246391,370,,Aggregated,5161.600000,0.000000,61,64,66,67,73,82,90,94,120,120,120,190880,0,36,36.50601076910672,0.6939189997865469,123.59205600023415,8077.547312447611
1780246392,380,gRPC,gRPC/listar-musicas,1032.900000,0.000000,63,66,68,69,73,81,88,91,120,120,120,39311,0,37,37.787992979344196,1.1764289997699962,123.59205600023415,24374.0
1780246392,380,gRPC,gRPC/listar-musicas-playlist,1026.300000,0.000000,63,66,68,69,75,82,88,92,120,120,120,39181,0,36,37.070914461983875,0.6939189997865469,123.48555600010513,140.0
1780246392,380,gRPC,gRPC/listar-playlists-musica,1028.100000,0.000000,63,66,69,70,76,83,92,100,120,120,120,39085,0,37,37.351720482510544,0.8477450001009856,123.4979209998528,268.0
1780246392,380,gRPC,gRPC/listar-playlists-usuario,1030.000000,0.000000,63,66,68,70,76,83,91,95,120,120,120,39218,0,38,37.6690524058338,0.8652000001347915,121.01403799988475,388.0
1780246392,380,gRPC,gRPC/listar-usuarios,1034.300000,0.000000,63,66,68,70,76,84,92,96,120,120,120,39415,0,37,37.35267330379286,0.9542010002405732,123.48868899971421,15097.0
1780246392,380,,Aggregated,5151.600000,0.000000,63,66,68,69,75,83,90,94,120,120,120,196210,0,37,37.446673472942685,0.6939189997865469,123.59205600023415,8074.977182610468
1780246393,390,gRPC,gRPC/listar-musicas,1035.500000,0.000000,65,68,70,71,74,83,87,91,120,120,120,40374,0,38,38.73154452603173,1.1764289997699962,123.59205600023415,24374.0
1780246393,390,gRPC,gRPC/listar-musicas-playlist,1025.600000,0.000000,65,68,70,71,75,82,86,92,120,120,120,40231,0,37,37.99953017392059,0.6939189997865469,123.48555600010513,140.0
1780246393,390,gRPC,gRPC/listar-playlists-musica,1029.400000,0.000000,65,69,71,71,78,83,92,100,120,120,120,40181,0,38,38.32908542689153,0.8477450001009856,123.4979209998528,268.0
1780246393,390,gRPC,gRPC/listar-playlists-usuario,1029.800000,0.000000,65,68,70,71,79,84,91,95,120,120,120,40310,0,38,38.64563620952569,0.8652000001347915,121.01403799988475,388.0
1780246393,390,gRPC,gRPC/listar-usuarios,1035.200000,0.000000,64,68,70,71,77,84,92,96,120,120,120,40434,0,38,38.250855318345664,0.9542010002405732,123.48868899971421,15097.0
1780246393,390,,Aggregated,5155.500000,0.000000,65,68,70,71,77,83,89,94,120,120,120,201530,0,38,38.39154536896277,0.6939189997865469,123.59205600023415,8071.002342083065
1780246394,400,gRPC,gRPC/listar-musicas,1035.100000,0.000000,67,70,72,73,80,84,88,91,120,120,120,41431,0,39,39.710329564336014,1.1764289997699962,123.59205600023415,24374.0
1780246394,400,gRPC,gRPC/listar-musicas-playlist,1031.000000,0.000000,66,70,72,72,79,84,87,92,120,120,120,41244,0,38,38.93185303736315,0.6939189997865469,123.48555600010513,140.0
1780246394,400,gRPC,gRPC/listar-playlists-musica,1029.500000,0.000000,67,70,72,73,80,84,92,100,120,120,120,41174,0,39,39.25178013127049,0.8477450001009856,123.4979209998528,268.0
1780246394,400,gRPC,gRPC/listar-playlists-usuario,1034.300000,0.000000,67,70,72,73,81,84,91,95,120,120,120,41381,0,39,39.61259769751743,0.8652000001347915,121.01403799988475,388.0
1780246394,400,gRPC,gRPC/listar-usuarios,1038.400000,0.000000,66,70,72,73,81,84,92,96,120,120,120,41510,0,38,39.24625116203278,0.9542010002405732,123.48868899971421,15097.0
1780246394,400,,Aggregated,5168.300000,0.000000,67,70,72,73,80,84,89,94,120,120,120,206740,0,39,39.3509606125329,0.6939189997865469,123.59205600023415,8074.781290509819
1780246395,410,gRPC,gRPC/listar-musicas,1036.200000,0.000000,69,72,74,76,83,86,90,93,120,120,120,42439,0,40,40.659454841395814,1.1764289997699962,123.59205600023415,24374.0
1780246395,410,gRPC,gRPC/listar-musicas-playlist,1029.400000,0.000000,68,72,74,75,82,87,91,95,120,120,120,42293,0,39,39.952003821199646,0.6939189997865469,123.48555600010513,140.0
1780246395,410,gRPC,gRPC/listar-playlists-musica,1027.200000,0.000000,69,72,74,76,83,87,98,100,120,120,120,42216,0,40,40.264445484127826,0.8477450001009856,123.4979209998528,268.0
1780246395,410,gRPC,gRPC/listar-playlists-usuario,1032.300000,0.000000,69,72,74,76,83,86,92,100,120,120,120,42372,0,40,40.53600683878431,0.8652000001347915,121.01403799988475,388.0
1780246395,410,gRPC,gRPC/listar-usuarios,1035.300000,0.000000,69,72,74,76,83,88,93,99,120,120,120,42550,0,39,40.22645954721458,0.9542010002405732,123.48868899971421,15097.0
1780246395,410,,Aggregated,5160.400000,0.000000,69,72,74,76,83,87,92,98,120,120,120,211870,0,40,40.32788062344407,0.6939189997865469,123.59205600023415,8073.161750129797
1780246396,420,gRPC,gRPC/listar-musicas,1038.500000,0.000000,70,74,76,78,84,89,97,110,120,120,120,43497,0,41,41.71657368340357,1.1764289997699962,123.59205600023415,24374.0
1780246396,420,gRPC,gRPC/listar-musicas-playlist,1033.800000,0.000000,70,73,76,77,84,89,95,100,120,120,120,43290,0,40,40.90771059417881,0.6939189997865469,123.48555600010513,140.0
1780246396,420,gRPC,gRPC/listar-playlists-musica,1032.300000,0.000000,71,74,76,78,84,90,100,110,120,120,120,43222,0,41,41.24057222890976,0.8477450001009856,123.4979209998528,268.0
1780246396,420,gRPC,gRPC/listar-playlists-usuario,1038.100000,0.000000,71,74,76,77,83,89,100,110,120,120,120,43391,0,41,41.521966108086055,0.8652000001347915,122.93866800018804,388.0
1780246396,420,gRPC,gRPC/listar-usuarios,1039.200000,0.000000,71,74,76,78,84,90,98,110,120,120,120,43570,0,40,41.20484746942789,0.9542010002405732,123.48868899971421,15097.0
1780246396,420,,Aggregated,5181.900000,0.000000,71,74,76,78,84,89,99,110,120,120,120,216970,0,41,41.318686664728695,0.6939189997865469,123.59205600023415,8076.932165737198
1780246397,430,gRPC,gRPC/listar-musicas,1036.700000,0.000000,72,76,79,80,86,92,97,110,120,120,120,44523,0,42,42.66704946286192,1.1764289997699962,123.59205600023415,24374.0
1780246397,430,gRPC,gRPC/listar-musicas-playlist,1033.300000,0.000000,72,76,78,80,85,91,96,100,120,120,120,44366,0,41,41.910168431817354,0.6939189997865469,123.48555600010513,140.0
1780246397,430,gRPC,gRPC/listar-playlists-musica,1035.000000,0.000000,73,77,79,81,86,93,100,110,120,120,120,44272,0,42,42.22932734676414,0.8477450001009856,123.4979209998528,268.0
1780246397,430,gRPC,gRPC/listar-playlists-usuario,1036.500000,0.000000,72,76,79,80,85,92,100,110,120,120,120,44431,0,42,42.483084664287595,0.8652000001347915,122.93866800018804,388.0
1780246397,430,gRPC,gRPC/listar-usuarios,1043.700000,0.000000,72,76,78,80,85,92,98,110,120,120,120,44588,0,41,42.13086760224656,0.9542010002405732,123.48868899971421,15097.0
1780246397,430,,Aggregated,5185.200000,0.000000,72,76,78,80,85,92,99,110,120,120,120,222180,0,42,42.284298386646675,0.6939189997865469,123.59205600023415,8073.0218831578
1780246398,440,gRPC,gRPC/listar-musicas,1037.900000,0.000000,75,79,80,82,87,92,97,110,120,120,120,45631,0,43,43.609912829370195,1.1764289997699962,123.59205600023415,24374.0
1780246398,440,gRPC,gRPC/listar-musicas-playlist,1031.700000,0.000000,74,78,80,81,86,91,96,100,120,120,120,45414,0,42,42.814277180297125,0.6939189997865469,123.48555600010513,140.0
1780246398,440,gRPC,gRPC/listar-playlists-musica,1028.200000,0.000000,75,79,81,81,87,93,100,110,120,120,120,45330,0,43,43.15118411910304,0.8477450001009856,123.4979209998528,268.0
1780246398,440,gRPC,gRPC/listar-playlists-usuario,1039.400000,0.000000,75,78,80,81,85,92,100,110,120,120,120,45484,0,43,43.38788558220376,0.8652000001347915,122.93866800018804,388.0
1780246398,440,gRPC,gRPC/listar-usuarios,1038.500000,0.000000,75,78,80,81,86,92,98,110,120,120,120,45691,0,42,43.086108281017495,0.9542010002405732,123.48868899971421,15097.0
1780246398,440,,Aggregated,5175.800000,0.000000,75,78,80,81,86,92,99,110,120,120,120,227550,0,43,43.21018085515784,0.6939189997865469,123.59205600023415,8078.054111184355
1780246399,450,gRPC,gRPC/listar-musicas,1036.500000,0.000000,77,80,82,84,90,94,98,110,120,120,120,46633,0,44,44.5264057622924,1.1764289997699962,123.59205600023415,24374.0
1780246399,450,gRPC,gRPC/listar-musicas-playlist,1033.800000,0.000000,76,80,81,82,90,94,98,100,120,120,120,46460,0,43,43.79445358964742,0.6939189997865469,123.48555600010513,140.0
1780246399,450,gRPC,gRPC/listar-playlists-musica,1035.300000,0.000000,77,80,82,83,91,96,100,110,120,120,120,46349,0,44,44.12456616606474,0.8477450001009856,123.4979209998528,268.0
1780246399,450,gRPC,gRPC/listar-playlists-usuario,1039.300000,0.000000,77,80,82,83,91,95,100,110,120,120,120,46546,0,44,44.39781473849436,0.8652000001347915,122.93866800018804,388.0
1780246399,450,gRPC,gRPC/listar-usuarios,1038.200000,0.000000,77,80,82,83,89,95,99,110,120,120,120,46722,0,43,44.04970237232923,0.9542010002405732,123.48868899971421,15097.0
1780246399,450,,Aggregated,5183.100000,0.000000,77,80,82,83,90,94,99,110,120,120,120,232710,0,44,44.17880877477183,0.6939189997865469,123.59205600023415,8074.3438442696915
1780246400,460,gRPC,gRPC/listar-musicas,1039.500000,0.000000,79,82,84,85,92,96,110,110,120,120,120,47674,0,45,45.498720910999246,1.1764289997699962,123.59205600023415,24374.0
1780246400,460,gRPC,gRPC/listar-musicas-playlist,1032.700000,0.000000,78,81,83,85,91,96,100,110,120,120,120,47509,0,44,44.77199852114376,0.6939189997865469,123.48555600010513,140.0
1780246400,460,gRPC,gRPC/listar-playlists-musica,1031.900000,0.000000,79,82,84,85,93,98,110,110,120,120,120,47414,0,45,45.11645118690533,0.8477450001009856,123.4979209998528,268.0
1780246400,460,gRPC,gRPC/listar-playlists-usuario,1033.600000,0.000000,79,82,84,85,93,97,110,110,120,120,120,47581,0,45,45.351437959436794,0.8652000001347915,122.93866800018804,388.0
1780246400,460,gRPC,gRPC/listar-usuarios,1037.300000,0.000000,79,82,84,85,92,96,110,110,120,120,120,47752,0,45,45.01468499384262,0.9542010002405732,123.48868899971421,15097.0
1780246400,460,,Aggregated,5175.000000,0.000000,79,82,84,85,92,97,110,110,120,120,120,237930,0,45,45.150835634019295,0.6939189997865469,123.59205600023415,8072.700626234607
1780246401,470,gRPC,gRPC/listar-musicas,1037.900000,0.000000,81,84,86,88,93,97,110,110,120,120,120,48680,0,46,46.43071154638398,1.1764289997699962,123.59205600023415,24374.0
1780246401,470,gRPC,gRPC/listar-musicas-playlist,1038.700000,0.000000,80,83,85,87,92,97,110,110,120,130,130,48510,0,45,45.70937012815971,0.6939189997865469,129.6287449999909,140.0
1780246401,470,gRPC,gRPC/listar-playlists-musica,1031.700000,0.000000,81,84,86,88,93,98,110,110,130,130,130,48437,0,45,46.09240815892669,0.8477450001009856,129.7432299998036,268.0
1780246401,470,gRPC,gRPC/listar-playlists-usuario,1032.100000,0.000000,80,84,85,87,93,98,110,110,130,130,130,48602,0,46,46.30876756458509,0.8652000001347915,131.3361770003212,388.0
1780246401,470,gRPC,gRPC/listar-usuarios,1035.600000,0.000000,80,84,86,87,93,98,110,110,120,120,130,48781,0,45,46.003379611815575,0.9542010002405732,126.43144000003304,15097.0
1780246401,470,,Aggregated,5176.000000,0.000000,80,84,86,87,93,98,110,110,120,130,130,243010,0,46,46.1091154232634,0.6939189997865469,131.3361770003212,8072.108839142422
1780246402,480,gRPC,gRPC/listar-musicas,1035.400000,0.000000,83,86,88,90,95,100,110,120,170,170,170,49701,0,47,47.494042780245515,1.1764289997699962,174.06755399997564,24374.0
1780246402,480,gRPC,gRPC/listar-musicas-playlist,1037.000000,0.000000,82,85,88,89,94,100,110,120,170,170,170,49541,0,46,46.75848060929388,0.6939189997865469,172.87146500029849,140.0
1780246402,480,gRPC,gRPC/listar-playlists-musica,1032.500000,0.000000,82,86,88,90,95,100,110,120,160,170,170,49425,0,46,47.09168095941196,0.8477450001009856,174.43873100000928,268.0
1780246402,480,gRPC,gRPC/listar-playlists-usuario,1036.600000,0.000000,82,86,88,90,95,100,110,120,170,170,170,49588,0,47,47.29578785687995,0.8652000001347915,170.55266200031838,388.0
1780246402,480,gRPC,gRPC/listar-usuarios,1041.500000,0.000000,82,86,88,90,95,100,110,140,170,170,170,49835,0,46,47.12342678747808,0.9542010002405732,174.8083869997572,15097.0
1780246402,480,,Aggregated,5183.000000,0.000000,82,86,88,90,95,100,110,130,170,170,170,248090,0,46,47.15292491316171,0.6939189997865469,174.8083869997572,8074.46069168447
1780246403,490,gRPC,gRPC/listar-musicas,1030.600000,0.000000,84,88,91,92,95,100,110,120,170,170,170,50815,0,48,48.45224219431236,1.1764289997699962,174.06755399997564,24374.0
1780246403,490,gRPC,gRPC/listar-musicas-playlist,1032.200000,0.000000,84,87,89,91,94,100,110,120,170,170,170,50568,0,47,47.63554218691695,0.6939189997865469,172.87146500029849,140.0
1780246403,490,gRPC,gRPC/listar-playlists-musica,1027.700000,0.000000,84,88,90,92,96,100,110,120,160,170,170,50521,0,47,48.046272338828274,0.8477450001009856,174.43873100000928,268.0
1780246403,490,gRPC,gRPC/listar-playlists-usuario,1030.900000,0.000000,84,88,90,92,96,100,110,120,170,170,170,50681,0,48,48.23211409672189,0.8652000001347915,170.55266200031838,388.0
1780246403,490,gRPC,gRPC/listar-usuarios,1037.500000,0.000000,84,88,90,92,95,100,110,140,170,170,170,50895,0,47,48.01753906914178,0.9542010002405732,174.8083869997572,15097.0
1780246403,490,,Aggregated,5158.900000,0.000000,84,88,90,92,95,100,110,130,170,170,170,253480,0,47,48.07710641747782,0.6939189997865469,174.8083869997572,8076.41628925359
1780246404,500,gRPC,gRPC/listar-musicas,1036.100000,0.000000,86,90,92,94,100,110,120,120,170,170,170,51816,0,49,49.42850797886735,1.1764289997699962,174.06755399997564,24374.0
1780246404,500,gRPC,gRPC/listar-musicas-playlist,1026.200000,0.000000,86,89,91,93,98,110,120,120,170,170,170,51598,0,48,48.63717284487806,0.6939189997865469,172.87146500029849,140.0
1780246404,500,gRPC,gRPC/listar-playlists-musica,1025.400000,0.000000,86,90,92,93,99,110,120,120,160,170,170,51521,0,48,49.00740437229373,0.8477450001009856,174.43873100000928,268.0
1780246404,500,gRPC,gRPC/listar-playlists-usuario,1027.200000,0.000000,86,90,92,93,99,110,120,120,170,170,170,51718,0,48,49.23993460972878,0.8652000001347915,170.55266200031838,388.0
1780246404,500,gRPC,gRPC/listar-usuarios,1034.100000,0.000000,86,89,92,93,100,110,120,140,170,170,170,51917,0,48,49.0072350493284,0.9542010002405732,174.8083869997572,15097.0
1780246404,500,,Aggregated,5149.000000,0.000000,86,90,92,93,99,110,120,130,170,170,170,258570,0,48,49.06438664481664,0.6939189997865469,174.8083869997572,8074.610608345903
1780246405,500,gRPC,gRPC/listar-musicas,1031.700000,0.000000,88,92,93,94,100,110,120,120,170,170,170,52871,0,50,50.3280764747969,1.1764289997699962,174.06755399997564,24374.0
1780246405,500,gRPC,gRPC/listar-musicas-playlist,1022.900000,0.000000,88,90,92,93,100,110,120,120,170,170,170,52644,0,49,49.544571656333446,0.6939189997865469,172.87146500029849,140.0
1780246405,500,gRPC,gRPC/listar-playlists-musica,1022.400000,0.000000,88,91,93,94,100,110,120,120,160,170,170,52564,0,50,49.91515939060851,0.8477450001009856,174.43873100000928,268.0
1780246405,500,gRPC,gRPC/listar-playlists-usuario,1028.100000,0.000000,88,91,93,94,100,110,120,120,170,170,170,52801,0,49,50.166482848752004,0.8652000001347915,170.55266200031838,388.0
1780246405,500,gRPC,gRPC/listar-usuarios,1033.800000,0.000000,88,91,93,94,100,110,120,140,170,170,170,52970,0,49,49.93343393173477,0.9542010002405732,174.8083869997572,15097.0
1780246405,500,,Aggregated,5138.900000,0.000000,88,91,93,94,100,110,120,130,170,170,170,263850,0,49,49.9779232747555,0.6939189997865469,174.8083869997572,8073.943316278188
1780246406,500,gRPC,gRPC/listar-musicas,1030.500000,0.000000,90,92,94,95,100,110,120,120,170,170,170,53940,0,51,51.18982131941028,1.1764289997699962,174.06755399997564,24374.0
1780246406,500,gRPC,gRPC/listar-musicas-playlist,1029.200000,0.000000,89,91,93,94,100,110,120,120,170,170,170,53721,0,50,50.42498216304646,0.6939189997865469,172.87146500029849,140.0
1780246406,500,gRPC,gRPC/listar-playlists-musica,1024.700000,0.000000,90,92,94,95,100,110,120,120,160,170,170,53620,0,50,50.79801456359443,0.8477450001009856,174.43873100000928,268.0
1780246406,500,gRPC,gRPC/listar-playlists-usuario,1028.400000,0.000000,90,92,93,95,100,110,120,120,170,170,170,53857,0,50,51.02270829372161,0.8652000001347915,170.55266200031838,388.0
1780246406,500,gRPC,gRPC/listar-usuarios,1033.100000,0.000000,89,92,94,95,100,110,120,140,170,170,170,54042,0,50,50.793830097091075,0.9542010002405732,174.8083869997572,15097.0
1780246406,500,,Aggregated,5145.900000,0.000000,89,92,93,95,100,110,120,120,170,170,170,269180,0,50,50.846196360547864,0.6939189997865469,174.8083869997572,8074.126049483617
1780246407,500,gRPC,gRPC/listar-musicas,1034.200000,0.000000,91,93,95,97,100,110,120,140,170,170,170,54940,0,52,52.06518327903147,1.1764289997699962,174.06755399997564,24374.0
1780246407,500,gRPC,gRPC/listar-musicas-playlist,1031.400000,0.000000,90,93,94,96,100,110,120,140,170,170,170,54730,0,51,51.320534835355744,0.6939189997865469,172.87146500029849,140.0
1780246407,500,gRPC,gRPC/listar-playlists-musica,1023.800000,0.000000,91,93,95,97,100,110,120,140,160,170,170,54620,0,51,51.727748592052755,0.8477450001009856,174.43873100000928,268.0
1780246407,500,gRPC,gRPC/listar-playlists-usuario,1031.800000,0.000000,91,93,95,96,100,110,120,140,170,170,170,54858,0,51,51.90435736220719,0.8652000001347915,170.55266200031838,388.0
1780246407,500,gRPC,gRPC/listar-usuarios,1032.600000,0.000000,90,93,95,97,100,110,120,140,170,170,170,55052,0,51,51.66946910911507,0.9542010002405732,174.8083869997572,15097.0
1780246407,500,,Aggregated,5153.800000,0.000000,91,93,95,97,100,110,120,140,170,170,170,274200,0,51,51.73771159211629,0.6939189997865469,174.8083869997572,8073.715784099198
1780246408,500,gRPC,gRPC/listar-musicas,1033.600000,0.000000,92,94,96,97,100,110,120,140,170,170,170,56021,0,53,52.8739046974167,1.1764289997699962,174.06755399997564,24374.0
1780246408,500,gRPC,gRPC/listar-musicas-playlist,1030.700000,0.000000,91,93,95,97,100,110,120,140,170,170,170,55815,0,52,52.13983362176892,0.6939189997865469,172.87146500029849,140.0
1780246408,500,gRPC,gRPC/listar-playlists-musica,1027.300000,0.000000,92,94,96,97,100,110,120,140,160,170,170,55696,0,52,52.544303817005385,0.8477450001009856,174.43873100000928,268.0
1780246408,500,gRPC,gRPC/listar-playlists-usuario,1027.000000,0.000000,92,93,95,97,100,110,120,140,170,170,170,55915,0,52,52.68868314979846,0.8652000001347915,170.55266200031838,388.0
1780246408,500,gRPC,gRPC/listar-usuarios,1030.700000,0.000000,91,93,95,97,100,110,120,140,170,170,170,56083,0,52,52.44162960353398,0.9542010002405732,174.8083869997572,15097.0
1780246408,500,,Aggregated,5149.200000,0.000000,92,93,96,97,100,110,120,140,170,170,170,279530,0,52,52.53787788581303,0.6939189997865469,174.8083869997572,8072.752666976711
1780246409,500,gRPC,gRPC/listar-musicas,1034.500000,0.000000,92,94,96,98,100,110,120,140,170,170,170,57053,0,54,53.64305194557632,1.1764289997699962,174.06755399997564,24374.0
1780246409,500,gRPC,gRPC/listar-musicas-playlist,1031.700000,0.000000,92,94,96,97,100,110,120,140,170,170,170,56866,0,53,52.93966239230873,0.6939189997865469,172.87146500029849,140.0
1780246409,500,gRPC,gRPC/listar-playlists-musica,1025.700000,0.000000,92,95,97,99,100,110,120,140,160,170,170,56742,0,54,53.36233850782369,0.8477450001009856,174.43873100000928,268.0
1780246409,500,gRPC,gRPC/listar-playlists-usuario,1032.400000,0.000000,92,94,96,98,100,110,120,140,170,170,170,56941,0,54,53.46122019546517,0.8652000001347915,170.55266200031838,388.0
1780246409,500,gRPC,gRPC/listar-usuarios,1035.200000,0.000000,92,94,96,98,100,110,120,140,170,170,170,57128,0,53,53.2278630617385,0.9542010002405732,174.8083869997572,15097.0
1780246409,500,,Aggregated,5159.500000,0.000000,92,94,96,98,100,110,120,140,170,170,170,284730,0,53,53.32696377622419,0.6939189997865469,174.8083869997572,8071.971488778843
1780246410,500,gRPC,gRPC/listar-musicas,1030.100000,0.000000,93,95,97,99,100,110,120,140,170,170,170,58053,0,55,54.41451218476158,1.1764289997699962,174.06755399997564,24374.0
1780246410,500,gRPC,gRPC/listar-musicas-playlist,1033.400000,0.000000,92,94,96,98,110,110,120,140,170,170,170,57869,0,54,53.753348236897736,0.6939189997865469,172.87146500029849,140.0
1780246410,500,gRPC,gRPC/listar-playlists-musica,1033.000000,0.000000,93,95,97,99,100,110,130,140,160,170,170,57753,0,55,54.16686608153559,0.8477450001009856,174.43873100000928,268.0
1780246410,500,gRPC,gRPC/listar-playlists-usuario,1033.300000,0.000000,93,94,96,98,100,120,120,140,170,170,170,57945,0,55,54.26633547748724,0.8652000001347915,170.55266200031838,388.0
1780246410,500,gRPC,gRPC/listar-usuarios,1033.200000,0.000000,92,95,97,99,110,120,130,140,170,170,170,58130,0,54,54.0220668492174,0.9542010002405732,174.8083869997572,15097.0
1780246410,500,,Aggregated,5163.000000,0.000000,93,95,97,99,100,110,120,140,170,170,170,289750,0,55,54.12473772900186,0.6939189997865469,174.8083869997572,8071.215033649698
1780246411,500,gRPC,gRPC/listar-musicas,1031.800000,0.000000,93,95,96,98,100,110,120,120,140,140,140,59120,0,56,55.126551899982445,1.1764289997699962,174.06755399997564,24374.0
1780246411,500,gRPC,gRPC/listar-musicas-playlist,1027.900000,0.000000,92,94,96,98,100,110,120,120,140,140,140,58935,0,55,54.47300398759721,0.6939189997865469,172.87146500029849,140.0
1780246411,500,gRPC,gRPC/listar-playlists-musica,1031.200000,0.000000,93,95,97,99,100,110,120,130,140,140,140,58833,0,56,54.90573353731629,0.8477450001009856,174.43873100000928,268.0
1780246411,500,gRPC,gRPC/listar-playlists-usuario,1031.800000,0.000000,93,95,96,98,100,110,120,120,140,140,140,59022,0,56,54.99199805010004,0.8652000001347915,170.55266200031838,388.0
1780246411,500,gRPC,gRPC/listar-usuarios,1035.300000,0.000000,93,95,96,98,100,110,120,120,140,140,140,59220,0,55,54.76409512364088,0.9542010002405732,174.8083869997572,15097.0
1780246411,500,,Aggregated,5158.000000,0.000000,93,95,97,98,100,110,120,120,140,140,140,295130,0,56,54.85238600505643,0.6939189997865469,174.8083869997572,8070.863348354962
1780246412,500,gRPC,gRPC/listar-musicas,1033.500000,0.000000,93,95,98,100,110,120,120,130,150,150,150,60099,0,57,55.9194907112759,1.1764289997699962,174.06755399997564,24374.0
1780246412,500,gRPC,gRPC/listar-musicas-playlist,1032.600000,0.000000,93,95,97,100,110,120,130,130,140,140,140,59923,0,56,55.25914045878968,0.6939189997865469,172.87146500029849,140.0
1780246412,500,gRPC,gRPC/listar-playlists-musica,1032.300000,0.000000,94,96,98,100,110,120,120,130,150,150,150,59816,0,57,55.69499660752856,0.8477450001009856,174.43873100000928,268.0
1780246412,500,gRPC,gRPC/listar-playlists-usuario,1033.200000,0.000000,93,95,97,100,110,120,130,130,140,150,150,60022,0,57,55.81226590915013,0.8652000001347915,170.55266200031838,388.0
1780246412,500,gRPC,gRPC/listar-usuarios,1035.800000,0.000000,93,95,97,100,110,120,130,130,140,150,150,60220,0,56,55.55970757693495,0.9542010002405732,174.8083869997572,15097.0
1780246412,500,,Aggregated,5167.400000,0.000000,93,95,97,100,110,120,120,130,150,150,150,300080,0,56,55.649227798344775,0.6939189997865469,174.8083869997572,8070.190649160224
1780246413,500,gRPC,gRPC/listar-musicas,1028.700000,0.000000,93,95,97,100,110,110,120,130,150,150,150,61191,0,58,56.56735531483345,1.1764289997699962,174.06755399997564,24374.0
1780246413,500,gRPC,gRPC/listar-musicas-playlist,1029.100000,0.000000,93,95,97,99,110,120,120,130,140,140,140,61021,0,57,55.90856694759258,0.6939189997865469,172.87146500029849,140.0
1780246413,500,gRPC,gRPC/listar-playlists-musica,1029.800000,0.000000,94,96,98,100,110,120,120,130,150,150,150,60915,0,58,56.35559478528961,0.8477450001009856,174.43873100000928,268.0
1780246413,500,gRPC,gRPC/listar-playlists-usuario,1031.300000,0.000000,93,95,97,100,110,120,130,130,140,150,150,61078,0,58,56.43218716464206,0.8652000001347915,170.55266200031838,388.0
1780246413,500,gRPC,gRPC/listar-usuarios,1029.200000,0.000000,93,95,97,99,110,120,130,130,140,150,150,61315,0,57,56.198670053934784,0.9542010002405732,174.8083869997572,15097.0
1780246413,500,,Aggregated,5148.100000,0.000000,93,95,97,100,110,120,120,130,150,150,150,305520,0,58,56.2925417030776,0.6939189997865469,174.8083869997572,8070.530286069652
1780246414,500,gRPC,gRPC/listar-musicas,1033.000000,0.000000,93,95,97,99,110,110,120,130,150,150,150,62221,0,59,57.23127163087982,1.1764289997699962,174.06755399997564,24374.0
1780246414,500,gRPC,gRPC/listar-musicas-playlist,1040.700000,0.000000,93,95,97,99,110,120,130,130,140,140,140,62032,0,58,56.56126946995177,0.6939189997865469,172.87146500029849,140.0
1780246414,500,gRPC,gRPC/listar-playlists-musica,1037.400000,0.000000,94,96,98,100,110,120,120,130,150,150,150,61940,0,59,57.02894066591748,0.8477450001009856,174.43873100000928,268.0
1780246414,500,gRPC,gRPC/listar-playlists-usuario,1038.400000,0.000000,93,95,97,100,110,120,130,130,140,150,150,62120,0,59,57.118988722022,0.8652000001347915,170.55266200031838,388.0
1780246414,500,gRPC,gRPC/listar-usuarios,1038.400000,0.000000,93,95,97,100,110,120,130,130,140,150,150,62347,0,58,56.87175286299284,0.9542010002405732,174.8083869997572,15097.0
1780246414,500,,Aggregated,5187.900000,0.000000,93,95,97,100,110,120,120,130,150,150,150,310660,0,59,56.962540912616035,0.6939189997865469,174.8083869997572,8070.605398184511
1780246415,500,gRPC,gRPC/listar-musicas,1027.800000,0.000000,94,96,97,100,110,120,120,130,150,150,150,63301,0,60,57.92073773873976,1.1764289997699962,174.06755399997564,24374.0
1780246415,500,gRPC,gRPC/listar-musicas-playlist,1033.800000,0.000000,93,95,97,100,110,120,130,130,140,140,140,63054,0,59,57.208271292971794,0.6939189997865469,172.87146500029849,140.0
1780246415,500,gRPC,gRPC/listar-playlists-musica,1029.800000,0.000000,94,96,98,100,110,120,120,130,150,150,150,62960,0,60,57.6831841196462,0.8477450001009856,174.43873100000928,268.0
1780246415,500,gRPC,gRPC/listar-playlists-usuario,1028.100000,0.000000,93,95,97,100,110,120,130,130,140,150,150,63144,0,60,57.760983510040745,0.8652000001347915,170.55266200031838,388.0
1780246415,500,gRPC,gRPC/listar-usuarios,1033.500000,0.000000,93,95,97,100,110,120,130,130,140,150,150,63371,0,59,57.52566609666903,0.9542010002405732,174.8083869997572,15097.0
1780246415,500,,Aggregated,5153.000000,0.000000,93,95,97,100,110,120,120,130,150,150,150,315830,0,59,57.619930845234144,0.6939189997865469,174.8083869997572,8073.366282493746
1780246416,500,gRPC,gRPC/listar-musicas,1034.300000,0.000000,94,95,98,100,110,110,120,130,150,150,150,64340,0,61,58.52657867458778,1.1764289997699962,174.06755399997564,24374.0
1780246416,500,gRPC,gRPC/listar-musicas-playlist,1033.400000,0.000000,93,95,97,100,110,120,120,130,140,140,140,64120,0,60,57.8316456715384,0.6939189997865469,172.87146500029849,140.0
1780246416,500,gRPC,gRPC/listar-playlists-musica,1033.900000,0.000000,94,96,98,100,110,120,120,130,150,150,150,64030,0,61,58.31470762484663,0.8477450001009856,174.43873100000928,268.0
1780246416,500,gRPC,gRPC/listar-playlists-usuario,1030.800000,0.000000,93,95,98,100,110,120,120,130,140,150,150,64221,0,61,58.398018827346334,0.8652000001347915,170.55266200031838,388.0
1780246416,500,gRPC,gRPC/listar-usuarios,1034.700000,0.000000,93,95,97,100,110,120,120,130,140,150,150,64439,0,60,58.14232762192147,0.9542010002405732,174.8083869997572,15097.0
1780246416,500,,Aggregated,5167.100000,0.000000,93,95,98,100,110,120,120,130,150,150,150,321150,0,60,58.24277919458607,0.6939189997865469,174.8083869997572,8071.347753386268
1780246417,500,gRPC,gRPC/listar-musicas,1034.400000,0.000000,94,96,98,100,110,120,120,130,150,150,150,65316,0,61,59.16811632457547,1.1764289997699962,174.06755399997564,24374.0
1780246417,500,gRPC,gRPC/listar-musicas-playlist,1028.400000,0.000000,93,95,97,100,110,120,130,130,140,140,140,65097,0,61,58.484886283101474,0.6939189997865469,172.87146500029849,140.0
1780246417,500,gRPC,gRPC/listar-playlists-musica,1035.700000,0.000000,94,96,100,100,110,120,120,130,150,150,150,65021,0,61,58.97435745726641,0.8477450001009856,174.43873100000928,268.0
1780246417,500,gRPC,gRPC/listar-playlists-usuario,1027.700000,0.000000,94,96,100,100,110,120,120,130,140,150,150,65209,0,62,59.06007224619333,0.8652000001347915,170.55266200031838,388.0
1780246417,500,gRPC,gRPC/listar-usuarios,1031.800000,0.000000,93,95,98,100,110,120,130,140,140,150,150,65417,0,61,58.81826110584399,0.9542010002405732,174.8083869997572,15097.0
1780246417,500,,Aggregated,5158.000000,0.000000,94,96,99,100,110,120,120,130,150,150,150,326060,0,61,58.90127418977933,0.6939189997865469,174.8083869997572,8070.456152241919
1780246418,500,gRPC,gRPC/listar-musicas,1029.400000,0.000000,94,96,99,100,110,120,120,130,150,150,150,66380,0,62,59.736780086772626,1.1764289997699962,174.06755399997564,24374.0
1780246418,500,gRPC,gRPC/listar-musicas-playlist,1026.300000,0.000000,93,95,97,100,110,120,130,130,140,140,140,66168,0,62,59.05787071227854,0.6939189997865469,172.87146500029849,140.0
1780246418,500,gRPC,gRPC/listar-playlists-musica,1034.000000,0.000000,94,96,99,100,110,120,120,130,150,150,150,66067,0,62,59.53754687052406,0.8477450001009856,174.43873100000928,268.0
1780246418,500,gRPC,gRPC/listar-playlists-usuario,1029.000000,0.000000,94,96,100,100,110,120,120,130,140,150,150,66314,0,62,59.65344427689522,0.8652000001347915,170.55266200031838,388.0
1780246418,500,gRPC,gRPC/listar-usuarios,1033.700000,0.000000,93,95,98,100,110,120,130,140,140,150,150,66491,0,62,59.38443389332385,0.9542010002405732,174.8083869997572,15097.0
1780246418,500,,Aggregated,5152.400000,0.000000,93,95,99,100,110,120,120,130,150,150,150,331420,0,62,59.47415562827989,0.6939189997865469,174.8083869997572,8069.700244402872
1780246419,500,gRPC,gRPC/listar-musicas,1034.700000,0.000000,94,95,98,100,110,120,120,130,150,150,150,67440,0,63,60.28579568450443,1.1764289997699962,174.06755399997564,24374.0
1780246419,500,gRPC,gRPC/listar-musicas-playlist,1029.500000,0.000000,93,95,97,100,110,120,130,130,140,140,140,67230,0,63,59.60615403538672,0.6939189997865469,172.87146500029849,140.0
1780246419,500,gRPC,gRPC/listar-playlists-musica,1033.300000,0.000000,93,95,98,100,110,120,120,130,150,150,150,67120,0,63,60.08765003328249,0.8477450001009856,174.43873100000928,268.0
1780246419,500,gRPC,gRPC/listar-playlists-usuario,1033.100000,0.000000,93,95,99,100,110,120,120,130,140,150,150,67358,0,63,60.18242316676618,0.8652000001347915,170.55266200031838,388.0
1780246419,500,gRPC,gRPC/listar-usuarios,1033.800000,0.000000,93,95,97,100,110,120,130,140,140,150,150,67552,0,63,59.92469280765922,0.9542010002405732,174.8083869997572,15097.0
1780246419,500,,Aggregated,5164.400000,0.000000,93,95,98,100,110,120,120,130,150,150,150,336700,0,63,60.01746176182485,0.6939189997865469,174.8083869997572,8069.944662904663
1780246421,500,gRPC,gRPC/listar-musicas,1026.600000,0.000000,94,96,100,100,110,120,120,130,150,150,150,68460,0,64,60.851532347998464,1.1764289997699962,174.06755399997564,24374.0
1780246421,500,gRPC,gRPC/listar-musicas-playlist,1025.800000,0.000000,93,95,97,100,110,120,130,130,140,140,140,68301,0,64,60.21235869287478,0.6939189997865469,172.87146500029849,140.0
1780246421,500,gRPC,gRPC/listar-playlists-musica,1024.200000,0.000000,94,96,99,100,110,120,120,130,150,150,150,68144,0,64,60.66861581993886,0.8477450001009856,174.43873100000928,268.0
1780246421,500,gRPC,gRPC/listar-playlists-usuario,1029.300000,0.000000,93,96,100,100,110,120,130,130,140,150,150,68371,0,64,60.73119911004697,0.8652000001347915,170.55266200031838,388.0
1780246421,500,gRPC,gRPC/listar-usuarios,1027.100000,0.000000,93,95,98,100,110,110,130,140,140,150,150,68554,0,64,60.45778110916915,0.9542010002405732,174.8083869997572,15097.0
1780246421,500,,Aggregated,5133.000000,0.000000,93,95,99,100,110,120,130,130,150,150,150,341830,0,64,60.58431943530834,0.6939189997865469,174.8083869997572,8068.210683673171
1780246422,500,gRPC,gRPC/listar-musicas,1030.600000,0.000000,93,95,98,100,110,110,120,130,140,140,140,69553,0,65,61.36063009277783,1.1764289997699962,174.06755399997564,24374.0
1780246422,500,gRPC,gRPC/listar-musicas-playlist,1027.100000,0.000000,92,94,96,99,110,110,120,130,140,140,140,69359,0,65,60.70148951436783,0.6939189997865469,172.87146500029849,140.0
1780246422,500,gRPC,gRPC/listar-playlists-musica,1025.100000,0.000000,93,95,98,100,110,110,120,130,140,140,140,69240,0,65,61.199704656830036,0.8477450001009856,174.43873100000928,268.0
1780246422,500,gRPC,gRPC/listar-playlists-usuario,1030.400000,0.000000,93,95,98,100,110,110,120,120,140,140,140,69440,0,65,61.23118125568841,0.8652000001347915,170.55266200031838,388.0
1780246422,500,gRPC,gRPC/listar-usuarios,1027.400000,0.000000,93,95,97,99,110,110,120,130,140,140,140,69628,0,64,60.95568920238956,0.9542010002405732,174.8083869997572,15097.0
1780246422,500,,Aggregated,5140.600000,0.000000,93,95,97,100,110,110,120,130,140,140,140,347220,0,65,61.08978175418638,0.6939189997865469,174.8083869997572,8068.855590115777
1780246423,500,gRPC,gRPC/listar-musicas,1033.200000,0.000000,94,96,100,100,110,120,130,130,140,150,150,70522,0,66,61.93465041513235,1.1764289997699962,174.06755399997564,24374.0
1780246423,500,gRPC,gRPC/listar-musicas-playlist,1036.000000,0.000000,93,95,99,100,110,120,130,140,150,150,150,70326,0,66,61.30549792758053,0.6939189997865469,172.87146500029849,140.0
1780246423,500,gRPC,gRPC/listar-playlists-musica,1026.700000,0.000000,94,97,100,100,110,120,130,130,150,150,150,70220,0,66,61.80072459454428,0.8477450001009856,174.43873100000928,268.0
1780246423,500,gRPC,gRPC/listar-playlists-usuario,1031.800000,0.000000,94,96,100,100,110,110,120,130,140,150,150,70423,0,66,61.818632221646276,0.8652000001347915,170.55266200031838,388.0
1780246423,500,gRPC,gRPC/listar-usuarios,1030.200000,0.000000,93,96,99,100,110,110,120,140,150,150,150,70609,0,65,61.53916059969673,0.9542010002405732,174.8083869997572,15097.0
1780246423,500,,Aggregated,5157.900000,0.000000,93,96,100,100,110,110,130,130,150,150,150,352100,0,66,61.67976390965498,0.6939189997865469,174.8083869997572,8068.378372621414
1780246424,500,gRPC,gRPC/listar-musicas,1034.900000,0.000000,93,95,97,100,110,110,130,130,140,150,150,71578,0,67,62.38251490731748,1.1764289997699962,174.06755399997564,24374.0
1780246424,500,gRPC,gRPC/listar-musicas-playlist,1031.900000,0.000000,93,95,97,100,110,120,130,140,150,150,150,71415,0,66,61.77170114172147,0.6939189997865469,172.87146500029849,140.0
1780246424,500,gRPC,gRPC/listar-playlists-musica,1031.700000,0.000000,94,95,99,100,110,120,130,130,150,150,150,71315,0,67,62.273597109961486,0.8477450001009856,174.43873100000928,268.0
1780246424,500,gRPC,gRPC/listar-playlists-usuario,1036.100000,0.000000,93,95,99,100,110,110,120,130,140,150,150,71521,0,67,62.28517689270325,0.8652000001347915,170.55266200031838,388.0
1780246424,500,gRPC,gRPC/listar-usuarios,1030.500000,0.000000,93,95,97,100,110,110,120,140,150,150,150,71691,0,66,62.001425827328305,0.9542010002405732,174.8083869997572,15097.0
1780246424,500,,Aggregated,5165.100000,0.000000,93,95,98,100,110,110,130,130,150,150,150,357520,0,67,62.142888852370305,0.6939189997865469,174.8083869997572,8066.183337995078
1780246425,500,gRPC,gRPC/listar-musicas,1032.400000,0.000000,93,95,98,100,110,110,130,130,140,150,150,72628,0,68,62.8701199811777,1.1764289997699962,174.06755399997564,24374.0
1780246425,500,gRPC,gRPC/listar-musicas-playlist,1032.300000,0.000000,93,95,97,100,110,110,130,140,150,150,150,72441,0,68,62.25199462373576,0.6939189997865469,172.87146500029849,140.0
1780246425,500,gRPC,gRPC/listar-playlists-musica,1030.200000,0.000000,94,95,99,100,110,110,130,130,150,150,150,72366,0,68,62.77445374265419,0.8477450001009856,174.43873100000928,268.0
1780246425,500,gRPC,gRPC/listar-playlists-usuario,1031.700000,0.000000,93,95,99,100,110,110,120,130,140,150,150,72553,0,68,62.75972560779032,0.8652000001347915,170.55266200031838,388.0
1780246425,500,gRPC,gRPC/listar-usuarios,1025.400000,0.000000,93,95,97,100,110,110,120,140,150,150,150,72742,0,68,62.48253658854569,0.9542010002405732,174.8083869997572,15097.0
1780246425,500,,Aggregated,5152.000000,0.000000,93,95,98,100,110,110,130,130,150,150,150,362730,0,68,62.62778095172294,0.6939189997865469,174.8083869997572,8066.901656879772
1780246426,500,gRPC,gRPC/listar-musicas,1028.100000,0.000000,93,96,99,100,110,120,130,130,140,150,150,73668,0,69,63.36266527763706,1.1764289997699962,174.06755399997564,24374.0
1780246426,500,gRPC,gRPC/listar-musicas-playlist,1031.700000,0.000000,92,95,98,100,110,110,130,140,150,150,150,73491,0,68,62.73055054399918,0.6939189997865469,172.87146500029849,140.0
1780246426,500,gRPC,gRPC/listar-playlists-musica,1034.200000,0.000000,94,96,100,100,110,110,130,130,150,150,150,73380,0,69,63.24183131370829,0.8477450001009856,174.43873100000928,268.0
1780246426,500,gRPC,gRPC/listar-playlists-usuario,1032.600000,0.000000,93,95,99,100,110,110,120,130,140,150,150,73567,0,69,63.21087434277599,0.8652000001347915,170.55266200031838,388.0
1780246426,500,gRPC,gRPC/listar-usuarios,1026.500000,0.000000,93,95,98,100,110,110,120,140,150,150,150,73814,0,69,62.96672603789245,0.9542010002405732,174.8083869997572,15097.0
1780246426,500,,Aggregated,5153.100000,0.000000,93,95,99,100,110,110,130,130,150,150,150,367920,0,69,63.10251578070905,0.6939189997865469,174.8083869997572,8068.200603392042
1780246427,500,gRPC,gRPC/listar-musicas,1027.400000,0.000000,93,95,98,100,110,110,120,130,140,150,150,74730,0,70,63.83297323030867,1.1764289997699962,174.06755399997564,24374.0
1780246427,500,gRPC,gRPC/listar-musicas-playlist,1034.800000,0.000000,92,94,97,100,110,110,130,130,150,150,150,74552,0,69,63.19787931548536,0.6939189997865469,172.87146500029849,140.0
1780246427,500,gRPC,gRPC/listar-playlists-musica,1032.400000,0.000000,93,95,98,100,110,110,120,130,150,150,150,74440,0,70,63.70620492984811,0.8477450001009856,174.43873100000928,268.0
1780246427,500,gRPC,gRPC/listar-playlists-usuario,1037.500000,0.000000,93,95,97,99,110,110,120,130,140,150,150,74620,0,70,63.66295657732528,0.8652000001347915,170.55266200031838,388.0
1780246427,500,gRPC,gRPC/listar-usuarios,1030.900000,0.000000,93,94,97,99,110,110,110,120,150,150,150,74858,0,70,63.407677349822265,0.9542010002405732,174.8083869997572,15097.0
1780246427,500,,Aggregated,5163.000000,0.000000,93,95,97,100,110,110,120,130,150,150,150,373200,0,70,63.56151665075167,0.6939189997865469,174.8083869997572,8067.8992658092175
1780246428,500,gRPC,gRPC/listar-musicas,1030.500000,0.000000,94,96,100,100,110,110,130,140,150,150,150,75740,0,71,64.34375285382875,1.1764289997699962,174.06755399997564,24374.0
1780246428,500,gRPC,gRPC/listar-musicas-playlist,1036.200000,0.000000,93,95,98,100,110,110,130,140,150,150,150,75553,0,70,63.66356659631084,0.6939189997865469,172.87146500029849,140.0
1780246428,500,gRPC,gRPC/listar-playlists-musica,1032.600000,0.000000,94,96,99,100,110,110,130,140,150,150,150,75440,0,71,64.19610016464593,0.8477450001009856,174.43873100000928,268.0
1780246428,500,gRPC,gRPC/listar-playlists-usuario,1035.200000,0.000000,93,95,98,100,110,110,120,130,150,150,150,75628,0,71,64.14749496551566,0.8652000001347915,170.55266200031838,388.0
1780246428,500,gRPC,gRPC/listar-usuarios,1030.600000,0.000000,93,95,98,100,110,110,120,130,150,150,150,75859,0,71,63.87522912459953,0.9542010002405732,174.8083869997572,15097.0
1780246428,500,,Aggregated,5165.100000,0.000000,93,95,98,100,110,110,130,140,150,150,150,378220,0,71,64.0452140025289,0.6939189997865469,174.8083869997572,8067.9738961451
1780246429,500,gRPC,gRPC/listar-musicas,1027.600000,0.000000,94,96,100,100,110,110,130,140,150,150,150,76815,0,72,64.7650443988151,1.1764289997699962,174.06755399997564,24374.0
1780246429,500,gRPC,gRPC/listar-musicas-playlist,1034.400000,0.000000,93,95,98,100,110,110,130,140,150,150,150,76583,0,71,64.06567613247165,0.6939189997865469,172.87146500029849,140.0
1780246429,500,gRPC,gRPC/listar-playlists-musica,1031.700000,0.000000,94,96,100,100,110,110,130,140,150,150,150,76521,0,72,64.63283173925959,0.8477450001009856,174.43873100000928,268.0
1780246429,500,gRPC,gRPC/listar-playlists-usuario,1029.800000,0.000000,93,95,98,100,110,110,120,130,150,150,150,76696,0,72,64.57171147925614,0.8652000001347915,170.55266200031838,388.0
1780246429,500,gRPC,gRPC/listar-usuarios,1034.500000,0.000000,93,95,98,100,110,110,120,130,150,150,150,76915,0,72,64.28950456280326,0.9542010002405732,174.8083869997572,15097.0
1780246429,500,,Aggregated,5158.000000,0.000000,93,95,98,100,110,110,130,140,150,150,150,383530,0,72,64.46498762894524,0.6939189997865469,174.8083869997572,8068.369778113837
1780246430,500,gRPC,gRPC/listar-musicas,1030.800000,0.000000,93,95,99,100,110,110,130,140,150,150,150,77871,0,72,65.16043654145938,1.1764289997699962,174.06755399997564,24374.0
1780246430,500,gRPC,gRPC/listar-musicas-playlist,1034.100000,0.000000,93,94,97,100,110,110,120,140,150,150,150,77644,0,72,64.46500777062097,0.6939189997865469,172.87146500029849,140.0
1780246430,500,gRPC,gRPC/listar-playlists-musica,1034.900000,0.000000,93,95,99,100,110,110,120,140,150,150,150,77564,0,73,65.02138541501064,0.8477450001009856,174.43873100000928,268.0
1780246430,500,gRPC,gRPC/listar-playlists-usuario,1033.400000,0.000000,93,95,98,100,110,110,120,130,150,150,150,77801,0,73,64.99511525336482,0.8652000001347915,170.55266200031838,388.0
1780246430,500,gRPC,gRPC/listar-usuarios,1037.800000,0.000000,93,95,97,100,110,110,120,130,150,150,150,77960,0,72,64.67708473474883,0.9542010002405732,174.8083869997572,15097.0
1780246430,500,,Aggregated,5171.000000,0.000000,93,95,98,100,110,110,120,140,150,150,150,388840,0,73,64.86384796661936,0.6939189997865469,174.8083869997572,8067.158661660323
1780246431,500,gRPC,gRPC/listar-musicas,1033.500000,0.000000,94,96,100,100,110,110,130,140,150,150,150,78885,0,73,65.5852471968434,1.1764289997699962,174.06755399997564,24374.0
1780246431,500,gRPC,gRPC/listar-musicas-playlist,1034.100000,0.000000,93,95,99,100,110,110,120,140,150,150,150,78681,0,73,64.91525170930831,0.6939189997865469,172.87146500029849,140.0
1780246431,500,gRPC,gRPC/listar-playlists-musica,1035.500000,0.000000,94,97,100,100,110,110,120,140,150,150,150,78568,0,74,65.45903117685171,0.8477450001009856,174.43873100000928,268.0
1780246431,500,gRPC,gRPC/listar-playlists-usuario,1029.400000,0.000000,93,96,99,100,110,110,120,130,150,150,150,78815,0,74,65.40957734909628,0.8652000001347915,170.55266200031838,388.0
1780246431,500,gRPC,gRPC/listar-usuarios,1032.500000,0.000000,93,95,99,100,110,110,120,130,150,150,150,79011,0,74,65.1152885519361,0.9542010002405732,174.8083869997572,15097.0
1780246431,500,,Aggregated,5165.000000,0.000000,93,96,100,100,110,110,120,140,150,150,150,393960,0,74,65.29686823259291,0.6939189997865469,174.8083869997572,8067.3769951264085
1780246432,500,gRPC,gRPC/listar-musicas,1037.400000,0.000000,93,95,98,100,110,110,120,120,150,150,150,79991,0,75,65.9556871523294,1.1764289997699962,174.06755399997564,24374.0
1780246432,500,gRPC,gRPC/listar-musicas-playlist,1033.700000,0.000000,92,94,97,99,110,110,120,120,150,150,150,79813,0,74,65.295413448136,0.6939189997865469,172.87146500029849,140.0
1780246432,500,gRPC,gRPC/listar-playlists-musica,1037.100000,0.000000,93,95,98,100,110,110,120,120,150,150,150,79667,0,75,65.83520382598658,0.8477450001009856,174.43873100000928,268.0
1780246432,500,gRPC,gRPC/listar-playlists-usuario,1031.000000,0.000000,93,94,97,99,110,110,120,120,150,150,150,79872,0,75,65.75821440640057,0.8652000001347915,170.55266200031838,388.0
1780246432,500,gRPC,gRPC/listar-usuarios,1032.800000,0.000000,93,94,96,99,100,110,110,120,140,150,150,80067,0,75,65.46227104818479,0.9542010002405732,174.8083869997572,15097.0
1780246432,500,,Aggregated,5172.000000,0.000000,93,95,97,100,110,110,120,120,150,150,150,399410,0,75,65.66131329918198,0.6939189997865469,174.8083869997572,8066.866240204301
1780246433,500,gRPC,gRPC/listar-musicas,1035.500000,0.000000,93,96,100,100,110,110,120,140,150,150,150,80983,0,76,66.36815965771804,1.1764289997699962,174.06755399997564,24374.0
1780246433,500,gRPC,gRPC/listar-musicas-playlist,1026.700000,0.000000,93,95,98,100,110,110,120,130,150,150,150,80804,0,76,65.71205247338077,0.6939189997865469,172.87146500029849,140.0
1780246433,500,gRPC,gRPC/listar-playlists-musica,1036.700000,0.000000,94,96,100,100,110,110,120,140,150,150,150,80645,0,76,66.25124447770959,0.8477450001009856,174.43873100000928,268.0
1780246433,500,gRPC,gRPC/listar-playlists-usuario,1031.000000,0.000000,93,95,99,100,110,110,120,130,150,150,150,80872,0,76,66.18059993608456,0.8652000001347915,170.55266200031838,388.0
1780246433,500,gRPC,gRPC/listar-usuarios,1033.100000,0.000000,93,95,98,100,110,110,130,130,150,150,150,81066,0,76,65.90758049242599,0.9542010002405732,174.8083869997572,15097.0
1780246433,500,,Aggregated,5163.000000,0.000000,93,95,99,100,110,110,120,130,150,150,150,404370,0,76,66.08388943481286,0.6939189997865469,174.8083869997572,8066.960457007196
1780246434,500,gRPC,gRPC/listar-musicas,1034.100000,0.000000,93,95,99,100,110,110,120,140,150,150,150,82053,0,77,66.72294207764499,1.1764289997699962,174.06755399997564,24374.0
1780246434,500,gRPC,gRPC/listar-musicas-playlist,1030.400000,0.000000,92,94,97,99,110,110,120,130,150,150,150,81866,0,76,66.06636123448146,0.6939189997865469,172.87146500029849,140.0
1780246434,500,gRPC,gRPC/listar-playlists-musica,1034.300000,0.000000,93,95,99,100,110,110,120,140,150,150,150,81742,0,77,66.6381201728351,0.8477450001009856,174.43873100000928,268.0
1780246434,500,gRPC,gRPC/listar-playlists-usuario,1036.200000,0.000000,93,95,98,100,110,110,120,130,150,150,150,81941,0,77,66.5413390414203,0.8652000001347915,170.55266200031838,388.0
1780246434,500,gRPC,gRPC/listar-usuarios,1034.000000,0.000000,93,94,97,100,110,110,130,130,150,150,150,82128,0,77,66.26330803996184,0.9542010002405732,174.8083869997572,15097.0
1780246434,500,,Aggregated,5169.000000,0.000000,93,95,98,100,110,110,120,130,150,150,150,409730,0,77,66.44638259191716,0.6939189997865469,174.8083869997572,8066.305718399922
1780246435,500,gRPC,gRPC/listar-musicas,1038.000000,0.000000,93,95,97,100,110,110,120,140,150,150,150,83078,0,78,67.07406283933192,1.1764289997699962,174.06755399997564,24374.0
1780246435,500,gRPC,gRPC/listar-musicas-playlist,1032.000000,0.000000,93,94,96,99,110,110,120,130,150,150,150,82915,0,78,66.42961035534054,0.6939189997865469,172.87146500029849,140.0
1780246435,500,gRPC,gRPC/listar-playlists-musica,1038.000000,0.000000,93,95,99,100,110,110,120,140,150,150,150,82815,0,78,67.02907151490525,0.8477450001009856,174.43873100000928,268.0
1780246435,500,gRPC,gRPC/listar-playlists-usuario,1041.700000,0.000000,93,95,98,100,110,110,120,130,150,150,150,83021,0,78,66.92103650796807,0.8652000001347915,170.55266200031838,388.0
1780246435,500,gRPC,gRPC/listar-usuarios,1039.300000,0.000000,93,94,97,99,110,110,130,130,150,150,150,83181,0,78,66.63472649484824,0.9542010002405732,174.8083869997572,15097.0
1780246435,500,,Aggregated,5189.000000,0.000000,93,94,97,100,110,110,120,130,150,150,150,415010,0,78,66.81766041585075,0.6939189997865469,174.8083869997572,8064.242782101636
1780246436,500,gRPC,gRPC/listar-musicas,1036.900000,0.000000,93,95,99,100,110,110,120,140,150,150,150,84119,0,79,67.4770736389166,1.1764289997699962,174.06755399997564,24374.0
1780246436,500,gRPC,gRPC/listar-musicas-playlist,1034.900000,0.000000,93,94,97,99,110,110,120,130,150,150,150,83923,0,79,66.80056636173697,0.6939189997865469,172.87146500029849,140.0
1780246436,500,gRPC,gRPC/listar-playlists-musica,1031.800000,0.000000,93,96,100,100,110,110,120,140,150,150,150,83826,0,79,67.40961669299364,0.8477450001009856,174.43873100000928,268.0
1780246436,500,gRPC,gRPC/listar-playlists-usuario,1036.600000,0.000000,93,95,99,100,110,110,120,130,150,150,150,84022,0,79,67.29329366683727,0.8652000001347915,170.55266200031838,388.0
1780246436,500,gRPC,gRPC/listar-usuarios,1038.800000,0.000000,93,94,98,100,110,110,130,130,150,150,150,84220,0,79,67.02020703359042,0.9542010002405732,174.8083869997572,15097.0
1780246436,500,,Aggregated,5179.000000,0.000000,93,95,98,100,110,110,120,130,150,150,150,420110,0,79,67.20012704758105,0.6939189997865469,174.8083869997572,8065.985027730832
1780246437,500,gRPC,gRPC/listar-musicas,1039.200000,0.000000,93,95,98,100,110,110,120,120,140,150,150,85144,0,80,67.82129019297939,1.1764289997699962,174.06755399997564,24374.0
1780246437,500,gRPC,gRPC/listar-musicas-playlist,1038.600000,0.000000,93,94,97,100,110,110,120,120,150,150,150,84960,0,80,67.15735622647158,0.6939189997865469,172.87146500029849,140.0
1780246437,500,gRPC,gRPC/listar-playlists-musica,1032.900000,0.000000,93,95,99,100,110,110,120,120,150,150,150,84871,0,80,67.76378304300522,0.8477450001009856,174.43873100000928,268.0
1780246437,500,gRPC,gRPC/listar-playlists-usuario,1035.000000,0.000000,93,95,99,100,110,110,110,120,150,150,150,85064,0,80,67.65351795468122,0.8652000001347915,170.55266200031838,388.0
1780246437,500,gRPC,gRPC/listar-usuarios,1038.300000,0.000000,93,95,98,100,110,110,120,130,150,150,150,85301,0,80,67.39524129851924,0.9542010002405732,174.8083869997572,15097.0
1780246437,500,,Aggregated,5184.000000,0.000000,93,95,98,100,110,110,120,120,150,150,150,425340,0,80,67.5582011499913,0.6939189997865469,174.8083869997572,8065.861929280105
1780246438,500,gRPC,gRPC/listar-musicas,1035.000000,0.000000,93,95,98,100,110,110,120,130,150,150,150,86157,0,81,68.19418519315941,1.1764289997699962,174.06755399997564,24374.0
1780246438,500,gRPC,gRPC/listar-musicas-playlist,1036.100000,0.000000,93,94,98,100,110,110,120,130,150,150,150,85991,0,80,67.5492008081315,0.6939189997865469,172.87146500029849,140.0
1780246438,500,gRPC,gRPC/listar-playlists-musica,1029.700000,0.000000,93,95,99,100,110,110,120,140,150,150,150,85872,0,81,68.12286794078261,0.8477450001009856,174.43873100000928,268.0
1780246438,500,gRPC,gRPC/listar-playlists-usuario,1033.400000,0.000000,93,95,99,100,110,110,120,130,150,150,150,86067,0,81,68.0110651132954,0.8652000001347915,170.55266200031838,388.0
1780246438,500,gRPC,gRPC/listar-usuarios,1034.300000,0.000000,93,95,98,100,110,110,130,130,150,150,150,86313,0,80,67.75226993034626,0.9542010002405732,174.8083869997572,15097.0
1780246438,500,,Aggregated,5168.500000,0.000000,93,95,98,100,110,110,120,130,150,150,150,430400,0,81,67.92585193260751,0.6939189997865469,174.8083869997572,8065.763269052045
1780246439,500,gRPC,gRPC/listar-musicas,1037.700000,0.000000,93,95,99,100,110,110,120,130,150,150,150,87221,0,82,68.51728602747083,1.1764289997699962,174.06755399997564,24374.0
1780246439,500,gRPC,gRPC/listar-musicas-playlist,1033.900000,0.000000,93,95,98,100,110,110,120,130,150,150,150,87032,0,81,67.86281959073727,0.6939189997865469,172.87146500029849,140.0
1780246439,500,gRPC,gRPC/listar-playlists-musica,1034.900000,0.000000,94,96,99,100,110,110,120,140,150,150,150,86940,0,82,68.44900431138595,0.8477450001009856,174.43873100000928,268.0
1780246439,500,gRPC,gRPC/listar-playlists-usuario,1035.900000,0.000000,93,95,99,100,110,110,120,130,150,150,150,87120,0,82,68.33643622194683,0.8652000001347915,170.55266200031838,388.0
1780246439,500,gRPC,gRPC/listar-usuarios,1029.600000,0.000000,93,95,98,100,110,110,130,130,150,150,150,87347,0,81,68.05976668868973,0.9542010002405732,174.8083869997572,15097.0
1780246439,500,,Aggregated,5172.000000,0.000000,93,95,99,100,110,110,120,130,150,150,150,435660,0,81,68.24502207838316,0.6939189997865469,174.8083869997572,8065.668808244962
1780246440,500,gRPC,gRPC/listar-musicas,1038.700000,0.000000,93,94,97,100,110,110,120,130,150,150,150,88316,0,83,68.83210441510062,1.1764289997699962,174.06755399997564,24374.0
1780246440,500,gRPC,gRPC/listar-musicas-playlist,1035.600000,0.000000,92,94,96,98,110,110,120,130,150,150,150,88097,0,82,68.16544996745691,0.6939189997865469,172.87146500029849,140.0
1780246440,500,gRPC,gRPC/listar-playlists-musica,1033.800000,0.000000,93,95,97,99,110,110,120,140,150,150,150,88021,0,83,68.75560918188714,0.8477450001009856,174.43873100000928,268.0
1780246440,500,gRPC,gRPC/listar-playlists-usuario,1036.300000,0.000000,93,94,97,100,110,110,120,130,150,150,150,88209,0,83,68.64237029398376,0.8652000001347915,170.55266200031838,388.0
1780246440,500,gRPC,gRPC/listar-usuarios,1029.600000,0.000000,93,94,96,98,110,110,130,130,150,150,150,88417,0,82,68.36046165774658,0.9542010002405732,174.8083869997572,15097.0
1780246440,500,,Aggregated,5174.000000,0.000000,93,94,96,99,110,110,120,130,150,150,150,441060,0,83,68.55118812579123,0.6939189997865469,174.8083869997572,8066.009007844737
1780246441,500,gRPC,gRPC/listar-musicas,1033.400000,0.000000,93,96,99,100,110,110,120,130,150,150,150,89315,0,84,69.18999392989998,1.1764289997699962,174.06755399997564,24374.0
1780246441,500,gRPC,gRPC/listar-musicas-playlist,1034.900000,0.000000,93,95,98,100,110,110,120,130,150,150,150,89078,0,83,68.52803626201795,0.6939189997865469,172.87146500029849,140.0
1780246441,500,gRPC,gRPC/listar-playlists-musica,1037.800000,0.000000,94,96,100,100,110,110,120,140,150,150,150,89021,0,84,69.13413807070097,0.8477450001009856,174.43873100000928,268.0
1780246441,500,gRPC,gRPC/listar-playlists-usuario,1035.100000,0.000000,93,96,100,100,110,110,120,130,150,150,150,89191,0,84,69.00439226068785,0.8652000001347915,170.55266200031838,388.0
1780246441,500,gRPC,gRPC/listar-usuarios,1031.800000,0.000000,93,95,99,100,110,110,130,130,150,150,150,89415,0,83,68.72692957919767,0.9542010002405732,174.8083869997572,15097.0
1780246441,500,,Aggregated,5173.000000,0.000000,93,95,99,100,110,110,120,130,150,150,150,446020,0,84,68.91669428643655,0.6939189997865469,174.8083869997572,8066.4470673960805
1780246442,500,gRPC,gRPC/listar-musicas,1030.600000,0.000000,93,95,98,100,110,110,120,120,140,150,150,90372,0,84,69.47838358756054,1.1764289997699962,174.06755399997564,24374.0
1780246442,500,gRPC,gRPC/listar-musicas-playlist,1037.200000,0.000000,93,94,97,100,110,110,120,120,140,140,140,90167,0,84,68.82774509590028,0.6939189997865469,172.87146500029849,140.0
1780246442,500,gRPC,gRPC/listar-playlists-musica,1034.900000,0.000000,93,95,98,100,110,110,120,120,140,150,150,90067,0,84,69.41766509040892,0.8477450001009856,174.43873100000928,268.0
1780246442,500,gRPC,gRPC/listar-playlists-usuario,1036.200000,0.000000,93,95,98,100,110,110,120,120,140,140,140,90313,0,84,69.31379154451767,0.8652000001347915,170.55266200031838,388.0
1780246442,500,gRPC,gRPC/listar-usuarios,1034.100000,0.000000,93,94,98,100,110,110,120,120,140,140,140,90491,0,84,69.0192538472221,0.9542010002405732,174.8083869997572,15097.0
1780246442,500,,Aggregated,5173.000000,0.000000,93,95,98,100,110,110,120,120,140,140,150,451410,0,84,69.21133863003583,0.6939189997865469,174.8083869997572,8065.112724574112
1780246443,500,gRPC,gRPC/listar-musicas,1027.600000,0.000000,93,95,99,100,110,110,120,140,150,150,150,91416,0,85,69.81807345313733,1.1764289997699962,174.06755399997564,24374.0
1780246443,500,gRPC,gRPC/listar-musicas-playlist,1034.800000,0.000000,93,95,98,100,110,110,120,130,150,150,150,91196,0,85,69.14317349253314,0.6939189997865469,172.87146500029849,140.0
1780246443,500,gRPC,gRPC/listar-playlists-musica,1031.500000,0.000000,93,95,98,100,110,110,120,130,140,150,150,91091,0,86,69.73717804901537,0.8477450001009856,174.43873100000928,268.0
1780246443,500,gRPC,gRPC/listar-playlists-usuario,1034.000000,0.000000,93,95,99,100,110,110,120,130,150,150,150,91316,0,85,69.61861721246053,0.8652000001347915,170.55266200031838,388.0
1780246443,500,gRPC,gRPC/listar-usuarios,1032.100000,0.000000,93,94,98,100,110,110,120,130,150,150,150,91521,0,85,69.3278280845049,0.9542010002405732,174.8083869997572,15097.0
1780246443,500,,Aggregated,5160.000000,0.000000,93,95,99,100,110,110,120,130,150,150,150,456540,0,85,69.52894585748315,0.6939189997865469,174.8083869997572,8066.054577912121
1780246444,500,gRPC,gRPC/listar-musicas,1027.300000,0.000000,94,96,100,100,110,120,120,140,150,150,150,92459,0,86,70.11251706082703,1.1764289997699962,174.06755399997564,24374.0
1780246444,500,gRPC,gRPC/listar-musicas-playlist,1031.600000,0.000000,93,95,99,100,110,110,120,130,150,150,150,92274,0,86,69.45099844092655,0.6939189997865469,172.87146500029849,140.0
1780246444,500,gRPC,gRPC/listar-playlists-musica,1030.700000,0.000000,93,96,99,100,110,120,120,130,140,150,150,92134,0,87,70.0343890436088,0.8477450001009856,174.43873100000928,268.0
1780246444,500,gRPC,gRPC/listar-playlists-usuario,1025.500000,0.000000,93,95,99,100,110,110,120,130,150,150,150,92369,0,86,69.90737018702214,0.8652000001347915,170.55266200031838,388.0
1780246444,500,gRPC,gRPC/listar-usuarios,1034.100000,0.000000,93,95,99,100,110,110,120,130,150,150,150,92554,0,86,69.61911275133424,0.9542010002405732,174.8083869997572,15097.0
1780246444,500,,Aggregated,5149.200000,0.000000,93,95,99,100,110,110,120,130,150,150,150,461790,0,86,69.82482142012877,0.6939189997865469,174.8083869997572,8064.992416466359
1780246445,500,gRPC,gRPC/listar-musicas,1032.500000,0.000000,93,95,97,100,110,110,120,140,150,150,150,93522,0,87,70.37915410797474,1.1764289997699962,174.06755399997564,24374.0
1780246445,500,gRPC,gRPC/listar-musicas-playlist,1038.700000,0.000000,93,94,97,100,110,110,120,130,150,150,150,93333,0,87,69.72379685450012,0.6939189997865469,172.87146500029849,140.0
1780246445,500,gRPC,gRPC/listar-playlists-musica,1036.200000,0.000000,93,95,97,99,110,110,120,130,140,150,150,93220,0,88,70.31370727607636,0.8477450001009856,174.43873100000928,268.0
1780246445,500,gRPC,gRPC/listar-playlists-usuario,1029.000000,0.000000,93,95,97,100,110,110,120,130,150,150,150,93435,0,87,70.18024351231392,0.8652000001347915,170.55266200031838,388.0
1780246445,500,gRPC,gRPC/listar-usuarios,1035.600000,0.000000,93,94,96,100,110,110,120,130,150,150,150,93620,0,87,69.89018215445404,0.9542010002405732,174.8083869997572,15097.0
1780246445,500,,Aggregated,5172.000000,0.000000,93,95,97,99,110,110,120,130,150,150,150,467130,0,87,70.09736921297333,0.6939189997865469,174.8083869997572,8064.5403378074625
1780246446,500,gRPC,gRPC/listar-musicas,1029.700000,0.000000,94,96,99,100,110,120,120,140,150,150,150,94521,0,88,70.70967675277471,1.1764289997699962,174.06755399997564,24374.0
1780246446,500,gRPC,gRPC/listar-musicas-playlist,1030.200000,0.000000,93,95,98,100,110,120,120,130,150,150,150,94316,0,87,70.04176824646986,0.6939189997865469,172.87146500029849,140.0
1780246446,500,gRPC,gRPC/listar-playlists-musica,1031.600000,0.000000,94,95,98,100,110,120,120,130,140,150,150,94218,0,88,70.64002503152095,0.8477450001009856,174.43873100000928,268.0
1780246446,500,gRPC,gRPC/listar-playlists-usuario,1029.400000,0.000000,93,95,98,100,110,120,120,130,150,150,150,94417,0,87,70.51599924880098,0.8652000001347915,170.55266200031838,388.0
1780246446,500,gRPC,gRPC/listar-usuarios,1031.000000,0.000000,93,95,98,100,110,110,120,130,150,150,150,94598,0,88,70.21148627431862,0.9542010002405732,174.8083869997572,15097.0
1780246446,500,,Aggregated,5151.900000,0.000000,93,95,98,100,110,120,120,130,150,150,150,472070,0,88,70.42376327314872,0.6939189997865469,174.8083869997572,8064.671171648272
1780246447,500,gRPC,gRPC/listar-musicas,1034.400000,0.000000,93,95,97,99,110,110,120,130,150,150,150,95568,0,88,70.957238983049,1.1764289997699962,174.06755399997564,24374.0
1780246447,500,gRPC,gRPC/listar-musicas-playlist,1026.600000,0.000000,93,94,97,99,110,110,120,120,150,150,150,95385,0,88,70.29768780795776,0.6939189997865469,172.87146500029849,140.0
1780246447,500,gRPC,gRPC/listar-playlists-musica,1034.700000,0.000000,93,95,97,99,110,110,120,120,140,150,150,95315,0,89,70.89880083917372,0.8477450001009856,174.43873100000928,268.0
1780246447,500,gRPC,gRPC/listar-playlists-usuario,1029.700000,0.000000,93,95,97,99,110,110,120,120,150,150,150,95511,0,88,70.76840931713664,0.8652000001347915,170.55266200031838,388.0
1780246447,500,gRPC,gRPC/listar-usuarios,1031.600000,0.000000,93,94,96,99,110,110,120,120,150,150,150,95681,0,88,70.46705246531697,0.9542010002405732,174.8083869997572,15097.0
1780246447,500,,Aggregated,5157.000000,0.000000,93,95,97,99,110,110,120,120,150,150,150,477460,0,88,70.6778058013305,0.6939189997865469,174.8083869997572,8063.140529049554
1780246448,500,gRPC,gRPC/listar-musicas,1033.300000,0.000000,93,95,98,100,110,120,120,140,150,150,150,96578,0,88,71.23433917878833,1.1764289997699962,174.06755399997564,24374.0
1780246448,500,gRPC,gRPC/listar-musicas-playlist,1026.300000,0.000000,93,95,97,99,110,110,120,130,150,150,150,96415,0,88,70.58306597598967,0.6939189997865469,172.87146500029849,140.0
1780246448,500,gRPC,gRPC/listar-playlists-musica,1033.300000,0.000000,93,95,97,99,110,120,120,140,140,150,150,96315,0,89,71.20482334212585,0.8477450001009856,174.43873100000928,268.0
1780246448,500,gRPC,gRPC/listar-playlists-usuario,1027.400000,0.000000,93,95,97,100,110,120,120,130,150,150,150,96521,0,88,71.06294649660748,0.8652000001347915,170.55266200031838,388.0
1780246448,500,gRPC,gRPC/listar-usuarios,1030.700000,0.000000,93,94,97,100,110,110,120,130,150,150,150,96681,0,88,70.7485018812486,0.9542010002405732,174.8083869997572,15097.0
1780246448,500,,Aggregated,5151.000000,0.000000,93,95,97,100,110,120,120,130,150,150,150,482510,0,88,70.96667725987282,0.6939189997865469,174.8083869997572,8062.725947648753
1780246449,500,gRPC,gRPC/listar-musicas,1033.600000,0.000000,94,96,98,100,110,120,120,140,150,150,150,97630,0,89,71.50503056010461,1.1764289997699962,174.06755399997564,24374.0
1780246449,500,gRPC,gRPC/listar-musicas-playlist,1030.400000,0.000000,93,95,98,100,110,110,120,130,150,150,150,97445,0,88,70.8424618954595,0.6939189997865469,172.87146500029849,140.0
1780246449,500,gRPC,gRPC/listar-playlists-musica,1032.300000,0.000000,94,95,98,100,110,120,120,140,140,150,150,97369,0,89,71.4747947476183,0.8477450001009856,174.43873100000928,268.0
1780246449,500,gRPC,gRPC/listar-playlists-usuario,1030.400000,0.000000,93,95,98,100,110,120,120,130,150,150,150,97553,0,89,71.31518607368355,0.8652000001347915,170.55266200031838,388.0
1780246449,500,gRPC,gRPC/listar-usuarios,1034.100000,0.000000,93,95,97,100,110,120,120,130,150,150,150,97753,0,88,71.01700213735643,0.9542010002405732,174.8083869997572,15097.0
1780246449,500,,Aggregated,5160.800000,0.000000,93,95,98,100,110,120,120,130,150,150,150,487750,0,89,71.23084465350355,0.6939189997865469,174.8083869997572,8063.553904664274
1780246450,500,gRPC,gRPC/listar-musicas,1037.400000,0.000000,93,95,97,99,110,110,120,140,150,150,150,98709,0,89,71.75450908614243,1.1764289997699962,174.06755399997564,24374.0
1780246450,500,gRPC,gRPC/listar-musicas-playlist,1036.500000,0.000000,93,94,96,98,110,110,120,130,150,150,150,98521,0,88,71.09734333307685,0.6939189997865469,172.87146500029849,140.0
1780246450,500,gRPC,gRPC/listar-playlists-musica,1036.900000,0.000000,93,95,97,98,110,110,120,140,140,150,150,98417,0,89,71.71769763107832,0.8477450001009856,174.43873100000928,268.0
1780246450,500,gRPC,gRPC/listar-playlists-usuario,1039.800000,0.000000,93,94,96,98,110,120,120,130,150,150,150,98597,0,89,71.55054488269468,0.8652000001347915,170.55266200031838,388.0
1780246450,500,gRPC,gRPC/listar-usuarios,1042.400000,0.000000,93,94,96,98,110,110,120,130,150,150,150,98816,0,89,71.25748932719384,0.9542010002405732,174.8083869997572,15097.0
1780246450,500,,Aggregated,5193.000000,0.000000,93,95,97,98,110,110,120,130,150,150,150,493060,0,89,71.47545326494836,0.6939189997865469,174.8083869997572,8064.297752808989
1780246451,500,gRPC,gRPC/listar-musicas,1033.100000,0.000000,94,96,98,100,110,120,120,140,150,150,150,99720,0,89,72.03325229391328,1.1764289997699962,174.06755399997564,24374.0
1780246451,500,gRPC,gRPC/listar-musicas-playlist,1031.000000,0.000000,93,95,97,99,110,120,120,130,150,150,150,99522,0,89,71.37646041506451,0.6939189997865469,172.87146500029849,140.0
1780246451,500,gRPC,gRPC/listar-playlists-musica,1026.700000,0.000000,94,95,98,99,110,120,120,140,140,150,150,99423,0,89,72.00708583826516,0.8477450001009856,174.43873100000928,268.0
1780246451,500,gRPC,gRPC/listar-playlists-usuario,1035.500000,0.000000,93,95,97,99,110,120,120,130,150,150,150,99599,0,89,71.82635162700468,0.8652000001347915,170.55266200031838,388.0
1780246451,500,gRPC,gRPC/listar-usuarios,1036.200000,0.000000,93,95,97,99,110,120,120,130,150,150,150,99816,0,89,71.55179314353396,0.9542010002405732,174.8083869997572,15097.0
1780246451,500,,Aggregated,5162.500000,0.000000,93,95,98,99,110,120,120,130,150,150,150,498080,0,89,71.75893649130391,0.6939189997865469,174.8083869997572,8064.407902345005
1780246452,500,gRPC,gRPC/listar-musicas,1032.100000,0.000000,94,96,98,99,110,120,120,140,150,150,150,100807,0,89,72.26891557593244,1.1764289997699962,174.06755399997564,24374.0
1780246452,500,gRPC,gRPC/listar-musicas-playlist,1030.300000,0.000000,93,95,97,99,110,110,120,130,150,150,150,100567,0,89,71.60277376782685,0.6939189997865469,172.87146500029849,140.0
1780246452,500,gRPC,gRPC/listar-playlists-musica,1028.800000,0.000000,94,96,98,100,110,120,120,140,140,150,150,100491,0,90,72.24914803202124,0.8477450001009856,174.43873100000928,268.0
1780246452,500,gRPC,gRPC/listar-playlists-usuario,1033.600000,0.000000,93,95,98,100,110,120,120,130,150,150,150,100653,0,89,72.06003855578115,0.8652000001347915,170.55266200031838,388.0
1780246452,500,gRPC,gRPC/listar-usuarios,1033.200000,0.000000,93,95,97,100,110,120,120,130,150,150,150,100872,0,89,71.78380863683662,0.9542010002405732,174.8083869997572,15097.0
1780246452,500,,Aggregated,5158.000000,0.000000,93,96,98,99,110,120,120,130,150,150,150,503390,0,89,71.99291456411235,0.6939189997865469,174.8083869997572,8065.314634776218
1780246453,500,gRPC,gRPC/listar-musicas,1038.600000,0.000000,94,95,97,99,100,110,120,120,140,140,140,101858,0,89,72.48406253065073,1.1764289997699962,174.06755399997564,24374.0
1780246453,500,gRPC,gRPC/listar-musicas-playlist,1038.700000,0.000000,93,94,96,98,100,110,120,120,140,140,140,101620,0,89,71.81918634016967,0.6939189997865469,172.87146500029849,140.0
1780246453,500,gRPC,gRPC/listar-playlists-musica,1032.900000,0.000000,94,95,97,99,110,110,120,130,140,140,140,101545,0,90,72.46271755669741,0.8477450001009856,174.43873100000928,268.0
1780246453,500,gRPC,gRPC/listar-playlists-usuario,1035.000000,0.000000,93,95,97,99,110,110,120,120,140,140,140,101727,0,89,72.28072082346905,0.8652000001347915,170.55266200031838,388.0
1780246453,500,gRPC,gRPC/listar-usuarios,1035.800000,0.000000,93,95,97,98,100,110,120,130,140,140,140,101940,0,89,72.00363140909344,0.9542010002405732,174.8083869997572,15097.0
1780246453,500,,Aggregated,5181.000000,0.000000,93,95,97,98,110,110,120,120,140,140,140,508690,0,89,72.21003967933787,0.6939189997865469,174.8083869997572,8065.00227643555
1780246454,500,gRPC,gRPC/listar-musicas,1037.700000,0.000000,94,96,98,100,110,110,120,130,160,160,160,102857,0,90,72.76997042556187,1.1764289997699962,174.06755399997564,24374.0
1780246454,500,gRPC,gRPC/listar-musicas-playlist,1035.500000,0.000000,93,95,97,99,110,120,130,140,160,160,160,102620,0,89,72.12628534570302,0.6939189997865469,172.87146500029849,140.0
1780246454,500,gRPC,gRPC/listar-playlists-musica,1031.000000,0.000000,94,96,98,100,110,120,120,140,160,160,160,102542,0,90,72.74353107411423,0.8477450001009856,174.43873100000928,268.0
1780246454,500,gRPC,gRPC/listar-playlists-usuario,1035.900000,0.000000,93,95,98,100,110,120,120,130,150,160,160,102721,0,89,72.56517132787876,0.8652000001347915,170.55266200031838,388.0
1780246454,500,gRPC,gRPC/listar-usuarios,1027.700000,0.000000,93,95,97,99,110,120,130,140,160,160,160,102940,0,89,72.28524467331444,0.9542010002405732,174.8083869997572,15097.0
1780246454,500,,Aggregated,5167.800000,0.000000,93,95,98,100,110,120,130,140,160,160,160,513680,0,89,72.49800939160991,0.6939189997865469,174.8083869997572,8064.992800965581
1780246455,500,gRPC,gRPC/listar-musicas,1037.100000,0.000000,93,95,97,98,100,110,120,130,160,160,160,103917,0,90,72.97352862450809,1.1764289997699962,174.06755399997564,24374.0
1780246455,500,gRPC,gRPC/listar-musicas-playlist,1035.100000,0.000000,93,94,96,97,100,110,130,140,160,160,160,103718,0,89,72.33892368927327,0.6939189997865469,172.87146500029849,140.0
1780246455,500,gRPC,gRPC/listar-playlists-musica,1038.800000,0.000000,93,95,97,98,110,110,120,140,160,160,160,103598,0,90,72.95042610032822,0.8477450001009856,174.43873100000928,268.0
1780246455,500,gRPC,gRPC/listar-playlists-usuario,1040.000000,0.000000,93,95,97,98,100,110,120,130,150,160,160,103816,0,89,72.77989127995713,0.8652000001347915,170.55266200031838,388.0
1780246455,500,gRPC,gRPC/listar-usuarios,1033.000000,0.000000,93,94,96,98,100,110,130,140,160,160,160,104021,0,89,72.49386255338815,0.9542010002405732,174.8083869997572,15097.0
1780246455,500,,Aggregated,5184.000000,0.000000,93,95,97,98,100,110,120,140,160,160,160,519070,0,89,72.70726139866525,0.6939189997865469,174.8083869997572,8064.121191746778
1780246456,500,gRPC,gRPC/listar-musicas,1033.300000,0.000000,94,96,98,99,110,120,120,130,160,160,160,104905,0,90,73.24003508751747,1.1764289997699962,174.06755399997564,24374.0
1780246456,500,gRPC,gRPC/listar-musicas-playlist,1034.400000,0.000000,93,95,97,99,110,120,130,140,160,160,160,104681,0,89,72.60744638383315,0.6939189997865469,172.87146500029849,140.0
1780246456,500,gRPC,gRPC/listar-playlists-musica,1030.700000,0.000000,94,96,98,100,110,120,130,140,160,160,160,104578,0,90,73.21749251058351,0.8477450001009856,174.43873100000928,268.0
1780246456,500,gRPC,gRPC/listar-playlists-usuario,1032.100000,0.000000,93,96,98,100,110,120,130,130,150,160,160,104815,0,89,73.06032506747161,0.8652000001347915,170.55266200031838,388.0
1780246456,500,gRPC,gRPC/listar-usuarios,1029.600000,0.000000,93,95,97,99,110,120,130,140,160,160,160,105021,0,89,72.75635364133836,0.9542010002405732,174.8083869997572,15097.0
1780246456,500,,Aggregated,5160.100000,0.000000,93,95,98,99,110,120,130,140,160,160,160,524000,0,90,72.97627460925237,0.6939189997865469,174.8083869997572,8064.517120229008
1780246457,500,gRPC,gRPC/listar-musicas,1029.500000,0.000000,93,95,98,99,110,120,120,130,160,160,160,105983,0,90,73.44590377854976,1.1764289997699962,174.06755399997564,24374.0
1780246457,500,gRPC,gRPC/listar-musicas-playlist,1035.600000,0.000000,93,95,97,99,110,120,130,140,160,160,160,105804,0,89,72.82458217987994,0.6939189997865469,172.87146500029849,140.0
1780246457,500,gRPC,gRPC/listar-playlists-musica,1033.500000,0.000000,94,96,98,99,110,120,130,140,160,160,160,105645,0,90,73.42246525475718,0.8477450001009856,174.43873100000928,268.0
1780246457,500,gRPC,gRPC/listar-playlists-usuario,1035.400000,0.000000,93,95,98,99,110,120,130,130,150,160,160,105872,0,90,73.2586569518478,0.8652000001347915,170.55266200031838,388.0
1780246457,500,gRPC,gRPC/listar-usuarios,1034.000000,0.000000,93,95,97,99,110,120,130,140,160,160,160,106066,0,89,72.95241717631475,0.9542010002405732,174.8083869997572,15097.0
1780246457,500,,Aggregated,5168.000000,0.000000,93,95,97,99,110,120,130,140,160,160,160,529370,0,90,73.18071908870998,0.6939189997865469,174.8083869997572,8063.758429831687
1780246458,500,gRPC,gRPC/listar-musicas,1031.700000,0.000000,93,95,97,98,100,110,120,130,160,160,160,107052,0,90,73.66346246969715,1.1764289997699962,174.06755399997564,24374.0
1780246458,500,gRPC,gRPC/listar-musicas-playlist,1037.600000,0.000000,93,94,96,98,110,120,120,140,160,160,160,106858,0,89,73.03969820302659,0.6939189997865469,172.87146500029849,140.0
1780246458,500,gRPC,gRPC/listar-playlists-musica,1037.000000,0.000000,93,95,97,98,110,120,120,130,160,160,160,106730,0,90,73.66197578898957,0.8477450001009856,174.43873100000928,268.0
1780246458,500,gRPC,gRPC/listar-playlists-usuario,1038.800000,0.000000,93,95,97,98,110,120,120,130,150,160,160,106940,0,90,73.47916826646724,0.8652000001347915,170.55266200031838,388.0
1780246458,500,gRPC,gRPC/listar-usuarios,1035.000000,0.000000,93,94,96,98,100,110,120,130,160,160,160,107120,0,90,73.16269585333248,0.9542010002405732,174.8083869997572,15097.0
1780246458,500,,Aggregated,5180.100000,0.000000,93,95,97,98,110,120,120,130,160,160,160,534700,0,90,73.40132778206359,0.6939189997865469,174.8083869997572,8063.460946325042
1780246459,500,gRPC,gRPC/listar-musicas,1028.300000,0.000000,93,95,97,99,110,120,130,140,160,160,160,108052,0,90,73.9165049080539,1.1764289997699962,174.06755399997564,24374.0
1780246459,500,gRPC,gRPC/listar-musicas-playlist,1034.000000,0.000000,93,94,97,98,110,120,130,140,160,160,160,107858,0,89,73.28736357271617,0.6939189997865469,172.87146500029849,140.0
1780246459,500,gRPC,gRPC/listar-playlists-musica,1032.800000,0.000000,94,96,98,100,110,120,120,140,160,160,160,107730,0,90,73.90919026112381,0.8477450001009856,174.43873100000928,268.0
1780246459,500,gRPC,gRPC/listar-playlists-usuario,1032.700000,0.000000,93,95,98,99,110,120,120,130,150,160,160,107940,0,90,73.71424365689269,0.8652000001347915,170.55266200031838,388.0
1780246459,500,gRPC,gRPC/listar-usuarios,1036.100000,0.000000,93,95,97,99,110,120,130,140,160,160,160,108120,0,90,73.41517539497767,0.9542010002405732,174.8083869997572,15097.0
1780246459,500,,Aggregated,5163.900000,0.000000,93,95,97,99,110,120,130,140,160,160,160,539700,0,90,73.64842679157377,0.6939189997865469,174.8083869997572,8063.367737632017
1780246460,500,gRPC,gRPC/listar-musicas,1030.100000,0.000000,93,95,97,98,110,120,130,140,160,160,160,109091,0,90,74.10300417886033,1.1764289997699962,174.06755399997564,24374.0
1780246460,500,gRPC,gRPC/listar-musicas-playlist,1034.000000,0.000000,93,94,96,98,110,120,130,140,160,160,160,108916,0,90,73.4803700544182,0.6939189997865469,172.87146500029849,140.0
1780246460,500,gRPC,gRPC/listar-playlists-musica,1033.700000,0.000000,93,96,97,99,110,120,120,140,160,160,160,108816,0,90,74.11274906600023,0.8477450001009856,174.43873100000928,268.0
1780246460,500,gRPC,gRPC/listar-playlists-usuario,1026.800000,0.000000,93,95,97,98,110,120,120,130,150,160,160,109021,0,90,73.91151311169415,0.8652000001347915,170.55266200031838,388.0
1780246460,500,gRPC,gRPC/listar-usuarios,1029.400000,0.000000,93,94,96,98,110,120,130,140,160,160,160,109196,0,90,73.61540284090985,0.9542010002405732,174.8083869997572,15097.0
1780246460,500,,Aggregated,5154.000000,0.000000,93,95,97,98,110,120,130,140,160,160,160,545040,0,90,73.84453675997233,0.6939189997865469,174.8083869997572,8062.21033685601
1780246461,500,gRPC,gRPC/listar-musicas,1029.600000,0.000000,93,95,97,99,110,120,130,140,160,160,160,110083,0,90,74.3280059983289,1.1764289997699962,174.06755399997564,24374.0
1780246461,500,gRPC,gRPC/listar-musicas-playlist,1034.000000,0.000000,93,94,97,98,110,120,130,140,160,160,160,109915,0,90,73.69836915625733,0.6939189997865469,172.87146500029849,140.0
1780246461,500,gRPC,gRPC/listar-playlists-musica,1032.700000,0.000000,94,96,98,99,110,120,120,140,160,160,160,109815,0,90,74.33652140416963,0.8477450001009856,174.43873100000928,268.0
1780246461,500,gRPC,gRPC/listar-playlists-usuario,1025.400000,0.000000,93,95,97,99,110,120,120,130,150,160,160,110021,0,90,74.13675200220865,0.8652000001347915,170.55266200031838,388.0
1780246461,500,gRPC,gRPC/listar-usuarios,1031.900000,0.000000,93,94,97,98,110,120,130,140,160,160,160,110196,0,90,73.83909023768554,0.9542010002405732,174.8083869997572,15097.0
1780246461,500,,Aggregated,5153.600000,0.000000,93,95,97,99,110,120,130,140,160,160,160,550030,0,90,74.06767486862603,0.6939189997865469,174.8083869997572,8061.9215715506425
1780246462,500,gRPC,gRPC/listar-musicas,1034.100000,0.000000,93,95,98,100,110,120,130,140,160,160,160,111134,0,90,74.55008199193797,1.1764289997699962,174.06755399997564,24374.0
1780246462,500,gRPC,gRPC/listar-musicas-playlist,1031.200000,0.000000,93,95,97,99,110,120,130,140,160,160,160,110960,0,90,73.90989905025253,0.6939189997865469,172.87146500029849,140.0
1780246462,500,gRPC,gRPC/listar-playlists-musica,1033.200000,0.000000,94,96,98,100,110,120,130,140,160,160,160,110869,0,90,74.54998484336369,0.8477450001009856,174.43873100000928,268.0
1780246462,500,gRPC,gRPC/listar-playlists-usuario,1026.800000,0.000000,93,95,98,99,110,120,130,130,150,160,160,111054,0,90,74.3332957425846,0.8652000001347915,170.55266200031838,388.0
1780246462,500,gRPC,gRPC/listar-usuarios,1031.600000,0.000000,93,95,97,99,110,120,130,140,160,160,160,111283,0,90,74.0633786849203,0.9542010002405732,174.8083869997572,15097.0
1780246462,500,,Aggregated,5156.900000,0.000000,93,95,98,100,110,120,130,140,160,160,160,555300,0,90,74.2812502717422,0.6939189997865469,174.8083869997572,8062.589250855393
1780246463,500,gRPC,gRPC/listar-musicas,1033.800000,0.000000,93,95,97,99,110,120,120,130,150,150,150,112237,0,90,74.74633990654632,1.1764289997699962,174.06755399997564,24374.0
1780246463,500,gRPC,gRPC/listar-musicas-playlist,1026.500000,0.000000,93,94,96,98,110,120,120,130,150,150,150,112053,0,90,74.0971506583672,0.6939189997865469,172.87146500029849,140.0
1780246463,500,gRPC,gRPC/listar-playlists-musica,1034.700000,0.000000,93,95,97,99,110,120,120,130,150,150,150,111940,0,91,74.73254000895918,0.8477450001009856,174.43873100000928,268.0
1780246463,500,gRPC,gRPC/listar-playlists-usuario,1031.000000,0.000000,93,95,97,98,110,120,120,130,140,150,150,112121,0,90,74.51274067674198,0.8652000001347915,170.55266200031838,388.0
1780246463,500,gRPC,gRPC/listar-usuarios,1032.100000,0.000000,93,94,96,98,110,120,120,130,140,150,150,112359,0,90,74.24386158888903,0.9542010002405732,174.8083869997572,15097.0
1780246463,500,,Aggregated,5158.100000,0.000000,93,95,97,98,110,120,120,130,140,150,150,560710,0,90,74.46644886857655,0.6939189997865469,174.8083869997572,8063.239016603949
1780246464,500,gRPC,gRPC/listar-musicas,1029.400000,0.000000,94,96,99,100,110,120,130,130,150,150,150,113221,0,90,74.96886996254267,1.1764289997699962,174.06755399997564,24374.0
1780246464,500,gRPC,gRPC/listar-musicas-playlist,1025.300000,0.000000,93,95,97,100,110,120,120,130,150,150,150,113042,0,90,74.32522116863673,0.6939189997865469,172.87146500029849,140.0
1780246464,500,gRPC,gRPC/listar-playlists-musica,1034.000000,0.000000,94,96,99,100,110,120,130,140,150,150,150,112940,0,91,74.97624221823868,0.8477450001009856,174.43873100000928,268.0
1780246464,500,gRPC,gRPC/listar-playlists-usuario,1026.600000,0.000000,93,95,98,100,110,120,120,130,140,150,150,113120,0,90,74.75030528421148,0.8652000001347915,170.55266200031838,388.0
1780246464,500,gRPC,gRPC/listar-usuarios,1031.700000,0.000000,93,95,97,99,110,120,130,130,150,150,150,113357,0,90,74.46794576594256,0.9542010002405732,174.8083869997572,15097.0
1780246464,500,,Aggregated,5147.000000,0.000000,93,95,98,100,110,120,130,130,150,150,150,565680,0,90,74.69763176255559,0.6939189997865469,174.8083869997572,8062.8334800593975
1780246465,500,gRPC,gRPC/listar-musicas,1030.200000,0.000000,93,95,98,100,110,120,130,130,150,150,150,114316,0,90,75.14305727725795,1.1764289997699962,174.06755399997564,24374.0
1780246465,500,gRPC,gRPC/listar-musicas-playlist,1026.100000,0.000000,93,94,96,98,110,120,120,130,150,150,150,114098,0,90,74.49150904925644,0.6939189997865469,172.87146500029849,140.0
1780246465,500,gRPC,gRPC/listar-playlists-musica,1025.000000,0.000000,93,95,98,100,110,120,120,140,150,150,150,114021,0,91,75.14990601575089,0.8477450001009856,174.43873100000928,268.0
1780246465,500,gRPC,gRPC/listar-playlists-usuario,1027.600000,0.000000,93,95,97,99,110,110,120,130,140,150,150,114218,0,90,74.92501846862106,0.8652000001347915,170.55266200031838,388.0
1780246465,500,gRPC,gRPC/listar-usuarios,1031.200000,0.000000,93,94,97,98,110,120,130,130,150,150,150,114417,0,90,74.6353413713081,0.9542010002405732,174.8083869997572,15097.0
1780246465,500,,Aggregated,5140.100000,0.000000,93,95,97,99,110,120,120,130,150,150,150,571070,0,90,74.86891446260721,0.6939189997865469,174.8083869997572,8063.003773617946
1780246466,500,gRPC,gRPC/listar-musicas,1031.600000,0.000000,93,95,99,100,110,120,130,130,150,150,150,115326,0,90,75.34970931843667,1.1764289997699962,174.06755399997564,24374.0
1780246466,500,gRPC,gRPC/listar-musicas-playlist,1026.600000,0.000000,93,95,97,100,110,120,120,130,150,150,150,115109,0,90,74.70809018139379,0.6939189997865469,172.87146500029849,140.0
1780246466,500,gRPC,gRPC/listar-playlists-musica,1031.200000,0.000000,94,96,99,100,110,120,120,140,150,150,150,115022,0,91,75.36384899666935,0.8477450001009856,174.43873100000928,268.0
1780246466,500,gRPC,gRPC/listar-playlists-usuario,1031.300000,0.000000,93,95,98,100,110,110,120,130,140,150,150,115220,0,90,75.12942812873595,0.8652000001347915,170.55266200031838,388.0
1780246466,500,gRPC,gRPC/listar-usuarios,1032.300000,0.000000,93,95,98,100,110,120,130,130,150,150,150,115423,0,90,74.84505918736274,0.9542010002405732,174.8083869997572,15097.0
1780246466,500,,Aggregated,5153.100000,0.000000,93,95,98,100,110,120,120,130,150,150,150,576100,0,90,75.07916810348787,0.6939189997865469,174.8083869997572,8063.085351501475
1780246467,500,gRPC,gRPC/listar-musicas,1031.400000,0.000000,94,96,98,100,110,120,130,130,150,150,150,116371,0,91,75.53429636346712,1.1764289997699962,174.06755399997564,24374.0
1780246467,500,gRPC,gRPC/listar-musicas-playlist,1029.700000,0.000000,93,95,97,100,110,120,120,130,150,150,150,116145,0,90,74.89565052573118,0.6939189997865469,172.87146500029849,140.0
1780246467,500,gRPC,gRPC/listar-playlists-musica,1028.500000,0.000000,94,96,98,100,110,120,120,140,150,150,150,116064,0,91,75.54787915157083,0.8477450001009856,174.43873100000928,268.0
1780246467,500,gRPC,gRPC/listar-playlists-usuario,1030.400000,0.000000,93,95,97,100,110,110,120,130,140,150,150,116303,0,90,75.3244248537612,0.8652000001347915,170.55266200031838,388.0
1780246467,500,gRPC,gRPC/listar-usuarios,1030.200000,0.000000,93,95,97,100,110,120,130,130,150,150,150,116477,0,90,75.03051208715878,0.9542010002405732,174.8083869997572,15097.0
1780246467,500,,Aggregated,5150.200000,0.000000,93,95,98,100,110,120,130,130,150,150,150,581360,0,90,75.2664984147778,0.6939189997865469,174.8083869997572,8062.768403398926
1780246468,500,gRPC,gRPC/listar-musicas,1033.900000,0.000000,93,96,98,100,110,120,120,130,140,140,140,117440,0,91,75.71360804697731,1.1764289997699962,174.06755399997564,24374.0
1780246468,500,gRPC,gRPC/listar-musicas-playlist,1033.400000,0.000000,93,95,97,100,110,110,120,130,140,140,140,117221,0,90,75.08338185682656,0.6939189997865469,172.87146500029849,140.0
1780246468,500,gRPC,gRPC/listar-playlists-musica,1028.700000,0.000000,93,95,97,99,110,110,120,130,140,140,140,117120,0,91,75.72252562419688,0.8477450001009856,174.43873100000928,268.0
1780246468,500,gRPC,gRPC/listar-playlists-usuario,1033.600000,0.000000,93,95,97,100,110,110,120,130,140,140,140,117347,0,90,75.49124424509354,0.8652000001347915,170.55266200031838,388.0
1780246468,500,gRPC,gRPC/listar-usuarios,1033.300000,0.000000,93,95,97,99,110,110,120,130,150,150,150,117532,0,90,75.21035328768316,0.9542010002405732,174.8083869997572,15097.0
1780246468,500,,Aggregated,5162.900000,0.000000,93,95,97,100,110,110,120,130,140,150,150,586660,0,90,75.44416138107088,0.6939189997865469,174.8083869997572,8062.920430913988
1780246469,500,gRPC,gRPC/listar-musicas,1031.900000,0.000000,94,96,100,100,110,120,120,130,140,140,140,118423,0,91,75.92718602956342,1.1764289997699962,174.06755399997564,24374.0
1780246469,500,gRPC,gRPC/listar-musicas-playlist,1033.100000,0.000000,93,95,99,100,110,120,120,130,140,140,140,118220,0,90,75.30103571270558,0.6939189997865469,172.87146500029849,140.0
1780246469,500,gRPC,gRPC/listar-playlists-musica,1026.300000,0.000000,94,96,99,100,110,120,130,130,140,140,140,118109,0,91,75.93616140113747,0.8477450001009856,174.43873100000928,268.0
1780246469,500,gRPC,gRPC/listar-playlists-usuario,1031.700000,0.000000,93,95,99,100,110,120,130,130,140,140,140,118326,0,90,75.71661486461149,0.8652000001347915,170.55266200031838,388.0
1780246469,500,gRPC,gRPC/listar-usuarios,1025.300000,0.000000,93,95,99,100,110,120,130,130,150,150,150,118522,0,90,75.42760796515397,0.9542010002405732,174.8083869997572,15097.0
1780246469,500,,Aggregated,5148.300000,0.000000,93,96,99,100,110,120,130,130,140,150,150,591600,0,90,75.66165111862414,0.6939189997865469,174.8083869997572,8062.683123732251
1780246470,500,gRPC,gRPC/listar-musicas,1032.600000,0.000000,94,96,99,100,110,120,120,130,140,140,140,119491,0,91,76.0956328782249,1.1764289997699962,174.06755399997564,24374.0
1780246470,500,gRPC,gRPC/listar-musicas-playlist,1030.500000,0.000000,93,95,99,100,110,120,120,130,140,140,140,119313,0,90,75.47004386039299,0.6939189997865469,172.87146500029849,140.0
1780246470,500,gRPC,gRPC/listar-playlists-musica,1030.500000,0.000000,94,96,99,100,110,120,130,130,140,140,140,119167,0,91,76.10474321751786,0.8477450001009856,174.43873100000928,268.0
1780246470,500,gRPC,gRPC/listar-playlists-usuario,1034.000000,0.000000,93,95,99,100,110,120,130,130,140,140,140,119372,0,90,75.88031216554157,0.8652000001347915,170.55266200031838,388.0
1780246470,500,gRPC,gRPC/listar-usuarios,1030.400000,0.000000,93,95,99,100,110,110,130,130,150,150,150,119567,0,90,75.58781391884003,0.9542010002405732,174.8083869997572,15097.0
1780246470,500,,Aggregated,5158.000000,0.000000,93,95,99,100,110,120,130,130,140,150,150,596910,0,90,75.82762446102093,0.6939189997865469,174.8083869997572,8062.410656547889
