Timestamp,User Count,Type,Name,Requests/s,Failures/s,50%,66%,75%,80%,90%,95%,98%,99%,99.9%,99.99%,100%,Total Request Count,Total Failure Count,Total Median Response Time,Total Average Response Time,Total Min Response Time,Total Max Response Time,Total Average Content Size
1780245632,0,,Aggregated,0.000000,0.000000,N/A,N/A,N/A,N/A,N/A,N/A,N/A,N/A,N/A,N/A,N/A,0,0,0,0.0,0,0,0
1780245633,10,POST,GraphQL/listar-musicas,0.000000,0.000000,0,0,0,0,0,0,0,0,0,0,0,358,0,5,5.351907262582997,2.728298999954859,13.669065999692975,50908.0
1780245633,10,POST,GraphQL/listar-musicas-playlist,0.000000,0.000000,0,0,0,0,0,0,0,0,0,0,0,353,0,4,3.9685535920805335,1.5012320000096224,14.034963000085554,327.0
1780245633,10,POST,GraphQL/listar-playlists-musica,0.000000,0.000000,0,0,0,0,0,0,0,0,0,0,0,350,0,4,3.959246857137779,1.65402799984804,9.447671999623708,538.0
1780245633,10,POST,GraphQL/listar-playlists-usuario,0.000000,0.000000,0,0,0,0,0,0,0,0,0,0,0,355,0,4,4.300990428169237,1.6445390001535998,12.943368999913218,739.0
1780245633,10,POST,GraphQL/listar-usuarios,0.000000,0.000000,0,0,0,0,0,0,0,0,0,0,0,360,0,5,4.6913241833294705,1.7491720000180067,20.696157999736897,22017.0
1780245633,10,,Aggregated,0.000000,0.000000,0,0,0,0,0,0,0,0,0,0,0,1776,0,4,4.458528674552957,1.5012320000096224,20.696157999736897,15043.502252252252
1780245634,20,POST,GraphQL/listar-musicas,0.000000,0.000000,7,9,10,10,11,13,14,16,21,21,21,728,0,6,7.360783109894393,2.728298999954859,20.813186999930622,50908.0
1780245634,20,POST,GraphQL/listar-musicas-playlist,0.000000,0.000000,6,7,8,9,10,11,13,15,19,19,19,723,0,5,5.975227060858028,1.5012320000096224,18.638957999883132,327.0
1780245634,20,POST,GraphQL/listar-playlists-musica,0.000000,0.000000,6,7,8,9,10,11,13,15,17,17,17,717,0,5,5.9379999818618625,1.65402799984804,16.578378999838606,538.0
1780245634,20,POST,GraphQL/listar-playlists-usuario,0.000000,0.000000,6,8,9,10,11,12,15,16,18,18,18,725,0,6,6.477935857933987,1.6445390001535998,18.35289600012402,739.0
1780245634,20,POST,GraphQL/listar-usuarios,0.000000,0.000000,6,8,9,10,11,13,16,30,51,51,51,732,0,6,6.981803976771372,1.7491720000180067,50.56312999977308,22017.0
1780245634,20,,Aggregated,0.000000,0.000000,6,8,9,10,11,12,14,16,39,51,51,3625,0,6,6.549922555585438,1.5012320000096224,50.56312999977308,14989.078620689656
1780245635,30,POST,GraphQL/listar-musicas,109.000000,0.000000,9,11,13,14,17,19,23,28,37,37,37,1074,0,9,9.701459125705343,2.728298999954859,36.992688000282214,50908.0
1780245635,30,POST,GraphQL/listar-musicas-playlist,106.000000,0.000000,8,9,11,12,15,18,21,26,33,33,33,1065,0,7,8.184136158683193,1.5012320000096224,33.44615700007125,327.0
1780245635,30,POST,GraphQL/listar-playlists-musica,104.000000,0.000000,8,10,11,12,15,17,19,22,36,36,36,1059,0,7,8.064390463638924,1.65402799984804,36.14973599997029,538.0
1780245635,30,POST,GraphQL/listar-playlists-usuario,108.000000,0.000000,9,10,12,13,16,18,21,24,33,33,33,1070,0,8,8.746089348600622,1.6445390001535998,33.128616999874794,739.0
1780245635,30,POST,GraphQL/listar-usuarios,113.000000,0.000000,9,10,12,14,16,19,30,51,71,71,71,1084,0,8,9.462057559038156,1.7491720000180067,70.88123300036386,22017.0
1780245635,30,,Aggregated,540.000000,0.000000,8,10,12,13,16,18,22,28,59,71,71,5352,0,8,8.836107550074479,1.5012320000096224,70.88123300036386,14994.459454409567
1780245636,40,POST,GraphQL/listar-musicas,235.500000,0.000000,11,14,16,18,21,22,26,29,36,37,37,1461,0,11,11.69572223888076,2.728298999954859,36.992688000282214,50908.0
1780245636,40,POST,GraphQL/listar-musicas-playlist,232.000000,0.000000,10,12,14,15,19,21,23,27,33,33,33,1444,0,9,10.078428955673953,1.5012320000096224,33.44615700007125,327.0
1780245636,40,POST,GraphQL/listar-playlists-musica,230.500000,0.000000,10,12,14,15,19,21,23,25,34,36,36,1434,0,9,10.09894042817112,1.65402799984804,36.14973599997029,538.0
1780245636,40,POST,GraphQL/listar-playlists-usuario,234.000000,0.000000,10,13,15,16,20,21,23,26,33,34,34,1455,0,10,10.62481490996803,1.6445390001535998,34.16558700018868,739.0
1780245636,40,POST,GraphQL/listar-usuarios,239.000000,0.000000,10,13,15,16,20,23,33,46,65,71,71,1468,0,10,11.391478988415983,1.7491720000180067,70.88123300036386,22017.0
1780245636,40,,Aggregated,1171.000000,0.000000,10,13,15,16,20,22,24,29,55,71,71,7262,0,10,10.782756682180322,1.5012320000096224,70.88123300036386,15011.907050399339
1780245637,50,POST,GraphQL/listar-musicas,278.000000,0.000000,13,16,19,21,24,27,29,31,44,46,46,1838,0,12,13.509649909139965,2.728298999954859,45.59711100000641,50908.0
1780245637,50,POST,GraphQL/listar-musicas-playlist,274.666667,0.000000,12,15,17,19,23,26,28,30,40,43,43,1822,0,11,12.192010592203133,1.5012320000096224,43.39677300004041,327.0
1780245637,50,POST,GraphQL/listar-playlists-musica,273.666667,0.000000,12,15,17,19,23,25,27,28,39,39,39,1816,0,11,12.1579665897549,1.65402799984804,39.37249199998405,538.0
1780245637,50,POST,GraphQL/listar-playlists-usuario,275.666667,0.000000,12,15,17,19,23,26,27,31,39,42,42,1833,0,12,12.5462538117859,1.6445390001535998,42.23088700018707,739.0
1780245637,50,POST,GraphQL/listar-usuarios,281.666667,0.000000,12,15,18,20,25,27,40,51,90,92,92,1853,0,12,13.56079007608823,1.7491720000180067,91.60108400010358,22017.0
1780245637,50,,Aggregated,1383.666667,0.000000,12,15,18,19,24,26,29,33,65,92,92,9162,0,12,12.7973012886906,1.5012320000096224,91.60108400010358,14985.133595284873
1780245638,60,POST,GraphQL/listar-musicas,298.000000,0.000000,15,19,21,24,28,32,35,45,50,54,54,2214,0,14,15.694855107047246,2.728298999954859,53.66733300024862,50908.0
1780245638,60,POST,GraphQL/listar-musicas-playlist,294.000000,0.000000,13,17,20,22,27,31,33,39,47,51,51,2188,0,13,14.171725588203973,1.5012320000096224,51.04828300000008,327.0
1780245638,60,POST,GraphQL/listar-playlists-musica,291.500000,0.000000,14,17,19,21,26,30,34,39,47,48,48,2180,0,13,14.097595388530328,1.65402799984804,48.44863300013458,538.0
1780245638,60,POST,GraphQL/listar-playlists-usuario,296.000000,0.000000,14,18,20,22,27,31,34,39,48,52,52,2202,0,14,14.67264909309846,1.6445390001535998,52.25815399990097,739.0
1780245638,60,POST,GraphQL/listar-usuarios,300.000000,0.000000,14,18,21,23,29,34,46,59,110,110,110,2229,0,14,15.769358454460399,1.7491720000180067,107.3794909998469,22017.0
1780245638,60,,Aggregated,1479.500000,0.000000,14,18,20,22,27,31,36,44,70,110,110,11013,0,14,14.886768004992605,1.5012320000096224,107.3794909998469,15009.69753927177
1780245639,70,POST,GraphQL/listar-musicas,315.000000,0.000000,17,21,24,26,32,36,40,45,52,54,54,2605,0,16,17.628593838003976,2.728298999954859,53.66733300024862,50908.0
1780245639,70,POST,GraphQL/listar-musicas-playlist,309.600000,0.000000,15,20,22,25,31,35,39,43,53,54,54,2574,0,15,16.12478777971552,1.5012320000096224,53.69318700013537,327.0
1780245639,70,POST,GraphQL/listar-playlists-musica,308.200000,0.000000,15,19,22,25,30,35,39,42,50,54,54,2566,0,15,16.127073218238525,1.65402799984804,54.39828700036742,538.0
1780245639,70,POST,GraphQL/listar-playlists-usuario,312.800000,0.000000,16,20,23,25,31,35,39,43,51,52,52,2586,0,15,16.596829499999156,1.6445390001535998,52.25815399990097,739.0
1780245639,70,POST,GraphQL/listar-usuarios,316.600000,0.000000,16,20,24,26,33,38,47,65,110,110,110,2620,0,16,17.752522812591327,1.7491720000180067,107.3794909998469,22017.0
1780245639,70,,Aggregated,1562.200000,0.000000,16,20,23,25,32,36,40,46,78,110,110,12951,0,15,16.851267965946622,1.5012320000096224,107.3794909998469,15012.982781252413
1780245640,80,POST,GraphQL/listar-musicas,323.166667,0.000000,19,23,27,30,37,42,46,49,62,65,65,2966,0,18,19.721097928188478,2.728298999954859,64.65932899982363,50908.0
1780245640,80,POST,GraphQL/listar-musicas-playlist,319.833333,0.000000,17,22,25,28,35,41,45,51,62,64,64,2936,0,17,18.344182132486644,1.5012320000096224,63.72611300002973,327.0
1780245640,80,POST,GraphQL/listar-playlists-musica,317.333333,0.000000,17,22,25,27,35,41,46,48,58,60,60,2921,0,17,18.332891975352982,1.65402799984804,59.77621000010913,538.0
1780245640,80,POST,GraphQL/listar-playlists-usuario,321.000000,0.000000,18,22,26,29,36,41,46,50,62,63,63,2948,0,17,18.787266563093738,1.6445390001535998,63.43535499991049,739.0
1780245640,80,POST,GraphQL/listar-usuarios,325.833333,0.000000,18,23,27,30,38,44,54,69,110,110,110,2979,0,17,19.923649181938558,1.7491720000180067,107.3794909998469,22017.0
1780245640,80,,Aggregated,1607.166667,0.000000,18,22,26,29,36,42,47,52,80,110,110,14750,0,17,19.02637867098229,1.5012320000096224,107.3794909998469,15002.841559322034
1780245641,90,POST,GraphQL/listar-musicas,331.000000,0.000000,20,26,30,33,41,46,50,57,70,80,80,3344,0,20,21.796915348985966,2.728298999954859,80.25416899999982,50908.0
1780245641,90,POST,GraphQL/listar-musicas-playlist,327.857143,0.000000,19,24,28,31,40,45,50,54,73,80,80,3313,0,18,20.27717265498925,1.5012320000096224,79.81290399993668,327.0
1780245641,90,POST,GraphQL/listar-playlists-musica,326.285714,0.000000,19,25,28,31,40,45,48,53,72,79,79,3291,0,18,20.309479278334763,1.65402799984804,79.17858400014666,538.0
1780245641,90,POST,GraphQL/listar-playlists-usuario,329.571429,0.000000,19,25,29,31,40,45,49,52,68,78,78,3325,0,19,20.725656628871132,1.6445390001535998,78.41023499986477,739.0
1780245641,90,POST,GraphQL/listar-usuarios,333.285714,0.000000,20,26,30,34,43,48,62,78,110,110,110,3362,0,19,22.112520345625047,1.7491720000180067,107.3794909998469,22017.0
1780245641,90,,Aggregated,1648.000000,0.000000,20,25,29,32,41,46,51,58,87,110,110,16635,0,19,21.049639671233923,1.5012320000096224,107.3794909998469,15002.620378719566
1780245642,100,POST,GraphQL/listar-musicas,336.750000,0.000000,22,28,33,36,45,50,57,61,76,80,80,3724,0,22,23.81408956444893,2.728298999954859,80.25416899999982,50908.0
1780245642,100,POST,GraphQL/listar-musicas-playlist,333.250000,0.000000,21,26,31,34,44,49,55,60,73,80,80,3680,0,20,22.243616600538175,1.5012320000096224,79.81290399993668,327.0
1780245642,100,POST,GraphQL/listar-playlists-musica,330.625000,0.000000,21,27,31,34,43,48,53,57,72,79,79,3665,0,20,22.211272657570593,1.65402799984804,79.17858400014666,538.0
1780245642,100,POST,GraphQL/listar-playlists-usuario,335.000000,0.000000,21,27,31,34,43,49,54,58,78,80,80,3696,0,20,22.581341726459836,1.6445390001535998,80.32120899997608,739.0
1780245642,100,POST,GraphQL/listar-usuarios,338.250000,0.000000,22,28,33,37,46,53,66,79,110,110,110,3746,0,21,24.141147477040075,1.7491720000180067,107.3794909998469,22017.0
1780245642,100,,Aggregated,1673.875000,0.000000,21,27,32,35,44,50,56,62,90,110,110,18511,0,21,23.00458486240458,1.5012320000096224,107.3794909998469,15016.12814002485
1780245643,110,POST,GraphQL/listar-musicas,337.888889,0.000000,26,32,37,41,50,57,62,66,79,80,80,4097,0,23,25.791036619234973,2.728298999954859,80.25416899999982,50908.0
1780245643,110,POST,GraphQL/listar-musicas-playlist,333.333333,0.000000,24,30,35,39,48,55,61,63,75,80,80,4048,0,22,24.165503815952544,1.5012320000096224,79.81290399993668,327.0
1780245643,110,POST,GraphQL/listar-playlists-musica,331.666667,0.000000,24,30,36,39,48,54,60,63,75,79,79,4028,0,22,24.301213446375453,1.65402799984804,79.17858400014666,538.0
1780245643,110,POST,GraphQL/listar-playlists-usuario,335.222222,0.000000,25,31,36,39,48,55,59,63,79,81,81,4074,0,22,24.590022305842048,1.6445390001535998,80.5907579997438,739.0
1780245643,110,POST,GraphQL/listar-usuarios,339.777778,0.000000,25,33,38,42,52,59,73,85,110,110,110,4114,0,23,26.23476082036738,1.7491720000180067,111.00868999983504,22017.0
1780245643,110,,Aggregated,1677.888889,0.000000,25,31,36,40,49,56,62,67,98,110,110,20361,0,23,25.022478322625258,1.5012320000096224,111.00868999983504,15011.515151515152
1780245644,120,POST,GraphQL/listar-musicas,343.000000,0.000000,29,35,41,45,55,60,65,67,84,91,91,4476,0,25,27.498153311217077,2.728298999954859,90.73873999977877,50908.0
1780245644,120,POST,GraphQL/listar-musicas-playlist,338.100000,0.000000,28,34,40,44,55,60,64,67,86,89,89,4426,0,24,26.24255520695386,1.5012320000096224,88.6163770001076,327.0
1780245644,120,POST,GraphQL/listar-playlists-musica,336.300000,0.000000,28,35,40,43,53,59,64,67,87,90,90,4393,0,24,26.18599449715429,1.65402799984804,89.7917359998246,538.0
1780245644,120,POST,GraphQL/listar-playlists-usuario,339.800000,0.000000,28,35,40,43,54,59,63,66,80,89,89,4451,0,24,26.495557868792115,1.6445390001535998,88.88262299979033,739.0
1780245644,120,POST,GraphQL/listar-usuarios,344.500000,0.000000,29,36,42,46,57,63,78,87,110,110,110,4493,0,25,28.087532174047283,1.7491720000180067,111.00868999983504,22017.0
1780245644,120,,Aggregated,1701.700000,0.000000,29,35,40,44,55,60,65,71,98,110,110,22239,0,24,26.90747639394623,1.5012320000096224,111.00868999983504,15013.562390395251
1780245645,130,POST,GraphQL/listar-musicas,368.000000,0.000000,32,39,46,49,59,65,72,84,97,99,99,4820,0,27,29.440284739214576,2.728298999954859,98.72719999975743,50908.0
1780245645,130,POST,GraphQL/listar-musicas-playlist,364.300000,0.000000,31,38,44,49,59,63,73,81,95,97,97,4762,0,25,28.162029284541582,1.5012320000096224,96.60802799999146,327.0
1780245645,130,POST,GraphQL/listar-playlists-musica,362.400000,0.000000,31,39,44,48,58,64,72,82,94,97,97,4747,0,26,28.195072733516568,1.65402799984804,96.69856800019261,538.0
1780245645,130,POST,GraphQL/listar-playlists-usuario,365.900000,0.000000,32,39,44,47,58,63,70,78,95,98,98,4784,0,26,28.278563995191863,1.6445390001535998,98.3429679999972,739.0
1780245645,130,POST,GraphQL/listar-usuarios,370.200000,0.000000,33,40,46,51,61,68,86,95,120,140,140,4851,0,27,30.084639044318575,1.7491720000180067,137.4468330000127,22017.0
1780245645,130,,Aggregated,1830.800000,0.000000,32,39,45,49,59,65,75,85,110,120,140,23964,0,26,28.838132211608745,1.5012320000096224,137.4468330000127,15015.333959272242
1780245646,140,POST,GraphQL/listar-musicas,369.300000,0.000000,36,43,50,55,63,68,81,90,110,120,120,5193,0,29,31.142950970732585,2.728298999954859,115.12222700002894,50908.0
1780245646,140,POST,GraphQL/listar-musicas-playlist,364.900000,0.000000,35,42,49,54,62,67,77,85,100,110,110,5137,0,27,29.84726011932784,1.5012320000096224,109.92652300001282,327.0
1780245646,140,POST,GraphQL/listar-playlists-musica,363.700000,0.000000,35,42,48,53,62,66,76,85,100,120,120,5101,0,27,29.654638402470443,1.65402799984804,115.7200659999944,538.0
1780245646,140,POST,GraphQL/listar-playlists-usuario,367.200000,0.000000,35,42,47,52,61,66,75,87,110,110,110,5164,0,27,29.894016392330954,1.6445390001535998,110.2007549998234,739.0
1780245646,140,POST,GraphQL/listar-usuarios,371.600000,0.000000,36,44,51,56,65,74,89,100,120,140,140,5217,0,29,31.80313352558743,1.7491720000180067,137.4468330000127,22017.0
1780245646,140,,Aggregated,1836.700000,0.000000,35,42,49,54,63,68,80,89,110,120,140,25812,0,28,30.47453426189335,1.5012320000096224,137.4468330000127,15011.167906400124
1780245647,150,POST,GraphQL/listar-musicas,368.700000,0.000000,38,46,55,58,65,70,81,90,110,120,120,5575,0,30,32.40451274583234,2.728298999954859,115.12222700002894,50908.0
1780245647,150,POST,GraphQL/listar-musicas-playlist,365.800000,0.000000,37,45,53,57,63,69,78,85,100,110,110,5513,0,29,31.055185433698792,1.5012320000096224,109.92652300001282,327.0
1780245647,150,POST,GraphQL/listar-playlists-musica,363.400000,0.000000,37,45,52,56,63,68,77,86,100,120,120,5486,0,29,30.998207223661957,1.65402799984804,115.7200659999944,538.0
1780245647,150,POST,GraphQL/listar-playlists-usuario,366.900000,0.000000,37,44,52,56,63,69,76,87,110,110,110,5541,0,29,31.187083751308496,1.6445390001535998,110.2007549998234,739.0
1780245647,150,POST,GraphQL/listar-usuarios,371.800000,0.000000,39,48,56,60,66,75,89,100,120,140,140,5617,0,30,33.116442455223,1.7491720000180067,137.4468330000127,22017.0
1780245647,150,,Aggregated,1836.600000,0.000000,38,45,53,58,64,70,81,89,110,120,140,27732,0,30,31.759023836001642,1.5012320000096224,137.4468330000127,15012.64268714842
1780245648,160,POST,GraphQL/listar-musicas,368.000000,0.000000,41,51,58,61,67,72,85,93,110,120,120,5935,0,31,33.78237093732364,2.728298999954859,115.54548200001591,50908.0
1780245648,160,POST,GraphQL/listar-musicas-playlist,363.700000,0.000000,40,49,57,61,66,72,82,91,100,110,110,5875,0,30,32.453522859911494,1.5012320000096224,113.98744799998894,327.0
1780245648,160,POST,GraphQL/listar-playlists-musica,361.700000,0.000000,39,48,56,59,65,71,80,88,120,120,120,5841,0,30,32.23445820287749,1.65402799984804,121.80560599972523,538.0
1780245648,160,POST,GraphQL/listar-playlists-usuario,366.200000,0.000000,40,49,57,60,66,72,87,95,120,120,120,5905,0,31,32.7542563302281,1.6445390001535998,121.51916499988147,739.0
1780245648,160,POST,GraphQL/listar-usuarios,369.700000,0.000000,41,52,59,62,68,78,91,110,120,140,140,5970,0,31,34.38996838726803,1.7491720000180067,137.4468330000127,22017.0
1780245648,160,,Aggregated,1829.300000,0.000000,40,50,58,61,67,73,86,94,120,120,140,29526,0,31,33.12898068075576,1.5012320000096224,137.4468330000127,15003.99132967554
1780245649,170,POST,GraphQL/listar-musicas,365.600000,0.000000,43,55,60,63,68,73,85,93,110,120,120,6314,0,32,34.708949938393786,2.728298999954859,115.54548200001591,50908.0
1780245649,170,POST,GraphQL/listar-musicas-playlist,363.300000,0.000000,42,53,60,62,67,72,82,91,100,110,110,6251,0,31,33.41013022140046,1.5012320000096224,113.98744799998894,327.0
1780245649,170,POST,GraphQL/listar-playlists-musica,361.600000,0.000000,42,52,59,62,66,71,82,89,120,120,120,6224,0,31,33.226834725419444,1.65402799984804,121.80560599972523,538.0
1780245649,170,POST,GraphQL/listar-playlists-usuario,364.700000,0.000000,42,53,59,62,67,72,87,95,120,120,120,6281,0,32,33.79212486849207,1.6445390001535998,121.51916499988147,739.0
1780245649,170,POST,GraphQL/listar-usuarios,368.300000,0.000000,43,56,61,63,70,79,95,110,150,150,150,6352,0,33,35.47436506706311,1.7491720000180067,151.2059169999702,22017.0
1780245649,170,,Aggregated,1823.500000,0.000000,42,54,60,62,68,73,87,94,120,150,150,31422,0,32,34.12845638282062,1.5012320000096224,151.2059169999702,14999.660874546496
1780245650,180,POST,GraphQL/listar-musicas,367.100000,0.000000,45,57,62,64,69,75,89,96,110,120,120,6649,0,33,35.623990190407056,2.728298999954859,115.54548200001591,50908.0
1780245650,180,POST,GraphQL/listar-musicas-playlist,362.300000,0.000000,43,56,61,63,68,75,86,93,100,110,110,6583,0,32,34.445081053315235,1.5012320000096224,113.98744799998894,327.0
1780245650,180,POST,GraphQL/listar-playlists-musica,360.400000,0.000000,43,55,61,63,68,75,87,92,120,120,120,6554,0,32,34.26228492020375,1.65402799984804,121.80560599972523,538.0
1780245650,180,POST,GraphQL/listar-playlists-usuario,364.600000,0.000000,43,56,61,63,68,74,89,95,120,120,120,6630,0,33,34.801723402565116,1.6445390001535998,121.51916499988147,739.0
1780245650,180,POST,GraphQL/listar-usuarios,367.900000,0.000000,46,58,63,65,72,86,100,120,150,150,150,6691,0,34,36.71003074203956,1.7491720000180067,151.2059169999702,22017.0
1780245650,180,,Aggregated,1822.300000,0.000000,44,57,61,63,69,77,90,97,120,150,150,33107,0,33,35.17483120098469,1.5012320000096224,151.2059169999702,14993.24318120035
1780245651,190,POST,GraphQL/listar-musicas,363.600000,0.000000,47,60,63,65,70,80,90,97,110,120,120,7015,0,34,36.54906774782825,2.728298999954859,115.54548200001591,50908.0
1780245651,190,POST,GraphQL/listar-musicas-playlist,360.000000,0.000000,46,59,63,65,70,78,88,94,100,110,110,6935,0,33,35.4759622416686,1.5012320000096224,113.98744799998894,327.0
1780245651,190,POST,GraphQL/listar-playlists-musica,358.700000,0.000000,45,58,62,64,69,77,88,94,120,120,120,6901,0,33,35.23947362469457,1.65402799984804,121.80560599972523,538.0
1780245651,190,POST,GraphQL/listar-playlists-usuario,361.600000,0.000000,45,58,62,64,70,79,90,97,120,120,120,6975,0,34,35.57802641104048,1.6445390001535998,121.51916499988147,739.0
1780245651,190,POST,GraphQL/listar-usuarios,366.000000,0.000000,50,60,64,66,74,88,110,120,150,150,150,7045,0,35,37.6616838987916,1.7491720000180067,151.2059169999702,22017.0
1780245651,190,,Aggregated,1809.900000,0.000000,46,59,63,65,71,80,91,98,130,150,150,34871,0,34,36.10703487611484,1.5012320000096224,151.2059169999702,15008.585730262968
1780245653,200,POST,GraphQL/listar-musicas,362.100000,0.000000,49,62,65,67,72,81,91,98,110,120,120,7395,0,35,37.27369768641158,2.728298999954859,115.54548200001591,50908.0
1780245653,200,POST,GraphQL/listar-musicas-playlist,359.700000,0.000000,46,61,64,66,72,80,90,95,100,110,110,7311,0,34,36.147492507586854,1.5012320000096224,113.98744799998894,327.0
1780245653,200,POST,GraphQL/listar-playlists-musica,358.200000,0.000000,46,61,64,65,71,80,89,94,120,120,120,7268,0,34,35.92533241208316,1.65402799984804,121.80560599972523,538.0
1780245653,200,POST,GraphQL/listar-playlists-usuario,362.100000,0.000000,45,61,64,66,71,81,91,97,120,120,120,7362,0,34,36.27922191605636,1.6445390001535998,121.51916499988147,739.0
1780245653,200,POST,GraphQL/listar-usuarios,364.800000,0.000000,51,62,66,67,75,89,110,120,150,150,150,7432,0,35,38.43178787001947,1.7491720000180067,151.2059169999702,22017.0
1780245653,200,,Aggregated,1806.900000,0.000000,47,61,64,66,72,82,92,100,140,150,150,36768,0,34,36.81819264798195,1.5012320000096224,151.2059169999702,15008.605390557006
1780245654,210,POST,GraphQL/listar-musicas,358.500000,0.000000,50,62,65,67,72,81,91,97,110,120,120,7771,0,35,37.99165462836311,2.728298999954859,115.54548200001591,50908.0
1780245654,210,POST,GraphQL/listar-musicas-playlist,355.400000,0.000000,46,61,65,67,72,79,89,95,100,110,110,7677,0,35,36.85048172006862,1.5012320000096224,113.98744799998894,327.0
1780245654,210,POST,GraphQL/listar-playlists-musica,353.800000,0.000000,45,61,64,66,71,79,89,94,120,120,120,7635,0,35,36.58964299057305,1.65402799984804,121.80560599972523,538.0
1780245654,210,POST,GraphQL/listar-playlists-usuario,357.700000,0.000000,45,61,64,66,72,81,91,97,120,120,120,7724,0,35,36.843499180348445,1.6445390001535998,121.51916499988147,739.0
1780245654,210,POST,GraphQL/listar-usuarios,360.000000,0.000000,51,63,66,68,76,89,120,130,150,180,180,7806,0,36,39.18880424967714,1.7491720000180067,184.79576700019607,22017.0
1780245654,210,,Aggregated,1785.400000,0.000000,47,62,65,67,72,82,92,100,150,180,180,38613,0,35,37.49988900517961,1.5012320000096224,184.79576700019607,15015.585813068137
1780245655,220,POST,GraphQL/listar-musicas,359.300000,0.000000,48,62,65,67,72,78,86,93,110,120,120,8135,0,36,38.575746454825634,2.728298999954859,115.54548200001591,50908.0
1780245655,220,POST,GraphQL/listar-musicas-playlist,355.700000,0.000000,45,61,65,66,71,78,86,93,100,110,110,8033,0,35,37.39144830996749,1.5012320000096224,113.98744799998894,327.0
1780245655,220,POST,GraphQL/listar-playlists-musica,353.100000,0.000000,44,60,64,66,71,78,87,93,120,120,120,8005,0,35,37.175720511558225,1.65402799984804,121.80560599972523,538.0
1780245655,220,POST,GraphQL/listar-playlists-usuario,359.000000,0.000000,44,61,64,66,71,77,87,93,120,120,120,8081,0,35,37.41641154263144,1.6445390001535998,121.51916499988147,739.0
1780245655,220,POST,GraphQL/listar-usuarios,361.200000,0.000000,50,63,66,68,75,88,120,140,160,180,180,8185,0,36,39.844295961145704,1.7491720000180067,184.79576700019607,22017.0
1780245655,220,,Aggregated,1788.300000,0.000000,46,61,65,67,72,80,90,97,150,180,180,40439,0,36,38.088440082519185,1.5012320000096224,184.79576700019607,15016.470857340686
1780245656,230,POST,GraphQL/listar-musicas,358.200000,0.000000,49,62,66,67,73,80,87,93,110,120,120,8486,0,37,39.208532811572354,2.728298999954859,115.54548200001591,50908.0
1780245656,230,POST,GraphQL/listar-musicas-playlist,354.400000,0.000000,45,61,65,67,72,80,87,95,100,110,110,8400,0,36,38.05989944737736,1.5012320000096224,113.98744799998894,327.0
1780245656,230,POST,GraphQL/listar-playlists-musica,352.200000,0.000000,45,60,64,66,72,80,87,93,120,120,120,8354,0,36,37.74304097773831,1.65402799984804,121.80560599972523,538.0
1780245656,230,POST,GraphQL/listar-playlists-usuario,355.500000,0.000000,45,61,64,66,71,80,89,95,120,120,120,8448,0,36,38.02330554427044,1.6445390001535998,121.51916499988147,739.0
1780245656,230,POST,GraphQL/listar-usuarios,359.700000,0.000000,49,63,66,68,76,88,120,140,160,180,180,8534,0,37,40.48299441117611,1.7491720000180067,184.79576700019607,22017.0
1780245656,230,,Aggregated,1780.000000,0.000000,46,62,65,67,73,81,91,98,150,180,180,42222,0,36,38.71050373426148,1.5012320000096224,184.79576700019607,15001.247927620672
1780245657,240,POST,GraphQL/listar-musicas,358.500000,0.000000,48,62,66,68,74,81,88,96,110,120,120,8846,0,37,39.828623520574965,2.728298999954859,115.54548200001591,50908.0
1780245657,240,POST,GraphQL/listar-musicas-playlist,353.800000,0.000000,46,61,65,67,73,80,87,95,110,110,110,8736,0,36,38.56500784374688,1.5012320000096224,113.98744799998894,327.0
1780245657,240,POST,GraphQL/listar-playlists-musica,353.100000,0.000000,45,61,65,67,72,81,88,94,120,120,120,8702,0,36,38.343436052174944,1.65402799984804,121.80560599972523,538.0
1780245657,240,POST,GraphQL/listar-playlists-usuario,356.400000,0.000000,45,61,65,67,72,81,89,95,120,120,120,8783,0,36,38.56720184913995,1.6445390001535998,121.51916499988147,739.0
1780245657,240,POST,GraphQL/listar-usuarios,359.500000,0.000000,50,63,67,69,78,90,130,150,180,190,190,8901,0,37,41.178847909446745,1.7491720000180067,189.46707000031893,22017.0
1780245657,240,,Aggregated,1781.300000,0.000000,47,62,66,67,74,82,92,100,150,180,190,43968,0,37,39.3049752500685,1.5012320000096224,189.46707000031893,15018.524153930131
1780245658,250,POST,GraphQL/listar-musicas,358.600000,0.000000,48,62,66,68,73,81,87,92,110,110,110,9210,0,37,40.2464513702508,2.728298999954859,115.54548200001591,50908.0
1780245658,250,POST,GraphQL/listar-musicas-playlist,355.100000,0.000000,45,61,64,66,72,80,86,93,110,110,110,9134,0,37,38.92935776833364,1.5012320000096224,113.98744799998894,327.0
1780245658,250,POST,GraphQL/listar-playlists-musica,352.800000,0.000000,45,60,64,66,72,81,87,93,110,110,110,9073,0,36,38.67663634575477,1.65402799984804,121.80560599972523,538.0
1780245658,250,POST,GraphQL/listar-playlists-usuario,356.500000,0.000000,44,60,64,66,71,79,87,92,100,110,110,9175,0,37,38.9233075964028,1.6445390001535998,121.51916499988147,739.0
1780245658,250,POST,GraphQL/listar-usuarios,359.600000,0.000000,49,63,67,69,77,89,130,150,180,190,190,9266,0,38,41.55742943082092,1.7491720000180067,189.46707000031893,22017.0
1780245658,250,,Aggregated,1782.600000,0.000000,46,61,65,67,73,81,90,99,150,180,190,45858,0,37,39.67369228583902,1.5012320000096224,189.46707000031893,14992.381242095164
1780245659,260,POST,GraphQL/listar-musicas,356.500000,0.000000,49,63,66,68,74,82,90,96,110,110,110,9574,0,38,40.77596468205666,2.728298999954859,115.54548200001591,50908.0
1780245659,260,POST,GraphQL/listar-musicas-playlist,352.500000,0.000000,45,61,65,67,73,80,86,93,110,110,110,9471,0,37,39.31758795110948,1.5012320000096224,113.98744799998894,327.0
1780245659,260,POST,GraphQL/listar-playlists-musica,350.900000,0.000000,45,60,64,67,72,81,88,94,110,110,110,9436,0,37,39.11223795146588,1.65402799984804,121.80560599972523,538.0
1780245659,260,POST,GraphQL/listar-playlists-usuario,353.500000,0.000000,44,60,64,66,72,80,88,93,100,110,110,9525,0,37,39.37776819674461,1.6445390001535998,121.51916499988147,739.0
1780245659,260,POST,GraphQL/listar-usuarios,358.700000,0.000000,49,63,67,69,78,90,140,150,180,190,190,9655,0,38,42.04028002920652,1.7491720000180067,189.46707000031893,22017.0
1780245659,260,,Aggregated,1772.100000,0.000000,46,61,65,67,74,82,92,100,170,180,190,47661,0,37,40.133467288076325,1.5012320000096224,189.46707000031893,15005.557730639306
1780245660,270,POST,GraphQL/listar-musicas,356.900000,0.000000,49,63,67,69,74,81,88,92,110,110,110,9965,0,38,41.27704865388994,2.728298999954859,115.54548200001591,50908.0
1780245660,270,POST,GraphQL/listar-musicas-playlist,353.200000,0.000000,44,61,65,67,72,78,84,89,110,110,110,9847,0,37,39.75194907321619,1.5012320000096224,113.98744799998894,327.0
1780245660,270,POST,GraphQL/listar-playlists-musica,350.900000,0.000000,44,59,64,66,72,79,85,90,110,110,110,9800,0,37,39.43640349530962,1.65402799984804,121.80560599972523,538.0
1780245660,270,POST,GraphQL/listar-playlists-usuario,356.500000,0.000000,43,60,64,66,72,78,85,90,100,110,110,9913,0,37,39.75268349823378,1.6445390001535998,121.51916499988147,739.0
1780245660,270,POST,GraphQL/listar-usuarios,357.800000,0.000000,47,62,66,68,76,86,140,150,190,200,200,10006,0,38,42.485728362480955,1.7491720000180067,195.67491399993742,22017.0
1780245660,270,,Aggregated,1775.300000,0.000000,45,61,65,67,73,80,88,100,170,190,200,49531,0,38,40.54875807326746,1.5012320000096224,195.67491399993742,15009.153822858412
1780245661,280,POST,GraphQL/listar-musicas,358.100000,0.000000,49,63,67,69,74,81,88,92,110,110,110,10304,0,38,41.64991196884869,2.728298999954859,115.54548200001591,50908.0
1780245661,280,POST,GraphQL/listar-musicas-playlist,354.900000,0.000000,44,61,64,66,73,78,84,87,110,110,110,10209,0,38,40.232853508665606,1.5012320000096224,113.98744799998894,327.0
1780245661,280,POST,GraphQL/listar-playlists-musica,353.700000,0.000000,43,59,64,66,72,79,86,90,110,110,110,10149,0,37,39.84093240201338,1.65402799984804,121.80560599972523,538.0
1780245661,280,POST,GraphQL/listar-playlists-usuario,356.000000,0.000000,44,60,64,67,72,78,86,90,100,110,110,10255,0,38,40.177483473524006,1.6445390001535998,121.51916499988147,739.0
1780245661,280,POST,GraphQL/listar-usuarios,358.900000,0.000000,47,62,66,69,77,86,140,160,190,200,200,10357,0,39,42.93157953345402,1.7491720000180067,195.67491399993742,22017.0
1780245661,280,,Aggregated,1781.600000,0.000000,45,61,65,67,73,80,88,96,170,190,200,51274,0,38,40.974099535710465,1.5012320000096224,195.67491399993742,14997.134044544993
1780245662,290,POST,GraphQL/listar-musicas,357.600000,0.000000,50,64,67,69,74,82,90,96,110,110,110,10656,0,39,42.06109279204364,2.728298999954859,115.54548200001591,50908.0
1780245662,290,POST,GraphQL/listar-musicas-playlist,352.800000,0.000000,45,61,65,66,73,79,86,92,110,110,110,10556,0,38,40.618341059016,1.5012320000096224,113.98744799998894,327.0
1780245662,290,POST,GraphQL/listar-playlists-musica,350.300000,0.000000,44,60,64,66,73,80,89,95,110,110,110,10513,0,38,40.38324412698927,1.65402799984804,121.80560599972523,538.0
1780245662,290,POST,GraphQL/listar-playlists-usuario,353.100000,0.000000,44,60,65,67,72,79,87,92,100,110,110,10609,0,38,40.52243242671238,1.6445390001535998,121.51916499988147,739.0
1780245662,290,POST,GraphQL/listar-usuarios,359.300000,0.000000,47,63,67,69,78,89,140,170,220,220,220,10726,0,39,43.495124554632255,1.7491720000180067,219.33259600018573,22017.0
1780245662,290,,Aggregated,1773.100000,0.000000,45,62,65,68,74,82,91,100,180,220,220,53060,0,38,41.42386826434281,1.5012320000096224,219.33259600018573,14993.928514888805
1780245663,300,POST,GraphQL/listar-musicas,358.900000,0.000000,50,63,67,69,74,82,89,96,110,110,110,11046,0,39,42.397577632718864,2.728298999954859,115.54548200001591,50908.0
1780245663,300,POST,GraphQL/listar-musicas-playlist,355.000000,0.000000,45,61,65,66,73,79,86,92,110,110,110,10923,0,38,40.947115409591476,1.5012320000096224,113.98744799998894,327.0
1780245663,300,POST,GraphQL/listar-playlists-musica,350.800000,0.000000,44,60,64,66,72,80,89,94,110,110,110,10865,0,38,40.64167396189907,1.65402799984804,121.80560599972523,538.0
1780245663,300,POST,GraphQL/listar-playlists-usuario,357.000000,0.000000,44,61,65,67,72,79,87,92,100,110,110,10992,0,38,40.83717912754625,1.6445390001535998,121.51916499988147,739.0
1780245663,300,POST,GraphQL/listar-usuarios,359.300000,0.000000,48,63,67,69,77,89,150,170,220,220,220,11118,0,39,43.90149852932025,1.7491720000180067,219.33259600018573,22017.0
1780245663,300,,Aggregated,1781.000000,0.000000,45,62,65,68,74,81,91,100,190,220,220,54944,0,38,41.75414795728385,1.5012320000096224,219.33259600018573,15009.010137594641
1780245664,310,POST,GraphQL/listar-musicas,358.200000,0.000000,52,64,67,69,75,83,90,96,110,110,110,11414,0,39,42.781279564657815,2.728298999954859,115.54548200001591,50908.0
1780245664,310,POST,GraphQL/listar-musicas-playlist,355.100000,0.000000,45,61,65,67,73,80,87,92,110,110,110,11290,0,39,41.3032247690848,1.5012320000096224,113.98744799998894,327.0
1780245664,310,POST,GraphQL/listar-playlists-musica,352.000000,0.000000,44,60,64,66,73,81,88,94,110,110,110,11217,0,38,40.97304579522442,1.65402799984804,121.80560599972523,538.0
1780245664,310,POST,GraphQL/listar-playlists-usuario,356.700000,0.000000,44,61,65,67,73,80,88,92,100,110,110,11341,0,38,41.20056386703042,1.6445390001535998,121.51916499988147,739.0
1780245664,310,POST,GraphQL/listar-usuarios,360.100000,0.000000,48,63,67,70,77,89,150,190,240,240,240,11472,0,39,44.31821325845437,1.7491720000180067,243.72515300001396,22017.0
1780245664,310,,Aggregated,1782.100000,0.000000,46,62,66,68,74,82,91,100,220,240,240,56734,0,39,42.12443551655095,1.5012320000096224,243.72515300001396,15013.052331934994
1780245665,320,POST,GraphQL/listar-musicas,356.900000,0.000000,52,64,67,69,74,83,90,96,110,110,110,11763,0,40,43.11728683201604,2.728298999954859,115.54548200001591,50908.0
1780245665,320,POST,GraphQL/listar-musicas-playlist,353.300000,0.000000,45,61,65,66,72,78,87,92,110,110,110,11637,0,39,41.580398854770785,1.5012320000096224,113.98744799998894,327.0
1780245665,320,POST,GraphQL/listar-playlists-musica,352.800000,0.000000,44,60,64,66,72,79,89,96,110,110,110,11557,0,38,41.262337779270474,1.65402799984804,121.80560599972523,538.0
1780245665,320,POST,GraphQL/listar-playlists-usuario,354.700000,0.000000,44,61,65,67,72,79,87,92,100,110,110,11699,0,38,41.48667473433558,1.6445390001535998,121.51916499988147,739.0
1780245665,320,POST,GraphQL/listar-usuarios,359.200000,0.000000,48,63,67,69,76,89,170,190,240,240,240,11819,0,40,44.636567053218585,1.7491720000180067,243.72515300001396,22017.0
1780245665,320,,Aggregated,1776.900000,0.000000,46,62,65,67,73,81,91,100,220,240,240,58475,0,39,42.42566529135514,1.5012320000096224,243.72515300001396,15010.145412569475
1780245666,330,POST,GraphQL/listar-musicas,355.900000,0.000000,53,64,67,69,75,83,90,95,110,110,110,12110,0,40,43.47478790867135,2.728298999954859,115.54548200001591,50908.0
1780245666,330,POST,GraphQL/listar-musicas-playlist,352.200000,0.000000,45,61,65,66,72,78,87,92,120,120,120,11980,0,39,41.87169961527277,1.5012320000096224,119.56920100010393,327.0
1780245666,330,POST,GraphQL/listar-playlists-musica,350.400000,0.000000,44,60,64,66,71,79,90,96,110,120,120,11910,0,39,41.55924743090054,1.65402799984804,121.80560599972523,538.0
1780245666,330,POST,GraphQL/listar-playlists-usuario,354.200000,0.000000,45,61,65,67,72,79,89,94,110,120,120,12054,0,39,41.87539028471807,1.6445390001535998,121.51916499988147,739.0
1780245666,330,POST,GraphQL/listar-usuarios,357.200000,0.000000,47,63,67,69,76,89,170,190,240,240,240,12165,0,40,44.98482218840855,1.7491720000180067,243.72515300001396,22017.0
1780245666,330,,Aggregated,1769.900000,0.000000,46,62,65,67,73,82,92,100,220,240,240,60219,0,39,42.76191229148593,1.5012320000096224,243.72515300001396,15004.66017369933
1780245667,340,POST,GraphQL/listar-musicas,355.600000,0.000000,52,64,67,69,75,84,90,96,110,120,120,12467,0,40,43.710777569023094,2.728298999954859,115.54548200001591,50908.0
1780245667,340,POST,GraphQL/listar-musicas-playlist,351.100000,0.000000,46,62,65,66,72,79,88,93,120,120,120,12335,0,39,42.13477706915037,1.5012320000096224,119.56920100010393,327.0
1780245667,340,POST,GraphQL/listar-playlists-musica,348.000000,0.000000,44,60,64,66,72,82,91,99,110,120,120,12255,0,39,41.83042688127477,1.65402799984804,121.80560599972523,538.0
1780245667,340,POST,GraphQL/listar-playlists-usuario,354.500000,0.000000,45,61,65,67,72,80,89,97,110,120,120,12415,0,39,42.091380585097596,1.6445390001535998,121.51916499988147,739.0
1780245667,340,POST,GraphQL/listar-usuarios,357.800000,0.000000,47,63,67,69,77,90,180,210,260,260,260,12523,0,40,45.36264204894925,1.7491720000180067,264.02380499985156,22017.0
1780245667,340,,Aggregated,1767.000000,0.000000,46,62,66,68,74,83,93,100,240,260,260,61995,0,39,43.03488147227995,1.5012320000096224,264.02380499985156,15004.280135494799
1780245668,350,POST,GraphQL/listar-musicas,354.900000,0.000000,53,64,67,69,75,83,90,96,110,120,120,12821,0,40,44.007711693550924,2.728298999954859,115.54548200001591,50908.0
1780245668,350,POST,GraphQL/listar-musicas-playlist,349.600000,0.000000,47,62,65,67,72,81,89,95,120,120,120,12688,0,39,42.456150878938054,1.5012320000096224,119.56920100010393,327.0
1780245668,350,POST,GraphQL/listar-playlists-musica,349.400000,0.000000,45,61,65,67,73,84,93,100,120,120,120,12600,0,39,42.18188630381102,1.65402799984804,121.80560599972523,538.0
1780245668,350,POST,GraphQL/listar-playlists-usuario,351.700000,0.000000,45,62,65,67,73,80,90,100,110,120,120,12762,0,39,42.30539021179912,1.6445390001535998,121.51916499988147,739.0
1780245668,350,POST,GraphQL/listar-usuarios,358.300000,0.000000,48,63,67,69,77,90,190,220,260,260,260,12872,0,40,45.64721212872829,1.7491720000180067,264.02380499985156,22017.0
1780245668,350,,Aggregated,1763.900000,0.000000,47,63,66,68,74,84,94,110,240,260,260,63743,0,40,43.32821777774798,1.5012320000096224,264.02380499985156,15004.834821078393
1780245669,360,POST,GraphQL/listar-musicas,355.200000,0.000000,52,64,67,69,74,83,90,95,110,120,120,13191,0,40,44.22367608778823,2.728298999954859,115.54548200001591,50908.0
1780245669,360,POST,GraphQL/listar-musicas-playlist,349.400000,0.000000,46,62,65,67,72,80,89,94,120,120,120,13063,0,39,42.56904355155466,1.5012320000096224,119.56920100010393,327.0
1780245669,360,POST,GraphQL/listar-playlists-musica,347.400000,0.000000,45,61,65,67,72,82,92,100,120,120,120,12966,0,39,42.364983216645406,1.65402799984804,121.80560599972523,538.0
1780245669,360,POST,GraphQL/listar-playlists-usuario,352.300000,0.000000,44,61,65,67,72,79,89,97,110,120,120,13137,0,39,42.46125649584968,1.6445390001535998,121.51916499988147,739.0
1780245669,360,POST,GraphQL/listar-usuarios,356.700000,0.000000,48,63,67,69,75,90,190,220,260,260,260,13255,0,40,45.881542438701956,1.7491720000180067,264.02380499985156,22017.0
1780245669,360,,Aggregated,1761.000000,0.000000,46,62,66,67,73,83,93,110,240,260,260,65612,0,40,43.50898724602186,1.5012320000096224,264.02380499985156,15002.108074742426
1780245670,370,POST,GraphQL/listar-musicas,352.500000,0.000000,52,64,67,69,74,82,90,95,110,120,120,13552,0,41,44.449427474543654,2.728298999954859,115.54548200001591,50908.0
1780245670,370,POST,GraphQL/listar-musicas-playlist,347.300000,0.000000,45,62,65,67,71,78,89,94,120,120,120,13403,0,40,42.75916223516786,1.5012320000096224,119.56920100010393,327.0
1780245670,370,POST,GraphQL/listar-playlists-musica,346.700000,0.000000,45,61,65,67,72,81,92,100,120,120,120,13310,0,39,42.54722404981364,1.65402799984804,121.80560599972523,538.0
1780245670,370,POST,GraphQL/listar-playlists-usuario,347.200000,0.000000,44,62,65,66,71,77,89,97,110,120,120,13490,0,39,42.65373968309703,1.6445390001535998,121.51916499988147,739.0
1780245670,370,POST,GraphQL/listar-usuarios,356.500000,0.000000,47,63,67,69,75,89,190,220,260,260,260,13609,0,41,46.17582234844562,1.7491720000180067,264.02380499985156,22017.0
1780245670,370,,Aggregated,1750.200000,0.000000,46,63,66,67,73,81,93,110,260,260,260,67364,0,40,43.72645566387074,1.5012320000096224,264.02380499985156,15008.717415830413
1780245671,380,POST,GraphQL/listar-musicas,353.200000,0.000000,53,64,67,69,74,82,90,93,110,120,120,13915,0,41,44.735594666476345,2.728298999954859,115.54548200001591,50908.0
1780245671,380,POST,GraphQL/listar-musicas-playlist,345.100000,0.000000,45,62,65,67,72,80,89,96,120,120,120,13722,0,40,43.08704387457724,1.5012320000096224,119.56920100010393,327.0
1780245671,380,POST,GraphQL/listar-playlists-musica,342.300000,0.000000,45,61,65,67,72,78,90,100,120,120,120,13653,0,39,42.839754865818236,1.65402799984804,121.80560599972523,538.0
1780245671,380,POST,GraphQL/listar-playlists-usuario,348.600000,0.000000,45,62,65,67,72,78,89,100,110,120,120,13844,0,40,42.98593568715508,1.6445390001535998,121.51916499988147,739.0
1780245671,380,POST,GraphQL/listar-usuarios,355.600000,0.000000,48,63,66,68,74,87,190,230,260,260,260,13963,0,41,46.49047847525581,1.7491720000180067,264.02380499985156,22017.0
1780245671,380,,Aggregated,1744.800000,0.000000,46,63,66,68,73,81,92,110,260,260,260,69097,0,40,44.03767505994453,1.5012320000096224,264.02380499985156,15020.49748903715
1780245672,390,POST,GraphQL/listar-musicas,352.300000,0.000000,54,65,67,69,75,82,90,94,110,120,120,14271,0,41,44.985737054797696,2.728298999954859,115.54548200001591,50908.0
1780245672,390,POST,GraphQL/listar-musicas-playlist,346.100000,0.000000,45,62,65,67,72,79,89,98,120,120,120,14077,0,40,43.24310268558319,1.5012320000096224,119.56920100010393,327.0
1780245672,390,POST,GraphQL/listar-playlists-musica,345.900000,0.000000,45,61,65,67,72,78,90,100,120,120,120,14006,0,40,42.98200285135042,1.65402799984804,121.80560599972523,538.0
1780245672,390,POST,GraphQL/listar-playlists-usuario,348.700000,0.000000,44,62,65,67,72,79,90,100,110,120,120,14200,0,40,43.12737857640704,1.6445390001535998,121.51916499988147,739.0
1780245672,390,POST,GraphQL/listar-usuarios,354.400000,0.000000,48,63,67,68,74,87,200,240,260,260,260,14329,0,41,46.798146934188736,1.7491720000180067,264.02380499985156,22017.0
1780245672,390,,Aggregated,1747.400000,0.000000,46,63,66,68,73,81,92,110,260,260,260,70883,0,40,44.23782804276038,1.5012320000096224,264.02380499985156,15019.424516456696
1780245673,400,POST,GraphQL/listar-musicas,351.200000,0.000000,54,64,67,69,74,81,88,94,110,120,120,14642,0,41,45.20629636887188,2.728298999954859,115.54548200001591,50908.0
1780245673,400,POST,GraphQL/listar-musicas-playlist,345.700000,0.000000,44,62,65,67,72,78,89,98,120,120,120,14434,0,40,43.40334073541357,1.5012320000096224,119.56920100010393,327.0
1780245673,400,POST,GraphQL/listar-playlists-musica,347.300000,0.000000,44,61,65,67,71,77,90,100,120,120,120,14360,0,40,43.14829875431833,1.65402799984804,121.80560599972523,538.0
1780245673,400,POST,GraphQL/listar-playlists-usuario,346.200000,0.000000,44,62,65,67,72,78,91,100,110,120,120,14533,0,40,43.33837816789265,1.6445390001535998,121.51916499988147,739.0
1780245673,400,POST,GraphQL/listar-usuarios,355.900000,0.000000,48,63,66,68,74,87,200,250,260,260,260,14711,0,41,47.05781728148991,1.7491720000180067,264.927655000065,22017.0
1780245673,400,,Aggregated,1746.300000,0.000000,46,63,66,68,73,79,92,110,260,260,260,72680,0,40,44.44287536684093,1.5012320000096224,264.927655000065,15031.267308750688
1780245674,410,POST,GraphQL/listar-musicas,347.100000,0.000000,54,65,68,69,74,81,90,94,110,120,120,15006,0,41,45.393773958617984,2.728298999954859,115.54548200001591,50908.0
1780245674,410,POST,GraphQL/listar-musicas-playlist,344.900000,0.000000,44,61,65,67,72,78,89,96,120,120,120,14791,0,40,43.51771490074759,1.5012320000096224,119.56920100010393,327.0
1780245674,410,POST,GraphQL/listar-playlists-musica,345.400000,0.000000,44,61,65,67,72,78,91,100,120,120,120,14725,0,40,43.297165515586805,1.65402799984804,121.80560599972523,538.0
1780245674,410,POST,GraphQL/listar-playlists-usuario,345.300000,0.000000,44,62,65,67,72,78,91,100,110,120,120,14890,0,40,43.503522671657656,1.6445390001535998,121.51916499988147,739.0
1780245674,410,POST,GraphQL/listar-usuarios,354.500000,0.000000,48,63,66,68,75,91,210,250,260,260,260,15081,0,41,47.305920193422175,1.7491720000180067,264.927655000065,22017.0
1780245674,410,,Aggregated,1737.200000,0.000000,46,62,66,68,73,80,93,110,260,260,260,74493,0,40,44.61611547870288,1.5012320000096224,264.927655000065,15031.294779375243
1780245675,420,POST,GraphQL/listar-musicas,348.500000,0.000000,51,64,67,69,74,79,88,92,110,120,120,15337,0,41,45.50109336643537,2.728298999954859,115.54548200001591,50908.0
1780245675,420,POST,GraphQL/listar-musicas-playlist,347.500000,0.000000,44,61,65,67,72,77,87,94,110,120,120,15170,0,40,43.618118084703845,1.5012320000096224,119.56920100010393,327.0
1780245675,420,POST,GraphQL/listar-playlists-musica,345.800000,0.000000,44,60,65,66,71,76,87,97,120,120,120,15113,0,40,43.43675906312532,1.65402799984804,121.80560599972523,538.0
1780245675,420,POST,GraphQL/listar-playlists-usuario,346.000000,0.000000,44,61,65,67,71,77,88,94,110,120,120,15254,0,40,43.59193268578618,1.6445390001535998,121.51916499988147,739.0
1780245675,420,POST,GraphQL/listar-usuarios,352.700000,0.000000,47,63,66,68,74,88,230,260,260,260,260,15459,0,41,47.53423553981457,1.7491720000180067,264.927655000065,22017.0
1780245675,420,,Aggregated,1740.500000,0.000000,45,62,66,68,72,78,91,100,260,260,260,76333,0,41,44.74840433922417,1.5012320000096224,264.927655000065,15006.62739575282
1780245676,430,POST,GraphQL/listar-musicas,349.200000,0.000000,52,64,68,70,75,83,92,99,120,130,130,15677,0,42,45.81656950086278,2.728298999954859,134.2723739999201,50908.0
1780245676,430,POST,GraphQL/listar-musicas-playlist,349.900000,0.000000,44,61,65,67,72,79,92,98,130,130,130,15531,0,40,43.862267521084135,1.5012320000096224,130.01704299995254,327.0
1780245676,430,POST,GraphQL/listar-playlists-musica,348.100000,0.000000,44,61,65,67,72,77,91,100,130,130,130,15455,0,40,43.67172341565973,1.65402799984804,133.07936399996834,538.0
1780245676,430,POST,GraphQL/listar-playlists-usuario,349.700000,0.000000,44,61,65,67,72,78,92,100,120,130,130,15595,0,40,43.79419926444235,1.6445390001535998,133.91358900025807,739.0
1780245676,430,POST,GraphQL/listar-usuarios,352.700000,0.000000,47,63,67,68,75,91,220,250,260,260,260,15765,0,41,47.759768049095356,1.7491720000180067,264.927655000065,22017.0
1780245676,430,,Aggregated,1749.600000,0.000000,45,62,66,68,73,81,96,110,260,260,260,78023,0,41,44.99110522726644,1.5012320000096224,264.927655000065,14996.870832959512
1780245677,440,POST,GraphQL/listar-musicas,350.100000,0.000000,53,64,68,70,76,83,92,99,120,130,130,16039,0,42,46.00487117856667,2.728298999954859,134.2723739999201,50908.0
1780245677,440,POST,GraphQL/listar-musicas-playlist,350.300000,0.000000,43,59,64,66,72,79,91,97,130,130,130,15887,0,40,43.98684075010737,1.5012320000096224,130.01704299995254,327.0
1780245677,440,POST,GraphQL/listar-playlists-musica,345.700000,0.000000,44,60,64,66,72,77,88,97,130,130,130,15794,0,40,43.811778338357676,1.65402799984804,133.07936399996834,538.0
1780245677,440,POST,GraphQL/listar-playlists-usuario,350.100000,0.000000,44,61,65,67,72,78,92,100,120,130,130,15979,0,40,43.99413459440397,1.6445390001535998,133.91358900025807,739.0
1780245677,440,POST,GraphQL/listar-usuarios,351.100000,0.000000,47,63,67,69,76,92,230,260,300,300,300,16128,0,42,47.994848911023105,1.7491720000180067,299.47109599970645,22017.0
1780245677,440,,Aggregated,1747.300000,0.000000,45,62,66,68,74,81,95,100,260,300,300,79827,0,41,45.16889642385423,1.5012320000096224,299.47109599970645,14996.232978816692
1780245678,450,POST,GraphQL/listar-musicas,352.500000,0.000000,51,64,68,70,76,83,92,98,120,130,130,16424,0,42,46.15923608298975,2.728298999954859,134.2723739999201,50908.0
1780245678,450,POST,GraphQL/listar-musicas-playlist,349.300000,0.000000,44,60,65,67,73,79,92,97,130,130,130,16221,0,41,44.15261626181851,1.5012320000096224,130.01704299995254,327.0
1780245678,450,POST,GraphQL/listar-playlists-musica,344.600000,0.000000,44,60,64,66,72,77,89,96,130,130,130,16128,0,40,43.93243977077286,1.65402799984804,133.07936399996834,538.0
1780245678,450,POST,GraphQL/listar-playlists-usuario,352.900000,0.000000,45,61,65,67,73,79,92,100,120,130,130,16329,0,40,44.15242536389098,1.6445390001535998,133.91358900025807,739.0
1780245678,450,POST,GraphQL/listar-usuarios,351.800000,0.000000,47,63,67,69,77,91,240,260,300,310,310,16491,0,42,48.24755833060322,1.7491720000180067,306.5379419999772,22017.0
1780245678,450,,Aggregated,1751.100000,0.000000,45,62,66,68,74,81,95,100,300,310,310,81593,0,41,45.34061388391165,1.5012320000096224,306.5379419999772,15016.528390915888
1780245679,460,POST,GraphQL/listar-musicas,352.700000,0.000000,53,65,68,70,76,84,94,99,120,130,130,16786,0,42,46.347905259086055,2.728298999954859,134.2723739999201,50908.0
1780245679,460,POST,GraphQL/listar-musicas-playlist,347.100000,0.000000,44,60,65,67,73,81,93,98,130,130,130,16572,0,41,44.339294504945464,1.5012320000096224,130.01704299995254,327.0
1780245679,460,POST,GraphQL/listar-playlists-musica,344.500000,0.000000,44,60,64,66,72,78,90,96,130,130,130,16488,0,40,44.07677564756362,1.65402799984804,133.07936399996834,538.0
1780245679,460,POST,GraphQL/listar-playlists-usuario,348.700000,0.000000,45,62,65,67,73,83,92,100,120,130,130,16672,0,40,44.33758010424533,1.6445390001535998,133.91358900025807,739.0
1780245679,460,POST,GraphQL/listar-usuarios,353.100000,0.000000,47,63,67,69,77,93,240,260,310,330,330,16881,0,42,48.50288261169237,1.7491720000180067,326.97820899966246,22017.0
1780245679,460,,Aggregated,1746.100000,0.000000,46,62,66,68,74,83,96,100,300,330,330,83399,0,41,45.5340939334765,1.5012320000096224,326.97820899966246,15022.012985767215
1780245680,470,POST,GraphQL/listar-musicas,349.000000,0.000000,54,65,68,70,76,84,94,99,120,130,130,17120,0,42,46.449569173015284,2.728298999954859,134.2723739999201,50908.0
1780245680,470,POST,GraphQL/listar-musicas-playlist,347.600000,0.000000,44,60,65,67,73,81,93,98,130,130,130,16930,0,41,44.439263622974316,1.5012320000096224,130.01704299995254,327.0
1780245680,470,POST,GraphQL/listar-playlists-musica,346.900000,0.000000,44,60,64,66,72,78,90,97,130,130,130,16862,0,40,44.19135559133129,1.65402799984804,133.07936399996834,538.0
1780245680,470,POST,GraphQL/listar-playlists-usuario,349.700000,0.000000,45,61,65,67,74,83,93,100,120,130,130,17023,0,41,44.445199810020604,1.6445390001535998,133.91358900025807,739.0
1780245680,470,POST,GraphQL/listar-usuarios,353.500000,0.000000,47,64,67,69,78,93,250,280,310,330,330,17240,0,42,48.69108566995207,1.7491720000180067,326.97820899966246,22017.0
1780245680,470,,Aggregated,1746.700000,0.000000,46,62,66,68,75,83,96,100,300,330,330,85175,0,41,45.656036967138334,1.5012320000096224,326.97820899966246,15007.994164954505
1780245681,480,POST,GraphQL/listar-musicas,348.700000,0.000000,54,65,68,70,77,86,94,98,120,130,130,17474,0,42,46.657813131282104,2.728298999954859,134.2723739999201,50908.0
1780245681,480,POST,GraphQL/listar-musicas-playlist,350.900000,0.000000,44,60,64,67,73,81,93,97,130,130,130,17297,0,41,44.59602343654709,1.5012320000096224,130.01704299995254,327.0
1780245681,480,POST,GraphQL/listar-playlists-musica,347.600000,0.000000,44,60,65,67,72,80,93,97,130,130,130,17198,0,41,44.369303666067474,1.65402799984804,133.07936399996834,538.0
1780245681,480,POST,GraphQL/listar-playlists-usuario,349.800000,0.000000,45,61,65,67,73,84,94,98,120,130,130,17376,0,41,44.59941328464447,1.6445390001535998,133.91358900025807,739.0
1780245681,480,POST,GraphQL/listar-usuarios,350.500000,0.000000,46,64,67,69,79,94,250,300,340,340,340,17557,0,42,48.94366358153293,1.7491720000180067,340.4363590002504,22017.0
1780245681,480,,Aggregated,1747.500000,0.000000,45,62,66,68,75,85,96,100,300,340,340,86902,0,41,45.8447749789649,1.5012320000096224,340.4363590002504,15003.89367333318
1780245682,490,POST,GraphQL/listar-musicas,348.500000,0.000000,54,65,69,71,78,87,95,99,120,130,130,17826,0,42,46.859211909178875,2.728298999954859,134.2723739999201,50908.0
1780245682,490,POST,GraphQL/listar-musicas-playlist,349.300000,0.000000,45,61,66,68,75,85,95,98,130,130,130,17600,0,41,44.83692252317902,1.5012320000096224,130.01704299995254,327.0
1780245682,490,POST,GraphQL/listar-playlists-musica,343.900000,0.000000,45,61,66,67,73,83,95,98,130,130,130,17500,0,41,44.608400481601535,1.65402799984804,133.07936399996834,538.0
1780245682,490,POST,GraphQL/listar-playlists-usuario,352.600000,0.000000,46,62,66,68,74,86,95,100,120,130,130,17715,0,41,44.78161883307819,1.6445390001535998,133.91358900025807,739.0
1780245682,490,POST,GraphQL/listar-usuarios,349.800000,0.000000,49,64,68,71,80,95,260,300,350,350,350,17902,0,42,49.281695373364656,1.7491720000180067,354.5952589997796,22017.0
1780245682,490,,Aggregated,1744.100000,0.000000,46,63,67,69,76,87,97,100,320,350,350,88543,0,41,46.08649407102761,1.5012320000096224,354.5952589997796,15019.774877743017
1780245683,500,POST,GraphQL/listar-musicas,351.000000,0.000000,53,65,69,71,78,88,96,100,120,130,130,18191,0,42,46.974510632677045,2.728298999954859,134.2723739999201,50908.0
1780245683,500,POST,GraphQL/listar-musicas-playlist,344.200000,0.000000,45,62,66,68,75,86,95,98,130,130,130,17964,0,41,44.953248673677905,1.5012320000096224,130.01704299995254,327.0
1780245683,500,POST,GraphQL/listar-playlists-musica,340.900000,0.000000,45,61,66,67,73,84,95,99,130,130,130,17871,0,41,44.69926077645513,1.65402799984804,133.07936399996834,538.0
1780245683,500,POST,GraphQL/listar-playlists-usuario,348.000000,0.000000,46,62,66,68,74,86,95,100,120,130,130,18055,0,41,44.925961376625885,1.6445390001535998,133.91358900025807,739.0
1780245683,500,POST,GraphQL/listar-usuarios,349.700000,0.000000,50,64,68,70,81,95,260,300,350,350,350,18300,0,42,49.473207771310065,1.7491720000180067,354.5952589997796,22017.0
1780245683,500,,Aggregated,1733.800000,0.000000,46,63,67,69,76,88,97,100,330,350,350,90381,0,41,46.219580512486125,1.5012320000096224,354.5952589997796,15023.179639526006
1780245684,500,POST,GraphQL/listar-musicas,350.300000,0.000000,52,65,68,70,78,87,96,99,120,130,130,18527,0,43,47.04897084536253,2.728298999954859,134.2723739999201,50908.0
1780245684,500,POST,GraphQL/listar-musicas-playlist,344.500000,0.000000,45,62,66,68,74,85,95,97,130,130,130,18353,0,41,45.02416520535866,1.5012320000096224,130.01704299995254,327.0
1780245684,500,POST,GraphQL/listar-playlists-musica,343.400000,0.000000,45,61,66,67,73,83,94,98,130,130,130,18253,0,41,44.79805798794842,1.65402799984804,133.07936399996834,538.0
1780245684,500,POST,GraphQL/listar-playlists-usuario,348.600000,0.000000,45,61,66,67,73,85,95,100,120,130,130,18440,0,41,45.003307251137954,1.6445390001535998,133.91358900025807,739.0
1780245684,500,POST,GraphQL/listar-usuarios,349.400000,0.000000,48,64,67,69,78,93,250,300,350,350,350,18653,0,42,49.47318192435409,1.7491720000180067,354.5952589997796,22017.0
1780245684,500,,Aggregated,1736.200000,0.000000,46,63,66,68,75,86,97,100,330,350,350,92226,0,41,46.28182928313068,1.5012320000096224,354.5952589997796,14999.070999501226
1780245685,500,POST,GraphQL/listar-musicas,349.300000,0.000000,50,64,68,70,76,85,95,99,110,130,130,18881,0,43,47.17484533414702,2.728298999954859,134.2723739999201,50908.0
1780245685,500,POST,GraphQL/listar-musicas-playlist,343.000000,0.000000,45,61,65,68,74,84,94,97,130,130,130,18705,0,41,45.13433495401988,1.5012320000096224,130.01704299995254,327.0
1780245685,500,POST,GraphQL/listar-playlists-musica,339.400000,0.000000,45,62,66,68,73,82,93,98,130,130,130,18595,0,41,44.96594888023748,1.65402799984804,133.07936399996834,538.0
1780245685,500,POST,GraphQL/listar-playlists-usuario,348.300000,0.000000,46,62,66,68,73,85,92,98,110,130,130,18813,0,41,45.15873288725787,1.6445390001535998,133.91358900025807,739.0
1780245685,500,POST,GraphQL/listar-usuarios,347.700000,0.000000,47,64,67,69,77,91,250,300,350,350,350,18987,0,42,49.5467550558261,1.7491720000180067,354.5952589997796,22017.0
1780245685,500,,Aggregated,1727.700000,0.000000,46,63,66,68,75,85,96,100,330,350,350,93981,0,42,46.40728753205425,1.5012320000096224,354.5952589997796,14995.096657835094
1780245686,500,POST,GraphQL/listar-musicas,351.200000,0.000000,52,64,68,70,75,85,95,99,110,110,110,19244,0,43,47.37936232659713,2.728298999954859,134.2723739999201,50908.0
1780245686,500,POST,GraphQL/listar-musicas-playlist,339.700000,0.000000,46,62,66,68,74,84,93,97,100,110,110,19012,0,41,45.33601400315303,1.5012320000096224,130.01704299995254,327.0
1780245686,500,POST,GraphQL/listar-playlists-musica,336.900000,0.000000,46,62,66,68,73,82,91,96,100,110,110,18926,0,41,45.14590398721427,1.65402799984804,133.07936399996834,538.0
1780245686,500,POST,GraphQL/listar-playlists-usuario,346.700000,0.000000,46,62,66,68,73,84,92,97,110,110,110,19143,0,41,45.362778970379985,1.6445390001535998,133.91358900025807,739.0
1780245686,500,POST,GraphQL/listar-usuarios,348.600000,0.000000,48,64,68,69,77,91,250,300,350,350,350,19346,0,42,49.63847590194186,1.7491720000180067,354.5952589997796,22017.0
1780245686,500,,Aggregated,1723.100000,0.000000,47,63,67,69,75,85,95,99,330,350,350,95671,0,42,46.58479328461078,1.5012320000096224,354.5952589997796,15011.4478055001
1780245687,500,POST,GraphQL/listar-musicas,347.900000,0.000000,51,65,68,70,76,85,94,99,110,110,110,19587,0,43,47.469410850463824,2.728298999954859,134.2723739999201,50908.0
1780245687,500,POST,GraphQL/listar-musicas-playlist,339.100000,0.000000,46,62,66,69,75,84,92,97,100,110,110,19386,0,41,45.494726357523405,1.5012320000096224,130.01704299995254,327.0
1780245687,500,POST,GraphQL/listar-playlists-musica,342.400000,0.000000,46,63,67,68,74,82,91,98,100,110,110,19318,0,41,45.30817694409451,1.65402799984804,133.07936399996834,538.0
1780245687,500,POST,GraphQL/listar-playlists-usuario,340.800000,0.000000,46,63,66,69,75,84,92,97,110,110,110,19482,0,41,45.495182211065526,1.6445390001535998,133.91358900025807,739.0
1780245687,500,POST,GraphQL/listar-usuarios,349.800000,0.000000,48,64,68,70,77,89,110,300,350,350,350,19701,0,43,49.695296306226446,1.7491720000180067,354.5952589997796,22017.0
1780245687,500,,Aggregated,1720.000000,0.000000,47,63,67,69,75,85,94,100,330,350,350,97474,0,42,46.70365071779126,1.5012320000096224,354.5952589997796,14999.09121406734
1780245688,500,POST,GraphQL/listar-musicas,344.000000,0.000000,52,65,68,71,77,86,97,100,130,130,130,19938,0,43,47.62579177625806,2.728298999954859,134.2723739999201,50908.0
1780245688,500,POST,GraphQL/listar-musicas-playlist,345.300000,0.000000,46,63,67,69,75,84,92,97,110,120,120,19764,0,42,45.63854416883993,1.5012320000096224,130.01704299995254,327.0
1780245688,500,POST,GraphQL/listar-playlists-musica,344.700000,0.000000,46,63,67,69,75,84,92,98,110,130,130,19650,0,41,45.445846735217415,1.65402799984804,133.07936399996834,538.0
1780245688,500,POST,GraphQL/listar-playlists-usuario,341.400000,0.000000,46,62,66,69,74,84,92,98,110,130,130,19853,0,41,45.58786754052169,1.6445390001535998,133.91358900025807,739.0
1780245688,500,POST,GraphQL/listar-usuarios,347.100000,0.000000,48,64,68,70,78,89,100,290,350,350,350,20017,0,43,49.74285798266313,1.7491720000180067,354.5952589997796,22017.0
1780245688,500,,Aggregated,1722.500000,0.000000,47,64,67,69,76,85,95,100,330,350,350,99222,0,42,46.81756902961026,1.5012320000096224,354.5952589997796,14990.867831730866
1780245689,500,POST,GraphQL/listar-musicas,346.200000,0.000000,52,65,69,71,76,85,97,110,130,130,130,20322,0,43,47.7553735488156,2.728298999954859,134.2723739999201,50908.0
1780245689,500,POST,GraphQL/listar-musicas-playlist,346.000000,0.000000,47,63,67,69,75,84,92,98,110,120,120,20097,0,42,45.740280242023815,1.5012320000096224,130.01704299995254,327.0
1780245689,500,POST,GraphQL/listar-playlists-musica,341.500000,0.000000,46,63,67,69,75,83,92,99,110,130,130,19990,0,41,45.520395626814675,1.65402799984804,133.07936399996834,538.0
1780245689,500,POST,GraphQL/listar-playlists-usuario,347.900000,0.000000,46,63,67,69,75,84,92,99,110,130,130,20219,0,41,45.72101328290103,1.6445390001535998,133.91358900025807,739.0
1780245689,500,POST,GraphQL/listar-usuarios,346.800000,0.000000,49,64,68,70,77,89,100,260,350,350,350,20409,0,43,49.82751507530804,1.7491720000180067,354.5952589997796,22017.0
1780245689,500,,Aggregated,1728.400000,0.000000,47,64,68,70,76,85,95,100,320,350,350,101037,0,42,46.92382735633475,1.5012320000096224,354.5952589997796,15006.04243000089
1780245690,500,POST,GraphQL/listar-musicas,346.500000,0.000000,50,65,68,70,76,84,97,110,130,130,130,20658,0,43,47.86007699540263,2.728298999954859,134.2723739999201,50908.0
1780245690,500,POST,GraphQL/listar-musicas-playlist,342.000000,0.000000,46,63,67,69,75,83,91,98,110,120,120,20444,0,42,45.842327885098626,1.5012320000096224,130.01704299995254,327.0
1780245690,500,POST,GraphQL/listar-playlists-musica,340.300000,0.000000,46,63,67,69,75,82,91,99,110,130,130,20357,0,41,45.620488291203394,1.65402799984804,133.07936399996834,538.0
1780245690,500,POST,GraphQL/listar-playlists-usuario,342.500000,0.000000,46,63,67,69,75,84,92,100,110,130,130,20537,0,41,45.8375039952755,1.6445390001535998,133.91358900025807,739.0
1780245690,500,POST,GraphQL/listar-usuarios,346.300000,0.000000,48,64,68,70,76,88,100,110,350,350,350,20773,0,43,49.88870202228633,1.7491720000180067,354.5952589997796,22017.0
1780245690,500,,Aggregated,1717.600000,0.000000,47,64,67,69,75,84,94,100,320,350,350,102769,0,42,47.02092195757452,1.5012320000096224,354.5952589997796,15002.877346281466
1780245691,500,POST,GraphQL/listar-musicas,343.900000,0.000000,50,65,68,70,75,83,97,110,130,130,130,20985,0,43,47.941617288302524,2.728298999954859,134.2723739999201,50908.0
1780245691,500,POST,GraphQL/listar-musicas-playlist,342.100000,0.000000,46,63,67,69,75,83,90,98,120,120,120,20825,0,42,45.960251284511735,1.5012320000096224,130.01704299995254,327.0
1780245691,500,POST,GraphQL/listar-playlists-musica,340.900000,0.000000,45,63,67,69,74,81,90,96,110,130,130,20717,0,41,45.71341519114863,1.65402799984804,133.07936399996834,538.0
1780245691,500,POST,GraphQL/listar-playlists-usuario,344.400000,0.000000,46,63,67,69,74,83,92,98,120,130,130,20907,0,42,45.944255888648534,1.6445390001535998,133.91358900025807,739.0
1780245691,500,POST,GraphQL/listar-usuarios,346.200000,0.000000,48,64,67,69,75,85,98,110,350,350,350,21092,0,43,49.944520065614995,1.7491720000180067,354.5952589997796,22017.0
1780245691,500,,Aggregated,1717.500000,0.000000,47,64,67,69,75,83,93,100,250,350,350,104526,0,42,47.10988911273716,1.5012320000096224,354.5952589997796,14982.805598607045
1780245692,500,POST,GraphQL/listar-musicas,345.200000,0.000000,51,65,68,70,76,85,97,110,130,130,130,21361,0,43,48.09426621127447,2.728298999954859,134.2723739999201,50908.0
1780245692,500,POST,GraphQL/listar-musicas-playlist,343.200000,0.000000,46,63,67,69,74,83,91,97,120,120,120,21159,0,42,46.080529407058876,1.5012320000096224,130.01704299995254,327.0
1780245692,500,POST,GraphQL/listar-playlists-musica,342.600000,0.000000,45,63,67,68,74,81,91,96,110,130,130,21040,0,41,45.8236959621682,1.65402799984804,133.07936399996834,538.0
1780245692,500,POST,GraphQL/listar-playlists-usuario,343.900000,0.000000,46,64,67,69,75,85,92,98,120,130,130,21269,0,42,46.08470343377566,1.6445390001535998,133.91358900025807,739.0
1780245692,500,POST,GraphQL/listar-usuarios,345.700000,0.000000,47,64,67,69,75,85,96,110,290,330,330,21446,0,43,50.027088159421226,1.7491720000180067,354.5952589997796,22017.0
1780245692,500,,Aggregated,1720.600000,0.000000,47,64,67,69,75,84,93,100,130,290,330,106275,0,42,47.231678149206815,1.5012320000096224,354.5952589997796,14994.859317807575
1780245693,500,POST,GraphQL/listar-musicas,343.100000,0.000000,52,65,68,70,76,85,95,110,130,130,130,21728,0,43,48.198932510311096,2.728298999954859,134.2723739999201,50908.0
1780245693,500,POST,GraphQL/listar-musicas-playlist,343.500000,0.000000,46,63,67,69,75,83,91,98,120,120,120,21488,0,42,46.175430112991165,1.5012320000096224,130.01704299995254,327.0
1780245693,500,POST,GraphQL/listar-playlists-musica,342.900000,0.000000,45,63,67,68,74,81,91,96,110,130,130,21415,0,42,45.91234678263007,1.65402799984804,133.07936399996834,538.0
1780245693,500,POST,GraphQL/listar-playlists-usuario,342.600000,0.000000,46,63,67,69,75,84,92,100,120,130,130,21600,0,42,46.17073978208227,1.6445390001535998,133.91358900025807,739.0
1780245693,500,POST,GraphQL/listar-usuarios,346.000000,0.000000,47,64,67,69,75,84,94,100,110,130,130,21832,0,43,50.062988644739114,1.7491720000180067,354.5952589997796,22017.0
1780245693,500,,Aggregated,1718.100000,0.000000,47,64,67,69,75,83,93,100,120,130,130,108063,0,42,47.31462296611187,1.5012320000096224,354.5952589997796,15003.418505871576
1780245694,500,POST,GraphQL/listar-musicas,344.800000,0.000000,51,65,68,70,75,84,96,110,130,130,130,22055,0,43,48.247226934710454,2.728298999954859,134.2723739999201,50908.0
1780245694,500,POST,GraphQL/listar-musicas-playlist,347.400000,0.000000,46,63,67,69,74,83,92,99,120,120,120,21871,0,42,46.24993905267047,1.5012320000096224,130.01704299995254,327.0
1780245694,500,POST,GraphQL/listar-playlists-musica,344.800000,0.000000,45,63,66,68,73,81,91,96,110,130,130,21795,0,42,45.96712542661278,1.65402799984804,133.07936399996834,538.0
1780245694,500,POST,GraphQL/listar-playlists-usuario,345.500000,0.000000,46,64,67,69,75,85,93,100,120,130,130,21960,0,42,46.24254208524468,1.6445390001535998,133.91358900025807,739.0
1780245694,500,POST,GraphQL/listar-usuarios,346.800000,0.000000,47,64,67,69,75,84,95,100,110,130,130,22183,0,43,50.08867172298369,1.7491720000180067,354.5952589997796,22017.0
1780245694,500,,Aggregated,1729.300000,0.000000,47,64,67,69,75,84,93,100,120,130,130,109864,0,42,47.36839851782153,1.5012320000096224,354.5952589997796,14984.754041360227
1780245695,500,POST,GraphQL/listar-musicas,344.700000,0.000000,51,65,69,70,76,83,97,110,130,130,130,22422,0,44,48.33401280251733,2.728298999954859,134.2723739999201,50908.0
1780245695,500,POST,GraphQL/listar-musicas-playlist,344.500000,0.000000,47,64,67,69,74,83,93,100,120,120,120,22239,0,42,46.36128191851932,1.5012320000096224,130.01704299995254,327.0
1780245695,500,POST,GraphQL/listar-playlists-musica,343.000000,0.000000,45,63,66,68,73,81,91,97,110,130,130,22117,0,42,46.05780746873543,1.65402799984804,133.07936399996834,538.0
1780245695,500,POST,GraphQL/listar-playlists-usuario,345.200000,0.000000,46,64,67,69,75,85,94,100,120,130,130,22342,0,42,46.34362773363957,1.6445390001535998,133.91358900025807,739.0
1780245695,500,POST,GraphQL/listar-usuarios,344.700000,0.000000,47,64,67,70,75,84,95,100,110,130,130,22498,0,43,50.128375230417895,1.7491720000180067,354.5952589997796,22017.0
1780245695,500,,Aggregated,1722.100000,0.000000,47,64,67,69,75,83,94,100,120,130,130,111618,0,42,47.453204932797064,1.5012320000096224,354.5952589997796,14983.958492357864
1780245697,500,POST,GraphQL/listar-musicas,342.100000,0.000000,50,65,68,70,75,82,92,98,110,110,110,22783,0,44,48.46269048869976,2.728298999954859,134.2723739999201,50908.0
1780245697,500,POST,GraphQL/listar-musicas-playlist,345.400000,0.000000,46,63,67,68,73,81,94,100,110,120,120,22538,0,42,46.46670727886028,1.5012320000096224,130.01704299995254,327.0
1780245697,500,POST,GraphQL/listar-playlists-musica,345.200000,0.000000,45,62,66,67,73,79,91,96,110,110,110,22440,0,42,46.1650977043237,1.65402799984804,133.07936399996834,538.0
1780245697,500,POST,GraphQL/listar-playlists-usuario,345.000000,0.000000,45,63,67,69,75,83,93,97,110,120,120,22665,0,42,46.46912226300354,1.6445390001535998,133.91358900025807,739.0
1780245697,500,POST,GraphQL/listar-usuarios,344.400000,0.000000,47,64,67,70,76,85,97,100,110,120,120,22865,0,43,50.234952550271,1.7491720000180067,354.5952589997796,22017.0
1780245697,500,,Aggregated,1722.100000,0.000000,46,64,67,69,74,82,93,99,110,120,120,113291,0,42,47.56937236579204,1.5012320000096224,354.5952589997796,15000.730419892136
1780245698,500,POST,GraphQL/listar-musicas,345.000000,0.000000,52,66,69,71,77,86,95,100,110,120,120,23086,0,44,48.57429663874411,2.728298999954859,134.2723739999201,50908.0
1780245698,500,POST,GraphQL/listar-musicas-playlist,343.300000,0.000000,46,63,67,68,74,84,96,100,120,120,120,22908,0,42,46.580019160291286,1.5012320000096224,130.01704299995254,327.0
1780245698,500,POST,GraphQL/listar-playlists-musica,341.900000,0.000000,45,62,66,67,73,81,93,98,120,120,120,22819,0,42,46.275877745300946,1.65402799984804,133.07936399996834,538.0
1780245698,500,POST,GraphQL/listar-playlists-usuario,347.100000,0.000000,46,64,68,70,77,87,97,100,120,120,120,22981,0,42,46.587460415254846,1.6445390001535998,133.91358900025807,739.0
1780245698,500,POST,GraphQL/listar-usuarios,343.300000,0.000000,49,64,68,70,77,88,98,100,120,120,120,23210,0,43,50.322224597929356,1.7491720000180067,354.5952589997796,22017.0
1780245698,500,,Aggregated,1720.600000,0.000000,47,64,67,69,75,85,96,100,120,120,120,115004,0,43,47.67673999266927,1.5012320000096224,354.5952589997796,14982.323701784286
1780245699,500,POST,GraphQL/listar-musicas,344.500000,0.000000,51,65,69,71,77,86,95,99,110,120,120,23442,0,44,48.641661699857075,2.728298999954859,134.2723739999201,50908.0
1780245699,500,POST,GraphQL/listar-musicas-playlist,340.300000,0.000000,46,63,67,69,75,84,96,100,120,120,120,23290,0,42,46.630787157790856,1.5012320000096224,130.01704299995254,327.0
1780245699,500,POST,GraphQL/listar-playlists-musica,344.000000,0.000000,45,62,66,68,73,82,93,97,120,120,120,23165,0,42,46.32594592657136,1.65402799984804,133.07936399996834,538.0
1780245699,500,POST,GraphQL/listar-playlists-usuario,342.900000,0.000000,45,63,67,69,77,85,96,100,120,120,120,23370,0,42,46.640005061102876,1.6445390001535998,133.91358900025807,739.0
1780245699,500,POST,GraphQL/listar-usuarios,344.500000,0.000000,48,64,68,70,77,86,96,100,120,120,120,23539,0,43,50.328397615486516,1.7491720000180067,354.5952589997796,22017.0
1780245699,500,,Aggregated,1716.200000,0.000000,46,64,67,69,76,85,95,100,120,120,120,116806,0,43,47.72089168031547,1.5012320000096224,354.5952589997796,14973.48191873705
1780245700,500,POST,GraphQL/listar-musicas,341.100000,0.000000,49,65,68,70,76,82,94,99,110,120,120,23833,0,44,48.70960402685559,2.728298999954859,134.2723739999201,50908.0
1780245700,500,POST,GraphQL/listar-musicas-playlist,344.200000,0.000000,46,63,66,68,73,81,94,98,110,120,120,23610,0,42,46.71301435395801,1.5012320000096224,130.01704299995254,327.0
1780245700,500,POST,GraphQL/listar-playlists-musica,344.900000,0.000000,44,61,65,67,73,80,93,97,120,120,120,23497,0,42,46.37677487317629,1.65402799984804,133.07936399996834,538.0
1780245700,500,POST,GraphQL/listar-playlists-usuario,343.400000,0.000000,45,63,67,69,75,83,96,100,120,120,120,23739,0,42,46.72091701769117,1.6445390001535998,133.91358900025807,739.0
1780245700,500,POST,GraphQL/listar-usuarios,341.500000,0.000000,48,64,68,70,75,83,95,100,120,120,120,23919,0,43,50.392516487935936,1.7491720000180067,354.5952589997796,22017.0
1780245700,500,,Aggregated,1715.100000,0.000000,46,63,67,69,75,82,94,99,120,120,120,118598,0,43,47.79129320749019,1.5012320000096224,354.5952589997796,14990.30307425083
1780245701,500,POST,GraphQL/listar-musicas,343.800000,0.000000,51,66,69,71,76,83,94,99,120,130,130,24157,0,44,48.81366187453118,2.728298999954859,134.2723739999201,50908.0
1780245701,500,POST,GraphQL/listar-musicas-playlist,344.100000,0.000000,46,63,67,69,74,81,94,99,110,120,120,23938,0,42,46.76021471425969,1.5012320000096224,130.01704299995254,327.0
1780245701,500,POST,GraphQL/listar-playlists-musica,341.800000,0.000000,45,62,66,68,73,80,93,97,120,120,120,23863,0,42,46.481410461259124,1.65402799984804,133.07936399996834,538.0
1780245701,500,POST,GraphQL/listar-playlists-usuario,344.300000,0.000000,45,63,68,70,76,83,96,100,120,120,120,24032,0,42,46.79782806978083,1.6445390001535998,133.91358900025807,739.0
1780245701,500,POST,GraphQL/listar-usuarios,341.100000,0.000000,48,64,68,70,76,84,96,100,120,120,120,24285,0,43,50.44341344302805,1.7491720000180067,354.5952589997796,22017.0
1780245701,500,,Aggregated,1715.100000,0.000000,46,64,67,69,75,82,95,99,120,120,130,120275,0,43,47.868528349257296,1.5012320000096224,354.5952589997796,14989.757381001871
1780245702,500,POST,GraphQL/listar-musicas,344.200000,0.000000,51,65,69,70,76,83,95,100,120,130,130,24507,0,44,48.88876854205124,2.728298999954859,134.2723739999201,50908.0
1780245702,500,POST,GraphQL/listar-musicas-playlist,340.100000,0.000000,45,62,66,68,73,80,94,99,110,120,120,24346,0,42,46.804836396037985,1.5012320000096224,130.01704299995254,327.0
1780245702,500,POST,GraphQL/listar-playlists-musica,341.400000,0.000000,44,61,65,67,73,80,93,98,120,120,120,24251,0,42,46.51443501521713,1.65402799984804,133.07936399996834,538.0
1780245702,500,POST,GraphQL/listar-playlists-usuario,341.900000,0.000000,44,63,67,69,75,82,97,100,120,120,120,24428,0,42,46.84638392921918,1.6445390001535998,133.91358900025807,739.0
1780245702,500,POST,GraphQL/listar-usuarios,344.000000,0.000000,47,64,68,70,75,83,95,100,120,120,120,24622,0,43,50.45395310441631,1.7491720000180067,354.5952589997796,22017.0
1780245702,500,,Aggregated,1711.600000,0.000000,45,63,67,69,74,82,95,100,120,120,130,122154,0,43,47.909113586717694,1.5012320000096224,354.5952589997796,14970.982546621477
1780245703,500,POST,GraphQL/listar-musicas,342.600000,0.000000,52,66,69,71,78,88,97,110,130,130,130,24867,0,44,49.067280188042304,2.728298999954859,134.2723739999201,50908.0
1780245703,500,POST,GraphQL/listar-musicas-playlist,344.800000,0.000000,46,62,66,68,74,82,94,100,120,120,120,24655,0,42,46.90016241622154,1.5012320000096224,130.01704299995254,327.0
1780245703,500,POST,GraphQL/listar-playlists-musica,346.300000,0.000000,45,62,66,68,75,85,94,99,120,130,130,24539,0,42,46.64832993178322,1.65402799984804,133.07936399996834,538.0
1780245703,500,POST,GraphQL/listar-playlists-usuario,343.900000,0.000000,45,63,67,69,76,85,98,100,120,130,130,24781,0,42,46.973350681125254,1.6445390001535998,133.91358900025807,739.0
1780245703,500,POST,GraphQL/listar-usuarios,344.800000,0.000000,47,64,68,71,78,88,96,100,120,130,130,24946,0,43,50.54601419241324,1.7491720000180067,354.5952589997796,22017.0
1780245703,500,,Aggregated,1722.400000,0.000000,46,64,67,69,76,86,96,100,120,130,130,123788,0,43,48.03495009432988,1.5012320000096224,354.5952589997796,14983.218437974601
1780245704,500,POST,GraphQL/listar-musicas,344.900000,0.000000,55,66,70,72,79,89,97,110,130,130,130,25230,0,44,49.162798388230264,2.728298999954859,134.2723739999201,50908.0
1780245704,500,POST,GraphQL/listar-musicas-playlist,345.200000,0.000000,45,63,66,69,74,82,94,98,120,120,120,24984,0,42,46.942414580609245,1.5012320000096224,130.01704299995254,327.0
1780245704,500,POST,GraphQL/listar-playlists-musica,344.600000,0.000000,45,63,66,69,75,86,94,100,120,130,130,24903,0,42,46.73832381355767,1.65402799984804,133.07936399996834,538.0
1780245704,500,POST,GraphQL/listar-playlists-usuario,345.600000,0.000000,45,64,68,70,76,85,98,110,120,130,130,25089,0,42,47.06119742679923,1.6445390001535998,133.91358900025807,739.0
1780245704,500,POST,GraphQL/listar-usuarios,342.200000,0.000000,47,64,68,71,77,87,96,100,120,130,130,25318,0,43,50.5413469983782,1.7491720000180067,354.5952589997796,22017.0
1780245704,500,,Aggregated,1722.500000,0.000000,46,64,68,70,76,86,96,100,120,130,130,125524,0,43,48.09785676597223,1.5012320000096224,354.5952589997796,14992.699396131417
1780245705,500,POST,GraphQL/listar-musicas,344.600000,0.000000,55,66,69,71,79,89,98,110,130,130,130,25559,0,44,49.20679518365528,2.728298999954859,134.2723739999201,50908.0
1780245705,500,POST,GraphQL/listar-musicas-playlist,340.100000,0.000000,45,62,66,68,73,82,93,97,120,120,120,25382,0,42,46.98310228768195,1.5012320000096224,130.01704299995254,327.0
1780245705,500,POST,GraphQL/listar-playlists-musica,342.100000,0.000000,44,62,66,68,75,85,94,100,120,130,130,25301,0,42,46.79201405158022,1.65402799984804,133.07936399996834,538.0
1780245705,500,POST,GraphQL/listar-playlists-usuario,342.700000,0.000000,45,63,67,69,76,85,97,110,120,130,130,25461,0,42,47.09353909139334,1.6445390001535998,133.91358900025807,739.0
1780245705,500,POST,GraphQL/listar-usuarios,343.700000,0.000000,46,64,68,70,76,86,95,100,120,130,130,25687,0,43,50.53277823431829,1.7491720000180067,354.5952589997796,22017.0
1780245705,500,,Aggregated,1713.200000,0.000000,46,64,67,69,76,86,95,100,120,130,130,127390,0,43,48.12913416433702,1.5012320000096224,354.5952589997796,14973.198696914986
1780245706,500,POST,GraphQL/listar-musicas,342.700000,0.000000,56,66,69,71,78,90,98,110,130,130,130,25917,0,44,49.29278846128185,2.728298999954859,134.2723739999201,50908.0
1780245706,500,POST,GraphQL/listar-musicas-playlist,344.200000,0.000000,45,62,66,68,73,82,93,96,120,120,120,25745,0,42,47.042460670730016,1.5012320000096224,130.01704299995254,327.0
1780245706,500,POST,GraphQL/listar-playlists-musica,344.000000,0.000000,44,62,66,68,74,86,95,99,120,130,130,25616,0,42,46.84952637098046,1.65402799984804,133.07936399996834,538.0
1780245706,500,POST,GraphQL/listar-playlists-usuario,341.400000,0.000000,44,63,67,69,74,85,98,110,120,130,130,25849,0,42,47.152197959571254,1.6445390001535998,133.91358900025807,739.0
1780245706,500,POST,GraphQL/listar-usuarios,344.200000,0.000000,46,64,67,69,75,87,94,98,120,130,130,26013,0,44,50.578256405409846,1.7491720000180067,354.5952589997796,22017.0
1780245706,500,,Aggregated,1716.500000,0.000000,45,63,67,69,75,86,95,100,120,130,130,129140,0,43,48.18999663132163,1.5012320000096224,354.5952589997796,14971.451842961127
1780245707,500,POST,GraphQL/listar-musicas,342.500000,0.000000,56,66,69,71,77,88,96,110,130,130,130,26289,0,44,49.39646955068847,2.728298999954859,134.2723739999201,50908.0
1780245707,500,POST,GraphQL/listar-musicas-playlist,344.500000,0.000000,44,62,66,68,73,81,91,94,110,120,120,26050,0,42,47.12114752433551,1.5012320000096224,130.01704299995254,327.0
1780245707,500,POST,GraphQL/listar-playlists-musica,343.600000,0.000000,45,63,66,68,74,84,93,97,120,130,130,25950,0,42,46.95927550454858,1.65402799984804,133.07936399996834,538.0
1780245707,500,POST,GraphQL/listar-playlists-usuario,344.200000,0.000000,45,63,67,69,74,83,94,100,120,130,130,26168,0,42,47.24075099522142,1.6445390001535998,133.91358900025807,739.0
1780245707,500,POST,GraphQL/listar-usuarios,340.900000,0.000000,46,64,67,69,75,85,93,96,120,130,130,26371,0,44,50.606052305977045,1.7491720000180067,354.5952589997796,22017.0
1780245707,500,,Aggregated,1715.700000,0.000000,45,64,67,69,75,84,93,98,120,130,130,130828,0,43,48.27262556772154,1.5012320000096224,354.5952589997796,14987.222314794997
1780245708,500,POST,GraphQL/listar-musicas,344.700000,0.000000,56,66,69,71,78,89,96,110,130,130,130,26602,0,44,49.45241434595336,2.728298999954859,134.2723739999201,50908.0
1780245708,500,POST,GraphQL/listar-musicas-playlist,341.900000,0.000000,44,62,66,68,73,82,92,95,110,120,120,26406,0,42,47.169987964020905,1.5012320000096224,130.01704299995254,327.0
1780245708,500,POST,GraphQL/listar-playlists-musica,342.400000,0.000000,45,63,66,68,74,85,95,98,120,130,130,26340,0,42,47.030816419743154,1.65402799984804,133.07936399996834,538.0
1780245708,500,POST,GraphQL/listar-playlists-usuario,343.600000,0.000000,45,63,67,69,75,85,95,100,120,130,130,26502,0,42,47.29960990287367,1.6445390001535998,133.91358900025807,739.0
1780245708,500,POST,GraphQL/listar-usuarios,344.600000,0.000000,45,64,67,69,75,86,93,97,120,130,130,26733,0,44,50.61351604200487,1.7491720000180067,354.5952589997796,22017.0
1780245708,500,,Aggregated,1717.200000,0.000000,46,64,67,69,75,86,94,98,120,130,130,132583,0,43,48.32053067966388,1.5012320000096224,354.5952589997796,14973.456151995353
1780245709,500,POST,GraphQL/listar-musicas,342.100000,0.000000,55,66,69,71,78,88,96,100,130,130,130,26958,0,44,49.48417832751132,2.728298999954859,134.2723739999201,50908.0
1780245709,500,POST,GraphQL/listar-musicas-playlist,343.900000,0.000000,44,61,65,68,73,83,92,96,110,120,120,26801,0,42,47.19865530580698,1.5012320000096224,130.01704299995254,327.0
1780245709,500,POST,GraphQL/listar-playlists-musica,344.900000,0.000000,45,63,66,68,75,84,94,98,120,130,130,26688,0,42,47.06517676851153,1.65402799984804,133.07936399996834,538.0
1780245709,500,POST,GraphQL/listar-playlists-usuario,341.000000,0.000000,45,63,67,69,75,85,94,100,120,130,130,26878,0,42,47.34463440683668,1.6445390001535998,133.91358900025807,739.0
1780245709,500,POST,GraphQL/listar-usuarios,344.200000,0.000000,45,63,67,69,76,86,93,96,120,130,130,27061,0,44,50.625203220535916,1.7491720000180067,354.5952589997796,22017.0
1780245709,500,,Aggregated,1716.100000,0.000000,45,63,67,69,75,85,94,98,120,130,130,134386,0,43,48.349819071479644,1.5012320000096224,354.5952589997796,14965.582828568453
1780245710,500,POST,GraphQL/listar-musicas,343.300000,0.000000,56,67,69,71,78,89,96,100,130,130,130,27345,0,45,49.5873639017754,2.728298999954859,134.2723739999201,50908.0
1780245710,500,POST,GraphQL/listar-musicas-playlist,345.900000,0.000000,44,62,66,68,73,83,93,96,110,120,120,27112,0,42,47.256266432352355,1.5012320000096224,130.01704299995254,327.0
1780245710,500,POST,GraphQL/listar-playlists-musica,343.300000,0.000000,45,63,67,69,75,87,95,98,120,130,130,27007,0,42,47.14293038530896,1.65402799984804,133.07936399996834,538.0
1780245710,500,POST,GraphQL/listar-playlists-usuario,344.500000,0.000000,45,63,67,69,75,85,94,99,120,130,130,27242,0,42,47.3993695948522,1.6445390001535998,133.91358900025807,739.0
1780245710,500,POST,GraphQL/listar-usuarios,341.500000,0.000000,45,64,67,69,76,87,93,96,120,130,130,27413,0,44,50.66511703516311,1.7491720000180067,354.5952589997796,22017.0
1780245710,500,,Aggregated,1718.500000,0.000000,45,64,67,69,75,86,94,98,120,130,130,136119,0,43,48.41722288667913,1.5012320000096224,354.5952589997796,14980.70444978291
1780245711,500,POST,GraphQL/listar-musicas,343.700000,0.000000,56,67,70,71,78,89,97,100,120,130,130,27682,0,45,49.68110722404621,2.728298999954859,134.2723739999201,50908.0
1780245711,500,POST,GraphQL/listar-musicas-playlist,340.900000,0.000000,44,62,66,68,73,83,94,98,110,120,120,27450,0,42,47.30719023052564,1.5012320000096224,130.01704299995254,327.0
1780245711,500,POST,GraphQL/listar-playlists-musica,342.000000,0.000000,46,64,67,69,75,85,95,99,120,130,130,27377,0,42,47.227778764475296,1.65402799984804,133.07936399996834,538.0
1780245711,500,POST,GraphQL/listar-playlists-usuario,343.900000,0.000000,45,64,68,69,76,86,96,100,120,130,130,27559,0,42,47.503288659202944,1.6445390001535998,133.91358900025807,739.0
1780245711,500,POST,GraphQL/listar-usuarios,343.700000,0.000000,45,63,67,69,75,85,93,97,120,130,130,27793,0,44,50.691166593887786,1.7491720000180067,354.5952589997796,22017.0
1780245711,500,,Aggregated,1714.200000,0.000000,46,64,68,70,75,86,95,99,120,130,130,137861,0,43,48.48951049638325,1.5012320000096224,354.5952589997796,14980.486243390082
1780245712,500,POST,GraphQL/listar-musicas,342.800000,0.000000,53,66,69,71,76,87,96,100,110,120,120,28025,0,45,49.716322150117435,2.728298999954859,134.2723739999201,50908.0
1780245712,500,POST,GraphQL/listar-musicas-playlist,342.600000,0.000000,44,61,65,68,73,80,93,98,110,110,110,27858,0,42,47.32953202778118,1.5012320000096224,130.01704299995254,327.0
1780245712,500,POST,GraphQL/listar-playlists-musica,343.600000,0.000000,45,63,66,68,74,83,94,97,110,120,120,27766,0,42,47.24664782633574,1.65402799984804,133.07936399996834,538.0
1780245712,500,POST,GraphQL/listar-playlists-usuario,340.000000,0.000000,44,63,67,69,74,84,95,98,120,120,120,27931,0,42,47.50718634764143,1.6445390001535998,133.91358900025807,739.0
1780245712,500,POST,GraphQL/listar-usuarios,343.800000,0.000000,45,63,67,68,73,80,92,96,110,110,110,28140,0,44,50.6751115778581,1.7491720000180067,354.5952589997796,22017.0
1780245712,500,,Aggregated,1712.800000,0.000000,45,63,67,69,74,83,94,98,110,120,120,139720,0,43,48.501125942670306,1.5012320000096224,354.5952589997796,14965.243079015174
1780245713,500,POST,GraphQL/listar-musicas,342.900000,0.000000,56,66,70,72,79,89,97,100,110,120,120,28372,0,45,49.846617390668264,2.728298999954859,134.2723739999201,50908.0
1780245713,500,POST,GraphQL/listar-musicas-playlist,344.800000,0.000000,44,62,66,68,74,84,94,98,110,110,110,28165,0,43,47.39589461132375,1.5012320000096224,130.01704299995254,327.0
1780245713,500,POST,GraphQL/listar-playlists-musica,344.400000,0.000000,45,63,67,69,75,85,95,99,110,120,120,28057,0,42,47.33033904152399,1.65402799984804,133.07936399996834,538.0
1780245713,500,POST,GraphQL/listar-playlists-usuario,343.800000,0.000000,45,63,67,69,75,85,95,99,120,120,120,28289,0,43,47.59347589518803,1.6445390001535998,133.91358900025807,739.0
1780245713,500,POST,GraphQL/listar-usuarios,342.300000,0.000000,46,64,67,69,75,84,94,98,110,110,110,28453,0,44,50.77319719737542,1.7491720000180067,354.5952589997796,22017.0
1780245713,500,,Aggregated,1718.200000,0.000000,46,64,67,69,76,86,95,99,110,120,120,141336,0,43,48.59428979368244,1.5012320000096224,354.5952589997796,14971.56894917077
1780245714,500,POST,GraphQL/listar-musicas,343.200000,0.000000,55,66,69,71,77,87,96,100,110,110,110,28740,0,45,49.89925953368296,2.728298999954859,134.2723739999201,50908.0
1780245714,500,POST,GraphQL/listar-musicas-playlist,341.900000,0.000000,44,62,66,68,74,81,94,99,110,110,110,28511,0,43,47.448088557396446,1.5012320000096224,130.01704299995254,327.0
1780245714,500,POST,GraphQL/listar-playlists-musica,339.000000,0.000000,45,63,67,69,75,83,94,97,110,110,110,28416,0,42,47.378252478921624,1.65402799984804,133.07936399996834,538.0
1780245714,500,POST,GraphQL/listar-playlists-usuario,343.600000,0.000000,45,64,67,69,75,84,95,98,110,110,110,28618,0,43,47.66011631794593,1.6445390001535998,133.91358900025807,739.0
1780245714,500,POST,GraphQL/listar-usuarios,341.800000,0.000000,46,64,67,69,75,83,94,98,110,110,110,28845,0,44,50.77037031194058,1.7491720000180067,354.5952589997796,22017.0
1780245714,500,,Aggregated,1709.500000,0.000000,46,64,68,69,75,84,95,99,110,110,110,143130,0,43,48.63834370665771,1.5012320000096224,354.5952589997796,14978.94146580032
1780245715,500,POST,GraphQL/listar-musicas,341.700000,0.000000,52,66,69,71,77,86,96,100,110,110,110,29083,0,45,49.90186173366037,2.728298999954859,134.2723739999201,50908.0
1780245715,500,POST,GraphQL/listar-musicas-playlist,341.800000,0.000000,44,62,66,68,73,80,93,98,110,110,110,28891,0,43,47.474467879025475,1.5012320000096224,130.01704299995254,327.0
1780245715,500,POST,GraphQL/listar-playlists-musica,342.500000,0.000000,45,63,66,68,74,81,93,97,110,110,110,28813,0,42,47.3906168543033,1.65402799984804,133.07936399996834,538.0
1780245715,500,POST,GraphQL/listar-playlists-usuario,338.500000,0.000000,45,63,67,69,75,82,95,98,110,110,110,28970,0,43,47.68692448453491,1.6445390001535998,133.91358900025807,739.0
1780245715,500,POST,GraphQL/listar-usuarios,343.700000,0.000000,46,63,67,69,75,82,93,98,110,110,110,29203,0,44,50.77693026562083,1.7491720000180067,354.5952589997796,22017.0
1780245715,500,,Aggregated,1708.200000,0.000000,45,64,67,69,75,82,94,98,110,110,110,144960,0,43,48.652562338437576,1.5012320000096224,354.5952589997796,14968.801020971303
1780245716,500,POST,GraphQL/listar-musicas,340.400000,0.000000,53,66,69,71,76,86,97,100,110,110,110,29431,0,45,49.95150215633311,2.728298999954859,134.2723739999201,50908.0
1780245716,500,POST,GraphQL/listar-musicas-playlist,343.900000,0.000000,44,62,66,68,73,79,94,99,110,120,120,29259,0,43,47.50939025065533,1.5012320000096224,130.01704299995254,327.0
1780245716,500,POST,GraphQL/listar-playlists-musica,343.700000,0.000000,45,63,66,68,74,81,93,98,110,110,110,29140,0,42,47.43728840178599,1.65402799984804,133.07936399996834,538.0
1780245716,500,POST,GraphQL/listar-playlists-usuario,341.300000,0.000000,45,64,67,69,75,82,95,99,110,120,120,29361,0,43,47.77490313820986,1.6445390001535998,133.91358900025807,739.0
1780245716,500,POST,GraphQL/listar-usuarios,341.000000,0.000000,46,64,67,69,75,82,94,99,110,110,110,29531,0,44,50.810494370726374,1.7491720000180067,354.5952589997796,22017.0
1780245716,500,,Aggregated,1710.300000,0.000000,45,64,67,69,75,82,95,100,110,120,120,146722,0,43,48.70248588240285,1.5012320000096224,354.5952589997796,14962.99237333188
1780245717,500,POST,GraphQL/listar-musicas,343.500000,0.000000,51,66,69,70,76,84,97,100,110,110,110,29826,0,45,49.99326105310949,2.728298999954859,134.2723739999201,50908.0
1780245717,500,POST,GraphQL/listar-musicas-playlist,342.500000,0.000000,44,63,66,68,73,78,93,99,110,120,120,29591,0,43,47.557528128752935,1.5012320000096224,130.01704299995254,327.0
1780245717,500,POST,GraphQL/listar-playlists-musica,339.300000,0.000000,44,63,66,68,73,79,92,97,110,110,110,29490,0,42,47.48485601400622,1.65402799984804,133.07936399996834,538.0
1780245717,500,POST,GraphQL/listar-playlists-usuario,345.000000,0.000000,45,64,67,69,74,81,95,100,110,120,120,29713,0,43,47.824793411132205,1.6445390001535998,133.91358900025807,739.0
1780245717,500,POST,GraphQL/listar-usuarios,342.000000,0.000000,46,64,68,69,74,81,95,100,110,110,110,29898,0,44,50.82899655755989,1.7491720000180067,354.5952589997796,22017.0
1780245717,500,,Aggregated,1712.300000,0.000000,45,64,67,69,74,81,94,100,110,120,120,148518,0,43,48.74429798801428,1.5012320000096224,354.5952589997796,14975.599307828008
1780245718,500,POST,GraphQL/listar-musicas,343.100000,0.000000,51,66,69,71,77,85,97,100,110,110,110,30137,0,45,50.044689986861535,2.728298999954859,134.2723739999201,50908.0
1780245718,500,POST,GraphQL/listar-musicas-playlist,341.500000,0.000000,44,62,66,68,73,79,92,98,110,120,120,29931,0,43,47.61067460475509,1.5012320000096224,130.01704299995254,327.0
1780245718,500,POST,GraphQL/listar-playlists-musica,341.900000,0.000000,45,62,66,68,73,79,91,96,110,110,110,29858,0,42,47.53731154233528,1.65402799984804,133.07936399996834,538.0
1780245718,500,POST,GraphQL/listar-playlists-usuario,341.800000,0.000000,45,63,67,69,74,80,95,99,110,120,120,30025,0,43,47.85880440792558,1.6445390001535998,133.91358900025807,739.0
1780245718,500,POST,GraphQL/listar-usuarios,344.200000,0.000000,45,63,67,69,74,81,94,99,110,110,110,30256,0,44,50.8235771682948,1.7491720000180067,354.5952589997796,22017.0
1780245718,500,,Aggregated,1712.500000,0.000000,45,63,67,69,74,81,94,99,110,120,120,150207,0,43,48.78121342488633,1.5012320000096224,354.5952589997796,14968.67831725552
1780245719,500,POST,GraphQL/listar-musicas,342.400000,0.000000,51,66,68,71,77,84,97,100,110,110,110,30482,0,45,50.085616417821846,2.728298999954859,134.2723739999201,50908.0
1780245719,500,POST,GraphQL/listar-musicas-playlist,344.900000,0.000000,44,62,66,68,73,79,94,99,110,120,120,30324,0,43,47.662416959237405,1.5012320000096224,130.01704299995254,327.0
1780245719,500,POST,GraphQL/listar-playlists-musica,345.500000,0.000000,44,62,66,68,73,79,92,97,110,110,110,30208,0,42,47.57108071610322,1.65402799984804,133.07936399996834,538.0
1780245719,500,POST,GraphQL/listar-playlists-usuario,344.600000,0.000000,46,63,67,69,74,80,95,100,110,120,120,30392,0,43,47.912321673597525,1.6445390001535998,133.91358900025807,739.0
1780245719,500,POST,GraphQL/listar-usuarios,343.700000,0.000000,46,64,67,69,75,81,94,100,110,110,110,30593,0,44,50.85171087313835,1.7491720000180067,354.5952589997796,22017.0
1780245719,500,,Aggregated,1721.100000,0.000000,45,63,67,69,74,81,95,100,110,120,120,151999,0,43,48.822095992986014,1.5012320000096224,354.5952589997796,14960.435772603767
1780245720,500,POST,GraphQL/listar-musicas,344.800000,0.000000,53,66,69,71,77,84,96,100,110,110,110,30863,0,45,50.152167415158814,2.728298999954859,134.2723739999201,50908.0
1780245720,500,POST,GraphQL/listar-musicas-playlist,345.100000,0.000000,45,63,66,68,74,80,93,99,110,120,120,30649,0,43,47.73355098224771,1.5012320000096224,130.01704299995254,327.0
1780245720,500,POST,GraphQL/listar-playlists-musica,344.000000,0.000000,45,63,66,68,74,79,91,97,110,110,110,30546,0,43,47.61546820209022,1.65402799984804,133.07936399996834,538.0
1780245720,500,POST,GraphQL/listar-playlists-usuario,346.700000,0.000000,46,63,67,69,74,81,95,100,110,120,120,30775,0,43,47.97147001306179,1.6445390001535998,133.91358900025807,739.0
1780245720,500,POST,GraphQL/listar-usuarios,345.700000,0.000000,46,64,68,70,75,82,94,99,110,110,110,30939,0,44,50.888926893044896,1.7491720000180067,354.5952589997796,22017.0
1780245720,500,,Aggregated,1726.300000,0.000000,46,64,67,69,75,81,94,100,110,120,120,153772,0,43,48.87800469191968,1.5012320000096224,354.5952589997796,14967.329962541946
1780245721,500,POST,GraphQL/listar-musicas,346.000000,0.000000,51,66,69,71,77,83,93,99,110,110,110,31208,0,45,50.217040079468376,2.728298999954859,134.2723739999201,50908.0
1780245721,500,POST,GraphQL/listar-musicas-playlist,342.500000,0.000000,45,63,67,68,74,80,90,98,110,120,120,30987,0,43,47.79326052631469,1.5012320000096224,130.01704299995254,327.0
1780245721,500,POST,GraphQL/listar-playlists-musica,344.100000,0.000000,45,63,66,68,74,79,88,97,110,110,110,30893,0,43,47.69614950814264,1.65402799984804,133.07936399996834,538.0
1780245721,500,POST,GraphQL/listar-playlists-usuario,342.500000,0.000000,46,63,67,69,74,81,93,98,110,120,120,31093,0,43,48.051891847682015,1.6445390001535998,133.91358900025807,739.0
1780245721,500,POST,GraphQL/listar-usuarios,345.000000,0.000000,47,64,68,70,76,82,92,98,110,110,110,31322,0,44,50.93915828768656,1.7491720000180067,354.5952589997796,22017.0
1780245721,500,,Aggregated,1720.100000,0.000000,46,64,67,69,75,81,91,98,110,120,120,155503,0,43,48.94577009183671,1.5012320000096224,354.5952589997796,14971.314045388192
1780245722,500,POST,GraphQL/listar-musicas,341.400000,0.000000,48,65,68,70,75,81,92,99,110,110,110,31525,0,45,50.25717308967625,2.728298999954859,134.2723739999201,50908.0
1780245722,500,POST,GraphQL/listar-musicas-playlist,343.300000,0.000000,45,63,67,69,74,79,91,100,110,120,120,31362,0,43,47.86799913640439,1.5012320000096224,130.01704299995254,327.0
1780245722,500,POST,GraphQL/listar-playlists-musica,345.700000,0.000000,45,62,66,68,74,79,87,98,110,110,110,31259,0,43,47.76781844438544,1.65402799984804,133.07936399996834,538.0
1780245722,500,POST,GraphQL/listar-playlists-usuario,343.800000,0.000000,46,64,67,69,74,80,94,99,110,120,120,31430,0,43,48.114314755105674,1.6445390001535998,133.91358900025807,739.0
1780245722,500,POST,GraphQL/listar-usuarios,343.800000,0.000000,46,64,68,69,75,81,90,98,110,110,110,31641,0,44,50.967939015515114,1.7491720000180067,354.5952589997796,22017.0
1780245722,500,,Aggregated,1718.000000,0.000000,46,64,67,69,74,80,91,99,110,120,120,157217,0,43,49.00028163916038,1.5012320000096224,354.5952589997796,14959.031675963795
1780245723,500,POST,GraphQL/listar-musicas,342.700000,0.000000,51,66,69,71,78,85,96,100,110,110,110,31869,0,45,50.37927585584863,2.728298999954859,134.2723739999201,50908.0
1780245723,500,POST,GraphQL/listar-musicas-playlist,344.400000,0.000000,47,64,67,69,75,82,95,100,110,120,120,31662,0,43,47.97853418921461,1.5012320000096224,130.01704299995254,327.0
1780245723,500,POST,GraphQL/listar-playlists-musica,341.400000,0.000000,46,63,67,69,76,82,94,100,110,110,110,31550,0,43,47.89502911435945,1.65402799984804,133.07936399996834,538.0
1780245723,500,POST,GraphQL/listar-playlists-usuario,344.000000,0.000000,47,64,68,70,75,84,96,100,110,120,120,31782,0,43,48.23017940868941,1.6445390001535998,133.91358900025807,739.0
1780245723,500,POST,GraphQL/listar-usuarios,340.500000,0.000000,48,65,68,70,76,83,93,100,110,110,110,31945,0,44,51.038558433774256,1.7491720000180067,354.5952589997796,22017.0
1780245723,500,,Aggregated,1713.000000,0.000000,47,64,68,70,76,83,95,100,110,120,120,158808,0,43,49.109616464163366,1.5012320000096224,354.5952589997796,14964.827899098282
1780245724,500,POST,GraphQL/listar-musicas,344.100000,0.000000,51,66,69,71,78,86,96,100,110,110,110,32220,0,45,50.42903232005095,2.728298999954859,134.2723739999201,50908.0
1780245724,500,POST,GraphQL/listar-musicas-playlist,339.200000,0.000000,47,64,68,69,75,82,96,100,110,120,120,31990,0,43,48.007838251544506,1.5012320000096224,130.01704299995254,327.0
1780245724,500,POST,GraphQL/listar-playlists-musica,341.200000,0.000000,46,64,67,70,76,82,95,100,110,110,110,31899,0,43,47.94130376284656,1.65402799984804,133.07936399996834,538.0
1780245724,500,POST,GraphQL/listar-playlists-usuario,341.300000,0.000000,48,65,68,70,76,84,96,100,110,120,120,32103,0,43,48.28240233598006,1.6445390001535998,133.91358900025807,739.0
1780245724,500,POST,GraphQL/listar-usuarios,342.000000,0.000000,48,65,68,71,76,83,94,100,110,110,110,32328,0,44,51.07189839829,1.7491720000180067,354.5952589997796,22017.0
1780245724,500,,Aggregated,1707.800000,0.000000,47,65,68,70,76,83,95,100,110,120,120,160540,0,44,49.1524611272073,1.5012320000096224,354.5952589997796,14970.523514388937
1780245725,500,POST,GraphQL/listar-musicas,340.500000,0.000000,51,66,70,72,79,87,97,100,110,110,110,32547,0,45,50.480828816481946,2.728298999954859,134.2723739999201,50908.0
1780245725,500,POST,GraphQL/listar-musicas-playlist,342.500000,0.000000,46,64,67,69,76,83,97,100,110,120,120,32365,0,43,48.03701046682849,1.5012320000096224,130.01704299995254,327.0
1780245725,500,POST,GraphQL/listar-playlists-musica,344.900000,0.000000,46,64,68,70,77,83,96,100,110,110,110,32277,0,43,48.014083995385036,1.65402799984804,133.07936399996834,538.0
1780245725,500,POST,GraphQL/listar-playlists-usuario,342.600000,0.000000,47,64,68,70,77,86,97,100,110,120,120,32440,0,43,48.34893571007931,1.6445390001535998,133.91358900025807,739.0
1780245725,500,POST,GraphQL/listar-usuarios,342.700000,0.000000,47,65,68,71,77,84,95,100,110,110,110,32658,0,44,51.100143715809985,1.7491720000180067,354.5952589997796,22017.0
1780245725,500,,Aggregated,1713.200000,0.000000,47,65,68,70,77,85,96,100,110,120,120,162287,0,44,49.20132811792604,1.5012320000096224,354.5952589997796,14960.258079821551
1780245726,500,POST,GraphQL/listar-musicas,339.100000,0.000000,53,67,70,72,79,89,98,100,110,120,120,32886,0,45,50.54249317317509,2.728298999954859,134.2723739999201,50908.0
1780245726,500,POST,GraphQL/listar-musicas-playlist,341.400000,0.000000,48,64,68,70,77,86,98,100,120,120,120,32695,0,43,48.12683008101842,1.5012320000096224,130.01704299995254,327.0
1780245726,500,POST,GraphQL/listar-playlists-musica,338.500000,0.000000,48,65,68,71,78,87,98,100,110,120,120,32582,0,43,48.11580959394898,1.65402799984804,133.07936399996834,538.0
1780245726,500,POST,GraphQL/listar-playlists-usuario,342.000000,0.000000,48,65,68,71,77,87,97,100,110,110,110,32807,0,43,48.42659291681564,1.6445390001535998,133.91358900025807,739.0
1780245726,500,POST,GraphQL/listar-usuarios,337.700000,0.000000,49,65,69,72,79,87,96,100,110,120,120,32975,0,44,51.17586511441771,1.7491720000180067,354.5952589997796,22017.0
1780245726,500,,Aggregated,1698.700000,0.000000,49,65,69,71,78,87,97,100,110,120,120,163945,0,44,49.28245347007755,1.5012320000096224,354.5952589997796,14960.113556375614
1780245727,500,POST,GraphQL/listar-musicas,341.200000,0.000000,52,67,70,72,79,88,97,100,110,120,120,33266,0,45,50.567548314436266,2.728298999954859,134.2723739999201,50908.0
1780245727,500,POST,GraphQL/listar-musicas-playlist,336.600000,0.000000,47,64,68,70,76,86,99,100,120,120,120,33029,0,43,48.17235029464709,1.5012320000096224,130.01704299995254,327.0
1780245727,500,POST,GraphQL/listar-playlists-musica,337.200000,0.000000,48,65,68,70,77,87,98,100,120,120,120,32934,0,43,48.145014202102516,1.65402799984804,133.07936399996834,538.0
1780245727,500,POST,GraphQL/listar-playlists-usuario,337.700000,0.000000,48,65,69,71,77,87,97,100,110,120,120,33144,0,43,48.48273462668892,1.6445390001535998,133.91358900025807,739.0
1780245727,500,POST,GraphQL/listar-usuarios,339.100000,0.000000,49,65,69,71,78,87,97,100,120,120,120,33359,0,44,51.22186232368838,1.7491720000180067,354.5952589997796,22017.0
1780245727,500,,Aggregated,1691.800000,0.000000,48,65,69,71,78,87,98,100,120,120,120,165732,0,44,49.32357287406688,1.5012320000096224,354.5952589997796,14969.849045446867
1780245728,500,POST,GraphQL/listar-musicas,334.400000,0.000000,54,67,70,72,80,92,100,100,130,130,130,33519,0,45,50.67933996250014,2.728298999954859,134.2723739999201,50908.0
1780245728,500,POST,GraphQL/listar-musicas-playlist,335.900000,0.000000,48,64,69,71,79,91,100,110,130,140,140,33356,0,43,48.32067583289069,1.5012320000096224,135.23884599999292,327.0
1780245728,500,POST,GraphQL/listar-playlists-musica,340.400000,0.000000,48,65,69,71,79,89,100,110,130,130,130,33254,0,43,48.26635567793469,1.65402799984804,134.95203499996933,538.0
1780245728,500,POST,GraphQL/listar-playlists-usuario,334.000000,0.000000,49,66,69,71,79,90,100,110,130,130,130,33425,0,43,48.60283673639429,1.6445390001535998,134.5626369998172,739.0
1780245728,500,POST,GraphQL/listar-usuarios,338.100000,0.000000,50,66,70,72,80,91,100,110,120,130,130,33639,0,44,51.31184917265431,1.7491720000180067,354.5952589997796,22017.0
1780245728,500,,Aggregated,1682.800000,0.000000,50,66,69,72,80,91,100,110,130,130,140,167193,0,44,49.44096800243947,1.5012320000096224,354.5952589997796,14955.854934118055
1780245729,500,POST,GraphQL/listar-musicas,334.200000,0.000000,53,67,71,73,81,91,100,100,130,130,130,33877,0,46,50.737743801282214,2.728298999954859,134.2723739999201,50908.0
1780245729,500,POST,GraphQL/listar-musicas-playlist,338.400000,0.000000,48,65,69,71,79,90,100,110,130,140,140,33681,0,43,48.37314836319867,1.5012320000096224,135.23884599999292,327.0
1780245729,500,POST,GraphQL/listar-playlists-musica,334.800000,0.000000,49,65,69,71,79,89,100,110,130,130,130,33570,0,43,48.31532506875311,1.65402799984804,134.95203499996933,538.0
1780245729,500,POST,GraphQL/listar-playlists-usuario,336.400000,0.000000,50,66,69,72,79,89,100,110,130,130,130,33797,0,43,48.66979289093642,1.6445390001535998,134.5626369998172,739.0
1780245729,500,POST,GraphQL/listar-usuarios,333.600000,0.000000,51,66,70,72,80,91,100,110,120,130,130,33964,0,44,51.358921737867085,1.7491720000180067,354.5952589997796,22017.0
1780245729,500,,Aggregated,1677.400000,0.000000,50,66,70,72,80,90,100,110,130,130,140,168889,0,44,49.4957719423696,1.5012320000096224,354.5952589997796,14959.210096572306
1780245730,500,POST,GraphQL/listar-musicas,338.000000,0.000000,54,68,71,74,82,92,100,110,130,130,130,34215,0,46,50.79962327371153,2.728298999954859,134.2723739999201,50908.0
1780245730,500,POST,GraphQL/listar-musicas-playlist,331.400000,0.000000,49,66,70,72,81,91,100,110,130,140,140,33988,0,43,48.46846665102082,1.5012320000096224,135.23884599999292,327.0
1780245730,500,POST,GraphQL/listar-playlists-musica,331.600000,0.000000,50,66,70,73,81,91,100,110,130,130,130,33899,0,43,48.407061223075644,1.65402799984804,134.95203499996933,538.0
1780245730,500,POST,GraphQL/listar-playlists-usuario,334.400000,0.000000,52,67,70,72,81,91,100,110,130,130,130,34099,0,43,48.75322814683651,1.6445390001535998,134.5626369998172,739.0
1780245730,500,POST,GraphQL/listar-usuarios,334.500000,0.000000,53,67,71,73,81,92,100,110,120,130,130,34326,0,44,51.426782387138466,1.7491720000180067,354.5952589997796,22017.0
1780245730,500,,Aggregated,1669.900000,0.000000,51,67,70,73,81,92,100,110,130,130,140,170527,0,44,49.576421223887614,1.5012320000096224,354.5952589997796,14966.097222140776
1780245731,500,POST,GraphQL/listar-musicas,327.200000,0.000000,52,67,71,73,81,92,100,110,130,130,130,34543,0,46,50.83560174712769,2.728298999954859,134.2723739999201,50908.0
1780245731,500,POST,GraphQL/listar-musicas-playlist,329.800000,0.000000,47,65,69,71,80,90,100,110,130,140,140,34360,0,43,48.49735220866994,1.5012320000096224,135.23884599999292,327.0
1780245731,500,POST,GraphQL/listar-playlists-musica,333.400000,0.000000,48,66,69,72,79,90,100,110,130,130,130,34272,0,43,48.44441078349799,1.65402799984804,134.95203499996933,538.0
1780245731,500,POST,GraphQL/listar-playlists-usuario,327.200000,0.000000,50,66,70,72,79,89,99,100,130,130,130,34444,0,43,48.77205748269588,1.6445390001535998,134.5626369998172,739.0
1780245731,500,POST,GraphQL/listar-usuarios,331.400000,0.000000,51,67,71,73,81,92,100,110,120,130,130,34655,0,44,51.443830433441384,1.7491720000180067,354.5952589997796,22017.0
1780245731,500,,Aggregated,1649.000000,0.000000,49,66,70,72,80,91,100,110,130,130,140,172274,0,44,49.60331072023566,1.5012320000096224,354.5952589997796,14956.652489638598
1780245732,500,POST,GraphQL/listar-musicas,327.500000,0.000000,51,67,71,73,79,89,100,110,130,130,130,34902,0,46,50.86936774001589,2.728298999954859,134.2723739999201,50908.0
1780245732,500,POST,GraphQL/listar-musicas-playlist,331.000000,0.000000,47,65,69,71,79,90,100,110,130,140,140,34718,0,43,48.529416936312735,1.5012320000096224,135.23884599999292,327.0
1780245732,500,POST,GraphQL/listar-playlists-musica,327.200000,0.000000,48,66,69,71,78,88,100,110,130,130,130,34595,0,43,48.47485320965585,1.65402799984804,134.95203499996933,538.0
1780245732,500,POST,GraphQL/listar-playlists-usuario,331.200000,0.000000,49,66,70,72,78,88,99,100,130,130,130,34827,0,43,48.805705654319205,1.6445390001535998,134.5626369998172,739.0
1780245732,500,POST,GraphQL/listar-usuarios,324.900000,0.000000,49,67,71,73,80,91,100,110,120,130,130,34990,0,44,51.46121285215524,1.7491720000180067,354.5952589997796,22017.0
1780245732,500,,Aggregated,1641.800000,0.000000,49,66,70,72,79,89,100,110,130,130,140,174032,0,44,49.632588635221516,1.5012320000096224,354.5952589997796,14956.260314195091
1780245733,500,POST,GraphQL/listar-musicas,329.800000,0.000000,52,68,71,73,79,89,100,110,130,130,130,35237,0,46,50.953817218975345,2.728298999954859,134.2723739999201,50908.0
1780245733,500,POST,GraphQL/listar-musicas-playlist,323.900000,0.000000,47,66,70,72,80,91,100,110,130,140,140,35007,0,43,48.5997701780187,1.5012320000096224,135.23884599999292,327.0
1780245733,500,POST,GraphQL/listar-playlists-musica,324.400000,0.000000,48,66,69,72,79,89,100,110,130,130,130,34917,0,43,48.56646860463515,1.65402799984804,134.95203499996933,538.0
1780245733,500,POST,GraphQL/listar-playlists-usuario,327.000000,0.000000,49,67,70,72,78,88,100,110,130,130,130,35122,0,43,48.885398358834344,1.6445390001535998,134.5626369998172,739.0
1780245733,500,POST,GraphQL/listar-usuarios,327.700000,0.000000,50,67,71,73,81,92,100,110,130,130,130,35343,0,45,51.5161503086018,1.7491720000180067,354.5952589997796,22017.0
1780245733,500,,Aggregated,1632.800000,0.000000,49,67,70,72,80,90,100,110,130,130,140,175626,0,44,49.7094704528424,1.5012320000096224,354.5952589997796,14964.639745823511
1780245734,500,POST,GraphQL/listar-musicas,325.800000,0.000000,52,68,71,73,79,88,99,110,130,130,130,35565,0,46,50.996178813131934,2.728298999954859,134.2723739999201,50908.0
1780245734,500,POST,GraphQL/listar-musicas-playlist,328.500000,0.000000,47,66,69,72,80,90,100,110,130,140,140,35373,0,43,48.63888776218882,1.5012320000096224,135.23884599999292,327.0
1780245734,500,POST,GraphQL/listar-playlists-musica,332.200000,0.000000,48,66,69,71,79,88,100,110,130,130,130,35291,0,43,48.59187799130226,1.65402799984804,134.95203499996933,538.0
1780245734,500,POST,GraphQL/listar-playlists-usuario,325.000000,0.000000,48,66,70,72,78,88,100,110,130,130,130,35461,0,43,48.901290822734225,1.6445390001535998,134.5626369998172,739.0
1780245734,500,POST,GraphQL/listar-usuarios,330.300000,0.000000,49,67,71,73,81,92,100,110,130,130,130,35680,0,45,51.52761444002013,1.7491720000180067,354.5952589997796,22017.0
1780245734,500,,Aggregated,1641.800000,0.000000,48,66,70,72,80,89,100,110,130,130,140,177370,0,44,49.735763655505,1.5012320000096224,354.5952589997796,14956.693849016181
1780245735,500,POST,GraphQL/listar-musicas,330.100000,0.000000,50,67,70,72,79,87,97,110,130,130,130,35919,0,46,50.993955466996226,2.728298999954859,134.2723739999201,50908.0
1780245735,500,POST,GraphQL/listar-musicas-playlist,333.800000,0.000000,46,66,69,71,79,89,100,110,130,140,140,35754,0,43,48.65606038194085,1.5012320000096224,135.23884599999292,327.0
1780245735,500,POST,GraphQL/listar-playlists-musica,329.000000,0.000000,47,65,69,71,78,87,100,110,130,130,130,35635,0,43,48.61708269252259,1.65402799984804,134.95203499996933,538.0
1780245735,500,POST,GraphQL/listar-playlists-usuario,332.300000,0.000000,48,66,69,71,77,86,99,110,130,130,130,35850,0,44,48.94131847656829,1.6445390001535998,134.5626369998172,739.0
1780245735,500,POST,GraphQL/listar-usuarios,327.000000,0.000000,48,67,70,72,80,90,100,110,130,130,130,36023,0,45,51.53497961732572,1.7491720000180067,354.5952589997796,22017.0
1780245735,500,,Aggregated,1652.200000,0.000000,48,66,69,72,78,88,100,110,130,130,140,179181,0,44,49.752826746155606,1.5012320000096224,354.5952589997796,14951.580697730227
1780245736,500,POST,GraphQL/listar-musicas,332.200000,0.000000,52,67,71,73,80,89,98,110,130,130,130,36293,0,46,51.062980235831716,2.728298999954859,134.2723739999201,50908.0
1780245736,500,POST,GraphQL/listar-musicas-playlist,325.100000,0.000000,46,66,69,71,80,89,100,110,130,140,140,36066,0,43,48.70278024382822,1.5012320000096224,135.23884599999292,327.0
1780245736,500,POST,GraphQL/listar-playlists-musica,326.300000,0.000000,47,65,69,71,78,87,97,110,130,130,130,35961,0,43,48.68408887289127,1.65402799984804,134.95203499996933,538.0
1780245736,500,POST,GraphQL/listar-playlists-usuario,328.700000,0.000000,48,66,69,71,77,87,99,110,130,130,130,36179,0,44,48.99986088974202,1.6445390001535998,134.5626369998172,739.0
1780245736,500,POST,GraphQL/listar-usuarios,329.400000,0.000000,49,66,70,72,81,91,100,110,130,130,130,36376,0,45,51.56503715039923,1.7491720000180067,354.5952589997796,22017.0
1780245736,500,,Aggregated,1641.700000,0.000000,48,66,70,72,79,89,100,110,130,130,140,180875,0,44,49.8076986451631,1.5012320000096224,354.5952589997796,14962.661047684865
1780245737,500,POST,GraphQL/listar-musicas,327.000000,0.000000,51,67,70,73,80,89,100,110,130,130,130,36615,0,46,51.09536258142943,2.728298999954859,134.2723739999201,50908.0
1780245737,500,POST,GraphQL/listar-musicas-playlist,328.900000,0.000000,46,65,69,71,79,88,100,110,130,140,140,36407,0,43,48.73007788911219,1.5012320000096224,135.23884599999292,327.0
1780245737,500,POST,GraphQL/listar-playlists-musica,333.200000,0.000000,47,65,68,71,78,87,99,110,130,130,130,36342,0,43,48.723213932998775,1.65402799984804,134.95203499996933,538.0
1780245737,500,POST,GraphQL/listar-playlists-usuario,326.200000,0.000000,47,66,69,71,77,88,100,110,130,130,130,36502,0,44,49.04820306276297,1.6445390001535998,134.5626369998172,739.0
1780245737,500,POST,GraphQL/listar-usuarios,331.300000,0.000000,48,66,70,72,80,90,100,110,130,130,130,36738,0,45,51.57153043567768,1.7491720000180067,354.5952589997796,22017.0
1780245737,500,,Aggregated,1646.600000,0.000000,47,66,69,71,79,88,100,110,130,130,140,182604,0,44,49.8382515209079,1.5012320000096224,354.5952589997796,14957.443588311318
1780245738,500,POST,GraphQL/listar-musicas,330.600000,0.000000,50,67,70,72,79,89,97,110,120,130,130,36939,0,46,51.144396924010906,2.728298999954859,134.2723739999201,50908.0
1780245738,500,POST,GraphQL/listar-musicas-playlist,334.800000,0.000000,45,65,69,71,78,87,98,100,120,130,130,36775,0,43,48.7769392021458,1.5012320000096224,135.23884599999292,327.0
1780245738,500,POST,GraphQL/listar-playlists-musica,329.900000,0.000000,46,65,68,70,77,86,96,110,120,130,130,36661,0,43,48.76485096999638,1.65402799984804,134.95203499996933,538.0
1780245738,500,POST,GraphQL/listar-playlists-usuario,333.300000,0.000000,47,66,69,71,77,88,98,110,120,130,130,36858,0,44,49.120398891339136,1.6445390001535998,134.5626369998172,739.0
1780245738,500,POST,GraphQL/listar-usuarios,328.500000,0.000000,47,66,69,71,79,89,99,100,130,130,130,37039,0,45,51.62050704972939,1.7491720000180067,354.5952589997796,22017.0
1780245738,500,,Aggregated,1657.100000,0.000000,47,66,69,71,78,87,98,110,120,130,130,184272,0,44,49.889373542903336,1.5012320000096224,354.5952589997796,14950.537140748458
1780245739,500,POST,GraphQL/listar-musicas,334.600000,0.000000,50,67,70,72,79,89,98,110,120,130,130,37318,0,46,51.194890472829144,2.728298999954859,134.2723739999201,50908.0
1780245739,500,POST,GraphQL/listar-musicas-playlist,327.600000,0.000000,45,65,69,71,78,87,98,100,120,130,130,37081,0,43,48.83199430090632,1.5012320000096224,135.23884599999292,327.0
1780245739,500,POST,GraphQL/listar-playlists-musica,328.400000,0.000000,46,65,69,71,77,86,96,100,120,130,130,36973,0,43,48.82958216839419,1.65402799984804,134.95203499996933,538.0
1780245739,500,POST,GraphQL/listar-playlists-usuario,331.300000,0.000000,47,66,69,71,77,88,98,110,120,130,130,37197,0,44,49.18236097916437,1.6445390001535998,134.5626369998172,739.0
1780245739,500,POST,GraphQL/listar-usuarios,331.000000,0.000000,47,66,69,71,79,89,99,100,130,130,130,37386,0,45,51.66514845736184,1.7491720000180067,354.5952589997796,22017.0
1780245739,500,,Aggregated,1652.900000,0.000000,47,66,69,71,78,87,98,100,120,130,130,185955,0,44,49.94539413523649,1.5012320000096224,354.5952589997796,14962.85579844586
1780245741,500,POST,GraphQL/listar-musicas,329.600000,0.000000,50,67,70,72,78,88,98,110,120,130,130,37640,0,46,51.217324180925566,2.728298999954859,134.2723739999201,50908.0
1780245741,500,POST,GraphQL/listar-musicas-playlist,331.100000,0.000000,45,64,68,70,77,86,98,100,120,130,130,37425,0,43,48.84425650423255,1.5012320000096224,135.23884599999292,327.0
1780245741,500,POST,GraphQL/listar-playlists-musica,335.000000,0.000000,46,64,68,70,76,85,96,100,120,130,130,37352,0,43,48.83653875139337,1.65402799984804,134.95203499996933,538.0
1780245741,500,POST,GraphQL/listar-playlists-usuario,329.400000,0.000000,47,65,69,71,77,88,100,110,120,130,130,37525,0,44,49.2156047052892,1.6445390001535998,134.5626369998172,739.0
1780245741,500,POST,GraphQL/listar-usuarios,334.400000,0.000000,47,65,69,71,77,88,98,100,130,130,130,37760,0,45,51.66821627237626,1.7491720000180067,354.5952589997796,22017.0
1780245741,500,,Aggregated,1659.500000,0.000000,47,65,69,71,77,87,98,100,130,130,130,187702,0,44,49.96092844132676,1.5012320000096224,354.5952589997796,14957.770114330162
1780245742,500,POST,GraphQL/listar-musicas,339.500000,0.000000,51,67,70,72,80,90,99,110,120,130,130,37975,0,46,51.255485276288006,2.728298999954859,134.2723739999201,50908.0
1780245742,500,POST,GraphQL/listar-musicas-playlist,333.500000,0.000000,45,63,67,70,77,86,98,100,120,130,130,37820,0,43,48.85843664137758,1.5012320000096224,135.23884599999292,327.0
1780245742,500,POST,GraphQL/listar-playlists-musica,333.900000,0.000000,46,64,68,70,76,86,97,100,120,130,130,37699,0,43,48.86429349009368,1.65402799984804,134.95203499996933,538.0
1780245742,500,POST,GraphQL/listar-playlists-usuario,334.400000,0.000000,47,65,69,71,77,88,98,110,120,130,130,37882,0,44,49.24354725988524,1.6445390001535998,134.5626369998172,739.0
1780245742,500,POST,GraphQL/listar-usuarios,336.500000,0.000000,47,65,69,71,78,88,98,100,130,130,130,38079,0,45,51.687699388401285,1.7491720000180067,354.5952589997796,22017.0
1780245742,500,,Aggregated,1677.800000,0.000000,47,65,69,71,78,88,98,100,130,130,130,189455,0,44,49.98573851171475,1.5012320000096224,354.5952589997796,14949.516470929771
1780245743,500,POST,GraphQL/listar-musicas,335.600000,0.000000,49,66,69,71,77,87,97,100,110,120,120,38362,0,46,51.27591192357118,2.728298999954859,134.2723739999201,50908.0
1780245743,500,POST,GraphQL/listar-musicas-playlist,336.500000,0.000000,44,63,67,69,74,83,95,100,110,120,120,38150,0,43,48.879171602749715,1.5012320000096224,135.23884599999292,327.0
1780245743,500,POST,GraphQL/listar-playlists-musica,340.100000,0.000000,45,63,67,69,74,83,94,98,120,120,120,38034,0,43,48.869811965137416,1.65402799984804,134.95203499996933,538.0
1780245743,500,POST,GraphQL/listar-playlists-usuario,336.200000,0.000000,46,65,68,70,75,86,95,100,120,120,120,38267,0,44,49.268638797579314,1.6445390001535998,134.5626369998172,739.0
1780245743,500,POST,GraphQL/listar-usuarios,339.200000,0.000000,47,65,68,70,75,85,96,100,110,120,120,38441,0,45,51.694106293851284,1.7491720000180067,354.5952589997796,22017.0
1780245743,500,,Aggregated,1687.600000,0.000000,46,65,68,70,75,85,96,100,110,120,120,191254,0,44,50.00176466399616,1.5012320000096224,354.5952589997796,14956.575276856955
1780245744,500,POST,GraphQL/listar-musicas,336.400000,0.000000,50,66,70,72,78,89,98,100,110,120,120,38674,0,46,51.33565179487596,2.728298999954859,134.2723739999201,50908.0
1780245744,500,POST,GraphQL/listar-musicas-playlist,340.000000,0.000000,45,63,67,69,75,83,96,100,110,120,120,38460,0,43,48.93149638577493,1.5012320000096224,135.23884599999292,327.0
1780245744,500,POST,GraphQL/listar-playlists-musica,336.200000,0.000000,46,64,68,70,75,83,95,98,120,120,120,38372,0,43,48.93802770137175,1.65402799984804,134.95203499996933,538.0
1780245744,500,POST,GraphQL/listar-playlists-usuario,338.600000,0.000000,47,65,68,71,76,86,97,100,120,120,120,38561,0,44,49.321987331551874,1.6445390001535998,134.5626369998172,739.0
1780245744,500,POST,GraphQL/listar-usuarios,335.200000,0.000000,48,66,69,71,76,85,97,100,110,120,120,38794,0,45,51.74763326601885,1.7491720000180067,354.5952589997796,22017.0
1780245744,500,,Aggregated,1686.400000,0.000000,47,65,68,70,76,85,97,100,110,120,120,192861,0,44,50.05943755286408,1.5012320000096224,354.5952589997796,14957.200393029176
1780245745,500,POST,GraphQL/listar-musicas,340.500000,0.000000,50,67,70,72,79,91,100,110,120,140,140,39018,0,46,51.3620607816399,2.728298999954859,144.81057700004385,50908.0
1780245745,500,POST,GraphQL/listar-musicas-playlist,336.300000,0.000000,45,63,67,69,75,84,97,100,120,140,140,38854,0,43,48.94542288587789,1.5012320000096224,140.55836700026703,327.0
1780245745,500,POST,GraphQL/listar-playlists-musica,335.900000,0.000000,45,63,67,70,75,84,96,100,120,140,140,38756,0,43,48.95099348792528,1.65402799984804,143.49673400010943,538.0
1780245745,500,POST,GraphQL/listar-playlists-usuario,339.100000,0.000000,47,65,68,71,76,88,98,100,120,140,140,38927,0,44,49.34330530331062,1.6445390001535998,143.9063569996506,739.0
1780245745,500,POST,GraphQL/listar-usuarios,337.900000,0.000000,48,65,69,71,76,87,99,100,120,140,140,39137,0,45,51.757505867131776,1.7491720000180067,354.5952589997796,22017.0
1780245745,500,,Aggregated,1689.700000,0.000000,47,65,68,70,76,87,98,100,120,140,140,194692,0,44,50.07568572241232,1.5012320000096224,354.5952589997796,14948.383662400098
1780245746,500,POST,GraphQL/listar-musicas,337.900000,0.000000,50,66,70,72,78,90,100,110,120,140,140,39396,0,46,51.405292791324605,2.728298999954859,144.81057700004385,50908.0
1780245746,500,POST,GraphQL/listar-musicas-playlist,339.300000,0.000000,45,63,67,69,74,81,96,100,120,140,140,39211,0,43,48.979291126212075,1.5012320000096224,140.55836700026703,327.0
1780245746,500,POST,GraphQL/listar-playlists-musica,341.500000,0.000000,45,63,67,69,75,84,97,100,120,140,140,39089,0,43,48.98385937729366,1.65402799984804,143.49673400010943,538.0
1780245746,500,POST,GraphQL/listar-playlists-usuario,337.900000,0.000000,47,65,68,71,76,85,98,100,120,140,140,39328,0,44,49.38457127339214,1.6445390001535998,143.9063569996506,739.0
1780245746,500,POST,GraphQL/listar-usuarios,340.800000,0.000000,47,65,69,71,76,86,99,100,120,140,140,39481,0,45,51.775210229323875,1.7491720000180067,354.5952589997796,22017.0
1780245746,500,,Aggregated,1697.400000,0.000000,46,65,68,70,76,85,98,100,120,140,140,196505,0,44,50.109429645351916,1.5012320000096224,354.5952589997796,14949.950464364774
1780245747,500,POST,GraphQL/listar-musicas,337.500000,0.000000,51,67,70,72,78,90,98,100,120,140,140,39747,0,46,51.449523870280224,2.728298999954859,144.81057700004385,50908.0
1780245747,500,POST,GraphQL/listar-musicas-playlist,342.300000,0.000000,45,64,67,69,75,82,95,99,110,140,140,39509,0,44,49.02367144169434,1.5012320000096224,140.55836700026703,327.0
1780245747,500,POST,GraphQL/listar-playlists-musica,337.800000,0.000000,45,63,68,70,75,84,95,98,120,140,140,39417,0,43,49.020227990030286,1.65402799984804,143.49673400010943,538.0
1780245747,500,POST,GraphQL/listar-playlists-usuario,339.700000,0.000000,47,65,68,71,76,85,95,100,120,140,140,39629,0,44,49.442035837517274,1.6445390001535998,143.9063569996506,739.0
1780245747,500,POST,GraphQL/listar-usuarios,336.700000,0.000000,48,66,69,71,77,88,98,100,120,140,140,39848,0,45,51.8082600138009,1.7491720000180067,354.5952589997796,22017.0
1780245747,500,,Aggregated,1694.000000,0.000000,47,65,69,71,76,86,96,100,120,140,140,198150,0,44,50.1532413332318,1.5012320000096224,354.5952589997796,14959.300085793591
1780245748,500,POST,GraphQL/listar-musicas,340.900000,0.000000,50,67,70,72,78,88,98,100,120,140,140,40084,0,46,51.46720436101766,2.728298999954859,144.81057700004385,50908.0
1780245748,500,POST,GraphQL/listar-musicas-playlist,337.400000,0.000000,45,63,67,69,74,81,94,99,110,140,140,39894,0,44,49.034380427806255,1.5012320000096224,140.55836700026703,327.0
1780245748,500,POST,GraphQL/listar-playlists-musica,337.400000,0.000000,45,63,67,69,75,83,96,99,120,140,140,39824,0,43,49.03858564712289,1.65402799984804,143.49673400010943,538.0
1780245748,500,POST,GraphQL/listar-playlists-usuario,340.600000,0.000000,46,65,68,70,76,83,95,100,120,140,140,39978,0,44,49.44546503376786,1.6445390001535998,143.9063569996506,739.0
1780245748,500,POST,GraphQL/listar-usuarios,338.000000,0.000000,47,65,69,71,76,86,97,100,120,140,140,40206,0,45,51.800178385513,1.7491720000180067,354.5952589997796,22017.0
1780245748,500,,Aggregated,1694.300000,0.000000,46,65,68,70,76,85,96,100,120,140,140,199986,0,44,50.16106327689366,1.5012320000096224,354.5952589997796,14950.177342413968
1780245749,500,POST,GraphQL/listar-musicas,337.900000,0.000000,50,66,70,72,78,89,98,100,120,140,140,40425,0,46,51.500469925071904,2.728298999954859,144.81057700004385,50908.0
1780245749,500,POST,GraphQL/listar-musicas-playlist,338.700000,0.000000,45,63,67,69,74,80,94,98,110,140,140,40260,0,44,49.06484780220814,1.5012320000096224,140.55836700026703,327.0
1780245749,500,POST,GraphQL/listar-playlists-musica,340.700000,0.000000,45,62,67,69,74,82,96,99,120,140,140,40142,0,43,49.05890363639126,1.65402799984804,143.49673400010943,538.0
1780245749,500,POST,GraphQL/listar-playlists-usuario,337.600000,0.000000,46,64,68,70,76,84,95,100,120,140,140,40350,0,44,49.48556143474539,1.6445390001535998,143.9063569996506,739.0
1780245749,500,POST,GraphQL/listar-usuarios,342.200000,0.000000,47,65,68,71,76,85,96,100,120,140,140,40515,0,45,51.82594552955541,1.7491720000180067,354.5952589997796,22017.0
1780245749,500,,Aggregated,1697.100000,0.000000,46,64,68,70,76,84,96,100,120,140,140,201692,0,44,50.19063902401619,1.5012320000096224,354.5952589997796,14946.327672887373
1780245750,500,POST,GraphQL/listar-musicas,338.000000,0.000000,50,67,70,72,78,89,97,100,120,140,140,40814,0,46,51.535207229015164,2.728298999954859,144.81057700004385,50908.0
1780245750,500,POST,GraphQL/listar-musicas-playlist,342.800000,0.000000,45,64,67,70,74,80,93,98,110,140,140,40577,0,44,49.09816277839414,1.5012320000096224,140.55836700026703,327.0
1780245750,500,POST,GraphQL/listar-playlists-musica,340.100000,0.000000,45,63,67,69,75,83,96,100,120,140,140,40465,0,43,49.107756562906694,1.65402799984804,143.49673400010943,538.0
1780245750,500,POST,GraphQL/listar-playlists-usuario,339.900000,0.000000,46,65,68,70,76,83,94,100,120,140,140,40689,0,44,49.53598217535388,1.6445390001535998,143.9063569996506,739.0
1780245750,500,POST,GraphQL/listar-usuarios,337.500000,0.000000,48,65,69,71,76,85,97,100,120,140,140,40887,0,45,51.85683972304021,1.7491720000180067,354.5952589997796,22017.0
1780245750,500,,Aggregated,1698.300000,0.000000,46,65,68,70,76,84,96,100,120,140,140,203432,0,44,50.231033724836344,1.5012320000096224,354.5952589997796,14958.68993570333
