Timestamp,User Count,Type,Name,Requests/s,Failures/s,50%,66%,75%,80%,90%,95%,98%,99%,99.9%,99.99%,100%,Total Request Count,Total Failure Count,Total Median Response Time,Total Average Response Time,Total Min Response Time,Total Max Response Time,Total Average Content Size
1780245151,0,,Aggregated,0.000000,0.000000,N/A,N/A,N/A,N/A,N/A,N/A,N/A,N/A,N/A,N/A,N/A,0,0,0,0.0,0,0,0
1780245152,10,GET,REST/listar-musicas,0.000000,0.000000,0,0,0,0,0,0,0,0,0,0,0,438,0,3,3.519338799093087,1.5715100003035332,7.2542160000921285,50889.0
1780245152,10,GET,REST/listar-musicas-playlist,0.000000,0.000000,0,0,0,0,0,0,0,0,0,0,0,433,0,3,3.294272944591877,1.8666119999579678,7.605883999985963,300.0
1780245152,10,GET,REST/listar-playlists-musica,0.000000,0.000000,0,0,0,0,0,0,0,0,0,0,0,432,0,3,3.2628951249972924,1.480707999689912,7.192603000021336,511.0
1780245152,10,GET,REST/listar-playlists-usuario,0.000000,0.000000,0,0,0,0,0,0,0,0,0,0,0,434,0,3,3.272186218913292,1.74454899979537,6.668023999736761,712.0
1780245152,10,GET,REST/listar-usuarios,0.000000,0.000000,0,0,0,0,0,0,0,0,0,0,0,440,0,3,3.438342256815345,1.7734610000843531,9.655575000124372,21998.0
1780245152,10,,Aggregated,0.000000,0.000000,0,0,0,0,0,0,0,0,0,0,0,2177,0,3,3.3580434933472696,1.480707999689912,9.655575000124372,14987.672025723472
1780245153,20,GET,REST/listar-musicas,0.000000,0.000000,5,6,6,6,7,8,9,11,17,17,17,948,0,5,4.738465757394181,1.5715100003035332,17.473069000061514,50889.0
1780245153,20,GET,REST/listar-musicas-playlist,0.000000,0.000000,5,6,6,6,7,7,8,10,17,17,17,941,0,4,4.55627119554236,1.8666119999579678,17.180033999920852,300.0
1780245153,20,GET,REST/listar-playlists-musica,0.000000,0.000000,5,6,6,6,7,7,8,9,17,17,17,939,0,4,4.500095388706564,1.480707999689912,17.00954299985824,511.0
1780245153,20,GET,REST/listar-playlists-usuario,0.000000,0.000000,5,6,6,6,7,7,8,9,18,18,18,943,0,4,4.5345880774217004,1.74454899979537,17.777273999854515,712.0
1780245153,20,GET,REST/listar-usuarios,0.000000,0.000000,5,6,6,6,7,8,14,16,18,18,18,956,0,4,4.746102476986163,1.7734610000843531,18.167841999911616,21998.0
1780245153,20,,Aggregated,0.000000,0.000000,5,6,6,6,7,7,9,12,17,18,18,4727,0,4,4.615717543477458,1.480707999689912,18.167841999911616,14957.987095409351
1780245154,30,GET,REST/listar-musicas,310.000000,0.000000,6,7,8,8,9,10,12,20,26,26,26,1496,0,6,6.0216531149838275,1.5715100003035332,26.446063000094,50889.0
1780245154,30,GET,REST/listar-musicas-playlist,305.000000,0.000000,6,7,8,8,9,10,10,12,26,27,27,1483,0,6,5.764409410659197,1.8666119999579678,27.120965999984037,300.0
1780245154,30,GET,REST/listar-playlists-musica,304.000000,0.000000,6,7,8,8,9,10,11,14,22,27,27,1475,0,6,5.762535830501785,1.480707999689912,26.76432600037515,511.0
1780245154,30,GET,REST/listar-playlists-usuario,308.000000,0.000000,6,7,8,8,9,10,11,18,24,24,24,1487,0,6,5.8335640269014535,1.74454899979537,24.084422000214545,712.0
1780245154,30,GET,REST/listar-usuarios,311.000000,0.000000,6,7,8,8,9,10,16,21,22,28,28,1498,0,6,6.011492012013746,1.7734610000843531,27.644458999930066,21998.0
1780245154,30,,Aggregated,1538.000000,0.000000,6,7,8,8,9,10,12,17,26,28,28,7439,0,6,5.879349013041096,1.480707999689912,27.644458999930066,14967.108079042882
1780245155,40,GET,REST/listar-musicas,395.500000,0.000000,8,9,10,10,12,13,16,20,28,28,28,2018,0,7,7.332966607540579,1.5715100003035332,28.033795999817812,50889.0
1780245155,40,GET,REST/listar-musicas-playlist,390.500000,0.000000,7,9,9,10,12,13,15,17,27,28,28,2000,0,7,7.073369843503542,1.8666119999579678,28.37404999991122,300.0
1780245155,40,GET,REST/listar-playlists-musica,390.000000,0.000000,7,9,9,10,12,13,15,22,30,30,30,1987,0,7,7.128584845996965,1.480707999689912,29.964340999868,511.0
1780245155,40,GET,REST/listar-playlists-usuario,392.000000,0.000000,7,9,10,10,12,13,18,23,29,30,30,2013,0,7,7.267400278191434,1.74454899979537,30.26136399967072,712.0
1780245155,40,GET,REST/listar-usuarios,398.000000,0.000000,8,9,10,10,12,13,21,26,33,33,33,2021,0,7,7.418337913901392,1.7734610000843531,33.0508860001828,21998.0
1780245155,40,,Aggregated,1966.000000,0.000000,7,9,10,10,12,13,16,22,29,33,33,10039,0,7,7.244835349538228,1.480707999689912,33.0508860001828,14961.706644088057
1780245156,50,GET,REST/listar-musicas,439.333333,0.000000,9,11,12,13,15,16,20,22,27,28,28,2540,0,8,8.652293491739,1.5715100003035332,28.033795999817812,50889.0
1780245156,50,GET,REST/listar-musicas-playlist,435.333333,0.000000,9,10,12,12,14,16,18,22,28,28,28,2521,0,8,8.428432637845798,1.8666119999579678,28.37404999991122,300.0
1780245156,50,GET,REST/listar-playlists-musica,433.000000,0.000000,9,10,12,12,14,16,20,24,29,30,30,2518,0,8,8.453463889988061,1.480707999689912,29.964340999868,511.0
1780245156,50,GET,REST/listar-playlists-usuario,438.000000,0.000000,9,10,12,12,15,16,19,24,29,30,30,2527,0,8,8.526561199446101,1.74454899979537,30.26136399967072,712.0
1780245156,50,GET,REST/listar-usuarios,440.333333,0.000000,9,11,12,13,15,18,23,28,34,35,35,2562,0,8,8.88420434465279,1.7734610000843531,35.430102000191255,21998.0
1780245156,50,,Aggregated,2186.000000,0.000000,9,11,12,12,15,16,21,25,32,35,35,12668,0,8,8.590044040576055,1.480707999689912,35.430102000191255,14955.72766024629
1780245157,60,GET,REST/listar-musicas,457.750000,0.000000,10,12,14,15,17,20,25,29,41,42,42,3051,0,9,10.140329029832316,1.5715100003035332,42.31562499990105,50889.0
1780245157,60,GET,REST/listar-musicas-playlist,454.500000,0.000000,10,12,14,14,17,19,25,28,38,38,38,3042,0,9,9.861803264961088,1.8666119999579678,38.44240699982038,300.0
1780245157,60,GET,REST/listar-playlists-musica,454.000000,0.000000,10,12,13,15,17,19,22,25,37,40,40,3020,0,9,9.771635494037534,1.480707999689912,39.90853300001618,511.0
1780245157,60,GET,REST/listar-playlists-usuario,455.250000,0.000000,10,12,14,15,17,20,24,28,38,40,40,3048,0,9,9.982924672569068,1.74454899979537,40.15146100027778,712.0
1780245157,60,GET,REST/listar-usuarios,461.750000,0.000000,10,12,14,15,18,22,27,32,53,54,54,3067,0,9,10.301566689272164,1.7734610000843531,53.730800000266754,21998.0
1780245157,60,,Aggregated,2283.250000,0.000000,10,12,14,15,17,20,25,28,41,53,54,15228,0,9,10.012539271868384,1.480707999689912,53.730800000266754,14930.141909640137
1780245158,70,GET,REST/listar-musicas,473.600000,0.000000,12,14,16,17,20,22,28,33,41,42,42,3606,0,11,11.495263826406783,1.5715100003035332,42.31562499990105,50889.0
1780245158,70,GET,REST/listar-musicas-playlist,468.000000,0.000000,11,14,15,16,19,22,25,28,38,38,38,3563,0,10,11.05242913528142,1.8666119999579678,38.44240699982038,300.0
1780245158,70,GET,REST/listar-playlists-musica,465.400000,0.000000,11,14,15,17,20,22,25,28,36,40,40,3552,0,11,11.099950960865204,1.480707999689912,39.90853300001618,511.0
1780245158,70,GET,REST/listar-playlists-usuario,472.400000,0.000000,11,14,16,17,20,22,27,31,37,40,40,3580,0,11,11.247422847762909,1.74454899979537,40.15146100027778,712.0
1780245158,70,GET,REST/listar-usuarios,474.200000,0.000000,12,14,16,17,20,22,28,34,53,54,54,3608,0,11,11.538219917958427,1.7734610000843531,53.730800000266754,21998.0
1780245158,70,,Aggregated,2353.600000,0.000000,11,14,16,17,20,22,26,31,43,53,54,17909,0,11,11.287867744654019,1.480707999689912,53.730800000266754,14981.710313250322
1780245159,80,GET,REST/listar-musicas,477.666667,0.000000,13,16,18,19,22,25,30,34,42,47,47,4140,0,12,12.747804688652993,1.5715100003035332,47.281628000291676,50889.0
1780245159,80,GET,REST/listar-musicas-playlist,472.833333,0.000000,13,15,17,19,22,25,28,30,38,38,38,4102,0,12,12.41591962628081,1.8666119999579678,38.44240699982038,300.0
1780245159,80,GET,REST/listar-playlists-musica,470.500000,0.000000,13,16,18,19,22,24,26,28,36,40,40,4088,0,12,12.353710795985663,1.480707999689912,39.90853300001618,511.0
1780245159,80,GET,REST/listar-playlists-usuario,475.500000,0.000000,13,16,18,19,22,25,29,33,40,41,41,4114,0,12,12.610240431694665,1.74454899979537,40.85881799983326,712.0
1780245159,80,GET,REST/listar-usuarios,478.166667,0.000000,13,16,18,19,22,26,32,38,55,56,56,4166,0,12,12.949684440950513,1.7734610000843531,56.425936999858095,21998.0
1780245159,80,,Aggregated,2374.833333,0.000000,13,16,18,19,22,25,29,33,48,56,56,20610,0,12,12.616928576856274,1.480707999689912,56.425936999858095,14971.997282872391
1780245160,90,GET,REST/listar-musicas,485.428571,0.000000,14,18,20,21,25,28,34,36,42,47,47,4654,0,13,14.138541227551478,1.5715100003035332,47.281628000291676,50889.0
1780245160,90,GET,REST/listar-musicas-playlist,481.428571,0.000000,14,17,19,21,25,28,32,36,43,44,44,4618,0,13,13.804038266350041,1.8666119999579678,44.42489399980332,300.0
1780245160,90,GET,REST/listar-playlists-musica,479.000000,0.000000,14,17,19,21,24,27,30,34,43,44,44,4616,0,13,13.727370133448,1.480707999689912,44.138256999758596,511.0
1780245160,90,GET,REST/listar-playlists-usuario,485.142857,0.000000,14,17,19,21,25,29,35,38,41,42,42,4632,0,13,14.052762686742062,1.74454899979537,41.761366999708116,712.0
1780245160,90,GET,REST/listar-usuarios,487.428571,0.000000,14,18,20,21,25,28,35,39,76,77,77,4680,0,13,14.2587513211541,1.7734610000843531,77.32678899992607,21998.0
1780245160,90,,Aggregated,2418.428571,0.000000,14,17,20,21,25,28,33,37,53,76,77,23200,0,13,13.997272115129947,1.480707999689912,77.32678899992607,14949.577844827587
1780245161,100,GET,REST/listar-musicas,491.000000,0.000000,16,19,22,23,28,31,36,38,49,51,51,5189,0,15,15.488962783199689,1.5715100003035332,50.55825699992056,50889.0
1780245161,100,GET,REST/listar-musicas-playlist,486.000000,0.000000,15,19,21,23,27,31,36,38,46,47,47,5142,0,14,15.157473357643962,1.8666119999579678,46.966322000116634,300.0
1780245161,100,GET,REST/listar-playlists-musica,483.500000,0.000000,15,19,21,23,26,29,33,38,44,46,46,5121,0,14,14.98807891095265,1.480707999689912,46.12765899992155,511.0
1780245161,100,GET,REST/listar-playlists-usuario,489.375000,0.000000,15,19,22,23,28,32,36,39,45,46,46,5166,0,15,15.396876670729714,1.74454899979537,46.1403600002086,712.0
1780245161,100,GET,REST/listar-usuarios,491.375000,0.000000,15,19,22,23,28,32,38,46,76,77,77,5208,0,15,15.709118677034477,1.7734610000843531,77.32678899992607,21998.0
1780245161,100,,Aggregated,2441.250000,0.000000,15,19,21,23,27,31,36,39,54,76,77,25826,0,15,15.349619102493659,1.480707999689912,77.32678899992607,14964.230930070471
1780245162,110,GET,REST/listar-musicas,493.111111,0.000000,18,22,24,26,30,34,38,42,50,61,61,5712,0,16,16.652457030991485,1.5715100003035332,61.42102600006183,50889.0
1780245162,110,GET,REST/listar-musicas-playlist,490.111111,0.000000,18,21,24,25,30,33,38,41,47,49,49,5665,0,16,16.337184133980966,1.8666119999579678,48.98746500020934,300.0
1780245162,110,GET,REST/listar-playlists-musica,487.888889,0.000000,18,21,23,25,28,32,36,41,46,60,60,5624,0,16,16.06174658588062,1.480707999689912,59.979882999869005,511.0
1780245162,110,GET,REST/listar-playlists-usuario,492.888889,0.000000,18,22,24,26,30,34,39,41,60,61,61,5691,0,16,16.626239978385502,1.74454899979537,61.1412210000708,712.0
1780245162,110,GET,REST/listar-usuarios,495.666667,0.000000,18,21,24,25,30,34,41,48,76,86,86,5719,0,16,16.77469901556254,1.7734610000843531,86.19321800006219,21998.0
1780245162,110,,Aggregated,2459.666667,0.000000,18,21,24,25,30,33,38,42,66,77,86,28411,0,16,16.492016502974572,1.480707999689912,86.19321800006219,14962.862482841154
1780245163,120,GET,REST/listar-musicas,497.800000,0.000000,20,24,26,27,31,35,40,44,52,61,61,6223,0,17,17.52407925309655,1.5715100003035332,61.42102600006183,50889.0
1780245163,120,GET,REST/listar-musicas-playlist,492.500000,0.000000,20,23,26,27,31,36,40,43,52,54,54,6182,0,17,17.31625442963455,1.8666119999579678,54.17475799958993,300.0
1780245163,120,GET,REST/listar-playlists-musica,490.800000,0.000000,20,23,25,27,31,34,40,42,50,60,60,6152,0,17,17.07633172285324,1.480707999689912,59.979882999869005,511.0
1780245163,120,GET,REST/listar-playlists-usuario,494.800000,0.000000,20,23,26,28,32,35,40,43,60,61,61,6194,0,17,17.477242094605955,1.74454899979537,61.1412210000708,712.0
1780245163,120,GET,REST/listar-usuarios,500.000000,0.000000,20,23,26,27,32,36,46,53,90,91,91,6246,0,17,17.79793159350044,1.7734610000843531,91.38197599986597,21998.0
1780245163,120,,Aggregated,2475.900000,0.000000,20,23,26,27,31,35,41,45,69,91,91,30997,0,17,17.439589028035126,1.480707999689912,91.38197599986597,14952.742362164081
1780245164,130,GET,REST/listar-musicas,517.400000,0.000000,22,25,27,29,32,35,41,44,52,61,61,6764,0,18,18.26878104494747,1.5715100003035332,61.42102600006183,50889.0
1780245164,130,GET,REST/listar-musicas-playlist,512.100000,0.000000,22,25,27,29,32,36,41,43,52,54,54,6712,0,18,18.040013647497062,1.8666119999579678,54.17475799958993,300.0
1780245164,130,GET,REST/listar-playlists-musica,511.100000,0.000000,21,24,27,28,32,34,41,44,50,60,60,6688,0,18,17.864638250149383,1.480707999689912,59.979882999869005,511.0
1780245164,130,GET,REST/listar-playlists-usuario,515.300000,0.000000,22,25,27,29,32,35,40,45,60,61,61,6734,0,18,18.22742582313416,1.74454899979537,61.1412210000708,712.0
1780245164,130,GET,REST/listar-usuarios,520.300000,0.000000,22,25,27,29,33,37,47,55,90,91,91,6784,0,18,18.54613628493493,1.7734610000843531,91.38197599986597,21998.0
1780245164,130,,Aggregated,2576.200000,0.000000,22,25,27,29,32,35,41,45,69,91,91,33682,0,18,18.190540385280155,1.480707999689912,91.38197599986597,14953.785523424975
1780245165,140,GET,REST/listar-musicas,520.300000,0.000000,23,26,28,30,33,37,42,45,52,61,61,7259,0,19,18.990358690457416,1.5715100003035332,61.42102600006183,50889.0
1780245165,140,GET,REST/listar-musicas-playlist,514.600000,0.000000,23,26,28,30,33,37,42,44,52,54,54,7209,0,19,18.740617344707953,1.8666119999579678,54.17475799958993,300.0
1780245165,140,GET,REST/listar-playlists-musica,512.200000,0.000000,23,26,28,29,33,36,42,45,50,60,60,7179,0,19,18.622903350467297,1.480707999689912,59.979882999869005,511.0
1780245165,140,GET,REST/listar-playlists-usuario,518.100000,0.000000,23,27,29,30,33,37,42,45,60,61,61,7227,0,19,18.95262725017012,1.74454899979537,61.1412210000708,712.0
1780245165,140,GET,REST/listar-usuarios,521.500000,0.000000,23,26,29,30,33,39,48,67,90,91,91,7294,0,19,19.3238424934191,1.7734610000843531,91.38197599986597,21998.0
1780245165,140,,Aggregated,2586.700000,0.000000,23,26,28,30,33,37,43,46,75,91,91,36168,0,19,18.927358206398235,1.480707999689912,91.38197599986597,14953.36916611369
1780245166,150,GET,REST/listar-musicas,518.600000,0.000000,24,27,29,31,34,38,43,47,56,61,61,7769,0,20,19.60223792882432,1.5715100003035332,61.425892999977805,50889.0
1780245166,150,GET,REST/listar-musicas-playlist,516.400000,0.000000,24,27,29,31,34,38,42,46,59,60,60,7708,0,20,19.33693562947513,1.8666119999579678,60.36970900004235,300.0
1780245166,150,GET,REST/listar-playlists-musica,513.500000,0.000000,24,27,29,30,33,37,43,46,56,61,61,7677,0,20,19.22447146958411,1.480707999689912,60.9682710000925,511.0
1780245166,150,GET,REST/listar-playlists-usuario,517.200000,0.000000,24,28,30,31,34,38,44,46,60,61,61,7741,0,20,19.588780798860782,1.74454899979537,61.1412210000708,712.0
1780245166,150,GET,REST/listar-usuarios,521.900000,0.000000,24,27,29,31,34,40,51,69,90,91,91,7809,0,20,19.968832140734737,1.7734610000843531,91.38197599986597,21998.0
1780245166,150,,Aggregated,2587.600000,0.000000,24,27,29,31,34,38,44,48,82,91,91,38704,0,20,19.54574504247635,1.480707999689912,91.38197599986597,14956.74767465895
1780245167,160,GET,REST/listar-musicas,518.600000,0.000000,26,28,30,32,35,39,45,49,56,61,61,8260,0,21,20.196840977728563,1.5715100003035332,61.425892999977805,50889.0
1780245167,160,GET,REST/listar-musicas-playlist,513.300000,0.000000,25,28,30,32,35,40,45,48,59,60,60,8196,0,20,19.962118727549267,1.8666119999579678,60.36970900004235,300.0
1780245167,160,GET,REST/listar-playlists-musica,511.300000,0.000000,25,28,30,31,34,39,45,48,56,61,61,8172,0,21,19.852763065956214,1.480707999689912,60.9682710000925,511.0
1780245167,160,GET,REST/listar-playlists-usuario,516.300000,0.000000,26,29,31,32,35,40,46,49,60,61,61,8221,0,21,20.175599490935195,1.74454899979537,61.1412210000708,712.0
1780245167,160,GET,REST/listar-usuarios,519.200000,0.000000,25,28,30,32,35,42,53,73,94,95,95,8291,0,21,20.57108661850155,1.7734610000843531,95.36433200037209,21998.0
1780245167,160,,Aggregated,2578.700000,0.000000,26,28,30,32,35,40,46,51,84,95,95,41140,0,21,20.15290942904716,1.480707999689912,95.36433200037209,14954.219786096257
1780245168,170,GET,REST/listar-musicas,515.800000,0.000000,27,29,31,32,35,40,45,49,56,61,61,8778,0,21,20.652322381525494,1.5715100003035332,61.425892999977805,50889.0
1780245168,170,GET,REST/listar-musicas-playlist,512.400000,0.000000,26,29,31,32,35,40,45,49,59,60,60,8713,0,21,20.414547886146376,1.8666119999579678,60.36970900004235,300.0
1780245168,170,GET,REST/listar-playlists-musica,510.400000,0.000000,26,29,31,32,34,40,45,48,56,61,61,8668,0,21,20.290442233040874,1.480707999689912,60.9682710000925,511.0
1780245168,170,GET,REST/listar-playlists-usuario,512.300000,0.000000,27,30,31,32,35,40,46,49,60,61,61,8745,0,21,20.63756224802513,1.74454899979537,61.1412210000708,712.0
1780245168,170,GET,REST/listar-usuarios,517.900000,0.000000,26,29,31,32,36,43,53,77,94,95,95,8821,0,21,21.09449679786784,1.7734610000843531,95.36433200037209,21998.0
1780245168,170,,Aggregated,2568.800000,0.000000,26,29,31,32,35,41,47,51,87,95,95,43725,0,21,20.619454156340677,1.480707999689912,95.36433200037209,14957.522881646655
1780245169,180,GET,REST/listar-musicas,514.000000,0.000000,27,30,31,32,36,41,46,50,56,61,61,9303,0,22,21.08740115070737,1.5715100003035332,61.425892999977805,50889.0
1780245169,180,GET,REST/listar-musicas-playlist,511.500000,0.000000,27,29,31,32,35,41,45,49,59,60,60,9227,0,21,20.80733166272805,1.8666119999579678,60.36970900004235,300.0
1780245169,180,GET,REST/listar-playlists-musica,509.600000,0.000000,27,29,31,32,35,40,45,48,56,61,61,9182,0,21,20.68423397418832,1.480707999689912,60.9682710000925,511.0
1780245169,180,GET,REST/listar-playlists-usuario,512.500000,0.000000,27,30,32,32,35,40,47,50,60,61,61,9258,0,22,21.020173321881227,1.74454899979537,61.1412210000708,712.0
1780245169,180,GET,REST/listar-usuarios,516.800000,0.000000,27,30,31,32,36,44,54,83,94,95,95,9341,0,22,21.519873836954247,1.7734610000843531,95.36433200037209,21998.0
1780245169,180,,Aggregated,2564.300000,0.000000,27,30,31,32,35,41,47,51,88,95,95,46311,0,22,21.02545582330307,1.480707999689912,95.36433200037209,14963.086156636653
1780245170,190,GET,REST/listar-musicas,512.000000,0.000000,27,30,32,33,36,41,47,50,56,61,61,9792,0,22,21.47347913541984,1.5715100003035332,61.425892999977805,50889.0
1780245170,190,GET,REST/listar-musicas-playlist,507.100000,0.000000,27,30,32,33,36,41,47,50,59,60,60,9726,0,22,21.196692381245747,1.8666119999579678,60.36970900004235,300.0
1780245170,190,GET,REST/listar-playlists-musica,506.000000,0.000000,27,30,31,32,35,40,46,48,56,61,61,9690,0,22,21.109649706088938,1.480707999689912,60.9682710000925,511.0
1780245170,190,GET,REST/listar-playlists-usuario,507.900000,0.000000,27,30,32,33,36,41,47,50,60,61,61,9752,0,22,21.426808023377454,1.74454899979537,61.1412210000708,712.0
1780245170,190,GET,REST/listar-usuarios,512.400000,0.000000,27,30,32,33,36,44,54,84,94,95,95,9837,0,22,21.93818345003481,1.7734610000843531,95.36433200037209,21998.0
1780245170,190,,Aggregated,2545.400000,0.000000,27,30,32,33,36,42,47,51,88,95,95,48797,0,22,21.43041551505219,1.480707999689912,95.36433200037209,14949.940119269628
1780245171,200,GET,REST/listar-musicas,509.800000,0.000000,27,30,32,33,36,41,47,50,56,61,61,10306,0,23,21.8487542928418,1.5715100003035332,61.425892999977805,50889.0
1780245171,200,GET,REST/listar-musicas-playlist,507.400000,0.000000,27,30,32,33,35,41,47,50,59,60,60,10234,0,22,21.56772539476222,1.8666119999579678,60.36970900004235,300.0
1780245171,200,GET,REST/listar-playlists-musica,506.400000,0.000000,27,30,32,33,35,40,46,48,56,61,61,10183,0,22,21.46241543395886,1.480707999689912,60.9682710000925,511.0
1780245171,200,GET,REST/listar-playlists-usuario,507.900000,0.000000,27,30,32,33,36,41,47,50,57,58,58,10265,0,22,21.76877841889681,1.74454899979537,61.1412210000708,712.0
1780245171,200,GET,REST/listar-usuarios,512.600000,0.000000,27,30,32,33,36,45,55,86,100,100,100,10345,0,22,22.33254265490502,1.7734610000843531,103.32879799989314,21998.0
1780245171,200,,Aggregated,2544.100000,0.000000,27,30,32,33,36,42,48,51,90,100,100,51333,0,22,21.79759227068347,1.480707999689912,103.32879799989314,14953.611458515965
1780245172,210,GET,REST/listar-musicas,508.300000,0.000000,28,31,32,33,38,42,48,51,61,64,64,10746,0,23,22.290430680814485,1.5715100003035332,63.519508999888785,50889.0
1780245172,210,GET,REST/listar-musicas-playlist,503.800000,0.000000,27,30,32,33,36,42,48,50,59,60,60,10680,0,23,21.971262953745796,1.8666119999579678,60.36970900004235,300.0
1780245172,210,GET,REST/listar-playlists-musica,500.300000,0.000000,28,30,32,33,37,42,47,51,57,61,61,10632,0,23,21.960589912716625,1.480707999689912,60.9682710000925,511.0
1780245172,210,GET,REST/listar-playlists-usuario,505.100000,0.000000,28,31,32,33,37,41,47,51,59,64,64,10720,0,23,22.19315165102351,1.74454899979537,64.11444900004426,712.0
1780245172,210,GET,REST/listar-usuarios,508.800000,0.000000,28,30,32,33,37,45,58,87,100,100,100,10792,0,23,22.756575537897508,1.7734610000843531,103.32879799989314,21998.0
1780245172,210,,Aggregated,2526.300000,0.000000,28,30,32,33,37,42,48,53,91,100,100,53570,0,23,22.235777436961087,1.480707999689912,103.32879799989314,14943.53559828262
1780245173,220,GET,REST/listar-musicas,505.900000,0.000000,28,31,32,33,38,42,49,53,64,66,66,11257,0,23,22.600433978682652,1.5715100003035332,66.393269999935,50889.0
1780245173,220,GET,REST/listar-musicas-playlist,502.700000,0.000000,27,30,32,33,36,42,48,50,59,64,64,11169,0,23,22.242426003491765,1.8666119999579678,63.876250999783224,300.0
1780245173,220,GET,REST/listar-playlists-musica,501.700000,0.000000,28,31,32,33,37,41,47,52,60,63,63,11126,0,23,22.23291654808559,1.480707999689912,63.263465000090946,511.0
1780245173,220,GET,REST/listar-playlists-usuario,504.400000,0.000000,28,31,32,33,37,42,48,53,60,65,65,11227,0,23,22.48491143510855,1.74454899979537,65.49873700032549,712.0
1780245173,220,GET,REST/listar-usuarios,508.000000,0.000000,28,31,32,33,37,45,58,88,110,110,110,11327,0,23,23.08169035269595,1.7734610000843531,112.88914500028113,21998.0
1780245173,220,,Aggregated,2522.700000,0.000000,28,31,32,33,37,42,49,53,94,110,110,56106,0,23,22.53032791772683,1.480707999689912,112.88914500028113,14954.88056535843
1780245174,230,GET,REST/listar-musicas,502.500000,0.000000,28,31,32,33,37,43,49,53,64,66,66,11773,0,24,22.86674882451653,1.5715100003035332,66.393269999935,50889.0
1780245174,230,GET,REST/listar-musicas-playlist,500.400000,0.000000,28,30,32,33,36,42,48,51,59,64,64,11685,0,23,22.490310012152737,1.8666119999579678,63.876250999783224,300.0
1780245174,230,GET,REST/listar-playlists-musica,495.400000,0.000000,28,31,32,33,36,41,48,52,60,63,63,11617,0,23,22.4818261201685,1.480707999689912,63.263465000090946,511.0
1780245174,230,GET,REST/listar-playlists-usuario,500.700000,0.000000,28,31,32,33,37,42,49,53,60,65,65,11748,0,23,22.71985025561488,1.74454899979537,65.49873700032549,712.0
1780245174,230,GET,REST/listar-usuarios,503.200000,0.000000,28,31,32,33,37,45,58,90,110,110,110,11819,0,23,23.36686659852721,1.7734610000843531,112.88914500028113,21998.0
1780245174,230,,Aggregated,2502.200000,0.000000,28,31,32,33,37,42,49,53,100,110,110,58642,0,23,22.786853749394478,1.480707999689912,112.88914500028113,14953.734899901096
1780245175,240,GET,REST/listar-musicas,496.400000,0.000000,28,31,32,33,37,42,48,52,64,66,66,12266,0,24,23.089458491034687,1.5715100003035332,66.393269999935,50889.0
1780245175,240,GET,REST/listar-musicas-playlist,495.200000,0.000000,28,31,32,33,36,41,48,50,55,64,64,12188,0,24,22.7710270109132,1.8666119999579678,63.876250999783224,300.0
1780245175,240,GET,REST/listar-playlists-musica,493.600000,0.000000,28,31,32,33,36,41,48,52,57,63,63,12115,0,24,22.74833333569949,1.480707999689912,63.263465000090946,511.0
1780245175,240,GET,REST/listar-playlists-usuario,496.200000,0.000000,28,31,32,33,36,40,48,51,60,65,65,12240,0,24,22.9330614665007,1.74454899979537,65.49873700032549,712.0
1780245175,240,GET,REST/listar-usuarios,499.500000,0.000000,28,31,33,33,37,45,58,93,110,130,130,12319,0,24,23.622107767756425,1.7734610000843531,125.91095700008736,21998.0
1780245175,240,,Aggregated,2480.900000,0.000000,28,31,32,33,36,42,49,53,110,110,130,61128,0,24,23.03438770061179,1.480707999689912,125.91095700008736,14948.303248920298
1780245176,250,GET,REST/listar-musicas,496.300000,0.000000,28,31,33,34,38,43,50,54,65,67,67,12740,0,24,23.405881705968053,1.5715100003035332,66.77507700032947,50889.0
1780245176,250,GET,REST/listar-musicas-playlist,488.900000,0.000000,28,31,33,34,37,42,48,51,61,68,68,12605,0,24,23.043714542087034,1.8666119999579678,67.60238500010018,300.0
1780245176,250,GET,REST/listar-playlists-musica,489.900000,0.000000,28,31,33,34,37,41,49,53,62,63,63,12569,0,24,23.069576221815147,1.480707999689912,63.41637599962269,511.0
1780245176,250,GET,REST/listar-playlists-usuario,492.900000,0.000000,28,31,33,34,37,41,50,54,65,66,66,12685,0,24,23.272456700982357,1.74454899979537,66.46484900011274,712.0
1780245176,250,GET,REST/listar-usuarios,498.000000,0.000000,28,31,33,34,38,45,63,100,160,170,170,12765,0,24,23.998830085075895,1.7734610000843531,166.31574299981366,21998.0
1780245176,250,,Aggregated,2466.000000,0.000000,28,31,33,34,37,42,50,55,110,170,170,63364,0,24,23.359867394056362,1.480707999689912,166.31574299981366,14966.957720472192
1780245177,250,GET,REST/listar-musicas,496.600000,0.000000,28,31,33,34,38,42,50,54,65,67,67,13220,0,24,23.63688243888323,1.5715100003035332,66.77507700032947,50889.0
1780245177,250,GET,REST/listar-musicas-playlist,489.500000,0.000000,28,31,33,34,37,42,49,52,63,68,68,13079,0,24,23.342821069578072,1.8666119999579678,67.60238500010018,300.0
1780245177,250,GET,REST/listar-playlists-musica,489.100000,0.000000,28,31,33,34,37,41,49,54,63,63,63,13032,0,24,23.321261992095824,1.480707999689912,63.41637599962269,511.0
1780245177,250,GET,REST/listar-playlists-usuario,495.100000,0.000000,28,31,33,34,37,41,49,54,65,66,66,13133,0,24,23.518641035632523,1.74454899979537,66.46484900011274,712.0
1780245177,250,GET,REST/listar-usuarios,497.700000,0.000000,28,31,33,34,38,45,61,100,160,170,170,13246,0,24,24.24724283104289,1.7734610000843531,166.31574299981366,21998.0
1780245177,250,,Aggregated,2468.000000,0.000000,28,31,33,34,37,42,50,56,110,170,170,65710,0,24,23.615162382483486,1.480707999689912,166.31574299981366,14975.9828945366
1780245178,250,GET,REST/listar-musicas,493.600000,0.000000,29,31,33,34,38,43,51,55,65,67,67,13724,0,25,23.850340456502185,1.5715100003035332,66.77507700032947,50889.0
1780245178,250,GET,REST/listar-musicas-playlist,486.400000,0.000000,28,31,33,34,37,41,49,52,63,68,68,13584,0,24,23.52739963280426,1.8666119999579678,67.60238500010018,300.0
1780245178,250,GET,REST/listar-playlists-musica,485.100000,0.000000,29,31,33,34,38,42,49,54,63,63,63,13547,0,24,23.535811804679298,1.480707999689912,63.41637599962269,511.0
1780245178,250,GET,REST/listar-playlists-usuario,488.300000,0.000000,28,31,33,34,37,42,49,54,65,66,66,13652,0,24,23.70264980281013,1.74454899979537,66.46484900011274,712.0
1780245178,250,GET,REST/listar-usuarios,494.300000,0.000000,28,31,33,34,38,45,59,100,160,170,170,13750,0,24,24.419795724290356,1.7734610000843531,166.31574299981366,21998.0
1780245178,250,,Aggregated,2447.700000,0.000000,28,31,33,34,38,43,50,56,110,170,170,68257,0,24,23.808820749109913,1.480707999689912,166.31574299981366,14966.832368841291
1780245179,250,GET,REST/listar-musicas,487.700000,0.000000,29,31,33,34,37,42,50,54,65,67,67,14228,0,25,24.013622326119904,1.5715100003035332,66.77507700032947,50889.0
1780245179,250,GET,REST/listar-musicas-playlist,483.100000,0.000000,28,31,33,34,37,41,49,52,63,68,68,14090,0,24,23.704921798368517,1.8666119999579678,67.60238500010018,300.0
1780245179,250,GET,REST/listar-playlists-musica,482.700000,0.000000,29,31,33,34,37,41,49,54,63,63,63,14064,0,24,23.708335405289635,1.480707999689912,63.41637599962269,511.0
1780245179,250,GET,REST/listar-playlists-usuario,485.400000,0.000000,28,31,33,34,37,41,49,54,65,66,66,14165,0,25,23.860180253862122,1.74454899979537,66.46484900011274,712.0
1780245179,250,GET,REST/listar-usuarios,493.400000,0.000000,28,31,33,34,38,45,54,100,160,170,170,14257,0,24,24.562381065721375,1.7734610000843531,166.31574299981366,21998.0
1780245179,250,,Aggregated,2432.300000,0.000000,28,31,33,34,37,42,50,55,110,170,170,70804,0,25,23.971350713024542,1.480707999689912,166.31574299981366,14959.230580193209
1780245180,250,GET,REST/listar-musicas,483.600000,0.000000,29,31,33,34,38,44,51,55,65,67,67,14724,0,25,24.219956643170132,1.5715100003035332,66.77507700032947,50889.0
1780245180,250,GET,REST/listar-musicas-playlist,482.200000,0.000000,29,32,33,34,37,42,50,53,63,68,68,14583,0,25,23.924485725228386,1.8666119999579678,67.60238500010018,300.0
1780245180,250,GET,REST/listar-playlists-musica,482.600000,0.000000,29,32,33,34,38,43,50,55,63,63,63,14545,0,25,23.925857698796552,1.480707999689912,63.41637599962269,511.0
1780245180,250,GET,REST/listar-playlists-usuario,484.300000,0.000000,29,32,33,34,38,42,50,55,65,66,66,14650,0,25,24.116552994263174,1.74454899979537,66.46484900011274,712.0
1780245180,250,GET,REST/listar-usuarios,489.900000,0.000000,29,32,33,34,38,45,53,90,160,170,170,14749,0,25,24.745849739913393,1.7734610000843531,166.31574299981366,21998.0
1780245180,250,,Aggregated,2422.600000,0.000000,29,32,33,34,38,43,51,56,110,170,170,73251,0,25,24.187943596046242,1.480707999689912,166.31574299981366,14961.929980478082
1780245181,250,GET,REST/listar-musicas,483.000000,0.000000,29,31,33,34,37,43,51,55,65,67,67,15222,0,25,24.38179893529347,1.5715100003035332,66.77507700032947,50889.0
1780245181,250,GET,REST/listar-musicas-playlist,480.800000,0.000000,28,31,33,34,37,42,49,53,63,68,68,15083,0,25,24.1142709329051,1.8666119999579678,67.60238500010018,300.0
1780245181,250,GET,REST/listar-playlists-musica,480.500000,0.000000,29,31,33,34,37,42,50,55,63,63,63,15044,0,25,24.088630758109506,1.480707999689912,63.41637599962269,511.0
1780245181,250,GET,REST/listar-playlists-usuario,482.900000,0.000000,29,32,33,34,38,42,50,55,65,66,66,15149,0,25,24.289815818335306,1.74454899979537,66.46484900011274,712.0
1780245181,250,GET,REST/listar-usuarios,488.600000,0.000000,28,31,33,34,38,45,51,62,160,170,170,15248,0,25,24.879863704353514,1.7734610000843531,166.31574299981366,21998.0
1780245181,250,,Aggregated,2415.800000,0.000000,29,31,33,34,37,43,50,55,110,170,170,75746,0,25,24.352166907757397,1.480707999689912,166.31574299981366,14958.629287355108
1780245182,250,GET,REST/listar-musicas,481.900000,0.000000,29,31,33,34,37,43,51,54,65,67,67,15682,0,25,24.570993236961797,1.5715100003035332,66.77507700032947,50889.0
1780245182,250,GET,REST/listar-musicas-playlist,480.800000,0.000000,29,32,33,34,37,42,50,53,63,68,68,15564,0,25,24.31963386475233,1.8666119999579678,67.60238500010018,300.0
1780245182,250,GET,REST/listar-playlists-musica,483.400000,0.000000,28,31,33,34,37,42,49,53,63,63,63,15510,0,25,24.285401566473126,1.480707999689912,63.41637599962269,511.0
1780245182,250,GET,REST/listar-playlists-usuario,482.500000,0.000000,29,32,33,34,38,42,50,54,65,66,66,15601,0,25,24.4740798772488,1.74454899979537,66.46484900011274,712.0
1780245182,250,GET,REST/listar-usuarios,486.600000,0.000000,28,31,33,34,38,44,51,60,160,170,170,15735,0,25,25.041944244040966,1.7734610000843531,166.31574299981366,21998.0
1780245182,250,,Aggregated,2415.200000,0.000000,29,31,33,34,37,43,50,54,110,170,170,78092,0,25,24.539706865671096,1.480707999689912,166.31574299981366,14955.21372227629
1780245183,250,GET,REST/listar-musicas,479.000000,0.000000,29,31,33,34,37,42,50,52,62,67,67,16181,0,25,24.71639259625717,1.5715100003035332,66.77507700032947,50889.0
1780245183,250,GET,REST/listar-musicas-playlist,479.200000,0.000000,29,32,34,35,37,42,49,53,62,68,68,16063,0,25,24.473106775260366,1.8666119999579678,67.60238500010018,300.0
1780245183,250,GET,REST/listar-playlists-musica,479.200000,0.000000,29,31,33,34,37,42,49,53,62,63,63,16010,0,25,24.42032688719571,1.480707999689912,63.41637599962269,511.0
1780245183,250,GET,REST/listar-playlists-usuario,479.300000,0.000000,29,32,33,34,38,42,50,54,65,66,66,16101,0,25,24.608056221722418,1.74454899979537,66.46484900011274,712.0
1780245183,250,GET,REST/listar-usuarios,480.100000,0.000000,28,31,33,34,37,44,50,54,160,170,170,16234,0,25,25.15026458987181,1.7734610000843531,166.31574299981366,21998.0
1780245183,250,,Aggregated,2396.800000,0.000000,29,31,33,34,37,43,50,53,66,170,170,80589,0,25,24.674839057104414,1.480707999689912,166.31574299981366,14952.591085632033
1780245184,250,GET,REST/listar-musicas,480.500000,0.000000,29,32,34,35,39,45,51,53,62,67,67,16681,0,25,24.91852650632697,1.5715100003035332,66.77507700032947,50889.0
1780245184,250,GET,REST/listar-musicas-playlist,480.600000,0.000000,29,32,34,35,38,43,50,53,62,68,68,16562,0,25,24.61904054631144,1.8666119999579678,67.60238500010018,300.0
1780245184,250,GET,REST/listar-playlists-musica,481.400000,0.000000,29,32,33,34,38,43,49,53,62,63,63,16510,0,25,24.570310829679137,1.480707999689912,63.41637599962269,511.0
1780245184,250,GET,REST/listar-playlists-usuario,479.200000,0.000000,29,32,33,34,38,44,50,54,65,66,66,16598,0,25,24.748690742496226,1.74454899979537,66.46484900011274,712.0
1780245184,250,GET,REST/listar-usuarios,480.600000,0.000000,28,31,33,34,38,44,50,53,160,170,170,16734,0,25,25.27862477040614,1.7734610000843531,166.31574299981366,21998.0
1780245184,250,,Aggregated,2402.300000,0.000000,29,32,33,34,38,44,50,53,63,170,170,83085,0,25,24.828231303243587,1.480707999689912,166.31574299981366,14951.157573569237
1780245185,250,GET,REST/listar-musicas,482.200000,0.000000,29,32,34,35,39,45,50,53,62,63,63,17159,0,26,25.065469575152513,1.5715100003035332,66.77507700032947,50889.0
1780245185,250,GET,REST/listar-musicas-playlist,484.000000,0.000000,29,32,34,35,37,42,49,52,61,64,64,17057,0,25,24.74945802392018,1.8666119999579678,67.60238500010018,300.0
1780245185,250,GET,REST/listar-playlists-musica,479.900000,0.000000,29,31,33,34,37,42,49,52,62,63,63,17005,0,25,24.699755144604794,1.480707999689912,63.41637599962269,511.0
1780245185,250,GET,REST/listar-playlists-usuario,481.800000,0.000000,29,32,33,34,38,44,50,53,59,63,63,17087,0,25,24.904190612392583,1.74454899979537,66.46484900011274,712.0
1780245185,250,GET,REST/listar-usuarios,482.300000,0.000000,28,31,33,34,38,43,48,51,62,64,64,17223,0,25,25.39160185083761,1.7734610000843531,166.31574299981366,21998.0
1780245185,250,,Aggregated,2410.200000,0.000000,29,32,33,34,38,43,49,52,61,63,64,85531,0,25,24.96319109865426,1.480707999689912,166.31574299981366,14942.517964246881
1780245186,250,GET,REST/listar-musicas,480.400000,0.000000,29,32,34,35,39,45,50,52,59,63,63,17659,0,26,25.21490516688585,1.5715100003035332,66.77507700032947,50889.0
1780245186,250,GET,REST/listar-musicas-playlist,484.600000,0.000000,28,31,33,34,37,43,49,52,61,64,64,17556,0,25,24.85160862679477,1.8666119999579678,67.60238500010018,300.0
1780245186,250,GET,REST/listar-playlists-musica,477.600000,0.000000,28,31,33,34,37,42,48,52,59,63,63,17504,0,25,24.81550473023328,1.480707999689912,63.41637599962269,511.0
1780245186,250,GET,REST/listar-playlists-usuario,482.500000,0.000000,29,31,33,34,38,44,50,52,58,63,63,17586,0,26,25.007906831283584,1.74454899979537,66.46484900011274,712.0
1780245186,250,GET,REST/listar-usuarios,480.400000,0.000000,28,31,33,34,38,44,49,51,62,64,64,17723,0,25,25.49911396902179,1.7734610000843531,166.31574299981366,21998.0
1780245186,250,,Aggregated,2405.500000,0.000000,29,31,33,34,38,44,49,52,59,63,64,88028,0,25,25.078898675421556,1.480707999689912,166.31574299981366,14941.291191439088
1780245187,250,GET,REST/listar-musicas,477.700000,0.000000,29,32,34,35,40,46,51,53,59,69,69,18103,0,26,25.365199616474328,1.5715100003035332,68.5632629997599,50889.0
1780245187,250,GET,REST/listar-musicas-playlist,483.500000,0.000000,28,31,33,34,37,43,49,52,58,65,65,18018,0,25,24.98970083705252,1.8666119999579678,67.60238500010018,300.0
1780245187,250,GET,REST/listar-playlists-musica,477.800000,0.000000,28,31,33,34,37,42,49,52,64,66,66,17985,0,25,24.974001913483512,1.480707999689912,66.05182500015871,511.0
1780245187,250,GET,REST/listar-playlists-usuario,479.900000,0.000000,29,31,33,34,38,44,51,54,64,66,66,18070,0,26,25.16480807254836,1.74454899979537,66.46484900011274,712.0
1780245187,250,GET,REST/listar-usuarios,479.500000,0.000000,28,31,33,34,37,43,49,52,59,67,67,18198,0,26,25.608977876963134,1.7734610000843531,166.31574299981366,21998.0
1780245187,250,,Aggregated,2398.400000,0.000000,29,31,33,34,38,44,50,52,62,67,69,90374,0,26,25.221505344778496,1.480707999689912,166.31574299981366,14927.133312678425
1780245188,250,GET,REST/listar-musicas,478.600000,0.000000,29,32,34,35,40,46,51,53,59,69,69,18597,0,26,25.493717170459508,1.5715100003035332,68.5632629997599,50889.0
1780245188,250,GET,REST/listar-musicas-playlist,481.700000,0.000000,29,31,33,34,37,43,49,52,58,65,65,18508,0,26,25.08732485136222,1.8666119999579678,67.60238500010018,300.0
1780245188,250,GET,REST/listar-playlists-musica,479.700000,0.000000,29,32,33,34,37,43,49,52,64,66,66,18481,0,26,25.097858502895082,1.480707999689912,66.05182500015871,511.0
1780245188,250,GET,REST/listar-playlists-usuario,485.000000,0.000000,29,32,33,34,38,44,51,54,64,66,66,18560,0,26,25.261065617615984,1.74454899979537,66.46484900011274,712.0
1780245188,250,GET,REST/listar-usuarios,479.800000,0.000000,28,31,33,34,37,43,49,52,59,67,67,18675,0,26,25.69189733231488,1.7734610000843531,166.31574299981366,21998.0
1780245188,250,,Aggregated,2404.800000,0.000000,29,32,33,34,38,44,50,52,62,67,69,92821,0,26,25.327220673166835,1.480707999689912,166.31574299981366,14925.569580159663
1780245189,250,GET,REST/listar-musicas,485.800000,0.000000,29,32,34,35,40,46,50,53,59,69,69,19096,0,26,25.586661174069654,1.5715100003035332,68.5632629997599,50889.0
1780245189,250,GET,REST/listar-musicas-playlist,484.200000,0.000000,28,31,33,34,37,42,49,51,58,65,65,19007,0,26,25.187055031673424,1.8666119999579678,67.60238500010018,300.0
1780245189,250,GET,REST/listar-playlists-musica,482.600000,0.000000,29,32,33,34,37,43,48,52,64,66,66,18979,0,26,25.207604766637136,1.480707999689912,66.05182500015871,511.0
1780245189,250,GET,REST/listar-playlists-usuario,487.900000,0.000000,29,31,33,34,38,44,50,53,64,66,66,19060,0,26,25.361504909808314,1.74454899979537,66.46484900011274,712.0
1780245189,250,GET,REST/listar-usuarios,480.300000,0.000000,28,31,33,34,37,42,49,52,59,67,67,19175,0,26,25.77965011473163,1.7734610000843531,166.31574299981366,21998.0
1780245189,250,,Aggregated,2420.800000,0.000000,29,31,33,34,38,43,49,52,62,67,69,95317,0,26,25.42530128061111,1.480707999689912,166.31574299981366,14924.505418760556
1780245190,250,GET,REST/listar-musicas,486.200000,0.000000,29,32,34,35,40,46,51,53,62,69,69,19583,0,26,25.707239634123518,1.5715100003035332,68.5632629997599,50889.0
1780245190,250,GET,REST/listar-musicas-playlist,481.600000,0.000000,28,31,33,34,37,43,49,51,59,65,65,19501,0,26,25.294515431773828,1.8666119999579678,67.60238500010018,300.0
1780245190,250,GET,REST/listar-playlists-musica,480.100000,0.000000,29,32,33,34,38,43,49,52,64,66,66,19469,0,26,25.32944384893938,1.480707999689912,66.05182500015871,511.0
1780245190,250,GET,REST/listar-playlists-usuario,482.500000,0.000000,29,31,33,34,38,44,51,53,64,66,66,19555,0,26,25.472835146762993,1.74454899979537,66.46484900011274,712.0
1780245190,250,GET,REST/listar-usuarios,481.100000,0.000000,28,31,33,34,38,44,50,54,61,67,67,19656,0,26,25.918515524062936,1.7734610000843531,166.31574299981366,21998.0
1780245190,250,,Aggregated,2411.500000,0.000000,29,32,33,34,38,44,50,53,62,67,69,97764,0,26,25.54527018044499,1.480707999689912,166.31574299981366,14920.360193936418
1780245191,250,GET,REST/listar-musicas,485.300000,0.000000,29,32,34,35,40,46,51,54,62,69,69,20083,0,26,25.802210925610837,1.5715100003035332,68.5632629997599,50889.0
1780245191,250,GET,REST/listar-musicas-playlist,480.100000,0.000000,28,31,33,34,37,42,49,52,59,65,65,20001,0,26,25.372058479877225,1.8666119999579678,67.60238500010018,300.0
1780245191,250,GET,REST/listar-playlists-musica,478.800000,0.000000,29,32,33,34,38,43,49,53,64,66,66,19967,0,26,25.427390964441308,1.480707999689912,66.05182500015871,511.0
1780245191,250,GET,REST/listar-playlists-usuario,480.100000,0.000000,28,31,33,34,38,45,51,54,64,66,66,20054,0,26,25.571111280390213,1.74454899979537,66.46484900011274,712.0
1780245191,250,GET,REST/listar-usuarios,479.800000,0.000000,28,31,33,34,38,44,50,54,61,67,67,20155,0,26,26.00400555827258,1.7734610000843531,166.31574299981366,21998.0
1780245191,250,,Aggregated,2404.100000,0.000000,29,31,33,34,38,44,50,53,62,67,69,100260,0,26,25.63609472078622,1.480707999689912,166.31574299981366,14919.76223818073
1780245192,250,GET,REST/listar-musicas,485.500000,0.000000,29,32,34,35,39,46,51,53,62,69,69,20570,0,26,25.910144364902713,1.5715100003035332,68.5632629997599,50889.0
1780245192,250,GET,REST/listar-musicas-playlist,481.200000,0.000000,28,31,33,34,37,42,49,51,59,65,65,20488,0,26,25.484331452217166,1.8666119999579678,67.60238500010018,300.0
1780245192,250,GET,REST/listar-playlists-musica,478.800000,0.000000,29,32,33,34,37,43,49,52,64,66,66,20455,0,26,25.53017746956685,1.480707999689912,66.05182500015871,511.0
1780245192,250,GET,REST/listar-playlists-usuario,479.100000,0.000000,28,31,33,34,38,44,50,53,64,66,66,20522,0,26,25.671987757184382,1.74454899979537,66.46484900011274,712.0
1780245192,250,GET,REST/listar-usuarios,481.800000,0.000000,28,31,33,34,38,44,51,54,61,67,67,20622,0,26,26.095767909125556,1.7734610000843531,166.31574299981366,21998.0
1780245192,250,,Aggregated,2406.400000,0.000000,29,31,33,34,38,44,50,53,62,67,69,102657,0,26,25.73913022096901,1.480707999689912,166.31574299981366,14919.976767293025
1780245193,250,GET,REST/listar-musicas,481.600000,0.000000,29,32,34,35,39,46,51,55,64,69,69,21068,0,26,26.015929066073923,1.5715100003035332,68.5632629997599,50889.0
1780245193,250,GET,REST/listar-musicas-playlist,479.500000,0.000000,28,31,33,34,36,42,49,52,63,66,66,20987,0,26,25.570728433269434,1.8666119999579678,67.60238500010018,300.0
1780245193,250,GET,REST/listar-playlists-musica,477.800000,0.000000,29,32,33,34,38,43,49,53,65,66,66,20955,0,26,25.624449490001744,1.480707999689912,66.05182500015871,511.0
1780245193,250,GET,REST/listar-playlists-usuario,479.300000,0.000000,29,31,33,34,38,44,52,57,65,66,66,21022,0,26,25.789860645083078,1.74454899979537,66.46484900011274,712.0
1780245193,250,GET,REST/listar-usuarios,483.200000,0.000000,29,31,33,34,38,45,52,55,65,67,67,21121,0,26,26.200230869276442,1.7734610000843531,166.31574299981366,21998.0
1780245193,250,,Aggregated,2401.400000,0.000000,29,32,33,34,38,44,51,55,64,67,69,105153,0,26,25.8408826845359,1.480707999689912,166.31574299981366,14918.461470428803
1780245195,250,GET,REST/listar-musicas,480.300000,0.000000,29,32,34,35,39,46,52,56,64,69,69,21568,0,26,26.082147315423157,1.5715100003035332,68.5632629997599,50889.0
1780245195,250,GET,REST/listar-musicas-playlist,478.100000,0.000000,28,31,33,34,37,42,50,53,63,66,66,21484,0,26,25.656628846677595,1.8666119999579678,67.60238500010018,300.0
1780245195,250,GET,REST/listar-playlists-musica,483.000000,0.000000,29,32,33,34,38,43,49,55,65,66,66,21454,0,26,25.701069565721596,1.480707999689912,66.05182500015871,511.0
1780245195,250,GET,REST/listar-playlists-usuario,480.700000,0.000000,29,31,33,34,38,45,52,58,65,66,66,21522,0,26,25.87898163102616,1.74454899979537,66.46484900011274,712.0
1780245195,250,GET,REST/listar-usuarios,482.600000,0.000000,29,32,33,34,39,46,53,56,65,67,67,21621,0,26,26.29737958100841,1.7734610000843531,166.31574299981366,21998.0
1780245195,250,,Aggregated,2404.700000,0.000000,29,31,33,34,38,45,51,55,65,67,69,107649,0,26,25.923887825135477,1.480707999689912,166.31574299981366,14918.155932707225
1780245196,250,GET,REST/listar-musicas,479.700000,0.000000,29,32,34,35,38,46,52,56,68,71,71,22066,0,26,26.183032639809806,1.5715100003035332,70.55817199989178,50889.0
1780245196,250,GET,REST/listar-musicas-playlist,478.200000,0.000000,28,31,33,34,37,43,50,53,65,71,71,21977,0,26,25.743109742641348,1.8666119999579678,70.98551199987924,300.0
1780245196,250,GET,REST/listar-playlists-musica,484.600000,0.000000,29,32,33,34,38,44,50,55,66,68,68,21941,0,26,25.802509447016345,1.480707999689912,67.58221799964304,511.0
1780245196,250,GET,REST/listar-playlists-usuario,478.200000,0.000000,29,31,33,34,39,46,53,60,66,70,70,22013,0,26,25.980690969242875,1.74454899979537,70.21326900030544,712.0
1780245196,250,GET,REST/listar-usuarios,479.700000,0.000000,29,32,33,34,39,46,54,58,65,70,70,22099,0,26,26.38609664482511,1.7734610000843531,166.31574299981366,21998.0
1780245196,250,,Aggregated,2400.400000,0.000000,29,32,33,34,38,45,52,57,66,70,71,110096,0,26,26.019685373501567,1.480707999689912,166.31574299981366,14919.058666981544
1780245197,250,GET,REST/listar-musicas,480.700000,0.000000,28,32,34,34,38,45,51,55,65,71,71,22566,0,26,26.235653049235324,1.5715100003035332,70.55817199989178,50889.0
1780245197,250,GET,REST/listar-musicas-playlist,480.000000,0.000000,28,31,33,34,36,43,50,52,63,71,71,22477,0,26,25.810981758865978,1.8666119999579678,70.98551199987924,300.0
1780245197,250,GET,REST/listar-playlists-musica,485.200000,0.000000,29,32,33,34,37,43,49,53,64,68,68,22440,0,26,25.870795282976335,1.480707999689912,67.58221799964304,511.0
1780245197,250,GET,REST/listar-playlists-usuario,478.300000,0.000000,28,31,33,34,38,45,51,56,65,70,70,22510,0,26,26.04035388746938,1.74454899979537,70.21326900030544,712.0
1780245197,250,GET,REST/listar-usuarios,480.500000,0.000000,29,32,33,34,39,46,53,57,65,70,70,22599,0,26,26.451831830478856,1.7734610000843531,166.31574299981366,21998.0
1780245197,250,,Aggregated,2404.700000,0.000000,28,31,33,34,38,44,51,54,65,70,71,112592,0,26,26.08250269465872,1.480707999689912,166.31574299981366,14918.742326275402
1780245198,250,GET,REST/listar-musicas,480.400000,0.000000,28,32,34,35,38,45,53,58,68,71,71,23049,0,27,26.333303903729202,1.5715100003035332,70.55817199989178,50889.0
1780245198,250,GET,REST/listar-musicas-playlist,482.000000,0.000000,28,31,33,34,37,43,51,54,66,72,72,22964,0,26,25.903948823289923,1.8666119999579678,71.94274699986636,300.0
1780245198,250,GET,REST/listar-playlists-musica,482.400000,0.000000,29,32,33,34,37,43,50,55,65,71,71,22901,0,26,25.95356982044394,1.480707999689912,71.43457099982697,511.0
1780245198,250,GET,REST/listar-playlists-usuario,477.600000,0.000000,29,32,33,34,38,46,52,60,67,70,70,22994,0,26,26.134664934371177,1.74454899979537,70.21326900030544,712.0
1780245198,250,GET,REST/listar-usuarios,479.100000,0.000000,29,32,33,34,40,46,53,58,67,71,71,23080,0,26,26.546854671793607,1.7734610000843531,166.31574299981366,21998.0
1780245198,250,,Aggregated,2401.500000,0.000000,29,31,33,34,38,45,52,57,67,71,72,114988,0,26,26.175072148737453,1.480707999689912,166.31574299981366,14919.971997077955
1780245199,250,GET,REST/listar-musicas,481.000000,0.000000,28,32,34,34,37,44,52,56,68,71,71,23549,0,27,26.388826686825734,1.5715100003035332,70.55817199989178,50889.0
1780245199,250,GET,REST/listar-musicas-playlist,484.000000,0.000000,28,31,33,34,37,43,50,52,66,72,72,23463,0,26,25.97735978741151,1.8666119999579678,71.94274699986636,300.0
1780245199,250,GET,REST/listar-playlists-musica,482.900000,0.000000,29,32,33,34,37,43,51,54,65,71,71,23399,0,26,26.03004029855924,1.480707999689912,71.43457099982697,511.0
1780245199,250,GET,REST/listar-playlists-usuario,478.300000,0.000000,29,32,33,34,38,44,51,60,67,70,70,23494,0,26,26.19076995666672,1.74454899979537,70.21326900030544,712.0
1780245199,250,GET,REST/listar-usuarios,480.700000,0.000000,29,32,33,34,39,46,52,57,67,71,71,23580,0,26,26.607494887107492,1.7734610000843531,166.31574299981366,21998.0
1780245199,250,,Aggregated,2406.900000,0.000000,29,31,33,34,38,44,51,56,67,71,72,117485,0,26,26.239476223228824,1.480707999689912,166.31574299981366,14919.53371068647
1780245200,250,GET,REST/listar-musicas,478.400000,0.000000,28,32,33,34,38,44,52,56,68,71,71,24048,0,27,26.463730877705412,1.5715100003035332,70.55817199989178,50889.0
1780245200,250,GET,REST/listar-musicas-playlist,484.100000,0.000000,28,31,33,34,37,44,51,53,66,72,72,23962,0,26,26.054805337744728,1.8666119999579678,71.94274699986636,300.0
1780245200,250,GET,REST/listar-playlists-musica,480.200000,0.000000,29,31,33,34,37,44,52,56,65,71,71,23898,0,26,26.117139075779942,1.480707999689912,71.43457099982697,511.0
1780245200,250,GET,REST/listar-playlists-usuario,482.900000,0.000000,28,31,33,34,38,45,52,60,67,70,70,23993,0,26,26.244160871084013,1.74454899979537,70.21326900030544,712.0
1780245200,250,GET,REST/listar-usuarios,481.100000,0.000000,29,31,33,34,38,45,52,56,67,71,71,24080,0,26,26.659170194767118,1.7734610000843531,166.31574299981366,21998.0
1780245200,250,,Aggregated,2406.700000,0.000000,29,31,33,34,37,45,52,56,67,71,72,119981,0,26,26.30834386572071,1.480707999689912,166.31574299981366,14918.81219526425
1780245201,250,GET,REST/listar-musicas,478.500000,0.000000,28,32,33,34,37,43,52,56,68,71,71,24532,0,27,26.510390616992346,1.5715100003035332,70.55817199989178,50889.0
1780245201,250,GET,REST/listar-musicas-playlist,482.800000,0.000000,28,31,33,34,37,45,51,53,66,72,72,24456,0,26,26.123520848791053,1.8666119999579678,71.94274699986636,300.0
1780245201,250,GET,REST/listar-playlists-musica,480.500000,0.000000,29,31,33,34,37,44,52,56,65,71,71,24385,0,26,26.177727399261602,1.480707999689912,71.43457099982697,511.0
1780245201,250,GET,REST/listar-playlists-usuario,483.900000,0.000000,28,31,33,34,37,44,52,60,67,70,70,24482,0,27,26.305454598844914,1.74454899979537,70.21326900030544,712.0
1780245201,250,GET,REST/listar-usuarios,480.800000,0.000000,29,31,33,34,38,45,52,56,67,71,71,24573,0,26,26.702056600821898,1.7734610000843531,166.31574299981366,21998.0
1780245201,250,,Aggregated,2406.500000,0.000000,29,31,33,34,37,44,52,56,67,71,72,122428,0,26,26.36433975451728,1.480707999689912,166.31574299981366,14916.477611330742
1780245202,250,GET,REST/listar-musicas,479.000000,0.000000,28,31,33,34,37,44,52,55,68,71,71,25031,0,27,26.58444567744221,1.5715100003035332,70.55817199989178,50889.0
1780245202,250,GET,REST/listar-musicas-playlist,481.600000,0.000000,28,31,33,34,37,45,51,52,66,72,72,24955,0,26,26.187853194351167,1.8666119999579678,71.94274699986636,300.0
1780245202,250,GET,REST/listar-playlists-musica,480.700000,0.000000,28,31,33,34,37,44,53,55,62,71,71,24885,0,26,26.249547897086124,1.480707999689912,71.43457099982697,511.0
1780245202,250,GET,REST/listar-playlists-usuario,485.300000,0.000000,28,31,33,34,36,44,51,55,67,70,70,24981,0,27,26.35512398122271,1.74454899979537,70.21326900030544,712.0
1780245202,250,GET,REST/listar-usuarios,480.000000,0.000000,29,31,33,34,37,44,51,54,67,71,71,25072,0,27,26.750291999600925,1.7734610000843531,166.31574299981366,21998.0
1780245202,250,,Aggregated,2406.600000,0.000000,28,31,33,34,37,44,51,55,67,71,72,124924,0,27,26.42593744056417,1.480707999689912,166.31574299981366,14915.673705613013
1780245203,250,GET,REST/listar-musicas,483.200000,0.000000,29,31,33,34,37,43,52,55,68,71,71,25516,0,27,26.64768790711926,1.5715100003035332,70.55817199989178,50889.0
1780245203,250,GET,REST/listar-musicas-playlist,480.800000,0.000000,28,31,33,34,37,45,50,52,66,72,72,25445,0,26,26.249505206406806,1.8666119999579678,71.94274699986636,300.0
1780245203,250,GET,REST/listar-playlists-musica,481.900000,0.000000,28,31,33,34,37,44,53,55,62,71,71,25368,0,27,26.31286415897923,1.480707999689912,71.43457099982697,511.0
1780245203,250,GET,REST/listar-playlists-usuario,486.200000,0.000000,28,31,33,34,37,44,51,55,67,70,70,25478,0,27,26.431631317525927,1.74454899979537,70.21326900030544,712.0
1780245203,250,GET,REST/listar-usuarios,479.500000,0.000000,29,31,33,34,37,45,51,54,67,71,71,25563,0,27,26.80353742569317,1.7734610000843531,166.31574299981366,21998.0
1780245203,250,,Aggregated,2411.600000,0.000000,28,31,33,34,37,44,51,55,67,71,72,127370,0,27,26.489516624959084,1.480707999689912,166.31574299981366,14913.680474208997
1780245204,250,GET,REST/listar-musicas,484.800000,0.000000,29,32,33,34,38,45,52,56,68,71,71,26014,0,27,26.7200082742003,1.5715100003035332,70.55817199989178,50889.0
1780245204,250,GET,REST/listar-musicas-playlist,481.900000,0.000000,28,31,33,34,37,44,50,53,66,72,72,25945,0,26,26.30655951119737,1.8666119999579678,71.94274699986636,300.0
1780245204,250,GET,REST/listar-playlists-musica,481.500000,0.000000,28,31,33,34,37,45,53,57,62,71,71,25867,0,27,26.37534630691554,1.480707999689912,71.43457099982697,511.0
1780245204,250,GET,REST/listar-playlists-usuario,484.900000,0.000000,28,31,33,34,37,43,51,55,67,70,70,25978,0,27,26.476546433402145,1.74454899979537,70.21326900030544,712.0
1780245204,250,GET,REST/listar-usuarios,479.000000,0.000000,29,31,33,34,37,44,52,54,67,71,71,26063,0,27,26.85854729620502,1.7734610000843531,166.31574299981366,21998.0
1780245204,250,,Aggregated,2412.100000,0.000000,29,31,33,34,37,44,51,55,67,71,72,129867,0,27,26.54786132052029,1.480707999689912,166.31574299981366,14912.627480422278
1780245205,250,GET,REST/listar-musicas,487.100000,0.000000,29,32,33,34,37,43,52,55,66,69,69,26514,0,27,26.767450313043888,1.5715100003035332,70.55817199989178,50889.0
1780245205,250,GET,REST/listar-musicas-playlist,482.100000,0.000000,28,31,33,34,37,44,50,53,63,72,72,26444,0,27,26.353038981811114,1.8666119999579678,71.94274699986636,300.0
1780245205,250,GET,REST/listar-playlists-musica,481.400000,0.000000,28,31,33,34,37,43,53,56,60,71,71,26367,0,27,26.432516311221782,1.480707999689912,71.43457099982697,511.0
1780245205,250,GET,REST/listar-playlists-usuario,483.200000,0.000000,28,31,33,34,36,41,50,53,65,67,67,26476,0,27,26.522052183785995,1.74454899979537,70.21326900030544,712.0
1780245205,250,GET,REST/listar-usuarios,482.600000,0.000000,29,31,33,34,36,43,49,53,63,71,71,26562,0,27,26.884389009298815,1.7734610000843531,166.31574299981366,21998.0
1780245205,250,,Aggregated,2416.400000,0.000000,28,31,33,34,37,43,51,54,64,71,72,132363,0,27,26.59231879374159,1.480707999689912,166.31574299981366,14912.320444535104
1780245206,250,GET,REST/listar-musicas,486.600000,0.000000,29,32,34,35,38,45,52,56,66,69,69,27004,0,27,26.833675239780987,1.5715100003035332,70.55817199989178,50889.0
1780245206,250,GET,REST/listar-musicas-playlist,482.500000,0.000000,29,31,33,34,38,44,50,53,63,72,72,26933,0,27,26.427400238666827,1.8666119999579678,71.94274699986636,300.0
1780245206,250,GET,REST/listar-playlists-musica,480.100000,0.000000,29,31,33,34,38,45,54,57,60,71,71,26843,0,27,26.492083991840754,1.480707999689912,71.43457099982697,511.0
1780245206,250,GET,REST/listar-playlists-usuario,482.500000,0.000000,28,31,33,34,37,43,50,53,65,67,67,26969,0,27,26.57303454525272,1.74454899979537,70.21326900030544,712.0
1780245206,250,GET,REST/listar-usuarios,485.000000,0.000000,29,31,33,34,37,44,50,53,63,71,71,27060,0,27,26.94871982620094,1.7734610000843531,166.31574299981366,21998.0
1780245206,250,,Aggregated,2416.700000,0.000000,29,31,33,34,37,44,51,55,64,71,72,134809,0,27,26.65544047166002,1.480707999689912,166.31574299981366,14913.47786127039
1780245207,250,GET,REST/listar-musicas,486.100000,0.000000,29,32,33,34,37,43,51,54,60,61,61,27502,0,27,26.876766409535577,1.5715100003035332,70.55817199989178,50889.0
1780245207,250,GET,REST/listar-musicas-playlist,482.800000,0.000000,28,31,33,34,38,44,49,51,60,61,61,27433,0,27,26.476719519739447,1.8666119999579678,71.94274699986636,300.0
1780245207,250,GET,REST/listar-playlists-musica,480.300000,0.000000,29,31,33,34,38,44,52,56,60,60,60,27343,0,27,26.554929669676987,1.480707999689912,71.43457099982697,511.0
1780245207,250,GET,REST/listar-playlists-usuario,482.800000,0.000000,28,31,33,34,36,41,49,51,56,59,59,27469,0,27,26.614300972620867,1.74454899979537,70.21326900030544,712.0
1780245207,250,GET,REST/listar-usuarios,485.300000,0.000000,28,31,33,34,36,43,49,51,57,61,61,27559,0,27,26.97130284444301,1.7734610000843531,166.31574299981366,21998.0
1780245207,250,,Aggregated,2417.300000,0.000000,28,31,33,34,37,43,50,53,59,61,61,137306,0,27,26.699215524776974,1.480707999689912,166.31574299981366,14912.329111619303
1780245208,250,GET,REST/listar-musicas,483.000000,0.000000,29,32,34,35,38,44,51,54,60,63,63,27984,0,27,26.947319964553024,1.5715100003035332,70.55817199989178,50889.0
1780245208,250,GET,REST/listar-musicas-playlist,481.400000,0.000000,28,31,33,34,38,44,50,52,60,61,61,27892,0,27,26.538257242901732,1.8666119999579678,71.94274699986636,300.0
1780245208,250,GET,REST/listar-playlists-musica,482.600000,0.000000,29,32,34,34,38,44,53,57,60,60,60,27825,0,27,26.623631605713545,1.480707999689912,71.43457099982697,511.0
1780245208,250,GET,REST/listar-playlists-usuario,482.500000,0.000000,28,31,33,34,37,42,49,52,56,61,61,27957,0,27,26.670548357832377,1.74454899979537,70.21326900030544,712.0
1780245208,250,GET,REST/listar-usuarios,486.900000,0.000000,28,31,33,34,37,43,49,52,59,62,62,28044,0,27,27.035233875588563,1.7734610000843531,166.31574299981366,21998.0
1780245208,250,,Aggregated,2416.400000,0.000000,29,31,33,34,37,43,50,53,60,62,63,139702,0,27,26.763439618495283,1.480707999689912,166.31574299981366,14913.753897581995
1780245209,250,GET,REST/listar-musicas,481.300000,0.000000,29,32,34,35,38,43,50,53,60,63,63,28484,0,27,26.988392204362164,1.5715100003035332,70.55817199989178,50889.0
1780245209,250,GET,REST/listar-musicas-playlist,479.900000,0.000000,29,31,33,34,37,43,49,51,60,61,61,28392,0,27,26.578814606544512,1.8666119999579678,71.94274699986636,300.0
1780245209,250,GET,REST/listar-playlists-musica,482.400000,0.000000,29,32,34,35,38,43,51,55,60,60,60,28324,0,27,26.677006669714075,1.480707999689912,71.43457099982697,511.0
1780245209,250,GET,REST/listar-playlists-usuario,481.700000,0.000000,28,31,33,34,37,42,49,51,56,61,61,28456,0,27,26.721189902583852,1.74454899979537,70.21326900030544,712.0
1780245209,250,GET,REST/listar-usuarios,486.200000,0.000000,28,31,33,34,37,42,48,51,59,62,62,28543,0,27,27.063362619521936,1.7734610000843531,166.31574299981366,21998.0
1780245209,250,,Aggregated,2411.500000,0.000000,29,31,33,34,37,43,49,52,59,62,63,142199,0,27,26.806168425150943,1.480707999689912,166.31574299981366,14913.346971497689
1780245210,250,GET,REST/listar-musicas,483.700000,0.000000,29,32,34,35,38,44,51,53,60,63,63,28991,0,27,27.02153457918141,1.5715100003035332,70.55817199989178,50889.0
1780245210,250,GET,REST/listar-musicas-playlist,482.100000,0.000000,28,31,33,34,37,44,49,52,60,61,61,28908,0,27,26.629601820949652,1.8666119999579678,71.94274699986636,300.0
1780245210,250,GET,REST/listar-playlists-musica,487.300000,0.000000,29,32,33,34,37,44,52,55,60,60,60,28835,0,27,26.712817562302245,1.480707999689912,71.43457099982697,511.0
1780245210,250,GET,REST/listar-playlists-usuario,482.800000,0.000000,28,31,33,34,37,42,49,52,58,61,61,28964,0,27,26.76188002047125,1.74454899979537,70.21326900030544,712.0
1780245210,250,GET,REST/listar-usuarios,485.300000,0.000000,28,31,33,34,37,43,49,52,59,62,62,29047,0,27,27.09929652167244,1.7734610000843531,166.31574299981366,21998.0
1780245210,250,,Aggregated,2421.200000,0.000000,29,31,33,34,37,43,50,53,59,62,63,144745,0,27,26.845406002363163,1.480707999689912,166.31574299981366,14911.246385021936
1780245211,250,GET,REST/listar-musicas,481.700000,0.000000,29,32,34,35,38,44,51,53,61,63,63,29477,0,27,27.080217319301426,1.5715100003035332,70.55817199989178,50889.0
1780245211,250,GET,REST/listar-musicas-playlist,482.600000,0.000000,29,31,33,34,37,43,49,53,60,61,61,29377,0,27,26.684723828097354,1.8666119999579678,71.94274699986636,300.0
1780245211,250,GET,REST/listar-playlists-musica,486.300000,0.000000,29,32,33,34,38,44,52,55,60,62,62,29315,0,27,26.7645635733237,1.480707999689912,71.43457099982697,511.0
1780245211,250,GET,REST/listar-playlists-usuario,479.900000,0.000000,29,31,33,34,38,43,50,52,59,61,61,29447,0,27,26.820432368524315,1.74454899979537,70.21326900030544,712.0
1780245211,250,GET,REST/listar-usuarios,481.800000,0.000000,28,31,33,34,37,43,48,52,59,63,63,29525,0,27,27.13345535945884,1.7734610000843531,166.31574299981366,21998.0
1780245211,250,,Aggregated,2412.300000,0.000000,29,31,33,34,37,43,50,53,60,62,63,147141,0,27,26.89706078125785,1.480707999689912,166.31574299981366,14912.942905104628
1780245212,250,GET,REST/listar-musicas,482.400000,0.000000,29,32,34,34,37,44,51,53,61,63,63,29983,0,27,27.104480509857062,1.5715100003035332,70.55817199989178,50889.0
1780245212,250,GET,REST/listar-musicas-playlist,484.000000,0.000000,28,31,33,34,37,44,50,53,60,61,61,29890,0,27,26.72426070889979,1.8666119999579678,71.94274699986636,300.0
1780245212,250,GET,REST/listar-playlists-musica,486.600000,0.000000,28,32,33,34,37,45,53,56,60,62,62,29822,0,27,26.80218650526394,1.480707999689912,71.43457099982697,511.0
1780245212,250,GET,REST/listar-playlists-usuario,480.400000,0.000000,28,31,33,34,37,43,50,52,59,61,61,29952,0,27,26.852295598021353,1.74454899979537,70.21326900030544,712.0
1780245212,250,GET,REST/listar-usuarios,483.000000,0.000000,28,31,33,34,37,43,49,52,59,63,63,30041,0,27,27.168820717753245,1.7734610000843531,166.31574299981366,21998.0
1780245212,250,,Aggregated,2416.400000,0.000000,28,31,33,34,37,44,50,53,60,62,63,149688,0,27,26.930783353442266,1.480707999689912,166.31574299981366,14912.208533750201
1780245213,250,GET,REST/listar-musicas,481.600000,0.000000,29,32,34,35,37,43,51,53,61,63,63,30464,0,27,27.177325285879956,1.5715100003035332,70.55817199989178,50889.0
1780245213,250,GET,REST/listar-musicas-playlist,485.700000,0.000000,29,31,33,34,38,44,49,53,59,61,61,30339,0,27,26.784270305185224,1.8666119999579678,71.94274699986636,300.0
1780245213,250,GET,REST/listar-playlists-musica,482.600000,0.000000,29,32,33,34,38,44,51,55,60,62,62,30306,0,27,26.855865004486994,1.480707999689912,71.43457099982697,511.0
1780245213,250,GET,REST/listar-playlists-usuario,479.400000,0.000000,28,31,33,34,37,43,50,52,59,61,61,30424,0,27,26.903596403659417,1.74454899979537,70.21326900030544,712.0
1780245213,250,GET,REST/listar-usuarios,481.600000,0.000000,28,31,33,34,37,43,49,52,58,63,63,30501,0,27,27.221121931412938,1.7734610000843531,166.31574299981366,21998.0
1780245213,250,,Aggregated,2410.900000,0.000000,29,31,33,34,37,44,50,53,60,62,63,152034,0,27,26.988820370042685,1.480707999689912,166.31574299981366,14914.383940434376
1780245214,250,GET,REST/listar-musicas,482.100000,0.000000,29,32,34,35,38,43,51,53,61,63,63,30959,0,27,27.208084217967087,1.5715100003035332,70.55817199989178,50889.0
1780245214,250,GET,REST/listar-musicas-playlist,486.200000,0.000000,29,31,33,34,38,45,50,53,60,61,61,30833,0,27,26.831547984108465,1.8666119999579678,71.94274699986636,300.0
1780245214,250,GET,REST/listar-playlists-musica,483.500000,0.000000,28,32,33,34,38,45,52,55,60,62,62,30795,0,27,26.898799811787192,1.480707999689912,71.43457099982697,511.0
1780245214,250,GET,REST/listar-playlists-usuario,481.400000,0.000000,28,31,33,34,38,44,50,53,61,63,63,30905,0,27,26.939934579709945,1.74454899979537,70.21326900030544,712.0
1780245214,250,GET,REST/listar-usuarios,482.600000,0.000000,28,31,33,34,38,45,50,53,60,63,63,30989,0,27,27.26719498170413,1.7734610000843531,166.31574299981366,21998.0
1780245214,250,,Aggregated,2415.800000,0.000000,29,31,33,34,38,44,51,54,60,63,63,154481,0,27,27.029489205637496,1.480707999689912,166.31574299981366,14915.485257086631
1780245215,250,GET,REST/listar-musicas,480.500000,0.000000,29,32,34,34,37,43,49,52,61,63,63,31458,0,27,27.237126693179405,1.5715100003035332,70.55817199989178,50889.0
1780245215,250,GET,REST/listar-musicas-playlist,486.400000,0.000000,29,31,33,34,37,44,50,53,60,61,61,31333,0,27,26.864910031117727,1.8666119999579678,71.94274699986636,300.0
1780245215,250,GET,REST/listar-playlists-musica,483.100000,0.000000,28,32,33,34,38,44,51,54,60,62,62,31295,0,27,26.921582496021337,1.480707999689912,71.43457099982697,511.0
1780245215,250,GET,REST/listar-playlists-usuario,483.800000,0.000000,28,31,33,34,37,43,50,52,61,63,63,31403,0,27,26.965472221569154,1.74454899979537,70.21326900030544,712.0
1780245215,250,GET,REST/listar-usuarios,482.600000,0.000000,28,31,33,34,37,43,49,53,60,63,63,31488,0,27,27.285972488853968,1.7734610000843531,166.31574299981366,21998.0
1780245215,250,,Aggregated,2416.400000,0.000000,28,31,33,34,37,43,50,53,60,63,63,156977,0,27,27.055378225059076,1.480707999689912,166.31574299981366,14914.858654452562
1780245216,250,GET,REST/listar-musicas,479.900000,0.000000,29,32,34,34,37,43,50,52,61,63,63,31948,0,27,27.27232446168895,1.5715100003035332,70.55817199989178,50889.0
1780245216,250,GET,REST/listar-musicas-playlist,483.100000,0.000000,29,31,33,34,38,45,51,53,60,61,61,31820,0,27,26.913971230672782,1.8666119999579678,71.94274699986636,300.0
1780245216,250,GET,REST/listar-playlists-musica,482.300000,0.000000,28,32,33,34,38,44,51,54,60,62,62,31789,0,27,26.96746170621853,1.480707999689912,71.43457099982697,511.0
1780245216,250,GET,REST/listar-playlists-usuario,485.600000,0.000000,29,31,33,34,37,43,50,52,61,63,63,31885,0,27,27.01240376697321,1.74454899979537,70.21326900030544,712.0
1780245216,250,GET,REST/listar-usuarios,482.000000,0.000000,28,31,33,34,38,44,50,53,60,63,63,31981,0,27,27.319848089116327,1.7734610000843531,166.31574299981366,21998.0
1780245216,250,,Aggregated,2412.900000,0.000000,29,31,33,34,38,44,50,53,60,63,63,159423,0,27,27.097557958946357,1.480707999689912,166.31574299981366,14915.113308619208
1780245217,250,GET,REST/listar-musicas,479.600000,0.000000,29,32,33,34,37,44,50,52,59,62,62,32455,0,27,27.302523241134995,1.5715100003035332,70.55817199989178,50889.0
1780245217,250,GET,REST/listar-musicas-playlist,481.500000,0.000000,29,31,33,34,38,45,51,53,59,61,61,32332,0,27,26.95607922510238,1.8666119999579678,71.94274699986636,300.0
1780245217,250,GET,REST/listar-playlists-musica,481.100000,0.000000,28,31,33,34,37,44,50,54,59,62,62,32294,0,27,26.995169091316882,1.480707999689912,71.43457099982697,511.0
1780245217,250,GET,REST/listar-playlists-usuario,484.800000,0.000000,29,31,33,34,37,44,50,53,60,63,63,32401,0,27,27.048676096137235,1.74454899979537,70.21326900030544,712.0
1780245217,250,GET,REST/listar-usuarios,480.500000,0.000000,28,31,33,34,37,44,50,53,58,63,63,32488,0,27,27.342528858748814,1.7734610000843531,166.31574299981366,21998.0
1780245217,250,,Aggregated,2407.500000,0.000000,28,31,33,34,37,44,50,53,59,62,63,161970,0,27,27.12932992335697,1.480707999689912,166.31574299981366,14913.532536889548
1780245218,250,GET,REST/listar-musicas,483.700000,0.000000,29,31,33,34,37,44,50,53,59,62,62,32939,0,27,27.349437206746952,1.5715100003035332,70.55817199989178,50889.0
1780245218,250,GET,REST/listar-musicas-playlist,483.000000,0.000000,29,31,33,34,38,46,51,53,59,61,61,32813,0,27,27.00602047075895,1.8666119999579678,71.94274699986636,300.0
1780245218,250,GET,REST/listar-playlists-musica,482.800000,0.000000,28,31,33,34,37,44,51,54,59,62,62,32770,0,27,27.04212780317325,1.480707999689912,71.43457099982697,511.0
1780245218,250,GET,REST/listar-playlists-usuario,486.400000,0.000000,29,31,33,34,37,45,51,53,60,63,63,32872,0,27,27.106233048002764,1.74454899979537,70.21326900030544,712.0
1780245218,250,GET,REST/listar-usuarios,480.600000,0.000000,28,31,33,34,38,45,51,54,58,63,63,32972,0,27,27.397641063843036,1.7734610000843531,166.31574299981366,21998.0
1780245218,250,,Aggregated,2416.500000,0.000000,28,31,33,34,37,45,51,53,59,62,63,164366,0,27,27.180641397132813,1.480707999689912,166.31574299981366,14915.15922392709
1780245219,250,GET,REST/listar-musicas,484.200000,0.000000,29,32,33,34,38,44,50,53,59,62,62,33439,0,27,27.381727090883018,1.5715100003035332,70.55817199989178,50889.0
1780245219,250,GET,REST/listar-musicas-playlist,481.800000,0.000000,29,31,33,34,38,45,51,53,59,61,61,33313,0,27,27.037167594302833,1.8666119999579678,71.94274699986636,300.0
1780245219,250,GET,REST/listar-playlists-musica,481.900000,0.000000,28,31,33,34,38,44,50,53,59,62,62,33269,0,27,27.073818558056644,1.480707999689912,71.43457099982697,511.0
1780245219,250,GET,REST/listar-playlists-usuario,484.000000,0.000000,29,32,33,34,38,44,51,53,60,63,63,33371,0,27,27.133526902998078,1.74454899979537,70.21326900030544,712.0
1780245219,250,GET,REST/listar-usuarios,479.500000,0.000000,28,31,33,34,38,45,51,54,58,63,63,33471,0,27,27.422493060142852,1.7734610000843531,166.31574299981366,21998.0
1780245219,250,,Aggregated,2411.400000,0.000000,29,31,33,34,38,44,50,53,59,62,63,166863,0,27,27.210087301349766,1.480707999689912,166.31574299981366,14914.79141571229
1780245220,250,GET,REST/listar-musicas,486.500000,0.000000,29,31,33,34,37,43,49,52,57,59,59,33936,0,27,27.407578986475404,1.5715100003035332,70.55817199989178,50889.0
1780245220,250,GET,REST/listar-musicas-playlist,483.400000,0.000000,29,31,33,34,37,44,50,52,59,61,61,33813,0,27,27.059157868748922,1.8666119999579678,71.94274699986636,300.0
1780245220,250,GET,REST/listar-playlists-musica,482.900000,0.000000,28,31,33,34,37,43,49,53,59,62,62,33769,0,27,27.10527056596248,1.480707999689912,71.43457099982697,511.0
1780245220,250,GET,REST/listar-playlists-usuario,484.600000,0.000000,29,31,33,34,37,43,50,52,59,63,63,33870,0,27,27.166545267432866,1.74454899979537,70.21326900030544,712.0
1780245220,250,GET,REST/listar-usuarios,482.700000,0.000000,28,31,33,34,38,45,50,53,58,61,61,33971,0,27,27.438107054636127,1.7734610000843531,166.31574299981366,21998.0
1780245220,250,,Aggregated,2420.200000,0.000000,28,31,33,34,37,44,50,53,58,62,63,169359,0,27,27.23565686030351,1.480707999689912,166.31574299981366,14913.7539841402
1780245221,250,GET,REST/listar-musicas,485.600000,0.000000,29,32,33,34,38,44,49,51,57,59,59,34429,0,27,27.440554674693885,1.5715100003035332,70.55817199989178,50889.0
1780245221,250,GET,REST/listar-musicas-playlist,482.900000,0.000000,29,31,33,34,38,44,50,52,57,61,61,34304,0,27,27.089338376836693,1.8666119999579678,71.94274699986636,300.0
1780245221,250,GET,REST/listar-playlists-musica,480.500000,0.000000,28,31,33,34,38,43,49,52,58,62,62,34253,0,27,27.13335044775595,1.480707999689912,71.43457099982697,511.0
1780245221,250,GET,REST/listar-playlists-usuario,482.500000,0.000000,29,32,33,34,37,43,50,52,58,63,63,34356,0,27,27.197578830799646,1.74454899979537,70.21326900030544,712.0
1780245221,250,GET,REST/listar-usuarios,484.200000,0.000000,28,31,33,34,38,45,50,53,58,61,61,34463,0,27,27.46685534477688,1.7734610000843531,166.31574299981366,21998.0
1780245221,250,,Aggregated,2415.700000,0.000000,29,31,33,34,38,44,50,52,58,62,63,171805,0,27,27.26586785902128,1.480707999689912,166.31574299981366,14914.760396961672
1780245222,250,GET,REST/listar-musicas,485.700000,0.000000,29,31,33,34,38,43,49,51,57,59,59,34928,0,27,27.463911360113293,1.5715100003035332,70.55817199989178,50889.0
1780245222,250,GET,REST/listar-musicas-playlist,482.700000,0.000000,29,31,33,34,37,44,50,52,58,61,61,34803,0,27,27.115137905784366,1.8666119999579678,71.94274699986636,300.0
1780245222,250,GET,REST/listar-playlists-musica,480.900000,0.000000,28,31,33,34,37,43,49,52,58,62,62,34752,0,27,27.169249732187588,1.480707999689912,71.43457099982697,511.0
1780245222,250,GET,REST/listar-playlists-usuario,482.700000,0.000000,29,32,33,34,37,44,50,52,58,63,63,34856,0,27,27.227653373879782,1.74454899979537,70.21326900030544,712.0
1780245222,250,GET,REST/listar-usuarios,484.500000,0.000000,28,31,33,34,37,44,50,53,58,61,61,34963,0,27,27.48419049486716,1.7734610000843531,166.31574299981366,21998.0
1780245222,250,,Aggregated,2416.500000,0.000000,28,31,33,34,37,44,50,52,58,62,63,174302,0,27,27.29234458288565,1.480707999689912,166.31574299981366,14914.25061100848
1780245223,250,GET,REST/listar-musicas,484.100000,0.000000,29,31,33,34,37,44,49,52,58,59,59,35398,0,27,27.502862202187618,1.5715100003035332,70.55817199989178,50889.0
1780245223,250,GET,REST/listar-musicas-playlist,483.100000,0.000000,29,31,33,34,37,43,50,52,57,59,59,35290,0,27,27.154915056276923,1.8666119999579678,71.94274699986636,300.0
1780245223,250,GET,REST/listar-playlists-musica,483.900000,0.000000,29,31,33,34,38,43,49,52,57,58,58,35233,0,27,27.217717246983756,1.480707999689912,71.43457099982697,511.0
1780245223,250,GET,REST/listar-playlists-usuario,483.600000,0.000000,29,32,34,34,37,44,50,52,57,58,58,35328,0,27,27.271243772643693,1.74454899979537,70.21326900030544,712.0
1780245223,250,GET,REST/listar-usuarios,486.700000,0.000000,28,31,33,34,37,44,50,53,58,59,59,35449,0,27,27.533813817259784,1.7734610000843531,166.31574299981366,21998.0
1780245223,250,,Aggregated,2421.400000,0.000000,29,31,33,34,37,44,50,52,57,59,59,176698,0,27,27.336414483130202,1.480707999689912,166.31574299981366,14911.999700053198
1780245224,250,GET,REST/listar-musicas,483.100000,0.000000,29,32,33,34,38,44,50,52,58,59,59,35882,0,27,27.540471264144433,1.5715100003035332,70.55817199989178,50889.0
1780245224,250,GET,REST/listar-musicas-playlist,482.200000,0.000000,29,31,33,34,37,44,49,52,57,59,59,35784,0,27,27.189106959423494,1.8666119999579678,71.94274699986636,300.0
1780245224,250,GET,REST/listar-playlists-musica,483.500000,0.000000,29,32,33,34,38,44,49,52,57,58,58,35725,0,27,27.26635426681527,1.480707999689912,71.43457099982697,511.0
1780245224,250,GET,REST/listar-playlists-usuario,483.300000,0.000000,29,32,34,34,38,44,50,52,57,58,58,35816,0,27,27.310109629829242,1.74454899979537,70.21326900030544,712.0
1780245224,250,GET,REST/listar-usuarios,486.600000,0.000000,28,31,33,34,37,44,50,53,58,59,59,35938,0,27,27.55558607910972,1.7734610000843531,166.31574299981366,21998.0
1780245224,250,,Aggregated,2418.700000,0.000000,29,31,33,34,38,44,50,52,57,59,59,179145,0,27,27.372598947953545,1.480707999689912,166.31574299981366,14910.016405704875
1780245225,250,GET,REST/listar-musicas,482.700000,0.000000,29,31,33,34,37,43,50,52,57,59,59,36398,0,27,27.55202215033879,1.5715100003035332,70.55817199989178,50889.0
1780245225,250,GET,REST/listar-musicas-playlist,480.800000,0.000000,28,31,33,34,37,42,49,52,57,59,59,36288,0,27,27.20523148925285,1.8666119999579678,71.94274699986636,300.0
1780245225,250,GET,REST/listar-playlists-musica,483.900000,0.000000,29,32,33,34,38,44,49,52,57,58,58,36231,0,27,27.279502300184483,1.480707999689912,71.43457099982697,511.0
1780245225,250,GET,REST/listar-playlists-usuario,482.600000,0.000000,29,32,33,34,38,44,50,52,56,58,58,36328,0,27,27.323727124778703,1.74454899979537,70.21326900030544,712.0
1780245225,250,GET,REST/listar-usuarios,485.300000,0.000000,28,31,33,34,37,43,49,53,58,59,59,36446,0,27,27.568778177716062,1.7734610000843531,166.31574299981366,21998.0
1780245225,250,,Aggregated,2415.300000,0.000000,29,31,33,34,37,43,49,52,57,59,59,181691,0,27,27.38613161247467,1.480707999689912,166.31574299981366,14911.376496359204
1780245226,250,GET,REST/listar-musicas,482.600000,0.000000,29,32,33,34,38,43,49,52,59,61,61,36881,0,27,27.58688064374687,1.5715100003035332,70.55817199989178,50889.0
1780245226,250,GET,REST/listar-musicas-playlist,482.400000,0.000000,28,31,33,34,37,42,48,51,58,61,61,36783,0,27,27.241344086697996,1.8666119999579678,71.94274699986636,300.0
1780245226,250,GET,REST/listar-playlists-musica,485.400000,0.000000,29,32,33,34,38,44,49,52,57,59,59,36720,0,27,27.310378831698838,1.480707999689912,71.43457099982697,511.0
1780245226,250,GET,REST/listar-playlists-usuario,481.500000,0.000000,29,31,33,34,37,43,50,52,57,58,58,36815,0,27,27.351452836207105,1.74454899979537,70.21326900030544,712.0
1780245226,250,GET,REST/listar-usuarios,482.900000,0.000000,28,31,33,34,37,42,49,52,59,62,62,36938,0,27,27.58819274311104,1.7734610000843531,166.31574299981366,21998.0
1780245226,250,,Aggregated,2414.800000,0.000000,29,31,33,34,37,43,49,52,58,61,62,184137,0,27,27.41591106064034,1.480707999689912,166.31574299981366,14909.607699701852
1780245227,250,GET,REST/listar-musicas,483.300000,0.000000,29,32,33,34,38,43,49,52,58,61,61,37381,0,27,27.60354838969048,1.5715100003035332,70.55817199989178,50889.0
1780245227,250,GET,REST/listar-musicas-playlist,484.200000,0.000000,28,31,33,34,37,42,47,49,58,61,61,37282,0,27,27.25657559961957,1.8666119999579678,71.94274699986636,300.0
1780245227,250,GET,REST/listar-playlists-musica,486.700000,0.000000,29,32,33,34,38,43,49,52,57,59,59,37220,0,27,27.326484355185002,1.480707999689912,71.43457099982697,511.0
1780245227,250,GET,REST/listar-playlists-usuario,482.100000,0.000000,28,31,33,34,37,43,50,52,55,57,57,37314,0,27,27.37449719319754,1.74454899979537,70.21326900030544,712.0
1780245227,250,GET,REST/listar-usuarios,484.300000,0.000000,28,31,33,34,37,42,49,52,59,62,62,37437,0,27,27.60484227066892,1.7734610000843531,166.31574299981366,21998.0
1780245227,250,,Aggregated,2420.600000,0.000000,29,31,33,34,37,43,49,52,57,61,62,186634,0,27,27.433447870774597,1.480707999689912,166.31574299981366,14909.354260209822
1780245228,250,GET,REST/listar-musicas,483.200000,0.000000,29,32,33,34,38,43,50,53,66,68,68,37852,0,27,27.6549136845614,1.5715100003035332,70.55817199989178,50889.0
1780245228,250,GET,REST/listar-musicas-playlist,485.000000,0.000000,28,31,33,34,37,42,47,51,65,70,70,37746,0,27,27.293376523049062,1.8666119999579678,71.94274699986636,300.0
1780245228,250,GET,REST/listar-playlists-musica,486.900000,0.000000,29,32,33,34,38,43,49,52,63,69,69,37708,0,27,27.368559193406792,1.480707999689912,71.43457099982697,511.0
1780245228,250,GET,REST/listar-playlists-usuario,481.700000,0.000000,28,31,33,34,38,44,50,52,57,65,65,37799,0,27,27.420170779332068,1.74454899979537,70.21326900030544,712.0
1780245228,250,GET,REST/listar-usuarios,484.700000,0.000000,28,31,33,34,37,42,48,51,62,70,70,37925,0,27,27.648327940989695,1.7734610000843531,166.31574299981366,21998.0
1780245228,250,,Aggregated,2421.500000,0.000000,28,31,33,34,37,43,49,52,62,70,70,189030,0,27,27.47733738317803,1.480707999689912,166.31574299981366,14907.845601227318
1780245229,250,GET,REST/listar-musicas,484.100000,0.000000,29,32,34,34,38,43,50,53,66,68,68,38352,0,28,27.677886335472117,1.5715100003035332,70.55817199989178,50889.0
1780245229,250,GET,REST/listar-musicas-playlist,487.000000,0.000000,28,31,33,34,37,42,47,51,65,70,70,38246,0,27,27.321901671076855,1.8666119999579678,71.94274699986636,300.0
1780245229,250,GET,REST/listar-playlists-musica,487.000000,0.000000,29,32,33,34,38,43,49,51,63,69,69,38206,0,27,27.38827111511228,1.480707999689912,71.43457099982697,511.0
1780245229,250,GET,REST/listar-playlists-usuario,484.000000,0.000000,28,31,33,34,38,44,50,52,57,65,65,38298,0,27,27.44068997853578,1.74454899979537,70.21326900030544,712.0
1780245229,250,GET,REST/listar-usuarios,484.500000,0.000000,28,31,33,34,37,43,48,51,62,70,70,38425,0,27,27.66765030735279,1.7734610000843531,166.31574299981366,21998.0
1780245229,250,,Aggregated,2426.600000,0.000000,29,31,33,34,38,43,49,52,62,70,70,191527,0,27,27.499543365332904,1.480707999689912,166.31574299981366,14907.732695651266
1780245230,250,GET,REST/listar-musicas,482.900000,0.000000,29,32,33,34,38,43,50,53,66,68,68,38867,0,28,27.70192915599426,1.5715100003035332,70.55817199989178,50889.0
1780245230,250,GET,REST/listar-musicas-playlist,486.200000,0.000000,28,31,33,34,37,43,48,51,65,70,70,38761,0,27,27.3514723921726,1.8666119999579678,71.94274699986636,300.0
1780245230,250,GET,REST/listar-playlists-musica,483.800000,0.000000,28,31,33,34,38,43,49,51,63,69,69,38711,0,27,27.403564519980865,1.480707999689912,71.43457099982697,511.0
1780245230,250,GET,REST/listar-playlists-usuario,482.400000,0.000000,28,31,33,34,38,44,50,52,57,65,65,38804,0,27,27.453048435005634,1.74454899979537,70.21326900030544,712.0
1780245230,250,GET,REST/listar-usuarios,483.500000,0.000000,28,31,33,34,37,43,48,51,62,70,70,38930,0,27,27.68179802424964,1.7734610000843531,166.31574299981366,21998.0
1780245230,250,,Aggregated,2418.700000,0.000000,28,31,33,34,38,43,49,52,62,70,70,194073,0,27,27.51862019234058,1.480707999689912,166.31574299981366,14908.426066480139
1780245231,250,GET,REST/listar-musicas,482.300000,0.000000,29,32,34,34,38,43,50,53,66,68,68,39352,0,28,27.724863071636225,1.5715100003035332,70.55817199989178,50889.0
1780245231,250,GET,REST/listar-musicas-playlist,485.900000,0.000000,28,31,33,34,37,43,48,51,65,70,70,39244,0,27,27.36905812317824,1.8666119999579678,71.94274699986636,300.0
1780245231,250,GET,REST/listar-playlists-musica,483.400000,0.000000,29,32,33,34,38,43,48,51,63,69,69,39206,0,27,27.430473207952414,1.480707999689912,71.43457099982697,511.0
1780245231,250,GET,REST/listar-playlists-usuario,486.200000,0.000000,28,31,33,34,38,43,49,52,57,65,65,39296,0,27,27.475246077665787,1.74454899979537,70.21326900030544,712.0
1780245231,250,GET,REST/listar-usuarios,483.600000,0.000000,28,31,33,34,38,43,48,51,62,70,70,39422,0,27,27.704674213359112,1.7734610000843531,166.31574299981366,21998.0
1780245231,250,,Aggregated,2421.400000,0.000000,29,31,33,34,38,43,49,51,62,70,70,196520,0,27,27.541116415016923,1.480707999689912,166.31574299981366,14907.262884184816
1780245232,250,GET,REST/listar-musicas,481.100000,0.000000,29,32,33,34,37,42,50,52,66,68,68,39849,0,28,27.741640647620482,1.5715100003035332,70.55817199989178,50889.0
1780245232,250,GET,REST/listar-musicas-playlist,484.200000,0.000000,28,31,33,34,37,43,48,51,65,70,70,39744,0,27,27.39822426006451,1.8666119999579678,71.94274699986636,300.0
1780245232,250,GET,REST/listar-playlists-musica,482.700000,0.000000,28,31,33,34,37,42,48,51,63,69,69,39705,0,27,27.441340287016192,1.480707999689912,71.43457099982697,511.0
1780245232,250,GET,REST/listar-playlists-usuario,485.800000,0.000000,28,31,33,34,38,43,50,52,57,65,65,39796,0,27,27.492868995727072,1.74454899979537,70.21326900030544,712.0
1780245232,250,GET,REST/listar-usuarios,482.700000,0.000000,28,31,33,34,37,43,48,50,62,70,70,39922,0,27,27.716117647012716,1.7734610000843531,166.31574299981366,21998.0
1780245232,250,,Aggregated,2416.500000,0.000000,28,31,33,34,37,43,49,52,62,70,70,199016,0,27,27.55828246227994,1.480707999689912,166.31574299981366,14906.475479358443
1780245233,250,GET,REST/listar-musicas,485.600000,0.000000,29,32,33,34,38,43,50,53,66,68,68,40321,0,28,27.779236843754653,1.5715100003035332,70.55817199989178,50889.0
1780245233,250,GET,REST/listar-musicas-playlist,487.300000,0.000000,28,31,33,34,38,45,49,53,65,70,70,40225,0,27,27.434910277887024,1.8666119999579678,71.94274699986636,300.0
1780245233,250,GET,REST/listar-playlists-musica,485.200000,0.000000,28,31,33,34,37,43,49,52,63,69,69,40192,0,27,27.48052624034573,1.480707999689912,71.43457099982697,511.0
1780245233,250,GET,REST/listar-playlists-usuario,487.800000,0.000000,28,31,33,34,37,43,50,53,58,65,65,40282,0,27,27.525030680129007,1.74454899979537,70.21326900030544,712.0
1780245233,250,GET,REST/listar-usuarios,484.900000,0.000000,28,31,33,34,37,43,48,51,62,70,70,40393,0,27,27.754060537792395,1.7734610000843531,166.31574299981366,21998.0
1780245233,250,,Aggregated,2430.800000,0.000000,28,31,33,34,37,43,49,52,62,70,70,201413,0,27,27.594972710386845,1.480707999689912,166.31574299981366,14903.442076727917
1780245234,250,GET,REST/listar-musicas,483.900000,0.000000,29,32,34,34,38,44,50,53,66,68,68,40809,0,28,27.811241892009978,1.5715100003035332,70.55817199989178,50889.0
1780245234,250,GET,REST/listar-musicas-playlist,484.200000,0.000000,28,31,33,34,39,45,50,52,65,70,70,40716,0,27,27.47169452564117,1.8666119999579678,71.94274699986636,300.0
1780245234,250,GET,REST/listar-playlists-musica,482.800000,0.000000,28,31,33,34,37,43,49,52,63,69,69,40684,0,27,27.501836182774156,1.480707999689912,71.43457099982697,511.0
1780245234,250,GET,REST/listar-playlists-usuario,486.200000,0.000000,28,31,33,34,38,44,50,53,58,65,65,40775,0,27,27.55110716299105,1.74454899979537,70.21326900030544,712.0
1780245234,250,GET,REST/listar-usuarios,482.200000,0.000000,28,31,33,34,38,43,48,52,62,70,70,40875,0,27,27.77717722038048,1.7734610000843531,166.31574299981366,21998.0
1780245234,250,,Aggregated,2419.300000,0.000000,28,31,33,34,38,44,50,52,62,70,70,203859,0,27,27.622816267082516,1.480707999689912,166.31574299981366,14902.131252483334
1780245235,250,GET,REST/listar-musicas,487.400000,0.000000,29,32,34,35,38,43,50,52,66,68,68,41309,0,28,27.827157304680163,1.5715100003035332,70.55817199989178,50889.0
1780245235,250,GET,REST/listar-musicas-playlist,487.200000,0.000000,28,31,33,34,39,45,50,52,65,70,70,41215,0,27,27.48618767883065,1.8666119999579678,71.94274699986636,300.0
1780245235,250,GET,REST/listar-playlists-musica,485.200000,0.000000,28,31,33,34,37,43,49,52,63,69,69,41183,0,27,27.52085064159924,1.480707999689912,71.43457099982697,511.0
1780245235,250,GET,REST/listar-playlists-usuario,488.000000,0.000000,28,31,33,34,38,44,50,52,58,65,65,41273,0,27,27.560808637631308,1.74454899979537,70.21326900030544,712.0
1780245235,250,GET,REST/listar-usuarios,484.900000,0.000000,28,31,33,34,38,43,48,51,61,70,70,41375,0,27,27.785819015735367,1.7734610000843531,166.31574299981366,21998.0
1780245235,250,,Aggregated,2432.700000,0.000000,29,31,33,34,38,44,49,52,62,70,70,206355,0,27,27.636364395978635,1.480707999689912,166.31574299981366,14902.165394586998
1780245236,250,GET,REST/listar-musicas,487.300000,0.000000,29,32,34,35,38,44,50,53,66,68,68,41802,0,28,27.85341091356973,1.5715100003035332,70.55817199989178,50889.0
1780245236,250,GET,REST/listar-musicas-playlist,484.000000,0.000000,28,31,33,34,39,45,50,53,65,70,70,41707,0,27,27.510870124751552,1.8666119999579678,71.94274699986636,300.0
1780245236,250,GET,REST/listar-playlists-musica,483.500000,0.000000,28,31,33,34,37,43,49,52,63,69,69,41676,0,27,27.546388070111817,1.480707999689912,71.43457099982697,511.0
1780245236,250,GET,REST/listar-playlists-usuario,485.000000,0.000000,28,31,33,34,38,44,50,52,58,65,65,41755,0,27,27.590914632545942,1.74454899979537,70.21326900030544,712.0
1780245236,250,GET,REST/listar-usuarios,484.400000,0.000000,29,31,33,34,38,43,48,52,61,70,70,41862,0,27,27.81184684351075,1.7734610000843531,166.31574299981366,21998.0
1780245236,250,,Aggregated,2424.200000,0.000000,29,31,33,34,38,44,50,52,62,70,70,208802,0,27,27.662884385959725,1.480707999689912,166.31574299981366,14902.54092393751
1780245237,250,GET,REST/listar-musicas,487.100000,0.000000,29,32,33,34,38,43,50,52,59,62,62,42308,0,28,27.86473680129144,1.5715100003035332,70.55817199989178,50889.0
1780245237,250,GET,REST/listar-musicas-playlist,483.700000,0.000000,28,31,33,34,38,45,50,52,59,62,62,42215,0,27,27.518346554518754,1.8666119999579678,71.94274699986636,300.0
1780245237,250,GET,REST/listar-playlists-musica,482.600000,0.000000,28,31,33,34,37,43,49,52,61,63,63,42180,0,27,27.562903811237135,1.480707999689912,71.43457099982697,511.0
1780245237,250,GET,REST/listar-playlists-usuario,484.800000,0.000000,28,31,33,34,37,43,49,52,58,63,63,42270,0,27,27.59998794733757,1.74454899979537,70.21326900030544,712.0
1780245237,250,GET,REST/listar-usuarios,484.100000,0.000000,29,31,33,34,38,43,48,51,60,63,63,42375,0,27,27.81846493925767,1.7734610000843531,166.31574299981366,21998.0
1780245237,250,,Aggregated,2422.300000,0.000000,28,31,33,34,38,43,49,52,59,63,63,211348,0,27,27.673081881452077,1.480707999689912,166.31574299981366,14901.92375608002
1780245238,250,GET,REST/listar-musicas,486.900000,0.000000,29,32,33,34,38,44,50,53,62,68,68,42791,0,28,27.89264982685693,1.5715100003035332,70.55817199989178,50889.0
1780245238,250,GET,REST/listar-musicas-playlist,483.600000,0.000000,28,31,33,34,38,45,51,53,62,69,69,42700,0,27,27.54683873039847,1.8666119999579678,71.94274699986636,300.0
1780245238,250,GET,REST/listar-playlists-musica,481.400000,0.000000,28,31,33,34,37,44,50,52,61,68,68,42668,0,27,27.594479409533676,1.480707999689912,71.43457099982697,511.0
1780245238,250,GET,REST/listar-playlists-usuario,484.700000,0.000000,28,31,33,34,37,44,50,53,61,69,69,42739,0,27,27.63284911701157,1.74454899979537,70.21326900030544,712.0
1780245238,250,GET,REST/listar-usuarios,484.900000,0.000000,28,31,33,34,38,44,49,52,63,67,67,42847,0,27,27.858617025977356,1.7734610000843531,166.31574299981366,21998.0
1780245238,250,,Aggregated,2421.500000,0.000000,28,31,33,34,38,44,50,53,61,68,69,213745,0,27,27.705275641999418,1.480707999689912,166.31574299981366,14901.789613792136
1780245239,250,GET,REST/listar-musicas,485.700000,0.000000,29,32,33,34,37,44,50,53,64,68,68,43287,0,28,27.914377005175577,1.5715100003035332,70.55817199989178,50889.0
1780245239,250,GET,REST/listar-musicas-playlist,483.500000,0.000000,28,31,33,34,37,45,51,54,63,69,69,43192,0,27,27.563321745693894,1.8666119999579678,71.94274699986636,300.0
1780245239,250,GET,REST/listar-playlists-musica,481.900000,0.000000,28,31,33,34,37,43,50,53,63,68,68,43156,0,27,27.61578128934531,1.480707999689912,71.43457099982697,511.0
1780245239,250,GET,REST/listar-playlists-usuario,483.500000,0.000000,28,31,33,34,37,43,50,53,61,69,69,43233,0,27,27.647444454697812,1.74454899979537,70.21326900030544,712.0
1780245239,250,GET,REST/listar-usuarios,486.100000,0.000000,28,31,33,34,38,43,49,53,63,67,67,43323,0,27,27.872637162732353,1.7734610000843531,166.31574299981366,21998.0
1780245239,250,,Aggregated,2420.700000,0.000000,28,31,33,34,37,44,50,53,63,68,69,216191,0,27,27.722890932079448,1.480707999689912,166.31574299981366,14901.840081224473
1780245240,250,GET,REST/listar-musicas,484.400000,0.000000,29,32,33,34,38,44,51,54,64,68,68,43790,0,28,27.924564753049495,1.5715100003035332,70.55817199989178,50889.0
1780245240,250,GET,REST/listar-musicas-playlist,483.500000,0.000000,28,31,33,34,37,45,51,54,63,69,69,43699,0,27,27.574298024623243,1.8666119999579678,71.94274699986636,300.0
1780245240,250,GET,REST/listar-playlists-musica,483.300000,0.000000,29,31,33,34,38,44,51,53,63,68,68,43668,0,27,27.63525635371414,1.480707999689912,71.43457099982697,511.0
1780245240,250,GET,REST/listar-playlists-usuario,483.800000,0.000000,28,31,33,34,38,44,50,53,61,69,69,43737,0,27,27.667356700435523,1.74454899979537,70.21326900030544,712.0
1780245240,250,GET,REST/listar-usuarios,485.900000,0.000000,29,32,34,34,38,44,49,53,63,67,67,43843,0,27,27.89336345122488,1.7734610000843531,166.31574299981366,21998.0
1780245240,250,,Aggregated,2420.900000,0.000000,28,31,33,34,38,44,50,53,63,68,69,218737,0,27,27.739148969617336,1.480707999689912,166.31574299981366,14901.239461087973
1780245241,250,GET,REST/listar-musicas,485.600000,0.000000,29,31,33,34,38,44,51,54,64,68,68,44287,0,28,27.950510627814843,1.5715100003035332,70.55817199989178,50889.0
1780245241,250,GET,REST/listar-musicas-playlist,482.600000,0.000000,28,31,33,34,37,45,51,54,63,69,69,44192,0,27,27.5973569630479,1.8666119999579678,71.94274699986636,300.0
1780245241,250,GET,REST/listar-playlists-musica,486.800000,0.000000,29,31,33,34,38,45,51,53,63,68,68,44155,0,27,27.669258206137282,1.480707999689912,71.43457099982697,511.0
1780245241,250,GET,REST/listar-playlists-usuario,484.200000,0.000000,28,31,33,34,37,44,50,53,61,69,69,44229,0,27,27.691941372401573,1.74454899979537,70.21326900030544,712.0
1780245241,250,GET,REST/listar-usuarios,487.300000,0.000000,28,32,34,34,38,45,50,53,63,67,67,44321,0,27,27.918507352204422,1.7734610000843531,166.31574299981366,21998.0
1780245241,250,,Aggregated,2426.500000,0.000000,28,31,33,34,38,45,51,53,63,68,69,221184,0,27,27.765687384685148,1.480707999689912,166.31574299981366,14901.649097583911
1780245242,250,GET,REST/listar-musicas,483.800000,0.000000,29,32,33,34,38,44,51,53,64,68,68,44773,0,28,27.963111794720756,1.5715100003035332,70.55817199989178,50889.0
1780245242,250,GET,REST/listar-musicas-playlist,482.800000,0.000000,28,31,33,34,37,44,51,53,63,69,69,44689,0,27,27.61065658987694,1.8666119999579678,71.94274699986636,300.0
1780245242,250,GET,REST/listar-playlists-musica,486.400000,0.000000,29,31,33,34,38,45,50,53,63,68,68,44636,0,27,27.684165274688517,1.480707999689912,71.43457099982697,511.0
1780245242,250,GET,REST/listar-playlists-usuario,483.100000,0.000000,28,31,33,34,38,45,50,52,61,69,69,44719,0,27,27.717465585521868,1.74454899979537,70.21326900030544,712.0
1780245242,250,GET,REST/listar-usuarios,485.400000,0.000000,29,32,34,35,39,45,50,53,63,67,67,44813,0,27,27.93630461263603,1.7734610000843531,166.31574299981366,21998.0
1780245242,250,,Aggregated,2421.500000,0.000000,28,31,33,34,38,44,50,53,63,68,69,223630,0,27,27.782508608219857,1.480707999689912,166.31574299981366,14900.975696462907
1780245243,250,GET,REST/listar-musicas,482.700000,0.000000,29,31,33,34,37,43,50,53,64,68,68,45265,0,28,27.979956088369214,1.5715100003035332,70.55817199989178,50889.0
1780245243,250,GET,REST/listar-musicas-playlist,481.100000,0.000000,28,31,33,34,36,43,50,53,63,69,69,45179,0,27,27.630026674959755,1.8666119999579678,71.94274699986636,300.0
1780245243,250,GET,REST/listar-playlists-musica,485.800000,0.000000,29,31,33,34,38,44,50,53,63,68,68,45122,0,27,27.704322963476844,1.480707999689912,71.43457099982697,511.0
1780245243,250,GET,REST/listar-playlists-usuario,482.700000,0.000000,28,31,33,34,37,44,50,52,61,69,69,45209,0,27,27.728491267821706,1.74454899979537,70.21326900030544,712.0
1780245243,250,GET,REST/listar-usuarios,484.900000,0.000000,28,31,33,34,38,44,49,53,63,67,67,45302,0,27,27.951229359433654,1.7734610000843531,166.31574299981366,21998.0
1780245243,250,,Aggregated,2417.200000,0.000000,28,31,33,34,37,44,50,53,63,68,69,226077,0,28,27.798971600004457,1.480707999689912,166.31574299981366,14901.311637185561
1780245244,250,GET,REST/listar-musicas,483.500000,0.000000,29,31,33,34,38,45,51,54,64,68,68,45727,0,28,28.012684619219307,1.5715100003035332,70.55817199989178,50889.0
1780245244,250,GET,REST/listar-musicas-playlist,483.600000,0.000000,28,31,33,34,37,43,51,53,63,69,69,45653,0,27,27.65895591393796,1.8666119999579678,71.94274699986636,300.0
1780245244,250,GET,REST/listar-playlists-musica,487.200000,0.000000,29,32,33,34,38,45,51,53,63,68,68,45568,0,27,27.73779137491228,1.480707999689912,71.43457099982697,511.0
1780245244,250,GET,REST/listar-playlists-usuario,482.300000,0.000000,28,31,33,34,38,45,51,54,63,69,69,45692,0,27,27.765441574432128,1.74454899979537,70.21326900030544,712.0
1780245244,250,GET,REST/listar-usuarios,484.900000,0.000000,28,32,34,34,38,46,52,54,66,67,67,45783,0,27,27.984791204181914,1.7734610000843531,166.31574299981366,21998.0
1780245244,250,,Aggregated,2421.500000,0.000000,28,31,33,34,38,45,51,54,64,68,69,228423,0,28,27.832102167532362,1.480707999689912,166.31574299981366,14900.643056960114
1780245245,250,GET,REST/listar-musicas,482.700000,0.000000,29,31,33,34,37,44,51,54,64,68,68,46226,0,28,28.020568503851447,1.5715100003035332,70.55817199989178,50889.0
1780245245,250,GET,REST/listar-musicas-playlist,483.000000,0.000000,28,31,33,34,37,43,50,53,63,69,69,46152,0,27,27.67166155167722,1.8666119999579678,71.94274699986636,300.0
1780245245,250,GET,REST/listar-playlists-musica,485.800000,0.000000,29,32,33,34,38,44,51,53,63,68,68,46068,0,27,27.751111919401907,1.480707999689912,71.43457099982697,511.0
1780245245,250,GET,REST/listar-playlists-usuario,480.300000,0.000000,28,31,33,34,38,45,51,54,63,69,69,46192,0,27,27.77263952485188,1.74454899979537,70.21326900030544,712.0
1780245245,250,GET,REST/listar-usuarios,482.800000,0.000000,28,31,33,34,38,46,52,54,66,67,67,46282,0,27,27.993188411824537,1.7734610000843531,166.31574299981366,21998.0
1780245245,250,,Aggregated,2414.600000,0.000000,28,31,33,34,37,44,51,53,64,68,69,230920,0,28,27.84199748182602,1.480707999689912,166.31574299981366,14900.317867659796
1780245247,250,GET,REST/listar-musicas,484.000000,0.000000,29,32,33,34,38,44,50,52,60,68,68,46709,0,28,28.04663884394946,1.5715100003035332,70.55817199989178,50889.0
1780245247,250,GET,REST/listar-musicas-playlist,488.100000,0.000000,28,31,33,34,37,43,49,52,61,63,63,46618,0,27,27.693270088571126,1.8666119999579678,71.94274699986636,300.0
1780245247,250,GET,REST/listar-playlists-musica,486.800000,0.000000,29,32,33,34,38,44,50,52,62,67,67,46548,0,28,27.77965676609113,1.480707999689912,71.43457099982697,511.0
1780245247,250,GET,REST/listar-playlists-usuario,485.100000,0.000000,28,31,33,34,38,44,50,52,60,65,65,46677,0,28,27.7911731738962,1.74454899979537,70.21326900030544,712.0
1780245247,250,GET,REST/listar-usuarios,484.800000,0.000000,28,31,34,34,39,46,51,53,66,67,67,46764,0,27,28.010827078031546,1.7734610000843531,166.31574299981366,21998.0
1780245247,250,,Aggregated,2428.800000,0.000000,29,31,33,34,38,44,50,52,62,67,68,233316,0,28,27.864482888504327,1.480707999689912,166.31574299981366,14901.225055289822
1780245248,250,GET,REST/listar-musicas,480.600000,0.000000,29,32,33,34,38,44,49,52,60,68,68,47208,0,28,28.05651442511926,1.5715100003035332,70.55817199989178,50889.0
1780245248,250,GET,REST/listar-musicas-playlist,485.700000,0.000000,28,31,33,34,37,43,48,51,61,63,63,47117,0,28,27.71096324267258,1.8666119999579678,71.94274699986636,300.0
1780245248,250,GET,REST/listar-playlists-musica,482.800000,0.000000,29,32,33,34,38,44,50,52,62,67,67,47048,0,28,27.791388564997565,1.480707999689912,71.43457099982697,511.0
1780245248,250,GET,REST/listar-playlists-usuario,484.500000,0.000000,28,31,33,34,37,44,50,52,60,65,65,47177,0,28,27.800233653665003,1.74454899979537,70.21326900030544,712.0
1780245248,250,GET,REST/listar-usuarios,482.900000,0.000000,28,31,33,34,38,45,51,53,66,67,67,47262,0,27,28.023929729234116,1.7734610000843531,166.31574299981366,21998.0
1780245248,250,,Aggregated,2416.500000,0.000000,28,31,33,34,38,44,50,52,62,67,68,235812,0,28,27.876771441802184,1.480707999689912,166.31574299981366,14900.870354350076
1780245249,250,GET,REST/listar-musicas,480.500000,0.000000,29,32,33,34,38,44,49,52,60,68,68,47699,0,28,28.07693367584271,1.5715100003035332,70.55817199989178,50889.0
1780245249,250,GET,REST/listar-musicas-playlist,483.100000,0.000000,28,31,33,34,37,44,49,52,58,63,63,47605,0,28,27.73902215531995,1.8666119999579678,71.94274699986636,300.0
1780245249,250,GET,REST/listar-playlists-musica,481.500000,0.000000,29,32,33,34,39,44,50,52,59,67,67,47541,0,28,27.821943189037,1.480707999689912,71.43457099982697,511.0
1780245249,250,GET,REST/listar-playlists-usuario,485.100000,0.000000,28,31,33,34,37,44,50,52,60,63,63,47669,0,28,27.81845941658005,1.74454899979537,70.21326900030544,712.0
1780245249,250,GET,REST/listar-usuarios,482.000000,0.000000,28,31,33,34,38,45,51,53,66,67,67,47745,0,28,28.04996302789959,1.7734610000843531,166.31574299981366,21998.0
1780245249,250,,Aggregated,2412.200000,0.000000,29,31,33,34,38,44,50,52,61,67,68,238259,0,28,27.901420038505485,1.480707999689912,166.31574299981366,14900.441116600003
1780245250,250,GET,REST/listar-musicas,482.500000,0.000000,29,32,34,35,38,44,49,52,60,68,68,48183,0,28,28.099832623643568,1.5715100003035332,70.55817199989178,50889.0
1780245250,250,GET,REST/listar-musicas-playlist,483.300000,0.000000,29,32,34,35,38,44,50,53,61,63,63,48058,0,28,27.77625275508761,1.8666119999579678,71.94274699986636,300.0
1780245250,250,GET,REST/listar-playlists-musica,482.900000,0.000000,29,32,34,35,39,44,50,52,60,67,67,48018,0,28,27.851228523678596,1.480707999689912,71.43457099982697,511.0
1780245250,250,GET,REST/listar-playlists-usuario,486.500000,0.000000,28,31,33,34,37,44,50,53,61,63,63,48131,0,28,27.843408520495203,1.74454899979537,70.21326900030544,712.0
1780245250,250,GET,REST/listar-usuarios,482.000000,0.000000,29,31,33,35,38,44,51,54,66,67,67,48215,0,28,28.074253559557505,1.7734610000843531,166.31574299981366,21998.0
1780245250,250,,Aggregated,2417.200000,0.000000,29,32,34,34,38,44,50,53,62,67,68,240605,0,28,27.929165696196105,1.480707999689912,166.31574299981366,14903.439774734523
1780245251,250,GET,REST/listar-musicas,484.300000,0.000000,29,32,34,35,38,45,49,52,60,68,68,48681,0,28,28.112783426388468,1.5715100003035332,70.55817199989178,50889.0
1780245251,250,GET,REST/listar-musicas-playlist,482.600000,0.000000,29,32,34,34,38,44,50,53,61,63,63,48557,0,28,27.789540922359333,1.8666119999579678,71.94274699986636,300.0
1780245251,250,GET,REST/listar-playlists-musica,483.100000,0.000000,29,32,34,34,38,44,50,52,60,67,67,48518,0,28,27.860778767673864,1.480707999689912,71.43457099982697,511.0
1780245251,250,GET,REST/listar-playlists-usuario,485.700000,0.000000,28,31,33,34,37,44,50,52,61,63,63,48631,0,28,27.85262910441796,1.74454899979537,70.21326900030544,712.0
1780245251,250,GET,REST/listar-usuarios,480.800000,0.000000,28,31,33,34,38,44,51,53,66,67,67,48715,0,28,28.07827750202326,1.7734610000843531,166.31574299981366,21998.0
1780245251,250,,Aggregated,2416.500000,0.000000,29,32,33,34,38,44,50,52,62,67,68,243102,0,28,27.938967623817415,1.480707999689912,166.31574299981366,14902.983311531785
1780245252,250,GET,REST/listar-musicas,484.600000,0.000000,29,32,34,35,38,45,49,52,60,68,68,49180,0,28,28.12424306234264,1.5715100003035332,70.55817199989178,50889.0
1780245252,250,GET,REST/listar-musicas-playlist,481.200000,0.000000,29,32,34,35,39,45,51,53,62,63,63,49056,0,28,27.816115317738944,1.8666119999579678,71.94274699986636,300.0
1780245252,250,GET,REST/listar-playlists-musica,479.200000,0.000000,29,32,34,34,38,44,50,52,60,67,67,49018,0,28,27.87803135697074,1.480707999689912,71.43457099982697,511.0
1780245252,250,GET,REST/listar-playlists-usuario,480.900000,0.000000,28,31,33,34,37,45,51,55,62,63,63,49130,0,28,27.881387958781737,1.74454899979537,70.21326900030544,712.0
1780245252,250,GET,REST/listar-usuarios,480.500000,0.000000,28,31,33,34,38,45,52,54,66,67,67,49214,0,28,28.089920248853325,1.7734610000843531,166.31574299981366,21998.0
1780245252,250,,Aggregated,2406.400000,0.000000,29,32,33,34,38,45,51,53,62,67,68,245598,0,28,27.95809775906658,1.480707999689912,166.31574299981366,14902.711544882288
1780245253,250,GET,REST/listar-musicas,484.600000,0.000000,29,32,34,35,38,45,51,52,60,68,68,49680,0,28,28.141168275966507,1.5715100003035332,70.55817199989178,50889.0
1780245253,250,GET,REST/listar-musicas-playlist,481.400000,0.000000,29,32,34,34,39,45,51,53,62,63,63,49556,0,28,27.826845494289323,1.8666119999579678,71.94274699986636,300.0
1780245253,250,GET,REST/listar-playlists-musica,479.200000,0.000000,29,32,34,34,38,44,50,52,60,67,67,49518,0,28,27.888899580495902,1.480707999689912,71.43457099982697,511.0
1780245253,250,GET,REST/listar-playlists-usuario,480.900000,0.000000,28,31,33,34,37,45,51,55,62,63,63,49629,0,28,27.890094329745605,1.74454899979537,70.21326900030544,712.0
1780245253,250,GET,REST/listar-usuarios,480.400000,0.000000,28,31,33,34,38,45,51,54,66,67,67,49712,0,28,28.09826613783532,1.7734610000843531,166.31574299981366,21998.0
1780245253,250,,Aggregated,2406.500000,0.000000,29,32,33,34,38,45,51,53,62,67,68,248095,0,28,27.969211078124243,1.480707999689912,166.31574299981366,14902.502839638042
1780245254,250,GET,REST/listar-musicas,483.400000,0.000000,29,32,33,34,38,44,49,51,59,61,61,50171,0,28,28.150663435769882,1.5715100003035332,70.55817199989178,50889.0
1780245254,250,GET,REST/listar-musicas-playlist,481.500000,0.000000,29,32,33,34,38,45,50,53,61,62,62,50046,0,28,27.839455349118793,1.8666119999579678,71.94274699986636,300.0
1780245254,250,GET,REST/listar-playlists-musica,478.900000,0.000000,29,32,33,34,38,43,49,51,58,63,63,50011,0,28,27.903650580072313,1.480707999689912,71.43457099982697,511.0
1780245254,250,GET,REST/listar-playlists-usuario,480.500000,0.000000,29,31,33,34,37,44,50,52,61,62,62,50112,0,28,27.910277912175662,1.74454899979537,70.21326900030544,712.0
1780245254,250,GET,REST/listar-usuarios,482.100000,0.000000,28,31,33,34,37,43,50,52,59,61,61,50201,0,28,28.108959191630955,1.7734610000843531,166.31574299981366,21998.0
1780245254,250,,Aggregated,2406.400000,0.000000,29,31,33,34,37,44,50,52,60,62,63,250541,0,28,27.982755293194444,1.480707999689912,166.31574299981366,14902.641811120735
1780245255,250,GET,REST/listar-musicas,482.600000,0.000000,29,32,34,35,39,45,51,54,67,70,70,50643,0,28,28.185840245285785,1.5715100003035332,70.55817199989178,50889.0
1780245255,250,GET,REST/listar-musicas-playlist,481.600000,0.000000,29,32,34,35,39,45,51,54,64,69,69,50530,0,28,27.865944099050207,1.8666119999579678,71.94274699986636,300.0
1780245255,250,GET,REST/listar-playlists-musica,479.200000,0.000000,29,32,34,35,39,44,50,54,64,70,70,50470,0,28,27.93272342528222,1.480707999689912,71.43457099982697,511.0
1780245255,250,GET,REST/listar-playlists-usuario,481.500000,0.000000,29,32,33,34,38,44,51,54,62,69,69,50563,0,28,27.93490478420882,1.74454899979537,70.21326900030544,712.0
1780245255,250,GET,REST/listar-usuarios,483.500000,0.000000,29,31,33,34,38,44,51,53,64,67,67,50681,0,28,28.135014130780046,1.7734610000843531,166.31574299981366,21998.0
1780245255,250,,Aggregated,2408.400000,0.000000,29,32,34,34,38,45,51,54,65,69,70,252887,0,28,28.011046261402303,1.480707999689912,166.31574299981366,14903.898939051829
1780245256,250,GET,REST/listar-musicas,482.600000,0.000000,29,32,33,34,38,44,51,54,67,70,70,51142,0,28,28.19182662209162,1.5715100003035332,70.55817199989178,50889.0
1780245256,250,GET,REST/listar-musicas-playlist,480.700000,0.000000,29,32,33,34,38,45,51,54,64,69,69,51029,0,28,27.871432269337095,1.8666119999579678,71.94274699986636,300.0
1780245256,250,GET,REST/listar-playlists-musica,480.700000,0.000000,29,32,33,34,38,43,50,54,64,70,70,50970,0,28,27.941718260819897,1.480707999689912,71.43457099982697,511.0
1780245256,250,GET,REST/listar-playlists-usuario,482.000000,0.000000,29,32,33,34,37,44,50,54,62,69,69,51063,0,28,27.944633141980415,1.74454899979537,70.21326900030544,712.0
1780245256,250,GET,REST/listar-usuarios,485.400000,0.000000,28,31,33,34,37,44,50,53,64,67,67,51180,0,28,28.13602381944241,1.7734610000843531,166.31574299981366,21998.0
1780245256,250,,Aggregated,2411.400000,0.000000,29,32,33,34,38,44,50,54,64,69,70,255384,0,28,28.017282192076376,1.480707999689912,166.31574299981366,14903.573066441124
1780245257,250,GET,REST/listar-musicas,482.200000,0.000000,29,32,34,34,38,45,51,55,67,70,70,51610,0,28,28.209915587560776,1.5715100003035332,70.55817199989178,50889.0
1780245257,250,GET,REST/listar-musicas-playlist,479.500000,0.000000,29,32,33,34,38,46,52,55,64,69,69,51508,0,28,27.889275840296804,1.8666119999579678,71.94274699986636,300.0
1780245257,250,GET,REST/listar-playlists-musica,483.800000,0.000000,29,32,34,35,38,44,51,55,64,70,70,51448,0,28,27.96592594336003,1.480707999689912,71.43457099982697,511.0
1780245257,250,GET,REST/listar-playlists-usuario,482.000000,0.000000,29,32,34,34,38,45,51,54,62,69,69,51546,0,28,27.96837761028874,1.74454899979537,70.21326900030544,712.0
1780245257,250,GET,REST/listar-usuarios,484.000000,0.000000,28,31,33,34,38,44,51,54,64,67,67,51668,0,28,28.153092698324926,1.7734610000843531,166.31574299981366,21998.0
1780245257,250,,Aggregated,2411.500000,0.000000,29,32,33,34,38,45,51,55,64,69,70,257780,0,28,28.037464144725075,1.480707999689912,166.31574299981366,14901.920373962294
1780245258,250,GET,REST/listar-musicas,481.700000,0.000000,29,32,33,34,37,44,51,55,67,70,70,52109,0,28,28.21818904110632,1.5715100003035332,70.55817199989178,50889.0
1780245258,250,GET,REST/listar-musicas-playlist,479.600000,0.000000,29,31,33,34,37,44,51,54,64,69,69,52007,0,28,27.897421793604973,1.8666119999579678,71.94274699986636,300.0
1780245258,250,GET,REST/listar-playlists-musica,485.000000,0.000000,29,32,34,35,38,43,50,54,64,70,70,51948,0,28,27.980178365403738,1.480707999689912,71.43457099982697,511.0
1780245258,250,GET,REST/listar-playlists-usuario,481.000000,0.000000,29,32,34,34,38,44,50,54,62,69,69,52045,0,28,27.980528562127827,1.74454899979537,70.21326900030544,712.0
1780245258,250,GET,REST/listar-usuarios,482.800000,0.000000,28,31,33,34,37,43,50,53,64,67,67,52168,0,28,28.15806527419214,1.7734610000843531,166.31574299981366,21998.0
1780245258,250,,Aggregated,2410.100000,0.000000,29,32,33,34,37,44,50,54,64,69,70,260277,0,28,28.047017953677237,1.480707999689912,166.31574299981366,14901.701391210134
1780245259,250,GET,REST/listar-musicas,482.200000,0.000000,29,32,33,34,37,43,51,54,67,70,70,52597,0,28,28.23291031184322,1.5715100003035332,70.55817199989178,50889.0
1780245259,250,GET,REST/listar-musicas-playlist,481.800000,0.000000,29,31,33,34,37,43,49,53,64,69,69,52489,0,28,27.91410997153704,1.8666119999579678,71.94274699986636,300.0
1780245259,250,GET,REST/listar-playlists-musica,485.700000,0.000000,29,32,33,34,38,43,49,53,64,70,70,52440,0,28,27.99686332444689,1.480707999689912,71.43457099982697,511.0
1780245259,250,GET,REST/listar-playlists-usuario,480.000000,0.000000,29,32,34,34,38,43,50,53,62,69,69,52536,0,28,27.99124792880964,1.74454899979537,70.21326900030544,712.0
1780245259,250,GET,REST/listar-usuarios,481.800000,0.000000,28,31,33,34,37,42,49,52,64,67,67,52661,0,28,28.168656861378512,1.7734610000843531,166.31574299981366,21998.0
1780245259,250,,Aggregated,2411.500000,0.000000,29,31,33,34,37,43,50,53,64,69,70,262723,0,28,28.060898569471505,1.480707999689912,166.31574299981366,14901.605809160219
1780245260,250,GET,REST/listar-musicas,481.400000,0.000000,29,32,34,34,38,43,50,55,67,70,70,53063,0,28,28.25152843668881,1.5715100003035332,70.55817199989178,50889.0
1780245260,250,GET,REST/listar-musicas-playlist,482.100000,0.000000,29,31,33,34,37,43,49,53,64,69,69,52968,0,28,27.931801274996456,1.8666119999579678,71.94274699986636,300.0
1780245260,250,GET,REST/listar-playlists-musica,482.900000,0.000000,29,32,34,35,38,43,50,54,64,70,70,52926,0,28,28.019318682821176,1.480707999689912,71.43457099982697,511.0
1780245260,250,GET,REST/listar-playlists-usuario,478.500000,0.000000,29,32,34,34,38,44,50,54,62,69,69,53023,0,28,28.009045254360313,1.74454899979537,70.21326900030544,712.0
1780245260,250,GET,REST/listar-usuarios,480.500000,0.000000,28,31,33,34,37,42,49,52,64,67,67,53140,0,28,28.17889406898859,1.7734610000843531,166.31574299981366,21998.0
1780245260,250,,Aggregated,2405.400000,0.000000,29,32,33,34,37,43,50,54,64,69,70,265120,0,28,28.07824004724378,1.480707999689912,166.31574299981366,14898.85594824985
1780245261,250,GET,REST/listar-musicas,481.700000,0.000000,29,32,34,34,38,43,50,53,67,70,70,53563,0,28,28.258886961149,1.5715100003035332,70.55817199989178,50889.0
1780245261,250,GET,REST/listar-musicas-playlist,485.100000,0.000000,29,31,33,34,37,42,49,52,64,69,69,53467,0,28,27.942667039258144,1.8666119999579678,71.94274699986636,300.0
1780245261,250,GET,REST/listar-playlists-musica,482.800000,0.000000,29,32,34,34,38,43,49,52,64,70,70,53425,0,28,28.024607820926434,1.480707999689912,71.43457099982697,511.0
1780245261,250,GET,REST/listar-playlists-usuario,480.000000,0.000000,29,32,33,34,37,42,48,52,61,69,69,53521,0,28,28.01860178899755,1.74454899979537,70.21326900030544,712.0
1780245261,250,GET,REST/listar-usuarios,481.900000,0.000000,28,31,33,34,37,42,48,51,64,67,67,53640,0,28,28.186182665455863,1.7734610000843531,166.31574299981366,21998.0
1780245261,250,,Aggregated,2411.600000,0.000000,29,31,33,34,37,42,49,52,64,69,70,267616,0,28,28.08631187315129,1.480707999689912,166.31574299981366,14898.912822850652
1780245262,250,GET,REST/listar-musicas,480.700000,0.000000,29,32,34,35,38,43,51,59,71,75,75,54053,0,28,28.28908990167096,1.5715100003035332,74.89824699996461,50889.0
1780245262,250,GET,REST/listar-musicas-playlist,485.600000,0.000000,29,31,33,34,37,42,49,53,69,77,77,53955,0,28,27.960761698526806,1.8666119999579678,76.66848300004858,300.0
1780245262,250,GET,REST/listar-playlists-musica,483.200000,0.000000,29,32,34,34,38,43,50,54,70,76,76,53923,0,28,28.039903814680088,1.480707999689912,76.23023099995407,511.0
1780245262,250,GET,REST/listar-playlists-usuario,484.100000,0.000000,29,32,33,34,38,43,50,55,70,76,76,54010,0,28,28.038875596129163,1.74454899979537,75.88220900015585,712.0
1780245262,250,GET,REST/listar-usuarios,482.900000,0.000000,28,31,33,34,37,42,47,51,67,76,76,54122,0,28,28.19323100992294,1.7734610000843531,166.31574299981366,21998.0
1780245262,250,,Aggregated,2416.500000,0.000000,29,32,33,34,37,42,49,54,70,76,77,270063,0,28,28.10448868213812,1.480707999689912,166.31574299981366,14898.283533842103
1780245263,250,GET,REST/listar-musicas,480.600000,0.000000,29,32,34,35,38,43,51,59,71,75,75,54553,0,28,28.294224264348678,1.5715100003035332,74.89824699996461,50889.0
1780245263,250,GET,REST/listar-musicas-playlist,485.700000,0.000000,29,31,33,34,37,42,49,53,69,77,77,54452,0,28,27.968139750936867,1.8666119999579678,76.66848300004858,300.0
1780245263,250,GET,REST/listar-playlists-musica,483.200000,0.000000,29,32,33,34,37,43,50,54,70,76,76,54423,0,28,28.04479431323146,1.480707999689912,76.23023099995407,511.0
1780245263,250,GET,REST/listar-playlists-usuario,484.100000,0.000000,29,31,33,34,37,43,50,55,70,76,76,54509,0,28,28.046904210404307,1.74454899979537,75.88220900015585,712.0
1780245263,250,GET,REST/listar-usuarios,482.900000,0.000000,28,31,33,34,37,42,48,52,67,76,76,54622,0,28,28.20339018137471,1.7734610000843531,166.31574299981366,21998.0
1780245263,250,,Aggregated,2416.500000,0.000000,29,31,33,34,37,43,50,54,70,76,77,272559,0,28,28.111609167234466,1.480707999689912,166.31574299981366,14898.34690470687
1780245264,250,GET,REST/listar-musicas,480.600000,0.000000,29,32,34,35,37,43,49,54,71,75,75,55053,0,28,28.307314954026378,1.5715100003035332,74.89824699996461,50889.0
1780245264,250,GET,REST/listar-musicas-playlist,482.800000,0.000000,29,31,33,34,37,42,49,52,69,77,77,54952,0,28,27.97721801108256,1.8666119999579678,76.66848300004858,300.0
1780245264,250,GET,REST/listar-playlists-musica,482.000000,0.000000,29,32,33,34,37,42,48,52,68,76,76,54920,0,28,28.05644041034233,1.480707999689912,76.23023099995407,511.0
1780245264,250,GET,REST/listar-playlists-usuario,485.500000,0.000000,28,31,33,34,37,43,50,54,70,76,76,55009,0,28,28.05468227560814,1.74454899979537,75.88220900015585,712.0
1780245264,250,GET,REST/listar-usuarios,480.600000,0.000000,28,31,33,34,37,42,47,51,66,76,76,55121,0,28,28.21234897589019,1.7734610000843531,166.31574299981366,21998.0
1780245264,250,,Aggregated,2411.500000,0.000000,29,31,33,34,37,42,49,52,69,76,77,275055,0,28,28.121718590261096,1.480707999689912,166.31574299981366,14898.329435930995
1780245265,250,GET,REST/listar-musicas,482.200000,0.000000,29,32,34,35,37,43,50,54,71,75,75,55525,0,28,28.323513349410423,1.5715100003035332,74.89824699996461,50889.0
1780245265,250,GET,REST/listar-musicas-playlist,483.400000,0.000000,29,31,33,34,37,43,50,56,69,77,77,55428,0,28,28.002936582521524,1.8666119999579678,76.66848300004858,300.0
1780245265,250,GET,REST/listar-playlists-musica,483.000000,0.000000,29,32,33,34,38,43,50,53,70,76,76,55402,0,28,28.081154688603398,1.480707999689912,76.23023099995407,511.0
1780245265,250,GET,REST/listar-playlists-usuario,486.300000,0.000000,28,31,33,34,37,43,50,54,70,76,76,55469,0,28,28.069095956118506,1.74454899979537,75.88220900015585,712.0
1780245265,250,GET,REST/listar-usuarios,481.300000,0.000000,28,31,33,34,37,42,49,54,67,76,76,55578,0,28,28.240662462288043,1.7734610000843531,166.31574299981366,21998.0
1780245265,250,,Aggregated,2416.200000,0.000000,29,31,33,34,37,43,50,54,70,76,77,277402,0,28,28.143582964792138,1.480707999689912,166.31574299981366,14897.69114498093
1780245266,250,GET,REST/listar-musicas,483.300000,0.000000,29,32,34,35,37,42,49,54,71,75,75,56023,0,28,28.330530161433934,1.5715100003035332,74.89824699996461,50889.0
1780245266,250,GET,REST/listar-musicas-playlist,483.400000,0.000000,29,31,33,34,37,43,50,55,69,77,77,55928,0,28,28.009459165248227,1.8666119999579678,76.66848300004858,300.0
1780245266,250,GET,REST/listar-playlists-musica,483.200000,0.000000,29,32,33,34,37,42,49,52,70,76,76,55901,0,28,28.08675436294533,1.480707999689912,76.23023099995407,511.0
1780245266,250,GET,REST/listar-playlists-usuario,486.300000,0.000000,28,31,33,34,37,43,50,54,70,76,76,55969,0,28,28.077555152333137,1.74454899979537,75.88220900015585,712.0
1780245266,250,GET,REST/listar-usuarios,480.300000,0.000000,28,31,33,34,37,42,48,53,67,76,76,56077,0,28,28.245467907146157,1.7734610000843531,166.31574299981366,21998.0
1780245266,250,,Aggregated,2416.500000,0.000000,29,31,33,34,37,42,50,53,70,76,77,279898,0,28,28.150060976574622,1.480707999689912,166.31574299981366,14897.319852231885
1780245267,250,GET,REST/listar-musicas,485.300000,0.000000,29,32,34,35,38,43,49,53,71,75,75,56517,0,28,28.346322829042887,1.5715100003035332,74.89824699996461,50889.0
1780245267,250,GET,REST/listar-musicas-playlist,482.100000,0.000000,29,31,33,34,37,43,50,54,69,77,77,56421,0,28,28.029812892487023,1.8666119999579678,76.66848300004858,300.0
1780245267,250,GET,REST/listar-playlists-musica,480.700000,0.000000,29,32,33,34,37,43,49,52,70,76,76,56385,0,28,28.102588483763306,1.480707999689912,76.23023099995407,511.0
1780245267,250,GET,REST/listar-playlists-usuario,482.600000,0.000000,28,31,33,34,37,44,50,54,70,76,76,56463,0,28,28.102044971466977,1.74454899979537,75.88220900015585,712.0
1780245267,250,GET,REST/listar-usuarios,481.000000,0.000000,29,31,33,34,38,42,48,53,67,76,76,56559,0,28,28.26775328485354,1.7734610000843531,166.31574299981366,21998.0
1780245267,250,,Aggregated,2411.700000,0.000000,29,31,33,34,38,43,50,53,70,76,77,282345,0,28,28.16981095983731,1.480707999689912,166.31574299981366,14897.445274398342
1780245268,250,GET,REST/listar-musicas,486.000000,0.000000,29,32,34,35,38,43,49,53,71,75,75,57016,0,28,28.355699106181,1.5715100003035332,74.89824699996461,50889.0
1780245268,250,GET,REST/listar-musicas-playlist,482.600000,0.000000,29,31,33,34,37,43,50,54,69,77,77,56920,0,28,28.036762764863212,1.8666119999579678,76.66848300004858,300.0
1780245268,250,GET,REST/listar-playlists-musica,480.400000,0.000000,29,31,33,34,37,42,49,52,70,76,76,56885,0,28,28.109094075854713,1.480707999689912,76.23023099995407,511.0
1780245268,250,GET,REST/listar-playlists-usuario,482.900000,0.000000,28,31,33,34,37,44,51,54,70,76,76,56961,0,28,28.10523925383933,1.74454899979537,75.88220900015585,712.0
1780245268,250,GET,REST/listar-usuarios,482.000000,0.000000,29,31,33,34,38,42,49,53,67,76,76,57059,0,28,28.26945403065308,1.7734610000843531,166.31574299981366,21998.0
1780245268,250,,Aggregated,2413.900000,0.000000,29,31,33,34,37,43,50,53,70,76,77,284841,0,28,28.175354685569413,1.480707999689912,166.31574299981366,14897.33420750524
