Timestamp,User Count,Type,Name,Requests/s,Failures/s,50%,66%,75%,80%,90%,95%,98%,99%,99.9%,99.99%,100%,Total Request Count,Total Failure Count,Total Median Response Time,Total Average Response Time,Total Min Response Time,Total Max Response Time,Total Average Content Size
1780245512,0,,Aggregated,0.000000,0.000000,N/A,N/A,N/A,N/A,N/A,N/A,N/A,N/A,N/A,N/A,N/A,0,0,0,0.0,0,0,0
1780245513,10,POST,GraphQL/listar-musicas,0.000000,0.000000,0,0,0,0,0,0,0,0,0,0,0,334,0,6,5.770172895218238,2.7383259998714493,10.461383000347269,50908.0
1780245513,10,POST,GraphQL/listar-musicas-playlist,0.000000,0.000000,0,0,0,0,0,0,0,0,0,0,0,330,0,4,4.105059751508165,1.5754630003357306,8.577887000228657,327.0
1780245513,10,POST,GraphQL/listar-playlists-musica,0.000000,0.000000,0,0,0,0,0,0,0,0,0,0,0,329,0,4,4.098866948330993,1.7797870000322291,9.99943400029224,538.0
1780245513,10,POST,GraphQL/listar-playlists-usuario,0.000000,0.000000,0,0,0,0,0,0,0,0,0,0,0,333,0,5,4.829299123118178,1.5274540000973502,11.76632700025948,739.0
1780245513,10,POST,GraphQL/listar-usuarios,0.000000,0.000000,0,0,0,0,0,0,0,0,0,0,0,336,0,5,5.072536633923348,2.1101769998495,22.249724999710452,22017.0
1780245513,10,,Aggregated,0.000000,0.000000,0,0,0,0,0,0,0,0,0,0,0,1662,0,5,4.779159812273214,1.5274540000973502,22.249724999710452,15001.193140794223
1780245514,20,POST,GraphQL/listar-musicas,0.000000,0.000000,9,10,11,11,12,13,15,16,30,30,30,711,0,7,7.818795744023641,2.7383259998714493,29.53347999982725,50908.0
1780245514,20,POST,GraphQL/listar-musicas-playlist,0.000000,0.000000,6,8,9,9,10,12,18,19,30,30,30,704,0,5,6.085897821022777,1.5754630003357306,30.19037300009586,327.0
1780245514,20,POST,GraphQL/listar-playlists-musica,0.000000,0.000000,6,8,9,9,10,11,12,14,29,29,29,699,0,5,5.8856463977193805,1.7797870000322291,29.12210900012724,538.0
1780245514,20,POST,GraphQL/listar-playlists-usuario,0.000000,0.000000,7,9,10,10,11,12,15,18,23,23,23,708,0,6,6.782969742940715,1.5274540000973502,23.17597699993712,739.0
1780245514,20,POST,GraphQL/listar-usuarios,0.000000,0.000000,7,9,10,10,11,12,18,23,29,29,29,715,0,6,6.976204555240447,2.1101769998495,28.629174000343482,22017.0
1780245514,20,,Aggregated,0.000000,0.000000,7,9,10,10,11,12,15,18,29,30,30,3537,0,6,6.714173454058703,1.5274540000973502,30.19037300009586,15003.456318914334
1780245515,30,POST,GraphQL/listar-musicas,229.000000,0.000000,10,12,14,14,16,17,19,24,40,40,40,1093,0,9,9.824396849035361,2.7383259998714493,39.94787200008432,50908.0
1780245515,30,POST,GraphQL/listar-musicas-playlist,224.000000,0.000000,8,10,11,12,15,16,19,23,38,38,38,1077,0,7,7.967629492105232,1.5754630003357306,37.90418100015813,327.0
1780245515,30,POST,GraphQL/listar-playlists-musica,222.000000,0.000000,8,10,11,11,14,15,17,20,39,39,39,1073,0,7,7.810215925449035,1.7797870000322291,38.919585999792616,538.0
1780245515,30,POST,GraphQL/listar-playlists-usuario,227.000000,0.000000,9,11,12,13,15,16,19,21,32,32,32,1084,0,8,8.705912772143584,1.5274540000973502,32.32532100037133,739.0
1780245515,30,POST,GraphQL/listar-usuarios,230.000000,0.000000,9,11,12,13,15,17,23,41,53,53,53,1098,0,8,9.035743412563557,2.1101769998495,52.63855199973477,22017.0
1780245515,30,,Aggregated,1132.000000,0.000000,9,11,12,13,15,16,19,24,45,53,53,5425,0,8,8.67428942285683,1.5274540000973502,52.63855199973477,15031.822857142857
1780245516,40,POST,GraphQL/listar-musicas,293.000000,0.000000,12,14,16,17,20,22,26,29,39,40,40,1480,0,11,11.749070788509373,2.7383259998714493,39.94787200008432,50908.0
1780245516,40,POST,GraphQL/listar-musicas-playlist,288.500000,0.000000,10,13,14,15,19,20,23,28,34,38,38,1465,0,9,9.956973092834133,1.5754630003357306,37.90418100015813,327.0
1780245516,40,POST,GraphQL/listar-playlists-musica,287.000000,0.000000,10,12,14,15,19,21,22,25,38,39,39,1455,0,9,9.780306461173673,1.7797870000322291,38.919585999792616,538.0
1780245516,40,POST,GraphQL/listar-playlists-usuario,290.000000,0.000000,11,13,15,16,19,21,23,26,32,34,34,1474,0,10,10.664502942336062,1.5274540000973502,34.084792000157904,739.0
1780245516,40,POST,GraphQL/listar-usuarios,296.000000,0.000000,11,13,15,16,20,22,31,35,50,53,53,1489,0,10,11.041654861645508,2.1101769998495,52.63855199973477,22017.0
1780245516,40,,Aggregated,1454.500000,0.000000,11,13,15,16,19,21,24,29,44,53,53,7363,0,10,10.643275522884295,1.5274540000973502,52.63855199973477,15004.520440038028
1780245517,50,POST,GraphQL/listar-musicas,320.000000,0.000000,14,17,19,21,25,28,36,39,61,63,63,1826,0,12,13.99721441784885,2.7383259998714493,63.44359300010183,50908.0
1780245517,50,POST,GraphQL/listar-musicas-playlist,317.666667,0.000000,12,15,17,19,24,27,31,40,63,63,63,1807,0,11,12.305732581078304,1.5754630003357306,62.84043400000883,327.0
1780245517,50,POST,GraphQL/listar-playlists-musica,316.333333,0.000000,11,14,17,19,24,27,33,38,46,51,51,1799,0,10,12.062610207341349,1.7797870000322291,50.94015899976512,538.0
1780245517,50,POST,GraphQL/listar-playlists-usuario,319.333333,0.000000,13,16,18,20,24,27,32,38,50,62,62,1816,0,11,12.852591727423835,1.5274540000973502,62.27505500010011,739.0
1780245517,50,POST,GraphQL/listar-usuarios,322.666667,0.000000,13,15,18,20,25,30,39,44,55,62,62,1838,0,11,13.271524927634092,2.1101769998495,61.882949999926495,22017.0
1780245517,50,,Aggregated,1596.000000,0.000000,12,15,18,20,24,28,34,40,60,63,63,9086,0,11,12.902198707682208,1.5274540000973502,63.44359300010183,15003.96533127889
1780245518,60,POST,GraphQL/listar-musicas,335.000000,0.000000,15,19,22,24,30,33,38,46,61,63,63,2209,0,14,15.966380764144034,2.7383259998714493,63.44359300010183,50908.0
1780245518,60,POST,GraphQL/listar-musicas-playlist,331.000000,0.000000,14,18,20,23,29,31,38,42,63,63,63,2184,0,13,14.456877633703728,1.5754630003357306,62.84043400000883,327.0
1780245518,60,POST,GraphQL/listar-playlists-musica,328.750000,0.000000,13,17,20,22,28,31,36,39,51,55,55,2174,0,12,14.078335352809075,1.7797870000322291,54.6891809999579,538.0
1780245518,60,POST,GraphQL/listar-playlists-usuario,332.750000,0.000000,15,18,21,23,29,32,36,41,51,62,62,2202,0,13,14.981226600364819,1.5274540000973502,62.27505500010011,739.0
1780245518,60,POST,GraphQL/listar-usuarios,337.000000,0.000000,14,18,21,23,30,33,43,48,79,79,79,2223,0,13,15.322130415651408,2.1101769998495,79.07733499996539,22017.0
1780245518,60,,Aggregated,1664.500000,0.000000,14,18,21,23,29,32,38,44,60,79,79,10992,0,13,14.965394269014388,1.5274540000973502,79.07733499996539,15002.78575327511
1780245519,70,POST,GraphQL/listar-musicas,340.600000,0.000000,17,21,25,28,34,37,40,45,60,63,63,2601,0,16,17.911300760089752,2.7383259998714493,63.44359300010183,50908.0
1780245519,70,POST,GraphQL/listar-musicas-playlist,336.800000,0.000000,16,20,24,26,32,36,40,42,62,63,63,2575,0,15,16.402127321945557,1.5754630003357306,62.84043400000883,327.0
1780245519,70,POST,GraphQL/listar-playlists-musica,333.600000,0.000000,16,20,23,25,31,35,38,41,51,55,55,2558,0,14,15.951554636043973,1.7797870000322291,54.6891809999579,538.0
1780245519,70,POST,GraphQL/listar-playlists-usuario,338.000000,0.000000,17,20,24,27,32,35,39,45,53,62,62,2589,0,15,16.873630329858432,1.5274540000973502,62.27505500010011,739.0
1780245519,70,POST,GraphQL/listar-usuarios,342.600000,0.000000,16,20,24,27,33,37,44,55,72,79,79,2616,0,15,17.201433399459884,2.1101769998495,79.07733499996539,22017.0
1780245519,70,,Aggregated,1691.600000,0.000000,16,20,24,26,32,36,40,44,60,79,79,12939,0,15,16.872372407990873,1.5274540000973502,79.07733499996539,15004.225983460854
1780245520,80,POST,GraphQL/listar-musicas,343.833333,0.000000,19,24,28,31,37,41,47,52,72,74,74,2981,0,18,19.986428763834596,2.7383259998714493,74.27945600011299,50908.0
1780245520,80,POST,GraphQL/listar-musicas-playlist,339.500000,0.000000,18,23,27,29,36,40,45,53,67,75,75,2949,0,17,18.52192794337363,1.5754630003357306,75.2479470002072,327.0
1780245520,80,POST,GraphQL/listar-playlists-musica,337.500000,0.000000,18,22,26,29,36,40,44,49,65,76,76,2932,0,16,18.226152055250942,1.7797870000322291,75.60132799972052,538.0
1780245520,80,POST,GraphQL/listar-playlists-usuario,341.500000,0.000000,18,22,27,30,36,40,45,49,60,67,67,2962,0,17,18.791034053681035,1.5274540000973502,67.34879499981616,739.0
1780245520,80,POST,GraphQL/listar-usuarios,346.000000,0.000000,18,23,28,31,38,43,51,59,85,90,90,3000,0,17,19.502482836659965,2.1101769998495,89.58632899975782,22017.0
1780245520,80,,Aggregated,1708.333333,0.000000,18,23,27,30,37,41,47,52,72,86,90,14824,0,17,19.01013753730289,1.5274540000973502,89.58632899975782,15012.034875876956
1780245521,90,POST,GraphQL/listar-musicas,348.714286,0.000000,21,27,31,34,42,46,51,56,70,74,74,3369,0,20,22.00316077262902,2.7383259998714493,74.27945600011299,50908.0
1780245521,90,POST,GraphQL/listar-musicas-playlist,345.571429,0.000000,20,25,29,32,40,45,50,57,68,75,75,3324,0,19,20.512959390497382,1.5754630003357306,75.2479470002072,327.0
1780245521,90,POST,GraphQL/listar-playlists-musica,343.000000,0.000000,19,24,29,32,39,45,49,54,66,76,76,3311,0,18,20.143353634246864,1.7797870000322291,75.60132799972052,538.0
1780245521,90,POST,GraphQL/listar-playlists-usuario,348.000000,0.000000,20,25,30,32,40,45,49,52,67,69,69,3349,0,19,20.755765647059388,1.5274540000973502,69.38454600003752,739.0
1780245521,90,POST,GraphQL/listar-usuarios,351.142857,0.000000,20,26,31,33,42,48,55,61,85,90,90,3388,0,19,21.46985415642918,2.1101769998495,89.58632899975782,22017.0
1780245521,90,,Aggregated,1736.428571,0.000000,20,25,30,33,41,46,51,56,72,86,90,16741,0,19,20.981978052325147,1.5274540000973502,89.58632899975782,15019.761364315154
1780245522,100,POST,GraphQL/listar-musicas,351.875000,0.000000,22,29,34,38,46,52,65,75,86,88,88,3703,0,21,24.3516587904362,2.7383259998714493,88.16489499986346,50908.0
1780245522,100,POST,GraphQL/listar-musicas-playlist,348.000000,0.000000,21,28,32,35,44,51,62,70,82,84,84,3666,0,20,22.773949010369368,1.5754630003357306,84.34808000038174,327.0
1780245522,100,POST,GraphQL/listar-playlists-musica,346.125000,0.000000,21,27,32,35,43,49,59,73,86,87,87,3653,0,20,22.363488921157607,1.7797870000322291,87.34606000007261,538.0
1780245522,100,POST,GraphQL/listar-playlists-usuario,349.750000,0.000000,21,28,32,36,45,50,60,69,82,85,85,3685,0,20,23.047120245591305,1.5274540000973502,84.67305100020894,739.0
1780245522,100,POST,GraphQL/listar-usuarios,354.000000,0.000000,21,29,33,37,47,54,66,80,87,98,98,3731,0,20,23.78546150361357,2.1101769998495,98.28439500006425,22017.0
1780245522,100,,Aggregated,1749.750000,0.000000,21,28,33,36,45,51,63,74,86,90,98,18438,0,20,23.268766112212443,1.5274540000973502,98.28439500006425,14998.647467187331
1780245523,110,POST,GraphQL/listar-musicas,355.111111,0.000000,26,34,38,42,51,58,71,79,87,89,89,4088,0,23,26.351201912913535,2.7383259998714493,89.40795099988463,50908.0
1780245523,110,POST,GraphQL/listar-musicas-playlist,351.444444,0.000000,25,32,36,40,51,56,66,77,88,88,88,4042,0,22,24.839278365911156,1.5754630003357306,88.43806899994888,327.0
1780245523,110,POST,GraphQL/listar-playlists-musica,349.444444,0.000000,25,31,36,39,49,55,65,76,86,87,87,4018,0,22,24.233958097806134,1.7797870000322291,87.34606000007261,538.0
1780245523,110,POST,GraphQL/listar-playlists-usuario,352.888889,0.000000,25,32,36,41,50,56,64,73,82,85,85,4063,0,22,25.047485894414653,1.5274540000973502,84.67305100020894,739.0
1780245523,110,POST,GraphQL/listar-usuarios,356.777778,0.000000,26,32,38,42,51,58,72,83,140,140,140,4109,0,22,25.75743832537924,2.1101769998495,143.19540199994663,22017.0
1780245523,110,,Aggregated,1765.666667,0.000000,26,32,37,41,50,57,67,78,88,140,140,20320,0,22,25.251051647636682,1.5274540000973502,143.19540199994663,15013.077362204724
1780245524,120,POST,GraphQL/listar-musicas,354.800000,0.000000,30,37,43,46,57,62,75,82,89,90,90,4474,0,25,28.223905930931988,2.7383259998714493,90.47841400024481,50908.0
1780245524,120,POST,GraphQL/listar-musicas-playlist,350.200000,0.000000,29,36,41,46,55,61,69,81,88,88,88,4422,0,24,26.78707940004915,1.5754630003357306,88.43806899994888,327.0
1780245524,120,POST,GraphQL/listar-playlists-musica,348.600000,0.000000,28,35,40,44,55,60,71,81,87,87,87,4395,0,24,26.27211434402332,1.7797870000322291,87.34606000007261,538.0
1780245524,120,POST,GraphQL/listar-playlists-usuario,352.100000,0.000000,29,35,41,46,55,60,68,77,86,90,90,4444,0,24,26.844845731773265,1.5274540000973502,90.1520160000473,739.0
1780245524,120,POST,GraphQL/listar-usuarios,357.200000,0.000000,30,36,42,47,57,63,80,85,140,140,140,4492,0,25,27.732188730850286,2.1101769998495,143.19540199994663,22017.0
1780245524,120,,Aggregated,1762.900000,0.000000,29,36,41,46,56,61,73,81,100,140,140,22227,0,24,27.17702114522734,1.5274540000973502,143.19540199994663,15015.853511495028
1780245525,130,POST,GraphQL/listar-musicas,367.500000,0.000000,34,41,47,52,61,67,80,86,92,94,94,4853,0,27,30.105042397689793,2.7383259998714493,93.59790100006649,50908.0
1780245525,130,POST,GraphQL/listar-musicas-playlist,363.400000,0.000000,32,39,46,51,59,64,77,81,89,92,92,4787,0,26,28.4446583423895,1.5754630003357306,91.54149999994843,327.0
1780245525,130,POST,GraphQL/listar-playlists-musica,361.700000,0.000000,32,38,44,49,59,65,80,84,92,93,93,4764,0,25,28.055542334589106,1.7797870000322291,92.50988600024357,538.0
1780245525,130,POST,GraphQL/listar-playlists-usuario,365.600000,0.000000,32,39,45,50,59,64,76,80,90,93,93,4814,0,26,28.574331606564844,1.5274540000973502,93.27351499996439,739.0
1780245525,130,POST,GraphQL/listar-usuarios,370.100000,0.000000,33,40,48,52,61,68,83,90,140,140,140,4874,0,26,29.689859188546976,2.1101769998495,143.19540199994663,22017.0
1780245525,130,,Aggregated,1828.300000,0.000000,33,40,46,51,60,66,80,84,110,140,140,24092,0,26,28.97999999842156,1.5274540000973502,143.19540199994663,15027.947409928607
1780245526,140,POST,GraphQL/listar-musicas,369.200000,0.000000,37,45,52,56,63,70,83,87,94,97,97,5239,0,29,31.57074056518201,2.7383259998714493,97.31112100007522,50908.0
1780245526,140,POST,GraphQL/listar-musicas-playlist,364.600000,0.000000,35,42,50,54,61,66,77,82,90,92,92,5182,0,28,29.922502728679838,1.5754630003357306,91.54149999994843,327.0
1780245526,140,POST,GraphQL/listar-playlists-musica,362.700000,0.000000,35,41,50,54,61,66,81,85,92,95,95,5162,0,27,29.635106325451037,1.7797870000322291,94.57301400016149,538.0
1780245526,140,POST,GraphQL/listar-playlists-usuario,367.200000,0.000000,35,42,50,54,61,67,77,83,91,96,96,5210,0,28,30.10965789904124,1.5274540000973502,96.35705499977121,739.0
1780245526,140,POST,GraphQL/listar-usuarios,371.000000,0.000000,35,45,52,56,63,70,84,98,140,140,140,5284,0,28,31.203291834591564,2.1101769998495,143.19540199994663,22017.0
1780245526,140,,Aggregated,1834.700000,0.000000,35,43,51,55,62,68,80,86,110,140,140,26077,0,28,30.493670649268374,1.5274540000973502,143.19540199994663,15008.11826513786
1780245527,150,POST,GraphQL/listar-musicas,368.400000,0.000000,39,50,56,59,67,76,87,91,99,110,110,5600,0,31,33.24578609696155,2.7383259998714493,106.53277499977776,50908.0
1780245527,150,POST,GraphQL/listar-musicas-playlist,365.100000,0.000000,38,47,54,58,64,70,82,89,100,110,110,5533,0,29,31.511815544554125,1.5754630003357306,107.28353600006812,327.0
1780245527,150,POST,GraphQL/listar-playlists-musica,363.000000,0.000000,38,46,53,57,63,71,84,88,96,110,110,5494,0,29,30.969437375313827,1.7797870000322291,105.68947199999457,538.0
1780245527,150,POST,GraphQL/listar-playlists-usuario,366.700000,0.000000,38,47,54,57,64,71,82,89,100,110,110,5571,0,30,31.69208707772398,1.5274540000973502,106.09226099995794,739.0
1780245527,150,POST,GraphQL/listar-usuarios,370.000000,0.000000,39,49,56,59,66,79,89,100,140,140,140,5613,0,30,32.713730021731664,2.1101769998495,143.19540199994663,22017.0
1780245527,150,,Aggregated,1833.200000,0.000000,38,48,55,58,65,73,85,91,110,140,140,27811,0,30,32.03251052507837,1.5274540000973502,143.19540199994663,15013.78062637086
1780245528,160,POST,GraphQL/listar-musicas,369.300000,0.000000,42,54,59,62,69,78,88,92,99,110,110,5964,0,32,34.39841236200237,2.7383259998714493,106.53277499977776,50908.0
1780245528,160,POST,GraphQL/listar-musicas-playlist,364.600000,0.000000,41,52,57,60,66,73,86,92,100,110,110,5913,0,30,32.729549489432976,1.5754630003357306,107.28353600006812,327.0
1780245528,160,POST,GraphQL/listar-playlists-musica,363.200000,0.000000,40,50,56,59,65,73,85,90,96,110,110,5877,0,30,32.144844390331386,1.7797870000322291,105.68947199999457,538.0
1780245528,160,POST,GraphQL/listar-playlists-usuario,367.600000,0.000000,41,51,57,60,66,73,84,90,100,110,110,5930,0,31,32.88973458279923,1.5274540000973502,106.09226099995794,739.0
1780245528,160,POST,GraphQL/listar-usuarios,370.400000,0.000000,42,53,59,61,68,80,92,110,140,140,140,6003,0,31,33.93660626036564,2.1101769998495,143.19540199994663,22017.0
1780245528,160,,Aggregated,1835.100000,0.000000,41,52,58,60,67,76,86,92,120,140,140,29687,0,31,33.22514169154685,1.5274540000973502,143.19540199994663,14998.518206622428
1780245529,170,POST,GraphQL/listar-musicas,369.900000,0.000000,46,57,61,63,71,79,88,92,99,110,110,6365,0,33,35.56917037218892,2.7383259998714493,106.53277499977776,50908.0
1780245529,170,POST,GraphQL/listar-musicas-playlist,365.300000,0.000000,42,54,59,61,67,75,86,91,100,110,110,6285,0,31,33.61864929992381,1.5754630003357306,107.28353600006812,327.0
1780245529,170,POST,GraphQL/listar-playlists-musica,363.900000,0.000000,42,53,58,60,66,76,85,90,96,110,110,6262,0,31,33.24526732097949,1.7797870000322291,105.68947199999457,538.0
1780245529,170,POST,GraphQL/listar-playlists-usuario,368.000000,0.000000,42,54,59,61,67,74,84,90,100,110,110,6321,0,32,33.74935995918275,1.5274540000973502,106.09226099995794,739.0
1780245529,170,POST,GraphQL/listar-usuarios,373.100000,0.000000,44,56,60,63,70,81,95,110,150,150,150,6397,0,32,35.0047331438134,2.1101769998495,154.93857199999184,22017.0
1780245529,170,,Aggregated,1840.200000,0.000000,43,55,59,62,68,77,87,92,130,150,150,31630,0,32,34.243687210115276,1.5274540000973502,154.93857199999184,15016.36228264306
1780245530,180,POST,GraphQL/listar-musicas,369.700000,0.000000,49,59,63,65,71,80,88,92,99,110,110,6744,0,34,36.39939977312959,2.7383259998714493,106.53277499977776,50908.0
1780245530,180,POST,GraphQL/listar-musicas-playlist,365.700000,0.000000,45,56,60,62,68,76,86,91,100,110,110,6674,0,32,34.60498881435815,1.5754630003357306,107.28353600006812,327.0
1780245530,180,POST,GraphQL/listar-playlists-musica,362.900000,0.000000,43,56,59,62,68,76,86,90,96,110,110,6625,0,32,33.981098877431094,1.7797870000322291,105.68947199999457,538.0
1780245530,180,POST,GraphQL/listar-playlists-usuario,367.500000,0.000000,44,56,60,63,69,76,85,90,100,110,110,6706,0,33,34.682953943930066,1.5274540000973502,106.09226099995794,739.0
1780245530,180,POST,GraphQL/listar-usuarios,369.900000,0.000000,47,58,62,64,71,83,98,130,160,160,160,6772,0,33,35.96558202923368,2.1101769998495,162.23636799986707,22017.0
1780245530,180,,Aggregated,1835.700000,0.000000,46,57,61,63,69,78,88,93,140,160,160,33521,0,33,35.13316542256958,1.5274540000973502,162.23636799986707,15009.249664389486
1780245531,190,POST,GraphQL/listar-musicas,368.000000,0.000000,51,60,63,65,71,78,88,92,99,110,110,7135,0,34,37.14928059845611,2.7383259998714493,106.53277499977776,50908.0
1780245531,190,POST,GraphQL/listar-musicas-playlist,363.500000,0.000000,47,58,61,63,69,76,86,91,100,110,110,7062,0,33,35.41491737128696,1.5754630003357306,107.28353600006812,327.0
1780245531,190,POST,GraphQL/listar-playlists-musica,361.900000,0.000000,44,57,60,62,68,76,85,90,96,110,110,7008,0,33,34.73941293393068,1.7797870000322291,105.68947199999457,538.0
1780245531,190,POST,GraphQL/listar-playlists-usuario,365.300000,0.000000,44,57,61,63,69,75,85,90,100,110,110,7103,0,33,35.293328077572724,1.5274540000973502,106.09226099995794,739.0
1780245531,190,POST,GraphQL/listar-usuarios,370.300000,0.000000,48,59,62,64,71,82,100,130,160,160,160,7159,0,33,36.71575518633387,2.1101769998495,162.23636799986707,22017.0
1780245531,190,,Aggregated,1829.000000,0.000000,47,58,62,64,70,78,88,93,140,160,160,35467,0,33,35.868572760621326,1.5274540000973502,162.23636799986707,15004.848958186483
1780245532,200,POST,GraphQL/listar-musicas,368.300000,0.000000,54,61,65,67,73,82,90,94,100,110,110,7485,0,35,38.24604503967704,2.7383259998714493,106.53277499977776,50908.0
1780245532,200,POST,GraphQL/listar-musicas-playlist,363.200000,0.000000,48,59,62,64,70,79,88,93,100,110,110,7371,0,34,36.208071518792956,1.5754630003357306,107.28353600006812,327.0
1780245532,200,POST,GraphQL/listar-playlists-musica,361.900000,0.000000,46,58,61,63,69,78,87,91,97,110,110,7344,0,34,35.629319906997246,1.7797870000322291,105.68947199999457,538.0
1780245532,200,POST,GraphQL/listar-playlists-usuario,365.600000,0.000000,45,58,62,64,71,79,87,91,100,110,110,7442,0,34,36.241002270491556,1.5274540000973502,106.09226099995794,739.0
1780245532,200,POST,GraphQL/listar-usuarios,370.400000,0.000000,49,60,63,65,74,85,110,120,170,170,170,7510,0,34,37.743893585348175,2.1101769998495,169.7361850001471,22017.0
1780245532,200,,Aggregated,1829.400000,0.000000,48,59,63,65,71,81,90,95,140,170,170,37152,0,34,36.8213083389037,1.5274540000973502,169.7361850001471,15026.245612618432
1780245533,210,POST,GraphQL/listar-musicas,368.300000,0.000000,55,62,65,68,73,82,91,95,100,110,110,7863,0,36,38.96153800139757,2.7383259998714493,106.53277499977776,50908.0
1780245533,210,POST,GraphQL/listar-musicas-playlist,362.000000,0.000000,47,59,62,64,70,78,88,93,100,110,110,7755,0,35,36.80881805609532,1.5754630003357306,107.28353600006812,327.0
1780245533,210,POST,GraphQL/listar-playlists-musica,361.000000,0.000000,46,58,61,63,69,78,88,91,99,110,110,7729,0,34,36.317051509378956,1.7797870000322291,105.68947199999457,538.0
1780245533,210,POST,GraphQL/listar-playlists-usuario,365.100000,0.000000,45,60,63,65,72,78,88,91,100,110,110,7786,0,34,36.87650664564571,1.5274540000973502,106.09226099995794,739.0
1780245533,210,POST,GraphQL/listar-usuarios,370.200000,0.000000,50,60,64,66,73,85,110,120,170,170,170,7913,0,35,38.41670651648719,2.1101769998495,169.7361850001471,22017.0
1780245533,210,,Aggregated,1826.600000,0.000000,48,60,63,65,72,81,90,95,140,170,170,39046,0,35,37.484334575986125,1.5274540000973502,169.7361850001471,15032.47620755007
1780245534,220,POST,GraphQL/listar-musicas,369.000000,0.000000,55,62,66,68,74,82,92,95,100,110,110,8223,0,36,39.48830327933728,2.7383259998714493,114.34183599976677,50908.0
1780245534,220,POST,GraphQL/listar-musicas-playlist,364.700000,0.000000,46,59,62,64,70,78,89,93,100,110,110,8148,0,35,37.22619569416096,1.5754630003357306,107.28353600006812,327.0
1780245534,220,POST,GraphQL/listar-playlists-musica,364.000000,0.000000,45,58,62,64,70,78,87,91,100,110,110,8116,0,35,36.88911383255155,1.7797870000322291,114.06464399988181,538.0
1780245534,220,POST,GraphQL/listar-playlists-usuario,366.300000,0.000000,45,60,63,66,72,81,89,92,100,110,110,8185,0,35,37.51402910311436,1.5274540000973502,113.56180799975846,739.0
1780245534,220,POST,GraphQL/listar-usuarios,372.200000,0.000000,51,61,65,67,74,85,110,130,170,170,170,8281,0,35,39.122554750267284,2.1101769998495,169.7361850001471,22017.0
1780245534,220,,Aggregated,1836.200000,0.000000,48,60,63,66,72,81,91,96,140,170,170,40953,0,35,38.0545897087626,1.5274540000973502,169.7361850001471,14993.25519497961
1780245535,230,POST,GraphQL/listar-musicas,365.400000,0.000000,55,63,66,68,74,83,92,96,110,110,110,8608,0,37,40.095901780784374,2.7383259998714493,114.34183599976677,50908.0
1780245535,230,POST,GraphQL/listar-musicas-playlist,364.500000,0.000000,46,59,62,64,70,80,90,94,100,110,110,8518,0,36,37.74135922822516,1.5754630003357306,107.28353600006812,327.0
1780245535,230,POST,GraphQL/listar-playlists-musica,363.400000,0.000000,46,59,62,64,70,79,89,93,110,110,110,8456,0,35,37.47867038292175,1.7797870000322291,114.06464399988181,538.0
1780245535,230,POST,GraphQL/listar-playlists-usuario,365.000000,0.000000,45,60,63,66,73,82,89,94,100,110,110,8564,0,35,38.02751817094781,1.5274540000973502,113.56180799975846,739.0
1780245535,230,POST,GraphQL/listar-usuarios,368.700000,0.000000,51,61,65,67,76,86,110,140,170,170,170,8651,0,36,39.81103948306096,2.1101769998495,170.12561499996082,22017.0
1780245535,230,,Aggregated,1827.000000,0.000000,48,60,64,66,73,82,92,97,160,170,170,42797,0,36,38.63866685461499,1.5274540000973502,170.12561499996082,15009.197864336285
1780245536,240,POST,GraphQL/listar-musicas,366.800000,0.000000,55,63,66,68,74,84,92,96,110,110,110,8985,0,37,40.69250805843024,2.7383259998714493,114.34183599976677,50908.0
1780245536,240,POST,GraphQL/listar-musicas-playlist,366.100000,0.000000,46,59,62,64,71,82,90,95,100,110,110,8892,0,36,38.33226585605324,1.5754630003357306,107.28353600006812,327.0
1780245536,240,POST,GraphQL/listar-playlists-musica,362.700000,0.000000,46,59,62,64,71,80,89,93,110,110,110,8846,0,36,38.06019734535253,1.7797870000322291,114.06464399988181,538.0
1780245536,240,POST,GraphQL/listar-playlists-usuario,367.000000,0.000000,44,60,63,66,73,82,89,94,100,110,110,8923,0,36,38.53136576891154,1.5274540000973502,113.56180799975846,739.0
1780245536,240,POST,GraphQL/listar-usuarios,368.200000,0.000000,51,62,65,67,76,86,120,140,180,260,260,9043,0,36,40.45951242750954,2.1101769998495,263.97071400015193,22017.0
1780245536,240,,Aggregated,1830.800000,0.000000,48,60,64,66,73,83,92,98,160,250,260,44689,0,36,39.223163334421756,1.5274540000973502,263.97071400015193,15009.712457204234
1780245537,250,POST,GraphQL/listar-musicas,368.500000,0.000000,55,63,67,69,76,84,91,95,100,110,110,9325,0,38,41.327091784771596,2.7383259998714493,114.34183599976677,50908.0
1780245537,250,POST,GraphQL/listar-musicas-playlist,361.300000,0.000000,46,59,62,64,72,81,88,93,100,110,110,9212,0,37,38.82222536463566,1.5754630003357306,107.28353600006812,327.0
1780245537,250,POST,GraphQL/listar-playlists-musica,360.300000,0.000000,46,59,62,65,72,80,89,93,100,110,110,9157,0,36,38.55500491776631,1.7797870000322291,114.06464399988181,538.0
1780245537,250,POST,GraphQL/listar-playlists-usuario,364.000000,0.000000,44,59,63,66,75,82,90,93,100,110,110,9278,0,36,39.131807654343284,1.5274540000973502,113.56180799975846,739.0
1780245537,250,POST,GraphQL/listar-usuarios,369.800000,0.000000,50,62,65,68,77,87,120,150,200,260,260,9354,0,37,41.08938998075309,2.1101769998495,263.97071400015193,22017.0
1780245537,250,,Aggregated,1823.900000,0.000000,48,60,64,66,74,83,91,97,170,250,260,46326,0,37,39.79339283082852,1.5274540000973502,263.97071400015193,15012.29007468808
1780245538,250,POST,GraphQL/listar-musicas,363.800000,0.000000,55,63,66,68,75,84,91,95,100,110,110,9699,0,38,41.672086212392685,2.7383259998714493,114.34183599976677,50908.0
1780245538,250,POST,GraphQL/listar-musicas-playlist,362.800000,0.000000,46,59,62,64,72,81,89,95,100,110,110,9590,0,37,39.22923305610245,1.5754630003357306,107.28353600006812,327.0
1780245538,250,POST,GraphQL/listar-playlists-musica,360.800000,0.000000,46,59,62,65,71,80,89,94,100,110,110,9562,0,37,39.0313928644618,1.7797870000322291,114.06464399988181,538.0
1780245538,250,POST,GraphQL/listar-playlists-usuario,363.800000,0.000000,44,60,63,66,74,82,90,94,100,110,110,9646,0,37,39.486928004872574,1.5274540000973502,113.56180799975846,739.0
1780245538,250,POST,GraphQL/listar-usuarios,368.300000,0.000000,50,62,65,68,77,87,110,150,200,260,260,9760,0,37,41.455788876225284,2.1101769998495,263.97071400015193,22017.0
1780245538,250,,Aggregated,1819.500000,0.000000,47,60,64,66,74,83,92,98,170,250,260,48257,0,37,40.18284383030347,1.5274540000973502,263.97071400015193,15004.067637855647
1780245539,250,POST,GraphQL/listar-musicas,366.300000,0.000000,55,63,67,69,74,83,91,95,100,110,110,10081,0,38,42.084122763217074,2.7383259998714493,114.34183599976677,50908.0
1780245539,250,POST,GraphQL/listar-musicas-playlist,361.500000,0.000000,44,59,62,65,72,80,88,95,100,110,110,9999,0,37,39.586583170719436,1.5754630003357306,107.28353600006812,327.0
1780245539,250,POST,GraphQL/listar-playlists-musica,359.500000,0.000000,45,59,63,65,71,80,89,94,100,110,110,9932,0,37,39.329560391863964,1.7797870000322291,114.06464399988181,538.0
1780245539,250,POST,GraphQL/listar-playlists-usuario,364.700000,0.000000,44,60,64,67,74,82,89,94,100,110,110,10043,0,37,39.86614994423994,1.5274540000973502,113.56180799975846,739.0
1780245539,250,POST,GraphQL/listar-usuarios,365.700000,0.000000,49,62,66,68,76,86,100,140,200,260,260,10124,0,38,41.767978385318614,2.1101769998495,263.97071400015193,22017.0
1780245539,250,,Aggregated,1817.700000,0.000000,46,61,64,67,73,82,91,97,170,250,260,50179,0,37,40.533534697283095,1.5274540000973502,263.97071400015193,14989.109428246877
1780245540,250,POST,GraphQL/listar-musicas,362.000000,0.000000,55,63,67,69,75,83,91,95,100,110,110,10452,0,39,42.4451566270566,2.7383259998714493,114.34183599976677,50908.0
1780245540,250,POST,GraphQL/listar-musicas-playlist,360.200000,0.000000,44,59,63,65,72,80,90,95,100,110,110,10348,0,37,39.9822497869179,1.5754630003357306,107.28353600006812,327.0
1780245540,250,POST,GraphQL/listar-playlists-musica,358.200000,0.000000,45,59,63,65,72,81,90,94,100,110,110,10308,0,37,39.7966749112331,1.7797870000322291,114.06464399988181,538.0
1780245540,250,POST,GraphQL/listar-playlists-usuario,361.100000,0.000000,44,60,64,67,74,82,90,95,100,110,110,10399,0,37,40.26816869083606,1.5274540000973502,113.56180799975846,739.0
1780245540,250,POST,GraphQL/listar-usuarios,364.500000,0.000000,51,62,66,68,75,85,100,140,200,260,260,10506,0,38,42.19478463687091,2.1101769998495,263.97071400015193,22017.0
1780245540,250,,Aggregated,1806.000000,0.000000,47,61,65,67,74,83,92,97,170,250,260,52013,0,38,40.94446227783381,1.5274540000973502,263.97071400015193,14996.546613346663
1780245541,250,POST,GraphQL/listar-musicas,364.500000,0.000000,55,64,67,69,74,83,91,95,100,110,110,10830,0,39,42.736517643212224,2.7383259998714493,114.34183599976677,50908.0
1780245541,250,POST,GraphQL/listar-musicas-playlist,359.700000,0.000000,43,59,63,65,72,80,90,95,100,110,110,10736,0,38,40.25755512463007,1.5754630003357306,107.28353600006812,327.0
1780245541,250,POST,GraphQL/listar-playlists-musica,358.200000,0.000000,45,60,63,65,72,80,90,94,100,110,110,10677,0,37,40.0416413093558,1.7797870000322291,114.06464399988181,538.0
1780245541,250,POST,GraphQL/listar-playlists-usuario,362.300000,0.000000,44,61,65,67,74,82,90,95,100,110,110,10788,0,37,40.590032395161565,1.5274540000973502,113.56180799975846,739.0
1780245541,250,POST,GraphQL/listar-usuarios,365.800000,0.000000,50,62,66,68,75,84,98,140,200,260,260,10872,0,38,42.48424967852889,2.1101769998495,263.97071400015193,22017.0
1780245541,250,,Aggregated,1810.500000,0.000000,46,61,65,67,74,82,92,97,170,250,260,53903,0,38,41.22850739546898,1.5274540000973502,263.97071400015193,14988.584939613751
1780245542,250,POST,GraphQL/listar-musicas,362.500000,0.000000,55,63,67,68,74,83,92,97,110,110,110,11168,0,39,43.17109548379155,2.7383259998714493,114.34183599976677,50908.0
1780245542,250,POST,GraphQL/listar-musicas-playlist,362.000000,0.000000,43,59,63,65,71,79,91,97,110,110,110,11072,0,38,40.66254756277308,1.5754630003357306,108.45352799969987,327.0
1780245542,250,POST,GraphQL/listar-playlists-musica,359.200000,0.000000,45,60,64,66,72,81,92,98,110,110,110,11028,0,38,40.55923423068473,1.7797870000322291,114.06464399988181,538.0
1780245542,250,POST,GraphQL/listar-playlists-usuario,362.100000,0.000000,45,61,64,67,73,82,92,97,110,110,110,11113,0,38,40.97654398398322,1.5274540000973502,114.55948299999363,739.0
1780245542,250,POST,GraphQL/listar-usuarios,363.700000,0.000000,51,62,66,68,74,84,98,140,200,260,260,11224,0,39,42.91052217257434,2.1101769998495,263.97071400015193,22017.0
1780245542,250,,Aggregated,1809.500000,0.000000,47,61,65,67,73,82,93,98,170,250,260,55605,0,38,41.6624006875814,1.5274540000973502,263.97071400015193,14988.318802265983
1780245543,250,POST,GraphQL/listar-musicas,361.600000,0.000000,54,63,67,68,74,82,90,97,110,110,110,11557,0,40,43.49506808756459,2.7383259998714493,114.34183599976677,50908.0
1780245543,250,POST,GraphQL/listar-musicas-playlist,360.600000,0.000000,43,60,64,66,71,79,92,97,110,110,110,11446,0,38,40.94734532710347,1.5754630003357306,111.39828100021987,327.0
1780245543,250,POST,GraphQL/listar-playlists-musica,358.500000,0.000000,45,60,64,66,72,80,92,99,110,110,110,11395,0,38,40.8265970132505,1.7797870000322291,114.06464399988181,538.0
1780245543,250,POST,GraphQL/listar-playlists-usuario,360.900000,0.000000,44,61,64,66,72,80,91,97,110,110,110,11507,0,38,41.286674213262415,1.5274540000973502,114.55948299999363,739.0
1780245543,250,POST,GraphQL/listar-usuarios,363.900000,0.000000,50,63,66,68,74,83,98,110,200,260,260,11601,0,39,43.20040089000802,2.1101769998495,263.97071400015193,22017.0
1780245543,250,,Aggregated,1805.500000,0.000000,46,62,65,67,73,81,92,99,170,250,260,57506,0,38,41.95785657783498,1.5274540000973502,263.97071400015193,14992.174694814454
1780245545,250,POST,GraphQL/listar-musicas,362.200000,0.000000,55,64,67,69,74,82,91,98,110,110,110,11915,0,40,43.79496625648238,2.7383259998714493,114.34183599976677,50908.0
1780245545,250,POST,GraphQL/listar-musicas-playlist,358.100000,0.000000,44,60,64,66,71,79,92,97,110,110,110,11821,0,38,41.19130635318713,1.5754630003357306,111.39828100021987,327.0
1780245545,250,POST,GraphQL/listar-playlists-musica,356.800000,0.000000,44,60,64,66,71,78,91,98,110,110,110,11775,0,38,41.07232254870323,1.7797870000322291,114.06464399988181,538.0
1780245545,250,POST,GraphQL/listar-playlists-usuario,359.500000,0.000000,45,62,65,67,72,80,92,97,110,110,110,11862,0,38,41.56512857275383,1.5274540000973502,114.55948299999363,739.0
1780245545,250,POST,GraphQL/listar-usuarios,362.600000,0.000000,50,63,66,68,74,83,97,100,200,260,260,11969,0,39,43.495464272953846,2.1101769998495,263.97071400015193,22017.0
1780245545,250,,Aggregated,1799.200000,0.000000,46,62,65,67,72,81,92,99,150,250,260,59342,0,39,42.22993529660225,1.5274540000973502,263.97071400015193,14981.913787873682
1780245546,250,POST,GraphQL/listar-musicas,361.100000,0.000000,56,64,67,69,75,84,94,100,110,110,110,12278,0,40,44.220797249062215,2.7383259998714493,114.34183599976677,50908.0
1780245546,250,POST,GraphQL/listar-musicas-playlist,356.200000,0.000000,44,60,65,67,72,80,93,97,110,110,110,12166,0,39,41.57520878103105,1.5754630003357306,111.39828100021987,327.0
1780245546,250,POST,GraphQL/listar-playlists-musica,356.700000,0.000000,45,61,64,66,71,81,92,99,110,110,110,12115,0,38,41.47071722847546,1.7797870000322291,114.06464399988181,538.0
1780245546,250,POST,GraphQL/listar-playlists-usuario,358.500000,0.000000,46,62,65,67,72,81,93,97,110,110,110,12221,0,39,41.960671120940034,1.5274540000973502,114.55948299999363,739.0
1780245546,250,POST,GraphQL/listar-usuarios,361.700000,0.000000,51,63,66,68,74,83,96,100,180,200,200,12318,0,40,43.862216370107156,2.1101769998495,263.97071400015193,22017.0
1780245546,250,,Aggregated,1794.200000,0.000000,46,62,66,67,73,82,93,99,110,200,200,61098,0,39,42.62432192367925,1.5274540000973502,263.97071400015193,14988.727961635406
1780245547,250,POST,GraphQL/listar-musicas,357.900000,0.000000,55,64,67,68,73,80,92,98,110,110,110,12648,0,40,44.41356284961974,2.7383259998714493,114.34183599976677,50908.0
1780245547,250,POST,GraphQL/listar-musicas-playlist,360.000000,0.000000,43,61,64,66,70,77,89,96,110,110,110,12556,0,39,41.803125091671724,1.5754630003357306,111.39828100021987,327.0
1780245547,250,POST,GraphQL/listar-playlists-musica,358.700000,0.000000,44,61,64,66,70,77,88,95,110,110,110,12507,0,38,41.67986393451475,1.7797870000322291,114.06464399988181,538.0
1780245547,250,POST,GraphQL/listar-playlists-usuario,358.800000,0.000000,45,62,65,66,71,79,90,96,110,110,110,12594,0,39,42.19582965269256,1.5274540000973502,114.55948299999363,739.0
1780245547,250,POST,GraphQL/listar-usuarios,359.000000,0.000000,48,63,66,67,72,79,90,98,110,110,110,12687,0,40,43.986871744303805,2.1101769998495,263.97071400015193,22017.0
1780245547,250,,Aggregated,1794.400000,0.000000,46,62,65,67,72,79,90,97,110,110,110,62992,0,39,42.821129036512,1.5274540000973502,263.97071400015193,14975.800212725426
1780245548,250,POST,GraphQL/listar-musicas,358.400000,0.000000,56,64,67,69,75,85,94,99,110,110,110,12994,0,41,44.7634535642595,2.7383259998714493,114.34183599976677,50908.0
1780245548,250,POST,GraphQL/listar-musicas-playlist,354.800000,0.000000,44,61,64,66,71,81,92,97,110,110,110,12884,0,39,42.10024132140832,1.5754630003357306,111.39828100021987,327.0
1780245548,250,POST,GraphQL/listar-playlists-musica,353.700000,0.000000,45,61,65,66,72,82,92,99,110,110,110,12835,0,39,42.05997391265893,1.7797870000322291,114.06464399988181,538.0
1780245548,250,POST,GraphQL/listar-playlists-usuario,354.800000,0.000000,47,62,65,67,73,83,93,97,110,110,110,12930,0,39,42.597162562336074,1.5274540000973502,114.55948299999363,739.0
1780245548,250,POST,GraphQL/listar-usuarios,357.200000,0.000000,52,63,66,68,73,83,95,100,110,110,110,13044,0,40,44.38899510556416,2.1101769998495,263.97071400015193,22017.0
1780245548,250,,Aggregated,1778.900000,0.000000,47,62,66,67,73,83,93,99,110,110,110,64687,0,39,43.188074173418855,1.5274540000973502,263.97071400015193,14985.420068947393
1780245549,250,POST,GraphQL/listar-musicas,355.100000,0.000000,54,64,67,69,75,85,94,99,110,110,110,13358,0,41,44.90968030356235,2.7383259998714493,114.34183599976677,50908.0
1780245549,250,POST,GraphQL/listar-musicas-playlist,357.700000,0.000000,44,61,64,66,71,82,91,96,110,110,110,13264,0,39,42.340826554435154,1.5754630003357306,111.39828100021987,327.0
1780245549,250,POST,GraphQL/listar-playlists-musica,357.300000,0.000000,45,62,65,67,72,83,92,99,110,110,110,13196,0,39,42.29782871794334,1.7797870000322291,114.06464399988181,538.0
1780245549,250,POST,GraphQL/listar-playlists-usuario,355.700000,0.000000,48,62,66,67,73,82,91,97,110,110,110,13310,0,39,42.87124441209604,1.5274540000973502,114.55948299999363,739.0
1780245549,250,POST,GraphQL/listar-usuarios,357.400000,0.000000,54,64,66,68,74,83,95,100,110,110,110,13405,0,40,44.583794982766385,2.1101769998495,263.97071400015193,22017.0
1780245549,250,,Aggregated,1783.200000,0.000000,48,63,66,67,73,83,93,99,110,110,110,66533,0,40,43.40607541436508,1.5274540000973502,263.97071400015193,14976.625358844483
1780245550,250,POST,GraphQL/listar-musicas,357.000000,0.000000,54,63,66,68,75,85,94,99,110,110,110,13740,0,41,45.0895835358069,2.7383259998714493,114.34183599976677,50908.0
1780245550,250,POST,GraphQL/listar-musicas-playlist,356.300000,0.000000,44,62,64,66,71,82,91,96,110,110,110,13628,0,39,42.57720916671709,1.5754630003357306,111.39828100021987,327.0
1780245550,250,POST,GraphQL/listar-playlists-musica,357.600000,0.000000,45,62,65,66,72,84,92,99,110,110,110,13589,0,39,42.54331945006841,1.7797870000322291,114.06464399988181,538.0
1780245550,250,POST,GraphQL/listar-playlists-usuario,357.100000,0.000000,49,63,65,67,73,83,91,97,110,110,110,13674,0,39,43.1359832351906,1.5274540000973502,114.55948299999363,739.0
1780245550,250,POST,GraphQL/listar-usuarios,359.500000,0.000000,52,63,66,67,73,83,94,100,110,110,110,13794,0,40,44.75273152015261,2.1101769998495,263.97071400015193,22017.0
1780245550,250,,Aggregated,1787.500000,0.000000,48,62,65,67,73,84,92,98,110,110,110,68425,0,40,43.625208120715286,1.5274540000973502,263.97071400015193,14980.64657654366
1780245551,250,POST,GraphQL/listar-musicas,355.100000,0.000000,54,63,66,68,75,85,94,99,110,110,110,14116,0,41,45.232300201331014,2.7383259998714493,114.34183599976677,50908.0
1780245551,250,POST,GraphQL/listar-musicas-playlist,355.100000,0.000000,45,61,64,66,72,83,91,96,110,110,110,14021,0,39,42.74494276899085,1.5754630003357306,111.39828100021987,327.0
1780245551,250,POST,GraphQL/listar-playlists-musica,355.700000,0.000000,46,62,65,66,72,84,92,99,110,110,110,13969,0,39,42.7128639254048,1.7797870000322291,114.06464399988181,538.0
1780245551,250,POST,GraphQL/listar-playlists-usuario,356.100000,0.000000,49,62,65,67,73,83,91,97,110,110,110,14070,0,39,43.29188798834344,1.5274540000973502,114.55948299999363,739.0
1780245551,250,POST,GraphQL/listar-usuarios,354.500000,0.000000,52,63,66,67,73,83,94,100,110,110,110,14161,0,40,44.88577271484938,2.1101769998495,263.97071400015193,22017.0
1780245551,250,,Aggregated,1776.500000,0.000000,49,62,65,67,73,84,92,98,110,110,110,70337,0,40,43.778186157938805,1.5274540000973502,263.97071400015193,14969.333124813398
1780245552,250,POST,GraphQL/listar-musicas,354.700000,0.000000,52,63,66,68,74,83,91,94,100,110,110,14499,0,41,45.38404123622288,2.7383259998714493,114.34183599976677,50908.0
1780245552,250,POST,GraphQL/listar-musicas-playlist,354.200000,0.000000,44,61,64,66,71,81,89,91,110,110,110,14394,0,39,42.88771709670812,1.5754630003357306,111.39828100021987,327.0
1780245552,250,POST,GraphQL/listar-playlists-musica,355.200000,0.000000,45,61,64,65,70,80,88,92,110,110,110,14348,0,39,42.89214565772131,1.7797870000322291,114.06464399988181,538.0
1780245552,250,POST,GraphQL/listar-playlists-usuario,354.700000,0.000000,48,62,65,67,72,81,88,92,100,110,110,14439,0,40,43.44188142101189,1.5274540000973502,114.55948299999363,739.0
1780245552,250,POST,GraphQL/listar-usuarios,355.400000,0.000000,49,62,65,67,71,80,89,95,110,110,110,14551,0,40,44.997081191188315,2.1101769998495,263.97071400015193,22017.0
1780245552,250,,Aggregated,1774.200000,0.000000,46,62,65,66,72,81,89,93,110,110,110,72231,0,40,43.925397321398684,1.5274540000973502,263.97071400015193,14973.916213260234
1780245553,250,POST,GraphQL/listar-musicas,356.000000,0.000000,53,63,66,68,75,85,95,100,120,120,120,14839,0,41,45.667971253049075,2.7383259998714493,121.93758399962462,50908.0
1780245553,250,POST,GraphQL/listar-musicas-playlist,354.900000,0.000000,44,61,64,66,71,82,91,96,120,120,120,14736,0,40,43.1381842766028,1.5754630003357306,120.35175299979528,327.0
1780245553,250,POST,GraphQL/listar-playlists-musica,355.900000,0.000000,46,62,64,66,72,83,91,95,120,120,120,14678,0,39,43.16953781993327,1.7797870000322291,119.51287800002319,538.0
1780245553,250,POST,GraphQL/listar-playlists-usuario,356.700000,0.000000,49,62,65,67,73,83,91,96,120,120,120,14792,0,40,43.72142860945095,1.5274540000973502,120.82679700006338,739.0
1780245553,250,POST,GraphQL/listar-usuarios,354.900000,0.000000,50,63,65,67,72,82,93,98,120,120,120,14883,0,41,45.201525789489764,2.1101769998495,263.97071400015193,22017.0
1780245553,250,,Aggregated,1778.400000,0.000000,48,62,65,67,73,83,92,98,120,120,120,73928,0,40,44.184280182893346,1.5274540000973502,263.97071400015193,14970.64098852938
1780245554,250,POST,GraphQL/listar-musicas,355.200000,0.000000,53,63,66,68,76,85,94,100,120,120,120,15200,0,41,45.858618331315476,2.7383259998714493,121.93758399962462,50908.0
1780245554,250,POST,GraphQL/listar-musicas-playlist,355.400000,0.000000,45,61,64,66,72,83,91,96,120,120,120,15102,0,40,43.31415384863071,1.5754630003357306,120.35175299979528,327.0
1780245554,250,POST,GraphQL/listar-playlists-musica,355.500000,0.000000,47,62,64,66,73,84,91,95,120,120,120,15050,0,40,43.368464741526765,1.7797870000322291,119.51287800002319,538.0
1780245554,250,POST,GraphQL/listar-playlists-usuario,355.200000,0.000000,50,62,65,67,73,84,91,96,120,120,120,15149,0,40,43.88503884830655,1.5274540000973502,120.82679700006338,739.0
1780245554,250,POST,GraphQL/listar-usuarios,355.100000,0.000000,48,62,65,66,72,83,92,97,120,120,120,15259,0,41,45.31720914450323,2.1101769998495,263.97071400015193,22017.0
1780245554,250,,Aggregated,1776.400000,0.000000,49,62,65,67,74,84,92,97,120,120,120,75760,0,40,44.35304240056674,1.5274540000973502,263.97071400015193,14968.180675818374
1780245555,250,POST,GraphQL/listar-musicas,357.200000,0.000000,50,63,66,67,75,83,92,98,120,120,120,15586,0,41,45.98121087244927,2.7383259998714493,121.93758399962462,50908.0
1780245555,250,POST,GraphQL/listar-musicas-playlist,355.600000,0.000000,44,61,64,65,70,82,89,95,120,120,120,15487,0,40,43.4760745571138,1.5754630003357306,120.35175299979528,327.0
1780245555,250,POST,GraphQL/listar-playlists-musica,355.900000,0.000000,46,61,64,66,72,83,90,94,120,120,120,15424,0,40,43.52018353585179,1.7797870000322291,119.51287800002319,538.0
1780245555,250,POST,GraphQL/listar-playlists-usuario,356.000000,0.000000,47,62,65,66,72,82,90,94,120,120,120,15537,0,40,44.02746982737917,1.5274540000973502,120.82679700006338,739.0
1780245555,250,POST,GraphQL/listar-usuarios,355.700000,0.000000,47,62,65,66,71,81,91,96,120,120,120,15626,0,41,45.46569648726319,2.1101769998495,263.97071400015193,22017.0
1780245555,250,,Aggregated,1780.400000,0.000000,46,62,65,66,72,82,90,95,120,120,120,77660,0,40,44.498251380362255,1.5274540000973502,263.97071400015193,14966.957687355138
1780245556,250,POST,GraphQL/listar-musicas,354.800000,0.000000,50,63,66,67,75,84,92,98,120,120,120,15939,0,42,46.13572811845086,2.7383259998714493,121.93758399962462,50908.0
1780245556,250,POST,GraphQL/listar-musicas-playlist,356.700000,0.000000,44,61,64,66,71,82,90,95,120,120,120,15840,0,40,43.626361028851825,1.5754630003357306,120.35175299979528,327.0
1780245556,250,POST,GraphQL/listar-playlists-musica,355.800000,0.000000,47,62,64,66,72,83,90,94,120,120,120,15791,0,40,43.70030139471739,1.7797870000322291,119.51287800002319,538.0
1780245556,250,POST,GraphQL/listar-playlists-usuario,354.800000,0.000000,49,62,65,67,72,82,89,94,120,120,120,15891,0,40,44.20679098678453,1.5274540000973502,120.82679700006338,739.0
1780245556,250,POST,GraphQL/listar-usuarios,355.400000,0.000000,48,62,65,66,71,81,91,96,120,120,120,15997,0,41,45.58160047108677,2.1101769998495,263.97071400015193,22017.0
1780245556,250,,Aggregated,1777.500000,0.000000,47,62,65,66,72,83,90,95,120,120,120,79458,0,40,44.65414894419605,1.5274540000973502,263.97071400015193,14964.474917566513
1780245557,250,POST,GraphQL/listar-musicas,355.900000,0.000000,49,63,65,67,73,82,91,96,120,120,120,16321,0,42,46.246041770846794,2.7383259998714493,121.93758399962462,50908.0
1780245557,250,POST,GraphQL/listar-musicas-playlist,354.600000,0.000000,44,61,64,65,70,80,89,93,120,120,120,16229,0,40,43.749442061988184,1.5754630003357306,120.35175299979528,327.0
1780245557,250,POST,GraphQL/listar-playlists-musica,354.800000,0.000000,45,61,64,66,71,80,89,92,120,120,120,16165,0,40,43.84355686755257,1.7797870000322291,119.51287800002319,538.0
1780245557,250,POST,GraphQL/listar-playlists-usuario,355.600000,0.000000,46,62,65,66,71,79,88,92,120,120,120,16275,0,40,44.32881354101335,1.5274540000973502,120.82679700006338,739.0
1780245557,250,POST,GraphQL/listar-usuarios,356.100000,0.000000,45,62,64,66,70,78,88,93,120,120,120,16372,0,41,45.65980189359767,2.1101769998495,263.97071400015193,22017.0
1780245557,250,,Aggregated,1777.000000,0.000000,45,62,64,66,71,80,89,93,120,120,120,81362,0,41,44.76925538595329,1.5274540000973502,263.97071400015193,14962.30021385905
1780245558,250,POST,GraphQL/listar-musicas,357.200000,0.000000,50,63,65,67,74,84,94,100,120,120,120,16659,0,42,46.45591328939214,2.7383259998714493,121.93758399962462,50908.0
1780245558,250,POST,GraphQL/listar-musicas-playlist,359.300000,0.000000,44,61,64,66,70,81,91,100,120,120,120,16566,0,40,43.99879853501193,1.5754630003357306,120.50500900022598,327.0
1780245558,250,POST,GraphQL/listar-playlists-musica,357.800000,0.000000,46,62,64,66,71,81,91,95,120,120,120,16516,0,40,44.10138536491796,1.7797870000322291,119.51287800002319,538.0
1780245558,250,POST,GraphQL/listar-playlists-usuario,358.900000,0.000000,46,62,65,66,72,81,91,99,120,120,120,16611,0,40,44.584662904279895,1.5274540000973502,120.82679700006338,739.0
1780245558,250,POST,GraphQL/listar-usuarios,356.600000,0.000000,45,62,65,66,70,79,90,97,120,120,120,16710,0,41,45.83094393135708,2.1101769998495,263.97071400015193,22017.0
1780245558,250,,Aggregated,1789.800000,0.000000,46,62,65,66,71,81,92,99,120,120,120,83062,0,41,44.997743195467585,1.5274540000973502,263.97071400015193,14959.411776745083
1780245559,250,POST,GraphQL/listar-musicas,358.500000,0.000000,50,63,66,67,74,85,94,100,120,120,120,17031,0,42,46.594849851916344,2.7383259998714493,121.93758399962462,50908.0
1780245559,250,POST,GraphQL/listar-musicas-playlist,357.400000,0.000000,44,61,64,66,70,80,91,100,120,120,120,16927,0,40,44.13988725675022,1.5754630003357306,120.50500900022598,327.0
1780245559,250,POST,GraphQL/listar-playlists-musica,357.700000,0.000000,45,62,65,66,71,81,91,95,120,120,120,16879,0,40,44.22284954132261,1.7797870000322291,119.51287800002319,538.0
1780245559,250,POST,GraphQL/listar-playlists-usuario,357.400000,0.000000,45,62,65,66,71,80,91,99,120,120,120,16979,0,40,44.70857516573406,1.5274540000973502,120.82679700006338,739.0
1780245559,250,POST,GraphQL/listar-usuarios,357.900000,0.000000,45,62,65,66,71,80,90,97,120,120,120,17082,0,41,45.9636419502972,2.1101769998495,263.97071400015193,22017.0
1780245559,250,,Aggregated,1788.900000,0.000000,46,62,65,66,71,81,92,99,120,120,120,84898,0,41,45.12954446942142,1.5274540000973502,263.97071400015193,14962.331904167353
1780245560,250,POST,GraphQL/listar-musicas,359.000000,0.000000,50,63,66,67,74,85,95,100,120,120,120,17399,0,42,46.6701511342026,2.7383259998714493,121.93758399962462,50908.0
1780245560,250,POST,GraphQL/listar-musicas-playlist,358.000000,0.000000,44,61,64,66,70,80,92,100,120,120,120,17299,0,40,44.249686531303006,1.5754630003357306,120.50500900022598,327.0
1780245560,250,POST,GraphQL/listar-playlists-musica,358.000000,0.000000,46,62,65,66,72,81,91,95,120,120,120,17248,0,40,44.35713471184971,1.7797870000322291,119.51287800002319,538.0
1780245560,250,POST,GraphQL/listar-playlists-usuario,358.700000,0.000000,46,62,65,66,71,81,92,99,120,120,120,17348,0,41,44.8569463296055,1.5274540000973502,120.82679700006338,739.0
1780245560,250,POST,GraphQL/listar-usuarios,357.200000,0.000000,45,62,65,66,71,80,91,97,120,120,120,17445,0,41,46.06072213235765,2.1101769998495,263.97071400015193,22017.0
1780245560,250,,Aggregated,1790.900000,0.000000,46,62,65,66,72,82,92,99,120,120,120,86739,0,41,45.24226413636242,1.5274540000973502,263.97071400015193,14959.720840682969
1780245561,250,POST,GraphQL/listar-musicas,357.600000,0.000000,50,63,66,67,75,85,95,100,120,120,120,17783,0,42,46.78669005032853,2.7383259998714493,121.93758399962462,50908.0
1780245561,250,POST,GraphQL/listar-musicas-playlist,358.900000,0.000000,44,62,64,66,70,80,92,100,120,120,120,17677,0,40,44.3539541732203,1.5754630003357306,120.50500900022598,327.0
1780245561,250,POST,GraphQL/listar-playlists-musica,358.300000,0.000000,46,62,65,66,72,82,91,95,120,120,120,17626,0,40,44.4873816466007,1.7797870000322291,119.51287800002319,538.0
1780245561,250,POST,GraphQL/listar-playlists-usuario,356.700000,0.000000,46,62,65,66,72,81,92,99,120,120,120,17727,0,41,44.95993549139694,1.5274540000973502,120.82679700006338,739.0
1780245561,250,POST,GraphQL/listar-usuarios,357.400000,0.000000,45,62,65,66,71,81,91,97,120,120,120,17830,0,41,46.11531746645992,2.1101769998495,263.97071400015193,22017.0
1780245561,250,,Aggregated,1788.900000,0.000000,46,62,65,67,72,82,92,99,120,120,120,88643,0,41,45.34399820483217,1.5274540000973502,263.97071400015193,14961.401283801315
1780245562,250,POST,GraphQL/listar-musicas,358.800000,0.000000,49,63,66,67,74,83,92,96,110,120,120,18146,0,42,46.86911138890078,2.7383259998714493,121.93758399962462,50908.0
1780245562,250,POST,GraphQL/listar-musicas-playlist,357.500000,0.000000,44,62,64,66,71,80,90,97,120,120,120,18053,0,40,44.51390641051369,1.5754630003357306,120.50500900022598,327.0
1780245562,250,POST,GraphQL/listar-playlists-musica,356.800000,0.000000,45,62,65,66,71,80,89,94,120,120,120,17998,0,40,44.596436949604964,1.7797870000322291,119.51287800002319,538.0
1780245562,250,POST,GraphQL/listar-playlists-usuario,357.800000,0.000000,46,62,65,66,71,80,90,97,120,120,120,18096,0,41,45.047944481155646,1.5274540000973502,120.82679700006338,739.0
1780245562,250,POST,GraphQL/listar-usuarios,358.400000,0.000000,45,62,65,66,71,80,89,95,120,120,120,18193,0,41,46.19276697119651,2.1101769998495,263.97071400015193,22017.0
1780245562,250,,Aggregated,1789.300000,0.000000,45,62,65,66,71,81,90,96,120,120,120,90486,0,41,45.446983320612354,1.5274540000973502,263.97071400015193,14955.80584841854
1780245563,250,POST,GraphQL/listar-musicas,356.300000,0.000000,50,63,66,67,73,84,92,97,130,140,140,18482,0,42,47.06193316924541,2.7383259998714493,139.40415899969594,50908.0
1780245563,250,POST,GraphQL/listar-musicas-playlist,358.500000,0.000000,45,62,65,66,71,81,92,98,130,130,130,18377,0,41,44.7120907213914,1.5754630003357306,134.81014899980437,327.0
1780245563,250,POST,GraphQL/listar-playlists-musica,356.500000,0.000000,46,62,65,66,71,81,91,97,120,130,130,18329,0,41,44.817325780783996,1.7797870000322291,133.22767599993313,538.0
1780245563,250,POST,GraphQL/listar-playlists-usuario,357.100000,0.000000,46,62,65,66,71,82,92,99,130,140,140,18422,0,41,45.24904222217946,1.5274540000973502,137.35966400008692,739.0
1780245563,250,POST,GraphQL/listar-usuarios,356.300000,0.000000,45,62,65,66,71,80,90,98,130,140,140,18525,0,41,46.35238369160489,2.1101769998495,263.97071400015193,22017.0
1780245563,250,,Aggregated,1784.700000,0.000000,46,62,65,67,72,82,91,98,130,140,140,92135,0,41,45.64156149086594,1.5274540000973502,263.97071400015193,14958.818255820264
1780245564,250,POST,GraphQL/listar-musicas,356.800000,0.000000,50,63,66,67,73,83,92,97,130,140,140,18848,0,42,47.14685742439502,2.7383259998714493,139.40415899969594,50908.0
1780245564,250,POST,GraphQL/listar-musicas-playlist,355.500000,0.000000,45,62,65,66,71,81,92,98,130,130,130,18748,0,41,44.83433153755116,1.5754630003357306,134.81014899980437,327.0
1780245564,250,POST,GraphQL/listar-playlists-musica,356.300000,0.000000,46,62,65,66,71,81,90,97,120,130,130,18696,0,41,44.91938986767219,1.7797870000322291,133.22767599993313,538.0
1780245564,250,POST,GraphQL/listar-playlists-usuario,355.800000,0.000000,46,62,65,66,72,82,92,99,130,140,140,18799,0,41,45.340844918399206,1.5274540000973502,137.35966400008692,739.0
1780245564,250,POST,GraphQL/listar-usuarios,356.600000,0.000000,45,62,65,66,71,80,89,98,130,140,140,18893,0,42,46.455459531307426,2.1101769998495,263.97071400015193,22017.0
1780245564,250,,Aggregated,1781.000000,0.000000,46,62,65,67,71,81,91,98,130,140,140,93984,0,41,45.742216440170324,1.5274540000973502,263.97071400015193,14955.339951481103
1780245565,250,POST,GraphQL/listar-musicas,359.600000,0.000000,50,63,66,67,73,82,92,98,130,140,140,19231,0,42,47.23482713504234,2.7383259998714493,139.40415899969594,50908.0
1780245565,250,POST,GraphQL/listar-musicas-playlist,361.200000,0.000000,45,62,65,66,71,80,92,98,130,130,130,19126,0,41,44.94201859280625,1.5754630003357306,134.81014899980437,327.0
1780245565,250,POST,GraphQL/listar-playlists-musica,360.000000,0.000000,46,62,65,66,71,80,90,97,120,130,130,19079,0,41,45.0311433117557,1.7797870000322291,133.22767599993313,538.0
1780245565,250,POST,GraphQL/listar-playlists-usuario,361.600000,0.000000,46,62,65,66,71,81,92,99,130,140,140,19180,0,41,45.42941166944673,1.5274540000973502,137.35966400008692,739.0
1780245565,250,POST,GraphQL/listar-usuarios,359.700000,0.000000,45,62,65,67,71,80,89,98,130,140,140,19276,0,42,46.552102322317296,2.1101769998495,263.97071400015193,22017.0
1780245565,250,,Aggregated,1802.100000,0.000000,46,62,65,67,71,81,91,98,130,140,140,95892,0,41,45.84071279846045,1.5274540000973502,263.97071400015193,14955.409877779168
1780245566,250,POST,GraphQL/listar-musicas,355.700000,0.000000,49,63,66,67,73,82,91,98,130,140,140,19607,0,42,47.29877049630233,2.7383259998714493,139.40415899969594,50908.0
1780245566,250,POST,GraphQL/listar-musicas-playlist,355.800000,0.000000,45,62,65,67,71,80,90,97,130,130,130,19506,0,41,45.03361476868748,1.5754630003357306,134.81014899980437,327.0
1780245566,250,POST,GraphQL/listar-playlists-musica,356.600000,0.000000,46,62,65,66,71,80,89,97,120,130,130,19458,0,41,45.134400350805755,1.7797870000322291,133.22767599993313,538.0
1780245566,250,POST,GraphQL/listar-playlists-usuario,356.400000,0.000000,46,62,65,66,72,81,92,99,130,140,140,19554,0,41,45.50763307676112,1.5274540000973502,137.35966400008692,739.0
1780245566,250,POST,GraphQL/listar-usuarios,356.700000,0.000000,45,62,65,67,71,79,89,98,130,140,140,19649,0,42,46.58984485948372,2.1101769998495,263.97071400015193,22017.0
1780245566,250,,Aggregated,1781.200000,0.000000,46,62,65,67,72,81,90,98,130,140,140,97774,0,41,45.915457725488956,1.5274540000973502,263.97071400015193,14953.489281404054
1780245567,250,POST,GraphQL/listar-musicas,357.000000,0.000000,49,63,66,67,72,81,89,95,130,140,140,19975,0,43,47.36846335774733,2.7383259998714493,139.40415899969594,50908.0
1780245567,250,POST,GraphQL/listar-musicas-playlist,357.700000,0.000000,45,62,65,66,71,80,89,96,130,130,130,19874,0,41,45.09991229732411,1.5754630003357306,134.81014899980437,327.0
1780245567,250,POST,GraphQL/listar-playlists-musica,356.300000,0.000000,45,62,65,66,70,80,88,94,120,130,130,19826,0,41,45.210613571773656,1.7797870000322291,133.22767599993313,538.0
1780245567,250,POST,GraphQL/listar-playlists-usuario,357.800000,0.000000,45,62,65,66,71,79,89,97,130,140,140,19925,0,41,45.584501143738485,1.5274540000973502,137.35966400008692,739.0
1780245567,250,POST,GraphQL/listar-usuarios,356.900000,0.000000,45,62,65,66,71,79,88,97,130,140,140,20024,0,42,46.66186749375704,2.1101769998495,263.97071400015193,22017.0
1780245567,250,,Aggregated,1785.700000,0.000000,45,62,65,66,71,80,89,96,130,140,140,99624,0,41,45.98766117829005,1.5274540000973502,263.97071400015193,14952.676754597285
1780245568,250,POST,GraphQL/listar-musicas,356.600000,0.000000,48,63,66,67,72,81,91,99,130,140,140,20312,0,43,47.52643447183939,2.7383259998714493,139.40415899969594,50908.0
1780245568,250,POST,GraphQL/listar-musicas-playlist,355.400000,0.000000,44,62,65,66,71,79,89,96,130,130,130,20215,0,41,45.2515911210991,1.5754630003357306,134.81014899980437,327.0
1780245568,250,POST,GraphQL/listar-playlists-musica,357.800000,0.000000,46,62,65,66,71,80,89,97,130,130,130,20167,0,41,45.372545539940816,1.7797870000322291,133.22767599993313,538.0
1780245568,250,POST,GraphQL/listar-playlists-usuario,356.200000,0.000000,45,62,65,66,71,80,90,97,130,140,140,20266,0,41,45.75709325263934,1.5274540000973502,137.35966400008692,739.0
1780245568,250,POST,GraphQL/listar-usuarios,357.200000,0.000000,45,63,65,67,71,79,89,100,130,140,140,20363,0,42,46.831041780188954,2.1101769998495,263.97071400015193,22017.0
1780245568,250,,Aggregated,1783.300000,0.000000,46,62,65,67,71,80,90,98,130,140,140,101323,0,41,46.150229790244836,1.5274540000973502,263.97071400015193,14950.329066450855
1780245569,250,POST,GraphQL/listar-musicas,356.800000,0.000000,50,63,66,67,72,81,92,99,130,140,140,20688,0,43,47.59385336141737,2.7383259998714493,139.40415899969594,50908.0
1780245569,250,POST,GraphQL/listar-musicas-playlist,356.200000,0.000000,44,62,65,66,71,78,89,96,130,130,130,20598,0,41,45.30253050825459,1.5754630003357306,134.81014899980437,327.0
1780245569,250,POST,GraphQL/listar-playlists-musica,356.400000,0.000000,46,62,65,66,71,79,89,97,130,130,130,20545,0,41,45.44153500851733,1.7797870000322291,133.22767599993313,538.0
1780245569,250,POST,GraphQL/listar-playlists-usuario,356.800000,0.000000,45,62,65,66,71,79,92,97,130,140,140,20639,0,41,45.83314203352818,1.5274540000973502,137.35966400008692,739.0
1780245569,250,POST,GraphQL/listar-usuarios,356.200000,0.000000,45,62,65,67,71,78,89,100,130,140,140,20743,0,42,46.888575983415514,2.1101769998495,263.97071400015193,22017.0
1780245569,250,,Aggregated,1782.400000,0.000000,46,62,65,66,71,79,90,98,130,140,140,103213,0,41,46.214328122949404,1.5274540000973502,263.97071400015193,14948.933874608818
1780245570,250,POST,GraphQL/listar-musicas,360.100000,0.000000,50,63,66,67,72,81,93,99,130,140,140,21065,0,43,47.68976653211504,2.7383259998714493,139.40415899969594,50908.0
1780245570,250,POST,GraphQL/listar-musicas-playlist,360.200000,0.000000,44,62,65,66,70,77,89,95,130,130,130,20962,0,41,45.36783522517079,1.5754630003357306,134.81014899980437,327.0
1780245570,250,POST,GraphQL/listar-playlists-musica,360.200000,0.000000,45,62,65,67,71,79,90,97,130,130,130,20914,0,41,45.55566328172436,1.7797870000322291,133.22767599993313,538.0
1780245570,250,POST,GraphQL/listar-playlists-usuario,360.000000,0.000000,44,62,64,66,71,79,91,97,130,140,140,21017,0,41,45.89885446167342,1.5274540000973502,137.35966400008692,739.0
1780245570,250,POST,GraphQL/listar-usuarios,360.800000,0.000000,45,62,65,67,71,78,90,100,130,140,140,21112,0,42,46.96278460065312,2.1101769998495,263.97071400015193,22017.0
1780245570,250,,Aggregated,1801.300000,0.000000,45,62,65,67,71,79,90,97,130,140,140,105070,0,42,46.29743188895953,1.5274540000973502,263.97071400015193,14950.393004663558
1780245571,250,POST,GraphQL/listar-musicas,356.400000,0.000000,50,63,66,67,72,82,92,99,130,140,140,21434,0,43,47.74118468825265,2.7383259998714493,139.40415899969594,50908.0
1780245571,250,POST,GraphQL/listar-musicas-playlist,356.300000,0.000000,44,62,65,66,70,77,88,94,130,130,130,21345,0,41,45.43568083921417,1.5754630003357306,134.81014899980437,327.0
1780245571,250,POST,GraphQL/listar-playlists-musica,356.100000,0.000000,45,62,65,67,71,80,89,97,130,130,130,21297,0,41,45.62362227041281,1.7797870000322291,133.22767599993313,538.0
1780245571,250,POST,GraphQL/listar-playlists-usuario,356.500000,0.000000,45,62,65,66,71,80,91,97,130,140,140,21389,0,41,45.9414535966146,1.5274540000973502,137.35966400008692,739.0
1780245571,250,POST,GraphQL/listar-usuarios,356.900000,0.000000,46,62,65,67,71,79,89,100,130,140,140,21492,0,42,47.0220804444908,2.1101769998495,263.97071400015193,22017.0
1780245571,250,,Aggregated,1782.300000,0.000000,45,62,65,67,71,80,90,97,130,140,140,106957,0,42,46.35503751512285,1.5274540000973502,263.97071400015193,14946.151331843637
1780245572,250,POST,GraphQL/listar-musicas,357.900000,0.000000,50,63,66,67,73,83,92,99,130,140,140,21813,0,43,47.829079414936615,2.7383259998714493,139.40415899969594,50908.0
1780245572,250,POST,GraphQL/listar-musicas-playlist,357.600000,0.000000,44,62,65,66,71,77,88,94,130,130,130,21713,0,41,45.549997707641914,1.5754630003357306,134.81014899980437,327.0
1780245572,250,POST,GraphQL/listar-playlists-musica,357.700000,0.000000,45,62,65,67,71,80,89,97,130,130,130,21664,0,41,45.70290602086353,1.7797870000322291,133.22767599993313,538.0
1780245572,250,POST,GraphQL/listar-playlists-usuario,358.000000,0.000000,44,62,65,66,71,80,91,97,130,140,140,21766,0,41,46.01303778232058,1.5274540000973502,137.35966400008692,739.0
1780245572,250,POST,GraphQL/listar-usuarios,356.300000,0.000000,47,62,65,67,72,79,90,100,130,140,140,21859,0,42,47.09917073521181,2.1101769998495,263.97071400015193,22017.0
1780245572,250,,Aggregated,1787.500000,0.000000,45,62,65,67,71,80,90,97,130,140,140,108815,0,42,46.441125938620615,1.5274540000973502,263.97071400015193,14947.996728392225
1780245573,250,POST,GraphQL/listar-musicas,356.700000,0.000000,49,63,66,67,73,82,92,100,130,130,130,22151,0,43,47.95387506862032,2.7383259998714493,139.40415899969594,50908.0
1780245573,250,POST,GraphQL/listar-musicas-playlist,357.200000,0.000000,44,62,65,66,70,76,87,94,120,130,130,22053,0,41,45.69349307881155,1.5754630003357306,134.81014899980437,327.0
1780245573,250,POST,GraphQL/listar-playlists-musica,358.300000,0.000000,44,62,65,66,71,79,89,96,120,130,130,22001,0,41,45.8309911060855,1.7797870000322291,133.22767599993313,538.0
1780245573,250,POST,GraphQL/listar-playlists-usuario,356.700000,0.000000,44,62,65,66,71,77,90,97,120,130,130,22099,0,41,46.152070096429334,1.5274540000973502,137.35966400008692,739.0
1780245573,250,POST,GraphQL/listar-usuarios,357.900000,0.000000,46,62,65,67,71,79,91,100,130,130,130,22197,0,42,47.23782555989496,2.1101769998495,263.97071400015193,22017.0
1780245573,250,,Aggregated,1786.800000,0.000000,45,62,65,67,71,79,90,98,120,130,130,110501,0,42,46.57591456956052,1.5274540000973502,263.97071400015193,14947.860082714184
1780245574,250,POST,GraphQL/listar-musicas,358.400000,0.000000,50,63,66,67,73,82,92,100,130,130,130,22534,0,43,48.01166523750832,2.7383259998714493,139.40415899969594,50908.0
1780245574,250,POST,GraphQL/listar-musicas-playlist,358.500000,0.000000,44,62,65,66,70,77,87,94,120,130,130,22422,0,41,45.766869205692146,1.5754630003357306,134.81014899980437,327.0
1780245574,250,POST,GraphQL/listar-playlists-musica,358.300000,0.000000,44,62,65,67,71,79,88,96,120,130,130,22379,0,41,45.91663671629588,1.7797870000322291,133.22767599993313,538.0
1780245574,250,POST,GraphQL/listar-playlists-usuario,359.400000,0.000000,45,62,65,66,71,78,89,97,120,130,130,22476,0,41,46.24469583030738,1.5274540000973502,137.35966400008692,739.0
1780245574,250,POST,GraphQL/listar-usuarios,357.800000,0.000000,46,62,65,67,71,78,90,100,130,130,130,22584,0,42,47.288500053754255,2.1101769998495,263.97071400015193,22017.0
1780245574,250,,Aggregated,1792.400000,0.000000,45,62,65,67,71,79,89,97,120,130,130,112395,0,42,46.64804740034699,1.5274540000973502,263.97071400015193,14950.615774723075
1780245575,250,POST,GraphQL/listar-musicas,357.200000,0.000000,50,63,66,67,73,82,92,100,130,130,130,22898,0,43,48.07212213250149,2.7383259998714493,139.40415899969594,50908.0
1780245575,250,POST,GraphQL/listar-musicas-playlist,357.100000,0.000000,44,62,64,66,70,77,89,94,120,130,130,22802,0,41,45.83109780045741,1.5754630003357306,134.81014899980437,327.0
1780245575,250,POST,GraphQL/listar-playlists-musica,357.300000,0.000000,44,62,65,66,71,78,89,97,120,130,130,22754,0,41,45.979898162124876,1.7797870000322291,133.22767599993313,538.0
1780245575,250,POST,GraphQL/listar-playlists-usuario,356.800000,0.000000,44,62,65,66,71,78,90,98,120,130,130,22851,0,41,46.27715435495126,1.5274540000973502,137.35966400008692,739.0
1780245575,250,POST,GraphQL/listar-usuarios,357.200000,0.000000,46,62,65,67,71,78,91,100,130,130,130,22947,0,42,47.308279493005195,2.1101769998495,263.97071400015193,22017.0
1780245575,250,,Aggregated,1785.600000,0.000000,45,62,65,66,71,79,90,98,120,130,130,114252,0,42,46.695769799286055,1.5274540000973502,263.97071400015193,14945.036218184365
1780245576,250,POST,GraphQL/listar-musicas,359.100000,0.000000,51,63,66,67,72,82,93,100,130,130,130,23286,0,43,48.135540468909134,2.7383259998714493,139.40415899969594,50908.0
1780245576,250,POST,GraphQL/listar-musicas-playlist,358.100000,0.000000,44,62,64,66,70,77,89,95,120,130,130,23173,0,41,45.91312743624187,1.5754630003357306,134.81014899980437,327.0
1780245576,250,POST,GraphQL/listar-playlists-musica,358.100000,0.000000,45,62,65,66,71,78,89,97,120,130,130,23127,0,41,46.06003069472853,1.7797870000322291,133.22767599993313,538.0
1780245576,250,POST,GraphQL/listar-playlists-usuario,358.000000,0.000000,44,62,65,66,71,78,91,98,120,130,130,23237,0,42,46.35934652842405,1.5274540000973502,137.35966400008692,739.0
1780245576,250,POST,GraphQL/listar-usuarios,358.200000,0.000000,45,62,65,66,71,78,91,100,130,130,130,23330,0,42,47.3464220564079,2.1101769998495,263.97071400015193,22017.0
1780245576,250,,Aggregated,1791.500000,0.000000,45,62,65,66,71,79,91,98,120,130,130,116153,0,42,46.76507355964153,1.5274540000973502,263.97071400015193,14948.321076511153
1780245577,250,POST,GraphQL/listar-musicas,357.900000,0.000000,52,63,66,67,72,83,93,100,130,130,130,23648,0,43,48.18041793872723,2.7383259998714493,139.40415899969594,50908.0
1780245577,250,POST,GraphQL/listar-musicas-playlist,358.500000,0.000000,45,62,65,66,71,79,89,95,120,130,130,23551,0,41,45.987688859455076,1.5754630003357306,134.81014899980437,327.0
1780245577,250,POST,GraphQL/listar-playlists-musica,358.000000,0.000000,45,62,65,67,71,78,89,97,120,130,130,23502,0,41,46.123174474001964,1.7797870000322291,133.22767599993313,538.0
1780245577,250,POST,GraphQL/listar-playlists-usuario,358.400000,0.000000,45,62,65,66,72,79,91,98,120,130,130,23597,0,42,46.410797151968474,1.5274540000973502,137.35966400008692,739.0
1780245577,250,POST,GraphQL/listar-usuarios,357.900000,0.000000,45,62,65,66,71,79,91,100,130,130,130,23698,0,42,47.39224745615644,2.1101769998495,263.97071400015193,22017.0
1780245577,250,,Aggregated,1790.700000,0.000000,46,62,65,67,71,80,90,98,120,130,130,117996,0,42,46.8208285945547,1.5274540000973502,263.97071400015193,14944.698854198446
1780245578,250,POST,GraphQL/listar-musicas,358.400000,0.000000,50,63,66,67,71,81,91,96,120,130,130,23993,0,43,48.28813787100491,2.7383259998714493,139.40415899969594,50908.0
1780245578,250,POST,GraphQL/listar-musicas-playlist,358.300000,0.000000,44,62,64,66,70,79,90,95,120,130,130,23882,0,41,46.10982254388341,1.5754630003357306,134.81014899980437,327.0
1780245578,250,POST,GraphQL/listar-playlists-musica,358.400000,0.000000,45,62,65,66,71,78,89,94,110,120,120,23837,0,41,46.25068903704307,1.7797870000322291,133.22767599993313,538.0
1780245578,250,POST,GraphQL/listar-playlists-usuario,357.700000,0.000000,44,62,65,66,71,79,90,95,120,120,120,23941,0,42,46.53804108976233,1.5274540000973502,137.35966400008692,739.0
1780245578,250,POST,GraphQL/listar-usuarios,358.800000,0.000000,45,62,65,66,71,79,91,98,120,130,130,24037,0,42,47.50354864974807,2.1101769998495,263.97071400015193,22017.0
1780245578,250,,Aggregated,1791.500000,0.000000,45,62,65,66,71,79,90,96,120,130,130,119690,0,42,46.94009348426822,1.5274540000973502,263.97071400015193,14946.81587434205
1780245579,250,POST,GraphQL/listar-musicas,357.000000,0.000000,50,63,66,67,72,80,90,96,120,130,130,24364,0,43,48.323560253735714,2.7383259998714493,139.40415899969594,50908.0
1780245579,250,POST,GraphQL/listar-musicas-playlist,357.700000,0.000000,45,62,65,66,71,79,89,95,120,130,130,24268,0,41,46.15700395417945,1.5754630003357306,134.81014899980437,327.0
1780245579,250,POST,GraphQL/listar-playlists-musica,356.900000,0.000000,45,62,65,67,71,78,88,94,110,120,120,24218,0,42,46.31108600619346,1.7797870000322291,133.22767599993313,538.0
1780245579,250,POST,GraphQL/listar-playlists-usuario,357.100000,0.000000,44,62,65,66,71,79,89,95,120,120,120,24312,0,42,46.59231541773626,1.5274540000973502,137.35966400008692,739.0
1780245579,250,POST,GraphQL/listar-usuarios,356.600000,0.000000,45,62,65,66,71,79,90,98,120,130,130,24419,0,42,47.52945588467984,2.1101769998495,263.97071400015193,22017.0
1780245579,250,,Aggregated,1785.300000,0.000000,45,62,65,67,71,79,89,96,120,130,130,121581,0,42,46.98455704891446,1.5274540000973502,263.97071400015193,14943.84092086757
1780245580,250,POST,GraphQL/listar-musicas,357.000000,0.000000,51,63,66,67,72,82,90,96,120,130,130,24738,0,43,48.39073422693901,2.7383259998714493,139.40415899969594,50908.0
1780245580,250,POST,GraphQL/listar-musicas-playlist,357.000000,0.000000,45,62,65,66,71,80,89,95,120,130,130,24630,0,41,46.23077018420741,1.5754630003357306,134.81014899980437,327.0
1780245580,250,POST,GraphQL/listar-playlists-musica,356.500000,0.000000,46,62,65,67,71,79,89,93,110,120,120,24583,0,42,46.41568554444085,1.7797870000322291,133.22767599993313,538.0
1780245580,250,POST,GraphQL/listar-playlists-usuario,357.000000,0.000000,45,63,65,66,71,81,90,95,120,120,120,24685,0,42,46.68109700725162,1.5274540000973502,137.35966400008692,739.0
1780245580,250,POST,GraphQL/listar-usuarios,357.000000,0.000000,45,62,65,66,71,82,90,98,120,130,130,24788,0,42,47.61618308007853,2.1101769998495,263.97071400015193,22017.0
1780245580,250,,Aggregated,1784.500000,0.000000,46,62,65,66,71,81,90,96,120,130,130,123424,0,42,47.06883164129406,1.5274540000973502,263.97071400015193,14945.564711887477
1780245581,250,POST,GraphQL/listar-musicas,358.700000,0.000000,49,63,66,67,72,81,90,96,120,130,130,25102,0,43,48.41940426021875,2.7383259998714493,139.40415899969594,50908.0
1780245581,250,POST,GraphQL/listar-musicas-playlist,359.400000,0.000000,46,62,65,66,71,80,89,95,120,130,130,25010,0,42,46.30263674258397,1.5754630003357306,134.81014899980437,327.0
1780245581,250,POST,GraphQL/listar-playlists-musica,359.000000,0.000000,46,62,65,67,71,79,88,93,110,120,120,24956,0,42,46.468365933522485,1.7797870000322291,133.22767599993313,538.0
1780245581,250,POST,GraphQL/listar-playlists-usuario,359.700000,0.000000,46,63,65,67,71,81,90,95,120,120,120,25055,0,42,46.75331813302749,1.5274540000973502,137.35966400008692,739.0
1780245581,250,POST,GraphQL/listar-usuarios,358.800000,0.000000,45,62,65,66,71,82,90,98,120,130,130,25159,0,42,47.67936489041648,2.1101769998495,263.97071400015193,22017.0
1780245581,250,,Aggregated,1795.500000,0.000000,46,63,65,67,71,80,89,96,120,130,130,125282,0,42,47.12637807514295,1.5274540000973502,263.97071400015193,14941.799795660989
1780245582,250,POST,GraphQL/listar-musicas,355.600000,0.000000,50,63,66,67,72,80,90,96,120,130,130,25470,0,43,48.48089789293342,2.7383259998714493,139.40415899969594,50908.0
1780245582,250,POST,GraphQL/listar-musicas-playlist,357.100000,0.000000,45,62,65,67,71,79,89,95,120,130,130,25362,0,42,46.359424144035366,1.5754630003357306,134.81014899980437,327.0
1780245582,250,POST,GraphQL/listar-playlists-musica,357.100000,0.000000,46,63,65,67,71,78,89,93,110,120,120,25311,0,42,46.538683976729345,1.7797870000322291,133.22767599993313,538.0
1780245582,250,POST,GraphQL/listar-playlists-usuario,356.100000,0.000000,46,63,65,67,72,81,90,95,120,120,120,25411,0,42,46.806430549880105,1.5274540000973502,137.35966400008692,739.0
1780245582,250,POST,GraphQL/listar-usuarios,357.300000,0.000000,45,62,65,67,71,81,90,98,120,130,130,25521,0,42,47.72480840597885,2.1101769998495,263.97071400015193,22017.0
1780245582,250,,Aggregated,1783.200000,0.000000,46,63,65,67,71,80,89,96,120,130,130,127075,0,42,47.18394536015011,1.5274540000973502,263.97071400015193,14945.599354711785
1780245583,250,POST,GraphQL/listar-musicas,358.600000,0.000000,49,63,66,67,72,80,90,95,120,130,130,25808,0,44,48.58129433222318,2.7383259998714493,139.40415899969594,50908.0
1780245583,250,POST,GraphQL/listar-musicas-playlist,357.100000,0.000000,45,62,65,67,71,80,89,98,120,120,120,25706,0,42,46.463070141563165,1.5754630003357306,134.81014899980437,327.0
1780245583,250,POST,GraphQL/listar-playlists-musica,356.800000,0.000000,46,63,65,67,71,79,89,96,120,120,120,25653,0,42,46.63560163220648,1.7797870000322291,133.22767599993313,538.0
1780245583,250,POST,GraphQL/listar-playlists-usuario,357.600000,0.000000,46,63,65,67,72,82,91,96,120,120,120,25758,0,42,46.9386593948677,1.5274540000973502,137.35966400008692,739.0
1780245583,250,POST,GraphQL/listar-usuarios,356.700000,0.000000,45,63,65,67,71,81,89,96,110,120,120,25852,0,42,47.82137823208979,2.1101769998495,263.97071400015193,22017.0
1780245583,250,,Aggregated,1786.800000,0.000000,46,63,65,67,72,80,90,96,120,120,130,128777,0,42,47.28975727501845,1.5274540000973502,263.97071400015193,14942.571157893102
1780245585,250,POST,GraphQL/listar-musicas,356.000000,0.000000,49,64,66,68,72,80,90,96,120,130,130,26178,0,44,48.63615607143481,2.7383259998714493,139.40415899969594,50908.0
1780245585,250,POST,GraphQL/listar-musicas-playlist,356.600000,0.000000,45,62,65,67,72,78,88,100,120,120,120,26066,0,42,46.521176229686915,1.5754630003357306,134.81014899980437,327.0
1780245585,250,POST,GraphQL/listar-playlists-musica,356.200000,0.000000,46,63,65,67,72,80,90,96,120,120,120,26025,0,42,46.715312341286854,1.7797870000322291,133.22767599993313,538.0
1780245585,250,POST,GraphQL/listar-playlists-usuario,355.700000,0.000000,47,63,66,67,72,81,91,97,120,120,120,26114,0,42,47.01413127774393,1.5274540000973502,137.35966400008692,739.0
1780245585,250,POST,GraphQL/listar-usuarios,356.500000,0.000000,45,63,66,67,72,81,89,97,110,120,120,26231,0,43,47.87728495444274,2.1101769998495,263.97071400015193,22017.0
1780245585,250,,Aggregated,1781.000000,0.000000,46,63,66,67,72,80,90,97,120,120,130,130614,0,42,47.354650824184716,1.5274540000973502,263.97071400015193,14944.958649149403
1780245586,250,POST,GraphQL/listar-musicas,356.100000,0.000000,49,64,66,68,73,81,90,96,120,130,130,26543,0,44,48.67776175831751,2.7383259998714493,139.40415899969594,50908.0
1780245586,250,POST,GraphQL/listar-musicas-playlist,356.900000,0.000000,45,62,65,67,72,79,88,100,120,120,120,26446,0,42,46.566310305982825,1.5754630003357306,134.81014899980437,327.0
1780245586,250,POST,GraphQL/listar-playlists-musica,356.000000,0.000000,47,62,65,67,72,81,90,96,120,120,120,26390,0,42,46.770951625425745,1.7797870000322291,133.22767599993313,538.0
1780245586,250,POST,GraphQL/listar-playlists-usuario,356.900000,0.000000,48,63,66,67,73,82,91,96,120,120,120,26498,0,42,47.07372642595701,1.5274540000973502,137.35966400008692,739.0
1780245586,250,POST,GraphQL/listar-usuarios,355.900000,0.000000,46,63,66,67,73,81,89,96,110,120,120,26585,0,43,47.91029260093967,2.1101769998495,263.97071400015193,22017.0
1780245586,250,,Aggregated,1781.800000,0.000000,47,63,66,67,72,81,90,96,120,120,130,132462,0,42,47.40141789893732,1.5274540000973502,263.97071400015193,14940.138854916882
1780245587,250,POST,GraphQL/listar-musicas,356.200000,0.000000,50,64,67,68,73,82,91,96,120,130,130,26914,0,44,48.737440561864496,2.7383259998714493,139.40415899969594,50908.0
1780245587,250,POST,GraphQL/listar-musicas-playlist,354.100000,0.000000,45,62,65,67,72,79,90,100,120,120,120,26804,0,42,46.629870022646834,1.5754630003357306,134.81014899980437,327.0
1780245587,250,POST,GraphQL/listar-playlists-musica,356.500000,0.000000,47,62,66,67,72,82,90,96,120,120,120,26763,0,42,46.8312645693676,1.7797870000322291,133.22767599993313,538.0
1780245587,250,POST,GraphQL/listar-playlists-usuario,354.300000,0.000000,48,63,66,67,73,82,91,97,120,120,120,26854,0,42,47.12936738761495,1.5274540000973502,137.35966400008692,739.0
1780245587,250,POST,GraphQL/listar-usuarios,356.600000,0.000000,46,63,66,68,73,83,91,97,110,120,120,26963,0,43,47.957883077290546,2.1101769998495,263.97071400015193,22017.0
1780245587,250,,Aggregated,1777.700000,0.000000,47,63,66,67,73,82,91,97,120,120,130,134298,0,42,47.45887562196776,1.5274540000973502,263.97071400015193,14942.819632459157
1780245588,250,POST,GraphQL/listar-musicas,355.600000,0.000000,48,64,66,68,73,80,89,93,120,130,130,27285,0,44,48.78505182833145,2.7383259998714493,139.40415899969594,50908.0
1780245588,250,POST,GraphQL/listar-musicas-playlist,356.100000,0.000000,44,62,65,67,72,77,87,92,120,120,120,27186,0,42,46.66697298583949,1.5754630003357306,134.81014899980437,327.0
1780245588,250,POST,GraphQL/listar-playlists-musica,354.900000,0.000000,46,62,65,67,72,80,88,91,120,120,120,27119,0,42,46.881405320217794,1.7797870000322291,133.22767599993313,538.0
1780245588,250,POST,GraphQL/listar-playlists-usuario,356.400000,0.000000,47,63,66,67,72,79,88,94,120,120,120,27236,0,42,47.173829330849316,1.5274540000973502,137.35966400008692,739.0
1780245588,250,POST,GraphQL/listar-usuarios,354.200000,0.000000,46,63,66,67,72,80,88,92,110,120,120,27322,0,43,48.00750468256294,2.1101769998495,263.97071400015193,22017.0
1780245588,250,,Aggregated,1777.200000,0.000000,46,63,66,67,72,79,88,93,120,120,130,136148,0,42,47.50457411199603,1.5274540000973502,263.97071400015193,14940.950304080854
1780245589,250,POST,GraphQL/listar-musicas,354.400000,0.000000,50,64,67,68,74,82,90,95,120,130,130,27613,0,44,48.88061682004959,2.7383259998714493,139.40415899969594,50908.0
1780245589,250,POST,GraphQL/listar-musicas-playlist,354.400000,0.000000,46,62,65,67,73,79,89,98,120,120,120,27520,0,42,46.798624566062195,1.5754630003357306,134.81014899980437,327.0
1780245589,250,POST,GraphQL/listar-playlists-musica,355.500000,0.000000,47,62,66,67,73,82,90,96,120,120,120,27477,0,42,47.01027280190674,1.7797870000322291,133.22767599993313,538.0
1780245589,250,POST,GraphQL/listar-playlists-usuario,353.800000,0.000000,47,63,66,68,73,82,91,98,120,120,120,27570,0,42,47.27710513826655,1.5274540000973502,137.35966400008692,739.0
1780245589,250,POST,GraphQL/listar-usuarios,355.900000,0.000000,47,63,66,68,73,82,89,95,120,120,120,27678,0,43,48.102855975142106,2.1101769998495,263.97071400015193,22017.0
1780245589,250,,Aggregated,1774.000000,0.000000,47,63,66,68,73,82,90,96,120,120,130,137858,0,42,47.615376129278125,1.5274540000973502,263.97071400015193,14937.580887579974
1780245590,250,POST,GraphQL/listar-musicas,354.000000,0.000000,51,64,67,69,74,81,89,95,120,130,130,27995,0,44,48.92822761925432,2.7383259998714493,139.40415899969594,50908.0
1780245590,250,POST,GraphQL/listar-musicas-playlist,353.400000,0.000000,46,62,66,67,73,79,90,98,120,120,120,27892,0,42,46.87541341936863,1.5754630003357306,134.81014899980437,327.0
1780245590,250,POST,GraphQL/listar-playlists-musica,353.000000,0.000000,47,62,65,67,73,81,90,96,120,120,120,27829,0,42,47.04690132401406,1.7797870000322291,133.22767599993313,538.0
1780245590,250,POST,GraphQL/listar-playlists-usuario,354.200000,0.000000,47,63,66,68,73,81,90,98,120,120,120,27946,0,42,47.321341264760946,1.5274540000973502,137.35966400008692,739.0
1780245590,250,POST,GraphQL/listar-usuarios,353.300000,0.000000,47,63,66,68,73,81,88,95,120,120,120,28038,0,43,48.1377508864036,2.1101769998495,263.97071400015193,22017.0
1780245590,250,,Aggregated,1767.900000,0.000000,47,63,66,68,73,81,89,96,120,120,130,139700,0,42,47.66350352597008,1.5274540000973502,263.97071400015193,14940.779427344309
1780245591,250,POST,GraphQL/listar-musicas,352.600000,0.000000,51,64,67,69,74,81,89,95,120,130,130,28352,0,44,48.97296835831792,2.7383259998714493,139.40415899969594,50908.0
1780245591,250,POST,GraphQL/listar-musicas-playlist,353.300000,0.000000,46,62,66,67,73,79,90,98,120,120,120,28258,0,42,46.92274751705818,1.5754630003357306,134.81014899980437,327.0
1780245591,250,POST,GraphQL/listar-playlists-musica,353.800000,0.000000,47,62,65,67,73,81,90,96,120,120,120,28212,0,42,47.08788426392994,1.7797870000322291,133.22767599993313,538.0
1780245591,250,POST,GraphQL/listar-playlists-usuario,352.100000,0.000000,47,63,66,68,73,80,91,98,120,120,120,28302,0,42,47.35523125878061,1.5274540000973502,137.35966400008692,739.0
1780245591,250,POST,GraphQL/listar-usuarios,352.100000,0.000000,46,63,66,68,73,80,89,95,120,120,120,28418,0,43,48.162266521359214,2.1101769998495,263.97071400015193,22017.0
1780245591,250,,Aggregated,1763.900000,0.000000,47,63,66,68,73,80,90,96,120,120,130,141542,0,43,47.701678895140795,1.5274540000973502,263.97071400015193,14938.013607268515
1780245592,250,POST,GraphQL/listar-musicas,354.400000,0.000000,52,64,67,69,74,81,92,100,120,130,130,28722,0,44,49.057340421559324,2.7383259998714493,139.40415899969594,50908.0
1780245592,250,POST,GraphQL/listar-musicas-playlist,352.500000,0.000000,46,62,66,68,73,79,91,100,120,120,120,28615,0,42,46.98393835851941,1.5754630003357306,134.81014899980437,327.0
1780245592,250,POST,GraphQL/listar-playlists-musica,353.400000,0.000000,47,62,66,67,73,81,90,99,120,120,120,28565,0,42,47.16675399537842,1.7797870000322291,133.22767599993313,538.0
1780245592,250,POST,GraphQL/listar-playlists-usuario,353.700000,0.000000,47,63,66,68,73,80,91,100,120,120,120,28676,0,42,47.42616441191265,1.5274540000973502,137.35966400008692,739.0
1780245592,250,POST,GraphQL/listar-usuarios,353.900000,0.000000,46,63,66,68,73,80,89,97,120,120,120,28764,0,43,48.21907756379451,2.1101769998495,263.97071400015193,22017.0
1780245592,250,,Aggregated,1767.900000,0.000000,47,63,66,68,73,80,90,100,120,120,130,143342,0,43,47.77214559107581,1.5274540000973502,263.97071400015193,14939.049287717487
1780245593,250,POST,GraphQL/listar-musicas,352.400000,0.000000,50,64,67,69,73,81,89,95,110,110,110,29084,0,44,49.08368332471541,2.7383259998714493,139.40415899969594,50908.0
1780245593,250,POST,GraphQL/listar-musicas-playlist,353.300000,0.000000,45,62,65,67,72,77,88,93,120,120,120,28984,0,42,47.024800666161966,1.5754630003357306,134.81014899980437,327.0
1780245593,250,POST,GraphQL/listar-playlists-musica,354.300000,0.000000,47,62,65,67,72,78,88,93,120,120,120,28940,0,42,47.21187902733193,1.7797870000322291,133.22767599993313,538.0
1780245593,250,POST,GraphQL/listar-playlists-usuario,353.300000,0.000000,46,63,66,68,72,78,89,96,110,120,120,29035,0,42,47.47243224101985,1.5274540000973502,137.35966400008692,739.0
1780245593,250,POST,GraphQL/listar-usuarios,353.200000,0.000000,46,63,66,68,72,79,87,92,110,120,120,29137,0,43,48.24838838717072,2.1101769998495,263.97071400015193,22017.0
1780245593,250,,Aggregated,1766.500000,0.000000,47,63,66,68,73,78,88,94,110,120,120,145180,0,43,47.80964189234064,1.5274540000973502,263.97071400015193,14937.470409147265
1780245594,250,POST,GraphQL/listar-musicas,352.200000,0.000000,52,64,67,69,75,84,91,97,110,110,110,29435,0,44,49.18504683574057,2.7383259998714493,139.40415899969594,50908.0
1780245594,250,POST,GraphQL/listar-musicas-playlist,351.200000,0.000000,46,62,66,68,73,79,90,96,120,120,120,29319,0,42,47.11138170971187,1.5754630003357306,134.81014899980437,327.0
1780245594,250,POST,GraphQL/listar-playlists-musica,351.500000,0.000000,47,62,66,67,73,80,90,95,120,120,120,29270,0,42,47.292090281995044,1.7797870000322291,133.22767599993313,538.0
1780245594,250,POST,GraphQL/listar-playlists-usuario,351.400000,0.000000,46,63,66,68,74,82,91,98,110,120,120,29374,0,42,47.55796894913912,1.5274540000973502,137.35966400008692,739.0
1780245594,250,POST,GraphQL/listar-usuarios,352.600000,0.000000,46,63,66,68,73,80,88,94,110,120,120,29480,0,43,48.31651455586824,2.1101769998495,263.97071400015193,22017.0
1780245594,250,,Aggregated,1758.900000,0.000000,47,63,66,68,74,81,90,96,110,120,120,146878,0,43,47.894160905854,1.5274540000973502,263.97071400015193,14941.516762210815
1780245595,250,POST,GraphQL/listar-musicas,350.800000,0.000000,52,64,67,69,76,84,93,100,110,110,110,29780,0,44,49.23189700920138,2.7383259998714493,139.40415899969594,50908.0
1780245595,250,POST,GraphQL/listar-musicas-playlist,352.500000,0.000000,46,62,66,68,73,81,92,98,120,120,120,29693,0,42,47.15450398902245,1.5754630003357306,134.81014899980437,327.0
1780245595,250,POST,GraphQL/listar-playlists-musica,351.200000,0.000000,46,62,66,68,74,81,90,98,120,120,120,29644,0,42,47.340814764977765,1.7797870000322291,133.22767599993313,538.0
1780245595,250,POST,GraphQL/listar-playlists-usuario,352.100000,0.000000,46,63,66,68,74,84,93,100,110,120,120,29733,0,42,47.621435510746124,1.5274540000973502,137.35966400008692,739.0
1780245595,250,POST,GraphQL/listar-usuarios,350.900000,0.000000,47,63,66,68,74,81,89,96,110,120,120,29830,0,43,48.35605565685527,2.1101769998495,263.97071400015193,22017.0
1780245595,250,,Aggregated,1757.500000,0.000000,47,63,66,68,74,82,91,98,110,120,120,148680,0,43,47.94219111553692,1.5274540000973502,263.97071400015193,14934.343018563357
1780245596,250,POST,GraphQL/listar-musicas,353.700000,0.000000,51,64,67,69,75,83,93,100,110,110,110,30160,0,44,49.26215791140643,2.7383259998714493,139.40415899969594,50908.0
1780245596,250,POST,GraphQL/listar-musicas-playlist,353.400000,0.000000,46,62,66,68,73,78,91,98,120,120,120,30051,0,42,47.17952356277796,1.5754630003357306,134.81014899980437,327.0
1780245596,250,POST,GraphQL/listar-playlists-musica,355.400000,0.000000,46,62,66,68,73,79,90,98,120,120,120,30002,0,42,47.36736884261064,1.7797870000322291,133.22767599993313,538.0
1780245596,250,POST,GraphQL/listar-playlists-usuario,353.200000,0.000000,45,63,66,68,73,81,92,100,110,120,120,30099,0,42,47.62938383813435,1.5274540000973502,137.35966400008692,739.0
1780245596,250,POST,GraphQL/listar-usuarios,355.000000,0.000000,46,63,66,68,73,79,87,94,110,120,120,30212,0,43,48.37503069690819,2.1101769998495,263.97071400015193,22017.0
1780245596,250,,Aggregated,1770.700000,0.000000,47,63,66,68,73,80,91,98,110,120,120,150524,0,43,47.96416250410592,1.5274540000973502,263.97071400015193,14939.636190906434
1780245597,250,POST,GraphQL/listar-musicas,351.600000,0.000000,52,64,67,69,75,83,93,100,110,110,110,30521,0,44,49.2985169381742,2.7383259998714493,139.40415899969594,50908.0
1780245597,250,POST,GraphQL/listar-musicas-playlist,351.400000,0.000000,46,63,66,68,73,80,92,98,120,120,120,30431,0,42,47.23759879129983,1.5754630003357306,134.81014899980437,327.0
1780245597,250,POST,GraphQL/listar-playlists-musica,350.500000,0.000000,46,62,65,67,73,79,90,98,120,120,120,30375,0,42,47.40230533972032,1.7797870000322291,133.22767599993313,538.0
1780245597,250,POST,GraphQL/listar-playlists-usuario,353.300000,0.000000,46,63,66,68,74,83,92,100,110,120,120,30482,0,42,47.6844416400172,1.5274540000973502,137.35966400008692,739.0
1780245597,250,POST,GraphQL/listar-usuarios,350.500000,0.000000,46,62,66,68,73,79,87,94,110,120,120,30567,0,43,48.39039873023151,2.1101769998495,263.97071400015193,22017.0
1780245597,250,,Aggregated,1757.300000,0.000000,47,63,66,68,74,81,91,98,110,120,120,152376,0,43,48.00387788785646,1.5274540000973502,263.97071400015193,14933.950175880716
1780245598,250,POST,GraphQL/listar-musicas,350.600000,0.000000,50,64,67,69,74,80,91,99,110,110,110,30899,0,44,49.321390398459855,2.7383259998714493,139.40415899969594,50908.0
1780245598,250,POST,GraphQL/listar-musicas-playlist,351.900000,0.000000,45,62,66,67,72,77,90,97,120,120,120,30789,0,42,47.26087320910197,1.5754630003357306,134.81014899980437,327.0
1780245598,250,POST,GraphQL/listar-playlists-musica,351.900000,0.000000,45,62,65,67,72,77,88,95,120,120,120,30745,0,42,47.436341965002754,1.7797870000322291,133.22767599993313,538.0
1780245598,250,POST,GraphQL/listar-playlists-usuario,350.900000,0.000000,46,63,66,68,73,79,91,98,110,120,120,30835,0,43,47.721751666807585,1.5274540000973502,137.35966400008692,739.0
1780245598,250,POST,GraphQL/listar-usuarios,351.200000,0.000000,45,62,66,68,72,78,86,92,110,120,120,30952,0,43,48.41099607072192,2.1101769998495,263.97071400015193,22017.0
1780245598,250,,Aggregated,1756.500000,0.000000,46,63,66,68,73,78,90,97,110,120,120,154220,0,43,48.031671403825904,1.5274540000973502,263.97071400015193,14938.86884969524
1780245599,250,POST,GraphQL/listar-musicas,352.800000,0.000000,51,64,67,69,75,84,94,100,110,120,120,31245,0,44,49.41896579836791,2.7383259998714493,139.40415899969594,50908.0
1780245599,250,POST,GraphQL/listar-musicas-playlist,351.800000,0.000000,45,62,66,67,73,80,90,98,120,120,120,31146,0,42,47.36977827852825,1.5754630003357306,134.81014899980437,327.0
1780245599,250,POST,GraphQL/listar-playlists-musica,351.700000,0.000000,46,62,65,67,73,78,89,95,110,120,120,31084,0,42,47.522293953931566,1.7797870000322291,133.22767599993313,538.0
1780245599,250,POST,GraphQL/listar-playlists-usuario,352.600000,0.000000,46,63,66,68,74,83,92,98,110,120,120,31201,0,43,47.8118829662834,1.5274540000973502,137.35966400008692,739.0
1780245599,250,POST,GraphQL/listar-usuarios,352.800000,0.000000,45,62,66,68,73,79,89,97,110,120,120,31290,0,43,48.49562375679086,2.1101769998495,263.97071400015193,22017.0
1780245599,250,,Aggregated,1761.700000,0.000000,46,63,66,68,73,80,91,98,110,120,120,155966,0,43,48.125003614108365,1.5274540000973502,263.97071400015193,14935.933876614134
1780245600,250,POST,GraphQL/listar-musicas,351.600000,0.000000,52,65,67,69,75,84,95,100,110,120,120,31594,0,45,49.463742854466126,2.7383259998714493,139.40415899969594,50908.0
1780245600,250,POST,GraphQL/listar-musicas-playlist,352.500000,0.000000,46,63,66,68,73,81,92,100,120,120,120,31500,0,42,47.43199320311248,1.5754630003357306,134.81014899980437,327.0
1780245600,250,POST,GraphQL/listar-playlists-musica,352.100000,0.000000,46,62,66,68,73,80,91,97,110,120,120,31462,0,43,47.58719314875126,1.7797870000322291,133.22767599993313,538.0
1780245600,250,POST,GraphQL/listar-playlists-usuario,351.900000,0.000000,46,63,66,68,74,83,93,100,110,120,120,31547,0,43,47.8565860339179,1.5274540000973502,137.35966400008692,739.0
1780245600,250,POST,GraphQL/listar-usuarios,351.300000,0.000000,46,63,66,68,73,80,90,99,110,120,120,31656,0,43,48.53406328073632,2.1101769998495,263.97071400015193,22017.0
1780245600,250,,Aggregated,1759.400000,0.000000,47,63,66,68,74,81,92,100,110,120,120,157759,0,43,48.17588584686151,1.5274540000973502,263.97071400015193,14933.523875024563
1780245601,250,POST,GraphQL/listar-musicas,355.000000,0.000000,51,64,67,69,74,82,91,99,110,120,120,31977,0,45,49.49733548694371,2.7383259998714493,139.40415899969594,50908.0
1780245601,250,POST,GraphQL/listar-musicas-playlist,353.800000,0.000000,45,63,66,67,73,80,90,97,120,120,120,31874,0,42,47.458507378397506,1.5754630003357306,134.81014899980437,327.0
1780245601,250,POST,GraphQL/listar-playlists-musica,354.700000,0.000000,45,62,65,67,73,79,89,94,110,120,120,31817,0,43,47.61418424257506,1.7797870000322291,133.22767599993313,538.0
1780245601,250,POST,GraphQL/listar-playlists-usuario,354.000000,0.000000,45,63,66,67,73,81,91,97,110,120,120,31927,0,43,47.86208654727995,1.5274540000973502,137.35966400008692,739.0
1780245601,250,POST,GraphQL/listar-usuarios,356.000000,0.000000,45,62,66,67,73,79,89,96,110,120,120,32026,0,43,48.54243762071388,2.1101769998495,263.97071400015193,22017.0
1780245601,250,,Aggregated,1773.500000,0.000000,46,63,66,68,73,80,90,96,110,120,120,159621,0,43,48.19617848232369,1.5274540000973502,263.97071400015193,14936.229913357265
1780245602,250,POST,GraphQL/listar-musicas,352.500000,0.000000,50,64,67,69,74,82,91,99,110,120,120,32339,0,45,49.51345392937317,2.7383259998714493,139.40415899969594,50908.0
1780245602,250,POST,GraphQL/listar-musicas-playlist,351.800000,0.000000,45,62,65,67,72,80,90,97,120,120,120,32248,0,42,47.48107935816308,1.5754630003357306,134.81014899980437,327.0
1780245602,250,POST,GraphQL/listar-playlists-musica,351.700000,0.000000,45,62,65,67,73,80,89,94,110,120,120,32201,0,43,47.64366349594766,1.7797870000322291,133.22767599993313,538.0
1780245602,250,POST,GraphQL/listar-playlists-usuario,353.000000,0.000000,45,62,65,67,73,80,91,97,110,120,120,32291,0,43,47.88067068214084,1.5274540000973502,137.35966400008692,739.0
1780245602,250,POST,GraphQL/listar-usuarios,351.700000,0.000000,45,62,65,67,72,79,89,96,110,120,120,32397,0,43,48.57167847862408,2.1101769998495,263.97071400015193,22017.0
1780245602,250,,Aggregated,1760.700000,0.000000,46,63,66,67,73,80,90,96,110,120,120,161476,0,43,48.21924277704417,1.5274540000973502,263.97071400015193,14933.06029378979
1780245603,250,POST,GraphQL/listar-musicas,351.600000,0.000000,51,64,67,69,74,82,91,99,110,120,120,32716,0,45,49.56508525021389,2.7383259998714493,139.40415899969594,50908.0
1780245603,250,POST,GraphQL/listar-musicas-playlist,352.400000,0.000000,45,63,66,67,73,81,90,97,120,120,120,32610,0,42,47.53843676185342,1.5754630003357306,134.81014899980437,327.0
1780245603,250,POST,GraphQL/listar-playlists-musica,351.000000,0.000000,45,62,65,67,73,80,89,94,110,120,120,32557,0,43,47.69105267073159,1.7797870000322291,133.22767599993313,538.0
1780245603,250,POST,GraphQL/listar-playlists-usuario,351.500000,0.000000,45,63,65,67,72,79,90,97,110,120,120,32662,0,43,47.90703349430574,1.5274540000973502,137.35966400008692,739.0
1780245603,250,POST,GraphQL/listar-usuarios,352.200000,0.000000,45,62,66,67,73,79,89,94,110,120,120,32765,0,43,48.60550228093972,2.1101769998495,263.97071400015193,22017.0
1780245603,250,,Aggregated,1758.700000,0.000000,46,63,66,68,73,81,90,96,110,120,120,163310,0,43,48.26266709862831,1.5274540000973502,263.97071400015193,14936.069358888004
1780245604,250,POST,GraphQL/listar-musicas,353.900000,0.000000,51,64,67,69,74,81,88,92,110,120,120,33055,0,45,49.629749061231074,2.7383259998714493,139.40415899969594,50908.0
1780245604,250,POST,GraphQL/listar-musicas-playlist,353.500000,0.000000,46,63,66,67,73,81,88,92,120,120,120,32965,0,42,47.610749605855865,1.5754630003357306,134.81014899980437,327.0
1780245604,250,POST,GraphQL/listar-playlists-musica,354.000000,0.000000,46,62,65,67,73,80,87,91,110,120,120,32909,0,43,47.7756056014161,1.7797870000322291,133.22767599993313,538.0
1780245604,250,POST,GraphQL/listar-playlists-usuario,354.300000,0.000000,45,62,65,67,73,79,88,91,110,120,120,33012,0,43,47.98663109835864,1.5274540000973502,137.35966400008692,739.0
1780245604,250,POST,GraphQL/listar-usuarios,353.600000,0.000000,45,62,66,67,73,80,87,92,110,120,120,33104,0,43,48.661620424329215,2.1101769998495,263.97071400015193,22017.0
1780245604,250,,Aggregated,1769.300000,0.000000,46,63,66,67,73,81,87,92,110,120,120,165045,0,43,48.33394570607404,1.5274540000973502,263.97071400015193,14932.261946741797
1780245605,250,POST,GraphQL/listar-musicas,354.400000,0.000000,51,64,67,69,75,82,88,94,110,120,120,33396,0,45,49.67233843166817,2.7383259998714493,139.40415899969594,50908.0
1780245605,250,POST,GraphQL/listar-musicas-playlist,354.400000,0.000000,46,63,66,68,75,81,88,92,120,120,120,33293,0,42,47.65525700573824,1.5754630003357306,134.81014899980437,327.0
1780245605,250,POST,GraphQL/listar-playlists-musica,355.000000,0.000000,47,63,66,68,74,81,88,92,110,120,120,33250,0,43,47.83798093840614,1.7797870000322291,133.22767599993313,538.0
1780245605,250,POST,GraphQL/listar-playlists-usuario,353.800000,0.000000,46,63,66,68,74,82,88,92,110,120,120,33343,0,43,48.063537318357966,1.5274540000973502,137.35966400008692,739.0
1780245605,250,POST,GraphQL/listar-usuarios,354.400000,0.000000,46,63,66,68,74,81,87,92,110,120,120,33456,0,43,48.72504713578992,2.1101769998495,263.97071400015193,22017.0
1780245605,250,,Aggregated,1772.000000,0.000000,47,63,66,68,74,82,88,92,110,120,120,166738,0,43,48.391994948595844,1.5274540000973502,263.97071400015193,14934.448703954708
1780245606,250,POST,GraphQL/listar-musicas,353.400000,0.000000,51,64,67,69,75,83,89,100,110,120,120,33777,0,45,49.68869680942616,2.7383259998714493,139.40415899969594,50908.0
1780245606,250,POST,GraphQL/listar-musicas-playlist,353.800000,0.000000,46,63,66,67,74,81,88,93,120,120,120,33683,0,42,47.68769420437735,1.5754630003357306,134.81014899980437,327.0
1780245606,250,POST,GraphQL/listar-playlists-musica,352.900000,0.000000,47,63,66,67,74,81,88,92,110,120,120,33629,0,43,47.846346112016505,1.7797870000322291,133.22767599993313,538.0
1780245606,250,POST,GraphQL/listar-playlists-usuario,353.100000,0.000000,46,63,66,68,74,82,89,94,110,120,120,33733,0,43,48.079099280882545,1.5274540000973502,137.35966400008692,739.0
1780245606,250,POST,GraphQL/listar-usuarios,353.300000,0.000000,46,63,66,68,74,81,87,94,110,120,120,33825,0,43,48.730255988558305,2.1101769998495,263.97071400015193,22017.0
1780245606,250,,Aggregated,1766.500000,0.000000,47,63,66,68,74,81,88,94,110,120,120,168647,0,43,48.40748815142859,1.5274540000973502,263.97071400015193,14932.254774766228
1780245607,250,POST,GraphQL/listar-musicas,352.100000,0.000000,50,64,67,68,75,83,89,100,110,120,120,34157,0,45,49.702578243317184,2.7383259998714493,139.40415899969594,50908.0
1780245607,250,POST,GraphQL/listar-musicas-playlist,352.600000,0.000000,46,63,66,67,73,81,88,93,120,120,120,34056,0,42,47.723946767325906,1.5754630003357306,134.81014899980437,327.0
1780245607,250,POST,GraphQL/listar-playlists-musica,353.000000,0.000000,45,62,65,67,74,81,88,92,110,120,120,34005,0,43,47.84649880658724,1.7797870000322291,133.22767599993313,538.0
1780245607,250,POST,GraphQL/listar-playlists-usuario,351.500000,0.000000,45,63,66,67,73,82,89,94,110,120,120,34104,0,43,48.09749830764743,1.5274540000973502,137.35966400008692,739.0
1780245607,250,POST,GraphQL/listar-usuarios,352.800000,0.000000,46,63,66,68,74,81,88,93,110,120,120,34214,0,43,48.75394809908193,2.1101769998495,263.97071400015193,22017.0
1780245607,250,,Aggregated,1762.000000,0.000000,46,63,66,68,74,82,88,93,110,120,120,170536,0,43,48.42603644174222,1.5274540000973502,263.97071400015193,14934.020101327578
1780245608,250,POST,GraphQL/listar-musicas,353.500000,0.000000,50,64,67,68,74,83,89,98,110,120,120,34528,0,45,49.72621991676279,2.7383259998714493,139.40415899969594,50908.0
1780245608,250,POST,GraphQL/listar-musicas-playlist,352.900000,0.000000,46,63,66,67,73,81,88,95,120,120,120,34431,0,42,47.75735377755652,1.5754630003357306,134.81014899980437,327.0
1780245608,250,POST,GraphQL/listar-playlists-musica,353.400000,0.000000,45,62,65,67,73,80,88,91,110,120,120,34371,0,43,47.869773743650136,1.7797870000322291,133.22767599993313,538.0
1780245608,250,POST,GraphQL/listar-playlists-usuario,353.600000,0.000000,45,63,66,68,73,81,88,94,110,120,120,34481,0,43,48.1259396192108,1.5274540000973502,137.35966400008692,739.0
1780245608,250,POST,GraphQL/listar-usuarios,354.000000,0.000000,46,63,66,68,73,81,87,93,110,120,120,34569,0,43,48.76676659585131,2.1101769998495,263.97071400015193,22017.0
1780245608,250,,Aggregated,1767.400000,0.000000,46,63,66,68,73,81,88,94,110,120,120,172380,0,43,48.45029145495959,1.5274540000973502,263.97071400015193,14932.643525931082
1780245609,250,POST,GraphQL/listar-musicas,353.500000,0.000000,49,64,67,68,74,81,88,92,110,110,110,34878,0,45,49.77526524780621,2.7383259998714493,139.40415899969594,50908.0
1780245609,250,POST,GraphQL/listar-musicas-playlist,352.800000,0.000000,45,63,66,67,72,80,86,90,110,120,120,34768,0,43,47.81329797221737,1.5754630003357306,134.81014899980437,327.0
1780245609,250,POST,GraphQL/listar-playlists-musica,352.900000,0.000000,45,62,65,67,73,80,86,90,110,110,110,34728,0,43,47.93092472123359,1.7797870000322291,133.22767599993313,538.0
1780245609,250,POST,GraphQL/listar-playlists-usuario,353.900000,0.000000,45,62,65,67,73,80,88,92,110,110,110,34822,0,43,48.19625734667772,1.5274540000973502,137.35966400008692,739.0
1780245609,250,POST,GraphQL/listar-usuarios,352.100000,0.000000,45,63,66,68,73,80,87,90,110,120,120,34929,0,43,48.82452577248084,2.1101769998495,263.97071400015193,22017.0
1780245609,250,,Aggregated,1765.200000,0.000000,46,63,66,67,73,80,87,91,110,120,120,174125,0,43,48.50918324745412,1.5274540000973502,263.97071400015193,14934.025987078248
1780245610,250,POST,GraphQL/listar-musicas,354.300000,0.000000,49,64,67,68,74,82,87,91,110,110,110,35238,0,45,49.81137641767358,2.7383259998714493,139.40415899969594,50908.0
1780245610,250,POST,GraphQL/listar-musicas-playlist,354.200000,0.000000,46,63,66,67,73,80,86,90,110,120,120,35137,0,43,47.87703675533042,1.5754630003357306,134.81014899980437,327.0
1780245610,250,POST,GraphQL/listar-playlists-musica,355.000000,0.000000,45,62,65,67,73,79,85,89,110,110,110,35086,0,43,47.93959547261022,1.7797870000322291,133.22767599993313,538.0
1780245610,250,POST,GraphQL/listar-playlists-usuario,352.900000,0.000000,46,63,66,68,73,80,88,92,110,110,110,35193,0,43,48.222674006081085,1.5274540000973502,137.35966400008692,739.0
1780245610,250,POST,GraphQL/listar-usuarios,354.200000,0.000000,46,63,66,68,74,81,87,90,110,120,120,35284,0,43,48.87344072880025,2.1101769998495,263.97071400015193,22017.0
1780245610,250,,Aggregated,1770.600000,0.000000,46,63,66,68,73,80,87,90,110,120,120,175938,0,43,48.54589922814245,1.5274540000973502,263.97071400015193,14932.064852391184
1780245611,250,POST,GraphQL/listar-musicas,355.500000,0.000000,49,64,67,68,74,82,88,92,110,110,110,35603,0,45,49.83163845484882,2.7383259998714493,139.40415899969594,50908.0
1780245611,250,POST,GraphQL/listar-musicas-playlist,355.100000,0.000000,47,63,66,68,73,80,86,90,110,120,120,35496,0,43,47.9099418353066,1.5754630003357306,134.81014899980437,327.0
1780245611,250,POST,GraphQL/listar-playlists-musica,353.800000,0.000000,45,62,65,67,72,79,86,89,110,110,110,35463,0,43,47.96776177559721,1.7797870000322291,133.22767599993313,538.0
1780245611,250,POST,GraphQL/listar-playlists-usuario,355.400000,0.000000,47,63,66,68,73,81,88,92,110,110,110,35550,0,43,48.267704626779484,1.5274540000973502,137.35966400008692,739.0
1780245611,250,POST,GraphQL/listar-usuarios,355.000000,0.000000,46,63,66,68,74,81,87,91,110,120,120,35660,0,43,48.89273511144113,2.1101769998495,263.97071400015193,22017.0
1780245611,250,,Aggregated,1774.800000,0.000000,47,63,66,68,73,80,87,91,110,120,120,177772,0,43,48.57502693730136,1.5274540000973502,263.97071400015193,14932.393627792902
1780245612,250,POST,GraphQL/listar-musicas,353.300000,0.000000,49,64,67,68,75,82,88,91,110,110,110,35976,0,45,49.856939682232095,2.7383259998714493,139.40415899969594,50908.0
1780245612,250,POST,GraphQL/listar-musicas-playlist,356.000000,0.000000,47,63,66,67,73,80,86,90,110,120,120,35877,0,43,47.925098954428876,1.5754630003357306,134.81014899980437,327.0
1780245612,250,POST,GraphQL/listar-playlists-musica,354.200000,0.000000,45,62,65,67,73,79,86,89,110,110,110,35822,0,43,47.98424436050478,1.7797870000322291,133.22767599993313,538.0
1780245612,250,POST,GraphQL/listar-playlists-usuario,354.500000,0.000000,47,63,66,68,74,80,88,92,110,110,110,35928,0,43,48.288879906173875,1.5274540000973502,137.35966400008692,739.0
1780245612,250,POST,GraphQL/listar-usuarios,354.200000,0.000000,46,63,66,68,74,81,87,91,110,120,120,36025,0,43,48.90946008682849,2.1101769998495,263.97071400015193,22017.0
1780245612,250,,Aggregated,1772.200000,0.000000,46,63,66,68,74,81,87,91,110,120,120,179628,0,43,48.59398209396623,1.5274540000973502,263.97071400015193,14931.878326318836
1780245613,250,POST,GraphQL/listar-musicas,355.400000,0.000000,49,64,66,68,74,81,89,92,110,110,110,36345,0,45,49.8884237545462,2.7383259998714493,139.40415899969594,50908.0
1780245613,250,POST,GraphQL/listar-musicas-playlist,353.100000,0.000000,46,63,66,67,73,80,87,91,110,120,120,36236,0,43,47.952845724639815,1.5754630003357306,134.81014899980437,327.0
1780245613,250,POST,GraphQL/listar-playlists-musica,355.000000,0.000000,44,62,65,66,72,79,87,92,110,110,110,36193,0,43,48.00730241828545,1.7797870000322291,133.22767599993313,538.0
1780245613,250,POST,GraphQL/listar-playlists-usuario,354.200000,0.000000,47,63,66,68,73,80,89,94,110,110,110,36286,0,43,48.31706404971655,1.5274540000973502,137.35966400008692,739.0
1780245613,250,POST,GraphQL/listar-usuarios,355.200000,0.000000,46,63,66,68,73,80,87,91,110,120,120,36395,0,43,48.92830183679097,2.1101769998495,263.97071400015193,22017.0
1780245613,250,,Aggregated,1772.900000,0.000000,46,63,66,67,73,80,88,92,110,120,120,181455,0,43,48.619883204761464,1.5274540000973502,263.97071400015193,14933.158827257446
1780245614,250,POST,GraphQL/listar-musicas,354.300000,0.000000,49,64,66,68,73,81,89,93,110,120,120,36694,0,45,49.9486558731122,2.7383259998714493,139.40415899969594,50908.0
1780245614,250,POST,GraphQL/listar-musicas-playlist,356.000000,0.000000,46,63,66,67,72,80,87,92,110,120,120,36603,0,43,48.0194708758312,1.5754630003357306,134.81014899980437,327.0
1780245614,250,POST,GraphQL/listar-playlists-musica,354.900000,0.000000,44,61,64,66,71,78,85,92,100,110,110,36540,0,43,48.051554323809675,1.7797870000322291,133.22767599993313,538.0
1780245614,250,POST,GraphQL/listar-playlists-usuario,355.200000,0.000000,46,62,65,67,71,79,88,94,120,120,120,36644,0,43,48.35048167716451,1.5274540000973502,137.35966400008692,739.0
1780245614,250,POST,GraphQL/listar-usuarios,353.900000,0.000000,45,63,66,67,72,79,87,92,110,120,120,36740,0,43,48.966214667637615,2.1101769998495,263.97071400015193,22017.0
1780245614,250,,Aggregated,1774.300000,0.000000,45,62,65,67,71,79,88,93,110,120,120,183221,0,43,48.668276254004724,1.5274540000973502,263.97071400015193,14930.768574562959
1780245615,250,POST,GraphQL/listar-musicas,355.600000,0.000000,50,64,66,68,74,82,89,92,110,120,120,37048,0,45,49.966273321285215,2.7383259998714493,139.40415899969594,50908.0
1780245615,250,POST,GraphQL/listar-musicas-playlist,353.700000,0.000000,46,63,66,67,72,80,87,91,100,120,120,36952,0,43,48.06199507550492,1.5754630003357306,134.81014899980437,327.0
1780245615,250,POST,GraphQL/listar-playlists-musica,355.600000,0.000000,44,61,64,66,71,79,87,92,100,110,110,36901,0,43,48.067814823284046,1.7797870000322291,133.22767599993313,538.0
1780245615,250,POST,GraphQL/listar-playlists-usuario,354.600000,0.000000,46,62,65,67,72,79,87,93,120,120,120,36999,0,43,48.38311304689367,1.5274540000973502,137.35966400008692,739.0
1780245615,250,POST,GraphQL/listar-usuarios,355.900000,0.000000,46,63,66,68,73,80,87,92,110,120,120,37111,0,43,49.02532779262222,2.1101769998495,263.97071400015193,22017.0
1780245615,250,,Aggregated,1775.400000,0.000000,46,63,66,67,72,80,88,92,110,120,120,185011,0,43,48.70193399400547,1.5274540000973502,263.97071400015193,14930.954235153586
1780245616,250,POST,GraphQL/listar-musicas,357.200000,0.000000,48,63,66,68,74,81,89,92,110,120,120,37423,0,45,49.97191997448035,2.7383259998714493,139.40415899969594,50908.0
1780245616,250,POST,GraphQL/listar-musicas-playlist,356.500000,0.000000,46,63,66,67,73,80,87,92,100,120,120,37327,0,43,48.09520565430011,1.5754630003357306,134.81014899980437,327.0
1780245616,250,POST,GraphQL/listar-playlists-musica,355.500000,0.000000,44,61,65,66,71,79,88,92,100,110,110,37264,0,43,48.081927479792846,1.7797870000322291,133.22767599993313,538.0
1780245616,250,POST,GraphQL/listar-playlists-usuario,357.100000,0.000000,47,63,65,67,72,79,88,93,120,120,120,37377,0,43,48.41930218629156,1.5274540000973502,137.35966400008692,739.0
1780245616,250,POST,GraphQL/listar-usuarios,354.700000,0.000000,47,63,66,68,73,80,88,93,110,120,120,37463,0,43,49.06846854386989,2.1101769998495,263.97071400015193,22017.0
1780245616,250,,Aggregated,1781.000000,0.000000,46,63,66,67,73,80,88,93,110,120,120,186854,0,43,48.7283876349769,1.5274540000973502,263.97071400015193,14930.526073833045
1780245617,250,POST,GraphQL/listar-musicas,357.300000,0.000000,49,64,67,68,74,80,88,92,110,120,120,37804,0,45,49.983015728652404,2.7383259998714493,139.40415899969594,50908.0
1780245617,250,POST,GraphQL/listar-musicas-playlist,358.600000,0.000000,46,63,66,67,73,80,86,91,100,120,120,37702,0,43,48.11200417609292,1.5754630003357306,134.81014899980437,327.0
1780245617,250,POST,GraphQL/listar-playlists-musica,358.100000,0.000000,44,61,65,67,72,79,87,92,100,110,110,37644,0,43,48.097525660131794,1.7797870000322291,133.22767599993313,538.0
1780245617,250,POST,GraphQL/listar-playlists-usuario,357.400000,0.000000,47,63,65,67,72,79,87,93,120,120,120,37743,0,43,48.42866451543389,1.5274540000973502,137.35966400008692,739.0
1780245617,250,POST,GraphQL/listar-usuarios,358.600000,0.000000,48,63,66,68,73,80,88,93,110,120,120,37856,0,43,49.08258407982872,2.1101769998495,263.97071400015193,22017.0
1780245617,250,,Aggregated,1790.000000,0.000000,46,63,66,67,73,80,87,92,110,120,120,188749,0,43,48.74183890635175,1.5274540000973502,263.97071400015193,14932.395334544819
1780245618,250,POST,GraphQL/listar-musicas,356.700000,0.000000,49,64,66,68,73,80,88,92,110,120,120,38172,0,45,49.99419820538542,2.7383259998714493,139.40415899969594,50908.0
1780245618,250,POST,GraphQL/listar-musicas-playlist,355.500000,0.000000,47,63,66,67,72,79,87,91,100,120,120,38084,0,43,48.139699196041924,1.5754630003357306,134.81014899980437,327.0
1780245618,250,POST,GraphQL/listar-playlists-musica,355.500000,0.000000,44,61,65,66,71,79,88,92,100,110,110,38024,0,43,48.11849792959715,1.7797870000322291,133.22767599993313,538.0
1780245618,250,POST,GraphQL/listar-playlists-usuario,357.300000,0.000000,47,62,65,67,72,79,87,93,120,120,120,38128,0,43,48.43683522998894,1.5274540000973502,137.35966400008692,739.0
1780245618,250,POST,GraphQL/listar-usuarios,356.500000,0.000000,48,63,66,68,73,79,88,93,110,120,120,38213,0,43,49.09622416491757,2.1101769998495,263.97071400015193,22017.0
1780245618,250,,Aggregated,1781.500000,0.000000,46,63,66,67,73,79,87,92,110,120,120,190621,0,43,48.75801863916344,1.5274540000973502,263.97071400015193,14928.485156409839
1780245619,250,POST,GraphQL/listar-musicas,355.700000,0.000000,48,63,66,68,73,80,89,94,110,120,120,38518,0,45,50.04104759476003,2.7383259998714493,139.40415899969594,50908.0
1780245619,250,POST,GraphQL/listar-musicas-playlist,357.800000,0.000000,45,63,65,67,72,79,88,94,120,120,120,38412,0,43,48.19279582341613,1.5754630003357306,134.81014899980437,327.0
1780245619,250,POST,GraphQL/listar-playlists-musica,358.400000,0.000000,44,61,65,66,71,78,89,93,100,110,110,38372,0,43,48.1710389443605,1.7797870000322291,133.22767599993313,538.0
1780245619,250,POST,GraphQL/listar-playlists-usuario,356.900000,0.000000,45,62,65,67,71,78,86,94,120,120,120,38459,0,43,48.483455989989814,1.5274540000973502,137.35966400008692,739.0
1780245619,250,POST,GraphQL/listar-usuarios,357.700000,0.000000,47,63,66,67,72,78,87,94,120,120,120,38577,0,44,49.153105271068064,2.1101769998495,263.97071400015193,22017.0
1780245619,250,,Aggregated,1786.500000,0.000000,45,63,65,67,72,79,88,94,120,120,120,192338,0,43,48.809317070771144,1.5274540000973502,263.97071400015193,14931.267944971873
1780245620,250,POST,GraphQL/listar-musicas,356.700000,0.000000,49,63,66,68,74,82,90,95,110,120,120,38872,0,45,50.086820407542035,2.7383259998714493,139.40415899969594,50908.0
1780245620,250,POST,GraphQL/listar-musicas-playlist,355.700000,0.000000,46,63,66,67,73,82,89,94,120,120,120,38766,0,43,48.24606865454408,1.5754630003357306,134.81014899980437,327.0
1780245620,250,POST,GraphQL/listar-playlists-musica,355.200000,0.000000,44,62,65,67,73,81,90,93,100,110,110,38710,0,43,48.2247250444846,1.7797870000322291,133.22767599993313,538.0
1780245620,250,POST,GraphQL/listar-playlists-usuario,356.900000,0.000000,46,62,65,67,72,79,87,94,120,120,120,38830,0,43,48.52504373396907,1.5274540000973502,137.35966400008692,739.0
1780245620,250,POST,GraphQL/listar-usuarios,356.700000,0.000000,48,63,66,68,74,81,89,95,120,120,120,38922,0,44,49.211965505292554,2.1101769998495,263.97071400015193,22017.0
1780245620,250,,Aggregated,1781.200000,0.000000,46,63,66,68,73,81,89,94,120,120,120,194100,0,43,48.859951861942164,1.5274540000973502,263.97071400015193,14930.65060278207
1780245621,250,POST,GraphQL/listar-musicas,355.400000,0.000000,50,64,66,68,74,82,90,95,110,120,120,39225,0,45,50.11000894982717,2.7383259998714493,139.40415899969594,50908.0
1780245621,250,POST,GraphQL/listar-musicas-playlist,357.000000,0.000000,47,63,66,68,74,83,90,94,120,120,120,39137,0,43,48.301342537753456,1.5754630003357306,134.81014899980437,327.0
1780245621,250,POST,GraphQL/listar-playlists-musica,358.200000,0.000000,45,62,65,67,73,82,90,94,100,110,110,39095,0,43,48.250222625706485,1.7797870000322291,133.22767599993313,538.0
1780245621,250,POST,GraphQL/listar-playlists-usuario,357.200000,0.000000,45,62,65,67,72,79,89,94,120,120,120,39188,0,43,48.53965186347913,1.5274540000973502,137.35966400008692,739.0
1780245621,250,POST,GraphQL/listar-usuarios,356.400000,0.000000,50,63,66,68,74,82,90,95,120,120,120,39288,0,44,49.24519620667879,2.1101769998495,263.97071400015193,22017.0
1780245621,250,,Aggregated,1784.200000,0.000000,47,63,66,68,73,82,90,94,120,120,120,195933,0,43,48.890152977308354,1.5274540000973502,263.97071400015193,14926.842527802872
1780245622,250,POST,GraphQL/listar-musicas,358.500000,0.000000,49,63,66,68,73,81,89,95,110,120,120,39620,0,45,50.11670051809615,2.7383259998714493,139.40415899969594,50908.0
1780245622,250,POST,GraphQL/listar-musicas-playlist,355.800000,0.000000,46,63,66,67,73,82,89,94,120,120,120,39523,0,43,48.304343251045104,1.5754630003357306,134.81014899980437,327.0
1780245622,250,POST,GraphQL/listar-playlists-musica,358.000000,0.000000,44,62,65,67,72,80,90,93,100,110,110,39460,0,43,48.26547956819533,1.7797870000322291,133.22767599993313,538.0
1780245622,250,POST,GraphQL/listar-playlists-usuario,356.700000,0.000000,45,62,65,67,72,79,88,94,120,120,120,39574,0,43,48.56314181235204,1.5274540000973502,137.35966400008692,739.0
1780245622,250,POST,GraphQL/listar-usuarios,358.000000,0.000000,51,64,66,68,74,82,90,95,120,120,120,39667,0,44,49.26535463105337,2.1101769998495,263.97071400015193,22017.0
1780245622,250,,Aggregated,1787.000000,0.000000,47,63,66,68,73,81,89,94,120,120,120,197844,0,43,48.903978148596515,1.5274540000973502,263.97071400015193,14929.55048421989
1780245623,250,POST,GraphQL/listar-musicas,354.600000,0.000000,47,63,66,68,73,81,89,93,110,120,120,39977,0,45,50.12198893416118,2.7383259998714493,139.40415899969594,50908.0
1780245623,250,POST,GraphQL/listar-musicas-playlist,356.600000,0.000000,46,63,66,67,73,82,89,94,120,120,120,39888,0,43,48.30700944053479,1.5754630003357306,134.81014899980437,327.0
1780245623,250,POST,GraphQL/listar-playlists-musica,354.400000,0.000000,44,62,65,67,72,80,89,92,100,110,110,39844,0,43,48.26548490354852,1.7797870000322291,133.22767599993313,538.0
1780245623,250,POST,GraphQL/listar-playlists-usuario,356.300000,0.000000,45,62,65,67,72,78,87,93,120,120,120,39930,0,43,48.57912998883094,1.5274540000973502,137.35966400008692,739.0
1780245623,250,POST,GraphQL/listar-usuarios,354.000000,0.000000,50,64,66,68,74,81,89,94,120,120,120,40037,0,44,49.27742441181899,2.1101769998495,263.97071400015193,22017.0
1780245623,250,,Aggregated,1775.900000,0.000000,46,63,66,67,73,80,89,93,120,120,120,199676,0,43,48.911094104008086,1.5274540000973502,263.97071400015193,14927.33960516036
1780245624,250,POST,GraphQL/listar-musicas,354.100000,0.000000,48,63,66,68,73,80,89,95,110,120,120,40336,0,45,50.18093734638942,2.7383259998714493,139.40415899969594,50908.0
1780245624,250,POST,GraphQL/listar-musicas-playlist,352.700000,0.000000,45,63,65,67,72,80,90,94,110,120,120,40225,0,43,48.344501999976444,1.5754630003357306,134.81014899980437,327.0
1780245624,250,POST,GraphQL/listar-playlists-musica,353.900000,0.000000,44,62,65,67,72,80,90,93,100,110,110,40172,0,43,48.298433751667496,1.7797870000322291,133.22767599993313,538.0
1780245624,250,POST,GraphQL/listar-playlists-usuario,352.100000,0.000000,46,63,66,67,72,78,89,93,110,120,120,40281,0,43,48.63463986112622,1.5274540000973502,137.35966400008692,739.0
1780245624,250,POST,GraphQL/listar-usuarios,355.100000,0.000000,51,64,66,68,74,82,91,95,110,120,120,40379,0,44,49.33473375318851,2.1101769998495,263.97071400015193,22017.0
1780245624,250,,Aggregated,1767.900000,0.000000,46,63,66,68,73,80,89,94,110,120,120,201393,0,43,48.95969425397571,1.5274540000973502,263.97071400015193,14930.922628889783
1780245626,250,POST,GraphQL/listar-musicas,354.300000,0.000000,50,64,67,69,74,83,90,96,110,120,120,40682,0,45,50.215147348974114,2.7383259998714493,139.40415899969594,50908.0
1780245626,250,POST,GraphQL/listar-musicas-playlist,355.400000,0.000000,45,63,65,67,72,83,90,94,110,120,120,40593,0,43,48.38102100704696,1.5754630003357306,134.81014899980437,327.0
1780245626,250,POST,GraphQL/listar-playlists-musica,353.200000,0.000000,45,62,65,67,72,81,90,93,100,110,110,40534,0,43,48.33875972519318,1.7797870000322291,133.22767599993313,538.0
1780245626,250,POST,GraphQL/listar-playlists-usuario,355.800000,0.000000,46,63,66,67,72,81,89,94,110,120,120,40635,0,43,48.679129600320415,1.5274540000973502,137.35966400008692,739.0
1780245626,250,POST,GraphQL/listar-usuarios,354.100000,0.000000,50,63,67,68,74,83,90,96,110,120,120,40731,0,44,49.37274014269236,2.1101769998495,263.97071400015193,22017.0
1780245626,250,,Aggregated,1772.800000,0.000000,47,63,66,68,73,82,90,94,110,120,120,203175,0,44,48.998273443838535,1.5274540000973502,263.97071400015193,14927.644400147656
1780245627,250,POST,GraphQL/listar-musicas,355.300000,0.000000,51,64,67,68,74,84,91,96,110,120,120,41071,0,45,50.22942365720278,2.7383259998714493,139.40415899969594,50908.0
1780245627,250,POST,GraphQL/listar-musicas-playlist,354.100000,0.000000,45,62,65,67,72,83,90,94,110,120,120,40954,0,43,48.37839612526393,1.5754630003357306,134.81014899980437,327.0
1780245627,250,POST,GraphQL/listar-playlists-musica,353.700000,0.000000,45,62,65,67,72,82,90,93,100,110,110,40909,0,43,48.35538113466438,1.7797870000322291,133.22767599993313,538.0
1780245627,250,POST,GraphQL/listar-playlists-usuario,355.300000,0.000000,45,63,66,67,72,82,89,94,110,120,120,41013,0,43,48.67763016094941,1.5274540000973502,137.35966400008692,739.0
1780245627,250,POST,GraphQL/listar-usuarios,353.400000,0.000000,50,63,66,68,74,83,90,96,110,120,120,41119,0,44,49.38678310693366,2.1101769998495,263.97071400015193,22017.0
1780245627,250,,Aggregated,1771.800000,0.000000,46,63,66,68,73,83,90,94,110,120,120,205066,0,44,49.00657622980829,1.5274540000973502,263.97071400015193,14931.139720870355
1780245628,250,POST,GraphQL/listar-musicas,354.100000,0.000000,51,64,67,69,75,85,92,98,120,120,120,41441,0,45,50.25042201988302,2.7383259998714493,139.40415899969594,50908.0
1780245628,250,POST,GraphQL/listar-musicas-playlist,355.300000,0.000000,45,63,65,67,74,84,91,96,120,120,120,41346,0,43,48.4146364704459,1.5754630003357306,134.81014899980437,327.0
1780245628,250,POST,GraphQL/listar-playlists-musica,354.500000,0.000000,45,62,65,67,73,83,90,94,120,120,120,41297,0,43,48.37178294217466,1.7797870000322291,133.22767599993313,538.0
1780245628,250,POST,GraphQL/listar-playlists-usuario,353.200000,0.000000,46,63,66,67,73,84,91,96,120,120,120,41393,0,43,48.71099731568176,1.5274540000973502,137.35966400008692,739.0
1780245628,250,POST,GraphQL/listar-usuarios,353.900000,0.000000,50,64,67,68,75,84,91,98,120,120,120,41497,0,44,49.40294891695801,2.1101769998495,263.97071400015193,22017.0
1780245628,250,,Aggregated,1771.000000,0.000000,46,63,66,68,74,84,91,96,120,120,120,206974,0,44,49.03107299318211,1.5274540000973502,263.97071400015193,14927.697353290752
1780245629,250,POST,GraphQL/listar-musicas,355.300000,0.000000,49,64,66,68,73,82,90,94,120,120,120,41829,0,45,50.25571729027641,2.7383259998714493,139.40415899969594,50908.0
1780245629,250,POST,GraphQL/listar-musicas-playlist,354.000000,0.000000,44,62,65,67,72,80,89,92,110,120,120,41717,0,43,48.409534400821165,1.5754630003357306,134.81014899980437,327.0
1780245629,250,POST,GraphQL/listar-playlists-musica,353.000000,0.000000,44,62,65,66,71,81,89,93,120,120,120,41672,0,43,48.37629801178222,1.7797870000322291,133.22767599993313,538.0
1780245629,250,POST,GraphQL/listar-playlists-usuario,354.800000,0.000000,45,63,65,67,72,80,89,93,120,120,120,41778,0,43,48.72159740231731,1.5274540000973502,137.35966400008692,739.0
1780245629,250,POST,GraphQL/listar-usuarios,354.000000,0.000000,47,63,66,68,72,81,89,93,110,120,120,41874,0,44,49.405667431915134,2.1101769998495,263.97071400015193,22017.0
1780245629,250,,Aggregated,1771.100000,0.000000,45,63,65,67,72,81,89,93,120,120,120,208870,0,44,49.03474816966962,1.5274540000973502,263.97071400015193,14929.40837362953
1780245630,250,POST,GraphQL/listar-musicas,352.700000,0.000000,48,63,66,68,73,82,90,96,120,120,120,42169,0,45,50.28017180978851,2.7383259998714493,139.40415899969594,50908.0
1780245630,250,POST,GraphQL/listar-musicas-playlist,354.200000,0.000000,44,62,65,67,71,79,90,93,110,120,120,42075,0,43,48.45342948632314,1.5754630003357306,134.81014899980437,327.0
1780245630,250,POST,GraphQL/listar-playlists-musica,354.700000,0.000000,44,62,65,66,71,79,89,93,120,120,120,42028,0,43,48.43244915168418,1.7797870000322291,133.22767599993313,538.0
1780245630,250,POST,GraphQL/listar-playlists-usuario,353.700000,0.000000,45,63,65,67,72,82,90,93,120,120,120,42123,0,43,48.75710126914066,1.5274540000973502,137.35966400008692,739.0
1780245630,250,POST,GraphQL/listar-usuarios,353.200000,0.000000,46,63,66,67,72,80,89,94,110,120,120,42220,0,44,49.42482079443437,2.1101769998495,263.97071400015193,22017.0
1780245630,250,,Aggregated,1768.500000,0.000000,45,63,65,67,72,81,90,93,120,120,120,210615,0,44,49.07045032087855,1.5274540000973502,263.97071400015193,14926.741580609169
