Timestamp,User Count,Type,Name,Requests/s,Failures/s,50%,66%,75%,80%,90%,95%,98%,99%,99.9%,99.99%,100%,Total Request Count,Total Failure Count,Total Median Response Time,Total Average Response Time,Total Min Response Time,Total Max Response Time,Total Average Content Size
1781109806,0,,Aggregated,0.000000,0.000000,N/A,N/A,N/A,N/A,N/A,N/A,N/A,N/A,N/A,N/A,N/A,0,0,0,0.0,0,0,0
1781109807,10,gRPC,gRPC/listar-musicas,0.000000,0.000000,0,0,0,0,0,0,0,0,0,0,0,356,0,4,4.371730160134954,1.3351719999263878,10.877714999878663,24374.0
1781109807,10,gRPC,gRPC/listar-musicas-playlist,0.000000,0.000000,0,0,0,0,0,0,0,0,0,0,0,350,0,4,4.06629567717703,1.148823000221455,7.511947999773838,14583.0
1781109807,10,gRPC,gRPC/listar-playlists,0.000000,0.000000,0,0,0,0,0,0,0,0,0,0,0,356,0,5,4.429422398820197,1.2973529992450494,9.14812399969378,22473.0
1781109807,10,gRPC,gRPC/listar-playlists-musica,0.000000,0.000000,0,0,0,0,0,0,0,0,0,0,0,347,0,4,4.152818184430839,1.766510999914317,10.503724000045622,16984.0
1781109807,10,gRPC,gRPC/listar-playlists-usuario,0.000000,0.000000,0,0,0,0,0,0,0,0,0,0,0,354,0,4,4.055957237291151,1.2954060002812184,7.577938000395079,16978.0
1781109807,10,gRPC,gRPC/listar-usuarios,0.000000,0.000000,0,0,0,0,0,0,0,0,0,0,0,356,0,4,4.164882643242359,1.4689600002384395,9.482362000198918,15097.0
1781109807,10,,Aggregated,0.000000,0.000000,0,0,0,0,0,0,0,0,0,0,0,2119,0,4,4.207620949029185,1.148823000221455,10.877714999878663,18433.116564417178
1781109808,20,gRPC,gRPC/listar-musicas,0.000000,0.000000,7,8,9,9,9,10,10,11,11,11,11,766,0,6,6.146731920371381,1.3351719999263878,10.97469300020748,24374.0
1781109808,20,gRPC,gRPC/listar-musicas-playlist,0.000000,0.000000,7,8,9,9,9,10,10,11,12,12,12,757,0,6,5.918488796559355,1.148823000221455,11.83950199992978,14583.0
1781109808,20,gRPC,gRPC/listar-playlists,0.000000,0.000000,7,8,9,9,10,10,10,11,11,11,11,761,0,6,6.10323818921173,1.2973529992450494,10.902453000198875,22473.0
1781109808,20,gRPC,gRPC/listar-playlists-musica,0.000000,0.000000,7,8,9,9,9,10,11,11,12,12,12,753,0,6,6.019007092957667,1.766510999914317,11.870696999721986,16984.0
1781109808,20,gRPC,gRPC/listar-playlists-usuario,0.000000,0.000000,7,8,9,9,9,10,10,10,12,12,12,760,0,6,6.002288194745712,1.2954060002812184,11.883168000167643,16978.0
1781109808,20,gRPC,gRPC/listar-usuarios,0.000000,0.000000,7,8,8,9,9,10,10,10,12,12,12,772,0,6,5.860445492232189,1.4689600002384395,11.938681000174256,15097.0
1781109808,20,,Aggregated,0.000000,0.000000,7,8,9,9,9,10,10,11,12,12,12,4569,0,6,6.008223291966984,1.148823000221455,11.938681000174256,18419.541256292407
1781109809,30,gRPC,gRPC/listar-musicas,211.000000,0.000000,9,10,11,11,12,13,13,15,15,16,16,1224,0,8,7.808260749183901,1.3351719999263878,16.101668000374048,24374.0
1781109809,30,gRPC,gRPC/listar-musicas-playlist,207.000000,0.000000,8,10,10,11,12,13,13,14,16,16,16,1210,0,8,7.512352009910479,1.148823000221455,16.382404000069073,14583.0
1781109809,30,gRPC,gRPC/listar-playlists,209.000000,0.000000,9,10,11,11,12,13,14,15,16,16,16,1221,0,8,7.790933065511399,1.2973529992450494,16.14474899997731,22473.0
1781109809,30,gRPC,gRPC/listar-playlists-musica,207.000000,0.000000,9,10,11,11,12,13,14,15,16,16,16,1208,0,8,7.701160382446278,1.766510999914317,16.271313999823178,16984.0
1781109809,30,gRPC,gRPC/listar-playlists-usuario,208.000000,0.000000,9,10,10,11,12,13,13,14,16,17,17,1215,0,8,7.577675986014186,1.2954060002812184,16.74535999973159,16978.0
1781109809,30,gRPC,gRPC/listar-usuarios,216.000000,0.000000,8,9,10,11,11,12,13,15,17,17,17,1234,0,8,7.393825443273824,1.4689600002384395,16.739485000471177,15097.0
1781109809,30,,Aggregated,1258.000000,0.000000,9,10,10,11,12,13,13,14,16,17,17,7312,0,8,7.630449264768112,1.148823000221455,16.74535999973159,18420.86693107221
1781109810,40,gRPC,gRPC/listar-musicas,290.000000,0.000000,11,12,13,13,15,15,16,17,18,18,18,1703,0,10,9.484046602474672,1.3351719999263878,18.078010000863287,24374.0
1781109810,40,gRPC,gRPC/listar-musicas-playlist,284.500000,0.000000,10,12,13,13,14,15,16,16,18,18,18,1690,0,9,9.204555305309144,1.148823000221455,18.168164000599063,14583.0
1781109810,40,gRPC,gRPC/listar-playlists,287.500000,0.000000,10,12,13,14,14,15,16,16,18,19,19,1697,0,10,9.452416470821712,1.2973529992450494,19.36384900000121,22473.0
1781109810,40,gRPC,gRPC/listar-playlists-musica,282.000000,0.000000,10,12,13,13,14,15,16,16,18,18,18,1678,0,10,9.352191553638102,1.766510999914317,17.77518600010808,16984.0
1781109810,40,gRPC,gRPC/listar-playlists-usuario,287.000000,0.000000,10,12,13,13,14,15,16,16,18,18,18,1690,0,9,9.225365879879952,1.2954060002812184,18.142144000194094,16978.0
1781109810,40,gRPC,gRPC/listar-usuarios,290.500000,0.000000,10,12,12,13,14,15,16,16,18,18,18,1710,0,9,8.976277034499399,1.4689600002384395,18.158697999751894,15097.0
1781109810,40,,Aggregated,1721.500000,0.000000,10,12,13,13,14,15,16,16,18,19,19,10168,0,9,9.282165624898422,1.148823000221455,19.36384900000121,18420.408634933123
1781109811,50,gRPC,gRPC/listar-musicas,343.000000,0.000000,12,14,15,16,18,20,21,21,32,33,33,2186,0,11,11.283566736965906,1.3351719999263878,33.2261159992413,24374.0
1781109811,50,gRPC,gRPC/listar-musicas-playlist,336.666667,0.000000,12,13,14,15,17,18,20,20,31,31,31,2151,0,11,10.76467847464633,1.148823000221455,31.363203000182693,14583.0
1781109811,50,gRPC,gRPC/listar-playlists,340.666667,0.000000,12,14,15,16,18,19,20,21,31,33,33,2165,0,11,11.174179468813387,1.2973529992450494,32.84749999966152,22473.0
1781109811,50,gRPC,gRPC/listar-playlists-musica,334.666667,0.000000,12,14,15,16,18,19,20,20,32,32,32,2145,0,11,10.998791202330198,1.766510999914317,31.697902999439975,16984.0
1781109811,50,gRPC,gRPC/listar-playlists-usuario,337.333333,0.000000,12,13,14,15,17,18,20,20,31,32,32,2156,0,11,10.814571403059253,1.2954060002812184,31.661529999837512,16978.0
1781109811,50,gRPC,gRPC/listar-usuarios,343.333333,0.000000,11,13,14,15,17,18,19,20,21,22,22,2190,0,11,10.571134784463144,1.4689600002384395,22.17539699995541,15097.0
1781109811,50,,Aggregated,2035.666667,0.000000,12,14,15,16,18,19,20,21,31,33,33,12993,0,11,10.934519132449868,1.148823000221455,33.2261159992413,18425.40752712999
1781109812,60,gRPC,gRPC/listar-musicas,372.500000,0.000000,13,16,18,19,22,24,28,31,47,50,50,2625,0,13,13.20611757219151,1.3351719999263878,49.59759000030317,24374.0
1781109812,60,gRPC,gRPC/listar-musicas-playlist,366.000000,0.000000,13,15,17,18,22,24,25,29,45,48,48,2587,0,12,12.576564999981018,1.148823000221455,47.91507299978548,14583.0
1781109812,60,gRPC,gRPC/listar-playlists,370.750000,0.000000,13,15,18,19,22,25,30,43,49,50,50,2610,0,13,13.253668413790887,1.2973529992450494,49.79696400005196,22473.0
1781109812,60,gRPC,gRPC/listar-playlists-musica,365.000000,0.000000,13,16,18,19,22,24,29,30,47,48,48,2577,0,13,13.01619791308193,1.766510999914317,47.9683430003206,16984.0
1781109812,60,gRPC,gRPC/listar-playlists-usuario,368.500000,0.000000,13,15,17,18,21,23,29,32,46,50,50,2606,0,12,12.696493998461504,1.2954060002812184,50.22273299982771,16978.0
1781109812,60,gRPC,gRPC/listar-usuarios,373.250000,0.000000,13,15,17,18,21,23,26,31,47,47,47,2631,0,12,12.396228777634995,1.4689600002384395,47.32367499946122,15097.0
1781109812,60,,Aggregated,2216.000000,0.000000,13,15,17,18,22,24,29,31,47,50,50,15636,0,12,12.857379773465611,1.148823000221455,50.22273299982771,18425.117932975187
1781109813,70,gRPC,gRPC/listar-musicas,393.000000,0.000000,15,19,22,23,25,27,30,31,47,50,50,3077,0,14,14.93797168151188,1.3351719999263878,49.59759000030317,24374.0
1781109813,70,gRPC,gRPC/listar-musicas-playlist,388.800000,0.000000,14,17,20,22,24,27,29,34,46,48,48,3042,0,13,14.382187638055042,1.148823000221455,47.91507299978548,14583.0
1781109813,70,gRPC,gRPC/listar-playlists,391.000000,0.000000,14,18,21,23,26,28,38,44,49,50,50,3059,0,14,15.142915994438559,1.2973529992450494,49.79696400005196,22473.0
1781109813,70,gRPC,gRPC/listar-playlists-musica,388.000000,0.000000,14,18,21,22,25,28,30,37,47,48,48,3030,0,14,14.844867049506432,1.766510999914317,47.9683430003206,16984.0
1781109813,70,gRPC,gRPC/listar-playlists-usuario,390.200000,0.000000,14,18,20,22,25,27,30,39,46,50,50,3051,0,13,14.411902994426379,1.2954060002812184,50.22273299982771,16978.0
1781109813,70,gRPC,gRPC/listar-usuarios,397.000000,0.000000,14,17,19,21,24,27,31,43,47,47,47,3095,0,13,14.215156895300987,1.4689600002384395,47.32367499946122,15097.0
1781109813,70,,Aggregated,2348.000000,0.000000,14,18,21,22,25,27,30,42,47,50,50,18354,0,14,14.655307152278422,1.148823000221455,50.22273299982771,18420.606080418438
1781109814,80,gRPC,gRPC/listar-musicas,404.500000,0.000000,17,22,24,25,28,30,33,40,47,52,52,3533,0,16,16.73887883300626,1.3351719999263878,51.72893800045131,24374.0
1781109814,80,gRPC,gRPC/listar-musicas-playlist,398.833333,0.000000,15,21,23,25,28,30,33,44,52,55,55,3496,0,15,16.251361110970535,1.148823000221455,54.578458999458235,14583.0
1781109814,80,gRPC,gRPC/listar-playlists,402.000000,0.000000,16,22,24,26,29,31,42,45,52,53,53,3529,0,15,17.02720726409222,1.2973529992450494,52.56609699972614,22473.0
1781109814,80,gRPC,gRPC/listar-playlists-musica,397.833333,0.000000,16,22,24,25,29,30,33,44,52,53,53,3484,0,15,16.648390175948098,1.766510999914317,52.56006499985233,16984.0
1781109814,80,gRPC,gRPC/listar-playlists-usuario,399.666667,0.000000,16,20,23,25,28,30,32,43,49,52,52,3510,0,15,16.15224331224925,1.2954060002812184,52.216234000297845,16978.0
1781109814,80,gRPC,gRPC/listar-usuarios,405.000000,0.000000,16,20,23,24,27,29,38,44,47,52,52,3547,0,15,15.940824350423645,1.4689600002384395,52.07527899983688,15097.0
1781109814,80,,Aggregated,2407.833333,0.000000,16,21,24,25,28,30,33,44,52,53,55,21099,0,15,16.45962847366674,1.148823000221455,54.578458999458235,18423.47134935305
1781109815,90,gRPC,gRPC/listar-musicas,408.857143,0.000000,19,24,26,28,32,35,38,43,61,65,65,3983,0,18,18.615904890290842,1.3351719999263878,65.27873999948497,24374.0
1781109815,90,gRPC,gRPC/listar-musicas-playlist,403.571429,0.000000,17,23,26,28,31,33,38,44,55,65,65,3949,0,17,17.987686045319695,1.148823000221455,64.59525599984772,14583.0
1781109815,90,gRPC,gRPC/listar-playlists,406.285714,0.000000,18,24,27,29,32,36,44,48,65,66,66,3980,0,17,18.968307696477282,1.2973529992450494,65.51236099949165,22473.0
1781109815,90,gRPC,gRPC/listar-playlists-musica,402.857143,0.000000,18,24,27,29,31,33,38,45,65,65,65,3938,0,17,18.511066084560607,1.766510999914317,65.18009000046732,16984.0
1781109815,90,gRPC,gRPC/listar-playlists-usuario,405.857143,0.000000,17,23,26,27,31,33,39,44,65,66,66,3964,0,17,18.00216184232563,1.2954060002812184,65.70292200012773,16978.0
1781109815,90,gRPC,gRPC/listar-usuarios,412.000000,0.000000,17,23,25,27,31,33,42,45,66,66,66,3997,0,16,17.72431642330716,1.4689600002384395,66.38750599995547,15097.0
1781109815,90,,Aggregated,2439.428571,0.000000,18,23,26,28,31,34,39,45,65,66,66,23811,0,17,18.301441624917494,1.148823000221455,66.38750599995547,18421.69341900802
1781109816,100,gRPC,gRPC/listar-musicas,416.125000,0.000000,21,26,29,31,36,38,41,46,58,65,65,4452,0,20,20.42930257794707,1.3351719999263878,65.27873999948497,24374.0
1781109816,100,gRPC,gRPC/listar-musicas-playlist,411.250000,0.000000,20,25,29,30,34,37,41,46,57,65,65,4387,0,18,19.678074537717038,1.148823000221455,64.59525599984772,14583.0
1781109816,100,gRPC,gRPC/listar-playlists,413.625000,0.000000,21,27,30,32,36,38,44,48,64,66,66,4444,0,20,20.775022861832515,1.2973529992450494,65.51236099949165,22473.0
1781109816,100,gRPC,gRPC/listar-playlists-musica,409.250000,0.000000,21,26,29,31,34,37,42,47,65,65,65,4381,0,20,20.196636459709843,1.766510999914317,65.18009000046732,16984.0
1781109816,100,gRPC,gRPC/listar-playlists-usuario,411.625000,0.000000,20,26,28,30,34,37,41,44,65,66,66,4406,0,18,19.699862688143227,1.2954060002812184,65.70292200012773,16978.0
1781109816,100,gRPC,gRPC/listar-usuarios,417.250000,0.000000,19,25,28,30,33,37,44,47,66,66,66,4471,0,18,19.53819251463708,1.4689600002384395,66.38750599995547,15097.0
1781109816,100,,Aggregated,2479.125000,0.000000,20,26,29,31,35,37,42,46,64,66,66,26541,0,19,20.05340747292335,1.148823000221455,66.38750599995547,18426.937191515015
1781109817,110,gRPC,gRPC/listar-musicas,418.888889,0.000000,24,30,33,35,39,44,55,62,76,82,82,4884,0,22,22.600972678545695,1.3351719999263878,81.71952399970905,24374.0
1781109817,110,gRPC,gRPC/listar-musicas-playlist,412.666667,0.000000,23,29,31,34,38,41,52,60,84,84,84,4815,0,21,21.752005408924994,1.148823000221455,84.10285700028908,14583.0
1781109817,110,gRPC,gRPC/listar-playlists,418.222222,0.000000,24,30,34,35,39,44,56,64,74,82,82,4846,0,22,22.715190171891802,1.2973529992450494,81.75779999965016,22473.0
1781109817,110,gRPC,gRPC/listar-playlists-musica,412.333333,0.000000,24,29,32,34,38,43,53,59,81,84,84,4801,0,22,22.186944255360103,1.766510999914317,83.6451870000019,16984.0
1781109817,110,gRPC,gRPC/listar-playlists-usuario,414.888889,0.000000,23,29,32,34,38,43,59,70,81,84,84,4827,0,20,21.97820093079845,1.2954060002812184,83.65485099966463,16978.0
1781109817,110,gRPC,gRPC/listar-usuarios,421.222222,0.000000,23,29,31,33,38,43,53,59,81,85,85,4892,0,20,21.499643610374356,1.4689600002384395,85.2907390008113,15097.0
1781109817,110,,Aggregated,2498.222222,0.000000,24,29,32,34,38,43,54,62,81,84,85,29065,0,21,22.1221888864228,1.148823000221455,85.2907390008113,18424.614932048855
1781109818,120,gRPC,gRPC/listar-musicas,422.800000,0.000000,28,33,37,38,44,48,61,69,78,82,82,5309,0,24,24.438761264271076,1.3351719999263878,81.71952399970905,24374.0
1781109818,120,gRPC,gRPC/listar-musicas-playlist,418.000000,0.000000,27,32,36,37,42,47,61,73,84,84,84,5253,0,23,23.65822498286251,1.148823000221455,84.10285700028908,14583.0
1781109818,120,gRPC,gRPC/listar-playlists,419.700000,0.000000,28,34,37,38,44,49,61,71,79,82,82,5299,0,24,24.657968466878632,1.2973529992450494,81.75779999965016,22473.0
1781109818,120,gRPC,gRPC/listar-playlists-musica,416.400000,0.000000,28,32,36,38,43,48,58,62,81,84,84,5245,0,23,24.085505659867565,1.766510999914317,83.6451870000019,16984.0
1781109818,120,gRPC,gRPC/listar-playlists-usuario,418.300000,0.000000,27,32,36,37,43,49,63,71,81,84,84,5281,0,23,23.911420530574322,1.2954060002812184,83.65485099966463,16978.0
1781109818,120,gRPC,gRPC/listar-usuarios,424.700000,0.000000,27,31,35,37,43,48,59,64,81,85,85,5326,0,22,23.304864538856812,1.4689600002384395,85.2907390008113,15097.0
1781109818,120,,Aggregated,2519.900000,0.000000,27,32,36,38,43,48,61,70,81,84,85,31713,0,23,24.00942868334444,1.148823000221455,85.2907390008113,18422.697694951596
1781109819,130,gRPC,gRPC/listar-musicas,447.900000,0.000000,31,37,40,43,48,51,63,75,89,91,91,5783,0,25,26.296434485045815,1.3351719999263878,90.87537799950951,24374.0
1781109819,130,gRPC,gRPC/listar-musicas-playlist,441.900000,0.000000,30,36,39,40,45,50,63,79,88,89,89,5707,0,24,25.267434012083285,1.148823000221455,89.42324700001336,14583.0
1781109819,130,gRPC,gRPC/listar-playlists,446.200000,0.000000,32,37,41,43,47,54,70,78,89,90,90,5766,0,26,26.582241912070373,1.2973529992450494,89.5657149994804,22473.0
1781109819,130,gRPC,gRPC/listar-playlists-musica,439.800000,0.000000,31,36,40,42,46,51,62,69,89,90,90,5693,0,25,25.86495935833633,1.766510999914317,89.65139699921565,16984.0
1781109819,130,gRPC,gRPC/listar-playlists-usuario,445.600000,0.000000,30,36,39,42,46,55,66,72,89,90,90,5734,0,25,25.63141560131747,1.2954060002812184,89.50492999974813,16978.0
1781109819,130,gRPC,gRPC/listar-usuarios,448.400000,0.000000,30,35,39,41,46,52,61,70,89,90,90,5809,0,24,25.121031215691485,1.4689600002384395,89.62438799972006,15097.0
1781109819,130,,Aggregated,2669.800000,0.000000,31,36,39,42,46,52,63,74,89,90,91,34492,0,25,25.794229224628737,1.148823000221455,90.87537799950951,18424.54998260466
1781109820,140,gRPC,gRPC/listar-musicas,450.600000,0.000000,35,41,45,47,50,55,69,80,93,94,94,6242,0,27,28.121892834189538,1.3351719999263878,94.29252700010693,24374.0
1781109820,140,gRPC,gRPC/listar-musicas-playlist,447.000000,0.000000,34,39,43,45,48,53,66,80,93,95,95,6186,0,27,27.05721415825399,1.148823000221455,95.25369799939654,14583.0
1781109820,140,gRPC,gRPC/listar-playlists,449.200000,0.000000,36,41,44,46,50,57,73,87,91,94,94,6228,0,28,28.24052126942715,1.2973529992450494,93.88980599942442,22473.0
1781109820,140,gRPC,gRPC/listar-playlists-musica,444.800000,0.000000,34,41,44,45,49,55,69,89,95,96,96,6144,0,27,27.784475297039293,1.766510999914317,95.64687600050092,16984.0
1781109820,140,gRPC,gRPC/listar-playlists-usuario,448.200000,0.000000,34,41,44,46,50,58,71,86,92,94,94,6200,0,27,27.510965125961853,1.2954060002812184,93.9570869995805,16978.0
1781109820,140,gRPC,gRPC/listar-usuarios,454.300000,0.000000,33,39,43,45,49,54,63,78,93,95,95,6265,0,26,26.83894929895433,1.4689600002384395,94.51009900021745,15097.0
1781109820,140,,Aggregated,2694.100000,0.000000,34,40,44,46,49,55,69,82,93,96,96,37265,0,27,27.5920184002116,1.148823000221455,95.64687600050092,18422.40147591574
1781109821,150,gRPC,gRPC/listar-musicas,452.600000,0.000000,39,46,48,49,53,58,76,88,93,94,94,6715,0,29,29.916569253164916,1.3351719999263878,94.29252700010693,24374.0
1781109821,150,gRPC,gRPC/listar-musicas-playlist,448.400000,0.000000,37,43,46,47,51,55,71,84,93,95,95,6650,0,29,28.731813143000103,1.148823000221455,95.25369799939654,14583.0
1781109821,150,gRPC,gRPC/listar-playlists,451.300000,0.000000,39,45,47,48,52,58,76,87,92,94,94,6692,0,30,29.837472728182586,1.2973529992450494,93.88980599942442,22473.0
1781109821,150,gRPC,gRPC/listar-playlists-musica,445.200000,0.000000,38,45,47,49,53,57,78,90,95,96,96,6636,0,29,29.61422812854025,1.766510999914317,95.64687600050092,16984.0
1781109821,150,gRPC,gRPC/listar-playlists-usuario,450.000000,0.000000,38,44,47,48,53,62,84,87,92,94,94,6678,0,28,29.420431330034383,1.2954060002812184,93.9570869995805,16978.0
1781109821,150,gRPC,gRPC/listar-usuarios,453.700000,0.000000,37,44,46,47,51,56,66,85,93,95,95,6736,0,28,28.466888467925678,1.4689600002384395,94.51009900021745,15097.0
1781109821,150,,Aggregated,2701.200000,0.000000,38,44,47,48,52,57,76,87,93,96,96,40107,0,29,29.330822710146997,1.148823000221455,95.64687600050092,18421.122896252524
1781109822,160,gRPC,gRPC/listar-musicas,451.600000,0.000000,43,48,51,53,57,63,84,91,97,100,100,7182,0,31,31.71422456878449,1.3351719999263878,99.59138899921527,24374.0
1781109822,160,gRPC,gRPC/listar-musicas-playlist,448.500000,0.000000,41,46,49,51,56,61,80,87,99,100,100,7117,0,30,30.634895469152163,1.148823000221455,100.81508699931874,14583.0
1781109822,160,gRPC,gRPC/listar-playlists,450.400000,0.000000,43,47,50,52,57,62,80,87,99,100,100,7159,0,31,31.619922525631488,1.2973529992450494,99.59071100001893,22473.0
1781109822,160,gRPC,gRPC/listar-playlists-musica,446.000000,0.000000,43,47,50,52,56,62,91,96,100,100,100,7079,0,31,31.516241253000015,1.766510999914317,99.77662999972381,16984.0
1781109822,160,gRPC,gRPC/listar-playlists-usuario,448.900000,0.000000,42,47,50,52,57,65,84,91,99,99,99,7133,0,30,31.15455057282688,1.2954060002812184,99.43691099942953,16978.0
1781109822,160,gRPC,gRPC/listar-usuarios,455.300000,0.000000,41,46,49,51,56,60,74,88,99,100,100,7197,0,30,30.29917939738288,1.4689600002384395,99.80011700008617,15097.0
1781109822,160,,Aggregated,2700.700000,0.000000,42,47,50,52,56,62,84,91,99,100,100,42867,0,30,31.15588243770004,1.148823000221455,100.81508699931874,18422.385634637365
1781109823,170,gRPC,gRPC/listar-musicas,452.600000,0.000000,47,51,55,56,61,64,87,92,100,100,100,7650,0,33,33.464348566143684,1.3351719999263878,101.81453099994542,24374.0
1781109823,170,gRPC,gRPC/listar-musicas-playlist,446.000000,0.000000,45,49,53,55,60,63,84,92,100,100,100,7545,0,31,32.28253160489591,1.148823000221455,100.81508699931874,14583.0
1781109823,170,gRPC,gRPC/listar-playlists,451.600000,0.000000,46,51,54,56,61,64,87,98,100,100,100,7631,0,33,33.55209579727124,1.2973529992450494,103.2625799998641,22473.0
1781109823,170,gRPC,gRPC/listar-playlists-musica,444.000000,0.000000,46,51,54,56,60,65,93,97,100,100,100,7524,0,32,33.230611100079074,1.766510999914317,100.6596229999559,16984.0
1781109823,170,gRPC,gRPC/listar-playlists-usuario,447.400000,0.000000,46,51,54,56,61,71,91,98,100,100,100,7602,0,32,33.09846397710637,1.2954060002812184,101.273888999458,16978.0
1781109823,170,gRPC,gRPC/listar-usuarios,452.100000,0.000000,45,49,53,55,59,63,85,94,100,100,100,7671,0,31,32.081948065174515,1.4689600002384395,101.51557099925412,15097.0
1781109823,170,,Aggregated,2693.700000,0.000000,46,50,54,56,60,64,87,96,100,100,100,45623,0,32,32.951631308722014,1.148823000221455,103.2625799998641,18425.898274992876
1781109824,180,gRPC,gRPC/listar-musicas,453.600000,0.000000,49,55,58,59,64,71,91,98,110,110,110,8098,0,35,35.202620512718056,1.3351719999263878,107.90435200033244,24374.0
1781109824,180,gRPC,gRPC/listar-musicas-playlist,447.600000,0.000000,47,53,56,57,62,72,91,98,110,110,110,8028,0,34,34.170792486166626,1.148823000221455,107.90874699978303,14583.0
1781109824,180,gRPC,gRPC/listar-playlists,452.800000,0.000000,48,54,57,59,64,76,89,99,110,110,110,8075,0,35,35.26060761312275,1.2973529992450494,108.13766499995836,22473.0
1781109824,180,gRPC,gRPC/listar-playlists-musica,446.100000,0.000000,49,54,57,58,63,72,96,99,110,110,110,8000,0,34,35.03977430899731,1.766510999914317,108.87793599977158,16984.0
1781109824,180,gRPC,gRPC/listar-playlists-usuario,448.800000,0.000000,48,55,57,59,65,81,98,100,110,110,110,8042,0,34,34.955524090022365,1.2954060002812184,108.88774399973045,16978.0
1781109824,180,gRPC,gRPC/listar-usuarios,456.100000,0.000000,48,53,56,57,61,69,89,98,110,110,110,8164,0,33,33.852140543110906,1.4689600002384395,107.89542200018332,15097.0
1781109824,180,,Aggregated,2705.000000,0.000000,48,54,57,58,63,72,92,99,110,110,110,48407,0,34,34.74544475106471,1.148823000221455,108.88774399973045,18418.481521267586
1781109825,190,gRPC,gRPC/listar-musicas,451.300000,0.000000,53,58,61,63,70,75,96,100,110,110,110,8586,0,37,37.17526091730587,1.3351719999263878,112.43527100032225,24374.0
1781109825,190,gRPC,gRPC/listar-musicas-playlist,448.100000,0.000000,51,56,59,61,67,77,94,100,110,110,110,8466,0,36,35.85293922997197,1.148823000221455,112.41076399983285,14583.0
1781109825,190,gRPC,gRPC/listar-playlists,451.000000,0.000000,52,57,61,62,70,79,98,100,110,110,110,8552,0,37,37.09294594889672,1.2973529992450494,112.14653099978023,22473.0
1781109825,190,gRPC,gRPC/listar-playlists-musica,447.100000,0.000000,52,57,60,62,68,77,98,100,110,110,110,8447,0,36,36.76669940890071,1.766510999914317,113.07290399963676,16984.0
1781109825,190,gRPC,gRPC/listar-playlists-usuario,448.900000,0.000000,53,58,61,63,70,87,100,110,110,110,110,8525,0,36,37.01374815002478,1.2954060002812184,112.43920600009005,16978.0
1781109825,190,gRPC,gRPC/listar-usuarios,454.700000,0.000000,51,56,58,60,66,73,93,100,110,110,110,8605,0,35,35.47106005287097,1.4689600002384395,112.41211900050985,15097.0
1781109825,190,,Aggregated,2701.100000,0.000000,52,57,60,62,69,78,98,100,110,110,110,51181,0,36,36.56192009051761,1.148823000221455,113.07290399963676,18425.488384361382
1781109826,200,gRPC,gRPC/listar-musicas,452.000000,0.000000,56,61,65,67,73,89,110,110,110,110,110,9012,0,38,39.11608293952396,1.3351719999263878,114.42203899969172,24374.0
1781109826,200,gRPC,gRPC/listar-musicas-playlist,446.800000,0.000000,55,60,62,64,70,80,100,110,110,110,110,8936,0,37,37.694380956460144,1.148823000221455,112.41076399983285,14583.0
1781109826,200,gRPC,gRPC/listar-playlists,451.400000,0.000000,56,61,64,67,73,80,100,110,110,110,110,8997,0,38,38.82346373335039,1.2973529992450494,112.84700800024439,22473.0
1781109826,200,gRPC,gRPC/listar-playlists-musica,444.300000,0.000000,56,61,63,66,72,96,110,110,110,110,110,8874,0,38,38.733874922356684,1.766510999914317,113.07290399963676,16984.0
1781109826,200,gRPC,gRPC/listar-playlists-usuario,451.400000,0.000000,56,61,65,67,75,98,110,110,110,110,110,8959,0,37,38.914098032700224,1.2954060002812184,112.43920600009005,16978.0
1781109826,200,gRPC,gRPC/listar-usuarios,453.300000,0.000000,54,58,62,63,70,79,100,110,110,110,110,9054,0,37,37.26942800562779,1.4689600002384395,112.41211900050985,15097.0
1781109826,200,,Aggregated,2699.200000,0.000000,55,61,63,66,72,87,110,110,110,110,110,53832,0,37,38.423967944452386,1.148823000221455,114.42203899969172,18421.606349383266
1781109827,210,gRPC,gRPC/listar-musicas,453.100000,0.000000,59,65,69,71,76,92,110,110,130,130,130,9477,0,40,40.87982796686598,1.3351719999263878,133.9654140001585,24374.0
1781109827,210,gRPC,gRPC/listar-musicas-playlist,450.500000,0.000000,57,62,66,68,74,93,110,130,130,140,140,9393,0,39,39.69611046853158,1.148823000221455,135.16007599992008,14583.0
1781109827,210,gRPC,gRPC/listar-playlists,450.300000,0.000000,58,64,68,70,75,87,110,110,130,130,130,9443,0,41,40.545995196329756,1.2973529992450494,134.15985300071043,22473.0
1781109827,210,gRPC,gRPC/listar-playlists-musica,448.200000,0.000000,58,64,68,70,77,96,110,110,130,130,130,9369,0,40,40.595381256056505,1.766510999914317,134.0096789999734,16984.0
1781109827,210,gRPC,gRPC/listar-playlists-usuario,450.200000,0.000000,59,65,69,70,78,99,110,110,130,130,130,9419,0,40,40.66325088374129,1.2954060002812184,132.78222200005985,16978.0
1781109827,210,gRPC,gRPC/listar-usuarios,456.500000,0.000000,56,61,65,67,73,86,110,110,130,130,130,9543,0,39,38.98775170354844,1.4689600002384395,134.50314100009564,15097.0
1781109827,210,,Aggregated,2708.800000,0.000000,58,63,67,70,76,93,110,110,130,130,140,56644,0,40,40.22605976768513,1.148823000221455,135.16007599992008,18418.413335922603
1781109828,220,gRPC,gRPC/listar-musicas,454.600000,0.000000,63,69,73,75,79,92,110,110,130,130,130,9952,0,43,42.611000133640225,1.3351719999263878,133.9654140001585,24374.0
1781109828,220,gRPC,gRPC/listar-musicas-playlist,447.800000,0.000000,61,66,70,72,78,93,110,130,130,140,140,9858,0,41,41.354744850976125,1.148823000221455,135.16007599992008,14583.0
1781109828,220,gRPC,gRPC/listar-playlists,455.100000,0.000000,62,69,72,74,78,87,110,110,130,130,130,9917,0,43,42.22695652817798,1.2973529992450494,134.15985300071043,22473.0
1781109828,220,gRPC,gRPC/listar-playlists-musica,445.900000,0.000000,62,68,72,74,80,96,110,110,130,130,130,9820,0,43,42.22199802657828,1.766510999914317,134.0096789999734,16984.0
1781109828,220,gRPC,gRPC/listar-playlists-usuario,453.000000,0.000000,62,70,72,74,80,100,110,110,130,130,130,9872,0,42,42.27252768202459,1.2954060002812184,132.78222200005985,16978.0
1781109828,220,gRPC,gRPC/listar-usuarios,455.200000,0.000000,59,65,69,72,78,87,110,110,130,130,130,10016,0,41,40.71806584254927,1.4689600002384395,134.50314100009564,15097.0
1781109828,220,,Aggregated,2711.600000,0.000000,61,68,71,74,79,93,110,110,130,130,140,59435,0,42,41.89906683499223,1.148823000221455,135.16007599992008,18420.042920837892
1781109829,230,gRPC,gRPC/listar-musicas,453.200000,0.000000,67,73,76,78,82,100,110,120,140,140,140,10463,0,45,44.65111232504877,1.3351719999263878,137.54639500075427,24374.0
1781109829,230,gRPC,gRPC/listar-musicas-playlist,453.000000,0.000000,63,70,74,75,81,94,110,130,130,140,140,10328,0,43,43.041578402586985,1.148823000221455,135.16007599992008,14583.0
1781109829,230,gRPC,gRPC/listar-playlists,453.700000,0.000000,65,72,75,76,80,91,110,120,130,130,130,10387,0,44,43.95352923047315,1.2973529992450494,134.15985300071043,22473.0
1781109829,230,gRPC,gRPC/listar-playlists-musica,448.600000,0.000000,66,72,75,77,83,99,110,120,130,140,140,10313,0,44,44.0945833940666,1.766510999914317,135.4540510001243,16984.0
1781109829,230,gRPC,gRPC/listar-playlists-usuario,450.600000,0.000000,67,73,76,78,84,110,110,120,140,140,140,10369,0,44,44.2230520964363,1.2954060002812184,136.44850999935443,16978.0
1781109829,230,gRPC,gRPC/listar-usuarios,456.500000,0.000000,63,69,73,75,80,88,110,120,130,140,140,10493,0,43,42.423743175352094,1.4689600002384395,137.1823569998014,15097.0
1781109829,230,,Aggregated,2715.600000,0.000000,65,72,75,77,81,98,110,120,140,140,140,62353,0,44,43.73024427029558,1.148823000221455,137.54639500075427,18422.195114910268
1781109830,240,gRPC,gRPC/listar-musicas,459.100000,0.000000,71,76,79,80,88,110,120,130,140,140,140,10872,0,46,46.31169644122384,1.3351719999263878,137.54639500075427,24374.0
1781109830,240,gRPC,gRPC/listar-musicas-playlist,455.300000,0.000000,68,74,77,79,84,99,120,130,130,140,140,10795,0,45,44.789108027412276,1.148823000221455,135.16007599992008,14583.0
1781109830,240,gRPC,gRPC/listar-playlists,457.800000,0.000000,70,75,77,79,84,99,120,130,130,130,130,10853,0,46,45.75653660784301,1.2973529992450494,134.15985300071043,22473.0
1781109830,240,gRPC,gRPC/listar-playlists-musica,454.500000,0.000000,70,75,78,80,86,100,110,130,130,140,140,10737,0,46,45.75379513886692,1.766510999914317,135.4540510001243,16984.0
1781109830,240,gRPC,gRPC/listar-playlists-usuario,457.200000,0.000000,70,76,79,81,90,110,130,130,140,140,140,10812,0,45,46.107274800403005,1.2954060002812184,136.44850999935443,16978.0
1781109830,240,gRPC,gRPC/listar-usuarios,458.200000,0.000000,67,73,77,78,84,94,110,120,130,140,140,10946,0,45,44.138543655305895,1.4689600002384395,137.1823569998014,15097.0
1781109830,240,,Aggregated,2742.100000,0.000000,69,75,78,79,86,100,120,130,140,140,140,65015,0,45,45.4742094757941,1.148823000221455,137.54639500075427,18418.706267784357
1781109831,250,gRPC,gRPC/listar-musicas,459.200000,0.000000,74,79,82,86,93,110,130,140,140,140,140,11353,0,48,48.35466639108369,1.3351719999263878,139.7003140000379,24374.0
1781109831,250,gRPC,gRPC/listar-musicas-playlist,456.900000,0.000000,72,77,80,82,88,100,120,130,140,140,140,11238,0,46,46.47786049180549,1.148823000221455,139.07736800047132,14583.0
1781109831,250,gRPC,gRPC/listar-playlists,457.800000,0.000000,73,78,80,83,89,100,120,130,140,140,140,11312,0,47,47.516183436784374,1.2973529992450494,139.21132599989505,22473.0
1781109831,250,gRPC,gRPC/listar-playlists-musica,456.300000,0.000000,73,78,82,85,91,110,130,130,140,140,140,11196,0,47,47.67467529921581,1.766510999914317,139.73638599964033,16984.0
1781109831,250,gRPC,gRPC/listar-playlists-usuario,457.700000,0.000000,74,79,82,86,93,110,130,130,140,140,140,11295,0,47,48.033571149000615,1.2954060002812184,139.1739789996791,16978.0
1781109831,250,gRPC,gRPC/listar-usuarios,464.600000,0.000000,71,77,79,81,88,100,120,130,140,140,140,11372,0,46,45.82255105706813,1.4689600002384395,139.27240999964852,15097.0
1781109831,250,,Aggregated,2752.500000,0.000000,73,78,81,84,90,110,130,130,140,140,140,67766,0,47,47.31267438214932,1.148823000221455,139.73638599964033,18422.495204084644
1781109832,250,gRPC,gRPC/listar-musicas,461.100000,0.000000,77,82,88,89,100,130,140,140,150,150,150,11799,0,49,50.317642747180344,1.3351719999263878,148.12615400023788,24374.0
1781109832,250,gRPC,gRPC/listar-musicas-playlist,457.400000,0.000000,75,80,84,86,92,120,130,130,140,140,140,11659,0,47,48.4165544913719,1.148823000221455,142.88844500060804,14583.0
1781109832,250,gRPC,gRPC/listar-playlists,459.100000,0.000000,76,80,85,88,93,120,130,130,140,140,140,11763,0,48,49.54827044724135,1.2973529992450494,141.43697600047744,22473.0
1781109832,250,gRPC,gRPC/listar-playlists-musica,455.600000,0.000000,76,81,85,88,93,120,130,140,150,150,150,11607,0,48,49.47445422969137,1.766510999914317,148.62956399974792,16984.0
1781109832,250,gRPC,gRPC/listar-playlists-usuario,459.600000,0.000000,77,82,87,89,110,120,130,140,150,150,150,11708,0,48,49.88699989528117,1.2954060002812184,148.70149300077173,16978.0
1781109832,250,gRPC,gRPC/listar-usuarios,461.800000,0.000000,74,79,84,87,92,120,130,130,140,150,150,11822,0,47,47.84490743435826,1.4689600002384395,146.0242350003682,15097.0
1781109832,250,,Aggregated,2754.600000,0.000000,76,80,85,88,93,120,130,140,150,150,150,70358,0,48,49.24773674019626,1.148823000221455,148.70149300077173,18425.059950538674
1781109833,250,gRPC,gRPC/listar-musicas,458.100000,0.000000,79,87,89,91,110,130,140,140,150,150,150,12252,0,51,51.82378625938589,1.3351719999263878,148.12615400023788,24374.0
1781109833,250,gRPC,gRPC/listar-musicas-playlist,455.400000,0.000000,77,83,87,89,100,120,130,130,140,140,140,12107,0,49,50.07118354414068,1.148823000221455,142.88844500060804,14583.0
1781109833,250,gRPC,gRPC/listar-playlists,457.800000,0.000000,78,84,88,90,99,120,130,140,140,140,140,12206,0,50,51.09519795165483,1.2973529992450494,141.43697600047744,22473.0
1781109833,250,gRPC,gRPC/listar-playlists-musica,452.700000,0.000000,79,84,88,90,99,120,130,140,150,150,150,12062,0,50,51.07465867791603,1.766510999914317,148.62956399974792,16984.0
1781109833,250,gRPC,gRPC/listar-playlists-usuario,458.800000,0.000000,79,85,89,90,100,120,130,140,150,150,150,12142,0,50,51.35425579558124,1.2954060002812184,148.70149300077173,16978.0
1781109833,250,gRPC,gRPC/listar-usuarios,460.100000,0.000000,77,82,87,89,98,120,130,130,140,150,150,12298,0,48,49.576298874043786,1.4689600002384395,146.0242350003682,15097.0
1781109833,250,,Aggregated,2742.900000,0.000000,78,84,88,90,100,120,130,140,150,150,150,73067,0,50,50.83170329988552,1.148823000221455,148.70149300077173,18423.677679390148
1781109834,250,gRPC,gRPC/listar-musicas,458.500000,0.000000,82,88,91,93,110,130,140,140,150,150,150,12696,0,52,53.32280039807722,1.3351719999263878,148.12615400023788,24374.0
1781109834,250,gRPC,gRPC/listar-musicas-playlist,452.300000,0.000000,80,85,88,90,99,130,130,130,140,140,140,12562,0,50,51.47129499728587,1.148823000221455,142.88844500060804,14583.0
1781109834,250,gRPC,gRPC/listar-playlists,456.200000,0.000000,80,87,89,91,100,130,130,140,140,140,140,12629,0,52,52.4790188017181,1.2973529992450494,141.43697600047744,22473.0
1781109834,250,gRPC,gRPC/listar-playlists-musica,450.900000,0.000000,82,87,90,91,100,130,130,140,150,150,150,12548,0,52,52.67505447075528,1.766510999914317,148.62956399974792,16984.0
1781109834,250,gRPC,gRPC/listar-playlists-usuario,457.000000,0.000000,81,88,90,92,110,130,130,140,150,150,150,12604,0,52,53.004422252614255,1.2954060002812184,148.70149300077173,16978.0
1781109834,250,gRPC,gRPC/listar-usuarios,457.100000,0.000000,80,85,88,90,98,120,130,130,140,150,150,12739,0,50,50.9177590294366,1.4689600002384395,146.0242350003682,15097.0
1781109834,250,,Aggregated,2732.000000,0.000000,81,87,89,91,100,130,130,140,150,150,150,75778,0,51,52.31072163297702,1.148823000221455,148.70149300077173,18420.677426165905
1781109835,250,gRPC,gRPC/listar-musicas,460.000000,0.000000,86,90,92,94,110,130,140,140,150,150,150,13116,0,54,54.66855263258495,1.3351719999263878,148.12615400023788,24374.0
1781109835,250,gRPC,gRPC/listar-musicas-playlist,454.400000,0.000000,83,87,90,91,100,130,130,130,140,140,140,13026,0,52,52.901000147391066,1.148823000221455,142.88844500060804,14583.0
1781109835,250,gRPC,gRPC/listar-playlists,459.100000,0.000000,84,89,91,93,110,130,130,140,140,140,140,13085,0,54,53.91328980931535,1.2973529992450494,141.43697600047744,22473.0
1781109835,250,gRPC,gRPC/listar-playlists-musica,451.800000,0.000000,84,88,91,92,110,130,130,140,150,150,150,12972,0,54,54.0158815516529,1.766510999914317,148.62956399974792,16984.0
1781109835,250,gRPC,gRPC/listar-playlists-usuario,453.700000,0.000000,85,89,92,95,110,130,130,140,150,150,150,13055,0,54,54.47142506456918,1.2954060002812184,148.70149300077173,16978.0
1781109835,250,gRPC,gRPC/listar-usuarios,461.200000,0.000000,82,87,90,91,99,120,130,130,140,150,150,13186,0,52,52.24876258592439,1.4689600002384395,146.0242350003682,15097.0
1781109835,250,,Aggregated,2740.200000,0.000000,84,88,91,93,110,130,130,140,150,150,150,78440,0,53,53.7015198185586,1.148823000221455,148.70149300077173,18418.409319224884
1781109836,250,gRPC,gRPC/listar-musicas,455.500000,0.000000,87,91,93,95,120,130,140,140,150,150,150,13573,0,56,55.981115068663854,1.3351719999263878,148.12615400023788,24374.0
1781109836,250,gRPC,gRPC/listar-musicas-playlist,454.100000,0.000000,85,89,91,93,100,130,130,130,140,140,140,13470,0,55,54.19850558054327,1.148823000221455,142.88844500060804,14583.0
1781109836,250,gRPC,gRPC/listar-playlists,453.400000,0.000000,86,90,92,94,110,130,130,140,140,140,140,13550,0,55,55.29065717298154,1.2973529992450494,141.43697600047744,22473.0
1781109836,250,gRPC,gRPC/listar-playlists-musica,454.600000,0.000000,86,90,92,94,110,130,130,140,150,150,150,13429,0,56,55.34553135527796,1.766510999914317,148.62956399974792,16984.0
1781109836,250,gRPC,gRPC/listar-playlists-usuario,451.100000,0.000000,87,90,93,96,120,130,130,140,150,150,150,13515,0,56,55.81858278830588,1.2954060002812184,148.70149300077173,16978.0
1781109836,250,gRPC,gRPC/listar-usuarios,458.500000,0.000000,84,89,91,93,100,130,130,130,140,150,150,13611,0,53,53.42016101432593,1.4689600002384395,146.0242350003682,15097.0
1781109836,250,,Aggregated,2727.200000,0.000000,86,90,92,94,110,130,130,140,150,150,150,81148,0,55,55.008121558272826,1.148823000221455,148.70149300077173,18420.55916350372
1781109837,250,gRPC,gRPC/listar-musicas,454.800000,0.000000,89,92,94,96,120,130,140,140,150,150,150,14048,0,57,57.23788261453335,1.3351719999263878,148.12615400023788,24374.0
1781109837,250,gRPC,gRPC/listar-musicas-playlist,450.400000,0.000000,86,90,92,94,100,120,130,130,140,140,140,13897,0,56,55.41890531481009,1.148823000221455,142.88844500060804,14583.0
1781109837,250,gRPC,gRPC/listar-playlists,454.100000,0.000000,88,91,93,94,110,130,130,140,140,140,140,14008,0,57,56.470038998207755,1.2973529992450494,141.43697600047744,22473.0
1781109837,250,gRPC,gRPC/listar-playlists-musica,449.800000,0.000000,88,91,93,95,110,130,130,140,150,150,150,13857,0,57,56.548432511873074,1.766510999914317,148.62956399974792,16984.0
1781109837,250,gRPC,gRPC/listar-playlists-usuario,454.700000,0.000000,88,91,94,97,120,130,130,140,150,150,150,13956,0,58,56.979643044494246,1.2954060002812184,148.70149300077173,16978.0
1781109837,250,gRPC,gRPC/listar-usuarios,451.100000,0.000000,86,89,91,93,100,120,130,130,140,150,150,14062,0,55,54.640305959179294,1.4689600002384395,146.0242350003682,15097.0
1781109837,250,,Aggregated,2714.900000,0.000000,88,91,93,95,110,130,130,140,150,150,150,83828,0,56,56.215323262629475,1.148823000221455,148.70149300077173,18424.082132461706
1781109838,250,gRPC,gRPC/listar-musicas,452.500000,0.000000,89,93,95,96,120,130,130,140,150,150,150,14508,0,59,58.36544662703064,1.3351719999263878,148.12615400023788,24374.0
1781109838,250,gRPC,gRPC/listar-musicas-playlist,449.900000,0.000000,87,91,93,95,110,120,130,130,140,140,140,14357,0,57,56.57189133878381,1.148823000221455,142.88844500060804,14583.0
1781109838,250,gRPC,gRPC/listar-playlists,451.500000,0.000000,88,91,93,95,110,130,130,140,140,140,140,14456,0,59,57.49313660306384,1.2973529992450494,141.43697600047744,22473.0
1781109838,250,gRPC,gRPC/listar-playlists-musica,448.400000,0.000000,89,92,94,96,120,130,130,140,150,150,150,14312,0,58,57.70283063548221,1.766510999914317,148.62956399974792,16984.0
1781109838,250,gRPC,gRPC/listar-playlists-usuario,449.500000,0.000000,89,92,95,98,120,130,130,140,150,150,150,14397,0,59,58.04225076404577,1.2954060002812184,148.70149300077173,16978.0
1781109838,250,gRPC,gRPC/listar-usuarios,451.900000,0.000000,87,90,92,94,110,120,130,130,140,150,150,14548,0,56,55.88245864400477,1.4689600002384395,146.0242350003682,15097.0
1781109838,250,,Aggregated,2703.700000,0.000000,88,91,94,96,110,130,130,140,150,150,150,86578,0,58,57.341871272236915,1.148823000221455,148.70149300077173,18422.627468872
1781109839,250,gRPC,gRPC/listar-musicas,454.100000,0.000000,90,93,95,96,110,130,130,140,150,150,150,14970,0,61,59.32987462177388,1.3351719999263878,148.12615400023788,24374.0
1781109839,250,gRPC,gRPC/listar-musicas-playlist,445.100000,0.000000,88,91,93,95,110,120,130,130,140,140,140,14824,0,59,57.54113387634444,1.148823000221455,142.88844500060804,14583.0
1781109839,250,gRPC,gRPC/listar-playlists,449.800000,0.000000,88,91,93,95,110,120,130,140,140,140,140,14932,0,61,58.46344100146651,1.2973529992450494,141.43697600047744,22473.0
1781109839,250,gRPC,gRPC/listar-playlists-musica,447.900000,0.000000,90,92,94,97,120,130,130,140,150,150,150,14800,0,61,58.86208484560982,1.766510999914317,148.62956399974792,16984.0
1781109839,250,gRPC,gRPC/listar-playlists-usuario,448.700000,0.000000,89,92,95,98,110,130,130,140,150,150,150,14864,0,61,59.077951728469465,1.2954060002812184,148.70149300077173,16978.0
1781109839,250,gRPC,gRPC/listar-usuarios,453.400000,0.000000,88,90,93,94,120,120,130,130,140,150,150,15016,0,57,56.874399927009975,1.4689600002384395,146.0242350003682,15097.0
1781109839,250,,Aggregated,2699.100000,0.000000,89,92,94,96,110,130,130,140,150,150,150,89406,0,60,58.35686209220607,1.148823000221455,148.70149300077173,18422.082992192918
1781109840,250,gRPC,gRPC/listar-musicas,451.900000,0.000000,90,93,95,96,110,130,130,130,150,150,150,15443,0,63,60.23632504318749,1.3351719999263878,148.12615400023788,24374.0
1781109840,250,gRPC,gRPC/listar-musicas-playlist,447.000000,0.000000,88,91,93,96,120,120,130,130,140,140,140,15308,0,61,58.509853426373816,1.148823000221455,142.88844500060804,14583.0
1781109840,250,gRPC,gRPC/listar-playlists,447.700000,0.000000,89,91,94,96,110,120,130,130,140,140,140,15367,0,62,59.357013179339496,1.2973529992450494,141.43697600047744,22473.0
1781109840,250,gRPC,gRPC/listar-playlists-musica,448.800000,0.000000,89,92,94,97,120,130,130,130,150,150,150,15287,0,62,59.862542521424665,1.766510999914317,148.62956399974792,16984.0
1781109840,250,gRPC,gRPC/listar-playlists-usuario,447.500000,0.000000,89,92,95,97,110,130,130,140,150,150,150,15349,0,63,59.97095692501004,1.2954060002812184,148.70149300077173,16978.0
1781109840,250,gRPC,gRPC/listar-usuarios,452.500000,0.000000,88,91,93,95,120,120,130,130,140,150,150,15473,0,59,57.8343585169637,1.4689600002384395,146.0242350003682,15097.0
1781109840,250,,Aggregated,2695.400000,0.000000,89,92,94,96,110,130,130,130,150,150,150,92227,0,62,59.29414987064307,1.148823000221455,148.70149300077173,18419.90358571785
1781109841,250,gRPC,gRPC/listar-musicas,449.200000,0.000000,90,93,95,96,110,130,130,130,150,150,150,15867,0,65,61.058343599732055,1.3351719999263878,148.12615400023788,24374.0
1781109841,250,gRPC,gRPC/listar-musicas-playlist,448.500000,0.000000,88,91,93,95,120,120,130,130,130,140,140,15789,0,62,59.5148490219713,1.148823000221455,142.88844500060804,14583.0
1781109841,250,gRPC,gRPC/listar-playlists,449.200000,0.000000,88,91,94,96,110,120,130,130,140,140,140,15849,0,64,60.30429874332233,1.2973529992450494,141.43697600047744,22473.0
1781109841,250,gRPC,gRPC/listar-playlists-musica,447.100000,0.000000,90,92,94,97,120,130,130,130,150,150,150,15723,0,64,60.72762070705509,1.766510999914317,148.62956399974792,16984.0
1781109841,250,gRPC,gRPC/listar-playlists-usuario,447.300000,0.000000,89,92,95,98,110,130,130,130,150,150,150,15808,0,66,60.853929539599,1.2954060002812184,148.70149300077173,16978.0
1781109841,250,gRPC,gRPC/listar-usuarios,449.100000,0.000000,88,91,93,95,120,120,130,130,140,150,150,15943,0,61,58.855156078654254,1.4689600002384395,146.0242350003682,15097.0
1781109841,250,,Aggregated,2690.400000,0.000000,89,92,94,96,110,120,130,130,150,150,150,94979,0,63,60.21733827255326,1.148823000221455,148.70149300077173,18417.61809452616
1781109842,250,gRPC,gRPC/listar-musicas,449.000000,0.000000,91,93,95,97,110,130,130,130,140,140,140,16308,0,67,62.10305366519158,1.3351719999263878,148.12615400023788,24374.0
1781109842,250,gRPC,gRPC/listar-musicas-playlist,448.500000,0.000000,88,91,94,97,120,120,130,130,140,140,140,16193,0,64,60.50998026257626,1.148823000221455,142.88844500060804,14583.0
1781109842,250,gRPC,gRPC/listar-playlists,448.400000,0.000000,89,92,94,96,110,120,130,130,140,140,140,16289,0,66,61.326909589901994,1.2973529992450494,141.656098000567,22473.0
1781109842,250,gRPC,gRPC/listar-playlists-musica,448.000000,0.000000,90,93,95,98,120,130,130,140,140,140,140,16117,0,66,61.75756507743502,1.766510999914317,148.62956399974792,16984.0
1781109842,250,gRPC,gRPC/listar-playlists-usuario,448.900000,0.000000,90,93,96,98,110,130,130,140,140,140,140,16223,0,67,61.967275206248544,1.2954060002812184,148.70149300077173,16978.0
1781109842,250,gRPC,gRPC/listar-usuarios,448.300000,0.000000,88,91,94,95,120,120,130,130,140,140,140,16349,0,63,59.75169874665072,1.4689600002384395,146.0242350003682,15097.0
1781109842,250,,Aggregated,2691.100000,0.000000,90,93,95,97,120,130,130,130,140,140,140,97479,0,65,61.234635610816795,1.148823000221455,148.70149300077173,18421.22388411863
1781109843,250,gRPC,gRPC/listar-musicas,449.000000,0.000000,90,93,95,97,110,130,130,130,140,140,140,16753,0,69,62.9601063251327,1.3351719999263878,148.12615400023788,24374.0
1781109843,250,gRPC,gRPC/listar-musicas-playlist,449.800000,0.000000,88,91,93,95,120,120,130,130,140,140,140,16607,0,66,61.262418938513726,1.148823000221455,142.88844500060804,14583.0
1781109843,250,gRPC,gRPC/listar-playlists,449.900000,0.000000,88,91,93,95,110,120,130,130,140,140,140,16706,0,68,62.046460828199386,1.2973529992450494,141.656098000567,22473.0
1781109843,250,gRPC,gRPC/listar-playlists-musica,448.800000,0.000000,90,93,95,98,120,130,130,140,140,140,140,16562,0,68,62.6246787148904,1.766510999914317,148.62956399974792,16984.0
1781109843,250,gRPC,gRPC/listar-playlists-usuario,449.300000,0.000000,90,93,95,98,120,130,130,140,140,140,140,16643,0,69,62.764471777561795,1.2954060002812184,148.70149300077173,16978.0
1781109843,250,gRPC,gRPC/listar-usuarios,450.000000,0.000000,88,91,93,95,110,120,130,130,140,140,140,16798,0,64,60.583395188176844,1.4689600002384395,146.0242350003682,15097.0
1781109843,250,,Aggregated,2696.800000,0.000000,89,92,94,96,120,130,130,130,140,140,140,100069,0,67,62.03882053596793,1.148823000221455,148.70149300077173,18421.336367906144
1781109844,250,gRPC,gRPC/listar-musicas,449.100000,0.000000,91,93,96,97,110,130,140,140,150,150,150,17156,0,70,63.853336057644505,1.3351719999263878,148.5104120001779,24374.0
1781109844,250,gRPC,gRPC/listar-musicas-playlist,447.500000,0.000000,88,91,94,97,120,130,140,140,140,150,150,17049,0,68,62.31910293441817,1.148823000221455,146.21045799958665,14583.0
1781109844,250,gRPC,gRPC/listar-playlists,447.100000,0.000000,89,91,94,95,120,130,140,140,140,150,150,17107,0,70,62.99862875611752,1.2973529992450494,148.47027100040577,22473.0
1781109844,250,gRPC,gRPC/listar-playlists-musica,449.200000,0.000000,91,94,97,99,120,130,140,140,150,150,150,17013,0,70,63.64708969364614,1.766510999914317,148.62956399974792,16984.0
1781109844,250,gRPC,gRPC/listar-playlists-usuario,448.700000,0.000000,90,93,96,99,120,130,140,140,150,150,150,17069,0,70,63.81104415114899,1.2954060002812184,148.70149300077173,16978.0
1781109844,250,gRPC,gRPC/listar-usuarios,449.600000,0.000000,88,91,93,95,120,120,130,140,140,150,150,17206,0,66,61.400158780135556,1.4689600002384395,147.32026100045914,15097.0
1781109844,250,,Aggregated,2691.200000,0.000000,89,92,95,97,120,130,140,140,150,150,150,102600,0,69,63.003250906528365,1.148823000221455,148.70149300077173,18418.487115009746
1781109845,250,gRPC,gRPC/listar-musicas,445.500000,0.000000,91,94,96,97,110,130,140,140,150,150,150,17573,0,72,64.71603399652582,1.3351719999263878,148.5104120001779,24374.0
1781109845,250,gRPC,gRPC/listar-musicas-playlist,445.000000,0.000000,89,92,95,98,120,130,140,140,140,150,150,17469,0,70,63.13025659733806,1.148823000221455,146.21045799958665,14583.0
1781109845,250,gRPC,gRPC/listar-playlists,441.700000,0.000000,89,92,94,96,110,130,140,140,140,150,150,17549,0,71,63.84713126285895,1.2973529992450494,148.47027100040577,22473.0
1781109845,250,gRPC,gRPC/listar-playlists-musica,445.700000,0.000000,91,94,97,100,120,130,140,140,150,150,150,17426,0,71,64.49660175680037,1.766510999914317,148.62956399974792,16984.0
1781109845,250,gRPC,gRPC/listar-playlists-usuario,445.700000,0.000000,91,94,97,99,120,130,140,140,150,150,150,17514,0,72,64.72096500587892,1.2954060002812184,148.70149300077173,16978.0
1781109845,250,gRPC,gRPC/listar-usuarios,442.700000,0.000000,89,92,94,97,120,120,130,140,140,150,150,17608,0,68,62.23483493997136,1.4689600002384395,147.32026100045914,15097.0
1781109845,250,,Aggregated,2666.300000,0.000000,90,93,96,98,120,130,140,140,150,150,150,105139,0,71,63.85644110560134,1.148823000221455,148.70149300077173,18419.399632866967
1781109846,250,gRPC,gRPC/listar-musicas,445.300000,0.000000,91,94,96,98,120,130,140,140,150,150,150,18048,0,74,65.49715718422782,1.3351719999263878,148.5104120001779,24374.0
1781109846,250,gRPC,gRPC/listar-musicas-playlist,444.400000,0.000000,89,93,96,100,120,130,140,140,140,150,150,17886,0,72,63.893795350995326,1.148823000221455,146.21045799958665,14583.0
1781109846,250,gRPC,gRPC/listar-playlists,445.500000,0.000000,89,92,95,97,120,130,140,140,140,150,150,17990,0,73,64.5764416071098,1.2973529992450494,148.47027100040577,22473.0
1781109846,250,gRPC,gRPC/listar-playlists-musica,444.300000,0.000000,91,95,98,100,120,130,140,140,150,150,150,17855,0,73,65.24324746984082,1.766510999914317,148.62956399974792,16984.0
1781109846,250,gRPC,gRPC/listar-playlists-usuario,448.000000,0.000000,91,94,97,99,120,130,140,140,150,150,150,17949,0,74,65.42007115984022,1.2954060002812184,148.70149300077173,16978.0
1781109846,250,gRPC,gRPC/listar-usuarios,443.400000,0.000000,89,92,95,98,120,120,130,140,140,150,150,18062,0,70,63.04944726281782,1.4689600002384395,147.32026100045914,15097.0
1781109846,250,,Aggregated,2670.900000,0.000000,90,93,96,99,120,130,140,140,150,150,150,107790,0,72,64.612389445253,1.148823000221455,148.70149300077173,18421.859319046293
1781109847,250,gRPC,gRPC/listar-musicas,444.900000,0.000000,91,93,96,97,120,130,140,140,150,150,150,18482,0,75,66.17715406476299,1.3351719999263878,148.5104120001779,24374.0
1781109847,250,gRPC,gRPC/listar-musicas-playlist,442.000000,0.000000,89,92,95,98,120,130,140,140,140,150,150,18353,0,73,64.58520573333526,1.148823000221455,146.21045799958665,14583.0
1781109847,250,gRPC,gRPC/listar-playlists,444.500000,0.000000,89,92,94,96,120,130,140,140,140,150,150,18446,0,74,65.25617954162944,1.2973529992450494,148.47027100040577,22473.0
1781109847,250,gRPC,gRPC/listar-playlists-musica,441.600000,0.000000,91,94,97,100,120,130,140,140,150,150,150,18312,0,75,65.89812391912469,1.766510999914317,148.62956399974792,16984.0
1781109847,250,gRPC,gRPC/listar-playlists-usuario,442.300000,0.000000,91,94,97,99,120,130,140,140,150,150,150,18372,0,75,66.12131940055303,1.2954060002812184,148.70149300077173,16978.0
1781109847,250,gRPC,gRPC/listar-usuarios,444.500000,0.000000,89,92,94,97,120,130,130,140,140,150,150,18545,0,72,63.753093115180235,1.4689600002384395,147.32026100045914,15097.0
1781109847,250,,Aggregated,2659.800000,0.000000,90,93,96,98,120,130,140,140,150,150,150,110510,0,74,65.2967366494328,1.148823000221455,148.70149300077173,18419.724133562573
1781109848,250,gRPC,gRPC/listar-musicas,442.000000,0.000000,92,95,97,99,110,130,140,140,150,150,150,18907,0,76,66.88522003363533,1.3351719999263878,148.5104120001779,24374.0
1781109848,250,gRPC,gRPC/listar-musicas-playlist,441.600000,0.000000,90,94,97,99,120,130,140,140,140,150,150,18799,0,74,65.28001835203474,1.148823000221455,146.21045799958665,14583.0
1781109848,250,gRPC,gRPC/listar-playlists,441.300000,0.000000,90,93,96,98,120,130,140,140,140,150,150,18857,0,75,65.92129806045016,1.2973529992450494,148.47027100040577,22473.0
1781109848,250,gRPC,gRPC/listar-playlists-musica,444.200000,0.000000,92,96,99,100,120,130,140,140,150,150,150,18763,0,76,66.70573635053147,1.766510999914317,148.62956399974792,16984.0
1781109848,250,gRPC,gRPC/listar-playlists-usuario,440.000000,0.000000,92,95,98,100,120,130,140,140,150,150,150,18820,0,77,66.89197941030595,1.2954060002812184,148.70149300077173,16978.0
1781109848,250,gRPC,gRPC/listar-usuarios,444.600000,0.000000,89,93,96,98,120,130,130,140,140,150,150,18956,0,74,64.40740026102645,1.4689600002384395,147.32026100045914,15097.0
1781109848,250,,Aggregated,2653.700000,0.000000,91,94,97,99,120,130,140,140,150,150,150,113102,0,75,66.0137689934469,1.148823000221455,148.70149300077173,18418.187830453928
1781109849,250,gRPC,gRPC/listar-musicas,436.600000,0.000000,92,95,98,100,120,130,140,140,150,150,150,19353,0,78,67.53095598170516,1.3351719999263878,148.5104120001779,24374.0
1781109849,250,gRPC,gRPC/listar-musicas-playlist,444.000000,0.000000,90,94,97,100,120,130,140,140,140,150,150,19233,0,76,65.86871433868326,1.148823000221455,146.21045799958665,14583.0
1781109849,250,gRPC,gRPC/listar-playlists,439.800000,0.000000,90,94,97,99,120,130,140,140,140,150,150,19312,0,77,66.62419884765497,1.2973529992450494,148.47027100040577,22473.0
1781109849,250,gRPC,gRPC/listar-playlists-musica,441.800000,0.000000,92,96,99,100,120,130,140,140,150,150,150,19196,0,77,67.25732490768952,1.766510999914317,148.62956399974792,16984.0
1781109849,250,gRPC,gRPC/listar-playlists-usuario,440.500000,0.000000,92,96,99,100,120,130,140,140,150,150,150,19296,0,78,67.52493890360446,1.2954060002812184,148.70149300077173,16978.0
1781109849,250,gRPC,gRPC/listar-usuarios,439.700000,0.000000,90,93,97,99,120,130,130,140,140,150,150,19373,0,75,65.05200073530253,1.4689600002384395,147.32026100045914,15097.0
1781109849,250,,Aggregated,2642.300000,0.000000,91,95,98,100,120,130,140,140,150,150,150,115763,0,77,66.64228935318549,1.148823000221455,148.70149300077173,18419.442913538867
1781109850,250,gRPC,gRPC/listar-musicas,436.600000,0.000000,93,96,99,100,120,130,140,140,150,150,150,19798,0,79,68.20386378113722,1.3351719999263878,148.5104120001779,24374.0
1781109850,250,gRPC,gRPC/listar-musicas-playlist,439.400000,0.000000,91,95,98,100,120,130,140,140,140,150,150,19650,0,77,66.51999266121531,1.148823000221455,146.21045799958665,14583.0
1781109850,250,gRPC,gRPC/listar-playlists,442.600000,0.000000,91,95,99,100,120,130,140,140,140,150,150,19759,0,78,67.4015757376335,1.2973529992450494,148.47027100040577,22473.0
1781109850,250,gRPC,gRPC/listar-playlists-musica,434.700000,0.000000,92,96,99,100,120,130,140,140,150,150,150,19607,0,78,67.80899598347564,1.766510999914317,148.62956399974792,16984.0
1781109850,250,gRPC,gRPC/listar-playlists-usuario,439.300000,0.000000,93,97,100,100,120,130,140,140,150,150,150,19706,0,79,68.12583568562661,1.2954060002812184,148.70149300077173,16978.0
1781109850,250,gRPC,gRPC/listar-usuarios,437.600000,0.000000,90,94,97,100,120,130,140,140,140,150,150,19813,0,76,65.76450542820429,1.4689600002384395,147.32026100045914,15097.0
1781109850,250,,Aggregated,2630.200000,0.000000,92,96,99,100,120,130,140,140,150,150,150,118333,0,77,67.30342790472497,1.148823000221455,148.70149300077173,18421.294364209476
1781109851,250,gRPC,gRPC/listar-musicas,437.400000,0.000000,93,96,99,100,120,130,140,140,150,150,150,20238,0,79,68.73715456675399,1.3351719999263878,148.5104120001779,24374.0
1781109851,250,gRPC,gRPC/listar-musicas-playlist,430.900000,0.000000,91,95,98,100,120,130,140,140,140,150,150,20104,0,78,67.14570190583338,1.148823000221455,146.21045799958665,14583.0
1781109851,250,gRPC,gRPC/listar-playlists,435.100000,0.000000,91,95,99,100,130,130,140,140,140,150,150,20196,0,79,67.9544661626011,1.2973529992450494,148.47027100040577,22473.0
1781109851,250,gRPC,gRPC/listar-playlists-musica,433.000000,0.000000,92,96,99,100,120,130,140,140,150,150,150,20062,0,79,68.37666634248767,1.766510999914317,148.62956399974792,16984.0
1781109851,250,gRPC,gRPC/listar-playlists-usuario,434.500000,0.000000,93,97,100,100,120,130,140,140,150,150,150,20126,0,80,68.63555418180253,1.2954060002812184,148.70149300077173,16978.0
1781109851,250,gRPC,gRPC/listar-usuarios,434.500000,0.000000,90,94,97,99,120,130,140,140,140,150,150,20297,0,77,66.33704064191836,1.4689600002384395,147.32026100045914,15097.0
1781109851,250,,Aggregated,2605.400000,0.000000,92,96,99,100,120,130,140,140,150,150,150,121023,0,78,67.86299200475777,1.148823000221455,148.70149300077173,18419.46073886782
1781109852,250,gRPC,gRPC/listar-musicas,433.900000,0.000000,92,95,98,100,110,130,140,140,150,150,150,20706,0,80,69.19803888268872,1.3351719999263878,148.5104120001779,24374.0
1781109852,250,gRPC,gRPC/listar-musicas-playlist,430.400000,0.000000,90,94,97,99,120,130,140,140,140,150,150,20563,0,78,67.62865161191841,1.148823000221455,146.21045799958665,14583.0
1781109852,250,gRPC,gRPC/listar-playlists,432.100000,0.000000,90,95,98,100,120,130,140,140,140,150,150,20650,0,79,68.41969380633833,1.2973529992450494,148.47027100040577,22473.0
1781109852,250,gRPC,gRPC/listar-playlists-musica,434.200000,0.000000,91,95,97,99,110,130,140,140,150,150,150,20548,0,80,68.8643887060045,1.766510999914317,148.62956399974792,16984.0
1781109852,250,gRPC,gRPC/listar-playlists-usuario,430.600000,0.000000,92,95,98,100,110,130,140,140,150,150,150,20607,0,80,69.08453408894815,1.2954060002812184,148.70149300077173,16978.0
1781109852,250,gRPC,gRPC/listar-usuarios,434.200000,0.000000,89,93,96,98,120,130,140,140,140,150,150,20759,0,77,66.88475639500999,1.4689600002384395,147.32026100045914,15097.0
1781109852,250,,Aggregated,2595.400000,0.000000,91,94,97,99,110,130,140,140,150,150,150,123833,0,79,68.34559725119924,1.148823000221455,148.70149300077173,18418.977364676623
1781109853,250,gRPC,gRPC/listar-musicas,430.400000,0.000000,92,95,98,100,110,130,130,140,140,140,140,21116,0,81,69.80396668417109,1.3351719999263878,148.5104120001779,24374.0
1781109853,250,gRPC,gRPC/listar-musicas-playlist,432.800000,0.000000,90,94,97,100,120,130,140,140,140,140,140,21024,0,79,68.17381076193314,1.148823000221455,146.21045799958665,14583.0
1781109853,250,gRPC,gRPC/listar-playlists,430.100000,0.000000,91,95,98,100,120,130,130,140,140,140,140,21078,0,80,68.91642848988977,1.2973529992450494,148.47027100040577,22473.0
1781109853,250,gRPC,gRPC/listar-playlists-musica,432.800000,0.000000,91,95,98,100,110,130,130,140,140,140,140,20971,0,80,69.48305510752846,1.766510999914317,148.62956399974792,16984.0
1781109853,250,gRPC,gRPC/listar-playlists-usuario,430.200000,0.000000,92,95,98,100,110,130,130,140,140,140,140,21054,0,81,69.66960452559907,1.2954060002812184,148.70149300077173,16978.0
1781109853,250,gRPC,gRPC/listar-usuarios,433.500000,0.000000,90,94,97,100,120,130,140,140,140,140,140,21185,0,78,67.41908546287519,1.4689600002384395,147.32026100045914,15097.0
1781109853,250,,Aggregated,2589.800000,0.000000,91,95,98,100,110,130,130,140,140,140,140,126428,0,80,68.90968429101744,1.148823000221455,148.70149300077173,18416.93684152245
1781109854,250,gRPC,gRPC/listar-musicas,428.700000,0.000000,91,94,97,99,110,130,130,140,140,140,140,21599,0,82,70.27429046955673,1.3351719999263878,148.5104120001779,24374.0
1781109854,250,gRPC,gRPC/listar-musicas-playlist,435.400000,0.000000,89,93,96,98,110,130,130,140,140,140,140,21474,0,80,68.62410664589208,1.148823000221455,146.21045799958665,14583.0
1781109854,250,gRPC,gRPC/listar-playlists,433.100000,0.000000,90,94,97,99,120,130,130,140,140,140,140,21559,0,81,69.41794038558918,1.2973529992450494,148.47027100040577,22473.0
1781109854,250,gRPC,gRPC/listar-playlists-musica,433.500000,0.000000,91,94,97,99,110,130,130,140,140,140,140,21444,0,81,69.97468654635234,1.766510999914317,148.62956399974792,16984.0
1781109854,250,gRPC,gRPC/listar-playlists-usuario,433.100000,0.000000,91,95,97,100,110,130,130,130,140,140,140,21543,0,82,70.17789932683303,1.2954060002812184,148.70149300077173,16978.0
1781109854,250,gRPC,gRPC/listar-usuarios,430.700000,0.000000,89,92,96,98,120,130,130,140,140,140,140,21617,0,79,67.81479139593878,1.4689600002384395,147.32026100045914,15097.0
1781109854,250,,Aggregated,2594.500000,0.000000,90,94,97,99,110,130,130,140,140,140,140,129236,0,80,69.38006323193807,1.148823000221455,148.70149300077173,18419.160094710453
1781109855,250,gRPC,gRPC/listar-musicas,436.900000,0.000000,91,94,96,98,110,130,130,140,140,140,140,22060,0,82,70.7003538345403,1.3351719999263878,148.5104120001779,24374.0
1781109855,250,gRPC,gRPC/listar-musicas-playlist,437.100000,0.000000,89,92,95,97,120,130,130,140,140,140,140,21944,0,80,69.05165409414369,1.148823000221455,146.21045799958665,14583.0
1781109855,250,gRPC,gRPC/listar-playlists,440.100000,0.000000,90,94,96,99,120,130,130,140,140,140,140,22043,0,81,69.92630888213579,1.2973529992450494,148.47027100040577,22473.0
1781109855,250,gRPC,gRPC/listar-playlists-musica,434.100000,0.000000,90,93,95,97,110,130,130,140,140,140,140,21867,0,82,70.33382717258816,1.766510999914317,148.62956399974792,16984.0
1781109855,250,gRPC,gRPC/listar-playlists-usuario,438.400000,0.000000,91,94,96,98,110,130,130,130,140,140,140,21975,0,82,70.5461499709193,1.2954060002812184,148.70149300077173,16978.0
1781109855,250,gRPC,gRPC/listar-usuarios,435.300000,0.000000,88,92,95,97,120,130,130,140,140,140,140,22100,0,79,68.29845369932087,1.4689600002384395,147.32026100045914,15097.0
1781109855,250,,Aggregated,2621.900000,0.000000,90,93,96,98,110,130,130,140,140,140,140,131989,0,81,69.80840979831478,1.148823000221455,148.70149300077173,18419.690345407573
1781109856,250,gRPC,gRPC/listar-musicas,437.000000,0.000000,90,93,95,98,110,130,130,140,140,140,140,22529,0,83,71.11039278489733,1.3351719999263878,148.5104120001779,24374.0
1781109856,250,gRPC,gRPC/listar-musicas-playlist,435.900000,0.000000,88,91,94,96,120,130,130,140,140,140,140,22366,0,80,69.41474022395057,1.148823000221455,146.21045799958665,14583.0
1781109856,250,gRPC,gRPC/listar-playlists,438.400000,0.000000,89,93,96,99,130,130,130,140,140,140,140,22472,0,81,70.36815473419892,1.2973529992450494,148.47027100040577,22473.0
1781109856,250,gRPC,gRPC/listar-playlists-musica,435.500000,0.000000,90,93,95,97,110,130,130,140,140,140,140,22347,0,82,70.7741570690917,1.766510999914317,148.62956399974792,16984.0
1781109856,250,gRPC,gRPC/listar-playlists-usuario,432.000000,0.000000,90,93,95,97,110,130,130,130,140,140,140,22438,0,82,70.94145989272455,1.2954060002812184,148.70149300077173,16978.0
1781109856,250,gRPC,gRPC/listar-usuarios,440.400000,0.000000,88,91,94,97,120,130,130,140,140,140,140,22557,0,79,68.716460132065,1.4689600002384395,147.32026100045914,15097.0
1781109856,250,,Aggregated,2619.200000,0.000000,89,92,95,97,110,130,130,140,140,140,140,134709,0,81,70.22026032694009,1.148823000221455,148.70149300077173,18419.966899019368
1781109857,250,gRPC,gRPC/listar-musicas,439.600000,0.000000,89,93,95,98,110,130,130,140,140,140,140,22990,0,83,71.50537888520903,1.3351719999263878,148.5104120001779,24374.0
1781109857,250,gRPC,gRPC/listar-musicas-playlist,441.600000,0.000000,87,91,94,96,120,130,130,140,140,140,140,22854,0,80,69.87135694433678,1.148823000221455,146.21045799958665,14583.0
1781109857,250,gRPC,gRPC/listar-playlists,436.400000,0.000000,89,93,96,99,130,130,130,140,140,140,140,22948,0,82,70.79656692042593,1.2973529992450494,148.47027100040577,22473.0
1781109857,250,gRPC,gRPC/listar-playlists-musica,443.600000,0.000000,89,92,94,96,110,130,130,140,140,140,140,22812,0,82,71.10667324228447,1.766510999914317,148.62956399974792,16984.0
1781109857,250,gRPC,gRPC/listar-playlists-usuario,439.300000,0.000000,89,93,94,96,110,130,130,130,140,140,140,22887,0,83,71.31529481867274,1.2954060002812184,148.70149300077173,16978.0
1781109857,250,gRPC,gRPC/listar-usuarios,441.200000,0.000000,87,90,94,97,120,130,130,140,140,140,140,23048,0,80,69.12010685300196,1.4689600002384395,147.32026100045914,15097.0
1781109857,250,,Aggregated,2641.700000,0.000000,88,92,95,97,110,130,130,140,140,140,140,137539,0,81,70.6181306766282,1.148823000221455,148.70149300077173,18418.911697772994
1781109858,250,gRPC,gRPC/listar-musicas,441.800000,0.000000,89,92,94,97,120,130,130,140,140,140,140,23446,0,83,72.04265094954177,1.3351719999263878,148.5104120001779,24374.0
1781109858,250,gRPC,gRPC/listar-musicas-playlist,447.500000,0.000000,86,89,92,94,120,130,130,140,140,140,140,23312,0,81,70.2305023959708,1.148823000221455,146.21045799958665,14583.0
1781109858,250,gRPC,gRPC/listar-playlists,442.800000,0.000000,88,91,94,98,120,130,130,140,140,140,140,23384,0,82,71.18273887863198,1.2973529992450494,148.47027100040577,22473.0
1781109858,250,gRPC,gRPC/listar-playlists-musica,444.100000,0.000000,88,91,93,95,110,130,130,140,140,140,140,23298,0,83,71.59481141059263,1.766510999914317,148.62956399974792,16984.0
1781109858,250,gRPC,gRPC/listar-playlists-usuario,445.400000,0.000000,88,92,94,95,110,130,130,140,140,140,140,23354,0,83,71.77919742592107,1.2954060002812184,148.70149300077173,16978.0
1781109858,250,gRPC,gRPC/listar-usuarios,443.400000,0.000000,86,89,92,95,120,130,130,140,140,140,140,23489,0,80,69.50398767772106,1.4689600002384395,147.32026100045914,15097.0
1781109858,250,,Aggregated,2665.000000,0.000000,88,91,93,95,110,130,130,140,140,140,140,140283,0,82,71.05486118379825,1.148823000221455,148.70149300077173,18418.134834584376
1781109859,250,gRPC,gRPC/listar-musicas,444.800000,0.000000,89,92,94,96,120,130,130,140,140,140,140,23884,0,84,72.37994004852465,1.3351719999263878,148.5104120001779,24374.0
1781109859,250,gRPC,gRPC/listar-musicas-playlist,442.400000,0.000000,86,90,93,95,120,130,130,140,140,140,140,23798,0,81,70.65905043057667,1.148823000221455,146.21045799958665,14583.0
1781109859,250,gRPC,gRPC/listar-playlists,445.000000,0.000000,88,91,94,97,120,130,130,140,140,140,140,23854,0,82,71.57432864923858,1.2973529992450494,148.47027100040577,22473.0
1781109859,250,gRPC,gRPC/listar-playlists-musica,444.600000,0.000000,88,91,93,95,110,130,130,140,140,140,140,23739,0,83,71.94803069067684,1.766510999914317,148.62956399974792,16984.0
1781109859,250,gRPC,gRPC/listar-playlists-usuario,446.200000,0.000000,88,92,93,95,110,130,130,140,140,140,140,23812,0,83,72.10033588425848,1.2954060002812184,148.70149300077173,16978.0
1781109859,250,gRPC,gRPC/listar-usuarios,441.900000,0.000000,86,89,92,95,120,130,130,140,140,140,140,23946,0,80,69.90324716562229,1.4689600002384395,147.32026100045914,15097.0
1781109859,250,,Aggregated,2664.900000,0.000000,88,91,93,95,120,130,130,140,140,140,140,143033,0,82,71.42639293823626,1.148823000221455,148.70149300077173,18417.021708277112
1781109860,250,gRPC,gRPC/listar-musicas,449.900000,0.000000,88,91,93,95,120,130,130,140,140,140,140,24357,0,84,72.73795460799602,1.3351719999263878,148.5104120001779,24374.0
1781109860,250,gRPC,gRPC/listar-musicas-playlist,449.000000,0.000000,86,89,92,93,120,130,130,130,140,140,140,24255,0,81,70.99008521957778,1.148823000221455,146.21045799958665,14583.0
1781109860,250,gRPC,gRPC/listar-playlists,449.600000,0.000000,87,90,93,95,120,130,130,130,140,140,140,24312,0,83,71.97271200838868,1.2973529992450494,148.47027100040577,22473.0
1781109860,250,gRPC,gRPC/listar-playlists-musica,447.600000,0.000000,88,91,93,94,120,130,130,140,140,140,140,24206,0,83,72.29630183822164,1.766510999914317,148.62956399974792,16984.0
1781109860,250,gRPC,gRPC/listar-playlists-usuario,448.000000,0.000000,88,90,92,94,110,130,130,140,140,140,140,24298,0,84,72.44802787920698,1.2954060002812184,148.70149300077173,16978.0
1781109860,250,gRPC,gRPC/listar-usuarios,449.400000,0.000000,86,89,91,93,120,130,130,130,140,140,140,24396,0,80,70.28829917568409,1.4689600002384395,147.32026100045914,15097.0
1781109860,250,,Aggregated,2693.500000,0.000000,87,90,92,94,120,130,130,140,140,140,140,145824,0,82,71.7882053854697,1.148823000221455,148.70149300077173,18417.43690339039
1781109861,250,gRPC,gRPC/listar-musicas,451.100000,0.000000,88,91,92,94,120,130,130,140,140,140,140,24820,0,84,73.08832199024779,1.3351719999263878,148.5104120001779,24374.0
1781109861,250,gRPC,gRPC/listar-musicas-playlist,450.800000,0.000000,86,88,90,92,120,130,130,130,140,140,140,24706,0,82,71.30214638447552,1.148823000221455,146.21045799958665,14583.0
1781109861,250,gRPC,gRPC/listar-playlists,451.500000,0.000000,87,89,92,94,120,130,130,130,140,140,140,24799,0,83,72.30656546227455,1.2973529992450494,148.47027100040577,22473.0
1781109861,250,gRPC,gRPC/listar-playlists-musica,450.700000,0.000000,87,90,92,94,110,130,130,140,140,140,140,24659,0,84,72.6006309517012,1.766510999914317,148.62956399974792,16984.0
1781109861,250,gRPC,gRPC/listar-playlists-usuario,452.700000,0.000000,87,90,92,93,110,130,130,140,140,140,140,24763,0,84,72.83179451956423,1.2954060002812184,148.70149300077173,16978.0
1781109861,250,gRPC,gRPC/listar-usuarios,450.500000,0.000000,86,88,90,92,120,130,130,130,140,140,140,24857,0,81,70.60931873303275,1.4689600002384395,147.32026100045914,15097.0
1781109861,250,,Aggregated,2707.300000,0.000000,87,89,92,93,120,130,130,130,140,140,140,148604,0,83,72.12256749040918,1.148823000221455,148.70149300077173,18418.474630561763
1781109862,250,gRPC,gRPC/listar-musicas,452.500000,0.000000,88,90,92,93,130,130,130,140,140,140,140,25304,0,84,73.43375761634321,1.3351719999263878,148.5104120001779,24374.0
1781109862,250,gRPC,gRPC/listar-musicas-playlist,451.200000,0.000000,85,87,89,91,100,130,130,130,140,140,140,25185,0,82,71.56115872697437,1.148823000221455,146.21045799958665,14583.0
1781109862,250,gRPC,gRPC/listar-playlists,455.000000,0.000000,87,89,91,92,120,130,130,130,140,140,140,25274,0,83,72.58853205566774,1.2973529992450494,148.47027100040577,22473.0
1781109862,250,gRPC,gRPC/listar-playlists-musica,450.400000,0.000000,87,89,92,93,120,130,130,140,140,140,140,25115,0,84,72.92384901254228,1.766510999914317,148.62956399974792,16984.0
1781109862,250,gRPC,gRPC/listar-playlists-usuario,451.100000,0.000000,87,89,91,93,120,130,130,140,140,140,140,25221,0,84,73.12610903988703,1.2954060002812184,148.70149300077173,16978.0
1781109862,250,gRPC,gRPC/listar-usuarios,453.100000,0.000000,86,88,89,91,120,130,130,130,140,140,140,25327,0,81,70.91866890125148,1.4689600002384395,147.32026100045914,15097.0
1781109862,250,,Aggregated,2713.300000,0.000000,87,89,91,92,120,130,130,130,140,140,140,151426,0,83,72.42475754325365,1.148823000221455,148.70149300077173,18419.110126398373
1781109863,250,gRPC,gRPC/listar-musicas,457.100000,0.000000,88,90,92,93,120,130,130,140,170,170,170,25739,0,85,73.78985450549554,1.3351719999263878,168.68686999987403,24374.0
1781109863,250,gRPC,gRPC/listar-musicas-playlist,452.100000,0.000000,85,87,89,91,120,130,130,170,170,170,170,25604,0,82,72.01100808748114,1.148823000221455,169.20375200061244,14583.0
1781109863,250,gRPC,gRPC/listar-playlists,451.700000,0.000000,87,89,91,93,120,130,130,140,170,170,170,25696,0,83,73.02113087009435,1.2973529992450494,169.4056289998116,22473.0
1781109863,250,gRPC,gRPC/listar-playlists-musica,455.300000,0.000000,87,89,92,93,110,130,130,140,170,170,170,25562,0,84,73.32396687137155,1.766510999914317,169.05020400008652,16984.0
1781109863,250,gRPC,gRPC/listar-playlists-usuario,452.800000,0.000000,87,89,91,92,120,130,130,140,170,170,170,25634,0,84,73.50721434922323,1.2954060002812184,169.53065899997455,16978.0
1781109863,250,gRPC,gRPC/listar-usuarios,453.000000,0.000000,85,88,89,91,120,130,130,130,170,170,170,25798,0,81,71.29389259229437,1.4689600002384395,169.18914899997617,15097.0
1781109863,250,,Aggregated,2722.000000,0.000000,87,89,91,92,120,130,130,140,170,170,170,154033,0,83,72.82354372061052,1.148823000221455,169.53065899997455,18418.411587127433
1781109864,250,gRPC,gRPC/listar-musicas,454.000000,0.000000,88,89,92,93,120,130,130,140,170,170,170,26206,0,85,74.12284349137398,1.3351719999263878,168.68686999987403,24374.0
1781109864,250,gRPC,gRPC/listar-musicas-playlist,455.500000,0.000000,85,87,89,90,110,130,130,170,170,170,170,26063,0,82,72.25075426680992,1.148823000221455,169.20375200061244,14583.0
1781109864,250,gRPC,gRPC/listar-playlists,453.300000,0.000000,86,88,90,92,120,130,130,140,170,170,170,26150,0,83,73.28163127716803,1.2973529992450494,169.4056289998116,22473.0
1781109864,250,gRPC,gRPC/listar-playlists-musica,453.800000,0.000000,87,89,91,92,110,130,130,140,170,170,170,26049,0,84,73.66220899819562,1.766510999914317,169.05020400008652,16984.0
1781109864,250,gRPC,gRPC/listar-playlists-usuario,453.200000,0.000000,87,89,91,92,110,130,130,140,170,170,170,26107,0,84,73.80131719963964,1.2954060002812184,169.53065899997455,16978.0
1781109864,250,gRPC,gRPC/listar-usuarios,457.200000,0.000000,85,87,89,91,120,130,130,130,170,170,170,26259,0,81,71.59358048025508,1.4689600002384395,169.18914899997617,15097.0
1781109864,250,,Aggregated,2727.000000,0.000000,86,88,90,92,120,130,130,140,170,170,170,156834,0,83,73.11796551159023,1.148823000221455,169.53065899997455,18418.09625463866
1781109865,250,gRPC,gRPC/listar-musicas,455.500000,0.000000,88,90,92,93,130,130,130,140,170,170,170,26616,0,85,74.42903182382594,1.3351719999263878,168.68686999987403,24374.0
1781109865,250,gRPC,gRPC/listar-musicas-playlist,456.800000,0.000000,85,87,89,91,120,130,130,170,170,170,170,26527,0,82,72.62968394578655,1.148823000221455,169.20375200061244,14583.0
1781109865,250,gRPC,gRPC/listar-playlists,454.900000,0.000000,87,88,90,92,120,130,130,140,170,170,170,26586,0,84,73.60383092849438,1.2973529992450494,169.4056289998116,22473.0
1781109865,250,gRPC,gRPC/listar-playlists-musica,458.900000,0.000000,87,89,92,93,120,130,130,140,170,170,170,26472,0,84,74.03939366088704,1.766510999914317,169.05020400008652,16984.0
1781109865,250,gRPC,gRPC/listar-playlists-usuario,459.000000,0.000000,87,89,91,92,120,130,130,140,170,170,170,26555,0,84,74.15396916799016,1.2954060002812184,169.53065899997455,16978.0
1781109865,250,gRPC,gRPC/listar-usuarios,456.100000,0.000000,86,88,89,91,120,130,130,130,170,170,170,26687,0,81,71.982437800915,1.4689600002384395,169.18914899997617,15097.0
1781109865,250,,Aggregated,2741.200000,0.000000,87,88,91,92,120,130,130,140,170,170,170,159443,0,83,73.47206828746144,1.148823000221455,169.53065899997455,18416.573195436613
1781109866,250,gRPC,gRPC/listar-musicas,457.200000,0.000000,87,90,91,93,120,130,130,140,170,170,170,27115,0,85,74.63196024351653,1.3351719999263878,168.68686999987403,24374.0
1781109866,250,gRPC,gRPC/listar-musicas-playlist,455.700000,0.000000,85,87,88,90,96,130,130,170,170,170,170,27021,0,82,72.83536501102377,1.148823000221455,169.20375200061244,14583.0
1781109866,250,gRPC,gRPC/listar-playlists,456.700000,0.000000,86,88,90,92,110,130,130,140,170,170,170,27074,0,84,73.79740091766847,1.2973529992450494,169.4056289998116,22473.0
1781109866,250,gRPC,gRPC/listar-playlists-musica,454.600000,0.000000,86,89,91,92,120,130,130,140,170,170,170,26971,0,84,74.24048209958885,1.766510999914317,169.05020400008652,16984.0
1781109866,250,gRPC,gRPC/listar-playlists-usuario,458.800000,0.000000,87,89,90,92,110,130,130,140,170,170,170,27052,0,84,74.35778559555585,1.2954060002812184,169.53065899997455,16978.0
1781109866,250,gRPC,gRPC/listar-usuarios,452.600000,0.000000,85,87,89,91,110,130,130,130,170,170,170,27183,0,82,72.17931078273232,1.4689600002384395,169.18914899997617,15097.0
1781109866,250,,Aggregated,2735.600000,0.000000,86,88,90,92,110,130,130,140,170,170,170,162416,0,84,73.6727779040041,1.148823000221455,169.53065899997455,18416.463439562605
1781109867,250,gRPC,gRPC/listar-musicas,456.900000,0.000000,88,90,91,93,120,130,130,130,170,170,170,27583,0,85,74.92183716437496,1.3351719999263878,168.68686999987403,24374.0
1781109867,250,gRPC,gRPC/listar-musicas-playlist,454.800000,0.000000,86,87,89,91,96,130,130,170,170,170,170,27472,0,83,73.1114336053028,1.148823000221455,169.20375200061244,14583.0
1781109867,250,gRPC,gRPC/listar-playlists,459.000000,0.000000,87,88,90,92,110,130,130,140,170,170,170,27554,0,84,74.08695273615257,1.2973529992450494,169.4056289998116,22473.0
1781109867,250,gRPC,gRPC/listar-playlists-musica,453.000000,0.000000,87,89,91,92,120,130,130,130,170,170,170,27436,0,85,74.48801852525887,1.766510999914317,169.05020400008652,16984.0
1781109867,250,gRPC,gRPC/listar-playlists-usuario,456.600000,0.000000,87,89,91,92,120,130,130,130,170,170,170,27526,0,85,74.67686357102276,1.2954060002812184,169.53065899997455,16978.0
1781109867,250,gRPC,gRPC/listar-usuarios,457.500000,0.000000,86,88,89,91,110,130,130,130,170,170,170,27616,0,82,72.43536645216616,1.4689600002384395,169.18914899997617,15097.0
1781109867,250,,Aggregated,2737.800000,0.000000,87,88,90,92,110,130,130,130,170,170,170,165187,0,84,73.95292569669404,1.148823000221455,169.53065899997455,18417.802030426123
1781109868,250,gRPC,gRPC/listar-musicas,455.200000,0.000000,88,90,92,93,130,130,130,130,170,170,170,28045,0,85,75.37831711798731,1.3351719999263878,168.68686999987403,24374.0
1781109868,250,gRPC,gRPC/listar-musicas-playlist,450.900000,0.000000,86,88,89,91,100,130,130,170,170,170,170,27872,0,83,73.38582169287716,1.148823000221455,169.20375200061244,14583.0
1781109868,250,gRPC,gRPC/listar-playlists,451.200000,0.000000,87,88,90,92,110,130,130,140,170,170,170,27982,0,84,74.36708595936504,1.2973529992450494,169.4056289998116,22473.0
1781109868,250,gRPC,gRPC/listar-playlists-musica,454.000000,0.000000,87,89,92,93,120,130,130,130,170,170,170,27853,0,85,74.88139889078413,1.766510999914317,169.05020400008652,16984.0
1781109868,250,gRPC,gRPC/listar-playlists-usuario,453.400000,0.000000,87,89,91,92,120,130,130,130,170,170,170,27946,0,85,75.06791349681409,1.2954060002812184,169.53065899997455,16978.0
1781109868,250,gRPC,gRPC/listar-usuarios,452.400000,0.000000,86,88,90,91,110,130,130,130,170,170,170,28062,0,82,72.77724272831638,1.4689600002384395,169.18914899997617,15097.0
1781109868,250,,Aggregated,2717.100000,0.000000,87,89,91,92,120,130,130,130,170,170,170,167760,0,84,74.30930391298149,1.148823000221455,169.53065899997455,18419.410145445876
1781109869,250,gRPC,gRPC/listar-musicas,460.600000,0.000000,88,90,92,94,130,130,130,130,170,170,170,28471,0,86,75.64460406171051,1.3351719999263878,168.68686999987403,24374.0
1781109869,250,gRPC,gRPC/listar-musicas-playlist,457.900000,0.000000,86,88,90,92,100,130,130,170,170,170,170,28327,0,83,73.67336719362717,1.148823000221455,169.20375200061244,14583.0
1781109869,250,gRPC,gRPC/listar-playlists,456.100000,0.000000,87,89,91,92,100,130,130,140,170,170,170,28435,0,84,74.65222205672431,1.2973529992450494,169.4056289998116,22473.0
1781109869,250,gRPC,gRPC/listar-playlists-musica,458.500000,0.000000,88,90,92,94,120,130,130,130,170,170,170,28304,0,85,75.18200653702678,1.766510999914317,169.05020400008652,16984.0
1781109869,250,gRPC,gRPC/listar-playlists-usuario,455.000000,0.000000,87,90,91,93,120,130,130,130,170,170,170,28365,0,85,75.36266406289364,1.2954060002812184,169.53065899997455,16978.0
1781109869,250,gRPC,gRPC/listar-usuarios,460.600000,0.000000,86,88,90,92,110,130,130,130,170,170,170,28524,0,82,73.0721123672349,1.4689600002384395,169.18914899997617,15097.0
1781109869,250,,Aggregated,2748.700000,0.000000,87,89,91,93,120,130,130,130,170,170,170,170426,0,84,74.59707639238621,1.148823000221455,169.53065899997455,18418.4777205356
1781109870,250,gRPC,gRPC/listar-musicas,455.500000,0.000000,88,91,93,95,120,130,130,130,170,170,170,28935,0,86,75.89058227568557,1.3351719999263878,168.68686999987403,24374.0
1781109870,250,gRPC,gRPC/listar-musicas-playlist,458.000000,0.000000,86,88,90,92,100,130,130,170,170,170,170,28804,0,83,73.96817598628262,1.148823000221455,169.20375200061244,14583.0
1781109870,250,gRPC,gRPC/listar-playlists,453.900000,0.000000,87,89,91,93,100,130,130,140,170,170,170,28865,0,84,74.90234779182254,1.2973529992450494,169.4056289998116,22473.0
1781109870,250,gRPC,gRPC/listar-playlists-musica,460.400000,0.000000,88,90,93,95,120,130,130,130,170,170,170,28774,0,85,75.45730757371285,1.766510999914317,169.05020400008652,16984.0
1781109870,250,gRPC,gRPC/listar-playlists-usuario,457.800000,0.000000,88,90,93,96,120,130,130,130,170,170,170,28827,0,85,75.6668836066877,1.2954060002812184,169.53065899997455,16978.0
1781109870,250,gRPC,gRPC/listar-usuarios,458.500000,0.000000,86,88,91,92,110,130,130,130,170,170,170,28971,0,82,73.31801585582136,1.4689600002384395,169.18914899997617,15097.0
1781109870,250,,Aggregated,2744.100000,0.000000,87,90,92,94,120,130,130,130,170,170,170,173176,0,84,74.86651538020185,1.148823000221455,169.53065899997455,18417.628170185246
1781109871,250,gRPC,gRPC/listar-musicas,453.400000,0.000000,89,91,93,95,120,130,130,130,170,170,170,29367,0,86,76.1444306777323,1.3351719999263878,168.68686999987403,24374.0
1781109871,250,gRPC,gRPC/listar-musicas-playlist,457.600000,0.000000,86,88,91,93,100,130,130,170,170,170,170,29293,0,83,74.18879152544554,1.148823000221455,169.20375200061244,14583.0
1781109871,250,gRPC,gRPC/listar-playlists,456.100000,0.000000,87,89,92,93,100,130,130,140,170,170,170,29349,0,84,75.13991846423961,1.2973529992450494,169.4056289998116,22473.0
1781109871,250,gRPC,gRPC/listar-playlists-musica,453.900000,0.000000,88,90,93,95,120,130,130,130,170,170,170,29224,0,85,75.68775946715067,1.766510999914317,169.05020400008652,16984.0
1781109871,250,gRPC,gRPC/listar-playlists-usuario,453.900000,0.000000,88,90,92,95,120,130,130,130,170,170,170,29310,0,85,75.87371879310794,1.2954060002812184,169.53065899997455,16978.0
1781109871,250,gRPC,gRPC/listar-usuarios,454.300000,0.000000,86,89,91,93,110,130,130,130,170,170,170,29444,0,82,73.54115155984205,1.4689600002384395,169.18914899997617,15097.0
1781109871,250,,Aggregated,2729.200000,0.000000,87,90,92,94,120,130,130,130,170,170,170,175987,0,84,75.094925647331,1.148823000221455,169.53065899997455,18416.205844749897
1781109872,250,gRPC,gRPC/listar-musicas,454.200000,0.000000,89,91,93,95,120,130,130,130,170,170,170,29857,0,86,76.37238461094434,1.3351719999263878,168.68686999987403,24374.0
1781109872,250,gRPC,gRPC/listar-musicas-playlist,453.300000,0.000000,86,88,91,93,110,130,130,170,170,170,170,29763,0,83,74.3852867967571,1.148823000221455,169.20375200061244,14583.0
1781109872,250,gRPC,gRPC/listar-playlists,452.300000,0.000000,87,89,92,93,100,130,130,140,170,170,170,29817,0,84,75.34659687335981,1.2973529992450494,169.4056289998116,22473.0
1781109872,250,gRPC,gRPC/listar-playlists-musica,451.500000,0.000000,88,91,93,95,120,130,130,130,170,170,170,29706,0,85,75.93013746021033,1.766510999914317,169.05020400008652,16984.0
1781109872,250,gRPC,gRPC/listar-playlists-usuario,453.800000,0.000000,88,90,92,95,120,130,130,130,170,170,170,29799,0,85,76.05147216852885,1.2954060002812184,169.53065899997455,16978.0
1781109872,250,gRPC,gRPC/listar-usuarios,452.900000,0.000000,86,89,91,93,110,130,130,130,170,170,170,29903,0,82,73.76889634461384,1.4689600002384395,169.18914899997617,15097.0
1781109872,250,,Aggregated,2718.000000,0.000000,87,90,92,94,120,130,130,130,170,170,170,178845,0,84,75.3084450064014,1.148823000221455,169.53065899997455,18416.76035114205
1781109873,250,gRPC,gRPC/listar-musicas,451.900000,0.000000,89,91,93,95,120,130,130,130,130,130,130,30312,0,86,76.64423291184886,1.3351719999263878,168.68686999987403,24374.0
1781109873,250,gRPC,gRPC/listar-musicas-playlist,450.700000,0.000000,86,89,91,93,100,120,130,130,130,130,130,30196,0,83,74.63683771866738,1.148823000221455,169.20375200061244,14583.0
1781109873,250,gRPC,gRPC/listar-playlists,452.900000,0.000000,87,89,92,93,100,130,130,130,130,130,130,30295,0,84,75.65712973559879,1.2973529992450494,169.4056289998116,22473.0
1781109873,250,gRPC,gRPC/listar-playlists-musica,452.200000,0.000000,88,90,93,95,120,130,130,130,130,130,130,30121,0,85,76.17590815228563,1.766510999914317,169.05020400008652,16984.0
1781109873,250,gRPC,gRPC/listar-playlists-usuario,452.100000,0.000000,88,90,92,94,120,130,130,130,130,130,130,30230,0,85,76.32031159811393,1.2954060002812184,169.53065899997455,16978.0
1781109873,250,gRPC,gRPC/listar-usuarios,453.300000,0.000000,86,89,91,93,110,130,130,130,130,130,130,30352,0,82,74.02654742461768,1.4689600002384395,169.18914899997617,15097.0
1781109873,250,,Aggregated,2713.100000,0.000000,87,90,92,94,120,130,130,130,130,130,130,181506,0,84,75.57611319523798,1.148823000221455,169.53065899997455,18418.325779864026
1781109874,250,gRPC,gRPC/listar-musicas,453.700000,0.000000,89,91,93,95,120,130,130,130,130,130,130,30798,0,86,76.8965709539243,1.3351719999263878,168.68686999987403,24374.0
1781109874,250,gRPC,gRPC/listar-musicas-playlist,452.300000,0.000000,86,88,90,92,100,120,130,130,130,130,130,30643,0,83,74.7947774840219,1.148823000221455,169.20375200061244,14583.0
1781109874,250,gRPC,gRPC/listar-playlists,452.000000,0.000000,87,89,91,93,100,130,130,130,130,130,130,30753,0,84,75.82459640035,1.2973529992450494,169.4056289998116,22473.0
1781109874,250,gRPC,gRPC/listar-playlists-musica,454.100000,0.000000,88,90,93,95,120,130,130,130,130,130,130,30607,0,85,76.41662319858207,1.766510999914317,169.05020400008652,16984.0
1781109874,250,gRPC,gRPC/listar-playlists-usuario,451.100000,0.000000,88,90,92,94,120,130,130,130,130,130,130,30706,0,85,76.52241627610145,1.2954060002812184,169.53065899997455,16978.0
1781109874,250,gRPC,gRPC/listar-usuarios,451.900000,0.000000,86,89,91,93,110,120,130,130,130,130,130,30812,0,83,74.21995280776919,1.4689600002384395,169.18914899997617,15097.0
1781109874,250,,Aggregated,2715.100000,0.000000,87,90,92,94,120,130,130,130,130,130,130,184319,0,84,75.77882290001492,1.148823000221455,169.53065899997455,18419.012744209766
1781109875,250,gRPC,gRPC/listar-musicas,451.100000,0.000000,88,91,93,96,120,130,130,130,140,140,140,31228,0,86,77.08888201482482,1.3351719999263878,168.68686999987403,24374.0
1781109875,250,gRPC,gRPC/listar-musicas-playlist,453.500000,0.000000,86,89,91,93,100,130,130,130,140,140,140,31101,0,83,75.0838833900802,1.148823000221455,169.20375200061244,14583.0
1781109875,250,gRPC,gRPC/listar-playlists,451.500000,0.000000,87,89,91,93,100,130,130,130,140,140,140,31196,0,84,76.07884141671833,1.2973529992450494,169.4056289998116,22473.0
1781109875,250,gRPC,gRPC/listar-playlists-musica,452.500000,0.000000,88,90,92,94,120,130,130,130,140,140,140,31061,0,85,76.621280049258,1.766510999914317,169.05020400008652,16984.0
1781109875,250,gRPC,gRPC/listar-playlists-usuario,450.600000,0.000000,88,90,92,94,120,130,130,130,140,140,140,31119,0,85,76.6860781152021,1.2954060002812184,169.53065899997455,16978.0
1781109875,250,gRPC,gRPC/listar-usuarios,455.100000,0.000000,86,89,91,93,110,120,130,130,140,140,140,31294,0,83,74.51171296961007,1.4689600002384395,169.18914899997617,15097.0
1781109875,250,,Aggregated,2714.300000,0.000000,87,90,92,94,120,130,130,130,140,140,140,186999,0,84,76.01093156571893,1.148823000221455,169.53065899997455,18417.68558655394
1781109877,250,gRPC,gRPC/listar-musicas,453.600000,0.000000,89,91,94,97,120,130,130,130,140,140,140,31721,0,86,77.2689350541583,1.3351719999263878,168.68686999987403,24374.0
1781109877,250,gRPC,gRPC/listar-musicas-playlist,455.200000,0.000000,86,89,91,93,110,120,130,130,140,140,140,31578,0,83,75.22520417961532,1.148823000221455,169.20375200061244,14583.0
1781109877,250,gRPC,gRPC/listar-playlists,455.600000,0.000000,87,89,92,94,110,130,130,130,140,140,140,31686,0,84,76.23351694268597,1.2973529992450494,169.4056289998116,22473.0
1781109877,250,gRPC,gRPC/listar-playlists-musica,453.400000,0.000000,88,91,93,96,120,130,130,130,140,140,140,31554,0,85,76.76263890381595,1.766510999914317,169.05020400008652,16984.0
1781109877,250,gRPC,gRPC/listar-playlists-usuario,454.100000,0.000000,88,90,92,94,120,130,130,130,140,140,140,31615,0,85,76.86319143703834,1.2954060002812184,169.53065899997455,16978.0
1781109877,250,gRPC,gRPC/listar-usuarios,452.000000,0.000000,86,89,91,94,120,120,130,130,140,140,140,31775,0,83,74.64784173195856,1.4689600002384395,169.18914899997617,15097.0
1781109877,250,,Aggregated,2723.900000,0.000000,87,90,92,95,120,130,130,130,140,140,140,189929,0,85,76.16624044021127,1.148823000221455,169.53065899997455,18418.08721680207
1781109878,250,gRPC,gRPC/listar-musicas,453.900000,0.000000,89,91,93,96,120,130,130,130,140,140,140,32157,0,86,77.51257215716484,1.3351719999263878,168.68686999987403,24374.0
1781109878,250,gRPC,gRPC/listar-musicas-playlist,454.400000,0.000000,86,89,90,93,120,130,130,130,140,140,140,32049,0,83,75.48015192766998,1.148823000221455,169.20375200061244,14583.0
1781109878,250,gRPC,gRPC/listar-playlists,458.000000,0.000000,86,90,92,95,120,130,130,130,140,140,140,32107,0,84,76.49752903556683,1.2973529992450494,169.4056289998116,22473.0
1781109878,250,gRPC,gRPC/listar-playlists-musica,453.100000,0.000000,88,90,92,94,120,130,130,130,140,140,140,32013,0,85,77.03837641520659,1.766510999914317,169.05020400008652,16984.0
1781109878,250,gRPC,gRPC/listar-playlists-usuario,452.300000,0.000000,87,90,92,94,110,130,130,140,140,140,140,32068,0,85,77.10648731426873,1.2954060002812184,169.53065899997455,16978.0
1781109878,250,gRPC,gRPC/listar-usuarios,457.200000,0.000000,86,88,90,93,120,120,130,130,140,140,140,32206,0,83,74.86270804350085,1.4689600002384395,169.18914899997617,15097.0
1781109878,250,,Aggregated,2728.900000,0.000000,87,90,92,94,120,130,130,130,140,140,140,192600,0,85,76.41562871939702,1.148823000221455,169.53065899997455,18416.818141225336
1781109879,250,gRPC,gRPC/listar-musicas,453.800000,0.000000,88,90,92,94,120,130,130,130,140,140,140,32607,0,86,77.72358368230536,1.3351719999263878,168.68686999987403,24374.0
1781109879,250,gRPC,gRPC/listar-musicas-playlist,452.700000,0.000000,85,88,90,92,120,130,130,130,140,140,140,32508,0,84,75.74136538728615,1.148823000221455,169.20375200061244,14583.0
1781109879,250,gRPC,gRPC/listar-playlists,457.000000,0.000000,86,89,91,93,120,130,130,130,140,140,140,32563,0,85,76.68320428885355,1.2973529992450494,169.4056289998116,22473.0
1781109879,250,gRPC,gRPC/listar-playlists-musica,453.500000,0.000000,87,90,92,94,120,130,130,130,140,140,140,32456,0,85,77.28330743847123,1.766510999914317,169.05020400008652,16984.0
1781109879,250,gRPC,gRPC/listar-playlists-usuario,454.100000,0.000000,87,90,91,93,110,130,130,140,140,140,140,32548,0,85,77.33535115113006,1.2954060002812184,169.53065899997455,16978.0
1781109879,250,gRPC,gRPC/listar-usuarios,455.300000,0.000000,86,88,90,92,120,120,130,130,140,140,140,32649,0,83,75.08451595485278,1.4689600002384395,169.18914899997617,15097.0
1781109879,250,,Aggregated,2726.400000,0.000000,87,89,91,93,120,130,130,130,140,140,140,195331,0,85,76.64129491630537,1.148823000221455,169.53065899997455,18416.687991153478
1781109880,250,gRPC,gRPC/listar-musicas,452.500000,0.000000,88,90,91,94,120,130,130,130,140,140,140,33068,0,86,77.90793816465853,1.3351719999263878,168.68686999987403,24374.0
1781109880,250,gRPC,gRPC/listar-musicas-playlist,452.200000,0.000000,85,88,90,91,120,130,130,130,140,140,140,32956,0,84,75.91538148940734,1.148823000221455,169.20375200061244,14583.0
1781109880,250,gRPC,gRPC/listar-playlists,452.400000,0.000000,86,88,91,93,120,130,130,130,140,140,140,33049,0,85,76.88699340233988,1.2973529992450494,169.4056289998116,22473.0
1781109880,250,gRPC,gRPC/listar-playlists-musica,452.300000,0.000000,87,89,91,93,120,130,130,130,140,140,140,32909,0,85,77.42420105226624,1.766510999914317,169.05020400008652,16984.0
1781109880,250,gRPC,gRPC/listar-playlists-usuario,450.800000,0.000000,87,89,90,92,100,130,130,140,140,140,140,33013,0,85,77.51231914415467,1.2954060002812184,169.53065899997455,16978.0
1781109880,250,gRPC,gRPC/listar-usuarios,452.000000,0.000000,85,88,89,91,120,130,130,130,140,140,140,33107,0,83,75.26857853463032,1.4689600002384395,169.18914899997617,15097.0
1781109880,250,,Aggregated,2712.200000,0.000000,86,89,90,92,120,130,130,130,140,140,140,198102,0,85,76.818756551821,1.148823000221455,169.53065899997455,18417.50464912015
1781109881,250,gRPC,gRPC/listar-musicas,454.200000,0.000000,88,90,92,94,120,130,130,130,140,140,140,33549,0,86,78.11280372800749,1.3351719999263878,168.68686999987403,24374.0
1781109881,250,gRPC,gRPC/listar-musicas-playlist,453.300000,0.000000,85,88,90,91,120,130,130,130,140,140,140,33420,0,84,76.10476827528143,1.148823000221455,169.20375200061244,14583.0
1781109881,250,gRPC,gRPC/listar-playlists,452.800000,0.000000,86,88,90,93,120,130,130,130,140,140,140,33513,0,85,77.09257069423566,1.2973529992450494,169.4056289998116,22473.0
1781109881,250,gRPC,gRPC/listar-playlists-musica,457.800000,0.000000,87,89,91,94,120,130,130,140,140,140,140,33357,0,85,77.62904406148743,1.766510999914317,169.05020400008652,16984.0
1781109881,250,gRPC,gRPC/listar-playlists-usuario,457.000000,0.000000,87,89,91,92,110,130,130,140,140,140,140,33460,0,85,77.72703779931214,1.2954060002812184,169.53065899997455,16978.0
1781109881,250,gRPC,gRPC/listar-usuarios,452.000000,0.000000,86,88,90,91,110,130,130,130,140,140,140,33573,0,83,75.42743593131406,1.4689600002384395,169.18914899997617,15097.0
1781109881,250,,Aggregated,2727.100000,0.000000,87,89,91,92,120,130,130,130,140,140,140,200872,0,85,77.015089926684,1.148823000221455,169.53065899997455,18418.174678402167
1781109882,250,gRPC,gRPC/listar-musicas,454.800000,0.000000,88,90,92,94,120,130,130,130,140,140,140,34019,0,86,78.27608289152894,1.3351719999263878,168.68686999987403,24374.0
1781109882,250,gRPC,gRPC/listar-musicas-playlist,458.800000,0.000000,86,88,90,92,120,130,130,130,140,140,140,33865,0,84,76.2649679192353,1.148823000221455,169.20375200061244,14583.0
1781109882,250,gRPC,gRPC/listar-playlists,458.900000,0.000000,86,89,91,93,120,130,130,130,140,140,140,33970,0,85,77.25341972019164,1.2973529992450494,169.4056289998116,22473.0
1781109882,250,gRPC,gRPC/listar-playlists-musica,455.300000,0.000000,87,89,91,93,120,130,130,130,140,140,140,33824,0,85,77.80301103423717,1.766510999914317,169.05020400008652,16984.0
1781109882,250,gRPC,gRPC/listar-playlists-usuario,457.400000,0.000000,87,89,91,92,110,130,130,140,140,140,140,33933,0,85,77.86048295473401,1.2954060002812184,169.53065899997455,16978.0
1781109882,250,gRPC,gRPC/listar-usuarios,455.400000,0.000000,86,88,90,91,110,130,130,130,140,140,140,34050,0,83,75.61274407345086,1.4689600002384395,169.18914899997617,15097.0
1781109882,250,,Aggregated,2740.600000,0.000000,87,89,91,93,120,130,130,130,140,140,140,203661,0,85,77.17799981043423,1.148823000221455,169.53065899997455,18418.22612576782
1781109883,250,gRPC,gRPC/listar-musicas,458.700000,0.000000,87,89,91,92,120,130,130,130,140,140,140,34477,0,86,78.39091779162683,1.3351719999263878,168.68686999987403,24374.0
1781109883,250,gRPC,gRPC/listar-musicas-playlist,455.500000,0.000000,85,88,90,91,120,130,130,130,140,140,140,34352,0,84,76.43626500445114,1.148823000221455,169.20375200061244,14583.0
1781109883,250,gRPC,gRPC/listar-playlists,457.900000,0.000000,86,88,90,91,120,130,130,130,140,140,140,34445,0,85,77.39027494922072,1.2973529992450494,169.4056289998116,22473.0
1781109883,250,gRPC,gRPC/listar-playlists-musica,455.200000,0.000000,87,89,91,92,110,130,130,130,140,140,140,34311,0,85,77.93374477599166,1.766510999914317,169.05020400008652,16984.0
1781109883,250,gRPC,gRPC/listar-playlists-usuario,458.700000,0.000000,87,89,90,92,98,130,130,140,140,140,140,34369,0,85,77.96167910323224,1.2954060002812184,169.53065899997455,16978.0
1781109883,250,gRPC,gRPC/listar-usuarios,455.500000,0.000000,86,88,90,91,120,120,130,130,140,140,140,34544,0,83,75.80471921827234,1.4689600002384395,169.18914899997617,15097.0
1781109883,250,,Aggregated,2741.500000,0.000000,86,89,90,92,120,130,130,130,140,140,140,206498,0,85,77.31880287239996,1.148823000221455,169.53065899997455,18417.34918982266
1781109884,250,gRPC,gRPC/listar-musicas,458.400000,0.000000,87,89,91,93,120,130,130,130,140,140,140,34946,0,86,78.59537316336424,1.3351719999263878,168.68686999987403,24374.0
1781109884,250,gRPC,gRPC/listar-musicas-playlist,455.500000,0.000000,86,88,90,92,120,130,130,130,140,140,140,34812,0,84,76.64219443660011,1.148823000221455,169.20375200061244,14583.0
1781109884,250,gRPC,gRPC/listar-playlists,458.900000,0.000000,86,88,90,93,120,130,130,130,140,140,140,34874,0,85,77.58304702804126,1.2973529992450494,169.4056289998116,22473.0
1781109884,250,gRPC,gRPC/listar-playlists-musica,454.900000,0.000000,87,89,91,92,100,130,130,130,140,140,140,34796,0,86,78.0968635952707,1.766510999914317,169.05020400008652,16984.0
1781109884,250,gRPC,gRPC/listar-playlists-usuario,455.700000,0.000000,87,89,90,92,99,130,130,140,140,140,140,34854,0,85,78.13596150131927,1.2954060002812184,169.53065899997455,16978.0
1781109884,250,gRPC,gRPC/listar-usuarios,459.000000,0.000000,85,88,90,91,120,130,130,130,140,140,140,34986,0,83,75.96693020082304,1.4689600002384395,169.18914899997617,15097.0
1781109884,250,,Aggregated,2742.400000,0.000000,86,89,90,92,120,130,130,130,140,140,140,209268,0,85,77.50292186662014,1.148823000221455,169.53065899997455,18416.913813865474
1781109885,250,gRPC,gRPC/listar-musicas,460.400000,0.000000,87,90,91,92,120,130,130,130,140,140,140,35394,0,86,78.74415456842759,1.3351719999263878,168.68686999987403,24374.0
1781109885,250,gRPC,gRPC/listar-musicas-playlist,454.900000,0.000000,86,88,90,91,120,130,130,130,140,140,140,35298,0,84,76.81469107983236,1.148823000221455,169.20375200061244,14583.0
1781109885,250,gRPC,gRPC/listar-playlists,459.800000,0.000000,86,88,90,92,120,130,130,130,140,140,140,35357,0,85,77.72332596399302,1.2973529992450494,169.4056289998116,22473.0
1781109885,250,gRPC,gRPC/listar-playlists-musica,457.800000,0.000000,87,89,91,92,110,130,130,130,140,140,140,35254,0,86,78.2521761776833,1.766510999914317,169.05020400008652,16984.0
1781109885,250,gRPC,gRPC/listar-playlists-usuario,455.400000,0.000000,87,89,91,92,99,130,130,140,140,140,140,35312,0,86,78.28735204284617,1.2954060002812184,169.53065899997455,16978.0
1781109885,250,gRPC,gRPC/listar-usuarios,457.900000,0.000000,85,88,89,91,120,120,130,130,140,140,140,35456,0,83,76.12981037590261,1.4689600002384395,169.18914899997617,15097.0
1781109885,250,,Aggregated,2746.200000,0.000000,86,89,90,92,120,130,130,130,140,140,140,212071,0,85,77.65787382354435,1.148823000221455,169.53065899997455,18416.390053331197
1781109886,250,gRPC,gRPC/listar-musicas,458.100000,0.000000,88,90,92,93,120,130,130,130,140,140,140,35857,0,86,78.92671066081782,1.3351719999263878,168.68686999987403,24374.0
1781109886,250,gRPC,gRPC/listar-musicas-playlist,459.200000,0.000000,86,88,90,93,120,130,130,130,140,140,140,35763,0,84,76.99313294007557,1.148823000221455,169.20375200061244,14583.0
1781109886,250,gRPC,gRPC/listar-playlists,455.900000,0.000000,86,89,91,93,120,130,130,130,140,140,140,35817,0,85,77.91944621028803,1.2973529992450494,169.4056289998116,22473.0
1781109886,250,gRPC,gRPC/listar-playlists-musica,460.600000,0.000000,87,89,91,93,120,130,130,130,140,140,140,35706,0,86,78.38104758469292,1.766510999914317,169.05020400008652,16984.0
1781109886,250,gRPC,gRPC/listar-playlists-usuario,456.000000,0.000000,87,89,92,93,100,130,130,130,140,140,140,35799,0,86,78.4733561891389,1.2954060002812184,169.53065899997455,16978.0
1781109886,250,gRPC,gRPC/listar-usuarios,459.900000,0.000000,86,88,90,92,120,130,130,130,140,140,140,35905,0,83,76.28288255925364,1.4689600002384395,169.18914899997617,15097.0
1781109886,250,,Aggregated,2749.700000,0.000000,87,89,91,93,120,130,130,130,140,140,140,214847,0,85,77.82887144795535,1.148823000221455,169.53065899997455,18416.40655443176
1781109887,250,gRPC,gRPC/listar-musicas,455.800000,0.000000,88,90,92,93,120,130,130,130,140,140,140,36323,0,86,79.1120704497411,1.3351719999263878,168.68686999987403,24374.0
1781109887,250,gRPC,gRPC/listar-musicas-playlist,460.400000,0.000000,86,88,90,92,120,130,130,130,130,140,140,36211,0,84,77.10823938112537,1.148823000221455,169.20375200061244,14583.0
1781109887,250,gRPC,gRPC/listar-playlists,455.500000,0.000000,86,89,91,93,110,130,130,130,130,140,140,36299,0,85,78.06262937000737,1.2973529992450494,169.4056289998116,22473.0
1781109887,250,gRPC,gRPC/listar-playlists-musica,459.900000,0.000000,87,89,91,92,100,130,130,130,140,140,140,36172,0,86,78.55998619476478,1.766510999914317,169.05020400008652,16984.0
1781109887,250,gRPC,gRPC/listar-playlists-usuario,459.300000,0.000000,87,89,91,93,100,130,130,130,140,140,140,36263,0,86,78.6404785567385,1.2954060002812184,169.53065899997455,16978.0
1781109887,250,gRPC,gRPC/listar-usuarios,458.700000,0.000000,86,88,90,91,120,120,130,130,130,130,130,36357,0,83,76.4305814867838,1.4689600002384395,169.18914899997617,15097.0
1781109887,250,,Aggregated,2749.600000,0.000000,87,89,91,92,110,130,130,130,140,140,140,217625,0,85,77.9852853317993,1.148823000221455,169.53065899997455,18417.228411257896
1781109888,250,gRPC,gRPC/listar-musicas,458.400000,0.000000,88,90,91,93,120,130,130,130,130,130,130,36798,0,86,79.31060792162468,1.3351719999263878,168.68686999987403,24374.0
1781109888,250,gRPC,gRPC/listar-musicas-playlist,460.500000,0.000000,86,88,90,91,120,130,130,130,130,130,130,36648,0,84,77.28676773403558,1.148823000221455,169.20375200061244,14583.0
1781109888,250,gRPC,gRPC/listar-playlists,460.200000,0.000000,86,88,90,92,120,130,130,130,130,130,130,36755,0,85,78.2351988295434,1.2973529992450494,169.4056289998116,22473.0
1781109888,250,gRPC,gRPC/listar-playlists-musica,457.900000,0.000000,87,89,90,91,100,130,130,130,130,130,130,36607,0,86,78.73867016658059,1.766510999914317,169.05020400008652,16984.0
1781109888,250,gRPC,gRPC/listar-playlists-usuario,462.500000,0.000000,87,89,91,93,100,130,130,130,130,130,130,36706,0,86,78.82322133642994,1.2954060002812184,169.53065899997455,16978.0
1781109888,250,gRPC,gRPC/listar-usuarios,456.200000,0.000000,86,88,90,91,120,130,130,130,130,130,130,36812,0,84,76.60443029889689,1.4689600002384395,169.18914899997617,15097.0
1781109888,250,,Aggregated,2755.700000,0.000000,87,89,91,92,120,130,130,130,130,130,130,220326,0,85,78.1661987079271,1.148823000221455,169.53065899997455,18418.279599321006
1781109889,250,gRPC,gRPC/listar-musicas,457.800000,0.000000,88,90,92,93,120,130,130,130,130,130,130,37239,0,86,79.49483352369646,1.3351719999263878,168.68686999987403,24374.0
1781109889,250,gRPC,gRPC/listar-musicas-playlist,457.700000,0.000000,86,88,90,91,120,130,130,130,130,130,130,37104,0,84,77.42629755985706,1.148823000221455,169.20375200061244,14583.0
1781109889,250,gRPC,gRPC/listar-playlists,457.800000,0.000000,86,89,91,92,120,130,130,130,130,130,130,37197,0,85,78.362375574989,1.2973529992450494,169.4056289998116,22473.0
1781109889,250,gRPC,gRPC/listar-playlists-musica,455.300000,0.000000,87,89,91,92,120,130,130,130,130,130,130,37062,0,86,78.89210421412805,1.766510999914317,169.05020400008652,16984.0
1781109889,250,gRPC,gRPC/listar-playlists-usuario,459.100000,0.000000,87,89,91,93,100,130,130,130,130,130,130,37134,0,86,78.96344703646234,1.2954060002812184,169.53065899997455,16978.0
1781109889,250,gRPC,gRPC/listar-usuarios,454.200000,0.000000,85,88,90,91,120,130,130,130,130,130,130,37298,0,84,76.76184065861402,1.4689600002384395,169.18914899997617,15097.0
1781109889,250,,Aggregated,2741.900000,0.000000,87,89,91,92,120,130,130,130,130,130,130,223034,0,85,78.31617455649709,1.148823000221455,169.53065899997455,18417.322762448774
1781109890,250,gRPC,gRPC/listar-musicas,460.100000,0.000000,88,90,92,94,120,130,130,130,130,130,130,37706,0,87,79.68051379289584,1.3351719999263878,168.68686999987403,24374.0
1781109890,250,gRPC,gRPC/listar-musicas-playlist,455.800000,0.000000,86,88,90,91,120,130,130,130,130,130,130,37567,0,84,77.55185339720899,1.148823000221455,169.20375200061244,14583.0
1781109890,250,gRPC,gRPC/listar-playlists,459.900000,0.000000,86,88,91,93,120,130,130,130,130,130,130,37654,0,85,78.50701732139653,1.2973529992450494,169.4056289998116,22473.0
1781109890,250,gRPC,gRPC/listar-playlists-musica,456.700000,0.000000,87,89,90,91,120,130,130,130,130,130,130,37549,0,86,79.04908302266402,1.766510999914317,169.05020400008652,16984.0
1781109890,250,gRPC,gRPC/listar-playlists-usuario,457.800000,0.000000,87,89,92,93,120,130,130,130,130,130,130,37607,0,86,79.16422440532305,1.2954060002812184,169.53065899997455,16978.0
1781109890,250,gRPC,gRPC/listar-usuarios,459.200000,0.000000,85,88,89,91,120,130,130,130,130,130,130,37763,0,84,76.86774226176344,1.4689600002384395,169.18914899997617,15097.0
1781109890,250,,Aggregated,2749.500000,0.000000,86,89,91,92,120,130,130,130,130,130,130,225846,0,85,78.4695177976487,1.148823000221455,169.53065899997455,18417.04444621556
1781109891,250,gRPC,gRPC/listar-musicas,460.600000,0.000000,88,90,92,94,120,130,130,130,130,130,130,38192,0,87,79.78070809797649,1.3351719999263878,168.68686999987403,24374.0
1781109891,250,gRPC,gRPC/listar-musicas-playlist,458.800000,0.000000,85,88,90,91,120,130,130,130,130,130,130,38058,0,84,77.65526303991157,1.148823000221455,169.20375200061244,14583.0
1781109891,250,gRPC,gRPC/listar-playlists,458.000000,0.000000,86,89,90,92,100,130,130,130,130,130,130,38117,0,85,78.59894397496781,1.2973529992450494,169.4056289998116,22473.0
1781109891,250,gRPC,gRPC/listar-playlists-musica,460.400000,0.000000,87,89,90,92,100,130,130,130,130,130,130,38033,0,86,79.15418158956702,1.766510999914317,169.05020400008652,16984.0
1781109891,250,gRPC,gRPC/listar-playlists-usuario,456.300000,0.000000,87,89,92,93,100,130,130,130,130,130,130,38099,0,86,79.262489055513,1.2954060002812184,169.53065899997455,16978.0
1781109891,250,gRPC,gRPC/listar-usuarios,462.500000,0.000000,85,88,90,91,110,120,130,130,130,130,130,38223,0,84,76.96390825942436,1.4689600002384395,169.18914899997617,15097.0
1781109891,250,,Aggregated,2756.600000,0.000000,87,89,91,92,120,130,130,130,130,130,130,228722,0,85,78.56886865394121,1.148823000221455,169.53065899997455,18416.876767429454
1781109892,250,gRPC,gRPC/listar-musicas,455.600000,0.000000,88,90,92,94,120,130,130,130,130,130,130,38635,0,87,79.89534616008557,1.3351719999263878,168.68686999987403,24374.0
1781109892,250,gRPC,gRPC/listar-musicas-playlist,459.600000,0.000000,86,88,90,91,110,130,130,130,130,130,130,38548,0,84,77.77929130559188,1.148823000221455,169.20375200061244,14583.0
1781109892,250,gRPC,gRPC/listar-playlists,455.500000,0.000000,86,89,90,92,100,130,130,130,130,130,130,38604,0,85,78.73075127937139,1.2973529992450494,169.4056289998116,22473.0
1781109892,250,gRPC,gRPC/listar-playlists-musica,460.300000,0.000000,87,89,90,92,100,130,130,130,130,130,130,38489,0,86,79.2441201062384,1.766510999914317,169.05020400008652,16984.0
1781109892,250,gRPC,gRPC/listar-playlists-usuario,458.300000,0.000000,87,90,92,93,120,130,130,130,130,130,130,38562,0,86,79.38780885677589,1.2954060002812184,169.53065899997455,16978.0
1781109892,250,gRPC,gRPC/listar-usuarios,459.100000,0.000000,85,88,89,90,97,120,130,130,130,130,130,38697,0,84,77.08316244060224,1.4689600002384395,169.18914899997617,15097.0
1781109892,250,,Aggregated,2748.400000,0.000000,86,89,91,92,120,130,130,130,130,130,130,231535,0,85,78.68607987301986,1.148823000221455,169.53065899997455,18416.19663117887
1781109893,250,gRPC,gRPC/listar-musicas,456.400000,0.000000,88,90,92,93,120,130,130,130,130,130,130,39107,0,87,79.99124450878081,1.3351719999263878,168.68686999987403,24374.0
1781109893,250,gRPC,gRPC/listar-musicas-playlist,464.600000,0.000000,85,88,89,90,98,120,130,130,130,130,130,39013,0,84,77.89976812646958,1.148823000221455,169.20375200061244,14583.0
1781109893,250,gRPC,gRPC/listar-playlists,459.900000,0.000000,86,88,90,91,99,130,130,130,130,130,130,39073,0,85,78.84946695525957,1.2973529992450494,169.4056289998116,22473.0
1781109893,250,gRPC,gRPC/listar-playlists-musica,460.900000,0.000000,87,89,90,92,100,130,130,130,130,130,130,38959,0,86,79.3525472034704,1.766510999914317,169.05020400008652,16984.0
1781109893,250,gRPC,gRPC/listar-playlists-usuario,460.500000,0.000000,87,90,91,93,120,130,130,130,130,130,130,39049,0,86,79.50740036984276,1.2954060002812184,169.53065899997455,16978.0
1781109893,250,gRPC,gRPC/listar-usuarios,460.500000,0.000000,85,87,89,90,96,120,130,130,130,130,130,39165,0,84,77.19792999606743,1.4689600002384395,169.18914899997617,15097.0
1781109893,250,,Aggregated,2762.800000,0.000000,86,89,90,92,100,130,130,130,130,130,130,234366,0,85,78.79915929402573,1.148823000221455,169.53065899997455,18416.219541230384
1781109894,250,gRPC,gRPC/listar-musicas,458.600000,0.000000,87,90,91,93,120,130,130,130,130,130,130,39604,0,86,80.10575460718309,1.3351719999263878,168.68686999987403,24374.0
1781109894,250,gRPC,gRPC/listar-musicas-playlist,461.400000,0.000000,85,87,89,90,96,120,130,130,130,130,130,39486,0,84,78.00242193547,1.148823000221455,169.20375200061244,14583.0
1781109894,250,gRPC,gRPC/listar-playlists,460.300000,0.000000,86,88,90,91,100,130,130,130,130,130,130,39562,0,85,78.9468762845119,1.2973529992450494,169.4056289998116,22473.0
1781109894,250,gRPC,gRPC/listar-playlists-musica,461.800000,0.000000,86,89,90,91,100,130,130,130,130,130,130,39446,0,86,79.46256737539939,1.766510999914317,169.05020400008652,16984.0
1781109894,250,gRPC,gRPC/listar-playlists-usuario,464.200000,0.000000,87,89,90,92,120,130,130,130,130,130,130,39546,0,86,79.59023945951515,1.2954060002812184,169.53065899997455,16978.0
1781109894,250,gRPC,gRPC/listar-usuarios,456.300000,0.000000,85,87,89,90,95,120,130,130,130,130,130,39627,0,84,77.30911199618909,1.4689600002384395,169.18914899997617,15097.0
1781109894,250,,Aggregated,2762.600000,0.000000,86,88,90,91,100,130,130,130,130,130,130,237271,0,85,78.90257334863345,1.148823000221455,169.53065899997455,18417.00305136321
1781109895,250,gRPC,gRPC/listar-musicas,458.800000,0.000000,88,90,91,92,120,130,130,140,150,160,160,40049,0,87,80.29120354527926,1.3351719999263878,168.68686999987403,24374.0
1781109895,250,gRPC,gRPC/listar-musicas-playlist,461.500000,0.000000,85,87,89,90,98,120,130,130,160,160,160,39930,0,84,78.17395696914522,1.148823000221455,169.20375200061244,14583.0
1781109895,250,gRPC,gRPC/listar-playlists,460.400000,0.000000,86,88,89,90,110,120,130,130,160,160,160,40016,0,85,79.1337954871017,1.2973529992450494,169.4056289998116,22473.0
1781109895,250,gRPC,gRPC/listar-playlists-musica,456.700000,0.000000,86,89,90,91,110,130,130,140,160,160,160,39861,0,86,79.6250728518101,1.766510999914317,169.05020400008652,16984.0
1781109895,250,gRPC,gRPC/listar-playlists-usuario,461.400000,0.000000,87,89,90,91,120,130,130,130,160,160,160,39968,0,86,79.71937908319076,1.2954060002812184,169.53065899997455,16978.0
1781109895,250,gRPC,gRPC/listar-usuarios,457.500000,0.000000,85,87,89,90,100,120,130,130,160,160,160,40073,0,84,77.51315758755258,1.4689600002384395,169.18914899997617,15097.0
1781109895,250,,Aggregated,2756.300000,0.000000,86,88,90,91,110,130,130,130,160,160,160,239897,0,85,79.07573003798956,1.148823000221455,169.53065899997455,18417.450376619967
1781109896,250,gRPC,gRPC/listar-musicas,465.500000,0.000000,87,90,91,92,120,130,130,140,150,160,160,40512,0,87,80.45533917446431,1.3351719999263878,168.68686999987403,24374.0
1781109896,250,gRPC,gRPC/listar-musicas-playlist,458.900000,0.000000,85,87,89,90,110,120,130,130,160,160,160,40357,0,84,78.31265208124931,1.148823000221455,169.20375200061244,14583.0
1781109896,250,gRPC,gRPC/listar-playlists,463.200000,0.000000,86,88,90,91,110,130,130,130,160,160,160,40456,0,85,79.27049844349095,1.2973529992450494,169.4056289998116,22473.0
1781109896,250,gRPC,gRPC/listar-playlists-musica,460.500000,0.000000,86,89,90,92,120,130,130,140,160,160,160,40313,0,86,79.8186196669562,1.766510999914317,169.05020400008652,16984.0
1781109896,250,gRPC,gRPC/listar-playlists-usuario,464.100000,0.000000,87,89,90,91,120,130,130,130,160,160,160,40403,0,86,79.86693462388868,1.2954060002812184,169.53065899997455,16978.0
1781109896,250,gRPC,gRPC/listar-usuarios,460.600000,0.000000,85,87,89,90,110,120,130,140,160,160,160,40548,0,84,77.66511023433925,1.4689600002384395,169.18914899997617,15097.0
1781109896,250,,Aggregated,2772.800000,0.000000,86,88,90,91,120,130,130,140,160,160,160,242589,0,85,79.23110425342259,1.148823000221455,169.53065899997455,18417.67181941473
1781109897,250,gRPC,gRPC/listar-musicas,461.500000,0.000000,87,90,91,92,120,130,130,140,150,160,160,40988,0,87,80.52361969866534,1.3351719999263878,168.68686999987403,24374.0
1781109897,250,gRPC,gRPC/listar-musicas-playlist,457.600000,0.000000,85,87,89,90,96,120,130,130,160,160,160,40854,0,84,78.38326617932131,1.148823000221455,169.20375200061244,14583.0
1781109897,250,gRPC,gRPC/listar-playlists,462.000000,0.000000,86,88,90,91,110,120,130,130,160,160,160,40946,0,85,79.34043545164063,1.2973529992450494,169.4056289998116,22473.0
1781109897,250,gRPC,gRPC/listar-playlists-musica,460.100000,0.000000,86,89,90,92,120,130,130,140,160,160,160,40812,0,86,79.89896085778705,1.766510999914317,169.05020400008652,16984.0
1781109897,250,gRPC,gRPC/listar-playlists-usuario,456.700000,0.000000,86,89,90,91,120,130,130,130,160,160,160,40877,0,86,79.94019942412505,1.2954060002812184,169.53065899997455,16978.0
1781109897,250,gRPC,gRPC/listar-usuarios,462.200000,0.000000,85,87,89,90,97,120,130,140,160,160,160,41046,0,84,77.74016561433469,1.4689600002384395,169.18914899997617,15097.0
1781109897,250,,Aggregated,2760.100000,0.000000,86,88,90,91,110,130,130,140,160,160,160,245523,0,85,79.30385467306716,1.148823000221455,169.53065899997455,18417.121931550202
1781109898,250,gRPC,gRPC/listar-musicas,460.300000,0.000000,87,89,91,92,110,130,130,140,150,160,160,41438,0,87,80.63525384680463,1.3351719999263878,168.68686999987403,24374.0
1781109898,250,gRPC,gRPC/listar-musicas-playlist,459.300000,0.000000,85,87,89,90,96,120,130,130,160,160,160,41307,0,84,78.50142331752484,1.148823000221455,169.20375200061244,14583.0
1781109898,250,gRPC,gRPC/listar-playlists,455.900000,0.000000,86,88,90,90,100,120,130,130,160,160,160,41366,0,85,79.43847330693985,1.2973529992450494,169.4056289998116,22473.0
1781109898,250,gRPC,gRPC/listar-playlists-musica,462.300000,0.000000,86,89,90,92,110,130,130,140,160,160,160,41278,0,86,80.04755899859498,1.766510999914317,169.05020400008652,16984.0
1781109898,250,gRPC,gRPC/listar-playlists-usuario,457.900000,0.000000,86,89,90,91,110,130,130,130,160,160,160,41339,0,86,80.08657018444941,1.2954060002812184,169.53065899997455,16978.0
1781109898,250,gRPC,gRPC/listar-usuarios,460.300000,0.000000,85,87,89,90,97,120,130,140,160,160,160,41472,0,84,77.84724553055021,1.4689600002384395,169.18914899997617,15097.0
1781109898,250,,Aggregated,2756.000000,0.000000,86,88,90,91,100,130,130,140,160,160,160,248200,0,85,79.4256916218272,1.148823000221455,169.53065899997455,18416.71953666398
1781109899,250,gRPC,gRPC/listar-musicas,457.400000,0.000000,87,89,90,91,100,130,130,140,150,160,160,41887,0,87,80.73753400663429,1.3351719999263878,168.68686999987403,24374.0
1781109899,250,gRPC,gRPC/listar-musicas-playlist,464.200000,0.000000,85,87,89,90,95,120,130,130,160,160,160,41798,0,84,78.60387369807157,1.148823000221455,169.20375200061244,14583.0
1781109899,250,gRPC,gRPC/listar-playlists,459.000000,0.000000,85,88,90,90,100,120,130,140,160,160,160,41854,0,85,79.57517622938957,1.2973529992450494,169.4056289998116,22473.0
1781109899,250,gRPC,gRPC/listar-playlists-musica,462.600000,0.000000,86,89,90,92,110,130,130,140,160,160,160,41739,0,86,80.15296476973596,1.766510999914317,169.05020400008652,16984.0
1781109899,250,gRPC,gRPC/listar-playlists-usuario,460.600000,0.000000,86,89,90,91,96,120,130,130,160,160,160,41812,0,86,80.17725212972238,1.2954060002812184,169.53065899997455,16978.0
1781109899,250,gRPC,gRPC/listar-usuarios,463.000000,0.000000,85,87,89,90,99,120,130,140,160,160,160,41948,0,84,77.97424124504089,1.4689600002384395,169.18914899997617,15097.0
1781109899,250,,Aggregated,2766.800000,0.000000,86,88,90,91,98,130,130,140,160,160,160,251038,0,85,79.5362318055093,1.148823000221455,169.53065899997455,18416.1249770951
1781109900,250,gRPC,gRPC/listar-musicas,461.200000,0.000000,87,89,90,92,110,130,140,140,150,160,160,42359,0,87,80.86487096316948,1.3351719999263878,168.68686999987403,24374.0
1781109900,250,gRPC,gRPC/listar-musicas-playlist,463.300000,0.000000,85,87,89,90,100,120,130,130,160,160,160,42266,0,84,78.69263478389239,1.148823000221455,169.20375200061244,14583.0
1781109900,250,gRPC,gRPC/listar-playlists,460.600000,0.000000,85,88,89,90,110,120,130,140,160,160,160,42323,0,85,79.66774470096338,1.2973529992450494,169.4056289998116,22473.0
1781109900,250,gRPC,gRPC/listar-playlists-musica,463.600000,0.000000,86,89,90,92,120,130,130,140,160,160,160,42218,0,86,80.26373160126018,1.766510999914317,169.05020400008652,16984.0
1781109900,250,gRPC,gRPC/listar-playlists-usuario,465.800000,0.000000,86,89,90,91,100,130,130,130,160,160,160,42299,0,86,80.295017833919,1.2954060002812184,169.53065899997455,16978.0
1781109900,250,gRPC,gRPC/listar-usuarios,458.900000,0.000000,85,87,89,90,110,130,130,140,160,160,160,42429,0,84,78.07855021669128,1.4689600002384395,169.18914899997617,15097.0
1781109900,250,,Aggregated,2773.400000,0.000000,86,88,90,91,110,130,130,140,160,160,160,253894,0,85,79.64317359656565,1.148823000221455,169.53065899997455,18415.880918808638
1781109901,250,gRPC,gRPC/listar-musicas,460.600000,0.000000,87,89,90,91,110,130,140,140,150,160,160,42829,0,87,80.97892359048541,1.3351719999263878,168.68686999987403,24374.0
1781109901,250,gRPC,gRPC/listar-musicas-playlist,464.400000,0.000000,85,87,89,90,100,120,130,140,160,160,160,42721,0,84,78.82067452798368,1.148823000221455,169.20375200061244,14583.0
1781109901,250,gRPC,gRPC/listar-playlists,465.800000,0.000000,86,88,89,91,110,130,130,140,160,160,160,42804,0,85,79.82035351167838,1.2973529992450494,169.4056289998116,22473.0
1781109901,250,gRPC,gRPC/listar-playlists-musica,459.500000,0.000000,86,89,90,92,120,130,130,140,160,160,160,42684,0,86,80.35492926176069,1.766510999914317,169.05020400008652,16984.0
1781109901,250,gRPC,gRPC/listar-playlists-usuario,464.800000,0.000000,86,89,90,91,99,120,130,130,160,160,160,42775,0,86,80.3986951239494,1.2954060002812184,169.53065899997455,16978.0
1781109901,250,gRPC,gRPC/listar-usuarios,461.500000,0.000000,85,87,89,90,110,130,130,140,160,160,160,42865,0,84,78.21732108741388,1.4689600002384395,169.18914899997617,15097.0
1781109901,250,,Aggregated,2776.600000,0.000000,86,88,90,91,110,130,130,140,160,160,160,256678,0,85,79.76485799183558,1.148823000221455,169.53065899997455,18416.69559525943
1781109902,250,gRPC,gRPC/listar-musicas,468.100000,0.000000,87,89,91,92,120,130,140,140,150,160,160,43298,0,87,81.14740447055065,1.3351719999263878,168.68686999987403,24374.0
1781109902,250,gRPC,gRPC/listar-musicas-playlist,459.000000,0.000000,85,87,89,90,110,130,130,140,160,160,160,43138,0,84,78.97147102791003,1.148823000221455,169.20375200061244,14583.0
1781109902,250,gRPC,gRPC/listar-playlists,463.900000,0.000000,86,88,90,91,110,130,130,140,160,160,160,43239,0,85,79.96363168511981,1.2973529992450494,169.4056289998116,22473.0
1781109902,250,gRPC,gRPC/listar-playlists-musica,463.100000,0.000000,87,89,90,92,120,130,130,140,160,160,160,43104,0,86,80.47171728621421,1.766510999914317,169.05020400008652,16984.0
1781109902,250,gRPC,gRPC/listar-playlists-usuario,463.600000,0.000000,86,89,90,92,110,130,130,130,160,160,160,43198,0,86,80.55430696927965,1.2954060002812184,169.53065899997455,16978.0
1781109902,250,gRPC,gRPC/listar-usuarios,461.800000,0.000000,85,87,89,91,120,130,130,140,160,160,160,43312,0,84,78.37808108514945,1.4689600002384395,169.18914899997617,15097.0
1781109902,250,,Aggregated,2779.500000,0.000000,86,89,90,91,110,130,130,140,160,160,160,259289,0,85,79.91425941217868,1.148823000221455,169.53065899997455,18417.719984264662
1781109903,250,gRPC,gRPC/listar-musicas,463.200000,0.000000,88,90,91,92,110,130,140,140,150,160,160,43766,0,87,81.21191332278251,1.3351719999263878,168.68686999987403,24374.0
1781109903,250,gRPC,gRPC/listar-musicas-playlist,459.100000,0.000000,85,88,89,90,110,130,130,140,160,160,160,43611,0,84,79.02070218027553,1.148823000221455,169.20375200061244,14583.0
1781109903,250,gRPC,gRPC/listar-playlists,462.300000,0.000000,86,88,90,91,110,130,130,140,160,160,160,43718,0,85,80.01777942073973,1.2973529992450494,169.4056289998116,22473.0
1781109903,250,gRPC,gRPC/listar-playlists-musica,460.300000,0.000000,87,89,91,92,110,130,130,140,160,160,160,43573,0,86,80.53996931161473,1.766510999914317,169.05020400008652,16984.0
1781109903,250,gRPC,gRPC/listar-playlists-usuario,458.000000,0.000000,87,89,91,92,100,130,130,130,160,160,160,43681,0,86,80.62071726004345,1.2954060002812184,169.53065899997455,16978.0
1781109903,250,gRPC,gRPC/listar-usuarios,463.200000,0.000000,85,88,89,91,110,130,130,140,160,160,160,43799,0,84,78.42304914666998,1.4689600002384395,169.18914899997617,15097.0
1781109903,250,,Aggregated,2766.100000,0.000000,86,89,90,91,110,130,130,140,160,160,160,262148,0,85,79.97208632150698,1.148823000221455,169.53065899997455,18417.45755832583
1781109904,250,gRPC,gRPC/listar-musicas,462.300000,0.000000,88,89,91,92,110,130,130,140,140,140,140,44222,0,87,81.31072006702314,1.3351719999263878,168.68686999987403,24374.0
1781109904,250,gRPC,gRPC/listar-musicas-playlist,459.400000,0.000000,85,88,89,91,120,130,130,130,140,140,140,44084,0,84,79.1898737664462,1.148823000221455,169.20375200061244,14583.0
1781109904,250,gRPC,gRPC/listar-playlists,457.200000,0.000000,86,88,89,91,120,130,130,130,140,140,140,44186,0,85,80.13691168505655,1.2973529992450494,169.4056289998116,22473.0
1781109904,250,gRPC,gRPC/listar-playlists-musica,461.500000,0.000000,87,89,91,92,110,130,130,130,140,140,140,44057,0,86,80.6599367078554,1.766510999914317,169.05020400008652,16984.0
1781109904,250,gRPC,gRPC/listar-playlists-usuario,458.700000,0.000000,87,89,91,92,110,130,130,130,140,140,140,44116,0,86,80.72050511721282,1.2954060002812184,169.53065899997455,16978.0
1781109904,250,gRPC,gRPC/listar-usuarios,462.000000,0.000000,85,87,89,90,120,130,130,130,140,140,140,44275,0,84,78.55905906999443,1.4689600002384395,169.18914899997617,15097.0
1781109904,250,,Aggregated,2761.100000,0.000000,86,89,90,91,110,130,130,130,140,140,140,264940,0,85,80.09572587473552,1.148823000221455,169.53065899997455,18417.080052087265
1781109905,250,gRPC,gRPC/listar-musicas,458.900000,0.000000,88,89,91,92,110,130,130,130,140,140,140,44654,0,87,81.4455598858757,1.3351719999263878,168.68686999987403,24374.0
1781109905,250,gRPC,gRPC/listar-musicas-playlist,461.000000,0.000000,85,88,89,91,120,120,130,130,140,140,140,44549,0,84,79.33306755498472,1.148823000221455,169.20375200061244,14583.0
1781109905,250,gRPC,gRPC/listar-playlists,457.800000,0.000000,86,88,89,91,110,130,130,130,140,140,140,44607,0,85,80.23036995870419,1.2973529992450494,169.4056289998116,22473.0
1781109905,250,gRPC,gRPC/listar-playlists-musica,463.900000,0.000000,88,89,91,92,100,130,130,130,140,140,140,44513,0,86,80.81802384961654,1.766510999914317,169.05020400008652,16984.0
1781109905,250,gRPC,gRPC/listar-playlists-usuario,459.000000,0.000000,87,89,91,92,110,130,130,130,140,140,140,44567,0,86,80.86725736340709,1.2954060002812184,169.53065899997455,16978.0
1781109905,250,gRPC,gRPC/listar-usuarios,461.700000,0.000000,85,88,89,91,120,120,130,130,140,140,140,44706,0,84,78.71888373419715,1.4689600002384395,169.18914899997617,15097.0
1781109905,250,,Aggregated,2762.300000,0.000000,86,89,90,92,110,130,130,130,140,140,140,267596,0,85,80.23507504279765,1.148823000221455,169.53065899997455,18416.200443952825
1781109906,250,gRPC,gRPC/listar-musicas,455.400000,0.000000,88,90,91,93,110,130,130,130,140,140,140,45115,0,87,81.5208418861996,1.3351719999263878,168.68686999987403,24374.0
1781109906,250,gRPC,gRPC/listar-musicas-playlist,458.800000,0.000000,86,88,89,91,120,120,130,130,140,140,140,45024,0,84,79.42804455648115,1.148823000221455,169.20375200061244,14583.0
1781109906,250,gRPC,gRPC/listar-playlists,457.200000,0.000000,86,88,89,91,110,130,130,130,140,140,140,45077,0,85,80.3036998511197,1.2973529992450494,169.4056289998116,22473.0
1781109906,250,gRPC,gRPC/listar-playlists-musica,459.100000,0.000000,88,89,91,92,110,130,130,130,140,140,140,44971,0,86,80.88511361741972,1.766510999914317,169.05020400008652,16984.0
1781109906,250,gRPC,gRPC/listar-playlists-usuario,459.000000,0.000000,87,89,91,93,110,130,130,130,140,140,140,45053,0,86,80.93906593412113,1.2954060002812184,169.53065899997455,16978.0
1781109906,250,gRPC,gRPC/listar-usuarios,455.600000,0.000000,85,88,90,92,120,120,130,130,140,140,140,45184,0,84,78.8305562781076,1.4689600002384395,169.18914899997617,15097.0
1781109906,250,,Aggregated,2745.100000,0.000000,87,89,91,92,110,130,130,130,140,140,140,270424,0,85,80.31736449015038,1.148823000221455,169.53065899997455,18415.797299795875
1781109907,250,gRPC,gRPC/listar-musicas,458.600000,0.000000,88,90,92,93,120,130,130,140,140,140,140,45585,0,87,81.63825984222679,1.3351719999263878,168.68686999987403,24374.0
1781109907,250,gRPC,gRPC/listar-musicas-playlist,460.100000,0.000000,86,88,89,91,120,120,130,130,140,140,140,45472,0,84,79.52817225886275,1.148823000221455,169.20375200061244,14583.0
1781109907,250,gRPC,gRPC/listar-playlists,459.300000,0.000000,86,88,90,91,110,130,130,140,140,140,140,45558,0,85,80.40142609442739,1.2973529992450494,169.4056289998116,22473.0
1781109907,250,gRPC,gRPC/listar-playlists-musica,456.000000,0.000000,88,89,91,92,110,120,130,130,140,140,140,45436,0,86,80.97892870673002,1.766510999914317,169.05020400008652,16984.0
1781109907,250,gRPC,gRPC/listar-playlists-usuario,460.700000,0.000000,87,90,91,93,110,130,130,130,140,140,140,45527,0,86,81.0699143172393,1.2954060002812184,169.53065899997455,16978.0
1781109907,250,gRPC,gRPC/listar-usuarios,457.000000,0.000000,86,88,90,92,120,120,130,130,140,140,140,45616,0,84,78.92623695536697,1.4689600002384395,169.18914899997617,15097.0
1781109907,250,,Aggregated,2751.700000,0.000000,87,89,91,92,110,130,130,130,140,140,140,273194,0,85,80.42358584986667,1.148823000221455,169.53065899997455,18416.72614332672
1781109908,250,gRPC,gRPC/listar-musicas,460.100000,0.000000,88,90,92,93,110,130,130,130,140,140,140,46062,0,87,81.7147286804936,1.3351719999263878,168.68686999987403,24374.0
1781109908,250,gRPC,gRPC/listar-musicas-playlist,456.200000,0.000000,86,88,90,92,120,120,130,130,140,140,140,45947,0,84,79.6203119471787,1.148823000221455,169.20375200061244,14583.0
1781109908,250,gRPC,gRPC/listar-playlists,461.100000,0.000000,86,88,90,91,110,130,130,130,140,140,140,46047,0,85,80.46169819566768,1.2973529992450494,169.4056289998116,22473.0
1781109908,250,gRPC,gRPC/listar-playlists-musica,456.000000,0.000000,88,90,91,92,110,120,130,130,140,140,140,45886,0,86,81.06401240186523,1.766510999914317,169.05020400008652,16984.0
1781109908,250,gRPC,gRPC/listar-playlists-usuario,460.700000,0.000000,87,90,91,92,110,130,130,130,140,140,140,45989,0,86,81.14898931166049,1.2954060002812184,169.53065899997455,16978.0
1781109908,250,gRPC,gRPC/listar-usuarios,459.000000,0.000000,86,89,91,92,120,120,130,130,140,140,140,46104,0,84,79.02512277353404,1.4689600002384395,169.18914899997617,15097.0
1781109908,250,,Aggregated,2753.100000,0.000000,87,89,91,92,110,120,130,130,140,140,140,276035,0,85,80.505430562104,1.148823000221455,169.53065899997455,18416.99666346659
1781109909,250,gRPC,gRPC/listar-musicas,459.800000,0.000000,88,90,91,92,110,130,130,130,140,140,140,46549,0,87,81.80077431293692,1.3351719999263878,168.68686999987403,24374.0
1781109909,250,gRPC,gRPC/listar-musicas-playlist,453.100000,0.000000,86,88,90,91,120,120,130,130,140,140,140,46404,0,84,79.71216859585408,1.148823000221455,169.20375200061244,14583.0
1781109909,250,gRPC,gRPC/listar-playlists,458.100000,0.000000,86,88,90,91,100,130,130,130,140,140,140,46513,0,85,80.5591920713114,1.2973529992450494,169.4056289998116,22473.0
1781109909,250,gRPC,gRPC/listar-playlists-musica,457.000000,0.000000,88,90,91,92,100,120,130,130,140,140,140,46357,0,86,81.14866796598139,1.766510999914317,169.05020400008652,16984.0
1781109909,250,gRPC,gRPC/listar-playlists-usuario,455.300000,0.000000,88,90,91,92,110,130,130,130,140,140,140,46456,0,86,81.24558077468885,1.2954060002812184,169.53065899997455,16978.0
1781109909,250,gRPC,gRPC/listar-usuarios,457.800000,0.000000,86,88,90,92,120,120,130,130,140,140,140,46567,0,84,79.09292327291877,1.4689600002384395,169.18914899997617,15097.0
1781109909,250,,Aggregated,2741.100000,0.000000,87,89,90,92,110,130,130,130,140,140,140,278846,0,85,80.59298349356065,1.148823000221455,169.53065899997455,18417.552204442596
1781109910,250,gRPC,gRPC/listar-musicas,458.700000,0.000000,88,90,92,93,110,130,130,130,140,140,140,46996,0,87,81.91187578580951,1.3351719999263878,168.68686999987403,24374.0
1781109910,250,gRPC,gRPC/listar-musicas-playlist,456.900000,0.000000,86,88,90,92,120,120,130,130,140,140,140,46856,0,84,79.81472888588485,1.148823000221455,169.20375200061244,14583.0
1781109910,250,gRPC,gRPC/listar-playlists,455.500000,0.000000,86,88,90,92,110,120,130,130,140,140,140,46956,0,85,80.67862142795204,1.2973529992450494,169.4056289998116,22473.0
1781109910,250,gRPC,gRPC/listar-playlists-musica,458.400000,0.000000,88,90,91,92,110,120,130,130,140,140,140,46812,0,86,81.2614394057933,1.766510999914317,169.05020400008652,16984.0
1781109910,250,gRPC,gRPC/listar-playlists-usuario,455.100000,0.000000,88,90,91,92,110,130,130,130,140,140,140,46891,0,86,81.32976953598632,1.2954060002812184,169.53065899997455,16978.0
1781109910,250,gRPC,gRPC/listar-usuarios,458.600000,0.000000,86,89,91,93,120,120,130,130,140,140,140,47048,0,84,79.22441661751839,1.4689600002384395,169.18914899997617,15097.0
1781109910,250,,Aggregated,2743.200000,0.000000,87,89,91,92,110,120,130,130,140,140,140,281559,0,85,80.70304936682703,1.148823000221455,169.53065899997455,18417.02024087314
1781109911,250,gRPC,gRPC/listar-musicas,457.400000,0.000000,88,90,91,93,110,130,130,130,140,140,140,47460,0,87,81.990769095173,1.3351719999263878,168.68686999987403,24374.0
1781109911,250,gRPC,gRPC/listar-musicas-playlist,459.100000,0.000000,85,88,90,92,120,120,130,130,140,140,140,47321,0,84,79.90139569829526,1.148823000221455,169.20375200061244,14583.0
1781109911,250,gRPC,gRPC/listar-playlists,455.600000,0.000000,86,88,90,92,100,120,130,130,140,140,140,47411,0,85,80.74703768040986,1.2973529992450494,169.4056289998116,22473.0
1781109911,250,gRPC,gRPC/listar-playlists-musica,459.600000,0.000000,88,90,91,92,110,120,130,130,140,140,140,47299,0,86,81.3465528817521,1.766510999914317,169.05020400008652,16984.0
1781109911,250,gRPC,gRPC/listar-playlists-usuario,455.800000,0.000000,87,90,91,92,110,130,130,130,140,140,140,47357,0,86,81.40444541474203,1.2954060002812184,169.53065899997455,16978.0
1781109911,250,gRPC,gRPC/listar-usuarios,459.000000,0.000000,86,89,91,93,110,120,130,130,140,140,140,47513,0,84,79.31047533113055,1.4689600002384395,169.18914899997617,15097.0
1781109911,250,,Aggregated,2746.500000,0.000000,87,89,91,92,110,120,130,130,140,140,140,284361,0,85,80.78306515742143,1.148823000221455,169.53065899997455,18416.71927233341
1781109912,250,gRPC,gRPC/listar-musicas,453.000000,0.000000,88,90,91,92,110,130,130,130,140,140,140,47934,0,87,82.05895238058397,1.3351719999263878,168.68686999987403,24374.0
1781109912,250,gRPC,gRPC/listar-musicas-playlist,459.000000,0.000000,85,88,91,92,120,120,130,130,140,140,140,47803,0,84,79.97613761556846,1.148823000221455,169.20375200061244,14583.0
1781109912,250,gRPC,gRPC/listar-playlists,456.400000,0.000000,86,89,90,92,100,120,130,130,140,140,140,47865,0,85,80.81799960699672,1.2973529992450494,169.4056289998116,22473.0
1781109912,250,gRPC,gRPC/listar-playlists-musica,458.000000,0.000000,88,90,91,93,110,130,130,130,140,140,140,47774,0,86,81.44923807236141,1.766510999914317,169.05020400008652,16984.0
1781109912,250,gRPC,gRPC/listar-playlists-usuario,457.800000,0.000000,87,90,91,92,110,120,130,130,140,140,140,47828,0,86,81.49472202774403,1.2954060002812184,169.53065899997455,16978.0
1781109912,250,gRPC,gRPC/listar-usuarios,455.300000,0.000000,86,89,91,93,110,120,130,130,140,140,140,47971,0,84,79.38821896975254,1.4689600002384395,169.18914899997617,15097.0
1781109912,250,,Aggregated,2739.500000,0.000000,87,89,91,92,110,120,130,130,140,140,140,287175,0,85,80.86387881273265,1.148823000221455,169.53065899997455,18416.506301035955
1781109913,250,gRPC,gRPC/listar-musicas,456.900000,0.000000,88,90,92,93,110,130,130,130,140,140,140,48369,0,87,82.14831600103173,1.3351719999263878,168.68686999987403,24374.0
1781109913,250,gRPC,gRPC/listar-musicas-playlist,458.500000,0.000000,85,88,90,92,120,120,130,130,140,140,140,48294,0,84,80.04303297600136,1.148823000221455,169.20375200061244,14583.0
1781109913,250,gRPC,gRPC/listar-playlists,458.300000,0.000000,86,89,90,92,100,120,130,130,140,140,140,48352,0,85,80.89705159947658,1.2973529992450494,169.4056289998116,22473.0
1781109913,250,gRPC,gRPC/listar-playlists-musica,455.400000,0.000000,88,90,91,93,110,120,130,130,140,140,140,48227,0,86,81.50675062064833,1.766510999914317,169.05020400008652,16984.0
1781109913,250,gRPC,gRPC/listar-playlists-usuario,459.400000,0.000000,87,90,91,92,110,130,130,130,140,140,140,48311,0,86,81.57667168185195,1.2954060002812184,169.53065899997455,16978.0
1781109913,250,gRPC,gRPC/listar-usuarios,454.800000,0.000000,86,89,91,93,110,120,130,130,140,140,140,48445,0,84,79.45406199378647,1.4689600002384395,169.18914899997617,15097.0
1781109913,250,,Aggregated,2743.300000,0.000000,87,89,91,92,110,120,130,130,140,140,140,289998,0,85,80.93708594965291,1.148823000221455,169.53065899997455,18415.70491865461
1781109914,250,gRPC,gRPC/listar-musicas,459.800000,0.000000,88,90,92,93,110,130,130,130,140,140,140,48852,0,87,82.24636789074968,1.3351719999263878,168.68686999987403,24374.0
1781109914,250,gRPC,gRPC/listar-musicas-playlist,455.700000,0.000000,85,88,90,91,110,120,130,130,140,140,140,48727,0,84,80.11749299839946,1.148823000221455,169.20375200061244,14583.0
1781109914,250,gRPC,gRPC/listar-playlists,460.600000,0.000000,86,89,90,92,100,130,130,130,140,140,140,48811,0,85,81.0167750198294,1.2973529992450494,169.4056289998116,22473.0
1781109914,250,gRPC,gRPC/listar-playlists-musica,455.700000,0.000000,87,90,91,92,110,120,130,130,140,140,140,48695,0,86,81.59682011744545,1.766510999914317,169.05020400008652,16984.0
1781109914,250,gRPC,gRPC/listar-playlists-usuario,459.200000,0.000000,87,89,91,92,110,130,130,130,140,140,140,48794,0,86,81.67363496696194,1.2954060002812184,169.53065899997455,16978.0
1781109914,250,gRPC,gRPC/listar-usuarios,458.200000,0.000000,86,89,91,93,110,120,130,130,140,140,140,48869,0,84,79.56252649696088,1.4689600002384395,169.18914899997617,15097.0
1781109914,250,,Aggregated,2749.200000,0.000000,87,89,91,92,110,130,130,130,140,140,140,292748,0,85,81.03548464413568,1.148823000221455,169.53065899997455,18416.76048000328
1781109915,250,gRPC,gRPC/listar-musicas,459.400000,0.000000,88,90,92,93,110,130,130,130,140,140,140,49308,0,87,82.34747267656195,1.3351719999263878,168.68686999987403,24374.0
1781109915,250,gRPC,gRPC/listar-musicas-playlist,455.700000,0.000000,85,87,90,91,100,130,130,130,140,140,140,49189,0,84,80.20207129567602,1.148823000221455,169.20375200061244,14583.0
1781109915,250,gRPC,gRPC/listar-playlists,459.900000,0.000000,86,89,90,92,110,130,130,130,140,140,140,49279,0,85,81.12535128849812,1.2973529992450494,169.4056289998116,22473.0
1781109915,250,gRPC,gRPC/listar-playlists-musica,455.700000,0.000000,88,90,91,93,110,130,130,130,140,140,140,49116,0,86,81.70868782095447,1.766510999914317,169.05020400008652,16984.0
1781109915,250,gRPC,gRPC/listar-playlists-usuario,457.700000,0.000000,87,90,91,92,110,130,130,130,140,140,140,49222,0,86,81.78370020907198,1.2954060002812184,169.53065899997455,16978.0
1781109915,250,gRPC,gRPC/listar-usuarios,459.200000,0.000000,85,88,90,92,110,130,130,130,140,140,140,49342,0,84,79.66283211168944,1.4689600002384395,169.18914899997617,15097.0
1781109915,250,,Aggregated,2747.600000,0.000000,87,89,91,92,110,130,130,130,140,140,140,295456,0,86,81.1380026758789,1.148823000221455,169.53065899997455,18416.944587349724
1781109916,250,gRPC,gRPC/listar-musicas,459.800000,0.000000,88,90,92,93,110,130,130,130,140,140,140,49797,0,87,82.39813970757119,1.3351719999263878,168.68686999987403,24374.0
1781109916,250,gRPC,gRPC/listar-musicas-playlist,458.700000,0.000000,85,87,90,91,110,130,130,130,140,140,140,49630,0,84,80.27391608668191,1.148823000221455,169.20375200061244,14583.0
1781109916,250,gRPC,gRPC/listar-playlists,457.500000,0.000000,86,89,91,92,110,130,130,130,140,140,140,49739,0,85,81.18907642348861,1.2973529992450494,169.4056289998116,22473.0
1781109916,250,gRPC,gRPC/listar-playlists-musica,460.200000,0.000000,87,90,91,93,120,130,130,130,140,140,140,49604,0,86,81.78861111343826,1.766510999914317,169.05020400008652,16984.0
1781109916,250,gRPC,gRPC/listar-playlists-usuario,456.200000,0.000000,87,90,91,92,120,130,130,130,140,140,140,49696,0,86,81.86265537554212,1.2954060002812184,169.53065899997455,16978.0
1781109916,250,gRPC,gRPC/listar-usuarios,462.100000,0.000000,85,88,90,92,110,130,130,130,140,140,140,49812,0,84,79.72991356076803,1.4689600002384395,169.18914899997617,15097.0
1781109916,250,,Aggregated,2754.500000,0.000000,87,89,91,92,110,130,130,130,140,140,140,298278,0,86,81.2069054108264,1.148823000221455,169.53065899997455,18417.435087401685
1781109917,250,gRPC,gRPC/listar-musicas,460.100000,0.000000,87,89,91,93,100,130,130,130,130,140,140,50260,0,87,82.47715903340469,1.3351719999263878,168.68686999987403,24374.0
1781109917,250,gRPC,gRPC/listar-musicas-playlist,460.900000,0.000000,85,87,90,91,100,120,130,130,130,130,130,50107,0,84,80.34370416065653,1.148823000221455,169.20375200061244,14583.0
1781109917,250,gRPC,gRPC/listar-playlists,457.600000,0.000000,86,88,91,92,110,130,130,130,130,130,130,50206,0,85,81.25939383103449,1.2973529992450494,169.4056289998116,22473.0
1781109917,250,gRPC,gRPC/listar-playlists-musica,464.600000,0.000000,87,89,91,92,110,130,130,130,130,130,130,50063,0,86,81.85028073705118,1.766510999914317,169.05020400008652,16984.0
1781109917,250,gRPC,gRPC/listar-playlists-usuario,459.600000,0.000000,87,90,91,92,110,130,130,130,130,140,140,50146,0,86,81.9612855114654,1.2954060002812184,169.53065899997455,16978.0
1781109917,250,gRPC,gRPC/listar-usuarios,461.100000,0.000000,85,87,90,91,100,130,130,130,130,140,140,50298,0,84,79.7962879070932,1.4689600002384395,169.18914899997617,15097.0
1781109917,250,,Aggregated,2763.900000,0.000000,86,89,91,92,110,130,130,130,130,140,140,301080,0,86,81.2810151488823,1.148823000221455,169.53065899997455,18417.11420552677
1781109918,250,gRPC,gRPC/listar-musicas,458.900000,0.000000,88,90,91,93,110,130,130,130,130,140,140,50720,0,87,82.56273656334618,1.3351719999263878,168.68686999987403,24374.0
1781109918,250,gRPC,gRPC/listar-musicas-playlist,462.800000,0.000000,85,87,90,91,97,120,130,130,130,130,130,50574,0,84,80.39415737374979,1.148823000221455,169.20375200061244,14583.0
1781109918,250,gRPC,gRPC/listar-playlists,459.400000,0.000000,86,89,91,92,110,130,130,130,130,130,130,50683,0,85,81.33687106854222,1.2973529992450494,169.4056289998116,22473.0
1781109918,250,gRPC,gRPC/listar-playlists-musica,462.500000,0.000000,87,89,91,93,110,130,130,130,130,130,130,50550,0,86,81.9227301057372,1.766510999914317,169.05020400008652,16984.0
1781109918,250,gRPC,gRPC/listar-playlists-usuario,461.700000,0.000000,87,90,91,93,110,130,130,130,130,140,140,50615,0,86,82.04541170929457,1.2954060002812184,169.53065899997455,16978.0
1781109918,250,gRPC,gRPC/listar-usuarios,458.500000,0.000000,85,88,90,92,110,130,130,130,130,140,140,50769,0,84,79.8757434822819,1.4689600002384395,169.18914899997617,15097.0
1781109918,250,,Aggregated,2763.900000,0.000000,87,89,91,92,110,130,130,130,130,140,140,303911,0,86,81.35594595537032,1.148823000221455,169.53065899997455,18416.941946819956
1781109919,250,gRPC,gRPC/listar-musicas,459.100000,0.000000,87,89,91,92,99,130,130,130,130,130,130,51194,0,87,82.62592701597703,1.3351719999263878,168.68686999987403,24374.0
1781109919,250,gRPC,gRPC/listar-musicas-playlist,461.900000,0.000000,85,87,89,90,95,120,130,130,130,130,130,51061,0,84,80.46845160404283,1.148823000221455,169.20375200061244,14583.0
1781109919,250,gRPC,gRPC/listar-playlists,461.300000,0.000000,86,88,90,91,97,130,130,130,130,130,130,51118,0,85,81.38692835595936,1.2973529992450494,169.4056289998116,22473.0
1781109919,250,gRPC,gRPC/listar-playlists-musica,457.700000,0.000000,87,89,91,92,100,130,130,130,130,130,130,51043,0,86,81.9891691014247,1.766510999914317,169.05020400008652,16984.0
1781109919,250,gRPC,gRPC/listar-playlists-usuario,462.400000,0.000000,87,89,91,92,110,130,130,130,130,130,130,51101,0,86,82.10286408422421,1.2954060002812184,169.53065899997455,16978.0
1781109919,250,gRPC,gRPC/listar-usuarios,458.000000,0.000000,85,88,89,91,99,130,130,130,130,130,130,51225,0,84,79.95856178028275,1.4689600002384395,169.18914899997617,15097.0
1781109919,250,,Aggregated,2760.400000,0.000000,86,88,90,91,99,130,130,130,130,130,130,306742,0,86,81.42177224480685,1.148823000221455,169.53065899997455,18416.293979957096
1781109920,250,gRPC,gRPC/listar-musicas,460.700000,0.000000,87,89,91,93,110,130,130,130,130,130,130,51616,0,87,82.7078630218911,1.3351719999263878,168.68686999987403,24374.0
1781109920,250,gRPC,gRPC/listar-musicas-playlist,459.300000,0.000000,85,87,89,90,96,120,130,130,130,130,130,51528,0,84,80.53832732840469,1.148823000221455,169.20375200061244,14583.0
1781109920,250,gRPC,gRPC/listar-playlists,464.600000,0.000000,86,88,90,91,110,130,130,130,130,130,130,51591,0,85,81.47435360867051,1.2973529992450494,169.4056289998116,22473.0
1781109920,250,gRPC,gRPC/listar-playlists-musica,457.500000,0.000000,87,89,91,92,120,130,130,130,130,130,130,51472,0,86,82.10217275775227,1.766510999914317,169.05020400008652,16984.0
1781109920,250,gRPC,gRPC/listar-playlists-usuario,460.700000,0.000000,87,89,91,93,120,130,130,130,130,130,130,51558,0,86,82.20162070148076,1.2954060002812184,169.53065899997455,16978.0
1781109920,250,gRPC,gRPC/listar-usuarios,459.200000,0.000000,85,88,89,91,110,130,130,130,130,130,130,51688,0,84,80.05182161393353,1.4689600002384395,169.18914899997617,15097.0
1781109920,250,,Aggregated,2762.000000,0.000000,86,89,90,92,110,130,130,130,130,130,130,309453,0,86,81.5122300227673,1.148823000221455,169.53065899997455,18415.758318710756
1781109921,250,gRPC,gRPC/listar-musicas,462.800000,0.000000,87,89,91,93,110,130,130,130,130,130,130,52101,0,87,82.77653678994558,1.3351719999263878,168.68686999987403,24374.0
1781109921,250,gRPC,gRPC/listar-musicas-playlist,456.000000,0.000000,85,87,89,90,96,120,130,130,130,130,130,51975,0,84,80.59629883946197,1.148823000221455,169.20375200061244,14583.0
1781109921,250,gRPC,gRPC/listar-playlists,461.200000,0.000000,86,88,90,92,120,130,130,130,130,130,130,52061,0,85,81.56357472307356,1.2973529992450494,169.4056289998116,22473.0
1781109921,250,gRPC,gRPC/listar-playlists-musica,458.400000,0.000000,87,89,91,92,110,130,130,130,130,130,130,51945,0,86,82.15804148004646,1.766510999914317,169.05020400008652,16984.0
1781109921,250,gRPC,gRPC/listar-playlists-usuario,461.100000,0.000000,87,90,91,93,120,130,130,130,130,130,130,52043,0,86,82.27463878069953,1.2954060002812184,169.53065899997455,16978.0
1781109921,250,gRPC,gRPC/listar-usuarios,460.200000,0.000000,85,87,89,91,120,130,130,130,130,130,130,52118,0,84,80.13230613277567,1.4689600002384395,169.18914899997617,15097.0
1781109921,250,,Aggregated,2759.700000,0.000000,86,88,90,92,110,130,130,130,130,130,130,312243,0,86,81.58347268282837,1.148823000221455,169.53065899997455,18416.660844278336
1781109922,250,gRPC,gRPC/listar-musicas,462.800000,0.000000,87,89,91,93,110,120,130,130,130,130,130,52558,0,87,82.82786865264978,1.3351719999263878,168.68686999987403,24374.0
1781109922,250,gRPC,gRPC/listar-musicas-playlist,459.400000,0.000000,85,87,89,90,97,120,130,130,130,130,130,52438,0,84,80.67951764111983,1.148823000221455,169.20375200061244,14583.0
1781109922,250,gRPC,gRPC/listar-playlists,459.900000,0.000000,86,88,90,92,120,130,130,130,130,130,130,52528,0,85,81.6264340071758,1.2973529992450494,169.4056289998116,22473.0
1781109922,250,gRPC,gRPC/listar-playlists-musica,461.500000,0.000000,87,89,91,92,110,120,130,130,130,130,130,52366,0,86,82.21325326196421,1.766510999914317,169.05020400008652,16984.0
1781109922,250,gRPC,gRPC/listar-playlists-usuario,458.300000,0.000000,87,89,91,93,120,130,130,130,130,130,130,52472,0,86,82.31527541271451,1.2954060002812184,169.53065899997455,16978.0
1781109922,250,gRPC,gRPC/listar-usuarios,464.800000,0.000000,86,88,90,92,120,130,130,130,130,130,130,52590,0,84,80.23342630327068,1.4689600002384395,169.18914899997617,15097.0
1781109922,250,,Aggregated,2766.700000,0.000000,86,89,90,92,110,130,130,130,130,130,130,314952,0,86,81.64899804827529,1.148823000221455,169.53065899997455,18416.83424775839
