Timestamp,User Count,Type,Name,Requests/s,Failures/s,50%,66%,75%,80%,90%,95%,98%,99%,99.9%,99.99%,100%,Total Request Count,Total Failure Count,Total Median Response Time,Total Average Response Time,Total Min Response Time,Total Max Response Time,Total Average Content Size
1781109565,0,,Aggregated,0.000000,0.000000,N/A,N/A,N/A,N/A,N/A,N/A,N/A,N/A,N/A,N/A,N/A,0,0,0,0.0,0,0,0
1781109566,10,,Aggregated,0.000000,0.000000,N/A,N/A,N/A,N/A,N/A,N/A,N/A,N/A,N/A,N/A,N/A,0,0,0,0.0,0,0,0
1781109567,20,POST,SOAP/listar-musicas,0.000000,0.000000,0,0,0,0,0,0,0,0,0,0,0,12,0,82,91.73441699999785,14.130022000244935,174.20377700000245,71703.0
1781109567,20,POST,SOAP/listar-musicas-playlist,0.000000,0.000000,0,0,0,0,0,0,0,0,0,0,0,7,0,59,62.47026171422476,33.79329899962613,88.53096899929369,43123.0
1781109567,20,POST,SOAP/listar-playlists,0.000000,0.000000,0,0,0,0,0,0,0,0,0,0,0,10,0,52,55.0433413999599,15.824466000594839,84.33642799991503,73185.0
1781109567,20,POST,SOAP/listar-playlists-musica,0.000000,0.000000,0,0,0,0,0,0,0,0,0,0,0,5,0,64,67.65563899971312,49.660405999929935,87.82640699973854,55937.0
1781109567,20,POST,SOAP/listar-playlists-usuario,0.000000,0.000000,0,0,0,0,0,0,0,0,0,0,0,9,0,55,57.121229666639316,24.593740999989677,85.6098110007224,55920.0
1781109567,20,POST,SOAP/listar-usuarios,0.000000,0.000000,0,0,0,0,0,0,0,0,0,0,0,15,0,1500.0,1165.1130736666044,52.773242000512255,1882.5478609996935,28012.0
1781109567,20,,Aggregated,0.000000,0.000000,78,86,120,170,1600,1700,1800,1900,1900,1900,1900,58,0,75,352.0276485689057,14.130022000244935,1882.5478609996935,53401.58620689655
1781109568,30,POST,SOAP/listar-musicas,0.000000,0.000000,0,0,0,0,0,0,0,0,0,0,0,32,0,130.0,143.5015310937331,14.130022000244935,307.3878059994968,71703.0
1781109568,30,POST,SOAP/listar-musicas-playlist,0.000000,0.000000,0,0,0,0,0,0,0,0,0,0,0,23,0,100.0,107.24275882615115,33.79329899962613,155.7311189999382,43123.0
1781109568,30,POST,SOAP/listar-playlists,0.000000,0.000000,0,0,0,0,0,0,0,0,0,0,0,29,0,100.0,101.49911731034457,15.824466000594839,153.07519799989677,73185.0
1781109568,30,POST,SOAP/listar-playlists-musica,0.000000,0.000000,0,0,0,0,0,0,0,0,0,0,0,21,0,120.0,116.40656976175835,49.660405999929935,160.57048899983783,55937.0
1781109568,30,POST,SOAP/listar-playlists-usuario,0.000000,0.000000,0,0,0,0,0,0,0,0,0,0,0,26,0,99,100.92902907693384,24.593740999989677,152.06814300017868,55920.0
1781109568,30,POST,SOAP/listar-usuarios,0.000000,0.000000,0,0,0,0,0,0,0,0,0,0,0,36,0,150.0,817.2966228054925,52.773242000512255,1882.8144960007194,28012.0
1781109568,30,,Aggregated,0.000000,0.000000,120,150,150,160,1100,1600,1700,1900,1900,1900,1900,167,0,120.0,266.4280119281189,14.130022000244935,1882.8144960007194,54165.982035928144
1781109569,40,POST,SOAP/listar-musicas,0.000000,0.000000,190,210,240,300,350,400,420,420,420,420,420,52,0,170.0,181.44685832687804,14.130022000244935,416.27408400017885,71703.0
1781109569,40,POST,SOAP/listar-musicas-playlist,0.000000,0.000000,160,170,180,200,200,200,200,200,200,200,200,40,0,150.0,138.70856695004932,33.79329899962613,201.2674950001383,43123.0
1781109569,40,POST,SOAP/listar-playlists,0.000000,0.000000,150,170,180,190,200,200,200,200,200,200,200,48,0,150.0,133.45839931251172,15.824466000594839,201.04305200038652,73185.0
1781109569,40,POST,SOAP/listar-playlists-musica,0.000000,0.000000,160,170,190,200,200,210,210,210,210,210,210,36,0,150.0,145.30640669431705,49.660405999929935,205.83335099945543,55937.0
1781109569,40,POST,SOAP/listar-playlists-usuario,0.000000,0.000000,150,170,180,190,200,200,200,200,200,200,200,44,0,140.0,132.69170568183984,24.593740999989677,197.89621800009627,55920.0
1781109569,40,POST,SOAP/listar-usuarios,0.000000,0.000000,180,200,1300,1400,1800,2000,2200,2200,2200,2200,2200,56,0,190.0,735.4152207499608,52.773242000512255,2219.074766000631,28012.0
1781109569,40,,Aggregated,0.000000,0.000000,160,180,200,200,330,1500,1800,1900,2200,2200,2200,276,0,160.0,266.8199294601244,14.130022000244935,2219.074766000631,54381.30434782609
1781109570,50,POST,SOAP/listar-musicas,4.333333,0.000000,220,240,270,300,400,440,480,510,510,510,510,70,0,200.0,209.21141365710614,14.130022000244935,508.14325499959523,71703.0
1781109570,50,POST,SOAP/listar-musicas-playlist,2.666667,0.000000,180,200,210,220,250,260,260,260,260,260,260,56,0,170.0,165.29819737503917,33.79329899962613,262.36461000007694,43123.0
1781109570,50,POST,SOAP/listar-playlists,3.666667,0.000000,180,200,220,230,250,260,260,450,450,450,450,66,0,160.0,164.0425437575769,15.824466000594839,445.7957879994865,73185.0
1781109570,50,POST,SOAP/listar-playlists-musica,2.000000,0.000000,190,210,220,230,230,260,270,270,270,270,270,51,0,170.0,171.0542373332596,49.660405999929935,266.4913050002724,55937.0
1781109570,50,POST,SOAP/listar-playlists-usuario,3.000000,0.000000,180,200,220,220,230,260,260,260,260,260,260,61,0,160.0,159.78572724589702,24.593740999989677,258.30347899955086,55920.0
1781109570,50,POST,SOAP/listar-usuarios,5.333333,0.000000,210,250,1300,1600,2000,2500,2700,3000,3000,3000,3000,76,0,220.0,750.6322776841658,52.773242000512255,2977.340694999839,28012.0
1781109570,50,,Aggregated,21.000000,0.000000,180,210,230,230,330,1500,1900,2200,3000,3000,3000,380,0,180.0,290.12382754471673,14.130022000244935,2977.340694999839,54360.86052631579
1781109571,60,POST,SOAP/listar-musicas,8.000000,0.000000,240,270,280,300,420,510,540,540,540,540,540,88,0,220.0,231.34736859091473,14.130022000244935,540.7274140006848,71703.0
1781109571,60,POST,SOAP/listar-musicas-playlist,6.000000,0.000000,210,250,260,260,270,270,270,270,270,270,270,74,0,200.0,189.63210950002846,33.79329899962613,271.78189899950667,43123.0
1781109571,60,POST,SOAP/listar-playlists,7.500000,0.000000,200,250,260,260,270,270,280,450,450,450,450,84,0,200.0,185.97327016667415,15.824466000594839,445.7957879994865,73185.0
1781109571,60,POST,SOAP/listar-playlists-musica,5.250000,0.000000,220,230,270,270,270,270,270,280,280,280,280,69,0,210.0,196.7419206521431,49.660405999929935,275.18811600020854,55937.0
1781109571,60,POST,SOAP/listar-playlists-usuario,6.750000,0.000000,200,230,260,260,260,270,270,270,270,270,270,78,0,190.0,182.21376751279632,24.593740999989677,268.00299000024097,55920.0
1781109571,60,POST,SOAP/listar-usuarios,9.000000,0.000000,250,270,1100,1400,2200,2800,3300,3500,3500,3500,3500,95,0,260.0,746.0066085683902,52.773242000512255,3520.137638000051,28012.0
1781109571,60,,Aggregated,42.500000,0.000000,210,260,260,270,280,1500,2000,2700,3500,3500,3500,488,0,210.0,304.6549045860583,14.130022000244935,3520.137638000051,54366.92418032787
1781109573,70,POST,SOAP/listar-musicas,10.400000,0.000000,270,300,310,310,440,540,590,620,620,620,620,108,0,260.0,255.35430749072543,14.130022000244935,620.4174250005963,71703.0
1781109573,70,POST,SOAP/listar-musicas-playlist,8.200000,0.000000,230,270,270,280,290,300,320,320,320,320,320,91,0,220.0,209.72525841760537,33.79329899962613,323.0056719994536,43123.0
1781109573,70,POST,SOAP/listar-playlists,9.600000,0.000000,230,260,270,280,300,300,320,450,450,450,450,102,0,210.0,205.2777745294121,15.824466000594839,445.7957879994865,73185.0
1781109573,70,POST,SOAP/listar-playlists-musica,7.400000,0.000000,230,270,270,290,300,310,320,320,320,320,320,85,0,230.0,216.64118530586754,49.660405999929935,321.99220600068656,55937.0
1781109573,70,POST,SOAP/listar-playlists-usuario,8.800000,0.000000,230,260,270,280,290,300,310,320,320,320,320,97,0,220.0,204.07920008247604,24.593740999989677,319.89785399946413,55920.0
1781109573,70,POST,SOAP/listar-usuarios,11.400000,0.000000,270,290,320,1400,2500,3300,3700,4000,4000,4000,4000,114,0,270.0,784.8266597543519,52.773242000512255,4008.9439189996483,28012.0
1781109573,70,,Aggregated,55.800000,0.000000,230,270,280,290,320,1400,2200,3100,4000,4000,4000,597,0,230.0,327.10555962813345,14.130022000244935,4008.9439189996483,54447.63819095477
1781109574,80,POST,SOAP/listar-musicas,12.571429,0.000000,280,310,330,330,480,590,650,660,670,670,670,127,0,270.0,274.6490237401361,14.130022000244935,670.7888889995957,71703.0
1781109574,80,POST,SOAP/listar-musicas-playlist,10.571429,0.000000,260,280,300,310,320,330,330,330,330,330,330,108,0,260.0,227.70913412040062,33.79329899962613,328.13005600019096,43123.0
1781109574,80,POST,SOAP/listar-playlists,12.000000,0.000000,260,280,300,310,330,330,330,330,450,450,450,120,0,250.0,223.16102488334764,15.824466000594839,445.7957879994865,73185.0
1781109574,80,POST,SOAP/listar-playlists-musica,9.857143,0.000000,270,290,300,320,330,330,330,340,340,340,340,103,0,260.0,236.45318296116474,49.660405999929935,341.7350099998657,55937.0
1781109574,80,POST,SOAP/listar-playlists-usuario,11.142857,0.000000,260,270,290,300,320,320,320,320,330,330,330,113,0,250.0,220.594168256633,24.593740999989677,325.2711979994274,55920.0
1781109574,80,POST,SOAP/listar-usuarios,13.571429,0.000000,280,320,330,1400,2700,3500,4300,4700,5000,5000,5000,135,0,290.0,809.9024871555225,52.773242000512255,5015.353489000518,28012.0
1781109574,80,,Aggregated,69.714286,0.000000,260,290,310,320,330,1200,2200,3300,5000,5000,5000,706,0,260.0,346.8427621954639,14.130022000244935,5015.353489000518,54402.06232294618
1781109575,90,POST,SOAP/listar-musicas,13.500000,0.000000,300,330,350,360,480,590,670,690,710,710,710,145,0,290.0,290.0955918896278,14.130022000244935,711.4812509998956,71703.0
1781109575,90,POST,SOAP/listar-musicas-playlist,11.375000,0.000000,270,300,320,330,350,360,360,370,370,370,370,125,0,270.0,244.8923024720425,33.79329899962613,372.119725999255,43123.0
1781109575,90,POST,SOAP/listar-playlists,12.750000,0.000000,270,300,320,330,350,360,370,370,450,450,450,139,0,260.0,241.13563508632828,15.824466000594839,445.7957879994865,73185.0
1781109575,90,POST,SOAP/listar-playlists-musica,10.625000,0.000000,270,310,330,330,350,370,370,380,380,380,380,119,0,270.0,253.04614121006972,49.660405999929935,375.4727979994641,55937.0
1781109575,90,POST,SOAP/listar-playlists-usuario,12.125000,0.000000,260,290,320,320,340,350,360,370,370,370,370,132,0,260.0,239.29391462878482,24.593740999989677,368.1828630005839,55920.0
1781109575,90,POST,SOAP/listar-usuarios,14.250000,0.000000,300,330,360,1200,2700,3700,5000,5400,5700,5700,5700,152,0,300.0,827.2663131447247,52.773242000512255,5731.029856000532,28012.0
1781109575,90,,Aggregated,74.625000,0.000000,270,310,330,340,360,710,2200,3400,5700,5700,5700,812,0,270.0,361.62194463423316,14.130022000244935,5731.029856000532,54502.206896551725
1781109576,100,POST,SOAP/listar-musicas,14.111111,0.000000,310,350,370,380,540,650,740,750,780,780,780,163,0,300.0,307.5396340367873,14.130022000244935,780.7133090000207,71703.0
1781109576,100,POST,SOAP/listar-musicas-playlist,12.000000,0.000000,280,320,350,350,370,380,400,400,400,400,400,143,0,270.0,261.77830839164005,33.79329899962613,401.80376100033754,43123.0
1781109576,100,POST,SOAP/listar-playlists,13.333333,0.000000,280,320,340,350,370,380,400,400,450,450,450,156,0,270.0,256.21469760896315,15.824466000594839,445.7957879994865,73185.0
1781109576,100,POST,SOAP/listar-playlists-musica,11.333333,0.000000,290,330,350,350,380,380,400,400,410,410,410,136,0,270.0,269.46910459556716,49.660405999929935,408.06699699987803,55937.0
1781109576,100,POST,SOAP/listar-playlists-usuario,12.555556,0.000000,280,320,340,350,370,370,390,390,400,400,400,150,0,270.0,255.72893199333217,24.593740999989677,397.5404279999566,55920.0
1781109576,100,POST,SOAP/listar-usuarios,15.000000,0.000000,320,360,380,1100,2800,4300,5400,5700,5900,5900,5900,172,0,320.0,864.2891522906925,52.773242000512255,5889.118230000349,28012.0
1781109576,100,,Aggregated,78.333333,0.000000,290,330,350,360,390,740,2200,3700,5900,5900,5900,920,0,290.0,381.73654727499525,14.130022000244935,5889.118230000349,54439.71086956522
1781109577,110,POST,SOAP/listar-musicas,14.500000,0.000000,330,370,400,410,540,660,750,810,810,810,810,182,0,320.0,322.7875234725156,14.130022000244935,808.7205870006073,71703.0
1781109577,110,POST,SOAP/listar-musicas-playlist,12.500000,0.000000,300,340,360,370,400,400,410,420,420,420,420,160,0,290.0,276.9081080437843,33.79329899962613,420.9046670002863,43123.0
1781109577,110,POST,SOAP/listar-playlists,13.800000,0.000000,300,340,360,370,400,400,420,420,450,450,450,175,0,290.0,272.20060723427326,15.824466000594839,445.7957879994865,73185.0
1781109577,110,POST,SOAP/listar-playlists-musica,11.900000,0.000000,300,340,370,380,400,410,420,420,420,420,420,152,0,300.0,284.0899849276304,49.660405999929935,424.60001400013425,55937.0
1781109577,110,POST,SOAP/listar-playlists-usuario,13.200000,0.000000,290,340,360,370,390,400,400,420,420,420,420,167,0,290.0,270.4880967005969,24.593740999989677,416.32209199997305,55920.0
1781109577,110,POST,SOAP/listar-usuarios,15.200000,0.000000,330,370,400,420,2800,4700,5700,6300,6700,6700,6700,191,0,330.0,882.3326461256443,52.773242000512255,6701.624284999525,28012.0
1781109577,110,,Aggregated,81.100000,0.000000,310,350,370,390,410,540,2500,4300,6700,6700,6700,1027,0,300.0,396.8514684449845,14.130022000244935,6701.624284999525,54477.46543330087
1781109578,120,POST,SOAP/listar-musicas,16.300000,0.000000,360,400,420,430,570,710,810,850,870,870,870,200,0,330.0,338.8439289350071,14.130022000244935,866.6608230005295,71703.0
1781109578,120,POST,SOAP/listar-musicas-playlist,14.300000,0.000000,330,360,390,400,420,430,430,430,430,430,430,178,0,310.0,291.9477437809404,33.79329899962613,434.8581499998545,43123.0
1781109578,120,POST,SOAP/listar-playlists,15.500000,0.000000,330,360,390,400,420,430,430,440,450,450,450,193,0,300.0,286.4010700569956,15.824466000594839,445.7957879994865,73185.0
1781109578,120,POST,SOAP/listar-playlists-musica,13.600000,0.000000,330,370,390,410,420,430,440,440,440,440,440,170,0,320.0,299.53964446471326,49.660405999929935,440.0825709999481,55937.0
1781109578,120,POST,SOAP/listar-playlists-usuario,14.900000,0.000000,320,360,380,400,410,420,430,430,430,430,430,185,0,300.0,285.19383772972276,24.593740999989677,433.76688599983027,55920.0
1781109578,120,POST,SOAP/listar-usuarios,17.200000,0.000000,350,400,420,430,3300,5400,6700,7600,8000,8000,8000,210,0,350.0,942.8487129428585,52.773242000512255,7989.56837500009,28012.0
1781109578,120,,Aggregated,91.800000,0.000000,330,370,400,410,430,540,3000,5100,8000,8000,8000,1136,0,320.0,419.62299292078313,14.130022000244935,7989.56837500009,54470.25440140845
1781109579,130,POST,SOAP/listar-musicas,18.200000,0.000000,380,420,440,450,590,750,850,880,900,900,900,220,0,350.0,352.80642986364745,14.130022000244935,896.5032690002772,71703.0
1781109579,130,POST,SOAP/listar-musicas-playlist,15.900000,0.000000,350,400,410,420,430,440,440,450,450,450,450,195,0,320.0,304.9053549949139,33.79329899962613,448.5644160004085,43123.0
1781109579,130,POST,SOAP/listar-playlists,17.400000,0.000000,350,400,410,420,440,440,450,450,450,450,450,211,0,320.0,299.59390107108993,15.824466000594839,448.152186999323,73185.0
1781109579,130,POST,SOAP/listar-playlists-musica,15.200000,0.000000,360,400,410,430,440,450,450,450,450,450,450,187,0,330.0,312.83701150268195,49.660405999929935,453.45168500080035,55937.0
1781109579,130,POST,SOAP/listar-playlists-usuario,16.600000,0.000000,350,390,400,420,430,440,440,440,440,440,440,202,0,320.0,297.99142194554287,24.593740999989677,443.9158490004047,55920.0
1781109579,130,POST,SOAP/listar-usuarios,19.100000,0.000000,370,420,430,440,3500,5700,7600,8400,8900,8900,8900,229,0,370.0,973.0433313231421,52.773242000512255,8890.277802000128,28012.0
1781109579,130,,Aggregated,102.400000,0.000000,360,400,420,430,440,510,3300,5500,8900,8900,8900,1244,0,330.0,435.53857168570073,14.130022000244935,8890.277802000128,54498.78376205788
1781109580,140,POST,SOAP/listar-musicas,18.600000,0.000000,410,440,460,470,650,810,880,920,930,930,930,238,0,360.0,365.7628626890967,14.130022000244935,934.9784979995093,71703.0
1781109580,140,POST,SOAP/listar-musicas-playlist,16.900000,0.000000,380,410,430,440,460,470,480,480,480,480,480,212,0,330.0,317.9514322688998,33.79329899962613,483.8145940002505,43123.0
1781109580,140,POST,SOAP/listar-playlists,18.100000,0.000000,380,410,430,440,450,470,480,480,480,480,480,228,0,330.0,312.0739453991223,15.824466000594839,477.0305889996962,73185.0
1781109580,140,POST,SOAP/listar-playlists-musica,16.300000,0.000000,380,420,440,440,460,470,480,490,490,490,490,204,0,330.0,326.1152118284504,49.660405999929935,489.05406900030357,55937.0
1781109580,140,POST,SOAP/listar-playlists-usuario,17.500000,0.000000,370,410,430,430,450,460,470,470,470,470,470,220,0,320.0,311.40909816819914,24.593740999989677,473.5861119997935,55920.0
1781109580,140,POST,SOAP/listar-usuarios,19.300000,0.000000,400,430,440,460,4000,5900,8000,8800,8900,8900,8900,246,0,380.0,971.9539152032577,52.773242000512255,8890.277802000128,28012.0
1781109580,140,,Aggregated,106.700000,0.000000,390,420,440,440,470,490,3400,5700,8900,8900,8900,1348,0,350.0,444.9171309065438,14.130022000244935,8890.277802000128,54523.790801186944
1781109581,150,POST,SOAP/listar-musicas,18.700000,0.000000,430,450,480,480,660,810,900,930,970,970,970,255,0,370.0,375.82873414904657,14.130022000244935,968.4240400001727,71703.0
1781109581,150,POST,SOAP/listar-musicas-playlist,17.000000,0.000000,400,430,440,460,480,480,490,490,500,500,500,229,0,350.0,329.97892058081635,33.79329899962613,496.51773599998705,43123.0
1781109581,150,POST,SOAP/listar-playlists,18.000000,0.000000,400,430,440,460,480,480,490,500,960,960,960,246,0,350.0,326.38048642276794,15.824466000594839,960.4032500001267,73185.0
1781109581,150,POST,SOAP/listar-playlists-musica,16.500000,0.000000,410,440,450,470,480,490,490,490,500,500,500,221,0,350.0,338.2931964615514,49.660405999929935,501.44609499966464,55937.0
1781109581,150,POST,SOAP/listar-playlists-usuario,17.400000,0.000000,400,430,440,460,470,480,490,490,490,490,490,239,0,340.0,324.5687170920597,24.593740999989677,493.01693300003535,55920.0
1781109581,150,POST,SOAP/listar-usuarios,19.300000,0.000000,420,450,470,480,4700,6700,8800,9300,9800,9800,9800,265,0,400.0,1005.1163838226475,52.773242000512255,9790.091048999784,28012.0
1781109581,150,,Aggregated,106.900000,0.000000,410,440,460,470,480,500,3700,6300,9800,9800,9800,1455,0,360.0,460.7434097574031,14.130022000244935,9790.091048999784,54510.70721649485
1781109582,160,POST,SOAP/listar-musicas,18.500000,0.000000,450,480,490,500,690,850,930,980,1000,1000,1000,274,0,390.0,388.6735784452881,14.130022000244935,1021.1415230005514,71703.0
1781109582,160,POST,SOAP/listar-musicas-playlist,17.000000,0.000000,430,450,470,480,490,500,520,520,520,520,520,246,0,360.0,341.76649601222675,33.79329899962613,520.3903069996159,43123.0
1781109582,160,POST,SOAP/listar-playlists,17.900000,0.000000,420,450,470,480,490,500,520,520,960,960,960,264,0,360.0,338.12992984848495,15.824466000594839,960.4032500001267,73185.0
1781109582,160,POST,SOAP/listar-playlists-musica,16.500000,0.000000,430,450,470,480,500,510,520,520,530,530,530,239,0,370.0,351.02050709206793,49.660405999929935,525.3309059999083,55937.0
1781109582,160,POST,SOAP/listar-playlists-usuario,17.600000,0.000000,420,440,460,470,490,500,520,520,520,520,520,255,0,360.0,335.6501252980475,24.593740999989677,522.4523910001153,55920.0
1781109582,160,POST,SOAP/listar-usuarios,18.900000,0.000000,440,470,480,490,5100,7600,9300,10000,11000,11000,11000,284,0,410.0,1042.304818816909,52.773242000512255,10814.889514999777,28012.0
1781109582,160,,Aggregated,106.400000,0.000000,430,460,470,480,500,530,4300,7100,11000,11000,11000,1562,0,370.0,477.16816368951663,14.130022000244935,10814.889514999777,54519.6357234315
1781109583,170,POST,SOAP/listar-musicas,18.200000,0.000000,470,490,510,520,740,880,980,1000,1000,1000,1000,293,0,410.0,400.8086928976403,14.130022000244935,1034.8532799998793,71703.0
1781109583,170,POST,SOAP/listar-musicas-playlist,17.200000,0.000000,440,470,490,490,510,520,520,520,540,540,540,264,0,370.0,353.49213575760564,33.79329899962613,536.1837169994033,43123.0
1781109583,170,POST,SOAP/listar-playlists,17.900000,0.000000,440,470,490,490,510,520,520,520,960,960,960,282,0,370.0,349.47035234043153,15.824466000594839,960.4032500001267,73185.0
1781109583,170,POST,SOAP/listar-playlists-musica,16.800000,0.000000,450,470,490,500,520,520,530,540,540,540,540,255,0,380.0,361.8040733019798,49.660405999929935,541.5329699999347,55937.0
1781109583,170,POST,SOAP/listar-playlists-usuario,17.700000,0.000000,440,470,480,490,510,520,520,520,530,530,530,273,0,370.0,347.2578703223564,24.593740999989677,529.4872069998746,55920.0
1781109583,170,POST,SOAP/listar-usuarios,18.700000,0.000000,460,480,500,510,5500,8400,10000,11000,12000,12000,12000,302,0,420.0,1084.193480288091,52.773242000512255,11852.130184999623,28012.0
1781109583,170,,Aggregated,106.500000,0.000000,450,480,490,500,520,530,1000,8000,12000,12000,12000,1669,0,390.0,493.58740476694425,14.130022000244935,11852.130184999623,54536.45296584781
1781109584,180,POST,SOAP/listar-musicas,18.500000,0.000000,480,510,530,540,780,920,1000,1100,1100,1100,1100,309,0,410.0,411.76897138513044,14.130022000244935,1088.8839449999068,71703.0
1781109584,180,POST,SOAP/listar-musicas-playlist,17.100000,0.000000,460,490,500,510,530,540,550,550,550,550,550,281,0,400.0,364.66652126336504,33.79329899962613,553.178516999651,43123.0
1781109584,180,POST,SOAP/listar-playlists,17.900000,0.000000,470,490,510,520,530,540,550,550,960,960,960,301,0,390.0,361.48941731562905,15.824466000594839,960.4032500001267,73185.0
1781109584,180,POST,SOAP/listar-playlists-musica,16.800000,0.000000,470,490,510,520,540,540,550,560,560,560,560,272,0,400.0,373.1162395514936,49.660405999929935,557.1288929995717,55937.0
1781109584,180,POST,SOAP/listar-playlists-usuario,17.500000,0.000000,460,490,500,510,530,530,550,550,550,550,550,292,0,380.0,359.46749424659816,24.593740999989677,549.0890729997773,55920.0
1781109584,180,POST,SOAP/listar-usuarios,18.800000,0.000000,470,510,520,530,5900,8900,11000,12000,13000,13000,13000,321,0,430.0,1127.491358925251,52.773242000512255,12947.581885000545,28012.0
1781109584,180,,Aggregated,106.600000,0.000000,470,490,510,520,540,550,1100,8800,13000,13000,13000,1776,0,400.0,510.6379903930372,14.130022000244935,12947.581885000545,54525.80574324324
1781109585,190,POST,SOAP/listar-musicas,18.400000,0.000000,500,530,540,550,810,970,1100,1100,1100,1100,1100,329,0,430.0,424.17139143163075,14.130022000244935,1145.6894749999265,71703.0
1781109585,190,POST,SOAP/listar-musicas-playlist,17.100000,0.000000,480,510,520,530,550,550,550,550,580,580,580,298,0,400.0,375.1973952282131,33.79329899962613,581.7956099999719,43123.0
1781109585,190,POST,SOAP/listar-playlists,17.900000,0.000000,480,510,520,530,550,550,560,580,960,960,960,318,0,400.0,371.6841907138497,15.824466000594839,960.4032500001267,73185.0
1781109585,190,POST,SOAP/listar-playlists-musica,16.700000,0.000000,490,520,530,540,550,560,560,580,590,590,590,289,0,410.0,383.9821587889451,49.660405999929935,587.5576959997488,55937.0
1781109585,190,POST,SOAP/listar-playlists-usuario,17.500000,0.000000,480,500,520,530,540,550,550,580,580,580,580,307,0,400.0,368.7365491205395,24.593740999989677,580.0880779997897,55920.0
1781109585,190,POST,SOAP/listar-usuarios,18.800000,0.000000,490,520,540,550,6700,9800,12000,13000,14000,14000,14000,340,0,440.0,1170.3339585647159,52.773242000512255,13504.19145900014,28012.0
1781109585,190,,Aggregated,106.400000,0.000000,490,520,530,540,550,580,1100,9300,14000,14000,14000,1881,0,410.0,527.1894176438236,14.130022000244935,13504.19145900014,54530.08187134503
1781109586,200,POST,SOAP/listar-musicas,18.100000,0.000000,520,540,560,570,830,980,1100,1100,1200,1200,1200,346,0,440.0,433.9007353006006,14.130022000244935,1162.7193989997977,71703.0
1781109586,200,POST,SOAP/listar-musicas-playlist,17.100000,0.000000,500,520,540,550,560,580,600,600,600,600,600,316,0,410.0,386.76495297470893,33.79329899962613,600.6527370000185,43123.0
1781109586,200,POST,SOAP/listar-playlists,17.900000,0.000000,500,520,540,550,560,590,600,600,960,960,960,336,0,410.0,382.87448731549466,15.824466000594839,960.4032500001267,73185.0
1781109586,200,POST,SOAP/listar-playlists-musica,16.800000,0.000000,500,530,540,550,570,600,600,610,610,610,610,305,0,420.0,394.6825236819897,49.660405999929935,606.2595920002423,55937.0
1781109586,200,POST,SOAP/listar-playlists-usuario,17.700000,0.000000,500,520,530,550,560,590,600,600,600,600,600,325,0,400.0,380.36986282156613,24.593740999989677,601.749997999832,55920.0
1781109586,200,POST,SOAP/listar-usuarios,18.500000,0.000000,510,540,550,560,7100,10000,13000,14000,14000,14000,14000,359,0,450.0,1175.496455194998,52.773242000512255,13663.8519549997,28012.0
1781109586,200,,Aggregated,106.100000,0.000000,500,530,550,550,580,600,1100,9800,14000,14000,14000,1987,0,420.0,536.9878257911637,14.130022000244935,13663.8519549997,54513.01409159537
1781109587,210,POST,SOAP/listar-musicas,18.100000,0.000000,530,560,580,600,620,1000,1100,1200,1200,1200,1200,363,0,440.0,445.17981322040794,14.130022000244935,1202.2255249994487,71703.0
1781109587,210,POST,SOAP/listar-musicas-playlist,17.200000,0.000000,520,550,550,560,600,600,610,620,620,620,620,333,0,430.0,397.6950533423659,33.79329899962613,615.7720490000429,43123.0
1781109587,210,POST,SOAP/listar-playlists,17.800000,0.000000,520,550,550,570,600,600,610,620,960,960,960,354,0,420.0,394.02483435877565,15.824466000594839,960.4032500001267,73185.0
1781109587,210,POST,SOAP/listar-playlists-musica,16.900000,0.000000,520,550,560,580,600,610,610,620,620,620,620,322,0,430.0,405.877066903751,49.660405999929935,621.6836819994569,55937.0
1781109587,210,POST,SOAP/listar-playlists-usuario,17.300000,0.000000,520,540,550,570,600,600,600,610,610,610,610,343,0,420.0,391.6990326530915,24.593740999989677,613.180561000263,55920.0
1781109587,210,POST,SOAP/listar-usuarios,18.500000,0.000000,520,550,570,600,620,11000,14000,14000,15000,15000,15000,376,0,460.0,1223.8026041090498,52.773242000512255,14869.690315000298,28012.0
1781109587,210,,Aggregated,105.800000,0.000000,520,550,560,580,600,610,1100,11000,15000,15000,15000,2091,0,430.0,554.1427447216856,14.130022000244935,14869.690315000298,54529.13629842181
1781109588,220,POST,SOAP/listar-musicas,18.100000,0.000000,550,590,600,610,620,1100,1200,1200,1200,1200,1200,383,0,450.0,456.4314705665993,14.130022000244935,1203.7463389997356,71703.0
1781109588,220,POST,SOAP/listar-musicas-playlist,17.100000,0.000000,540,560,590,590,600,600,610,620,620,620,620,351,0,430.0,407.7178449316434,33.79329899962613,615.7720490000429,43123.0
1781109588,220,POST,SOAP/listar-playlists,17.900000,0.000000,540,560,590,590,600,610,610,620,960,960,960,371,0,430.0,403.18888786794224,15.824466000594839,960.4032500001267,73185.0
1781109588,220,POST,SOAP/listar-playlists-musica,16.700000,0.000000,540,560,590,600,600,610,610,620,620,620,620,339,0,440.0,415.5069577846891,49.660405999929935,621.6836819994569,55937.0
1781109588,220,POST,SOAP/listar-playlists-usuario,17.500000,0.000000,530,560,580,590,600,600,600,610,610,610,610,361,0,430.0,401.48962732690285,24.593740999989677,613.180561000263,55920.0
1781109588,220,POST,SOAP/listar-usuarios,18.500000,0.000000,550,580,590,600,620,12000,14000,15000,16000,16000,16000,395,0,470.0,1270.2997258152034,52.773242000512255,16071.079641999859,28012.0
1781109588,220,,Aggregated,105.800000,0.000000,540,570,590,600,600,610,1200,12000,16000,16000,16000,2200,0,440.0,570.485590930931,14.130022000244935,16071.079641999859,54529.34545454545
1781109589,230,POST,SOAP/listar-musicas,18.000000,0.000000,570,600,610,620,640,1100,1200,1200,1200,1200,1200,401,0,470.0,465.69431805737355,14.130022000244935,1239.2924060004589,71703.0
1781109589,230,POST,SOAP/listar-musicas-playlist,17.200000,0.000000,550,590,600,600,610,630,630,630,630,630,630,366,0,440.0,416.41635929782694,33.79329899962613,634.2827669996041,43123.0
1781109589,230,POST,SOAP/listar-playlists,17.800000,0.000000,550,590,600,600,610,630,630,630,960,960,960,389,0,440.0,413.25496885863726,15.824466000594839,960.4032500001267,73185.0
1781109589,230,POST,SOAP/listar-playlists-musica,16.800000,0.000000,550,590,600,600,610,640,640,640,640,640,640,358,0,450.0,426.68993713690116,49.660405999929935,639.6151939998163,55937.0
1781109589,230,POST,SOAP/listar-playlists-usuario,17.400000,0.000000,550,580,590,600,610,630,630,630,630,630,630,378,0,430.0,411.30667724871336,24.593740999989677,633.8255279997611,55920.0
1781109589,230,POST,SOAP/listar-usuarios,18.200000,0.000000,560,600,600,610,630,13000,15000,16000,17000,17000,17000,413,0,480.0,1280.9972207433614,52.773242000512255,16709.098231000098,28012.0
1781109589,230,,Aggregated,105.400000,0.000000,550,590,600,600,620,630,1200,12000,17000,17000,17000,2305,0,450.0,580.1252779141232,14.130022000244935,16709.098231000098,54549.695444685465
1781109590,240,POST,SOAP/listar-musicas,18.100000,0.000000,600,610,620,620,640,1100,1200,1200,1300,1300,1300,420,0,480.0,475.9367121476297,14.130022000244935,1260.6808470000033,71703.0
1781109590,240,POST,SOAP/listar-musicas-playlist,17.200000,0.000000,580,600,600,610,620,630,630,630,650,650,650,385,0,450.0,426.48260014806056,33.79329899962613,648.0508000004193,43123.0
1781109590,240,POST,SOAP/listar-playlists,17.600000,0.000000,580,600,610,610,620,630,630,630,630,630,630,407,0,440.0,422.41518833909794,15.824466000594839,960.4032500001267,73185.0
1781109590,240,POST,SOAP/listar-playlists-musica,16.800000,0.000000,590,600,610,610,630,640,640,640,640,640,640,373,0,450.0,434.59351072924505,49.660405999929935,639.6151939998163,55937.0
1781109590,240,POST,SOAP/listar-playlists-usuario,17.500000,0.000000,580,600,600,610,620,630,630,630,630,630,630,397,0,440.0,421.11401686149543,24.593740999989677,633.8255279997611,55920.0
1781109590,240,POST,SOAP/listar-usuarios,18.300000,0.000000,590,600,610,620,630,14000,16000,17000,18000,18000,18000,432,0,490.0,1330.769391203729,52.773242000512255,17960.06527500049,28012.0
1781109590,240,,Aggregated,105.500000,0.000000,580,600,610,610,630,640,1200,13000,18000,18000,18000,2414,0,460.0,596.5990981810496,14.130022000244935,17960.06527500049,54544.25642087821
1781109591,250,POST,SOAP/listar-musicas,17.900000,0.000000,610,620,630,640,660,1200,1200,1300,1300,1300,1300,436,0,480.0,483.87213950230336,14.130022000244935,1283.7885300004928,71703.0
1781109591,250,POST,SOAP/listar-musicas-playlist,17.000000,0.000000,590,610,610,620,640,650,650,650,660,660,660,402,0,460.0,435.7505840423019,33.79329899962613,658.7002750002284,43123.0
1781109591,250,POST,SOAP/listar-playlists,17.600000,0.000000,600,610,620,630,640,650,650,650,660,660,660,426,0,460.0,432.32192563853243,15.824466000594839,960.4032500001267,73185.0
1781109591,250,POST,SOAP/listar-playlists-musica,16.900000,0.000000,600,610,620,630,640,650,650,660,660,660,660,391,0,470.0,444.4891915319851,49.660405999929935,658.967692999795,55937.0
1781109591,250,POST,SOAP/listar-playlists-usuario,17.500000,0.000000,590,600,610,620,640,640,650,650,650,650,650,415,0,460.0,430.71192991087037,24.593740999989677,654.8327669997889,55920.0
1781109591,250,POST,SOAP/listar-usuarios,18.100000,0.000000,600,610,630,630,650,14000,17000,18000,19000,19000,19000,450,0,510.0,1343.2520855644682,52.773242000512255,18624.175382999965,28012.0
1781109591,250,,Aggregated,105.000000,0.000000,600,610,620,630,640,650,1200,14000,19000,19000,19000,2520,0,470.0,606.0767028714491,14.130022000244935,18624.175382999965,54546.95674603175
1781109592,260,POST,SOAP/listar-musicas,18.100000,0.000000,610,640,650,660,690,1200,1300,1300,1300,1300,1300,455,0,500.0,494.63237680660205,14.130022000244935,1325.9830460001467,71703.0
1781109592,260,POST,SOAP/listar-musicas-playlist,17.100000,0.000000,600,620,630,640,650,670,680,680,680,680,680,421,0,470.0,446.0719188052394,33.79329899962613,681.1211590002131,43123.0
1781109592,260,POST,SOAP/listar-playlists,17.800000,0.000000,600,620,630,640,650,660,680,680,680,680,680,443,0,470.0,441.16804626639754,15.824466000594839,960.4032500001267,73185.0
1781109592,260,POST,SOAP/listar-playlists-musica,16.800000,0.000000,610,620,640,650,660,670,680,690,690,690,690,408,0,480.0,453.83219226226504,49.660405999929935,685.5981560001965,55937.0
1781109592,260,POST,SOAP/listar-playlists-usuario,17.400000,0.000000,600,610,630,640,650,660,670,680,680,680,680,431,0,460.0,439.29032045478624,24.593740999989677,678.8540620000276,55920.0
1781109592,260,POST,SOAP/listar-usuarios,18.300000,0.000000,610,630,640,650,680,15000,18000,19000,19000,19000,19000,469,0,520.0,1392.2962674349944,52.773242000512255,18945.80347200008,28012.0
1781109592,260,,Aggregated,105.500000,0.000000,610,620,640,640,660,680,1200,14000,19000,19000,19000,2627,0,480.0,622.6783653391908,14.130022000244935,18945.80347200008,54534.46783403122
1781109593,270,POST,SOAP/listar-musicas,18.000000,0.000000,620,650,660,670,690,1200,1300,1300,1300,1300,1300,473,0,510.0,502.7619766913375,14.130022000244935,1332.5182210001003,71703.0
1781109593,270,POST,SOAP/listar-musicas-playlist,17.200000,0.000000,610,630,650,650,670,670,680,680,680,680,680,437,0,480.0,454.0263566773579,33.79329899962613,681.1211590002131,43123.0
1781109593,270,POST,SOAP/listar-playlists,17.900000,0.000000,610,630,650,650,660,670,680,680,680,680,680,462,0,480.0,450.3324385433188,15.824466000594839,960.4032500001267,73185.0
1781109593,270,POST,SOAP/listar-playlists-musica,16.800000,0.000000,620,640,650,660,670,680,680,690,690,690,690,426,0,490.0,462.9208839718441,49.660405999929935,685.5981560001965,55937.0
1781109593,270,POST,SOAP/listar-playlists-usuario,17.300000,0.000000,610,630,640,650,660,670,680,680,680,680,680,450,0,470.0,448.6478161866966,24.593740999989677,678.8540620000276,55920.0
1781109593,270,POST,SOAP/listar-usuarios,18.300000,0.000000,620,640,650,660,680,15000,18000,19000,20000,20000,20000,488,0,520.0,1402.7887522705164,52.773242000512255,19620.1756570008,28012.0
1781109593,270,,Aggregated,105.500000,0.000000,620,640,650,660,670,680,1200,15000,20000,20000,20000,2736,0,490.0,631.5519899174172,14.130022000244935,19620.1756570008,54544.867690058476
1781109594,280,POST,SOAP/listar-musicas,17.900000,0.000000,640,660,680,680,700,1200,1300,1300,1400,1400,1400,493,0,520.0,512.7339463914897,14.130022000244935,1358.7968989995716,71703.0
1781109594,280,POST,SOAP/listar-musicas-playlist,17.300000,0.000000,630,650,660,660,670,680,680,700,700,700,700,455,0,490.0,462.75468266375253,33.79329899962613,697.9777010001271,43123.0
1781109594,280,POST,SOAP/listar-playlists,17.600000,0.000000,630,650,660,660,670,680,680,700,700,700,700,479,0,490.0,458.2968559102571,15.824466000594839,960.4032500001267,73185.0
1781109594,280,POST,SOAP/listar-playlists-musica,16.800000,0.000000,640,650,660,670,680,690,690,700,700,700,700,442,0,490.0,470.7956258257992,49.660405999929935,702.4217050002335,55937.0
1781109594,280,POST,SOAP/listar-playlists-usuario,17.600000,0.000000,620,650,650,660,670,680,690,690,700,700,700,468,0,480.0,457.2791654722539,24.593740999989677,695.8782810006596,55920.0
1781109594,280,POST,SOAP/listar-usuarios,18.300000,0.000000,630,650,670,670,700,17000,19000,20000,21000,21000,21000,506,0,540.0,1455.7866926857937,52.773242000512255,20982.47770800026,28012.0
1781109594,280,,Aggregated,105.500000,0.000000,630,650,660,670,680,690,1300,16000,21000,21000,21000,2843,0,500.0,647.760039647927,14.130022000244935,20982.47770800026,54553.2694336968
1781109595,290,POST,SOAP/listar-musicas,17.900000,0.000000,660,680,680,690,720,1200,1300,1400,1400,1400,1400,510,0,530.0,520.664418060792,14.130022000244935,1405.6971650006744,71703.0
1781109595,290,POST,SOAP/listar-musicas-playlist,17.100000,0.000000,640,660,670,670,690,710,710,710,710,710,710,472,0,490.0,471.44265961653906,33.79329899962613,711.441878000187,43123.0
1781109595,290,POST,SOAP/listar-playlists,17.700000,0.000000,640,660,670,670,700,710,710,710,710,710,710,498,0,490.0,467.7014194136819,15.824466000594839,960.4032500001267,73185.0
1781109595,290,POST,SOAP/listar-playlists-musica,17.200000,0.000000,650,660,670,680,700,710,710,720,720,720,720,460,0,500.0,480.0859782608767,49.660405999929935,716.7209939998429,55937.0
1781109595,290,POST,SOAP/listar-playlists-usuario,17.400000,0.000000,640,660,670,670,690,700,710,710,710,710,710,486,0,490.0,466.25125766258077,24.593740999989677,708.1504079997103,55920.0
1781109595,290,POST,SOAP/listar-usuarios,18.200000,0.000000,650,670,680,690,710,17000,20000,21000,22000,22000,22000,525,0,550.0,1468.4964975885994,52.773242000512255,21698.084820000076,28012.0
1781109595,290,,Aggregated,105.500000,0.000000,650,660,670,680,700,710,1300,17000,22000,22000,22000,2951,0,510.0,657.191940994937,14.130022000244935,21698.084820000076,54552.06912910878
1781109596,300,POST,SOAP/listar-musicas,18.200000,0.000000,670,680,700,700,720,1300,1400,1400,1400,1400,1400,529,0,540.0,529.8595462835608,14.130022000244935,1412.6151059999756,71703.0
1781109596,300,POST,SOAP/listar-musicas-playlist,17.300000,0.000000,650,670,680,690,700,710,710,710,710,710,710,492,0,510.0,480.49434109350864,33.79329899962613,711.441878000187,43123.0
1781109596,300,POST,SOAP/listar-playlists,17.700000,0.000000,650,670,680,690,700,710,710,710,710,710,710,515,0,500.0,475.1880813786665,15.824466000594839,960.4032500001267,73185.0
1781109596,300,POST,SOAP/listar-playlists-musica,16.900000,0.000000,660,680,690,700,710,710,710,720,720,720,720,478,0,520.0,488.3617954121507,49.660405999929935,716.7209939998429,55937.0
1781109596,300,POST,SOAP/listar-playlists-usuario,17.400000,0.000000,650,670,680,690,700,700,710,710,710,710,710,503,0,500.0,473.8757574075854,24.593740999989677,708.1504079997103,55920.0
1781109596,300,POST,SOAP/listar-usuarios,18.300000,0.000000,660,680,690,700,710,18000,21000,22000,23000,23000,23000,544,0,550.0,1522.5619634687707,52.773242000512255,23101.230949999263,28012.0
1781109596,300,,Aggregated,105.800000,0.000000,660,680,690,690,700,710,1300,18000,23000,23000,23000,3061,0,520.0,673.4697582561454,14.130022000244935,23101.230949999263,54538.337798105196
1781109597,310,POST,SOAP/listar-musicas,18.000000,0.000000,680,700,710,710,770,1300,1400,1400,1500,1500,1500,547,0,540.0,538.3169711224932,14.130022000244935,1463.2999010000276,71703.0
1781109597,310,POST,SOAP/listar-musicas-playlist,17.300000,0.000000,670,690,700,700,710,740,750,760,760,760,760,507,0,520.0,488.137584501002,33.79329899962613,763.2495039997593,43123.0
1781109597,310,POST,SOAP/listar-playlists,17.900000,0.000000,670,690,700,700,710,750,750,760,760,760,760,533,0,520.0,484.0461816566856,15.824466000594839,960.4032500001267,73185.0
1781109597,310,POST,SOAP/listar-playlists-musica,16.900000,0.000000,670,690,700,710,730,760,770,770,770,770,770,496,0,520.0,497.7331199435624,49.660405999929935,768.5471089998828,55937.0
1781109597,310,POST,SOAP/listar-playlists-usuario,17.600000,0.000000,670,690,690,700,710,750,750,760,760,760,760,521,0,510.0,483.0213073263274,24.593740999989677,760.3078089996416,55920.0
1781109597,310,POST,SOAP/listar-usuarios,18.400000,0.000000,670,690,700,710,760,19000,22000,23000,24000,24000,24000,561,0,560.0,1540.0687304242656,52.773242000512255,23865.11612999948,28012.0
1781109597,310,,Aggregated,106.100000,0.000000,670,690,700,700,730,760,1300,18000,24000,24000,24000,3165,0,530.0,683.238559161474,14.130022000244935,23865.11612999948,54561.23570300158
1781109598,320,POST,SOAP/listar-musicas,18.200000,0.000000,700,710,730,740,760,1300,1400,1500,1500,1500,1500,566,0,550.0,546.1976942173236,14.130022000244935,1484.5093969997833,71703.0
1781109598,320,POST,SOAP/listar-musicas-playlist,17.400000,0.000000,680,700,710,710,730,740,750,760,760,760,760,526,0,520.0,496.6985815228273,33.79329899962613,763.2495039997593,43123.0
1781109598,320,POST,SOAP/listar-playlists,17.800000,0.000000,680,700,710,710,730,750,750,760,760,760,760,551,0,520.0,491.96880041744504,15.824466000594839,960.4032500001267,73185.0
1781109598,320,POST,SOAP/listar-playlists-musica,17.100000,0.000000,690,700,710,720,740,760,770,770,770,770,770,512,0,540.0,505.02476081642027,49.660405999929935,768.5471089998828,55937.0
1781109598,320,POST,SOAP/listar-playlists-usuario,17.600000,0.000000,680,690,700,710,730,750,750,760,760,760,760,539,0,520.0,490.9998346846282,24.593740999989677,760.3078089996416,55920.0
1781109598,320,POST,SOAP/listar-usuarios,18.200000,0.000000,690,700,710,730,760,19000,22000,24000,25000,25000,25000,580,0,580.0,1554.5030038845043,52.773242000512255,24589.200126999458,28012.0
1781109598,320,,Aggregated,106.300000,0.000000,680,700,710,720,740,760,1300,19000,25000,25000,25000,3274,0,540.0,692.2173147599462,14.130022000244935,24589.200126999458,54556.84636530238
1781109599,330,POST,SOAP/listar-musicas,18.100000,0.000000,700,730,740,750,760,1300,1500,1500,1500,1500,1500,584,0,560.0,555.1680385702125,14.130022000244935,1505.46466600008,71703.0
1781109599,330,POST,SOAP/listar-musicas-playlist,17.300000,0.000000,690,710,730,730,750,750,750,760,760,760,760,543,0,540.0,504.5958057403495,33.79329899962613,763.2495039997593,43123.0
1781109599,330,POST,SOAP/listar-playlists,17.800000,0.000000,690,710,730,730,750,750,760,760,760,760,760,571,0,530.0,500.98727858320785,15.824466000594839,960.4032500001267,73185.0
1781109599,330,POST,SOAP/listar-playlists-musica,17.200000,0.000000,700,710,730,740,760,760,770,770,770,770,770,530,0,540.0,513.4833349566196,49.660405999929935,768.5471089998828,55937.0
1781109599,330,POST,SOAP/listar-playlists-usuario,17.600000,0.000000,690,710,720,730,750,750,750,760,760,760,760,556,0,530.0,498.7629213219652,24.593740999989677,760.3078089996416,55920.0
1781109599,330,POST,SOAP/listar-usuarios,18.400000,0.000000,700,710,730,750,760,20000,24000,25000,25000,25000,25000,598,0,590.0,1610.3853606990176,52.773242000512255,25090.155310999762,28012.0
1781109599,330,,Aggregated,106.400000,0.000000,700,710,730,740,750,760,1400,20000,25000,25000,25000,3382,0,550.0,708.6771704887832,14.130022000244935,25090.155310999762,54573.708456534594
1781109600,340,POST,SOAP/listar-musicas,18.100000,0.000000,710,740,750,760,760,1400,1500,1500,1500,1500,1500,602,0,570.0,562.3024384269168,14.130022000244935,1507.2722209997664,71703.0
1781109600,340,POST,SOAP/listar-musicas-playlist,17.300000,0.000000,700,730,740,740,750,750,750,760,760,760,760,561,0,550.0,512.3243299786279,33.79329899962613,763.2495039997593,43123.0
1781109600,340,POST,SOAP/listar-playlists,18.000000,0.000000,710,730,740,750,750,750,760,760,760,760,760,588,0,540.0,508.0433699456013,15.824466000594839,960.4032500001267,73185.0
1781109600,340,POST,SOAP/listar-playlists-musica,17.100000,0.000000,710,730,740,750,760,760,770,770,770,770,770,548,0,550.0,521.2205327646149,49.660405999929935,768.5471089998828,55937.0
1781109600,340,POST,SOAP/listar-playlists-usuario,17.600000,0.000000,700,720,740,740,750,750,750,760,760,760,760,576,0,540.0,507.2266132586992,24.593740999989677,760.3078089996416,55920.0
1781109600,340,POST,SOAP/listar-usuarios,18.500000,0.000000,710,740,750,750,760,21000,24000,25000,26000,26000,26000,617,0,600.0,1624.4009272253054,52.773242000512255,25840.115088999482,28012.0
1781109600,340,,Aggregated,106.600000,0.000000,710,730,740,750,750,760,1400,20000,26000,26000,26000,3492,0,550.0,717.2669736165716,14.130022000244935,25840.115088999482,54563.79982817869
1781109601,350,POST,SOAP/listar-musicas,18.200000,0.000000,740,750,760,760,780,1400,1500,1500,1500,1500,1500,620,0,590.0,569.5441350193597,14.130022000244935,1514.1556389999096,71703.0
1781109601,350,POST,SOAP/listar-musicas-playlist,17.500000,0.000000,720,740,750,750,750,760,770,780,780,780,780,579,0,550.0,520.060361547511,33.79329899962613,783.6150490002183,43123.0
1781109601,350,POST,SOAP/listar-playlists,18.100000,0.000000,720,740,750,750,760,760,770,780,780,780,780,607,0,550.0,516.0639717281938,15.824466000594839,960.4032500001267,73185.0
1781109601,350,POST,SOAP/listar-playlists-musica,17.100000,0.000000,730,750,750,760,760,770,780,790,790,790,790,566,0,560.0,529.1309321872985,49.660405999929935,788.9441630004512,55937.0
1781109601,350,POST,SOAP/listar-playlists-usuario,17.600000,0.000000,710,740,750,750,750,760,770,780,780,780,780,592,0,550.0,514.1058953175885,24.593740999989677,781.0116460004792,55920.0
1781109601,350,POST,SOAP/listar-usuarios,18.400000,0.000000,730,750,750,750,770,22000,25000,26000,27000,27000,27000,635,0,600.0,1640.670201678761,52.773242000512255,26608.21503399984,28012.0
1781109601,350,,Aggregated,106.900000,0.000000,720,750,750,750,760,770,1400,21000,27000,27000,27000,3599,0,570.0,726.0759987771796,14.130022000244935,26608.21503399984,54570.706863017505
1781109602,360,POST,SOAP/listar-musicas,17.900000,0.000000,750,760,770,780,830,1400,1500,1600,1600,1600,1600,639,0,600.0,579.2729775367822,14.130022000244935,1600.3279409997049,71703.0
1781109602,360,POST,SOAP/listar-musicas-playlist,17.500000,0.000000,740,750,750,750,780,810,830,830,830,830,830,595,0,560.0,527.8253091025354,33.79329899962613,830.4269240006761,43123.0
1781109602,360,POST,SOAP/listar-playlists,17.900000,0.000000,740,750,750,760,780,810,830,830,830,830,830,625,0,550.0,524.4854171088276,15.824466000594839,960.4032500001267,73185.0
1781109602,360,POST,SOAP/listar-playlists-musica,17.400000,0.000000,740,750,760,760,790,820,830,830,830,830,830,582,0,580.0,536.9913479467568,49.660405999929935,833.4105649992125,55937.0
1781109602,360,POST,SOAP/listar-playlists-usuario,17.700000,0.000000,730,750,750,750,780,820,820,820,830,830,830,610,0,550.0,522.7656933688686,24.593740999989677,827.8400999997757,55920.0
1781109602,360,POST,SOAP/listar-usuarios,18.400000,0.000000,740,750,760,770,830,23000,26000,27000,28000,28000,28000,655,0,610.0,1697.7534910427705,52.773242000512255,28211.698257000535,28012.0
1781109602,360,,Aggregated,106.800000,0.000000,740,750,760,760,800,830,1500,22000,28000,28000,28000,3706,0,580.0,743.5130737582492,14.130022000244935,28211.698257000535,54568.651106314086
1781109603,370,POST,SOAP/listar-musicas,18.300000,0.000000,760,770,790,790,830,1500,1500,1600,1600,1600,1600,658,0,600.0,586.6062463936238,14.130022000244935,1603.6347109993585,71703.0
1781109603,370,POST,SOAP/listar-musicas-playlist,17.600000,0.000000,750,750,760,770,790,810,830,830,830,830,830,613,0,580.0,535.327218523668,33.79329899962613,830.4269240006761,43123.0
1781109603,370,POST,SOAP/listar-playlists,17.800000,0.000000,750,750,770,780,800,810,830,830,830,830,830,642,0,570.0,531.4137676729205,15.824466000594839,960.4032500001267,73185.0
1781109603,370,POST,SOAP/listar-playlists-musica,17.300000,0.000000,750,760,780,780,810,820,830,830,830,830,830,600,0,590.0,544.6847150716866,49.660405999929935,833.4105649992125,55937.0
1781109603,370,POST,SOAP/listar-playlists-usuario,17.600000,0.000000,740,750,770,780,800,820,820,820,830,830,830,628,0,570.0,530.1880228869626,24.593740999989677,827.8400999997757,55920.0
1781109603,370,POST,SOAP/listar-usuarios,18.500000,0.000000,750,760,780,780,830,24000,27000,28000,29000,29000,29000,672,0,610.0,1716.669946133945,52.773242000512255,29013.166626000384,28012.0
1781109603,370,,Aggregated,107.100000,0.000000,750,760,770,780,810,830,1500,23000,29000,29000,29000,3813,0,590.0,752.3423144888717,14.130022000244935,29013.166626000384,54577.43692630475
1781109604,380,POST,SOAP/listar-musicas,18.100000,0.000000,760,780,810,810,830,1500,1600,1600,1600,1600,1600,674,0,610.0,593.3998472062405,14.130022000244935,1620.786577999752,71703.0
1781109604,380,POST,SOAP/listar-musicas-playlist,17.300000,0.000000,750,770,780,800,820,820,830,830,840,840,840,632,0,590.0,543.7505172104545,33.79329899962613,837.0684290002828,43123.0
1781109604,380,POST,SOAP/listar-playlists,18.000000,0.000000,750,770,790,800,820,820,830,830,830,830,830,662,0,590.0,540.0077239320444,15.824466000594839,960.4032500001267,73185.0
1781109604,380,POST,SOAP/listar-playlists-musica,17.300000,0.000000,760,780,790,800,820,830,830,830,830,830,830,617,0,600.0,552.2360390405395,49.660405999929935,833.4105649992125,55937.0
1781109604,380,POST,SOAP/listar-playlists-usuario,17.700000,0.000000,750,770,780,800,820,820,820,820,830,830,830,646,0,580.0,538.0093703823727,24.593740999989677,827.8400999997757,55920.0
1781109604,380,POST,SOAP/listar-usuarios,18.400000,0.000000,750,780,800,810,830,24000,27000,29000,30000,30000,30000,691,0,620.0,1733.8568573632583,52.773242000512255,29835.808206000365,28012.0
1781109604,380,,Aggregated,106.800000,0.000000,750,780,790,800,820,830,1500,24000,30000,30000,30000,3922,0,600.0,761.7199681106748,14.130022000244935,29835.808206000365,54570.05838857726
1781109605,390,POST,SOAP/listar-musicas,18.200000,0.000000,780,810,810,820,830,1500,1600,1600,1600,1600,1600,694,0,610.0,601.0252561095176,14.130022000244935,1641.8774089997896,71703.0
1781109605,390,POST,SOAP/listar-musicas-playlist,17.700000,0.000000,760,790,810,810,820,820,830,830,840,840,840,651,0,600.0,551.5189947695933,33.79329899962613,837.0684290002828,43123.0
1781109605,390,POST,SOAP/listar-playlists,17.900000,0.000000,760,790,800,810,820,820,830,830,830,830,830,678,0,590.0,546.3755072566563,15.824466000594839,960.4032500001267,73185.0
1781109605,390,POST,SOAP/listar-playlists-musica,17.100000,0.000000,770,790,810,810,830,830,830,830,830,830,830,635,0,600.0,559.672600886638,49.660405999929935,833.4105649992125,55937.0
1781109605,390,POST,SOAP/listar-playlists-usuario,17.700000,0.000000,760,790,800,800,820,820,820,820,830,830,830,664,0,590.0,545.2849742439985,24.593740999989677,827.8400999997757,55920.0
1781109605,390,POST,SOAP/listar-usuarios,18.400000,0.000000,770,800,810,820,830,25000,28000,30000,31000,31000,31000,710,0,630.0,1751.1478212605755,52.773242000512255,30658.308963999843,28012.0
1781109605,390,,Aggregated,107.000000,0.000000,770,790,810,810,820,830,1500,24000,31000,31000,31000,4032,0,600.0,770.6769009948074,14.130022000244935,30658.308963999843,54561.94940476191
1781109606,400,POST,SOAP/listar-musicas,18.000000,0.000000,790,810,820,830,840,1500,1600,1600,1600,1600,1600,712,0,620.0,607.7991648441064,14.130022000244935,1641.8774089997896,71703.0
1781109606,400,POST,SOAP/listar-musicas-playlist,17.500000,0.000000,780,800,810,810,820,830,840,840,840,840,840,667,0,600.0,557.8155494093031,33.79329899962613,841.2295299995094,43123.0
1781109606,400,POST,SOAP/listar-playlists,18.000000,0.000000,780,800,810,810,820,830,840,840,840,840,840,697,0,600.0,553.703105297004,15.824466000594839,960.4032500001267,73185.0
1781109606,400,POST,SOAP/listar-playlists-musica,17.300000,0.000000,790,810,820,820,830,830,840,850,850,850,850,654,0,600.0,567.2860023547636,49.660405999929935,847.8312659999574,55937.0
1781109606,400,POST,SOAP/listar-playlists-usuario,17.700000,0.000000,780,800,810,810,820,820,830,840,840,840,840,681,0,590.0,551.9705668531805,24.593740999989677,838.3590710000135,55920.0
1781109606,400,POST,SOAP/listar-usuarios,18.200000,0.000000,780,810,810,820,830,25000,29000,31000,31000,31000,31000,728,0,640.0,1770.128244010995,52.773242000512255,31467.184766999708,28012.0
1781109606,400,,Aggregated,106.700000,0.000000,780,800,810,820,830,840,1500,25000,31000,31000,31000,4139,0,610.0,779.4871718830775,14.130022000244935,31467.184766999708,54574.19086735926
1781109607,410,POST,SOAP/listar-musicas,18.200000,0.000000,810,820,830,840,880,1500,1600,1700,1700,1700,1700,730,0,620.0,616.5017418123375,14.130022000244935,1718.7983719995827,71703.0
1781109607,410,POST,SOAP/listar-musicas-playlist,17.400000,0.000000,800,810,820,820,840,860,870,880,880,880,880,683,0,600.0,564.9361712401264,33.79329899962613,880.854931999238,43123.0
1781109607,410,POST,SOAP/listar-playlists,17.800000,0.000000,800,810,820,820,850,860,870,880,880,880,880,715,0,600.0,561.46646826715,15.824466000594839,960.4032500001267,73185.0
1781109607,410,POST,SOAP/listar-playlists-musica,17.300000,0.000000,800,820,830,830,850,860,880,880,890,890,890,670,0,610.0,574.4230360089765,49.660405999929935,885.1339410002765,55937.0
1781109607,410,POST,SOAP/listar-playlists-usuario,17.900000,0.000000,790,810,820,820,850,850,870,870,880,880,880,699,0,600.0,559.846829547947,24.593740999989677,875.3480129998934,55920.0
1781109607,410,POST,SOAP/listar-usuarios,18.300000,0.000000,800,820,830,840,870,27000,31000,31000,32000,32000,32000,748,0,640.0,1828.4676772058879,52.773242000512255,32185.827365000478,28012.0
1781109607,410,,Aggregated,106.900000,0.000000,800,810,820,830,860,870,1600,26000,32000,32000,32000,4245,0,610.0,796.5221182146196,14.130022000244935,32185.827365000478,54568.273262661955
1781109608,420,POST,SOAP/listar-musicas,18.100000,0.000000,810,830,860,860,880,1600,1600,1700,1700,1700,1700,749,0,630.0,623.9456768531479,14.130022000244935,1730.8126400002948,71703.0
1781109608,420,POST,SOAP/listar-musicas-playlist,17.400000,0.000000,810,820,830,850,860,870,880,880,880,880,880,702,0,610.0,572.9089502094085,33.79329899962613,880.854931999238,43123.0
1781109608,420,POST,SOAP/listar-playlists,18.000000,0.000000,810,820,830,850,860,870,870,880,880,880,880,732,0,610.0,568.3708858866286,15.824466000594839,960.4032500001267,73185.0
1781109608,420,POST,SOAP/listar-playlists-musica,17.400000,0.000000,810,830,830,850,860,870,880,880,890,890,890,687,0,610.0,581.5614871237508,49.660405999929935,885.1339410002765,55937.0
1781109608,420,POST,SOAP/listar-playlists-usuario,17.600000,0.000000,800,820,830,840,850,860,870,870,880,880,880,717,0,600.0,567.2513902789624,24.593740999989677,875.3480129998934,55920.0
1781109608,420,POST,SOAP/listar-usuarios,18.300000,0.000000,810,830,850,860,870,27000,31000,32000,33000,33000,33000,764,0,650.0,1850.2813745144006,52.773242000512255,33051.3560469999,28012.0
1781109608,420,,Aggregated,106.800000,0.000000,810,820,840,850,860,870,1600,27000,33000,33000,33000,4351,0,620.0,805.6611910117351,14.130022000244935,33051.3560469999,54579.14042748793
1781109609,430,POST,SOAP/listar-musicas,18.100000,0.000000,830,860,860,870,880,1600,1700,1700,1700,1700,1700,765,0,640.0,630.4485794601401,14.130022000244935,1747.3394769995139,71703.0
1781109609,430,POST,SOAP/listar-musicas-playlist,17.400000,0.000000,820,840,860,860,870,880,880,880,880,880,880,720,0,610.0,580.3815759736201,33.79329899962613,881.2843679997968,43123.0
1781109609,430,POST,SOAP/listar-playlists,17.900000,0.000000,820,840,860,860,870,870,880,880,880,880,880,752,0,610.0,576.4781854760813,15.824466000594839,960.4032500001267,73185.0
1781109609,430,POST,SOAP/listar-playlists-musica,17.300000,0.000000,820,840,860,860,880,880,880,890,890,890,890,704,0,620.0,588.7119879133721,49.660405999929935,886.1757839995335,55937.0
1781109609,430,POST,SOAP/listar-playlists-usuario,17.800000,0.000000,820,840,850,850,870,870,880,880,890,890,890,735,0,610.0,574.6773524326762,24.593740999989677,887.3858050001218,55920.0
1781109609,430,POST,SOAP/listar-usuarios,18.500000,0.000000,820,850,860,870,880,28000,31000,33000,34000,34000,34000,783,0,660.0,1868.7859210153297,52.773242000512255,33936.3597090005,28012.0
1781109609,430,,Aggregated,107.000000,0.000000,820,840,860,860,870,880,1600,27000,34000,34000,34000,4459,0,630.0,814.9315907490607,14.130022000244935,33936.3597090005,54575.178066831126
1781109610,440,POST,SOAP/listar-musicas,18.200000,0.000000,840,870,870,880,890,1600,1700,1700,1800,1800,1800,785,0,650.0,637.7931448280336,14.130022000244935,1753.2263610000882,71703.0
1781109610,440,POST,SOAP/listar-musicas-playlist,17.500000,0.000000,830,860,860,870,870,880,880,880,880,880,880,738,0,620.0,587.3752738265696,33.79329899962613,881.2843679997968,43123.0
1781109610,440,POST,SOAP/listar-playlists,17.800000,0.000000,830,860,860,870,870,880,880,880,880,880,880,768,0,610.0,582.5093000755384,15.824466000594839,960.4032500001267,73185.0
1781109610,440,POST,SOAP/listar-playlists-musica,17.300000,0.000000,830,860,870,870,880,880,880,890,890,890,890,722,0,630.0,595.7634578822914,49.660405999929935,886.1757839995335,55937.0
1781109610,440,POST,SOAP/listar-playlists-usuario,17.700000,0.000000,820,850,860,860,870,870,880,880,890,890,890,753,0,610.0,581.5824626480947,24.593740999989677,887.3858050001218,55920.0
1781109610,440,POST,SOAP/listar-usuarios,18.200000,0.000000,840,860,870,870,880,29000,32000,34000,35000,35000,35000,802,0,660.0,1887.3827419501317,52.773242000512255,34807.966364000094,28012.0
1781109610,440,,Aggregated,106.700000,0.000000,830,860,870,870,880,880,1600,28000,35000,35000,35000,4568,0,630.0,823.833512093052,14.130022000244935,34807.966364000094,54570.404334500876
1781109611,450,POST,SOAP/listar-musicas,18.000000,0.000000,860,870,880,880,900,1600,1700,1800,1800,1800,1800,802,0,660.0,644.3141452518815,14.130022000244935,1758.5713230000692,71703.0
1781109611,450,POST,SOAP/listar-musicas-playlist,17.500000,0.000000,850,860,870,870,880,890,900,910,910,910,910,755,0,630.0,594.1081515629245,33.79329899962613,908.5294450005676,43123.0
1781109611,450,POST,SOAP/listar-playlists,17.900000,0.000000,850,870,870,870,880,890,900,910,910,910,910,787,0,630.0,589.8855432998931,15.824466000594839,960.4032500001267,73185.0
1781109611,450,POST,SOAP/listar-playlists-musica,17.200000,0.000000,860,870,880,880,880,900,910,910,910,910,910,740,0,640.0,602.9861823702898,49.660405999929935,912.8685559999212,55937.0
1781109611,450,POST,SOAP/listar-playlists-usuario,17.700000,0.000000,850,860,870,870,880,890,890,900,910,910,910,770,0,620.0,588.260938576643,24.593740999989677,906.6221820003193,55920.0
1781109611,450,POST,SOAP/listar-usuarios,18.200000,0.000000,860,870,870,870,890,30000,33000,35000,36000,36000,36000,819,0,670.0,1909.112135945062,52.773242000512255,35699.2670059999,28012.0
1781109611,450,,Aggregated,106.500000,0.000000,850,870,870,870,880,900,1600,29000,36000,36000,36000,4673,0,640.0,832.9263981373995,14.130022000244935,35699.2670059999,54580.32826877809
1781109612,460,POST,SOAP/listar-musicas,18.100000,0.000000,870,880,890,900,920,1600,1700,1800,1800,1800,1800,820,0,660.0,651.3502154244034,14.130022000244935,1792.6061420002952,71703.0
1781109612,460,POST,SOAP/listar-musicas-playlist,17.400000,0.000000,860,870,880,880,900,910,920,920,920,920,920,771,0,640.0,600.6221753411282,33.79329899962613,919.5233000000371,43123.0
1781109612,460,POST,SOAP/listar-playlists,17.900000,0.000000,860,870,870,880,900,910,920,920,920,920,920,804,0,630.0,596.6155124950461,15.824466000594839,960.4032500001267,73185.0
1781109612,460,POST,SOAP/listar-playlists-musica,17.200000,0.000000,860,880,880,880,910,910,920,920,920,920,920,756,0,650.0,609.5694711904952,49.660405999929935,924.0566210000907,55937.0
1781109612,460,POST,SOAP/listar-playlists-usuario,17.700000,0.000000,860,870,870,880,900,910,910,910,920,920,920,788,0,630.0,595.5121224721054,24.593740999989677,917.2853030004262,55920.0
1781109612,460,POST,SOAP/listar-usuarios,18.300000,0.000000,870,870,880,900,910,31000,34000,36000,37000,37000,37000,838,0,680.0,1929.0382192279303,52.773242000512255,36604.04403699977,28012.0
1781109612,460,,Aggregated,106.600000,0.000000,860,870,880,880,910,920,1600,30000,37000,37000,37000,4777,0,650.0,842.2645690439765,14.130022000244935,36604.04403699977,54576.60058614193
1781109613,470,POST,SOAP/listar-musicas,18.000000,0.000000,880,890,900,910,920,1600,1800,1800,1800,1800,1800,840,0,670.0,658.1875401392986,14.130022000244935,1810.7173360003799,71703.0
1781109613,470,POST,SOAP/listar-musicas-playlist,17.400000,0.000000,870,880,880,890,900,910,920,920,930,930,930,791,0,650.0,607.9228973754851,33.79329899962613,928.5745990000578,43123.0
1781109613,470,POST,SOAP/listar-playlists,17.800000,0.000000,870,880,880,890,900,910,920,920,920,920,920,822,0,640.0,603.0694324258117,15.824466000594839,960.4032500001267,73185.0
1781109613,470,POST,SOAP/listar-playlists-musica,17.200000,0.000000,870,880,890,890,910,910,920,920,940,940,940,774,0,650.0,616.1912981266302,49.660405999929935,941.4823460001571,55937.0
1781109613,470,POST,SOAP/listar-playlists-usuario,17.700000,0.000000,860,870,880,890,900,910,910,910,920,920,920,807,0,640.0,602.3385829182398,24.593740999989677,917.2853030004262,55920.0
1781109613,470,POST,SOAP/listar-usuarios,18.200000,0.000000,870,880,890,900,910,31000,35000,37000,38000,38000,38000,857,0,690.0,1948.749626577603,52.773242000512255,37513.18157900005,28012.0
1781109613,470,,Aggregated,106.300000,0.000000,870,880,890,890,910,920,1600,31000,38000,38000,38000,4891,0,650.0,851.0663157098907,14.130022000244935,37513.18157900005,54575.31077489266
1781109614,480,POST,SOAP/listar-musicas,18.100000,0.000000,880,900,910,920,930,1700,1800,1800,1800,1800,1800,858,0,680.0,665.7685939021108,14.130022000244935,1832.2343350000665,71703.0
1781109614,480,POST,SOAP/listar-musicas-playlist,17.400000,0.000000,870,880,900,900,910,920,920,930,930,930,930,808,0,650.0,614.3485441683279,33.79329899962613,928.5745990000578,43123.0
1781109614,480,POST,SOAP/listar-playlists,17.900000,0.000000,870,890,900,900,920,920,920,930,930,930,930,842,0,650.0,610.4323925344644,15.824466000594839,960.4032500001267,73185.0
1781109614,480,POST,SOAP/listar-playlists-musica,17.300000,0.000000,880,890,900,910,920,920,930,930,940,940,940,792,0,660.0,623.0505033080972,49.660405999929935,941.4823460001571,55937.0
1781109614,480,POST,SOAP/listar-playlists-usuario,17.600000,0.000000,870,880,900,900,910,910,920,920,920,920,920,824,0,640.0,608.6650880607017,24.593740999989677,922.280279000006,55920.0
1781109614,480,POST,SOAP/listar-usuarios,18.100000,0.000000,870,890,900,910,920,31000,36000,38000,38000,38000,38000,874,0,690.0,1971.5157466384508,52.773242000512255,38412.18760999982,28012.0
1781109614,480,,Aggregated,106.400000,0.000000,880,890,900,910,920,920,1700,31000,38000,38000,38000,4998,0,660.0,860.2857033841682,14.130022000244935,38412.18760999982,54591.63665466187
1781109615,490,POST,SOAP/listar-musicas,18.000000,0.000000,890,910,920,930,950,1700,1800,1800,1900,1900,1900,875,0,680.0,672.2417364354428,14.130022000244935,1882.1763930000088,71703.0
1781109615,490,POST,SOAP/listar-musicas-playlist,17.400000,0.000000,880,900,910,910,930,940,940,940,950,950,950,825,0,660.0,620.9790197697083,33.79329899962613,947.9558460006956,43123.0
1781109615,490,POST,SOAP/listar-playlists,17.900000,0.000000,880,900,910,920,930,940,940,940,950,950,950,859,0,650.0,616.884193747404,15.824466000594839,960.4032500001267,73185.0
1781109615,490,POST,SOAP/listar-playlists-musica,17.200000,0.000000,880,900,910,920,930,940,940,950,950,950,950,809,0,660.0,629.7268440877773,49.660405999929935,947.0134290004353,55937.0
1781109615,490,POST,SOAP/listar-playlists-usuario,17.700000,0.000000,880,900,910,910,930,930,940,940,950,950,950,843,0,650.0,615.9770507485368,24.593740999989677,945.1605699996435,55920.0
1781109615,490,POST,SOAP/listar-usuarios,18.300000,0.000000,880,900,920,920,940,33000,38000,39000,39000,39000,39000,894,0,700.0,2034.225786315442,52.773242000512255,39361.89223099973,28012.0
1781109615,490,,Aggregated,106.500000,0.000000,880,900,910,920,930,940,1700,32000,39000,39000,39000,5105,0,670.0,877.1279641006992,14.130022000244935,39361.89223099973,54577.63682664055
1781109616,500,POST,SOAP/listar-musicas,18.100000,0.000000,900,920,940,950,970,1700,1800,1900,1900,1900,1900,893,0,680.0,679.2307891231942,14.130022000244935,1906.0603720008658,71703.0
1781109616,500,POST,SOAP/listar-musicas-playlist,17.500000,0.000000,890,910,920,930,950,960,960,970,970,970,970,844,0,660.0,628.6106101587784,33.79329899962613,969.3340819994773,43123.0
1781109616,500,POST,SOAP/listar-playlists,17.900000,0.000000,890,910,920,930,950,960,960,970,970,970,970,875,0,660.0,623.1753589108786,15.824466000594839,968.8699210000777,73185.0
1781109616,500,POST,SOAP/listar-playlists-musica,17.400000,0.000000,900,920,920,940,960,970,970,970,970,970,970,826,0,670.0,636.6288791452954,49.660405999929935,973.1624840005679,55937.0
1781109616,500,POST,SOAP/listar-playlists-usuario,17.600000,0.000000,890,910,920,930,950,960,960,960,960,960,960,860,0,650.0,622.7242793593228,24.593740999989677,964.1818840000269,55920.0
1781109616,500,POST,SOAP/listar-usuarios,18.300000,0.000000,900,920,930,940,960,34000,38000,39000,40000,40000,40000,912,0,700.0,2056.12389933334,52.773242000512255,40267.11670300028,28012.0
1781109616,500,,Aggregated,106.800000,0.000000,900,910,920,930,960,960,1700,33000,40000,40000,40000,5210,0,670.0,886.5570478547163,14.130022000244935,40267.11670300028,54569.207677543185
1781109617,500,POST,SOAP/listar-musicas,18.000000,0.000000,920,940,960,970,1000,1800,1800,1900,2000,2000,2000,911,0,700.0,686.4511157321772,14.130022000244935,1967.2943170007784,71703.0
1781109617,500,POST,SOAP/listar-musicas-playlist,17.400000,0.000000,900,920,940,950,970,990,990,990,990,990,990,860,0,670.0,635.1967909151257,33.79329899962613,994.5930049998424,43123.0
1781109617,500,POST,SOAP/listar-playlists,17.900000,0.000000,900,920,940,950,970,990,990,1000,1000,1000,1000,893,0,660.0,630.4059961467202,15.824466000594839,997.7902330001598,73185.0
1781109617,500,POST,SOAP/listar-playlists-musica,17.200000,0.000000,910,930,940,960,970,990,1000,1000,1000,1000,1000,844,0,680.0,644.1070285260809,49.660405999929935,1001.8043669997496,55937.0
1781109617,500,POST,SOAP/listar-playlists-usuario,17.600000,0.000000,900,920,930,950,960,980,990,990,990,990,990,876,0,660.0,629.2563649463652,24.593740999989677,992.6898370003983,55920.0
1781109617,500,POST,SOAP/listar-usuarios,18.300000,0.000000,910,930,950,960,990,35000,39000,40000,41000,41000,41000,929,0,710.0,2079.8490902744943,52.773242000512255,41261.40151499931,28012.0
1781109617,500,,Aggregated,106.400000,0.000000,910,930,940,960,970,990,1800,34000,41000,41000,41000,5313,0,680.0,896.2193626599038,14.130022000244935,41261.40151499931,54579.581027667984
1781109618,500,POST,SOAP/listar-musicas,17.900000,0.000000,930,950,970,970,1000,1800,1900,1900,2000,2000,2000,929,0,700.0,692.8830278590024,14.130022000244935,1967.2943170007784,71703.0
1781109618,500,POST,SOAP/listar-musicas-playlist,17.500000,0.000000,920,940,950,960,970,990,990,990,990,990,990,877,0,670.0,641.3863909350189,33.79329899962613,994.5930049998424,43123.0
1781109618,500,POST,SOAP/listar-playlists,17.600000,0.000000,920,940,950,960,980,990,990,1000,1000,1000,1000,912,0,670.0,637.2158565504633,15.824466000594839,997.7902330001598,73185.0
1781109618,500,POST,SOAP/listar-playlists-musica,17.100000,0.000000,920,940,960,970,980,990,1000,1000,1000,1000,1000,861,0,680.0,650.3714710580895,49.660405999929935,1001.8043669997496,55937.0
1781109618,500,POST,SOAP/listar-playlists-usuario,17.700000,0.000000,910,930,950,960,970,990,990,990,990,990,990,894,0,670.0,635.8029577796603,24.593740999989677,992.6898370003983,55920.0
1781109618,500,POST,SOAP/listar-usuarios,18.200000,0.000000,920,940,960,970,990,36000,39000,41000,42000,42000,42000,949,0,730.0,2099.675966317181,52.773242000512255,42211.57042199957,28012.0
1781109618,500,,Aggregated,106.000000,0.000000,920,940,960,960,980,990,1800,35000,42000,42000,42000,5422,0,690.0,905.2554835440926,14.130022000244935,42211.57042199957,54576.411471781634
1781109619,500,POST,SOAP/listar-musicas,17.900000,0.000000,940,960,970,970,1000,1800,1900,1900,2000,2000,2000,949,0,710.0,699.3577142729338,14.130022000244935,1967.2943170007784,71703.0
1781109619,500,POST,SOAP/listar-musicas-playlist,17.500000,0.000000,930,940,950,960,970,990,990,990,990,990,990,895,0,680.0,647.4913768659352,33.79329899962613,994.5930049998424,43123.0
1781109619,500,POST,SOAP/listar-playlists,17.700000,0.000000,930,940,960,960,980,990,990,1000,1000,1000,1000,930,0,670.0,643.2157237978727,15.824466000594839,997.7902330001598,73185.0
1781109619,500,POST,SOAP/listar-playlists-musica,17.200000,0.000000,940,950,960,970,980,990,1000,1000,1000,1000,1000,877,0,690.0,655.834335849505,49.660405999929935,1001.8043669997496,55937.0
1781109619,500,POST,SOAP/listar-playlists-usuario,17.500000,0.000000,930,940,950,960,970,990,990,990,990,990,990,913,0,680.0,642.1961639605883,24.593740999989677,992.6898370003983,55920.0
1781109619,500,POST,SOAP/listar-usuarios,17.900000,0.000000,940,950,960,970,990,37000,40000,42000,43000,43000,43000,966,0,730.0,2123.090416791932,52.773242000512255,43172.342283000035,28012.0
1781109619,500,,Aggregated,105.700000,0.000000,930,950,960,960,980,990,1800,36000,43000,43000,43000,5530,0,690.0,913.8848153940457,14.130022000244935,43172.342283000035,54588.5321880651
1781109620,500,POST,SOAP/listar-musicas,17.800000,0.000000,950,970,980,990,1000,1800,1900,2000,2000,2000,2000,965,0,710.0,705.2955662051971,14.130022000244935,1967.2943170007784,71703.0
1781109620,500,POST,SOAP/listar-musicas-playlist,17.300000,0.000000,940,960,970,970,990,990,1000,1000,1000,1000,1000,913,0,690.0,654.2424676243289,33.79329899962613,1000.4520869997577,43123.0
1781109620,500,POST,SOAP/listar-playlists,17.800000,0.000000,940,960,970,980,990,990,1000,1000,1000,1000,1000,949,0,680.0,650.1769180822138,15.824466000594839,1000.0745839997762,73185.0
1781109620,500,POST,SOAP/listar-playlists-musica,17.300000,0.000000,940,960,970,980,990,1000,1000,1000,1000,1000,1000,895,0,700.0,662.6274199240411,49.660405999929935,1005.0804370002879,55937.0
1781109620,500,POST,SOAP/listar-playlists-usuario,17.600000,0.000000,940,950,960,970,990,990,1000,1000,1000,1000,1000,930,0,690.0,648.5033279957185,24.593740999989677,996.4443089993438,55920.0
1781109620,500,POST,SOAP/listar-usuarios,18.200000,0.000000,940,960,980,990,990,38000,41000,43000,44000,44000,44000,985,0,740.0,2145.0720645472147,52.773242000512255,44175.09391600015,28012.0
1781109620,500,,Aggregated,106.000000,0.000000,940,960,970,980,990,1000,1800,37000,44000,44000,44000,5637,0,700.0,923.1873530310578,14.130022000244935,44175.09391600015,54581.92194429661
1781109621,500,POST,SOAP/listar-musicas,18.100000,0.000000,960,980,1000,1000,1000,1800,1900,2000,2000,2000,2000,984,0,720.0,712.0053482947319,14.130022000244935,2008.497798999997,71703.0
1781109621,500,POST,SOAP/listar-musicas-playlist,17.400000,0.000000,950,970,980,990,990,990,1000,1000,1000,1000,1000,930,0,690.0,660.4192820763575,33.79329899962613,1008.1215630007136,43123.0
1781109621,500,POST,SOAP/listar-playlists,17.600000,0.000000,950,970,980,990,990,1000,1000,1000,1000,1000,1000,965,0,690.0,655.8452994010587,15.824466000594839,1007.5085850003234,73185.0
1781109621,500,POST,SOAP/listar-playlists-musica,17.300000,0.000000,960,970,990,990,1000,1000,1000,1000,1000,1000,1000,913,0,700.0,669.2272751588348,49.660405999929935,1013.4447569998883,55937.0
1781109621,500,POST,SOAP/listar-playlists-usuario,17.600000,0.000000,950,960,980,990,990,990,1000,1000,1000,1000,1000,949,0,690.0,655.3147081612441,24.593740999989677,1003.5293020000609,55920.0
1781109621,500,POST,SOAP/listar-usuarios,18.300000,0.000000,960,980,990,990,1000,38000,42000,44000,45000,45000,45000,1003,0,740.0,2168.4288486939254,52.773242000512255,45184.94849099989,28012.0
1781109621,500,,Aggregated,106.300000,0.000000,950,970,990,990,1000,1000,1000,2000,44000,45000,45000,5744,0,700.0,932.3687681894286,14.130022000244935,45184.94849099989,54581.8704735376
1781109622,500,POST,SOAP/listar-musicas,18.000000,0.000000,970,1000,1000,1000,1000,1800,2000,2000,2000,2000,2000,1001,0,730.0,717.9505224245922,14.130022000244935,2008.497798999997,71703.0
1781109622,500,POST,SOAP/listar-musicas-playlist,17.400000,0.000000,960,990,990,990,1000,1000,1000,1000,1000,1000,1000,949,0,700.0,667.1301729620758,33.79329899962613,1008.1215630007136,43123.0
1781109622,500,POST,SOAP/listar-playlists,17.800000,0.000000,960,990,990,990,1000,1000,1000,1000,1000,1000,1000,984,0,700.0,662.4250823892481,15.824466000594839,1007.5085850003234,73185.0
1781109622,500,POST,SOAP/listar-playlists-musica,17.300000,0.000000,970,990,1000,1000,1000,1000,1000,1000,1000,1000,1000,930,0,710.0,675.2926535946395,49.660405999929935,1013.4447569998883,55937.0
1781109622,500,POST,SOAP/listar-playlists-usuario,17.400000,0.000000,960,980,990,990,990,1000,1000,1000,1000,1000,1000,965,0,690.0,660.9026944124564,24.593740999989677,1003.5293020000609,55920.0
1781109622,500,POST,SOAP/listar-usuarios,18.000000,0.000000,970,990,990,990,1000,39000,43000,45000,46000,46000,46000,1021,0,750.0,2192.0046640176392,52.773242000512255,46184.18745500003,28012.0
1781109622,500,,Aggregated,105.900000,0.000000,970,990,990,990,1000,1000,1800,38000,46000,46000,46000,5850,0,710.0,941.4412509524919,14.130022000244935,46184.18745500003,54580.67213675214
1781109623,500,POST,SOAP/listar-musicas,17.900000,0.000000,990,1000,1000,1000,1000,1900,2000,2000,2000,2000,2000,1020,0,740.0,724.8604897686455,14.130022000244935,2034.8875489999045,71703.0
1781109623,500,POST,SOAP/listar-musicas-playlist,17.200000,0.000000,980,990,990,1000,1000,1000,1000,1000,1000,1000,1000,965,0,710.0,673.1221126891307,33.79329899962613,1039.7964750000028,43123.0
1781109623,500,POST,SOAP/listar-playlists,17.800000,0.000000,980,990,990,1000,1000,1000,1000,1000,1000,1000,1000,1001,0,700.0,668.6586384315893,15.824466000594839,1041.3457980002931,73185.0
1781109623,500,POST,SOAP/listar-playlists-musica,17.300000,0.000000,990,1000,1000,1000,1000,1000,1000,1000,1000,1000,1000,949,0,710.0,682.4751673287802,49.660405999929935,1045.5685050001193,55937.0
1781109623,500,POST,SOAP/listar-playlists-usuario,17.700000,0.000000,980,990,990,990,1000,1000,1000,1000,1000,1000,1000,982,0,700.0,667.2137260998173,24.593740999989677,1037.1073340002113,55920.0
1781109623,500,POST,SOAP/listar-usuarios,18.100000,0.000000,980,990,1000,1000,1000,39000,44000,46000,47000,47000,47000,1039,0,750.0,2216.3134192550624,52.773242000512255,47223.28064099929,28012.0
1781109623,500,,Aggregated,106.000000,0.000000,980,990,1000,1000,1000,1000,1800,39000,47000,47000,47000,5956,0,720.0,950.9520300218397,14.130022000244935,47223.28064099929,54585.470282068505
1781109624,500,POST,SOAP/listar-musicas,18.000000,0.000000,1000,1000,1000,1000,1000,1900,2000,2000,2100,2100,2100,1037,0,750.0,730.8968642517075,14.130022000244935,2063.322180999421,71703.0
1781109624,500,POST,SOAP/listar-musicas-playlist,17.600000,0.000000,990,990,1000,1000,1000,1000,1000,1000,1000,1000,1000,982,0,710.0,679.2036626517411,33.79329899962613,1041.8283790004352,43123.0
1781109624,500,POST,SOAP/listar-playlists,17.700000,0.000000,990,1000,1000,1000,1000,1000,1000,1000,1000,1000,1000,1019,0,710.0,674.9556919244568,15.824466000594839,1041.3457980002931,73185.0
1781109624,500,POST,SOAP/listar-playlists-musica,17.100000,0.000000,990,1000,1000,1000,1000,1000,1000,1000,1000,1000,1000,965,0,720.0,688.2312446373192,49.660405999929935,1046.4782310000373,55937.0
1781109624,500,POST,SOAP/listar-playlists-usuario,17.600000,0.000000,990,990,1000,1000,1000,1000,1000,1000,1000,1000,1000,1001,0,710.0,673.9680844036146,24.593740999989677,1044.2598509998788,55920.0
1781109624,500,POST,SOAP/listar-usuarios,18.200000,0.000000,990,1000,1000,1000,1000,40000,45000,47000,48000,48000,48000,1058,0,750.0,2239.5529758364914,52.773242000512255,48252.058755999315,28012.0
1781109624,500,,Aggregated,106.200000,0.000000,990,1000,1000,1000,1000,1000,1900,39000,48000,48000,48000,6062,0,730.0,960.2326207558687,14.130022000244935,48252.058755999315,54581.01831078852
1781109625,500,POST,SOAP/listar-musicas,17.800000,0.000000,1000,1000,1000,1000,1000,1900,2000,2100,2100,2100,2100,1057,0,750.0,737.5561746726776,14.130022000244935,2063.322180999421,71703.0
1781109625,500,POST,SOAP/listar-musicas-playlist,17.400000,0.000000,990,1000,1000,1000,1000,1000,1000,1000,1000,1000,1000,1000,0,720.0,685.3921941710103,33.79329899962613,1041.8283790004352,43123.0
1781109625,500,POST,SOAP/listar-playlists,17.700000,0.000000,990,1000,1000,1000,1000,1000,1000,1000,1000,1000,1000,1037,0,710.0,681.034796793653,15.824466000594839,1041.3457980002931,73185.0
1781109625,500,POST,SOAP/listar-playlists-musica,17.400000,0.000000,1000,1000,1000,1000,1000,1000,1000,1000,1000,1000,1000,981,0,730.0,693.786458111125,49.660405999929935,1046.4782310000373,55937.0
1781109625,500,POST,SOAP/listar-playlists-usuario,17.400000,0.000000,990,1000,1000,1000,1000,1000,1000,1000,1000,1000,1000,1019,0,710.0,680.0936123886372,24.593740999989677,1044.2598509998788,55920.0
1781109625,500,POST,SOAP/listar-usuarios,17.900000,0.000000,990,1000,1000,1000,1000,41000,46000,48000,48000,48000,48000,1076,0,760.0,2263.143910877333,52.773242000512255,48280.12916500029,28012.0
1781109625,500,,Aggregated,105.600000,0.000000,990,1000,1000,1000,1000,1000,1000,2100,48000,48000,48000,6170,0,740.0,969.2033889157335,14.130022000244935,48280.12916500029,54587.27795786061
1781109626,500,POST,SOAP/listar-musicas,17.700000,0.000000,1000,1000,1000,1000,1100,1900,2000,2100,2100,2100,2100,1073,0,760.0,743.2711018667467,14.130022000244935,2092.7981209997597,71703.0
1781109626,500,POST,SOAP/listar-musicas-playlist,17.200000,0.000000,1000,1000,1000,1000,1000,1000,1100,1100,1100,1100,1100,1018,0,730.0,691.8191072858655,33.79329899962613,1058.4508060001099,43123.0
1781109626,500,POST,SOAP/listar-playlists,17.600000,0.000000,1000,1000,1000,1000,1000,1100,1100,1100,1100,1100,1100,1056,0,730.0,687.6705783144092,15.824466000594839,1060.8098439997775,73185.0
1781109626,500,POST,SOAP/listar-playlists-musica,17.100000,0.000000,1000,1000,1000,1000,1000,1100,1100,1100,1100,1100,1100,999,0,740.0,700.2605221141296,49.660405999929935,1061.7868580002323,55937.0
1781109626,500,POST,SOAP/listar-playlists-usuario,17.600000,0.000000,990,1000,1000,1000,1000,1000,1100,1100,1100,1100,1100,1036,0,720.0,686.0913188610244,24.593740999989677,1055.1136180001777,55920.0
1781109626,500,POST,SOAP/listar-usuarios,18.100000,0.000000,1000,1000,1000,1000,1000,42000,47000,48000,49000,49000,49000,1092,0,770.0,2289.582554026568,52.773242000512255,49343.09789100007,28012.0
1781109626,500,,Aggregated,105.300000,0.000000,1000,1000,1000,1000,1000,1100,1100,2100,48000,49000,49000,6274,0,740.0,978.4120005019247,14.130022000244935,49343.09789100007,54594.06758049091
1781109627,500,POST,SOAP/listar-musicas,18.000000,0.000000,1000,1000,1000,1100,1100,1900,2100,2100,2100,2100,2100,1090,0,760.0,749.1558806798333,14.130022000244935,2120.291989999714,71703.0
1781109627,500,POST,SOAP/listar-musicas-playlist,17.400000,0.000000,1000,1000,1000,1000,1000,1100,1100,1100,1100,1100,1100,1035,0,740.0,697.7122050425237,33.79329899962613,1061.8082869996215,43123.0
1781109627,500,POST,SOAP/listar-playlists,17.600000,0.000000,1000,1000,1000,1000,1100,1100,1100,1100,1100,1100,1100,1073,0,730.0,693.4297408583548,15.824466000594839,1061.1017789997277,73185.0
1781109627,500,POST,SOAP/listar-playlists-musica,17.200000,0.000000,1000,1000,1000,1000,1100,1100,1100,1100,1100,1100,1100,1017,0,740.0,706.5489902910665,49.660405999929935,1066.6773640004976,55937.0
1781109627,500,POST,SOAP/listar-playlists-usuario,17.400000,0.000000,1000,1000,1000,1000,1000,1100,1100,1100,1100,1100,1100,1055,0,730.0,692.5951413232441,24.593740999989677,1058.5545160001857,55920.0
1781109627,500,POST,SOAP/listar-usuarios,18.000000,0.000000,1000,1000,1000,1000,1100,43000,48000,49000,50000,50000,50000,1111,0,780.0,2312.806933852395,52.773242000512255,50403.635570000006,28012.0
1781109627,500,,Aggregated,105.600000,0.000000,1000,1000,1000,1000,1100,1100,1100,2100,49000,50000,50000,6381,0,750.0,987.5472268975195,14.130022000244935,50403.635570000006,54587.202789531424
1781109628,500,POST,SOAP/listar-musicas,17.900000,0.000000,1000,1000,1100,1100,1100,1900,2100,2100,2100,2100,2100,1109,0,760.0,754.512071756555,14.130022000244935,2120.291989999714,71703.0
1781109628,500,POST,SOAP/listar-musicas-playlist,17.200000,0.000000,1000,1000,1000,1000,1100,1100,1100,1100,1100,1100,1100,1054,0,740.0,704.1263888330323,33.79329899962613,1067.7163300006214,43123.0
1781109628,500,POST,SOAP/listar-playlists,17.900000,0.000000,1000,1000,1000,1000,1100,1100,1100,1100,1100,1100,1100,1090,0,740.0,699.033387957812,15.824466000594839,1066.0191859997212,73185.0
1781109628,500,POST,SOAP/listar-playlists-musica,17.200000,0.000000,1000,1000,1100,1100,1100,1100,1100,1100,1100,1100,1100,1034,0,750.0,712.3363532098786,49.660405999929935,1071.0309930000221,55937.0
1781109628,500,POST,SOAP/listar-playlists-usuario,17.400000,0.000000,1000,1000,1000,1000,1100,1100,1100,1100,1100,1100,1100,1072,0,740.0,698.2651129589735,24.593740999989677,1063.2469550000678,55920.0
1781109628,500,POST,SOAP/listar-usuarios,18.000000,0.000000,1000,1000,1000,1000,1100,43000,48000,49000,50000,50000,50000,1129,0,780.0,2292.738063487166,52.773242000512255,50403.635570000006,28012.0
1781109628,500,,Aggregated,105.600000,0.000000,1000,1000,1000,1100,1100,1100,1100,2100,49000,50000,50000,6488,0,750.0,988.6631871563002,14.130022000244935,50403.635570000006,54585.783754623924
1781109629,500,POST,SOAP/listar-musicas,17.900000,0.000000,1000,1100,1100,1100,1100,2000,2100,2100,2100,2100,2100,1127,0,760.0,760.5109795031225,14.130022000244935,2124.6275339999556,71703.0
1781109629,500,POST,SOAP/listar-musicas-playlist,17.300000,0.000000,1000,1000,1100,1100,1100,1100,1100,1100,1100,1100,1100,1071,0,750.0,709.8440994155126,33.79329899962613,1075.568726999336,43123.0
1781109629,500,POST,SOAP/listar-playlists,17.800000,0.000000,1000,1000,1100,1100,1100,1100,1100,1100,1100,1100,1100,1108,0,750.0,704.9569539548869,15.824466000594839,1076.1588499999561,73185.0
1781109629,500,POST,SOAP/listar-playlists-musica,17.100000,0.000000,1000,1100,1100,1100,1100,1100,1100,1100,1100,1100,1100,1053,0,750.0,718.7808078471154,49.660405999929935,1080.4684580007233,55937.0
1781109629,500,POST,SOAP/listar-playlists-usuario,17.700000,0.000000,1000,1000,1000,1100,1100,1100,1100,1100,1100,1100,1100,1089,0,740.0,703.9471437429027,24.593740999989677,1073.6261540005216,55920.0
1781109629,500,POST,SOAP/listar-usuarios,18.200000,0.000000,1000,1000,1100,1100,1100,44000,48000,50000,51000,51000,51000,1147,0,800.0,2317.400666171762,52.773242000512255,51466.755123999974,28012.0
1781109629,500,,Aggregated,106.000000,0.000000,1000,1000,1100,1100,1100,1100,1100,2100,50000,51000,51000,6595,0,750.0,997.7201521840901,14.130022000244935,51466.755123999974,54588.52145564822
1781109630,500,POST,SOAP/listar-musicas,18.000000,0.000000,1100,1100,1100,1100,1100,2000,2100,2100,2100,2100,2100,1145,0,780.0,766.3438917982728,14.130022000244935,2126.662052000029,71703.0
1781109630,500,POST,SOAP/listar-musicas-playlist,17.500000,0.000000,1000,1100,1100,1100,1100,1100,1100,1100,1100,1100,1100,1088,0,750.0,715.3931961103069,33.79329899962613,1078.040245000011,43123.0
1781109630,500,POST,SOAP/listar-playlists,17.700000,0.000000,1000,1100,1100,1100,1100,1100,1100,1100,1100,1100,1100,1125,0,750.0,710.4160434649019,15.824466000594839,1077.892174000226,73185.0
1781109630,500,POST,SOAP/listar-playlists-musica,17.100000,0.000000,1000,1100,1100,1100,1100,1100,1100,1100,1100,1100,1100,1070,0,760.0,724.3665377822535,49.660405999929935,1082.153868000205,55937.0
1781109630,500,POST,SOAP/listar-playlists-usuario,17.500000,0.000000,1000,1000,1100,1100,1100,1100,1100,1100,1100,1100,1100,1107,0,750.0,709.782906299927,24.593740999989677,1074.5397129994672,55920.0
1781109630,500,POST,SOAP/listar-usuarios,17.900000,0.000000,1000,1100,1100,1100,1100,45000,49000,51000,53000,53000,53000,1167,0,800.0,2340.051132177389,52.773242000512255,52535.50313000051,28012.0
1781109630,500,,Aggregated,105.700000,0.000000,1000,1100,1100,1100,1100,1100,1100,2100,51000,53000,53000,6702,0,760.0,1006.6653456172894,14.130022000244935,52535.50313000051,54580.262309758284
1781109631,500,POST,SOAP/listar-musicas,17.700000,0.000000,1100,1100,1100,1100,1100,2000,2100,2100,2100,2100,2100,1164,0,780.0,772.525764412391,14.130022000244935,2138.671494999471,71703.0
1781109631,500,POST,SOAP/listar-musicas-playlist,17.400000,0.000000,1000,1100,1100,1100,1100,1100,1100,1100,1100,1100,1100,1106,0,750.0,721.3860195768675,33.79329899962613,1099.4245690008029,43123.0
1781109631,500,POST,SOAP/listar-playlists,17.700000,0.000000,1000,1100,1100,1100,1100,1100,1100,1100,2200,2200,2200,1144,0,750.0,717.5421088951172,15.824466000594839,2151.9418629995926,73185.0
1781109631,500,POST,SOAP/listar-playlists-musica,17.300000,0.000000,1100,1100,1100,1100,1100,1100,1100,1100,1100,1100,1100,1086,0,760.0,729.722328366495,49.660405999929935,1104.2716310003016,55937.0
1781109631,500,POST,SOAP/listar-playlists-usuario,17.400000,0.000000,1000,1100,1100,1100,1100,1100,1100,1100,1100,1100,1100,1124,0,750.0,715.3857483389834,24.593740999989677,1095.8009730002232,55920.0
1781109631,500,POST,SOAP/listar-usuarios,17.900000,0.000000,1000,1100,1100,1100,1100,46000,50000,53000,54000,54000,54000,1184,0,810.0,2366.385123282949,52.773242000512255,53623.6370229999,28012.0
1781109631,500,,Aggregated,105.400000,0.000000,1100,1100,1100,1100,1100,1100,1100,2100,53000,54000,54000,6808,0,760.0,1015.9096820960739,14.130022000244935,53623.6370229999,54589.87074030552
1781109632,500,POST,SOAP/listar-musicas,17.800000,0.000000,1100,1100,1100,1100,1100,2000,2100,2100,2200,2200,2200,1181,0,790.0,778.3917237815591,14.130022000244935,2187.637010999424,71703.0
1781109632,500,POST,SOAP/listar-musicas-playlist,17.300000,0.000000,1100,1100,1100,1100,1100,1100,1100,1100,1100,1100,1100,1122,0,750.0,726.9635972647183,33.79329899962613,1136.9371649998357,43123.0
1781109632,500,POST,SOAP/listar-playlists,17.500000,0.000000,1100,1100,1100,1100,1100,1100,1100,1100,2200,2200,2200,1162,0,750.0,723.6557710568129,15.824466000594839,2151.9418629995926,73185.0
1781109632,500,POST,SOAP/listar-playlists-musica,17.200000,0.000000,1100,1100,1100,1100,1100,1100,1100,1100,1100,1100,1100,1104,0,770.0,736.0314682291781,49.660405999929935,1141.7644030007068,55937.0
1781109632,500,POST,SOAP/listar-playlists-usuario,17.600000,0.000000,1100,1100,1100,1100,1100,1100,1100,1100,1100,1100,1100,1141,0,750.0,721.1966671630305,24.593740999989677,1130.163332999473,55920.0
1781109632,500,POST,SOAP/listar-usuarios,18.000000,0.000000,1100,1100,1100,1100,1100,47000,51000,54000,55000,55000,55000,1201,0,810.0,2393.258851831816,52.773242000512255,54726.415153000744,28012.0
1781109632,500,,Aggregated,105.400000,0.000000,1100,1100,1100,1100,1100,1100,1100,2200,54000,55000,55000,6911,0,770.0,1025.2625968880152,14.130022000244935,54726.415153000744,54595.25379829258
1781109633,500,POST,SOAP/listar-musicas,17.900000,0.000000,1100,1100,1100,1100,1100,2100,2100,2200,2200,2200,2200,1198,0,800.0,784.3240877487683,14.130022000244935,2232.5395460002255,71703.0
1781109633,500,POST,SOAP/listar-musicas-playlist,17.500000,0.000000,1100,1100,1100,1100,1100,1100,1100,1100,1100,1100,1100,1140,0,760.0,733.2309677263279,33.79329899962613,1136.9371649998357,43123.0
1781109633,500,POST,SOAP/listar-playlists,17.700000,0.000000,1100,1100,1100,1100,1100,1100,1100,1100,2200,2200,2200,1179,0,760.0,729.4543089991644,15.824466000594839,2151.9418629995926,73185.0
1781109633,500,POST,SOAP/listar-playlists-musica,17.100000,0.000000,1100,1100,1100,1100,1100,1100,1100,1100,1100,1100,1100,1120,0,780.0,741.6332620250122,49.660405999929935,1141.7644030007068,55937.0
1781109633,500,POST,SOAP/listar-playlists-usuario,17.300000,0.000000,1100,1100,1100,1100,1100,1100,1100,1100,1100,1100,1100,1160,0,760.0,727.7814895922597,24.593740999989677,1140.2680900000632,55920.0
1781109633,500,POST,SOAP/listar-usuarios,18.100000,0.000000,1100,1100,1100,1100,1100,48000,53000,55000,56000,56000,56000,1220,0,820.0,2418.3492270991887,52.773242000512255,55860.04533400046,28012.0
1781109633,500,,Aggregated,105.600000,0.000000,1100,1100,1100,1100,1100,1100,1100,2200,55000,56000,56000,7017,0,780.0,1034.7402065123376,14.130022000244935,55860.04533400046,54586.975773122416
1781109634,500,POST,SOAP/listar-musicas,17.900000,0.000000,1100,1100,1100,1100,1100,2100,2100,2200,2300,2300,2300,1217,0,810.0,790.6634469359291,14.130022000244935,2263.61518900012,71703.0
1781109634,500,POST,SOAP/listar-musicas-playlist,17.100000,0.000000,1100,1100,1100,1100,1100,1100,1100,1100,1100,1100,1100,1158,0,770.0,739.2622507409467,33.79329899962613,1136.9371649998357,43123.0
1781109634,500,POST,SOAP/listar-playlists,17.700000,0.000000,1100,1100,1100,1100,1100,1100,1100,1100,2200,2200,2200,1196,0,760.0,735.0361189757622,15.824466000594839,2151.9418629995926,73185.0
1781109634,500,POST,SOAP/listar-playlists-musica,17.200000,0.000000,1100,1100,1100,1100,1100,1100,1100,1100,1100,1100,1100,1138,0,780.0,747.7439229253193,49.660405999929935,1141.7644030007068,55937.0
1781109634,500,POST,SOAP/listar-playlists-usuario,17.500000,0.000000,1100,1100,1100,1100,1100,1100,1100,1100,1100,1100,1100,1177,0,770.0,733.4299561614438,24.593740999989677,1140.2680900000632,55920.0
1781109634,500,POST,SOAP/listar-usuarios,17.900000,0.000000,1100,1100,1100,1100,1100,48000,54000,56000,57000,57000,57000,1237,0,820.0,2445.718422378341,52.773242000512255,56993.53550400065,28012.0
1781109634,500,,Aggregated,105.300000,0.000000,1100,1100,1100,1100,1100,1100,1100,2200,56000,57000,57000,7123,0,790.0,1044.074074230952,14.130022000244935,56993.53550400065,54591.21648181946
1781109635,500,POST,SOAP/listar-musicas,17.800000,0.000000,1100,1100,1100,1100,1100,2100,2200,2200,2300,2300,2300,1234,0,810.0,796.1462389416748,14.130022000244935,2263.61518900012,71703.0
1781109635,500,POST,SOAP/listar-musicas-playlist,17.300000,0.000000,1100,1100,1100,1100,1100,1100,1100,1100,1100,1100,1100,1176,0,780.0,745.0160439600472,33.79329899962613,1136.9371649998357,43123.0
1781109635,500,POST,SOAP/listar-playlists,17.800000,0.000000,1100,1100,1100,1100,1100,1100,1100,1100,2200,2200,2200,1215,0,780.0,740.9732261168807,15.824466000594839,2151.9418629995926,73185.0
1781109635,500,POST,SOAP/listar-playlists-musica,16.900000,0.000000,1100,1100,1100,1100,1100,1100,1100,1100,1100,1100,1100,1155,0,790.0,753.2207755878886,49.660405999929935,1141.7644030007068,55937.0
1781109635,500,POST,SOAP/listar-playlists-usuario,17.600000,0.000000,1100,1100,1100,1100,1100,1100,1100,1100,1100,1100,1100,1194,0,780.0,738.815987345075,24.593740999989677,1140.2680900000632,55920.0
1781109635,500,POST,SOAP/listar-usuarios,17.900000,0.000000,1100,1100,1100,1100,1100,49000,55000,57000,58000,58000,58000,1257,0,830.0,2469.875338268901,52.773242000512255,58108.49458700068,28012.0
1781109635,500,,Aggregated,105.300000,0.000000,1100,1100,1100,1100,1100,1100,1100,2200,57000,58000,58000,7231,0,800.0,1053.1897913402108,14.130022000244935,58108.49458700068,54584.52828101231
1781109636,500,POST,SOAP/listar-musicas,17.800000,0.000000,1100,1100,1100,1100,1100,2100,2200,2200,2300,2300,2300,1253,0,810.0,802.1068015898074,14.130022000244935,2263.61518900012,71703.0
1781109636,500,POST,SOAP/listar-musicas-playlist,17.400000,0.000000,1100,1100,1100,1100,1100,1100,1100,1100,1100,1100,1100,1192,0,790.0,750.0978924018588,33.79329899962613,1137.0821800001067,43123.0
1781109636,500,POST,SOAP/listar-playlists,17.600000,0.000000,1100,1100,1100,1100,1100,1100,1100,1100,2200,2200,2200,1231,0,780.0,745.9498203281975,15.824466000594839,2151.9418629995926,73185.0
1781109636,500,POST,SOAP/listar-playlists-musica,17.100000,0.000000,1100,1100,1100,1100,1100,1100,1100,1100,1100,1100,1100,1174,0,800.0,759.2825493364629,49.660405999929935,1141.7644030007068,55937.0
1781109636,500,POST,SOAP/listar-playlists-usuario,17.500000,0.000000,1100,1100,1100,1100,1100,1100,1100,1100,1100,1100,1100,1213,0,780.0,744.8116432968001,24.593740999989677,1140.2680900000632,55920.0
1781109636,500,POST,SOAP/listar-usuarios,17.800000,0.000000,1100,1100,1100,1100,1100,50000,56000,58000,58000,58000,58000,1274,0,840.0,2496.7550887857215,52.773242000512255,58237.42629800017,28012.0
1781109636,500,,Aggregated,105.200000,0.000000,1100,1100,1100,1100,1100,1100,1100,2200,58000,58000,58000,7337,0,800.0,1062.1699547924304,14.130022000244935,58237.42629800017,54589.818181818184
1781109637,500,POST,SOAP/listar-musicas,17.700000,0.000000,1100,1100,1100,1100,1100,2100,2200,2300,2300,2300,2300,1271,0,820.0,807.6778996428221,14.130022000244935,2278.7389170007373,71703.0
1781109637,500,POST,SOAP/listar-musicas-playlist,17.400000,0.000000,1100,1100,1100,1100,1100,1100,1100,1100,1100,1100,1100,1209,0,800.0,755.3396867105181,33.79329899962613,1148.7476170004811,43123.0
1781109637,500,POST,SOAP/listar-playlists,17.600000,0.000000,1100,1100,1100,1100,1100,1100,1100,1200,2200,2200,2200,1251,0,800.0,752.0333076187139,15.824466000594839,2151.9418629995926,73185.0
1781109637,500,POST,SOAP/listar-playlists-musica,17.100000,0.000000,1100,1100,1100,1100,1100,1100,1100,1200,1200,1200,1200,1190,0,810.0,764.2486723268964,49.660405999929935,1155.5241139994905,55937.0
1781109637,500,POST,SOAP/listar-playlists-usuario,17.500000,0.000000,1100,1100,1100,1100,1100,1100,1100,1100,1100,1100,1100,1229,0,790.0,749.6947796607129,24.593740999989677,1146.3184329995784,55920.0
1781109637,500,POST,SOAP/listar-usuarios,17.800000,0.000000,1100,1100,1100,1100,1100,51000,57000,58000,59000,59000,59000,1294,0,850.0,2520.5690429683195,52.773242000512255,59385.42673200027,28012.0
1781109637,500,,Aggregated,105.100000,0.000000,1100,1100,1100,1100,1100,1100,1200,2300,58000,59000,59000,7444,0,810.0,1071.0646299547363,14.130022000244935,59385.42673200027,54589.3193175712
1781109638,500,POST,SOAP/listar-musicas,17.600000,0.000000,1100,1100,1100,1100,1200,1200,2200,2300,2300,2300,2300,1289,0,830.0,812.6397267052204,14.130022000244935,2278.7389170007373,71703.0
1781109638,500,POST,SOAP/listar-musicas-playlist,17.400000,0.000000,1100,1100,1100,1100,1100,1200,1200,1200,1200,1200,1200,1227,0,800.0,761.1980022445123,33.79329899962613,1162.4389560001873,43123.0
1781109638,500,POST,SOAP/listar-playlists,17.600000,0.000000,1100,1100,1100,1100,1100,1200,1200,1200,2200,2200,2200,1268,0,800.0,757.4571833517417,15.824466000594839,2151.9418629995926,73185.0
1781109638,500,POST,SOAP/listar-playlists-musica,17.300000,0.000000,1100,1100,1100,1100,1200,1200,1200,1200,1200,1200,1200,1207,0,810.0,769.8416632104463,49.660405999929935,1168.069215000287,55937.0
1781109638,500,POST,SOAP/listar-playlists-usuario,17.500000,0.000000,1100,1100,1100,1100,1100,1200,1200,1200,1200,1200,1200,1248,0,800.0,755.8275377291793,24.593740999989677,1158.9666509999006,55920.0
1781109638,500,POST,SOAP/listar-usuarios,17.900000,0.000000,1100,1100,1100,1100,1200,1200,57000,58000,59000,59000,59000,1310,0,860.0,2503.899888254965,52.773242000512255,59385.42673200027,28012.0
1781109638,500,,Aggregated,105.300000,0.000000,1100,1100,1100,1100,1200,1200,1200,2200,58000,59000,59000,7549,0,810.0,1072.2637134934503,14.130022000244935,59385.42673200027,54594.71545900119
1781109639,500,POST,SOAP/listar-musicas,17.800000,0.000000,1100,1100,1200,1200,1200,1200,2200,2300,2300,2300,2300,1307,0,830.0,818.3987858936699,14.130022000244935,2312.0437269999456,71703.0
1781109639,500,POST,SOAP/listar-musicas-playlist,17.400000,0.000000,1100,1100,1100,1100,1200,1200,1200,1200,1200,1200,1200,1244,0,810.0,766.6477329509769,33.79329899962613,1162.9471879996345,43123.0
1781109639,500,POST,SOAP/listar-playlists,17.500000,0.000000,1100,1100,1100,1100,1200,1200,1200,1200,2200,2200,2200,1287,0,800.0,763.4111075975175,15.824466000594839,2151.9418629995926,73185.0
1781109639,500,POST,SOAP/listar-playlists-musica,17.300000,0.000000,1100,1100,1100,1200,1200,1200,1200,1200,1200,1200,1200,1225,0,810.0,775.6502006049037,49.660405999929935,1168.069215000287,55937.0
1781109639,500,POST,SOAP/listar-playlists-usuario,17.500000,0.000000,1100,1100,1100,1100,1200,1200,1200,1200,1200,1200,1200,1265,0,800.0,761.2129305581165,24.593740999989677,1160.3114210001877,55920.0
1781109639,500,POST,SOAP/listar-usuarios,18.000000,0.000000,1100,1100,1100,1200,1200,1200,58000,59000,61000,61000,61000,1328,0,860.0,2530.3986365271116,52.773242000512255,60546.66581800029,28012.0
1781109639,500,,Aggregated,105.500000,0.000000,1100,1100,1100,1200,1200,1200,1200,2300,59000,61000,61000,7656,0,820.0,1081.418799717483,14.130022000244935,60546.66581800029,54599.201802507836
1781109640,500,POST,SOAP/listar-musicas,17.800000,0.000000,1100,1100,1200,1200,1200,1200,2300,2300,2300,2300,2300,1324,0,840.0,823.4412486329508,14.130022000244935,2312.0437269999456,71703.0
1781109640,500,POST,SOAP/listar-musicas-playlist,17.300000,0.000000,1100,1100,1100,1100,1200,1200,1200,1200,1200,1200,1200,1263,0,810.0,772.2228666175907,33.79329899962613,1162.9471879996345,43123.0
1781109640,500,POST,SOAP/listar-playlists,17.600000,0.000000,1100,1100,1100,1200,1200,1200,1200,1200,1200,1200,1200,1303,0,810.0,767.993130735995,15.824466000594839,2151.9418629995926,73185.0
1781109640,500,POST,SOAP/listar-playlists-musica,17.200000,0.000000,1100,1100,1100,1200,1200,1200,1200,1200,1200,1200,1200,1242,0,820.0,780.6443484500866,49.660405999929935,1168.069215000287,55937.0
1781109640,500,POST,SOAP/listar-playlists-usuario,17.400000,0.000000,1100,1100,1100,1100,1200,1200,1200,1200,1200,1200,1200,1285,0,810.0,767.0057612786107,24.593740999989677,1160.3114210001877,55920.0
1781109640,500,POST,SOAP/listar-usuarios,18.000000,0.000000,1100,1100,1100,1200,1200,1200,58000,61000,62000,62000,62000,1347,0,870.0,2555.673722591689,52.773242000512255,61686.585290999574,28012.0
1781109640,500,,Aggregated,105.300000,0.000000,1100,1100,1100,1200,1200,1200,1200,2300,61000,62000,62000,7764,0,820.0,1090.147337896194,14.130022000244935,61686.585290999574,54588.136785162285
1781109641,500,POST,SOAP/listar-musicas,17.900000,0.000000,1100,1200,1200,1200,1200,1200,2300,2300,2300,2300,2300,1343,0,850.0,829.2250400796926,14.130022000244935,2312.0437269999456,71703.0
1781109641,500,POST,SOAP/listar-musicas-playlist,17.200000,0.000000,1100,1100,1200,1200,1200,1200,1200,1200,1200,1200,1200,1282,0,820.0,778.0621927067203,33.79329899962613,1178.40612100008,43123.0
1781109641,500,POST,SOAP/listar-playlists,17.600000,0.000000,1100,1100,1200,1200,1200,1200,1200,1200,2300,2300,2300,1321,0,810.0,774.2573500772155,15.824466000594839,2310.194820000106,73185.0
1781109641,500,POST,SOAP/listar-playlists-musica,17.100000,0.000000,1100,1100,1200,1200,1200,1200,1200,1200,1200,1200,1200,1260,0,830.0,786.1969402881028,49.660405999929935,1183.085241000299,55937.0
1781109641,500,POST,SOAP/listar-playlists-usuario,17.600000,0.000000,1100,1100,1200,1200,1200,1200,1200,1200,1200,1200,1200,1300,0,810.0,771.5722253200111,24.593740999989677,1175.814907000131,55920.0
1781109641,500,POST,SOAP/listar-usuarios,17.900000,0.000000,1100,1100,1200,1200,1200,1200,59000,62000,63000,63000,63000,1364,0,870.0,2583.595211425957,52.773242000512255,62863.50804999984,28012.0
1781109641,500,,Aggregated,105.300000,0.000000,1100,1100,1200,1200,1200,1200,1200,2300,62000,63000,63000,7870,0,830.0,1099.3131925531216,14.130022000244935,62863.50804999984,54592.52706480305
1781109642,500,POST,SOAP/listar-musicas,17.700000,0.000000,1100,1200,1200,1200,1200,1200,2300,2300,2300,2300,2300,1360,0,860.0,834.4707294007565,14.130022000244935,2343.9684680006394,71703.0
1781109642,500,POST,SOAP/listar-musicas-playlist,17.500000,0.000000,1100,1200,1200,1200,1200,1200,1200,1200,1200,1200,1200,1297,0,820.0,782.5944986091096,33.79329899962613,1184.9183949998405,43123.0
1781109642,500,POST,SOAP/listar-playlists,17.800000,0.000000,1100,1200,1200,1200,1200,1200,1200,1200,2300,2300,2300,1340,0,820.0,779.8997644656749,15.824466000594839,2310.194820000106,73185.0
1781109642,500,POST,SOAP/listar-playlists-musica,17.000000,0.000000,1100,1200,1200,1200,1200,1200,1200,1200,1200,1200,1200,1278,0,830.0,791.6958903239522,49.660405999929935,1196.869579000122,55937.0
1781109642,500,POST,SOAP/listar-playlists-usuario,17.500000,0.000000,1100,1200,1200,1200,1200,1200,1200,1200,1200,1200,1200,1318,0,820.0,776.9875557230764,24.593740999989677,1194.0932030001932,55920.0
1781109642,500,POST,SOAP/listar-usuarios,18.000000,0.000000,1100,1200,1200,1200,1200,1200,61000,63000,64000,64000,64000,1382,0,870.0,2610.65865989581,52.773242000512255,64034.75902400078,28012.0
1781109642,500,,Aggregated,105.500000,0.000000,1100,1200,1200,1200,1200,1200,1200,2300,63000,64000,64000,7975,0,840.0,1108.3082326417664,14.130022000244935,64034.75902400078,54597.76062695925
1781109643,500,POST,SOAP/listar-musicas,17.700000,0.000000,1200,1200,1200,1200,1200,2200,2300,2300,2400,2400,2400,1379,0,860.0,840.4287793364974,14.130022000244935,2373.4997669998847,71703.0
1781109643,500,POST,SOAP/listar-musicas-playlist,17.300000,0.000000,1100,1200,1200,1200,1200,1200,1200,1200,1200,1200,1200,1315,0,830.0,788.2673196813804,33.79329899962613,1203.730947000622,43123.0
1781109643,500,POST,SOAP/listar-playlists,17.600000,0.000000,1100,1200,1200,1200,1200,1200,1200,1200,2300,2300,2300,1356,0,820.0,784.8347067109171,15.824466000594839,2310.194820000106,73185.0
1781109643,500,POST,SOAP/listar-playlists-musica,17.300000,0.000000,1200,1200,1200,1200,1200,1200,1200,1200,1200,1200,1200,1295,0,830.0,797.0963815559929,49.660405999929935,1208.3475399995223,55937.0
1781109643,500,POST,SOAP/listar-playlists-usuario,17.600000,0.000000,1100,1200,1200,1200,1200,1200,1200,1200,1200,1200,1200,1337,0,820.0,782.9165278863238,24.593740999989677,1198.7261890008085,55920.0
1781109643,500,POST,SOAP/listar-usuarios,17.700000,0.000000,1200,1200,1200,1200,1200,57000,62000,64000,65000,65000,65000,1401,0,870.0,2637.217594594583,52.773242000512255,65242.115795000245,28012.0
1781109643,500,,Aggregated,105.200000,0.000000,1200,1200,1200,1200,1200,1200,1200,2300,64000,65000,65000,8083,0,850.0,1117.5924454178012,14.130022000244935,65242.115795000245,54592.63998515403
1781109644,500,POST,SOAP/listar-musicas,17.600000,0.000000,1200,1200,1200,1200,1200,2200,2300,2400,2400,2400,2400,1397,0,870.0,845.6790824438283,14.130022000244935,2381.847427000139,71703.0
1781109644,500,POST,SOAP/listar-musicas-playlist,17.700000,0.000000,1200,1200,1200,1200,1200,1200,1200,1200,1200,1200,1200,1333,0,840.0,793.4789192423217,33.79329899962613,1203.730947000622,43123.0
1781109644,500,POST,SOAP/listar-playlists,17.600000,0.000000,1200,1200,1200,1200,1200,1200,1200,1200,2300,2300,2300,1375,0,830.0,790.2259207294577,15.824466000594839,2310.194820000106,73185.0
1781109644,500,POST,SOAP/listar-playlists-musica,17.300000,0.000000,1200,1200,1200,1200,1200,1200,1200,1200,1200,1200,1200,1313,0,850.0,802.3419111439546,49.660405999929935,1208.3475399995223,55937.0
1781109644,500,POST,SOAP/listar-playlists-usuario,17.500000,0.000000,1200,1200,1200,1200,1200,1200,1200,1200,1200,1200,1200,1353,0,830.0,787.5012491781338,24.593740999989677,1198.7261890008085,55920.0
1781109644,500,POST,SOAP/listar-usuarios,18.000000,0.000000,1200,1200,1200,1200,1200,58000,63000,65000,66000,66000,66000,1420,0,880.0,2663.596977224655,52.773242000512255,66422.94676599978,28012.0
1781109644,500,,Aggregated,105.700000,0.000000,1200,1200,1200,1200,1200,1200,1200,2400,65000,66000,66000,8191,0,860.0,1126.4746118491137,14.130022000244935,66422.94676599978,54592.05298498352
1781109645,500,POST,SOAP/listar-musicas,17.700000,0.000000,1200,1200,1200,1200,1200,1200,2300,2400,2400,2400,2400,1415,0,870.0,849.9370333067329,14.130022000244935,2381.847427000139,71703.0
1781109645,500,POST,SOAP/listar-musicas-playlist,17.300000,0.000000,1200,1200,1200,1200,1200,1200,1200,1200,1200,1200,1200,1351,0,850.0,798.5351169963097,33.79329899962613,1203.730947000622,43123.0
1781109645,500,POST,SOAP/listar-playlists,17.500000,0.000000,1200,1200,1200,1200,1200,1200,1200,2300,2400,2400,2400,1394,0,840.0,796.299034262557,15.824466000594839,2358.826575000421,73185.0
1781109645,500,POST,SOAP/listar-playlists-musica,17.500000,0.000000,1200,1200,1200,1200,1200,1200,1200,1200,1200,1200,1200,1330,0,860.0,807.1332461631671,49.660405999929935,1208.3475399995223,55937.0
1781109645,500,POST,SOAP/listar-playlists-usuario,17.500000,0.000000,1200,1200,1200,1200,1200,1200,1200,1200,1200,1200,1200,1372,0,850.0,792.8090585269756,24.593740999989677,1198.7261890008085,55920.0
1781109645,500,POST,SOAP/listar-usuarios,18.000000,0.000000,1200,1200,1200,1200,1200,1200,63000,65000,66000,66000,66000,1438,0,880.0,2644.9322903769203,52.773242000512255,66422.94676599978,28012.0
1781109645,500,,Aggregated,105.500000,0.000000,1200,1200,1200,1200,1200,1200,1200,2400,65000,66000,66000,8300,0,860.0,1127.24778050736,14.130022000244935,66422.94676599978,54595.00168674699
1781109646,500,POST,SOAP/listar-musicas,17.900000,0.000000,1200,1200,1200,1200,1200,1200,2300,2400,2400,2400,2400,1432,0,880.0,855.1072023414999,14.130022000244935,2381.847427000139,71703.0
1781109646,500,POST,SOAP/listar-musicas-playlist,17.400000,0.000000,1200,1200,1200,1200,1200,1200,1200,1200,1200,1200,1200,1368,0,860.0,803.6715328114166,33.79329899962613,1221.9798890000675,43123.0
1781109646,500,POST,SOAP/listar-playlists,17.600000,0.000000,1200,1200,1200,1200,1200,1200,1200,2300,2400,2400,2400,1413,0,860.0,801.8969596206681,15.824466000594839,2358.826575000421,73185.0
1781109646,500,POST,SOAP/listar-playlists-musica,17.300000,0.000000,1200,1200,1200,1200,1200,1200,1200,1200,1200,1200,1200,1348,0,860.0,812.5970511023824,49.660405999929935,1226.393879999705,55937.0
1781109646,500,POST,SOAP/listar-playlists-usuario,17.500000,0.000000,1200,1200,1200,1200,1200,1200,1200,1200,1200,1200,1200,1389,0,850.0,797.885683872577,24.593740999989677,1218.2026170003155,55920.0
1781109646,500,POST,SOAP/listar-usuarios,18.200000,0.000000,1200,1200,1200,1200,1200,1200,64000,66000,68000,68000,68000,1455,0,890.0,2673.8301279732013,52.773242000512255,67613.46071400022,28012.0
1781109646,500,,Aggregated,105.900000,0.000000,1200,1200,1200,1200,1200,1200,1200,2400,66000,68000,68000,8405,0,870.0,1136.357340936239,14.130022000244935,67613.46071400022,54600.211897679954
1781109647,500,POST,SOAP/listar-musicas,18.000000,0.000000,1200,1200,1200,1200,1200,1200,2400,2400,2400,2400,2400,1450,0,880.0,860.5047219179503,14.130022000244935,2413.432265000665,71703.0
1781109647,500,POST,SOAP/listar-musicas-playlist,17.400000,0.000000,1200,1200,1200,1200,1200,1200,1200,1200,1200,1200,1200,1385,0,860.0,808.7416140086774,33.79329899962613,1231.717495000339,43123.0
1781109647,500,POST,SOAP/listar-playlists,17.700000,0.000000,1200,1200,1200,1200,1200,1200,1200,2300,2400,2400,2400,1428,0,860.0,806.2610216561662,15.824466000594839,2358.826575000421,73185.0
1781109647,500,POST,SOAP/listar-playlists-musica,17.300000,0.000000,1200,1200,1200,1200,1200,1200,1200,1200,1200,1200,1200,1364,0,870.0,817.3961531788939,49.660405999929935,1235.4942319998372,55937.0
1781109647,500,POST,SOAP/listar-playlists-usuario,17.500000,0.000000,1200,1200,1200,1200,1200,1200,1200,1200,1200,1200,1200,1409,0,850.0,803.7929261866622,24.593740999989677,1228.6073510003916,55920.0
1781109647,500,POST,SOAP/listar-usuarios,18.100000,0.000000,1200,1200,1200,1200,1200,1200,65000,68000,69000,69000,69000,1474,0,900.0,2700.918941796477,52.773242000512255,68838.80680400034,28012.0
1781109647,500,,Aggregated,106.000000,0.000000,1200,1200,1200,1200,1200,1200,1200,2400,68000,69000,69000,8510,0,870.0,1145.4532111926071,14.130022000244935,68838.80680400034,54592.47015276146
1781109648,500,POST,SOAP/listar-musicas,18.000000,0.000000,1200,1200,1200,1200,1200,1200,2400,2400,2500,2500,2500,1469,0,880.0,866.2413712151317,14.130022000244935,2466.1293300005127,71703.0
1781109648,500,POST,SOAP/listar-musicas-playlist,17.300000,0.000000,1200,1200,1200,1200,1200,1200,1200,1200,1200,1200,1200,1405,0,870.0,814.7587191701194,33.79329899962613,1240.525811000225,43123.0
1781109648,500,POST,SOAP/listar-playlists,17.700000,0.000000,1200,1200,1200,1200,1200,1200,1200,2300,2400,2400,2400,1447,0,860.0,811.8555382805839,15.824466000594839,2358.826575000421,73185.0
1781109648,500,POST,SOAP/listar-playlists-musica,17.200000,0.000000,1200,1200,1200,1200,1200,1200,1200,1200,1200,1200,1200,1381,0,870.0,822.5674884004433,49.660405999929935,1245.303106999927,55937.0
1781109648,500,POST,SOAP/listar-playlists-usuario,17.600000,0.000000,1200,1200,1200,1200,1200,1200,1200,1200,1200,1200,1200,1425,0,860.0,808.5654633242145,24.593740999989677,1237.619198000175,55920.0
1781109648,500,POST,SOAP/listar-usuarios,18.000000,0.000000,1200,1200,1200,1200,1200,1200,65000,68000,69000,69000,69000,1490,0,900.0,2685.1524507140994,52.773242000512255,68838.80680400034,28012.0
1781109648,500,,Aggregated,105.800000,0.000000,1200,1200,1200,1200,1200,1200,1200,2400,68000,69000,69000,8617,0,870.0,1146.6923728586617,14.130022000244935,68838.80680400034,54600.335847742834
1781109649,500,POST,SOAP/listar-musicas,18.000000,0.000000,1200,1200,1200,1200,1200,1200,2400,2500,2500,2500,2500,1486,0,880.0,871.1007148129409,14.130022000244935,2466.1293300005127,71703.0
1781109649,500,POST,SOAP/listar-musicas-playlist,17.400000,0.000000,1200,1200,1200,1200,1200,1200,1200,1200,1200,1200,1200,1422,0,870.0,819.4936766090137,33.79329899962613,1240.525811000225,43123.0
1781109649,500,POST,SOAP/listar-playlists,17.900000,0.000000,1200,1200,1200,1200,1200,1200,1200,2300,2400,2400,2400,1465,0,870.0,816.7567639890815,15.824466000594839,2358.826575000421,73185.0
1781109649,500,POST,SOAP/listar-playlists-musica,17.100000,0.000000,1200,1200,1200,1200,1200,1200,1200,1200,1200,1200,1200,1400,0,880.0,827.905031847152,49.660405999929935,1245.303106999927,55937.0
1781109649,500,POST,SOAP/listar-playlists-usuario,17.500000,0.000000,1200,1200,1200,1200,1200,1200,1200,1200,1200,1200,1200,1443,0,860.0,813.5379507934905,24.593740999989677,1237.619198000175,55920.0
1781109649,500,POST,SOAP/listar-usuarios,17.900000,0.000000,1200,1200,1200,1200,1200,1200,66000,69000,70000,70000,70000,1509,0,910.0,2712.369250757461,52.773242000512255,70291.89582300023,28012.0
1781109649,500,,Aggregated,105.800000,0.000000,1200,1200,1200,1200,1200,1200,1200,2400,69000,70000,70000,8725,0,880.0,1155.563534277144,14.130022000244935,70291.89582300023,54597.370429799426
1781109650,500,POST,SOAP/listar-musicas,17.700000,0.000000,1200,1200,1200,1200,1200,1200,2400,2500,2500,2500,2500,1505,0,890.0,875.5778869594889,14.130022000244935,2466.1293300005127,71703.0
1781109650,500,POST,SOAP/listar-musicas-playlist,17.300000,0.000000,1200,1200,1200,1200,1200,1200,1200,1200,1200,1200,1200,1440,0,870.0,824.4627656430675,33.79329899962613,1240.525811000225,43123.0
1781109650,500,POST,SOAP/listar-playlists,17.700000,0.000000,1200,1200,1200,1200,1200,1200,1200,2400,2400,2400,2400,1483,0,870.0,822.4337653735695,15.824466000594839,2428.4914499994557,73185.0
1781109650,500,POST,SOAP/listar-playlists-musica,17.400000,0.000000,1200,1200,1200,1200,1200,1200,1200,1200,1200,1200,1200,1418,0,880.0,832.9104334358328,49.660405999929935,1245.303106999927,55937.0
1781109650,500,POST,SOAP/listar-playlists-usuario,17.800000,0.000000,1200,1200,1200,1200,1200,1200,1200,1200,1200,1200,1200,1460,0,870.0,818.2138204876773,24.593740999989677,1237.619198000175,55920.0
1781109650,500,POST,SOAP/listar-usuarios,17.900000,0.000000,1200,1200,1200,1200,1200,1200,68000,70000,72000,72000,72000,1529,0,920.0,2738.79014354873,52.773242000512255,71508.27807099995,28012.0
1781109650,500,,Aggregated,105.800000,0.000000,1200,1200,1200,1200,1200,1200,1200,2400,70000,72000,72000,8835,0,880.0,1164.4493127854078,14.130022000244935,71508.27807099995,54593.741256366724
1781109651,500,POST,SOAP/listar-musicas,17.800000,0.000000,1200,1200,1200,1200,1200,1200,2400,2500,2500,2500,2500,1522,0,900.0,879.5837843265632,14.130022000244935,2466.1293300005127,71703.0
1781109651,500,POST,SOAP/listar-musicas-playlist,17.700000,0.000000,1200,1200,1200,1200,1200,1200,1200,1200,1200,1200,1200,1457,0,870.0,829.1712828716666,33.79329899962613,1240.525811000225,43123.0
1781109651,500,POST,SOAP/listar-playlists,17.700000,0.000000,1200,1200,1200,1200,1200,1200,1200,2400,2400,2400,2400,1502,0,870.0,827.5693751231723,15.824466000594839,2428.4914499994557,73185.0
1781109651,500,POST,SOAP/listar-playlists-musica,17.200000,0.000000,1200,1200,1200,1200,1200,1200,1200,1200,1200,1200,1200,1435,0,880.0,837.6502334815405,49.660405999929935,1245.303106999927,55937.0
1781109651,500,POST,SOAP/listar-playlists-usuario,17.600000,0.000000,1200,1200,1200,1200,1200,1200,1200,1200,1200,1200,1200,1478,0,870.0,823.1629058139455,24.593740999989677,1237.619198000175,55920.0
1781109651,500,POST,SOAP/listar-usuarios,17.900000,0.000000,1200,1200,1200,1200,1200,1200,68000,70000,72000,72000,72000,1547,0,930.0,2721.2053474195254,52.773242000512255,71508.27807099995,28012.0
1781109651,500,,Aggregated,105.900000,0.000000,1200,1200,1200,1200,1200,1200,1200,2400,70000,72000,72000,8941,0,880.0,1165.2170688537176,14.130022000244935,71508.27807099995,54595.6790068225
1781109652,500,POST,SOAP/listar-musicas,17.900000,0.000000,1200,1200,1200,1200,1300,1300,2400,2500,2500,2500,2500,1542,0,910.0,885.2602513443752,14.130022000244935,2471.764780999365,71703.0
1781109652,500,POST,SOAP/listar-musicas-playlist,17.400000,0.000000,1200,1200,1200,1200,1200,1200,1300,1300,1300,1300,1300,1475,0,880.0,834.2989727444203,33.79329899962613,1262.309804999859,43123.0
1781109652,500,POST,SOAP/listar-playlists,17.600000,0.000000,1200,1200,1200,1200,1200,1300,1300,2400,2400,2400,2400,1517,0,870.0,831.7562424007951,15.824466000594839,2428.4914499994557,73185.0
1781109652,500,POST,SOAP/listar-playlists-musica,17.600000,0.000000,1200,1200,1200,1200,1200,1300,1300,1300,1300,1300,1300,1453,0,880.0,842.8015902037234,49.660405999929935,1265.1824300000953,55937.0
1781109652,500,POST,SOAP/listar-playlists-usuario,17.600000,0.000000,1200,1200,1200,1200,1200,1200,1300,1300,1300,1300,1300,1497,0,870.0,828.5280155036819,24.593740999989677,1257.3520070000086,55920.0
1781109652,500,POST,SOAP/listar-usuarios,17.800000,0.000000,1200,1200,1200,1200,1200,1300,69000,72000,73000,73000,73000,1564,0,930.0,2750.934823691181,52.773242000512255,72766.23817400014,28012.0
1781109652,500,,Aggregated,105.900000,0.000000,1200,1200,1200,1200,1200,1300,1300,2400,72000,73000,73000,9048,0,890.0,1174.2700846729763,14.130022000244935,72766.23817400014,54596.98994252874
1781109653,500,POST,SOAP/listar-musicas,17.900000,0.000000,1200,1200,1200,1300,1300,1300,2500,2500,2500,2500,2500,1559,0,910.0,890.1519641828265,14.130022000244935,2507.2253409998666,71703.0
1781109653,500,POST,SOAP/listar-musicas-playlist,17.400000,0.000000,1200,1200,1200,1200,1300,1300,1300,1300,1300,1300,1300,1492,0,880.0,839.0590120596647,33.79329899962613,1262.309804999859,43123.0
1781109653,500,POST,SOAP/listar-playlists,17.700000,0.000000,1200,1200,1200,1200,1300,1300,1300,2400,2400,2400,2400,1538,0,880.0,837.5157415611205,15.824466000594839,2428.4914499994557,73185.0
1781109653,500,POST,SOAP/listar-playlists-musica,17.300000,0.000000,1200,1200,1200,1200,1300,1300,1300,1300,1300,1300,1300,1470,0,890.0,847.6146518040882,49.660405999929935,1265.7667410003342,55937.0
1781109653,500,POST,SOAP/listar-playlists-usuario,17.600000,0.000000,1200,1200,1200,1200,1200,1300,1300,1300,1300,1300,1300,1513,0,880.0,832.9963278750917,24.593740999989677,1257.3520070000086,55920.0
1781109653,500,POST,SOAP/listar-usuarios,18.100000,0.000000,1200,1200,1200,1200,1300,1300,70000,73000,74000,74000,74000,1583,0,940.0,2778.919752063176,52.773242000512255,74017.94696700017,28012.0
1781109653,500,,Aggregated,106.000000,0.000000,1200,1200,1200,1200,1300,1300,1300,2500,73000,74000,74000,9155,0,900.0,1183.2953706628161,14.130022000244935,74017.94696700017,54599.7126160568
1781109654,500,POST,SOAP/listar-musicas,17.900000,0.000000,1200,1200,1300,1300,1300,1300,2500,2500,2500,2500,2500,1577,0,920.0,895.088785234005,14.130022000244935,2510.5107879999196,71703.0
1781109654,500,POST,SOAP/listar-musicas-playlist,17.200000,0.000000,1200,1200,1200,1200,1300,1300,1300,1300,1300,1300,1300,1510,0,890.0,843.9228996331268,33.79329899962613,1262.438611000107,43123.0
1781109654,500,POST,SOAP/listar-playlists,17.700000,0.000000,1200,1200,1200,1200,1300,1300,1300,2400,2400,2400,2400,1555,0,880.0,842.0113740327965,15.824466000594839,2428.4914499994557,73185.0
1781109654,500,POST,SOAP/listar-playlists-musica,17.400000,0.000000,1200,1200,1200,1300,1300,1300,1300,1300,1300,1300,1300,1488,0,900.0,852.5104093266199,49.660405999929935,1267.6016229997913,55937.0
1781109654,500,POST,SOAP/listar-playlists-usuario,17.600000,0.000000,1200,1200,1200,1200,1300,1300,1300,1300,1300,1300,1300,1532,0,880.0,838.0963800868232,24.593740999989677,1258.628595999653,55920.0
1781109654,500,POST,SOAP/listar-usuarios,18.000000,0.000000,1200,1200,1200,1200,1300,1300,72000,74000,75000,75000,75000,1601,0,940.0,2807.9351370949457,52.773242000512255,75280.84849199967,28012.0
1781109654,500,,Aggregated,105.800000,0.000000,1200,1200,1200,1200,1300,1300,1300,2500,74000,75000,75000,9263,0,900.0,1192.1849916054289,14.130022000244935,75280.84849199967,54598.396199935225
1781109655,500,POST,SOAP/listar-musicas,18.000000,0.000000,1200,1300,1300,1300,1300,1300,2500,2500,2500,2500,2500,1595,0,920.0,899.922321379953,14.130022000244935,2510.5107879999196,71703.0
1781109655,500,POST,SOAP/listar-musicas-playlist,17.500000,0.000000,1200,1200,1200,1200,1300,1300,1300,1300,1300,1300,1300,1528,0,890.0,848.6802115373179,33.79329899962613,1262.5810949994047,43123.0
1781109655,500,POST,SOAP/listar-playlists,17.600000,0.000000,1200,1200,1200,1300,1300,1300,1300,1300,2400,2400,2400,1574,0,890.0,846.9057433945379,15.824466000594839,2428.4914499994557,73185.0
1781109655,500,POST,SOAP/listar-playlists-musica,17.300000,0.000000,1200,1200,1300,1300,1300,1300,1300,1300,1300,1300,1300,1505,0,900.0,857.0402319740939,49.660405999929935,1275.094087999605,55937.0
1781109655,500,POST,SOAP/listar-playlists-usuario,17.700000,0.000000,1200,1200,1200,1200,1300,1300,1300,1300,1300,1300,1300,1551,0,890.0,843.0565225602912,24.593740999989677,1258.628595999653,55920.0
1781109655,500,POST,SOAP/listar-usuarios,18.100000,0.000000,1200,1200,1200,1200,1300,1300,73000,75000,77000,77000,77000,1620,0,950.0,2836.0876460703744,52.773242000512255,76526.18932299993,28012.0
1781109655,500,,Aggregated,106.200000,0.000000,1200,1200,1200,1300,1300,1300,1300,2500,75000,77000,77000,9373,0,910.0,1201.0111285798669,14.130022000244935,76526.18932299993,54598.09708737864
1781109656,500,POST,SOAP/listar-musicas,17.800000,0.000000,1200,1300,1300,1300,1300,1300,2500,2500,2500,2500,2500,1613,0,930.0,903.8776382777597,14.130022000244935,2510.5107879999196,71703.0
1781109656,500,POST,SOAP/listar-musicas-playlist,17.500000,0.000000,1200,1200,1200,1300,1300,1300,1300,1300,1300,1300,1300,1546,0,900.0,853.3072650672843,33.79329899962613,1262.5810949994047,43123.0
1781109656,500,POST,SOAP/listar-playlists,18.000000,0.000000,1200,1200,1200,1300,1300,1300,1300,1300,2400,2400,2400,1591,0,900.0,851.1945505983684,15.824466000594839,2428.4914499994557,73185.0
1781109656,500,POST,SOAP/listar-playlists-musica,17.400000,0.000000,1200,1300,1300,1300,1300,1300,1300,1300,1300,1300,1300,1522,0,910.0,861.4522665584819,49.660405999929935,1275.094087999605,55937.0
1781109656,500,POST,SOAP/listar-playlists-usuario,17.500000,0.000000,1200,1200,1200,1200,1300,1300,1300,1300,1300,1300,1300,1569,0,900.0,847.6620998948458,24.593740999989677,1258.628595999653,55920.0
1781109656,500,POST,SOAP/listar-usuarios,17.800000,0.000000,1200,1200,1200,1300,1300,1300,73000,75000,77000,77000,77000,1638,0,960.0,2818.6320115097747,52.773242000512255,76526.18932299993,28012.0
1781109656,500,,Aggregated,106.000000,0.000000,1200,1200,1300,1300,1300,1300,1300,2500,75000,77000,77000,9479,0,910.0,1201.5454807076783,14.130022000244935,76526.18932299993,54596.54837008123
1781109657,500,POST,SOAP/listar-musicas,17.700000,0.000000,1300,1300,1300,1300,1300,1300,2500,2500,2500,2500,2500,1631,0,940.0,908.937261666479,14.130022000244935,2524.633542000629,71703.0
1781109657,500,POST,SOAP/listar-musicas-playlist,17.300000,0.000000,1200,1200,1300,1300,1300,1300,1300,1300,1300,1300,1300,1563,0,910.0,858.0119674753804,33.79329899962613,1303.075286999956,43123.0
1781109657,500,POST,SOAP/listar-playlists,17.800000,0.000000,1200,1300,1300,1300,1300,1300,1300,1300,2400,2400,2400,1609,0,900.0,856.0832218017428,15.824466000594839,2428.4914499994557,73185.0
1781109657,500,POST,SOAP/listar-playlists-musica,17.500000,0.000000,1200,1300,1300,1300,1300,1300,1300,1300,1300,1300,1300,1542,0,910.0,867.006596857335,49.660405999929935,1307.976554000561,55937.0
1781109657,500,POST,SOAP/listar-playlists-usuario,17.800000,0.000000,1200,1200,1300,1300,1300,1300,1300,1300,1300,1300,1300,1586,0,900.0,852.3342324539806,24.593740999989677,1299.9562920003882,55920.0
1781109657,500,POST,SOAP/listar-usuarios,18.000000,0.000000,1200,1200,1300,1300,1300,1300,74000,77000,78000,78000,78000,1654,0,960.0,2850.0812945012167,52.773242000512255,77809.02698700083,28012.0
1781109657,500,,Aggregated,106.100000,0.000000,1200,1300,1300,1300,1300,1300,1300,2500,77000,78000,78000,9585,0,920.0,1210.6153373971913,14.130022000244935,77809.02698700083,54603.9988523735
1781109658,500,POST,SOAP/listar-musicas,17.900000,0.000000,1300,1300,1300,1300,1300,1300,2500,2500,2600,2600,2600,1649,0,940.0,913.9566882274256,14.130022000244935,2578.117615999872,71703.0
1781109658,500,POST,SOAP/listar-musicas-playlist,17.700000,0.000000,1200,1300,1300,1300,1300,1300,1300,1300,1300,1300,1300,1581,0,910.0,862.9243597666155,33.79329899962613,1310.5807739993907,43123.0
1781109658,500,POST,SOAP/listar-playlists,17.700000,0.000000,1200,1300,1300,1300,1300,1300,1300,1300,2400,2400,2400,1627,0,910.0,860.8741450608524,15.824466000594839,2428.4914499994557,73185.0
1781109658,500,POST,SOAP/listar-playlists-musica,17.400000,0.000000,1300,1300,1300,1300,1300,1300,1300,1300,1300,1300,1300,1558,0,920.0,871.395783026323,49.660405999929935,1315.1934360002997,55937.0
1781109658,500,POST,SOAP/listar-playlists-usuario,17.700000,0.000000,1200,1300,1300,1300,1300,1300,1300,1300,1300,1300,1300,1604,0,910.0,857.2073585031275,24.593740999989677,1306.1924829999043,55920.0
1781109658,500,POST,SOAP/listar-usuarios,18.100000,0.000000,1200,1300,1300,1300,1300,1300,75000,78000,79000,79000,79000,1676,0,970.0,2876.004569187358,52.773242000512255,79108.12934700062,28012.0
1781109658,500,,Aggregated,106.500000,0.000000,1200,1300,1300,1300,1300,1300,1300,2500,78000,79000,79000,9695,0,930.0,1219.6822193547289,14.130022000244935,79108.12934700062,54593.227746260956
1781109659,500,POST,SOAP/listar-musicas,17.800000,0.000000,1300,1300,1300,1300,1300,1300,2500,2600,2600,2600,2600,1668,0,950.0,918.7657703831076,14.130022000244935,2578.117615999872,71703.0
1781109659,500,POST,SOAP/listar-musicas-playlist,17.600000,0.000000,1300,1300,1300,1300,1300,1300,1300,1300,1300,1300,1300,1599,0,920.0,867.413311043164,33.79329899962613,1310.5807739993907,43123.0
1781109659,500,POST,SOAP/listar-playlists,17.600000,0.000000,1300,1300,1300,1300,1300,1300,1300,1300,2400,2400,2400,1644,0,910.0,865.0088619574256,15.824466000594839,2428.4914499994557,73185.0
1781109659,500,POST,SOAP/listar-playlists-musica,17.600000,0.000000,1300,1300,1300,1300,1300,1300,1300,1300,1300,1300,1300,1576,0,930.0,875.8986411218357,49.660405999929935,1315.1934360002997,55937.0
1781109659,500,POST,SOAP/listar-playlists-usuario,17.700000,0.000000,1200,1300,1300,1300,1300,1300,1300,1300,1300,1300,1300,1622,0,910.0,861.6652824352751,24.593740999989677,1306.1924829999043,55920.0
1781109659,500,POST,SOAP/listar-usuarios,18.000000,0.000000,1300,1300,1300,1300,1300,1300,77000,79000,80000,80000,80000,1693,0,980.0,2906.5256733750816,52.773242000512255,80374.32568100031,28012.0
1781109659,500,,Aggregated,106.300000,0.000000,1300,1300,1300,1300,1300,1300,1300,2500,79000,80000,80000,9802,0,940.0,1228.3569751027444,14.130022000244935,80374.32568100031,54596.37716792491
1781109660,500,POST,SOAP/listar-musicas,18.000000,0.000000,1300,1300,1300,1300,1300,1300,2500,2600,2600,2600,2600,1687,0,950.0,923.7094862051102,14.130022000244935,2578.117615999872,71703.0
1781109660,500,POST,SOAP/listar-musicas-playlist,17.600000,0.000000,1300,1300,1300,1300,1300,1300,1300,1300,1300,1300,1300,1617,0,930.0,872.0500979684724,33.79329899962613,1310.5807739993907,43123.0
1781109660,500,POST,SOAP/listar-playlists,17.700000,0.000000,1300,1300,1300,1300,1300,1300,1300,1300,1300,1300,1300,1663,0,920.0,869.8135679146176,15.824466000594839,2428.4914499994557,73185.0
1781109660,500,POST,SOAP/listar-playlists-musica,17.500000,0.000000,1300,1300,1300,1300,1300,1300,1300,1300,1300,1300,1300,1593,0,940.0,880.3224708079173,49.660405999929935,1315.1934360002997,55937.0
1781109660,500,POST,SOAP/listar-playlists-usuario,17.500000,0.000000,1300,1300,1300,1300,1300,1300,1300,1300,1300,1300,1300,1640,0,920.0,866.2966708030579,24.593740999989677,1306.1924829999043,55920.0
1781109660,500,POST,SOAP/listar-usuarios,17.900000,0.000000,1300,1300,1300,1300,1300,1300,78000,80000,82000,82000,82000,1712,0,980.0,2935.4817166635607,52.773242000512255,81662.81614700073,28012.0
1781109660,500,,Aggregated,106.200000,0.000000,1300,1300,1300,1300,1300,1300,1300,2500,80000,82000,82000,9912,0,940.0,1237.2404973897396,14.130022000244935,81662.81614700073,54597.70903954802
1781109661,500,POST,SOAP/listar-musicas,17.800000,0.000000,1300,1300,1300,1300,1300,1300,2500,2600,2600,2600,2600,1704,0,960.0,927.4490725328775,14.130022000244935,2578.117615999872,71703.0
1781109661,500,POST,SOAP/listar-musicas-playlist,17.400000,0.000000,1300,1300,1300,1300,1300,1300,1300,1300,1300,1300,1300,1636,0,930.0,876.9120994835082,33.79329899962613,1310.5807739993907,43123.0
1781109661,500,POST,SOAP/listar-playlists,17.900000,0.000000,1300,1300,1300,1300,1300,1300,1300,1300,1300,1300,1300,1682,0,930.0,874.5830732164146,15.824466000594839,2428.4914499994557,73185.0
1781109661,500,POST,SOAP/listar-playlists-musica,17.500000,0.000000,1300,1300,1300,1300,1300,1300,1300,1300,1300,1300,1300,1611,0,940.0,884.9703287312306,49.660405999929935,1315.1934360002997,55937.0
1781109661,500,POST,SOAP/listar-playlists-usuario,17.700000,0.000000,1300,1300,1300,1300,1300,1300,1300,1300,1300,1300,1300,1657,0,930.0,870.6219494031465,24.593740999989677,1306.1924829999043,55920.0
1781109661,500,POST,SOAP/listar-usuarios,18.400000,0.000000,1300,1300,1300,1300,1300,1300,78000,80000,82000,82000,82000,1729,0,990.0,2919.317373530374,52.773242000512255,81662.81614700073,28012.0
1781109661,500,,Aggregated,106.700000,0.000000,1300,1300,1300,1300,1300,1300,1300,2500,80000,82000,82000,10019,0,940.0,1237.8338808346252,14.130022000244935,81662.81614700073,54599.76095418705
1781109662,500,POST,SOAP/listar-musicas,18.100000,0.000000,1300,1300,1300,1300,1300,1300,2500,2600,2600,2600,2600,1722,0,970.0,932.3445147584333,14.130022000244935,2612.7169749997847,71703.0
1781109662,500,POST,SOAP/listar-musicas-playlist,17.600000,0.000000,1300,1300,1300,1300,1300,1300,1300,1300,1300,1300,1300,1651,0,940.0,880.9573388649436,33.79329899962613,1331.6822750002757,43123.0
1781109662,500,POST,SOAP/listar-playlists,17.700000,0.000000,1300,1300,1300,1300,1300,1300,1300,1300,1300,1300,1300,1698,0,940.0,878.7898617691455,15.824466000594839,2428.4914499994557,73185.0
1781109662,500,POST,SOAP/listar-playlists-musica,17.300000,0.000000,1300,1300,1300,1300,1300,1300,1300,1300,1300,1300,1300,1629,0,940.0,889.8261402952833,49.660405999929935,1335.9147820001454,55937.0
1781109662,500,POST,SOAP/listar-playlists-usuario,17.700000,0.000000,1300,1300,1300,1300,1300,1300,1300,1300,1300,1300,1300,1677,0,930.0,875.9537595569552,24.593740999989677,1328.9705069992124,55920.0
1781109662,500,POST,SOAP/listar-usuarios,18.200000,0.000000,1300,1300,1300,1300,1300,1300,79000,82000,82000,82000,82000,1747,0,990.0,2949.016670509455,52.773242000512255,81986.02584299988,28012.0
1781109662,500,,Aggregated,106.600000,0.000000,1300,1300,1300,1300,1300,1300,1300,2600,82000,82000,82000,10124,0,950.0,1246.79734955177,14.130022000244935,81986.02584299988,54600.25148162781
1781109663,500,POST,SOAP/listar-musicas,18.100000,0.000000,1300,1300,1300,1300,1300,1400,2600,2600,2700,2700,2700,1740,0,970.0,937.3664824770239,14.130022000244935,2664.4641479997517,71703.0
1781109663,500,POST,SOAP/listar-musicas-playlist,17.600000,0.000000,1300,1300,1300,1300,1300,1300,1300,1300,1300,1300,1300,1670,0,940.0,886.1445487143845,33.79329899962613,1347.4889270000858,43123.0
1781109663,500,POST,SOAP/listar-playlists,17.900000,0.000000,1300,1300,1300,1300,1300,1300,1300,1400,1400,1400,1400,1716,0,940.0,883.6084613339225,15.824466000594839,2428.4914499994557,73185.0
1781109663,500,POST,SOAP/listar-playlists-musica,17.400000,0.000000,1300,1300,1300,1300,1300,1300,1300,1400,1400,1400,1400,1646,0,950.0,894.5012639064494,49.660405999929935,1352.4817710003845,55937.0
1781109663,500,POST,SOAP/listar-playlists-usuario,17.700000,0.000000,1300,1300,1300,1300,1300,1300,1300,1300,1300,1300,1300,1693,0,940.0,880.2708048871903,24.593740999989677,1342.5673940000706,55920.0
1781109663,500,POST,SOAP/listar-usuarios,18.100000,0.000000,1300,1300,1300,1300,1300,1300,80000,82000,83000,83000,83000,1765,0,990.0,2979.0251128430714,52.773242000512255,83323.51672200003,28012.0
1781109663,500,,Aggregated,106.800000,0.000000,1300,1300,1300,1300,1300,1300,1400,2600,82000,83000,83000,10230,0,960.0,1255.8922847257206,14.130022000244935,83323.51672200003,54599.230889540566
1781109664,500,POST,SOAP/listar-musicas,18.100000,0.000000,1300,1300,1300,1300,1300,1400,2600,2700,2700,2700,2700,1758,0,980.0,942.1206439294764,14.130022000244935,2664.4641479997517,71703.0
1781109664,500,POST,SOAP/listar-musicas-playlist,17.600000,0.000000,1300,1300,1300,1300,1300,1300,1300,1300,1300,1300,1300,1688,0,950.0,890.7843285343739,33.79329899962613,1347.4889270000858,43123.0
1781109664,500,POST,SOAP/listar-playlists,18.000000,0.000000,1300,1300,1300,1300,1300,1300,1300,1400,1400,1400,1400,1734,0,940.0,888.1491944809757,15.824466000594839,2428.4914499994557,73185.0
1781109664,500,POST,SOAP/listar-playlists-musica,17.400000,0.000000,1300,1300,1300,1300,1300,1300,1300,1400,1400,1400,1400,1664,0,960.0,899.1422919543364,49.660405999929935,1352.4817710003845,55937.0
1781109664,500,POST,SOAP/listar-playlists-usuario,17.700000,0.000000,1300,1300,1300,1300,1300,1300,1300,1300,1300,1300,1300,1712,0,940.0,885.1026864544472,24.593740999989677,1342.5673940000706,55920.0
1781109664,500,POST,SOAP/listar-usuarios,18.000000,0.000000,1300,1300,1300,1300,1300,1300,82000,83000,85000,85000,85000,1783,0,990.0,3009.0136447201467,52.773242000512255,84648.93878399926,28012.0
1781109664,500,,Aggregated,106.800000,0.000000,1300,1300,1300,1300,1300,1300,1400,2600,83000,85000,85000,10339,0,960.0,1264.7724773558502,14.130022000244935,84648.93878399926,54599.854144501405
1781109665,500,POST,SOAP/listar-musicas,17.900000,0.000000,1300,1300,1300,1300,1300,1400,2600,2700,2700,2700,2700,1778,0,990.0,946.5078646012497,14.130022000244935,2664.4641479997517,71703.0
1781109665,500,POST,SOAP/listar-musicas-playlist,17.500000,0.000000,1300,1300,1300,1300,1300,1300,1300,1300,1300,1300,1300,1705,0,950.0,895.1022541378437,33.79329899962613,1347.4889270000858,43123.0
1781109665,500,POST,SOAP/listar-playlists,18.000000,0.000000,1300,1300,1300,1300,1300,1300,1300,1400,1400,1400,1400,1752,0,950.0,892.6286994063985,15.824466000594839,2428.4914499994557,73185.0
1781109665,500,POST,SOAP/listar-playlists-musica,17.400000,0.000000,1300,1300,1300,1300,1300,1300,1300,1400,1400,1400,1400,1683,0,960.0,904.0017924064263,49.660405999929935,1352.4817710003845,55937.0
1781109665,500,POST,SOAP/listar-playlists-usuario,17.800000,0.000000,1300,1300,1300,1300,1300,1300,1300,1300,1300,1300,1300,1729,0,950.0,889.402210946217,24.593740999989677,1342.5673940000706,55920.0
1781109665,500,POST,SOAP/listar-usuarios,18.000000,0.000000,1300,1300,1300,1300,1300,1300,82000,83000,85000,85000,85000,1800,0,1000.0,2993.1039567905655,52.773242000512255,84648.93878399926,28012.0
1781109665,500,,Aggregated,106.600000,0.000000,1300,1300,1300,1300,1300,1300,1400,2600,83000,85000,85000,10447,0,970.0,1265.4086694261641,14.130022000244935,84648.93878399926,54607.25758590983
1781109666,500,POST,SOAP/listar-musicas,18.100000,0.000000,1300,1300,1300,1300,1300,1400,2600,2700,2700,2700,2700,1794,0,990.0,950.6642217162888,14.130022000244935,2664.4641479997517,71703.0
1781109666,500,POST,SOAP/listar-musicas-playlist,17.700000,0.000000,1300,1300,1300,1300,1300,1300,1300,1300,1300,1300,1300,1723,0,960.0,899.5605789808606,33.79329899962613,1347.4889270000858,43123.0
1781109666,500,POST,SOAP/listar-playlists,17.700000,0.000000,1300,1300,1300,1300,1300,1300,1300,1400,1400,1400,1400,1771,0,960.0,897.2375832958842,15.824466000594839,2428.4914499994557,73185.0
1781109666,500,POST,SOAP/listar-playlists-musica,17.300000,0.000000,1300,1300,1300,1300,1300,1300,1300,1400,1400,1400,1400,1699,0,970.0,907.9868562201398,49.660405999929935,1352.4817710003845,55937.0
1781109666,500,POST,SOAP/listar-playlists-usuario,17.800000,0.000000,1300,1300,1300,1300,1300,1300,1300,1300,1300,1300,1300,1747,0,950.0,893.8447260097358,24.593740999989677,1342.5673940000706,55920.0
1781109666,500,POST,SOAP/listar-usuarios,18.200000,0.000000,1300,1300,1300,1300,1300,1300,82000,85000,86000,86000,86000,1822,0,1000.0,3019.3936346707023,52.773242000512255,85976.15001399936,28012.0
1781109666,500,,Aggregated,106.800000,0.000000,1300,1300,1300,1300,1300,1300,1400,2600,85000,86000,86000,10556,0,980.0,1274.1562958305349,14.130022000244935,85976.15001399936,54595.851932550206
1781109667,500,POST,SOAP/listar-musicas,18.000000,0.000000,1300,1300,1300,1300,1400,1400,2600,2700,2700,2700,2700,1813,0,1000.0,955.625407940443,14.130022000244935,2686.307362999287,71703.0
1781109667,500,POST,SOAP/listar-musicas-playlist,17.800000,0.000000,1300,1300,1300,1300,1300,1400,1400,1400,1400,1400,1400,1741,0,960.0,904.1864402711212,33.79329899962613,1373.4780630002206,43123.0
1781109667,500,POST,SOAP/listar-playlists,17.900000,0.000000,1300,1300,1300,1300,1300,1400,1400,1400,1400,1400,1400,1788,0,960.0,901.5183754463137,15.824466000594839,2428.4914499994557,73185.0
1781109667,500,POST,SOAP/listar-playlists-musica,17.400000,0.000000,1300,1300,1300,1300,1300,1400,1400,1400,1400,1400,1400,1717,0,980.0,912.6248210827133,49.660405999929935,1377.7083240001957,55937.0
1781109667,500,POST,SOAP/listar-playlists-usuario,17.600000,0.000000,1300,1300,1300,1300,1300,1300,1400,1400,1400,1400,1400,1764,0,960.0,898.1821753832251,24.593740999989677,1368.026426999677,55920.0
1781109667,500,POST,SOAP/listar-usuarios,18.000000,0.000000,1300,1300,1300,1300,1300,1400,83000,86000,87000,87000,87000,1839,0,1000.0,3050.711879374128,52.773242000512255,87339.48073400007,28012.0
1781109667,500,,Aggregated,106.700000,0.000000,1300,1300,1300,1300,1300,1400,1400,2700,86000,87000,87000,10662,0,980.0,1283.0877540564748,14.130022000244935,87339.48073400007,54598.59679234665
1781109668,500,POST,SOAP/listar-musicas,17.900000,0.000000,1300,1300,1300,1400,1400,1400,2700,2700,2700,2700,2700,1831,0,1000.0,960.5644789492217,14.130022000244935,2731.2750250002864,71703.0
1781109668,500,POST,SOAP/listar-musicas-playlist,17.600000,0.000000,1300,1300,1300,1300,1400,1400,1400,1400,1400,1400,1400,1758,0,970.0,908.7432499857911,33.79329899962613,1389.4407239995417,43123.0
1781109668,500,POST,SOAP/listar-playlists,17.900000,0.000000,1300,1300,1300,1300,1400,1400,1400,1400,1400,1400,1400,1807,0,970.0,906.5069410426171,15.824466000594839,2428.4914499994557,73185.0
1781109668,500,POST,SOAP/listar-playlists-musica,17.600000,0.000000,1300,1300,1300,1300,1400,1400,1400,1400,1400,1400,1400,1733,0,990.0,916.9589354674079,49.660405999929935,1393.7031190007474,55937.0
1781109668,500,POST,SOAP/listar-playlists-usuario,17.600000,0.000000,1300,1300,1300,1300,1400,1400,1400,1400,1400,1400,1400,1782,0,960.0,902.9839708445601,24.593740999989677,1385.4215419996763,55920.0
1781109668,500,POST,SOAP/listar-usuarios,18.100000,0.000000,1300,1300,1300,1300,1400,1400,85000,87000,89000,89000,89000,1857,0,1000.0,3081.51286441035,52.773242000512255,88711.25336400018,28012.0
1781109668,500,,Aggregated,106.700000,0.000000,1300,1300,1300,1300,1400,1400,1400,2700,87000,89000,89000,10768,0,990.0,1292.254726719459,14.130022000244935,88711.25336400018,54601.62212109956
1781109669,500,POST,SOAP/listar-musicas,17.800000,0.000000,1300,1300,1400,1400,1400,1400,2700,2700,2700,2700,2700,1849,0,1000.0,964.5585445835721,14.130022000244935,2731.2750250002864,71703.0
1781109669,500,POST,SOAP/listar-musicas-playlist,17.600000,0.000000,1300,1300,1400,1400,1400,1400,1400,1400,1400,1400,1400,1777,0,980.0,913.6039553438512,33.79329899962613,1389.4407239995417,43123.0
1781109669,500,POST,SOAP/listar-playlists,18.000000,0.000000,1300,1300,1400,1400,1400,1400,1400,1400,1400,1400,1400,1826,0,970.0,911.2791818526888,15.824466000594839,2428.4914499994557,73185.0
1781109669,500,POST,SOAP/listar-playlists-musica,17.400000,0.000000,1300,1300,1400,1400,1400,1400,1400,1400,1400,1400,1400,1751,0,990.0,921.62974240321,49.660405999929935,1393.7031190007474,55937.0
1781109669,500,POST,SOAP/listar-playlists-usuario,17.700000,0.000000,1300,1300,1300,1400,1400,1400,1400,1400,1400,1400,1400,1799,0,980.0,907.3117900650392,24.593740999989677,1385.4215419996763,55920.0
1781109669,500,POST,SOAP/listar-usuarios,18.200000,0.000000,1300,1300,1400,1400,1400,1400,85000,87000,89000,89000,89000,1874,0,1000.0,3065.9360749978755,52.773242000512255,88711.25336400018,28012.0
1781109669,500,,Aggregated,106.700000,0.000000,1300,1300,1400,1400,1400,1400,1400,2700,87000,89000,89000,10876,0,990.0,1292.9873627680333,14.130022000244935,88711.25336400018,54605.04624862082
1781109670,500,POST,SOAP/listar-musicas,18.100000,0.000000,1300,1400,1400,1400,1400,1400,2700,2700,2700,2700,2700,1867,0,1000.0,969.1882970428627,14.130022000244935,2741.3026790000004,71703.0
1781109670,500,POST,SOAP/listar-musicas-playlist,17.600000,0.000000,1300,1300,1400,1400,1400,1400,1400,1400,1400,1400,1400,1792,0,990.0,917.3666056305937,33.79329899962613,1389.4407239995417,43123.0
1781109670,500,POST,SOAP/listar-playlists,17.900000,0.000000,1300,1400,1400,1400,1400,1400,1400,1400,1400,1400,1400,1842,0,980.0,915.2114541742714,15.824466000594839,2428.4914499994557,73185.0
1781109670,500,POST,SOAP/listar-playlists-musica,17.300000,0.000000,1300,1400,1400,1400,1400,1400,1400,1400,1400,1400,1400,1770,0,990.0,926.4056649745877,49.660405999929935,1393.7031190007474,55937.0
1781109670,500,POST,SOAP/listar-playlists-usuario,17.700000,0.000000,1300,1300,1400,1400,1400,1400,1400,1400,1400,1400,1400,1819,0,980.0,912.2823910093473,24.593740999989677,1385.4215419996763,55920.0
1781109670,500,POST,SOAP/listar-usuarios,18.300000,0.000000,1300,1400,1400,1400,1400,1400,86000,89000,90000,90000,90000,1893,0,1000.0,3095.701644076077,52.773242000512255,90084.71579299931,28012.0
1781109670,500,,Aggregated,106.900000,0.000000,1300,1400,1400,1400,1400,1400,1400,2700,89000,90000,90000,10983,0,990.0,1301.8808991118196,14.130022000244935,90084.71579299931,54603.14786488209
1781109671,500,POST,SOAP/listar-musicas,18.100000,0.000000,1400,1400,1400,1400,1400,1400,2700,2700,2700,2700,2700,1885,0,1000.0,973.7490154567774,14.130022000244935,2741.3026790000004,71703.0
1781109671,500,POST,SOAP/listar-musicas-playlist,17.500000,0.000000,1300,1400,1400,1400,1400,1400,1400,1400,1400,1400,1400,1812,0,990.0,922.3073734967018,33.79329899962613,1389.4407239995417,43123.0
1781109671,500,POST,SOAP/listar-playlists,17.800000,0.000000,1300,1400,1400,1400,1400,1400,1400,1400,1400,1400,1400,1860,0,990.0,919.5738487940916,15.824466000594839,2428.4914499994557,73185.0
1781109671,500,POST,SOAP/listar-playlists-musica,17.400000,0.000000,1300,1400,1400,1400,1400,1400,1400,1400,1400,1400,1400,1787,0,1000.0,930.6190224946959,49.660405999929935,1393.7031190007474,55937.0
1781109671,500,POST,SOAP/listar-playlists-usuario,17.600000,0.000000,1300,1400,1400,1400,1400,1400,1400,1400,1400,1400,1400,1837,0,990.0,916.6726606401768,24.593740999989677,1385.4215419996763,55920.0
1781109671,500,POST,SOAP/listar-usuarios,17.900000,0.000000,1300,1400,1400,1400,1400,1400,87000,90000,91000,91000,91000,1911,0,1000.0,3126.5345222156016,52.773242000512255,91452.58200999978,28012.0
1781109671,500,,Aggregated,106.300000,0.000000,1300,1400,1400,1400,1400,1400,1400,2700,90000,91000,91000,11092,0,1000.0,1310.7551890026255,14.130022000244935,91452.58200999978,54601.3813559322
1781109672,500,POST,SOAP/listar-musicas,17.900000,0.000000,1400,1400,1400,1400,1400,1400,2700,2700,2700,2700,2700,1904,0,1000.0,978.4202695031635,14.130022000244935,2744.060014999377,71703.0
1781109672,500,POST,SOAP/listar-musicas-playlist,17.500000,0.000000,1400,1400,1400,1400,1400,1400,1400,1400,1400,1400,1400,1830,0,990.0,926.6398810759702,33.79329899962613,1389.4407239995417,43123.0
1781109672,500,POST,SOAP/listar-playlists,18.000000,0.000000,1400,1400,1400,1400,1400,1400,1400,1400,1400,1400,1400,1878,0,990.0,923.829131828547,15.824466000594839,2428.4914499994557,73185.0
1781109672,500,POST,SOAP/listar-playlists-musica,17.400000,0.000000,1400,1400,1400,1400,1400,1400,1400,1400,1400,1400,1400,1805,0,1000.0,934.9648884936405,49.660405999929935,1393.7031190007474,55937.0
1781109672,500,POST,SOAP/listar-playlists-usuario,17.600000,0.000000,1400,1400,1400,1400,1400,1400,1400,1400,1400,1400,1400,1855,0,990.0,920.960687027497,24.593740999989677,1385.4215419996763,55920.0
1781109672,500,POST,SOAP/listar-usuarios,18.000000,0.000000,1400,1400,1400,1400,1400,1400,89000,91000,93000,93000,93000,1929,0,1000.0,3157.4906770772486,52.773242000512255,92835.15311199971,28012.0
1781109672,500,,Aggregated,106.400000,0.000000,1400,1400,1400,1400,1400,1400,1400,2700,91000,93000,93000,11201,0,1000.0,1319.5614230270621,14.130022000244935,92835.15311199971,54603.34479064369
1781109673,500,POST,SOAP/listar-musicas,17.800000,0.000000,1400,1400,1400,1400,1400,1400,2700,2700,2700,2700,2700,1921,0,1000.0,982.1624227116203,14.130022000244935,2744.060014999377,71703.0
1781109673,500,POST,SOAP/listar-musicas-playlist,17.500000,0.000000,1400,1400,1400,1400,1400,1400,1400,1400,1400,1400,1400,1847,0,990.0,930.9362961180444,33.79329899962613,1413.6642619996564,43123.0
1781109673,500,POST,SOAP/listar-playlists,17.700000,0.000000,1400,1400,1400,1400,1400,1400,1400,1400,1400,1400,1400,1896,0,990.0,928.286469772158,15.824466000594839,2428.4914499994557,73185.0
1781109673,500,POST,SOAP/listar-playlists-musica,17.500000,0.000000,1400,1400,1400,1400,1400,1400,1400,1400,1400,1400,1400,1824,0,1000.0,939.7957177861963,49.660405999929935,1417.6450630002364,55937.0
1781109673,500,POST,SOAP/listar-playlists-usuario,17.800000,0.000000,1400,1400,1400,1400,1400,1400,1400,1400,1400,1400,1400,1872,0,990.0,925.2344318792769,24.593740999989677,1409.6846880001976,55920.0
1781109673,500,POST,SOAP/listar-usuarios,18.000000,0.000000,1400,1400,1400,1400,1400,1400,89000,91000,93000,93000,93000,1946,0,1000.0,3142.079678453757,52.773242000512255,92835.15311199971,28012.0
1781109673,500,,Aggregated,106.300000,0.000000,1400,1400,1400,1400,1400,1400,1400,2700,91000,93000,93000,11306,0,1000.0,1320.2651512151185,14.130022000244935,92835.15311199971,54605.61507164338
1781109674,500,POST,SOAP/listar-musicas,17.800000,0.000000,1400,1400,1400,1400,1400,1400,2700,2700,2800,2800,2800,1939,0,1000.0,986.7862693584445,14.130022000244935,2782.9619530002674,71703.0
1781109674,500,POST,SOAP/listar-musicas-playlist,17.800000,0.000000,1400,1400,1400,1400,1400,1400,1400,1400,1400,1400,1400,1865,0,1000.0,935.4142480010869,33.79329899962613,1416.1150750005618,43123.0
1781109674,500,POST,SOAP/listar-playlists,17.800000,0.000000,1400,1400,1400,1400,1400,1400,1400,1400,1400,1400,1400,1915,0,990.0,932.9179777514408,15.824466000594839,2428.4914499994557,73185.0
1781109674,500,POST,SOAP/listar-playlists-musica,17.300000,0.000000,1400,1400,1400,1400,1400,1400,1400,1400,1400,1400,1400,1840,0,1000.0,943.8045558804478,49.660405999929935,1420.2408730006937,55937.0
1781109674,500,POST,SOAP/listar-playlists-usuario,17.700000,0.000000,1400,1400,1400,1400,1400,1400,1400,1400,1400,1400,1400,1890,0,990.0,929.6796238010622,24.593740999989677,1410.7909340000333,55920.0
1781109674,500,POST,SOAP/listar-usuarios,18.100000,0.000000,1400,1400,1400,1400,1400,1400,90000,93000,94000,94000,94000,1967,0,1000.0,3170.6276284850082,52.773242000512255,94239.4330369998,28012.0
1781109674,500,,Aggregated,106.500000,0.000000,1400,1400,1400,1400,1400,1400,1400,2700,93000,94000,94000,11416,0,1000.0,1329.2557369688277,14.130022000244935,94239.4330369998,54600.409162578835
1781109675,500,POST,SOAP/listar-musicas,18.000000,0.000000,1400,1400,1400,1400,1400,1400,2700,2800,2800,2800,2800,1958,0,1000.0,991.3955766537401,14.130022000244935,2799.905484000192,71703.0
1781109675,500,POST,SOAP/listar-musicas-playlist,17.800000,0.000000,1400,1400,1400,1400,1400,1400,1400,1400,1400,1400,1400,1883,0,1000.0,939.6723142379325,33.79329899962613,1416.1150750005618,43123.0
1781109675,500,POST,SOAP/listar-playlists,17.700000,0.000000,1400,1400,1400,1400,1400,1400,1400,1400,1400,1400,1400,1932,0,1000.0,936.8485516635669,15.824466000594839,2428.4914499994557,73185.0
1781109675,500,POST,SOAP/listar-playlists-musica,17.500000,0.000000,1400,1400,1400,1400,1400,1400,1400,1400,1400,1400,1400,1858,0,1000.0,948.0640966286454,49.660405999929935,1420.2408730006937,55937.0
1781109675,500,POST,SOAP/listar-playlists-usuario,17.700000,0.000000,1400,1400,1400,1400,1400,1400,1400,1400,1400,1400,1400,1908,0,990.0,933.914007894658,24.593740999989677,1410.7909340000333,55920.0
1781109675,500,POST,SOAP/listar-usuarios,18.100000,0.000000,1400,1400,1400,1400,1400,1400,91000,94000,95000,95000,95000,1985,0,1000.0,3201.369089705799,52.773242000512255,94625.3217429994,28012.0
1781109675,500,,Aggregated,106.800000,0.000000,1400,1400,1400,1400,1400,1400,1400,2700,94000,95000,95000,11524,0,1000.0,1337.962128625229,14.130022000244935,94625.3217429994,54600.71407497397
1781109676,500,POST,SOAP/listar-musicas,18.000000,0.000000,1400,1400,1400,1400,1400,1400,2700,2800,2800,2800,2800,1976,0,1000.0,995.2646454600319,14.130022000244935,2799.905484000192,71703.0
1781109676,500,POST,SOAP/listar-musicas-playlist,17.400000,0.000000,1400,1400,1400,1400,1400,1400,1400,1400,1400,1400,1400,1901,0,1000.0,944.1126344218976,33.79329899962613,1416.1150750005618,43123.0
1781109676,500,POST,SOAP/listar-playlists,17.700000,0.000000,1400,1400,1400,1400,1400,1400,1400,1400,1400,1400,1400,1951,0,1000.0,941.4578483818622,15.824466000594839,2428.4914499994557,73185.0
1781109676,500,POST,SOAP/listar-playlists-musica,17.700000,0.000000,1400,1400,1400,1400,1400,1400,1400,1400,1400,1400,1400,1875,0,1000.0,952.294161017613,49.660405999929935,1420.571695000035,55937.0
1781109676,500,POST,SOAP/listar-playlists-usuario,17.700000,0.000000,1400,1400,1400,1400,1400,1400,1400,1400,1400,1400,1400,1925,0,1000.0,938.0970980602647,24.593740999989677,1413.85566200006,55920.0
1781109676,500,POST,SOAP/listar-usuarios,17.900000,0.000000,1400,1400,1400,1400,1400,1400,91000,94000,95000,95000,95000,2003,0,1100.0,3185.2637931253184,52.773242000512255,94625.3217429994,28012.0
1781109676,500,,Aggregated,106.400000,0.000000,1400,1400,1400,1400,1400,1400,1400,2700,94000,95000,95000,11631,0,1000.0,1338.634439253903,14.130022000244935,94625.3217429994,54602.51027426704
1781109677,500,POST,SOAP/listar-musicas,17.800000,0.000000,1400,1400,1400,1400,1400,1400,2700,2800,2800,2800,2800,1994,0,1000.0,999.8395608445455,14.130022000244935,2804.790103000414,71703.0
1781109677,500,POST,SOAP/listar-musicas-playlist,17.600000,0.000000,1400,1400,1400,1400,1400,1400,1400,1400,1400,1400,1400,1918,0,1000.0,948.3126033316083,33.79329899962613,1432.0939749995887,43123.0
1781109677,500,POST,SOAP/listar-playlists,17.800000,0.000000,1400,1400,1400,1400,1400,1400,1400,1400,1400,1400,1400,1970,0,1000.0,946.061365049753,15.824466000594839,2428.4914499994557,73185.0
1781109677,500,POST,SOAP/listar-playlists-musica,17.500000,0.000000,1400,1400,1400,1400,1400,1400,1400,1400,1400,1400,1400,1893,0,1000.0,956.7685369234141,49.660405999929935,1435.9123610001916,55937.0
1781109677,500,POST,SOAP/listar-playlists-usuario,17.700000,0.000000,1400,1400,1400,1400,1400,1400,1400,1400,1400,1400,1400,1942,0,1000.0,942.2606106436709,24.593740999989677,1427.9244319995996,55920.0
1781109677,500,POST,SOAP/listar-usuarios,18.300000,0.000000,1400,1400,1400,1400,1400,1400,93000,95000,96000,96000,96000,2020,0,1100.0,3217.230867722284,52.773242000512255,96035.44441600025,28012.0
1781109677,500,,Aggregated,106.700000,0.000000,1400,1400,1400,1400,1400,1400,1400,2700,95000,96000,96000,11737,0,1000.0,1347.5439929902996,14.130022000244935,96035.44441600025,54607.631166396866
1781109678,500,POST,SOAP/listar-musicas,18.000000,0.000000,1400,1400,1400,1400,1400,1500,2800,2800,2900,2900,2900,2012,0,1100.0,1004.4918543976254,14.130022000244935,2863.572483999633,71703.0
1781109678,500,POST,SOAP/listar-musicas-playlist,17.500000,0.000000,1400,1400,1400,1400,1400,1400,1500,1500,1500,1500,1500,1935,0,1000.0,952.600164381408,33.79329899962613,1456.5807850003694,43123.0
1781109678,500,POST,SOAP/listar-playlists,17.700000,0.000000,1400,1400,1400,1400,1400,1400,1500,1500,1500,1500,1500,1987,0,1000.0,950.2789522214456,15.824466000594839,2428.4914499994557,73185.0
1781109678,500,POST,SOAP/listar-playlists-musica,17.300000,0.000000,1400,1400,1400,1400,1400,1400,1400,1500,1500,1500,1500,1910,0,1000.0,961.0798800047231,49.660405999929935,1461.0144360003687,55937.0
1781109678,500,POST,SOAP/listar-playlists-usuario,17.800000,0.000000,1400,1400,1400,1400,1400,1400,1400,1500,1500,1500,1500,1961,0,1000.0,947.0242594441661,24.593740999989677,1453.7734479999926,55920.0
1781109678,500,POST,SOAP/listar-usuarios,18.100000,0.000000,1400,1400,1400,1400,1400,1500,94000,96000,97000,97000,97000,2039,0,1100.0,3247.75402942914,52.773242000512255,97492.13332399995,28012.0
1781109678,500,,Aggregated,106.400000,0.000000,1400,1400,1400,1400,1400,1400,1500,2800,96000,97000,97000,11844,0,1000.0,1356.5915920951668,14.130022000244935,97492.13332399995,54605.14133738602
1781109679,500,POST,SOAP/listar-musicas,18.100000,0.000000,1400,1400,1400,1400,1400,1500,2800,2800,2900,2900,2900,2029,0,1100.0,1008.1093438965108,14.130022000244935,2863.572483999633,71703.0
1781109679,500,POST,SOAP/listar-musicas-playlist,17.600000,0.000000,1400,1400,1400,1400,1400,1400,1500,1500,1500,1500,1500,1954,0,1000.0,957.2316814135233,33.79329899962613,1456.5807850003694,43123.0
1781109679,500,POST,SOAP/listar-playlists,17.800000,0.000000,1400,1400,1400,1400,1400,1400,1500,1500,1500,1500,1500,2005,0,1000.0,954.6006156124756,15.824466000594839,2428.4914499994557,73185.0
1781109679,500,POST,SOAP/listar-playlists-musica,17.400000,0.000000,1400,1400,1400,1400,1400,1400,1500,1500,1500,1500,1500,1928,0,1000.0,965.5046338060287,49.660405999929935,1461.0144360003687,55937.0
1781109679,500,POST,SOAP/listar-playlists-usuario,17.600000,0.000000,1400,1400,1400,1400,1400,1400,1400,1500,1500,1500,1500,1979,0,1000.0,951.3777690490186,24.593740999989677,1453.7734479999926,55920.0
1781109679,500,POST,SOAP/listar-usuarios,18.000000,0.000000,1400,1400,1400,1400,1400,1500,94000,96000,97000,97000,97000,2057,0,1100.0,3231.8435005974793,52.773242000512255,97492.13332399995,28012.0
1781109679,500,,Aggregated,106.500000,0.000000,1400,1400,1400,1400,1400,1400,1500,2800,96000,97000,97000,11952,0,1000.0,1357.2649278954277,14.130022000244935,97492.13332399995,54603.12533467202
1781109680,500,POST,SOAP/listar-musicas,17.700000,0.000000,1400,1400,1400,1400,1400,1500,2800,2900,2900,2900,2900,2048,0,1100.0,1012.8361815420022,14.130022000244935,2885.9062810006435,71703.0
1781109680,500,POST,SOAP/listar-musicas-playlist,17.600000,0.000000,1400,1400,1400,1400,1400,1400,1500,1500,1500,1500,1500,1973,0,1000.0,961.822653498744,33.79329899962613,1456.5807850003694,43123.0
1781109680,500,POST,SOAP/listar-playlists,18.100000,0.000000,1400,1400,1400,1400,1400,1400,1500,1500,1500,1500,1500,2022,0,1000.0,958.6329226320538,15.824466000594839,2428.4914499994557,73185.0
1781109680,500,POST,SOAP/listar-playlists-musica,17.500000,0.000000,1400,1400,1400,1400,1400,1400,1500,1500,1500,1500,1500,1945,0,1000.0,969.6473956133775,49.660405999929935,1461.0144360003687,55937.0
1781109680,500,POST,SOAP/listar-playlists-usuario,17.600000,0.000000,1400,1400,1400,1400,1400,1400,1400,1500,1500,1500,1500,1996,0,1000.0,955.4592193562161,24.593740999989677,1453.7734479999926,55920.0
1781109680,500,POST,SOAP/listar-usuarios,18.000000,0.000000,1400,1400,1400,1400,1400,1500,95000,97000,99000,99000,99000,2075,0,1100.0,3263.2247357735014,52.773242000512255,98906.10345599998,28012.0
1781109680,500,,Aggregated,106.500000,0.000000,1400,1400,1400,1400,1400,1400,1500,2800,97000,99000,99000,12059,0,1000.0,1366.1640664852923,14.130022000244935,98906.10345599998,54602.22058213782
1781109681,500,POST,SOAP/listar-musicas,17.800000,0.000000,1400,1400,1400,1400,1500,1500,2800,2900,2900,2900,2900,2066,0,1100.0,1017.4168406853922,14.130022000244935,2889.398895999875,71703.0
1781109681,500,POST,SOAP/listar-musicas-playlist,17.600000,0.000000,1400,1400,1400,1400,1400,1500,1500,1500,1500,1500,1500,1988,0,1000.0,965.516846524658,33.79329899962613,1466.3897789996554,43123.0
1781109681,500,POST,SOAP/listar-playlists,17.900000,0.000000,1400,1400,1400,1400,1500,1500,1500,1500,1500,1500,1500,2040,0,1000.0,962.9917578514754,15.824466000594839,2428.4914499994557,73185.0
1781109681,500,POST,SOAP/listar-playlists-musica,17.500000,0.000000,1400,1400,1400,1400,1500,1500,1500,1500,1500,1500,1500,1964,0,1000.0,974.3571091145722,49.660405999929935,1477.6453050008058,55937.0
1781109681,500,POST,SOAP/listar-playlists-usuario,17.800000,0.000000,1400,1400,1400,1400,1400,1400,1500,1500,1500,1500,1500,2014,0,1000.0,959.8504168997052,24.593740999989677,1475.13273200002,55920.0
1781109681,500,POST,SOAP/listar-usuarios,18.000000,0.000000,1400,1400,1400,1400,1500,1500,96000,99000,100000,100000,100000,2091,0,1100.0,3296.6521539445293,52.773242000512255,100366.04250500022,28012.0
1781109681,500,,Aggregated,106.600000,0.000000,1400,1400,1400,1400,1500,1500,1500,2800,99000,100000,100000,12163,0,1000.0,1375.154947430661,14.130022000244935,100366.04250500022,54609.928636027296
