Timestamp,User Count,Type,Name,Requests/s,Failures/s,50%,66%,75%,80%,90%,95%,98%,99%,99.9%,99.99%,100%,Total Request Count,Total Failure Count,Total Median Response Time,Total Average Response Time,Total Min Response Time,Total Max Response Time,Total Average Content Size
1780245753,0,,Aggregated,0.000000,0.000000,N/A,N/A,N/A,N/A,N/A,N/A,N/A,N/A,N/A,N/A,N/A,0,0,0,0.0,0,0,0
1780245754,10,POST,SOAP/listar-musicas,0.000000,0.000000,0,0,0,0,0,0,0,0,0,0,0,54,0,36,39.55655638891484,12.401186000261077,73.38661699986915,71703.0
1780245754,10,POST,SOAP/listar-musicas-playlist,0.000000,0.000000,0,0,0,0,0,0,0,0,0,0,0,50,0,29,30.11579145999349,7.848902999739948,61.11321299977135,753.0
1780245754,10,POST,SOAP/listar-playlists-musica,0.000000,0.000000,0,0,0,0,0,0,0,0,0,0,0,50,0,34,35.25605404000089,9.668512000189367,75.96554900010233,1263.0
1780245754,10,POST,SOAP/listar-playlists-usuario,0.000000,0.000000,0,0,0,0,0,0,0,0,0,0,0,51,0,22,26.761881960800228,5.303391999859741,103.8863339999807,1608.0
1780245754,10,POST,SOAP/listar-usuarios,0.000000,0.000000,0,0,0,0,0,0,0,0,0,0,0,56,0,34,50.406387446409035,7.03606699971715,250.51111599987053,28012.0
1780245754,10,,Aggregated,0.000000,0.000000,0,0,0,0,0,0,0,0,0,0,0,261,0,31,36.75195401149746,5.303391999859741,250.51111599987053,21545.754789272032
1780245755,20,POST,SOAP/listar-musicas,0.000000,0.000000,57,67,70,72,96,110,130,130,130,130,130,117,0,53,53.737261606834686,12.401186000261077,131.07946199988874,71703.0
1780245755,20,POST,SOAP/listar-musicas-playlist,0.000000,0.000000,48,56,58,61,71,80,99,110,110,110,110,109,0,38,41.85270159631803,7.848902999739948,105.32995499988829,753.0
1780245755,20,POST,SOAP/listar-playlists-musica,0.000000,0.000000,51,56,62,64,72,82,96,110,110,110,110,107,0,43,45.547140121504874,9.668512000189367,112.01274399991235,1263.0
1780245755,20,POST,SOAP/listar-playlists-usuario,0.000000,0.000000,44,51,54,59,62,72,110,110,110,110,110,111,0,36,38.28162004506216,5.303391999859741,112.9995000001145,1608.0
1780245755,20,POST,SOAP/listar-usuarios,0.000000,0.000000,55,64,71,75,110,300,470,540,540,540,540,122,0,48,71.68508937703247,7.03606699971715,538.150769999902,28012.0
1780245755,20,,Aggregated,0.000000,0.000000,51,58,63,67,78,100,160,340,540,540,540,566,0,43,50.73778940635902,5.303391999859741,538.150769999902,21559.04770318021
1780245756,30,POST,SOAP/listar-musicas,39.000000,0.000000,69,85,96,99,110,140,170,200,200,200,200,182,0,61,68.29528096153018,12.401186000261077,202.16187999994872,71703.0
1780245756,30,POST,SOAP/listar-musicas-playlist,36.000000,0.000000,60,69,75,80,96,100,110,110,110,110,110,173,0,54,54.102994826569486,7.848902999739948,114.5431599998119,753.0
1780245756,30,POST,SOAP/listar-playlists-musica,35.000000,0.000000,60,69,73,77,94,100,110,110,110,110,110,167,0,54,55.751024688613036,9.668512000189367,114.94526000024052,1263.0
1780245756,30,POST,SOAP/listar-playlists-usuario,38.000000,0.000000,55,65,74,80,93,100,110,120,130,130,130,179,0,50,51.89307154750315,5.303391999859741,133.7070429999585,1608.0
1780245756,30,POST,SOAP/listar-usuarios,41.000000,0.000000,65,80,93,100,200,440,670,780,870,870,870,190,0,61,95.57571098945645,7.03606699971715,871.1280439997608,28012.0
1780245756,30,,Aggregated,189.000000,0.000000,62,73,81,89,100,110,200,440,870,870,870,891,0,57,65.71069052524479,5.303391999859741,871.1280439997608,21325.755331088665
1780245757,40,POST,SOAP/listar-musicas,50.500000,0.000000,85,99,110,110,130,170,200,210,240,240,240,249,0,76,80.83454629720025,12.401186000261077,237.33049099973869,71703.0
1780245757,40,POST,SOAP/listar-musicas-playlist,46.000000,0.000000,73,86,95,100,110,110,130,130,170,170,170,237,0,62,66.59091355272663,7.848902999739948,172.7635460001693,753.0
1780245757,40,POST,SOAP/listar-playlists-musica,45.000000,0.000000,73,85,96,100,110,120,140,140,140,140,140,231,0,66,68.11270051947527,9.668512000189367,144.9039960002665,1263.0
1780245757,40,POST,SOAP/listar-playlists-usuario,48.500000,0.000000,72,84,93,98,110,120,130,140,190,190,190,244,0,62,64.3946214631256,5.303391999859741,186.26974900007554,1608.0
1780245757,40,POST,SOAP/listar-usuarios,53.000000,0.000000,82,99,110,110,210,480,720,830,950,950,950,259,0,76,111.51503312740472,7.03606699971715,949.7794700000668,28012.0
1780245757,40,,Aggregated,243.000000,0.000000,76,91,100,100,120,140,260,480,870,950,950,1220,0,70,78.88406850573621,5.303391999859741,949.7794700000668,21288.295901639343
1780245758,50,POST,SOAP/listar-musicas,55.000000,0.000000,98,110,120,140,160,180,240,270,320,320,320,313,0,91,94.34049016613898,12.401186000261077,317.02453400021113,71703.0
1780245758,50,POST,SOAP/listar-musicas-playlist,51.000000,0.000000,85,100,110,110,130,150,160,170,170,170,170,293,0,77,78.40156637882839,7.848902999739948,172.7635460001693,753.0
1780245758,50,POST,SOAP/listar-playlists-musica,50.000000,0.000000,85,100,110,110,140,160,160,160,170,170,170,287,0,75,80.30791291288969,9.668512000189367,172.55273300042973,1263.0
1780245758,50,POST,SOAP/listar-playlists-usuario,52.666667,0.000000,84,100,110,110,140,150,160,180,230,230,230,306,0,75,77.3501460751718,5.303391999859741,234.1553220003334,1608.0
1780245758,50,POST,SOAP/listar-usuarios,58.000000,0.000000,96,110,120,140,210,540,830,990,1200,1200,1200,324,0,89,129.98486375617048,7.03606699971715,1197.960213999977,28012.0
1780245758,50,,Aggregated,266.666667,0.000000,90,110,110,120,150,160,300,550,1000,1200,1200,1523,0,81,92.79897828824633,5.303391999859741,1197.960213999977,21401.23768877216
1780245759,50,POST,SOAP/listar-musicas,58.000000,0.000000,110,130,150,150,180,210,280,310,340,340,340,379,0,100.0,107.23689995515478,12.401186000261077,336.2386480002897,71703.0
1780245759,50,POST,SOAP/listar-musicas-playlist,53.750000,0.000000,100,120,130,140,160,160,180,190,190,190,190,359,0,92,91.4259649275664,7.848902999739948,193.45239700032835,753.0
1780245759,50,POST,SOAP/listar-playlists-musica,52.750000,0.000000,100,120,130,140,160,170,190,190,190,190,190,349,0,91,92.89954454727929,9.668512000189367,193.42683100012437,1263.0
1780245759,50,POST,SOAP/listar-playlists-usuario,56.250000,0.000000,97,110,130,140,150,170,180,190,230,230,230,368,0,89,88.83872747554857,5.303391999859741,234.1553220003334,1608.0
1780245759,50,POST,SOAP/listar-usuarios,60.000000,0.000000,110,130,150,150,200,570,1000,1300,1700,1700,1700,386,0,100.0,149.60977025647347,7.03606699971715,1740.9207779996905,28012.0
1780245759,50,,Aggregated,280.750000,0.000000,100,120,140,150,160,190,300,610,1600,1700,1700,1841,0,96,106.6424066099951,5.303391999859741,1740.9207779996905,21342.16567083107
1780245760,50,POST,SOAP/listar-musicas,59.200000,0.000000,120,140,150,160,180,210,280,300,340,340,340,445,0,110.0,115.11573064944042,12.401186000261077,336.2386480002897,71703.0
1780245760,50,POST,SOAP/listar-musicas-playlist,56.200000,0.000000,110,130,140,150,160,180,190,190,290,290,290,424,0,100.0,100.18057757781659,7.848902999739948,293.0620970000746,753.0
1780245760,50,POST,SOAP/listar-playlists-musica,54.600000,0.000000,110,130,140,150,160,180,190,190,280,280,280,414,0,100,101.73038053623523,9.668512000189367,282.9477640002551,1263.0
1780245760,50,POST,SOAP/listar-playlists-usuario,57.600000,0.000000,100,120,140,140,160,170,180,190,300,300,300,430,0,100.0,96.47839236744468,5.303391999859741,302.3680040000727,1608.0
1780245760,50,POST,SOAP/listar-usuarios,61.600000,0.000000,120,130,150,160,190,510,950,1200,1700,1700,1700,456,0,110.0,149.14941739692918,7.03606699971715,1740.9207779996905,28012.0
1780245760,50,,Aggregated,289.200000,0.000000,110,130,140,150,170,190,290,540,1600,1700,1700,2169,0,110.0,113.10156091516727,5.303391999859741,1740.9207779996905,21307.008298755187
1780245761,50,POST,SOAP/listar-musicas,59.833333,0.000000,130,140,160,160,180,200,280,300,340,340,340,510,0,120.0,119.80948179803892,12.401186000261077,336.2386480002897,71703.0
1780245761,50,POST,SOAP/listar-musicas-playlist,56.166667,0.000000,120,130,140,150,170,180,200,270,300,300,300,493,0,110.0,106.9636486490726,7.848902999739948,295.32608699992124,753.0
1780245761,50,POST,SOAP/listar-playlists-musica,55.166667,0.000000,120,140,140,150,170,190,200,260,290,290,290,480,0,110.0,108.95414031042205,9.668512000189367,288.36846000012883,1263.0
1780245761,50,POST,SOAP/listar-playlists-usuario,58.333333,0.000000,110,130,140,150,170,180,190,280,320,320,320,503,0,110.0,104.71975940159099,5.303391999859741,323.5234409999066,1608.0
1780245761,50,POST,SOAP/listar-usuarios,61.666667,0.000000,120,140,150,160,190,440,870,1200,1700,1700,1700,524,0,120.0,149.43655167366492,7.03606699971715,1740.9207779996905,28012.0
1780245761,50,,Aggregated,291.166667,0.000000,120,140,150,150,170,190,290,440,1400,1700,1700,2510,0,120.0,118.37159119760787,5.303391999859741,1740.9207779996905,21128.729482071714
1780245762,50,POST,SOAP/listar-musicas,60.714286,0.000000,130,150,160,160,180,210,290,300,340,340,340,577,0,130.0,124.3502957885637,12.401186000261077,336.2386480002897,71703.0
1780245762,50,POST,SOAP/listar-musicas-playlist,58.142857,0.000000,120,140,140,150,170,180,200,280,300,300,300,560,0,120.0,112.04466676963091,7.848902999739948,303.5650130000249,753.0
1780245762,50,POST,SOAP/listar-playlists-musica,56.571429,0.000000,130,140,150,150,170,190,250,280,310,310,310,550,0,120.0,114.93249114546249,9.668512000189367,308.17052399970635,1263.0
1780245762,50,POST,SOAP/listar-playlists-usuario,59.285714,0.000000,120,130,140,150,160,180,230,280,320,320,320,568,0,120.0,108.99997313380322,5.303391999859741,323.5234409999066,1608.0
1780245762,50,POST,SOAP/listar-usuarios,61.714286,0.000000,130,140,150,160,180,360,830,1100,1700,1700,1700,591,0,130.0,149.19195459052182,7.03606699971715,1740.9207779996905,28012.0
1780245762,50,,Aggregated,296.428571,0.000000,130,140,150,160,170,190,290,390,1400,1700,1700,2846,0,120.0,122.20394732747627,5.303391999859741,1740.9207779996905,21067.251229796206
1780245763,50,POST,SOAP/listar-musicas,61.250000,0.000000,140,150,160,170,190,210,280,300,340,340,340,645,0,130.0,128.50495247286824,12.401186000261077,344.55947200012815,71703.0
1780245763,50,POST,SOAP/listar-musicas-playlist,59.000000,0.000000,130,140,150,150,170,190,260,290,310,310,310,618,0,120.0,115.92686726536398,7.848902999739948,305.71648100021775,753.0
1780245763,50,POST,SOAP/listar-playlists-musica,57.750000,0.000000,130,140,150,160,180,190,260,280,310,310,310,612,0,130.0,119.19043313725773,9.668512000189367,308.17052399970635,1263.0
1780245763,50,POST,SOAP/listar-playlists-usuario,59.875000,0.000000,120,140,150,150,170,180,260,300,320,320,320,630,0,120.0,113.908603836509,5.303391999859741,323.5234409999066,1608.0
1780245763,50,POST,SOAP/listar-usuarios,62.750000,0.000000,130,140,150,160,190,310,780,1000,1700,1700,1700,653,0,130.0,149.54140071669366,7.03606699971715,1740.9207779996905,28012.0
1780245763,50,,Aggregated,300.625000,0.000000,130,140,150,160,180,200,290,340,1400,1700,1700,3158,0,130.0,125.67637697276687,5.303391999859741,1740.9207779996905,21149.974984167195
1780245764,50,POST,SOAP/listar-musicas,61.777778,0.000000,140,160,170,170,190,220,290,310,340,340,340,709,0,140.0,130.89463218617888,12.401186000261077,344.55947200012815,71703.0
1780245764,50,POST,SOAP/listar-musicas-playlist,59.888889,0.000000,130,140,150,160,180,190,270,290,340,340,340,691,0,130.0,119.58295852242416,7.848902999739948,341.9491630002085,753.0
1780245764,50,POST,SOAP/listar-playlists-musica,58.333333,0.000000,130,150,160,160,180,190,260,290,310,310,310,679,0,130.0,122.77166886009239,9.668512000189367,310.7948040001247,1263.0
1780245764,50,POST,SOAP/listar-playlists-usuario,61.000000,0.000000,130,140,150,160,170,190,270,300,320,320,320,699,0,120.0,117.16481714592096,5.303391999859741,323.5234409999066,1608.0
1780245764,50,POST,SOAP/listar-usuarios,63.000000,0.000000,130,150,160,160,190,300,780,1000,1700,1700,1700,719,0,130.0,149.73580784422592,7.03606699971715,1740.9207779996905,28012.0
1780245764,50,,Aggregated,304.000000,0.000000,130,150,160,160,180,200,290,320,1300,1700,1700,3497,0,130.0,128.21170567343307,5.303391999859741,1740.9207779996905,21012.281098084073
1780245765,50,POST,SOAP/listar-musicas,62.100000,0.000000,140,160,170,170,190,230,300,310,340,340,340,776,0,140.0,132.99814274355768,12.401186000261077,344.55947200012815,71703.0
1780245765,50,POST,SOAP/listar-musicas-playlist,60.400000,0.000000,140,150,150,160,180,190,270,290,340,340,340,756,0,130.0,122.15635978041588,7.848902999739948,341.9491630002085,753.0
1780245765,50,POST,SOAP/listar-playlists-musica,59.700000,0.000000,140,150,160,170,180,200,270,290,310,310,310,745,0,130.0,125.53803253020601,9.668512000189367,310.7948040001247,1263.0
1780245765,50,POST,SOAP/listar-playlists-usuario,61.400000,0.000000,130,150,160,160,180,190,280,300,320,320,320,764,0,130.0,119.58249472251181,5.303391999859741,323.5234409999066,1608.0
1780245765,50,POST,SOAP/listar-usuarios,63.300000,0.000000,140,150,160,170,190,290,780,1000,1700,1700,1700,788,0,130.0,149.7759419543137,7.03606699971715,1740.9207779996905,28012.0
1780245765,50,,Aggregated,306.900000,0.000000,140,150,160,170,180,200,290,310,1300,1700,1700,3829,0,130.0,130.18204994149818,5.303391999859741,1740.9207779996905,21011.673805171064
1780245766,50,POST,SOAP/listar-musicas,64.700000,0.000000,150,160,170,180,190,240,300,310,340,340,340,843,0,140.0,135.25021196204116,12.401186000261077,344.55947200012815,71703.0
1780245766,50,POST,SOAP/listar-musicas-playlist,63.100000,0.000000,140,150,160,160,180,190,270,290,340,340,340,823,0,130.0,124.19725432441439,7.848902999739948,341.9491630002085,753.0
1780245766,50,POST,SOAP/listar-playlists-musica,62.100000,0.000000,140,150,160,170,190,200,270,290,310,310,310,812,0,130.0,127.8817021551812,9.668512000189367,310.7948040001247,1263.0
1780245766,50,POST,SOAP/listar-playlists-usuario,63.500000,0.000000,140,150,160,170,180,190,290,300,320,320,320,838,0,130.0,122.39605038305575,5.303391999859741,323.5234409999066,1608.0
1780245766,50,POST,SOAP/listar-usuarios,65.300000,0.000000,140,150,160,170,180,270,550,1000,1700,1700,1700,854,0,130.0,149.91565020491964,7.03606699971715,1740.9207779996905,28012.0
1780245766,50,,Aggregated,318.700000,0.000000,140,150,160,170,180,200,290,310,1300,1700,1700,4170,0,130.0,132.05421262326226,5.303391999859741,1740.9207779996905,20949.797601918464
1780245767,50,POST,SOAP/listar-musicas,65.000000,0.000000,150,160,170,180,190,270,300,310,340,340,340,909,0,140.0,136.16655777997963,12.401186000261077,344.55947200012815,71703.0
1780245767,50,POST,SOAP/listar-musicas-playlist,64.000000,0.000000,140,150,160,170,180,190,280,300,340,340,340,892,0,130.0,126.00654425447361,7.848902999739948,341.9491630002085,753.0
1780245767,50,POST,SOAP/listar-playlists-musica,62.900000,0.000000,140,160,170,170,190,220,280,290,310,310,310,883,0,130.0,129.74007841903241,9.668512000189367,310.7948040001247,1263.0
1780245767,50,POST,SOAP/listar-playlists-usuario,64.500000,0.000000,140,150,160,170,180,210,290,300,320,320,320,902,0,130.0,123.85364822505603,5.303391999859741,323.5234409999066,1608.0
1780245767,50,POST,SOAP/listar-usuarios,65.400000,0.000000,140,150,160,170,180,220,300,830,1700,1700,1700,921,0,130.0,149.45439128882197,7.03606699971715,1740.9207779996905,28012.0
1780245767,50,,Aggregated,321.800000,0.000000,140,160,160,170,180,210,290,310,1300,1700,1700,4507,0,130.0,133.14781735456037,5.303391999859741,1740.9207779996905,20904.015975149767
1780245768,50,POST,SOAP/listar-musicas,65.100000,0.000000,150,160,170,180,190,210,300,310,340,340,340,976,0,140.0,137.91690003790885,12.401186000261077,344.55947200012815,71703.0
1780245768,50,POST,SOAP/listar-musicas-playlist,64.600000,0.000000,140,150,160,170,180,200,280,300,340,340,340,954,0,130.0,127.77146419286079,7.848902999739948,341.9491630002085,753.0
1780245768,50,POST,SOAP/listar-playlists-musica,63.900000,0.000000,140,150,170,170,190,240,280,290,310,310,310,944,0,140.0,131.310997011657,9.668512000189367,310.7948040001247,1263.0
1780245768,50,POST,SOAP/listar-playlists-usuario,65.000000,0.000000,140,150,160,170,180,240,290,300,320,320,320,963,0,130.0,125.58431440913927,5.303391999859741,323.5234409999066,1608.0
1780245768,50,POST,SOAP/listar-usuarios,65.600000,0.000000,140,150,160,170,180,220,290,310,1700,1700,1700,986,0,130.0,150.3767644787085,7.03606699971715,1740.9207779996905,28012.0
1780245768,50,,Aggregated,324.200000,0.000000,140,150,170,170,180,210,290,310,340,1700,1700,4823,0,130.0,134.7019774016173,5.303391999859741,1740.9207779996905,20953.99087704748
1780245769,50,POST,SOAP/listar-musicas,65.200000,0.000000,150,160,170,180,190,210,300,310,340,340,340,1041,0,140.0,139.31235865129602,12.401186000261077,344.55947200012815,71703.0
1780245769,50,POST,SOAP/listar-musicas-playlist,64.500000,0.000000,140,150,160,170,180,200,280,300,340,340,340,1023,0,130.0,129.29206429226574,7.848902999739948,341.9491630002085,753.0
1780245769,50,POST,SOAP/listar-playlists-musica,64.100000,0.000000,140,150,170,170,190,240,290,300,320,320,320,1007,0,140.0,132.96238828500867,9.668512000189367,316.6032939998331,1263.0
1780245769,50,POST,SOAP/listar-playlists-usuario,64.700000,0.000000,140,150,160,170,180,260,290,310,330,330,330,1032,0,130.0,127.33810498643793,5.303391999859741,325.95843700028126,1608.0
1780245769,50,POST,SOAP/listar-usuarios,65.000000,0.000000,140,150,160,170,190,220,290,310,330,330,330,1050,0,140.0,150.56484332571884,7.03606699971715,1740.9207779996905,28012.0
1780245769,50,,Aggregated,323.500000,0.000000,140,150,170,170,190,210,290,310,330,340,340,5153,0,130.0,135.97692256316685,5.303391999859741,1740.9207779996905,20911.515427906073
1780245770,50,POST,SOAP/listar-musicas,65.300000,0.000000,150,160,170,180,190,210,300,310,340,340,340,1107,0,140.0,140.21106234507704,12.401186000261077,344.55947200012815,71703.0
1780245770,50,POST,SOAP/listar-musicas-playlist,65.000000,0.000000,140,150,160,170,180,190,280,300,340,340,340,1087,0,130.0,130.18090483623578,7.848902999739948,341.9491630002085,753.0
1780245770,50,POST,SOAP/listar-playlists-musica,64.800000,0.000000,140,150,170,170,190,240,290,310,320,320,320,1079,0,140.0,134.15251145227418,9.668512000189367,316.6032939998331,1263.0
1780245770,50,POST,SOAP/listar-playlists-usuario,65.300000,0.000000,140,150,160,170,180,250,290,300,330,330,330,1098,0,130.0,128.44020452823827,5.303391999859741,325.95843700028126,1608.0
1780245770,50,POST,SOAP/listar-usuarios,64.900000,0.000000,140,150,160,170,180,220,290,310,330,330,330,1120,0,140.0,150.43842135357468,7.03606699971715,1740.9207779996905,28012.0
1780245770,50,,Aggregated,325.300000,0.000000,140,150,170,170,180,210,290,310,330,340,340,5491,0,140.0,136.76729665234032,5.303391999859741,1740.9207779996905,20887.913494809687
1780245771,50,POST,SOAP/listar-musicas,65.400000,0.000000,150,170,170,180,190,210,300,310,340,340,340,1175,0,140.0,141.2004888944697,12.401186000261077,344.55947200012815,71703.0
1780245771,50,POST,SOAP/listar-musicas-playlist,65.700000,0.000000,140,150,160,170,180,190,280,310,340,340,340,1150,0,130.0,131.64204211477374,7.848902999739948,341.9491630002085,753.0
1780245771,50,POST,SOAP/listar-playlists-musica,65.400000,0.000000,140,150,170,170,190,220,280,300,320,320,320,1143,0,140.0,135.23345010061536,9.668512000189367,316.6032939998331,1263.0
1780245771,50,POST,SOAP/listar-playlists-usuario,65.200000,0.000000,140,150,160,170,180,250,300,300,330,330,330,1164,0,130.0,129.8644840549877,5.303391999859741,325.95843700028126,1608.0
1780245771,50,POST,SOAP/listar-usuarios,65.600000,0.000000,140,150,160,170,190,210,280,310,330,330,330,1185,0,140.0,150.55843857721806,7.03606699971715,1740.9207779996905,28012.0
1780245771,50,,Aggregated,327.300000,0.000000,140,150,170,170,180,210,290,310,330,340,340,5817,0,140.0,137.77630488258603,5.303391999859741,1740.9207779996905,20908.804538421868
1780245772,50,POST,SOAP/listar-musicas,65.400000,0.000000,150,160,170,180,190,210,300,310,360,360,360,1242,0,140.0,141.92872347665414,12.401186000261077,355.0303030001487,71703.0
1780245772,50,POST,SOAP/listar-musicas-playlist,65.000000,0.000000,140,150,160,170,180,190,270,300,340,340,340,1223,0,130.0,132.45785399917457,7.848902999739948,341.9491630002085,753.0
1780245772,50,POST,SOAP/listar-playlists-musica,65.300000,0.000000,140,150,170,170,190,220,280,300,320,320,320,1212,0,140.0,135.98813006765997,9.668512000189367,316.6032939998331,1263.0
1780245772,50,POST,SOAP/listar-playlists-usuario,65.600000,0.000000,140,150,160,170,180,240,290,300,330,330,330,1233,0,130.0,130.54006248175895,5.303391999859741,325.95843700028126,1608.0
1780245772,50,POST,SOAP/listar-usuarios,65.700000,0.000000,140,150,160,170,190,220,280,310,330,330,330,1251,0,140.0,150.36153826539024,7.03606699971715,1740.9207779996905,28012.0
1780245772,50,,Aggregated,327.000000,0.000000,140,150,170,170,180,210,290,310,330,360,360,6161,0,140.0,138.31313505129188,5.303391999859741,1740.9207779996905,20862.2751176757
1780245773,50,POST,SOAP/listar-musicas,65.500000,0.000000,150,160,170,170,180,200,300,310,360,360,360,1309,0,140.0,142.74502135829172,12.401186000261077,355.0303030001487,71703.0
1780245773,50,POST,SOAP/listar-musicas-playlist,65.800000,0.000000,140,150,160,170,180,190,270,300,330,330,330,1287,0,140.0,133.48343928670627,7.848902999739948,341.9491630002085,753.0
1780245773,50,POST,SOAP/listar-playlists-musica,65.900000,0.000000,140,150,160,170,190,210,280,300,320,320,320,1277,0,140.0,136.90997081519632,9.668512000189367,316.6032939998331,1263.0
1780245773,50,POST,SOAP/listar-playlists-usuario,66.000000,0.000000,140,150,160,170,180,250,290,300,330,330,330,1296,0,130.0,131.50016502855667,5.303391999859741,325.95843700028126,1608.0
1780245773,50,POST,SOAP/listar-usuarios,65.200000,0.000000,140,150,160,170,180,250,280,310,330,330,330,1317,0,140.0,150.42278362414945,7.03606699971715,1740.9207779996905,28012.0
1780245773,50,,Aggregated,328.400000,0.000000,140,150,160,170,180,200,290,310,330,360,360,6486,0,140.0,139.0705322172393,5.303391999859741,1740.9207779996905,20878.347363552268
1780245774,50,POST,SOAP/listar-musicas,65.600000,0.000000,150,160,170,170,190,200,300,310,360,360,360,1375,0,140.0,143.21475418473017,12.401186000261077,355.0303030001487,71703.0
1780245774,50,POST,SOAP/listar-musicas-playlist,65.400000,0.000000,140,150,160,170,180,200,280,300,330,330,330,1359,0,140.0,134.06965619498834,7.848902999739948,341.9491630002085,753.0
1780245774,50,POST,SOAP/listar-playlists-musica,65.900000,0.000000,140,150,160,170,190,200,280,290,320,320,320,1344,0,140.0,137.23899517411178,9.668512000189367,316.6032939998331,1263.0
1780245774,50,POST,SOAP/listar-playlists-usuario,65.100000,0.000000,140,150,160,170,180,250,290,300,330,330,330,1368,0,130.0,132.2132051886042,5.303391999859741,325.95843700028126,1608.0
1780245774,50,POST,SOAP/listar-usuarios,65.500000,0.000000,140,150,160,170,180,250,280,300,330,330,330,1385,0,140.0,150.24837188953455,7.03606699971715,1740.9207779996905,28012.0
1780245774,50,,Aggregated,327.500000,0.000000,140,150,160,170,180,200,290,300,330,360,360,6831,0,140.0,139.44251486634667,5.303391999859741,1740.9207779996905,20832.78992826819
1780245775,50,POST,SOAP/listar-musicas,65.600000,0.000000,150,160,170,180,190,210,290,310,360,360,360,1440,0,140.0,143.8398484819478,12.401186000261077,355.0303030001487,71703.0
1780245775,50,POST,SOAP/listar-musicas-playlist,65.600000,0.000000,140,150,160,170,180,190,280,300,330,330,330,1422,0,140.0,134.47575012727674,7.848902999739948,341.9491630002085,753.0
1780245775,50,POST,SOAP/listar-playlists-musica,65.000000,0.000000,140,150,160,170,190,200,280,290,320,320,320,1414,0,140.0,137.86745213366854,9.668512000189367,316.6032939998331,1263.0
1780245775,50,POST,SOAP/listar-playlists-usuario,65.400000,0.000000,140,150,160,170,180,250,290,300,330,330,330,1431,0,130.0,132.82100159120253,5.303391999859741,325.95843700028126,1608.0
1780245775,50,POST,SOAP/listar-usuarios,65.600000,0.000000,140,150,160,170,180,210,280,310,330,330,330,1456,0,140.0,150.1300456682732,7.03606699971715,1740.9207779996905,28012.0
1780245775,50,,Aggregated,327.200000,0.000000,140,150,160,170,180,200,290,300,330,360,360,7163,0,140.0,139.87919525087474,5.303391999859741,1740.9207779996905,20828.63157894737
1780245776,50,POST,SOAP/listar-musicas,65.800000,0.000000,150,160,170,180,190,210,300,320,360,360,360,1508,0,140.0,144.86368083620906,12.401186000261077,355.0303030001487,71703.0
1780245776,50,POST,SOAP/listar-musicas-playlist,65.800000,0.000000,140,150,160,170,180,200,280,310,330,330,330,1485,0,140.0,135.29207589830705,7.848902999739948,341.9491630002085,753.0
1780245776,50,POST,SOAP/listar-playlists-musica,65.900000,0.000000,140,150,160,170,190,200,270,280,320,320,320,1477,0,140.0,138.5656774109735,9.668512000189367,316.6032939998331,1263.0
1780245776,50,POST,SOAP/listar-playlists-usuario,66.100000,0.000000,140,150,160,170,180,200,290,300,330,330,330,1499,0,130.0,133.5329380060115,5.303391999859741,325.95843700028126,1608.0
1780245776,50,POST,SOAP/listar-usuarios,66.300000,0.000000,140,150,160,170,190,250,300,310,330,330,330,1519,0,140.0,150.2987398235714,7.03606699971715,1740.9207779996905,28012.0
1780245776,50,,Aggregated,329.900000,0.000000,140,150,160,170,190,210,290,310,330,360,360,7488,0,140.0,140.55746912513533,5.303391999859741,1740.9207779996905,20843.002136752137
1780245777,50,POST,SOAP/listar-musicas,66.000000,0.000000,150,160,170,180,190,230,300,320,360,360,360,1575,0,140.0,145.46535099555842,12.401186000261077,355.0303030001487,71703.0
1780245777,50,POST,SOAP/listar-musicas-playlist,65.400000,0.000000,140,150,160,170,180,200,280,310,330,330,330,1558,0,140.0,135.70795921886037,7.848902999739948,341.9491630002085,753.0
1780245777,50,POST,SOAP/listar-playlists-musica,66.000000,0.000000,140,150,160,170,190,200,270,290,320,320,320,1548,0,140.0,139.05432676292668,9.668512000189367,316.6032939998331,1263.0
1780245777,50,POST,SOAP/listar-playlists-usuario,65.800000,0.000000,140,150,160,170,180,200,290,300,330,330,330,1568,0,130.0,134.0584103641652,5.303391999859741,325.95843700028126,1608.0
1780245777,50,POST,SOAP/listar-usuarios,65.800000,0.000000,140,150,160,170,180,200,290,310,330,330,330,1584,0,140.0,150.07090199432153,7.03606699971715,1740.9207779996905,28012.0
1780245777,50,,Aggregated,329.000000,0.000000,140,150,160,170,190,200,290,310,330,360,360,7833,0,140.0,140.90551797778863,5.303391999859741,1740.9207779996905,20803.379931060896
1780245778,50,POST,SOAP/listar-musicas,66.100000,0.000000,150,160,170,180,190,240,300,310,360,360,360,1642,0,140.0,145.96921834835734,12.401186000261077,355.0303030001487,71703.0
1780245778,50,POST,SOAP/listar-musicas-playlist,66.000000,0.000000,140,150,160,170,180,200,290,310,330,330,330,1622,0,140.0,136.19390068802966,7.848902999739948,341.9491630002085,753.0
1780245778,50,POST,SOAP/listar-playlists-musica,65.800000,0.000000,140,150,160,170,190,200,270,290,310,310,310,1612,0,140.0,139.6441656290382,9.668512000189367,316.6032939998331,1263.0
1780245778,50,POST,SOAP/listar-playlists-usuario,65.900000,0.000000,140,150,160,170,180,200,290,300,330,330,330,1628,0,130.0,134.33598848465152,5.303391999859741,325.95843700028126,1608.0
1780245778,50,POST,SOAP/listar-usuarios,65.300000,0.000000,140,150,160,170,180,200,300,310,330,330,330,1652,0,140.0,150.03522607082706,7.03606699971715,1740.9207779996905,28012.0
1780245778,50,,Aggregated,329.100000,0.000000,140,150,160,170,190,200,290,310,330,360,360,8156,0,140.0,141.27654992153253,5.303391999859741,1740.9207779996905,20829.73222167729
1780245779,50,POST,SOAP/listar-musicas,65.700000,0.000000,150,160,170,180,190,240,300,310,360,360,360,1707,0,140.0,146.29984913474308,12.401186000261077,355.0303030001487,71703.0
1780245779,50,POST,SOAP/listar-musicas-playlist,66.200000,0.000000,140,150,160,170,180,200,290,300,320,320,320,1690,0,140.0,136.7038967467373,7.848902999739948,341.9491630002085,753.0
1780245779,50,POST,SOAP/listar-playlists-musica,66.000000,0.000000,140,150,160,170,190,200,270,290,300,300,300,1677,0,140.0,140.11860765712993,9.668512000189367,316.6032939998331,1263.0
1780245779,50,POST,SOAP/listar-playlists-usuario,65.700000,0.000000,140,150,160,170,180,200,290,300,310,310,310,1697,0,130.0,135.0600403895198,5.303391999859741,325.95843700028126,1608.0
1780245779,50,POST,SOAP/listar-usuarios,66.400000,0.000000,140,150,160,170,180,200,290,310,330,330,330,1719,0,140.0,149.94806425480286,7.03606699971715,1740.9207779996905,28012.0
1780245779,50,,Aggregated,330.000000,0.000000,140,150,160,170,180,200,290,300,330,360,360,8490,0,140.0,141.6607707904621,5.303391999859741,1740.9207779996905,20809.074911660777
1780245780,50,POST,SOAP/listar-musicas,65.900000,0.000000,150,160,170,180,190,240,300,320,360,360,360,1771,0,140.0,146.70868149068593,12.401186000261077,355.0303030001487,71703.0
1780245780,50,POST,SOAP/listar-musicas-playlist,65.900000,0.000000,140,150,160,170,180,200,290,300,320,320,320,1757,0,140.0,137.27450552076667,7.848902999739948,341.9491630002085,753.0
1780245780,50,POST,SOAP/listar-playlists-musica,65.500000,0.000000,140,150,170,170,190,210,270,290,300,300,300,1749,0,140.0,140.60941813493926,9.668512000189367,316.6032939998331,1263.0
1780245780,50,POST,SOAP/listar-playlists-usuario,65.900000,0.000000,140,150,160,170,180,200,290,300,310,310,310,1764,0,130.0,135.51832128288825,5.303391999859741,325.95843700028126,1608.0
1780245780,50,POST,SOAP/listar-usuarios,66.200000,0.000000,140,150,160,170,180,200,290,310,330,330,330,1786,0,140.0,149.73297442273585,7.03606699971715,1740.9207779996905,28012.0
1780245780,50,,Aggregated,329.400000,0.000000,140,150,160,170,180,210,290,300,330,360,360,8827,0,140.0,141.997922793704,5.303391999859741,1740.9207779996905,20775.344397870173
1780245781,50,POST,SOAP/listar-musicas,66.200000,0.000000,150,160,170,180,190,260,300,310,350,350,350,1840,0,150.0,147.38938730435007,12.401186000261077,355.0303030001487,71703.0
1780245781,50,POST,SOAP/listar-musicas-playlist,66.200000,0.000000,140,150,160,170,180,190,290,300,320,320,320,1819,0,140.0,137.7560260879525,7.848902999739948,341.9491630002085,753.0
1780245781,50,POST,SOAP/listar-playlists-musica,66.200000,0.000000,140,150,170,170,190,190,280,290,310,310,310,1812,0,140.0,141.00938730408893,9.668512000189367,316.6032939998331,1263.0
1780245781,50,POST,SOAP/listar-playlists-usuario,66.700000,0.000000,140,150,160,170,180,190,290,300,310,310,310,1831,0,130.0,136.08935844675906,5.303391999859741,325.95843700028126,1608.0
1780245781,50,POST,SOAP/listar-usuarios,66.100000,0.000000,140,150,160,170,180,190,290,310,330,330,330,1853,0,140.0,150.01767716460188,7.03606699971715,1740.9207779996905,28012.0
1780245781,50,,Aggregated,331.400000,0.000000,140,160,170,170,180,200,290,300,330,350,350,9155,0,140.0,142.4845510640116,5.303391999859741,1740.9207779996905,20801.995303113054
1780245782,50,POST,SOAP/listar-musicas,66.000000,0.000000,150,170,170,180,190,250,300,320,350,350,350,1909,0,150.0,147.73831358407784,12.401186000261077,355.0303030001487,71703.0
1780245782,50,POST,SOAP/listar-musicas-playlist,66.000000,0.000000,140,150,160,170,180,190,290,310,320,320,320,1888,0,140.0,138.07356038770433,7.848902999739948,341.9491630002085,753.0
1780245782,50,POST,SOAP/listar-playlists-musica,65.800000,0.000000,140,150,170,170,190,190,280,290,310,310,310,1879,0,140.0,141.22296249441672,9.668512000189367,316.6032939998331,1263.0
1780245782,50,POST,SOAP/listar-playlists-usuario,65.600000,0.000000,140,150,160,170,180,190,290,300,330,330,330,1900,0,130.0,136.45870836211353,5.303391999859741,325.95843700028126,1608.0
1780245782,50,POST,SOAP/listar-usuarios,65.800000,0.000000,140,150,160,170,180,190,290,310,330,330,330,1915,0,140.0,149.96906869869952,7.03606699971715,1740.9207779996905,28012.0
1780245782,50,,Aggregated,329.200000,0.000000,140,160,170,170,180,200,290,310,330,350,350,9491,0,140.0,142.71789923264475,5.303391999859741,1740.9207779996905,20795.916973975345
1780245783,50,POST,SOAP/listar-musicas,66.100000,0.000000,150,170,170,180,190,240,300,320,350,350,350,1975,0,150.0,147.98989466936936,12.401186000261077,355.0303030001487,71703.0
1780245783,50,POST,SOAP/listar-musicas-playlist,65.500000,0.000000,140,150,160,170,180,190,290,310,320,320,320,1955,0,140.0,138.3568992127798,7.848902999739948,341.9491630002085,753.0
1780245783,50,POST,SOAP/listar-playlists-musica,65.000000,0.000000,140,150,170,170,190,200,290,300,310,310,310,1943,0,140.0,141.47685372723114,9.668512000189367,316.6032939998331,1263.0
1780245783,50,POST,SOAP/listar-playlists-usuario,65.700000,0.000000,140,160,160,170,180,190,290,300,330,330,330,1962,0,130.0,136.83643365036488,5.303391999859741,329.3226920000052,1608.0
1780245783,50,POST,SOAP/listar-usuarios,65.900000,0.000000,140,150,160,170,190,200,290,310,330,330,330,1984,0,140.0,149.83466373286777,7.03606699971715,1740.9207779996905,28012.0
1780245783,50,,Aggregated,328.200000,0.000000,140,160,170,170,180,200,290,300,330,350,350,9819,0,140.0,142.92721890141868,5.303391999859741,1740.9207779996905,20803.56991547001
1780245784,50,POST,SOAP/listar-musicas,65.900000,0.000000,150,170,170,180,190,240,300,320,350,350,350,2040,0,150.0,148.46567146667002,12.401186000261077,355.0303030001487,71703.0
1780245784,50,POST,SOAP/listar-musicas-playlist,66.100000,0.000000,140,150,160,170,180,190,290,300,320,320,320,2019,0,140.0,138.78072266616408,7.848902999739948,341.9491630002085,753.0
1780245784,50,POST,SOAP/listar-playlists-musica,66.100000,0.000000,140,150,170,170,180,200,290,300,310,310,310,2008,0,140.0,141.94378110807304,9.668512000189367,316.6032939998331,1263.0
1780245784,50,POST,SOAP/listar-playlists-usuario,66.200000,0.000000,140,150,160,170,180,190,290,300,330,330,330,2031,0,130.0,137.24610900936295,5.303391999859741,329.3226920000052,1608.0
1780245784,50,POST,SOAP/listar-usuarios,66.200000,0.000000,140,150,160,170,190,200,290,300,330,330,330,2052,0,140.0,150.068708345033,7.03606699971715,1740.9207779996905,28012.0
1780245784,50,,Aggregated,330.500000,0.000000,140,160,170,170,180,200,290,300,330,350,350,10150,0,140.0,143.32799982680126,5.303391999859741,1740.9207779996905,20795.763842364533
1780245785,50,POST,SOAP/listar-musicas,66.100000,0.000000,150,160,170,180,190,240,300,320,350,350,350,2106,0,150.0,148.68859646106688,12.401186000261077,355.0303030001487,71703.0
1780245785,50,POST,SOAP/listar-musicas-playlist,65.400000,0.000000,140,150,160,170,180,190,290,300,320,320,320,2086,0,140.0,139.2710208130327,7.848902999739948,341.9491630002085,753.0
1780245785,50,POST,SOAP/listar-playlists-musica,66.200000,0.000000,140,150,170,170,180,200,290,300,310,310,310,2076,0,140.0,142.22061917967756,9.668512000189367,316.6032939998331,1263.0
1780245785,50,POST,SOAP/listar-playlists-usuario,66.100000,0.000000,140,150,160,170,180,190,290,300,330,330,330,2098,0,140.0,137.436857844144,5.303391999859741,329.3226920000052,1608.0
1780245785,50,POST,SOAP/listar-usuarios,65.900000,0.000000,140,150,160,170,180,200,290,300,330,330,330,2117,0,140.0,150.01118512518116,7.03606699971715,1740.9207779996905,28012.0
1780245785,50,,Aggregated,329.700000,0.000000,140,160,160,170,180,200,290,300,330,350,350,10483,0,140.0,143.54895980606997,5.303391999859741,1740.9207779996905,20783.578364971858
1780245786,50,POST,SOAP/listar-musicas,66.000000,0.000000,150,160,170,170,190,240,300,310,350,350,350,2173,0,150.0,148.88152753520745,12.401186000261077,355.0303030001487,71703.0
1780245786,50,POST,SOAP/listar-musicas-playlist,66.300000,0.000000,140,150,160,170,180,190,290,300,320,320,320,2152,0,140.0,139.63448857062485,7.848902999739948,341.9491630002085,753.0
1780245786,50,POST,SOAP/listar-playlists-musica,66.200000,0.000000,140,160,170,170,180,240,290,300,310,310,310,2143,0,140.0,142.73643769015928,9.668512000189367,316.6032939998331,1263.0
1780245786,50,POST,SOAP/listar-playlists-usuario,66.300000,0.000000,140,150,160,170,180,190,290,300,330,330,330,2164,0,140.0,137.78078626155957,5.303391999859741,329.3226920000052,1608.0
1780245786,50,POST,SOAP/listar-usuarios,65.600000,0.000000,140,150,160,170,180,200,290,300,330,330,330,2183,0,140.0,150.15827427073353,7.03606699971715,1740.9207779996905,28012.0
1780245786,50,,Aggregated,330.400000,0.000000,140,160,160,170,180,200,290,300,330,350,350,10815,0,140.0,143.86040674165804,5.303391999859741,1740.9207779996905,20782.948867313917
1780245787,50,POST,SOAP/listar-musicas,65.800000,0.000000,150,160,170,170,180,230,300,310,350,350,350,2240,0,150.0,148.9296077553591,12.401186000261077,355.0303030001487,71703.0
1780245787,50,POST,SOAP/listar-musicas-playlist,66.500000,0.000000,140,150,160,170,180,190,290,300,320,320,320,2220,0,140.0,139.78706275584838,7.848902999739948,341.9491630002085,753.0
1780245787,50,POST,SOAP/listar-playlists-musica,66.100000,0.000000,140,150,160,170,180,240,290,300,310,310,310,2212,0,140.0,142.97527651175963,9.668512000189367,316.6032939998331,1263.0
1780245787,50,POST,SOAP/listar-playlists-usuario,65.800000,0.000000,140,150,160,160,180,190,290,300,330,330,330,2229,0,140.0,137.8924265397106,5.303391999859741,329.3226920000052,1608.0
1780245787,50,POST,SOAP/listar-usuarios,66.100000,0.000000,140,150,160,170,180,200,290,300,330,330,330,2249,0,140.0,150.02810504713716,7.03606699971715,1740.9207779996905,28012.0
1780245787,50,,Aggregated,330.300000,0.000000,140,150,160,170,180,230,290,300,330,350,350,11150,0,140.0,143.9431694477158,5.303391999859741,1740.9207779996905,20776.98260089686
1780245788,50,POST,SOAP/listar-musicas,65.700000,0.000000,150,160,170,170,180,230,300,310,350,350,350,2308,0,150.0,149.16801663215077,12.401186000261077,355.0303030001487,71703.0
1780245788,50,POST,SOAP/listar-musicas-playlist,65.800000,0.000000,140,150,160,170,180,190,290,300,320,320,320,2288,0,140.0,140.03194393880338,7.848902999739948,341.9491630002085,753.0
1780245788,50,POST,SOAP/listar-playlists-musica,65.700000,0.000000,140,160,160,170,180,240,290,300,310,310,310,2278,0,140.0,143.16028420457047,9.668512000189367,316.6032939998331,1263.0
1780245788,50,POST,SOAP/listar-playlists-usuario,65.800000,0.000000,140,150,160,160,180,190,290,300,330,330,330,2296,0,140.0,138.2109439595014,5.303391999859741,329.3226920000052,1608.0
1780245788,50,POST,SOAP/listar-usuarios,66.300000,0.000000,140,150,160,170,180,200,290,300,330,330,330,2318,0,140.0,150.0401026829216,7.03606699971715,1740.9207779996905,28012.0
1780245788,50,,Aggregated,329.300000,0.000000,150,160,160,170,180,230,290,300,330,350,350,11488,0,140.0,144.14321752150335,5.303391999859741,1740.9207779996905,20779.446901114206
1780245789,50,POST,SOAP/listar-musicas,65.900000,0.000000,150,160,170,170,180,230,300,310,350,350,350,2373,0,150.0,149.41184597345242,12.401186000261077,355.0303030001487,71703.0
1780245789,50,POST,SOAP/listar-musicas-playlist,65.800000,0.000000,140,150,160,160,180,200,300,310,320,320,320,2355,0,140.0,140.4022046887396,7.848902999739948,341.9491630002085,753.0
1780245789,50,POST,SOAP/listar-playlists-musica,65.900000,0.000000,140,150,160,170,180,240,280,290,310,310,310,2343,0,140.0,143.3747975326539,9.668512000189367,316.6032939998331,1263.0
1780245789,50,POST,SOAP/listar-playlists-usuario,66.300000,0.000000,140,150,160,160,170,190,280,290,330,330,330,2363,0,140.0,138.4401869801184,5.303391999859741,329.3226920000052,1608.0
1780245789,50,POST,SOAP/listar-usuarios,65.900000,0.000000,140,150,160,170,180,200,280,300,330,330,330,2385,0,140.0,150.12677581132522,7.03606699971715,1740.9207779996905,28012.0
1780245789,50,,Aggregated,329.800000,0.000000,140,150,160,170,180,200,290,300,330,350,350,11819,0,140.0,144.37051995092867,5.303391999859741,1740.9207779996905,20770.967679160673
1780245790,50,POST,SOAP/listar-musicas,66.000000,0.000000,150,160,170,170,180,200,290,310,330,330,330,2439,0,150.0,149.58970045018535,12.401186000261077,355.0303030001487,71703.0
1780245790,50,POST,SOAP/listar-musicas-playlist,65.500000,0.000000,140,150,160,160,180,190,290,310,320,320,320,2420,0,140.0,140.64314437106722,7.848902999739948,341.9491630002085,753.0
1780245790,50,POST,SOAP/listar-playlists-musica,66.100000,0.000000,140,150,160,170,180,200,280,290,310,310,310,2410,0,140.0,143.5670620182603,9.668512000189367,316.6032939998331,1263.0
1780245790,50,POST,SOAP/listar-playlists-usuario,65.900000,0.000000,140,150,160,160,180,250,290,300,330,330,330,2432,0,140.0,138.84576667558312,5.303391999859741,329.3226920000052,1608.0
1780245790,50,POST,SOAP/listar-usuarios,65.700000,0.000000,140,150,160,160,180,190,280,290,330,330,330,2451,0,140.0,150.07647907956311,7.03606699971715,1740.9207779996905,28012.0
1780245790,50,,Aggregated,329.200000,0.000000,140,150,160,170,180,200,290,300,330,330,330,12152,0,140.0,144.56160821420528,5.303391999859741,1740.9207779996905,20763.47720539829
1780245791,50,POST,SOAP/listar-musicas,66.000000,0.000000,150,160,170,170,190,200,300,310,330,330,330,2508,0,150.0,149.84562918859785,12.401186000261077,355.0303030001487,71703.0
1780245791,50,POST,SOAP/listar-musicas-playlist,65.900000,0.000000,140,150,160,170,180,200,290,310,320,320,320,2483,0,140.0,140.91095185701977,7.848902999739948,341.9491630002085,753.0
1780245791,50,POST,SOAP/listar-playlists-musica,65.900000,0.000000,140,150,160,170,180,250,280,290,310,310,310,2474,0,140.0,143.85280117381055,9.668512000189367,316.6032939998331,1263.0
1780245791,50,POST,SOAP/listar-playlists-usuario,65.500000,0.000000,140,150,160,160,180,190,290,300,330,330,330,2497,0,140.0,139.02367063677147,5.303391999859741,329.3226920000052,1608.0
1780245791,50,POST,SOAP/listar-usuarios,65.500000,0.000000,140,150,160,170,180,230,280,290,330,330,330,2516,0,140.0,150.29278557671293,7.03606699971715,1740.9207779996905,28012.0
1780245791,50,,Aggregated,328.800000,0.000000,140,150,160,170,180,230,290,300,330,330,330,12478,0,140.0,144.80408043444638,5.303391999859741,1740.9207779996905,20782.084709087994
1780245792,50,POST,SOAP/listar-musicas,65.900000,0.000000,150,160,170,170,190,200,300,310,360,360,360,2575,0,150.0,149.88694204776814,12.401186000261077,357.29712400006974,71703.0
1780245792,50,POST,SOAP/listar-musicas-playlist,66.200000,0.000000,140,150,160,160,180,200,290,300,320,320,320,2559,0,140.0,140.77302243805497,7.848902999739948,341.9491630002085,753.0
1780245792,50,POST,SOAP/listar-playlists-musica,66.200000,0.000000,140,150,160,160,180,220,270,290,310,310,310,2550,0,140.0,143.58229069411988,9.668512000189367,316.6032939998331,1263.0
1780245792,50,POST,SOAP/listar-playlists-usuario,66.100000,0.000000,140,150,160,160,180,200,290,300,320,320,320,2570,0,140.0,139.09693712257504,5.303391999859741,329.3226920000052,1608.0
1780245792,50,POST,SOAP/listar-usuarios,66.400000,0.000000,140,150,160,170,190,230,270,290,330,330,330,2587,0,140.0,150.05379122806696,7.03606699971715,1740.9207779996905,28012.0
1780245792,50,,Aggregated,330.800000,0.000000,140,150,160,170,180,210,280,300,330,360,360,12841,0,140.0,144.69279400155915,5.303391999859741,1740.9207779996905,20744.677673078422
1780245793,50,POST,SOAP/listar-musicas,66.000000,0.000000,150,160,170,170,190,210,310,320,360,360,360,2644,0,150.0,150.05521152307202,12.401186000261077,357.29712400006974,71703.0
1780245793,50,POST,SOAP/listar-musicas-playlist,66.400000,0.000000,140,150,160,170,180,210,290,310,340,340,340,2621,0,140.0,140.95647474474643,7.848902999739948,341.9491630002085,753.0
1780245793,50,POST,SOAP/listar-playlists-musica,66.400000,0.000000,140,150,160,170,190,230,270,290,340,340,340,2615,0,140.0,143.7474664405376,9.668512000189367,339.9204349998399,1263.0
1780245793,50,POST,SOAP/listar-playlists-usuario,66.300000,0.000000,140,150,160,160,180,200,280,290,320,320,320,2628,0,140.0,139.17836354262442,5.303391999859741,329.3226920000052,1608.0
1780245793,50,POST,SOAP/listar-usuarios,66.200000,0.000000,140,160,160,170,190,210,270,290,330,330,330,2654,0,140.0,149.96404898757015,7.03606699971715,1740.9207779996905,28012.0
1780245793,50,,Aggregated,331.300000,0.000000,140,160,160,170,190,210,280,310,340,360,360,13162,0,140.0,144.80001897264987,5.303391999859741,1740.9207779996905,20774.104391429875
1780245794,50,POST,SOAP/listar-musicas,66.100000,0.000000,150,160,170,170,190,200,310,320,360,360,360,2714,0,150.0,150.20550481098158,12.401186000261077,357.29712400006974,71703.0
1780245794,50,POST,SOAP/listar-musicas-playlist,66.300000,0.000000,140,150,160,160,180,200,270,310,340,340,340,2693,0,140.0,141.00001146787383,7.848902999739948,341.9491630002085,753.0
1780245794,50,POST,SOAP/listar-playlists-musica,66.300000,0.000000,140,150,160,170,190,230,280,310,350,350,350,2682,0,140.0,143.907826830725,9.668512000189367,354.20079999994414,1263.0
1780245794,50,POST,SOAP/listar-playlists-usuario,66.200000,0.000000,140,150,160,160,180,210,280,300,320,320,320,2704,0,140.0,139.49709919379242,5.303391999859741,329.3226920000052,1608.0
1780245794,50,POST,SOAP/listar-usuarios,66.200000,0.000000,140,160,160,170,190,210,270,290,310,310,310,2719,0,140.0,149.82471251637082,7.03606699971715,1740.9207779996905,28012.0
1780245794,50,,Aggregated,331.100000,0.000000,140,160,160,170,190,210,280,310,340,360,360,13512,0,140.0,144.90120722705907,5.303391999859741,1740.9207779996905,20761.530269390172
1780245795,50,POST,SOAP/listar-musicas,66.200000,0.000000,150,160,170,170,190,210,310,320,360,360,360,2777,0,150.0,150.2625319485074,12.401186000261077,357.29712400006974,71703.0
1780245795,50,POST,SOAP/listar-musicas-playlist,66.100000,0.000000,140,150,160,160,190,200,260,310,340,340,340,2757,0,140.0,141.07442473775257,7.848902999739948,341.9491630002085,753.0
1780245795,50,POST,SOAP/listar-playlists-musica,65.800000,0.000000,140,150,160,170,190,230,280,310,350,350,350,2747,0,140.0,144.16447667710432,9.668512000189367,354.20079999994414,1263.0
1780245795,50,POST,SOAP/listar-playlists-usuario,65.800000,0.000000,140,150,160,170,180,210,280,290,320,320,320,2764,0,140.0,139.38455843343527,5.303391999859741,329.3226920000052,1608.0
1780245795,50,POST,SOAP/listar-usuarios,66.100000,0.000000,140,160,160,170,190,210,270,280,310,310,310,2790,0,140.0,149.89272688208325,7.03606699971715,1740.9207779996905,28012.0
1780245795,50,,Aggregated,330.000000,0.000000,140,160,160,170,190,210,280,310,340,360,360,13835,0,140.0,144.9729443560552,5.303391999859741,1740.9207779996905,20763.477050957717
1780245796,50,POST,SOAP/listar-musicas,66.500000,0.000000,150,160,170,180,190,220,310,330,360,360,360,2847,0,150.0,150.53807716227743,12.401186000261077,357.29712400006974,71703.0
1780245796,50,POST,SOAP/listar-musicas-playlist,66.100000,0.000000,140,150,160,170,190,210,260,290,340,340,340,2825,0,140.0,141.20771637627772,7.848902999739948,341.9491630002085,753.0
1780245796,50,POST,SOAP/listar-playlists-musica,66.300000,0.000000,140,160,160,170,200,230,280,310,350,350,350,2814,0,140.0,144.43647811265288,9.668512000189367,354.20079999994414,1263.0
1780245796,50,POST,SOAP/listar-playlists-usuario,66.500000,0.000000,140,150,160,170,190,210,280,300,330,330,330,2837,0,140.0,139.6635726482245,5.303391999859741,329.3226920000052,1608.0
1780245796,50,POST,SOAP/listar-usuarios,66.200000,0.000000,140,160,160,170,200,210,270,280,310,310,310,2856,0,140.0,149.77738591842132,7.03606699971715,1740.9207779996905,28012.0
1780245796,50,,Aggregated,331.600000,0.000000,140,160,160,170,190,220,280,300,350,360,360,14179,0,140.0,145.13912995549887,5.303391999859741,1740.9207779996905,20761.966006065308
1780245797,50,POST,SOAP/listar-musicas,66.600000,0.000000,150,160,170,180,200,220,310,320,360,360,360,2913,0,150.0,150.51948037864918,12.401186000261077,357.29712400006974,71703.0
1780245797,50,POST,SOAP/listar-musicas-playlist,66.400000,0.000000,140,150,160,170,190,210,260,290,340,340,340,2899,0,140.0,141.24039389616618,7.848902999739948,341.9491630002085,753.0
1780245797,50,POST,SOAP/listar-playlists-musica,66.500000,0.000000,140,150,160,170,200,220,270,310,350,350,350,2889,0,140.0,144.24999908411465,9.668512000189367,354.20079999994414,1263.0
1780245797,50,POST,SOAP/listar-playlists-usuario,66.400000,0.000000,140,150,160,170,190,210,280,300,330,330,330,2907,0,140.0,139.7675032803634,5.303391999859741,329.3226920000052,1608.0
1780245797,50,POST,SOAP/listar-usuarios,66.400000,0.000000,140,150,160,170,200,210,260,280,310,310,310,2929,0,140.0,149.56387630864066,7.03606699971715,1740.9207779996905,28012.0
1780245797,50,,Aggregated,332.300000,0.000000,140,150,160,170,190,210,270,300,350,360,360,14537,0,140.0,145.08042383889554,5.303391999859741,1740.9207779996905,20734.96574258788
1780245798,50,POST,SOAP/listar-musicas,66.700000,0.000000,150,160,170,180,200,220,300,320,360,360,360,2982,0,150.0,150.7932380033547,12.401186000261077,357.29712400006974,71703.0
1780245798,50,POST,SOAP/listar-musicas-playlist,66.500000,0.000000,140,150,160,170,190,210,260,290,340,340,340,2957,0,140.0,141.44706673959536,7.848902999739948,341.9491630002085,753.0
1780245798,50,POST,SOAP/listar-playlists-musica,66.200000,0.000000,140,150,160,170,200,220,280,310,350,350,350,2951,0,140.0,144.49872347475718,9.668512000189367,354.20079999994414,1263.0
1780245798,50,POST,SOAP/listar-playlists-usuario,66.700000,0.000000,140,150,160,170,190,210,280,300,330,330,330,2970,0,140.0,139.93664920808615,5.303391999859741,329.3226920000052,1608.0
1780245798,50,POST,SOAP/listar-usuarios,66.400000,0.000000,140,160,160,170,200,210,270,280,310,310,310,2992,0,140.0,149.79142433288968,7.03606699971715,1740.9207779996905,28012.0
1780245798,50,,Aggregated,332.500000,0.000000,140,160,160,170,190,210,280,310,350,360,360,14852,0,140.0,145.3089102343806,5.303391999859741,1740.9207779996905,20762.169674117962
1780245799,50,POST,SOAP/listar-musicas,66.700000,0.000000,150,160,170,180,200,230,300,320,360,360,360,3050,0,150.0,150.60944589246066,12.401186000261077,357.29712400006974,71703.0
1780245799,50,POST,SOAP/listar-musicas-playlist,67.000000,0.000000,140,150,160,160,190,220,270,310,340,340,340,3034,0,140.0,141.53125958569046,7.848902999739948,341.9491630002085,753.0
1780245799,50,POST,SOAP/listar-playlists-musica,67.100000,0.000000,140,150,160,170,200,230,280,310,350,350,350,3024,0,140.0,144.43495400694758,9.668512000189367,354.20079999994414,1263.0
1780245799,50,POST,SOAP/listar-playlists-usuario,66.700000,0.000000,140,150,160,170,190,210,270,300,330,330,330,3042,0,140.0,139.8229390026347,5.303391999859741,329.3226920000052,1608.0
1780245799,50,POST,SOAP/listar-usuarios,66.900000,0.000000,140,150,160,170,200,220,270,290,310,310,310,3064,0,140.0,149.66586230450602,7.03606699971715,1740.9207779996905,28012.0
1780245799,50,,Aggregated,334.400000,0.000000,140,150,160,170,190,220,280,310,350,360,360,15214,0,140.0,145.2250253068899,5.303391999859741,1740.9207779996905,20738.685947153936
1780245800,50,POST,SOAP/listar-musicas,66.800000,0.000000,150,160,180,180,200,250,300,330,360,360,360,3117,0,150.0,150.95370592011764,12.401186000261077,357.29712400006974,71703.0
1780245800,50,POST,SOAP/listar-musicas-playlist,66.800000,0.000000,140,150,160,170,190,220,270,290,340,340,340,3095,0,140.0,141.81403157479326,7.848902999739948,341.9491630002085,753.0
1780245800,50,POST,SOAP/listar-playlists-musica,66.900000,0.000000,140,150,160,170,200,220,280,310,350,350,350,3088,0,140.0,144.49946189151885,9.668512000189367,354.20079999994414,1263.0
1780245800,50,POST,SOAP/listar-playlists-usuario,66.800000,0.000000,140,150,160,170,190,210,270,300,350,350,350,3104,0,140.0,140.09812051063648,5.303391999859741,349.7036300000218,1608.0
1780245800,50,POST,SOAP/listar-usuarios,67.000000,0.000000,140,160,170,180,200,220,270,290,310,310,310,3130,0,140.0,149.84966881565703,7.03606699971715,1740.9207779996905,28012.0
1780245800,50,,Aggregated,334.300000,0.000000,140,160,170,180,200,220,280,310,350,360,360,15534,0,140.0,145.45805953753216,5.303391999859741,1740.9207779996905,20754.327410840735
1780245801,50,POST,SOAP/listar-musicas,66.800000,0.000000,150,160,170,180,200,230,300,330,360,360,360,3186,0,150.0,151.01809355430294,12.401186000261077,357.29712400006974,71703.0
1780245801,50,POST,SOAP/listar-musicas-playlist,67.000000,0.000000,140,150,160,170,190,220,270,310,340,340,340,3167,0,140.0,142.04118444615887,7.848902999739948,341.9491630002085,753.0
1780245801,50,POST,SOAP/listar-playlists-musica,66.900000,0.000000,140,150,160,170,190,220,280,320,350,350,350,3154,0,140.0,144.53261644483555,9.668512000189367,354.20079999994414,1263.0
1780245801,50,POST,SOAP/listar-playlists-usuario,67.000000,0.000000,140,150,160,170,190,210,270,310,350,350,350,3178,0,140.0,140.37434839931328,5.303391999859741,349.7036300000218,1608.0
1780245801,50,POST,SOAP/listar-usuarios,67.000000,0.000000,140,160,170,170,200,210,270,280,310,310,310,3193,0,140.0,149.80434049953146,7.03606699971715,1740.9207779996905,28012.0
1780245801,50,,Aggregated,334.700000,0.000000,140,160,170,170,190,220,280,310,350,360,360,15878,0,140.0,145.56486257085447,5.303391999859741,1740.9207779996905,20743.579229122057
1780245802,50,POST,SOAP/listar-musicas,67.100000,0.000000,150,160,170,170,200,230,300,320,350,350,350,3252,0,150.0,150.99943765744425,12.401186000261077,357.29712400006974,71703.0
1780245802,50,POST,SOAP/listar-musicas-playlist,66.800000,0.000000,140,150,160,160,190,220,270,290,340,340,340,3232,0,140.0,142.06273037499577,7.848902999739948,341.9491630002085,753.0
1780245802,50,POST,SOAP/listar-playlists-musica,66.700000,0.000000,140,150,160,170,190,220,280,320,350,350,350,3222,0,140.0,144.53600258318136,9.668512000189367,354.20079999994414,1263.0
1780245802,50,POST,SOAP/listar-playlists-usuario,66.600000,0.000000,140,150,160,170,190,210,270,310,350,350,350,3241,0,140.0,140.39028327738862,5.303391999859741,349.7036300000218,1608.0
1780245802,50,POST,SOAP/listar-usuarios,66.900000,0.000000,140,150,160,170,200,210,280,290,310,310,310,3264,0,140.0,149.68567344056507,7.03606699971715,1740.9207779996905,28012.0
1780245802,50,,Aggregated,334.100000,0.000000,140,150,160,170,190,220,280,310,350,350,350,16211,0,140.0,145.5475209653338,5.303391999859741,1740.9207779996905,20746.64943556844
1780245803,50,POST,SOAP/listar-musicas,67.000000,0.000000,150,160,170,180,200,220,290,310,350,350,350,3321,0,150.0,151.15358298163443,12.401186000261077,357.29712400006974,71703.0
1780245803,50,POST,SOAP/listar-musicas-playlist,66.600000,0.000000,140,150,160,170,190,230,280,290,340,340,340,3299,0,140.0,142.30945478750704,7.848902999739948,341.9491630002085,753.0
1780245803,50,POST,SOAP/listar-playlists-musica,66.700000,0.000000,140,150,160,170,190,220,280,290,340,340,340,3286,0,140.0,144.72350857273656,9.668512000189367,354.20079999994414,1263.0
1780245803,50,POST,SOAP/listar-playlists-usuario,66.800000,0.000000,140,150,160,170,190,240,280,310,350,350,350,3313,0,140.0,140.68936441262167,5.303391999859741,349.7036300000218,1608.0
1780245803,50,POST,SOAP/listar-usuarios,66.900000,0.000000,140,150,160,170,190,220,280,290,310,310,310,3328,0,140.0,149.77133305889518,7.03606699971715,1740.9207779996905,28012.0
1780245803,50,,Aggregated,334.000000,0.000000,140,150,160,170,190,220,280,300,340,350,350,16547,0,140.0,145.74027015864064,5.303391999859741,1740.9207779996905,20747.644165105456
1780245804,50,POST,SOAP/listar-musicas,67.000000,0.000000,140,160,170,180,200,220,290,310,350,350,350,3387,0,150.0,150.9640002282282,12.401186000261077,357.29712400006974,71703.0
1780245804,50,POST,SOAP/listar-musicas-playlist,66.700000,0.000000,140,150,160,170,190,220,270,290,330,330,330,3369,0,140.0,142.21535995250397,7.848902999739948,341.9491630002085,753.0
1780245804,50,POST,SOAP/listar-playlists-musica,66.600000,0.000000,140,150,160,170,190,220,280,290,330,330,330,3361,0,140.0,144.6127641300243,9.668512000189367,354.20079999994414,1263.0
1780245804,50,POST,SOAP/listar-playlists-usuario,66.700000,0.000000,140,150,160,170,190,240,290,310,350,350,350,3378,0,140.0,140.610527930437,5.303391999859741,349.7036300000218,1608.0
1780245804,50,POST,SOAP/listar-usuarios,66.800000,0.000000,140,150,160,170,190,220,280,290,310,310,310,3402,0,140.0,149.58298750587954,7.03606699971715,1740.9207779996905,28012.0
1780245804,50,,Aggregated,333.800000,0.000000,140,150,160,170,190,220,280,290,340,350,350,16897,0,140.0,145.60843957732314,5.303391999859741,1740.9207779996905,20735.5453039001
1780245805,50,POST,SOAP/listar-musicas,67.000000,0.000000,150,160,170,180,190,220,290,310,350,350,350,3455,0,150.0,151.23819993372183,12.401186000261077,357.29712400006974,71703.0
1780245805,50,POST,SOAP/listar-musicas-playlist,67.300000,0.000000,140,150,160,170,190,230,280,290,330,330,330,3432,0,140.0,142.4315457852518,7.848902999739948,341.9491630002085,753.0
1780245805,50,POST,SOAP/listar-playlists-musica,67.000000,0.000000,140,150,160,170,190,220,280,290,330,330,330,3426,0,140.0,144.7963538680708,9.668512000189367,354.20079999994414,1263.0
1780245805,50,POST,SOAP/listar-playlists-usuario,67.400000,0.000000,140,150,160,170,190,240,290,310,350,350,350,3446,0,140.0,140.9434758566501,5.303391999859741,349.7036300000218,1608.0
1780245805,50,POST,SOAP/listar-usuarios,66.800000,0.000000,140,150,170,170,190,220,270,290,320,320,320,3466,0,140.0,149.7067525236583,7.03606699971715,1740.9207779996905,28012.0
1780245805,50,,Aggregated,335.500000,0.000000,140,150,170,170,190,220,280,300,340,350,350,17225,0,140.0,145.83455305120586,5.303391999859741,1740.9207779996905,20741.710246734398
1780245806,50,POST,SOAP/listar-musicas,66.600000,0.000000,150,160,170,180,200,220,290,310,350,350,350,3522,0,150.0,151.30948877541343,12.401186000261077,357.29712400006974,71703.0
1780245806,50,POST,SOAP/listar-musicas-playlist,67.100000,0.000000,140,150,160,170,190,230,270,290,330,330,330,3504,0,140.0,142.4222644340705,7.848902999739948,341.9491630002085,753.0
1780245806,50,POST,SOAP/listar-playlists-musica,67.100000,0.000000,140,150,160,170,190,220,280,290,330,330,330,3494,0,140.0,144.75903510704333,9.668512000189367,354.20079999994414,1263.0
1780245806,50,POST,SOAP/listar-playlists-usuario,66.700000,0.000000,140,150,160,170,190,240,290,310,350,350,350,3513,0,140.0,141.02054809564953,5.303391999859741,349.7036300000218,1608.0
1780245806,50,POST,SOAP/listar-usuarios,67.200000,0.000000,140,150,170,170,190,220,280,290,320,320,320,3530,0,140.0,149.7431409847022,7.03606699971715,1740.9207779996905,28012.0
1780245806,50,,Aggregated,334.700000,0.000000,140,150,170,170,190,220,280,300,340,350,350,17563,0,140.0,145.8603983285325,5.303391999859741,1740.9207779996905,20732.258953481753
1780245807,50,POST,SOAP/listar-musicas,66.800000,0.000000,150,160,170,180,200,220,290,310,350,350,350,3589,0,150.0,151.38995621844623,12.401186000261077,357.29712400006974,71703.0
1780245807,50,POST,SOAP/listar-musicas-playlist,66.400000,0.000000,140,150,160,170,190,220,280,290,330,330,330,3568,0,140.0,142.57784687807845,7.848902999739948,341.9491630002085,753.0
1780245807,50,POST,SOAP/listar-playlists-musica,66.500000,0.000000,140,150,160,170,190,220,280,290,330,330,330,3558,0,140.0,144.80235371163886,9.668512000189367,354.20079999994414,1263.0
1780245807,50,POST,SOAP/listar-playlists-usuario,66.700000,0.000000,140,150,160,170,190,240,290,320,350,350,350,3576,0,140.0,141.17130833893057,5.303391999859741,349.7036300000218,1608.0
1780245807,50,POST,SOAP/listar-usuarios,66.900000,0.000000,140,150,170,170,190,220,270,290,320,320,320,3599,0,140.0,149.71629217254784,7.03606699971715,1740.9207779996905,28012.0
1780245807,50,,Aggregated,333.300000,0.000000,140,150,170,170,190,220,280,300,340,350,350,17890,0,140.0,145.94301951839114,5.303391999859741,1740.9207779996905,20742.756903297934
1780245808,50,POST,SOAP/listar-musicas,66.900000,0.000000,150,160,170,180,200,220,290,320,350,350,350,3656,0,150.0,151.55936477954134,12.401186000261077,357.29712400006974,71703.0
1780245808,50,POST,SOAP/listar-musicas-playlist,67.100000,0.000000,140,150,160,170,190,220,280,290,330,330,330,3638,0,140.0,142.65853298900007,7.848902999739948,341.9491630002085,753.0
1780245808,50,POST,SOAP/listar-playlists-musica,67.400000,0.000000,140,150,170,170,190,240,280,290,330,330,330,3625,0,140.0,144.98933460138267,9.668512000189367,354.20079999994414,1263.0
1780245808,50,POST,SOAP/listar-playlists-usuario,66.900000,0.000000,140,150,170,170,190,240,290,310,350,350,350,3647,0,140.0,141.23221574801659,5.303391999859741,349.7036300000218,1608.0
1780245808,50,POST,SOAP/listar-usuarios,66.700000,0.000000,140,150,170,170,190,220,270,290,330,330,330,3667,0,140.0,149.82043279356344,7.03606699971715,1740.9207779996905,28012.0
1780245808,50,,Aggregated,335.000000,0.000000,140,150,170,170,190,220,280,300,340,350,350,18233,0,140.0,146.06178557917048,5.303391999859741,1740.9207779996905,20734.291504415072
1780245809,50,POST,SOAP/listar-musicas,66.700000,0.000000,150,160,170,180,200,220,290,310,350,350,350,3723,0,150.0,151.5937503228583,12.401186000261077,357.29712400006974,71703.0
1780245809,50,POST,SOAP/listar-musicas-playlist,66.600000,0.000000,140,150,160,170,190,220,260,290,330,330,330,3705,0,140.0,142.7166302083619,7.848902999739948,341.9491630002085,753.0
1780245809,50,POST,SOAP/listar-playlists-musica,66.700000,0.000000,140,150,160,170,190,210,280,290,330,330,330,3699,0,140.0,144.894416507167,9.668512000189367,354.20079999994414,1263.0
1780245809,50,POST,SOAP/listar-playlists-usuario,66.500000,0.000000,140,150,170,170,190,240,290,310,350,350,350,3713,0,140.0,141.21529306625777,5.303391999859741,349.7036300000218,1608.0
1780245809,50,POST,SOAP/listar-usuarios,66.600000,0.000000,140,150,170,170,190,220,270,290,330,330,330,3737,0,140.0,149.7159085108364,7.03606699971715,1740.9207779996905,28012.0
1780245809,50,,Aggregated,333.100000,0.000000,140,150,170,170,190,220,280,300,330,350,350,18577,0,140.0,146.03724106658822,5.303391999859741,1740.9207779996905,20727.96032728643
1780245810,50,POST,SOAP/listar-musicas,66.700000,0.000000,150,160,170,180,190,220,280,310,330,330,330,3791,0,150.0,151.71391130123936,12.401186000261077,357.29712400006974,71703.0
1780245810,50,POST,SOAP/listar-musicas-playlist,66.700000,0.000000,140,150,160,170,190,220,280,290,330,330,330,3768,0,140.0,142.9286124639019,7.848902999739948,341.9491630002085,753.0
1780245810,50,POST,SOAP/listar-playlists-musica,66.300000,0.000000,140,150,160,170,190,220,280,290,330,330,330,3759,0,140.0,144.96072251210674,9.668512000189367,354.20079999994414,1263.0
1780245810,50,POST,SOAP/listar-playlists-usuario,66.700000,0.000000,140,160,170,170,190,240,290,320,350,350,350,3781,0,140.0,141.54404008516673,5.303391999859741,349.7036300000218,1608.0
1780245810,50,POST,SOAP/listar-usuarios,66.500000,0.000000,140,150,170,170,190,210,280,310,340,340,340,3800,0,140.0,149.86551906499824,7.03606699971715,1740.9207779996905,28012.0
1780245810,50,,Aggregated,332.900000,0.000000,140,150,170,170,190,220,280,300,340,350,350,18899,0,140.0,146.21285747600447,5.303391999859741,1740.9207779996905,20738.475157415738
1780245811,50,POST,SOAP/listar-musicas,66.500000,0.000000,150,170,170,180,200,250,290,320,330,330,330,3858,0,150.0,151.75084949688951,12.401186000261077,357.29712400006974,71703.0
1780245811,50,POST,SOAP/listar-musicas-playlist,66.700000,0.000000,140,150,160,170,190,220,270,290,320,320,320,3843,0,140.0,142.95922467837173,7.848902999739948,341.9491630002085,753.0
1780245811,50,POST,SOAP/listar-playlists-musica,66.800000,0.000000,140,150,160,170,190,240,280,290,320,320,320,3830,0,140.0,144.93648771723517,9.668512000189367,354.20079999994414,1263.0
1780245811,50,POST,SOAP/listar-playlists-usuario,66.600000,0.000000,140,160,170,170,190,240,290,310,350,350,350,3849,0,140.0,141.4671983182685,5.303391999859741,349.7036300000218,1608.0
1780245811,50,POST,SOAP/listar-usuarios,66.800000,0.000000,140,150,170,170,190,220,290,310,340,340,340,3869,0,140.0,149.85536936598427,7.03606699971715,1740.9207779996905,28012.0
1780245811,50,,Aggregated,333.400000,0.000000,140,160,170,170,190,220,290,310,340,350,350,19249,0,140.0,146.2024778512656,5.303391999859741,1740.9207779996905,20724.653904098916
1780245812,50,POST,SOAP/listar-musicas,66.600000,0.000000,150,170,180,180,200,220,280,310,330,330,330,3925,0,150.0,151.76242278904394,12.401186000261077,357.29712400006974,71703.0
1780245812,50,POST,SOAP/listar-musicas-playlist,66.600000,0.000000,140,150,160,170,190,210,260,290,320,320,320,3904,0,140.0,143.06940480686055,7.848902999739948,341.9491630002085,753.0
1780245812,50,POST,SOAP/listar-playlists-musica,66.800000,0.000000,140,150,160,170,190,210,270,290,320,320,320,3896,0,140.0,144.85967980903774,9.668512000189367,354.20079999994414,1263.0
1780245812,50,POST,SOAP/listar-playlists-usuario,66.700000,0.000000,140,160,170,170,190,240,300,320,350,350,350,3909,0,140.0,141.56524225761422,5.303391999859741,349.7036300000218,1608.0
1780245812,50,POST,SOAP/listar-usuarios,66.500000,0.000000,140,160,170,170,190,220,290,320,340,340,340,3936,0,140.0,149.96038786559762,7.03606699971715,1740.9207779996905,28012.0
1780245812,50,,Aggregated,333.200000,0.000000,140,160,170,170,190,220,280,310,340,350,350,19570,0,140.0,146.2547980057746,5.303391999859741,1740.9207779996905,20737.636126724577
1780245813,50,POST,SOAP/listar-musicas,66.500000,0.000000,150,170,170,180,200,220,280,310,370,370,370,3993,0,150.0,151.78094588079128,12.401186000261077,367.64927000012904,71703.0
1780245813,50,POST,SOAP/listar-musicas-playlist,66.800000,0.000000,140,150,160,170,190,220,270,290,320,320,320,3974,0,140.0,143.21776887719778,7.848902999739948,341.9491630002085,753.0
1780245813,50,POST,SOAP/listar-playlists-musica,66.700000,0.000000,140,150,170,170,190,230,280,310,320,320,320,3967,0,140.0,145.08646467002998,9.668512000189367,354.20079999994414,1263.0
1780245813,50,POST,SOAP/listar-playlists-usuario,66.800000,0.000000,140,160,170,170,190,210,290,320,350,350,350,3981,0,140.0,141.64022858302252,5.303391999859741,349.7036300000218,1608.0
1780245813,50,POST,SOAP/listar-usuarios,66.600000,0.000000,140,160,170,180,190,240,290,320,340,340,340,4003,0,140.0,150.01867960029796,7.03606699971715,1740.9207779996905,28012.0
1780245813,50,,Aggregated,333.400000,0.000000,140,160,170,170,190,230,290,310,340,370,370,19918,0,140.0,146.3581313482784,5.303391999859741,1740.9207779996905,20727.297218596246
1780245814,50,POST,SOAP/listar-musicas,66.500000,0.000000,150,160,170,180,190,220,290,320,370,370,370,4061,0,150.0,151.82958489559266,12.401186000261077,367.64927000012904,71703.0
1780245814,50,POST,SOAP/listar-musicas-playlist,66.400000,0.000000,140,150,160,170,190,210,270,300,320,320,320,4041,0,140.0,143.2495464323154,7.848902999739948,341.9491630002085,753.0
1780245814,50,POST,SOAP/listar-playlists-musica,66.700000,0.000000,140,150,160,170,190,220,270,310,320,320,320,4028,0,140.0,145.12099188307067,9.668512000189367,354.20079999994414,1263.0
1780245814,50,POST,SOAP/listar-playlists-usuario,66.600000,0.000000,140,150,160,170,180,210,290,310,340,340,340,4051,0,140.0,141.74737863194582,5.303391999859741,349.7036300000218,1608.0
1780245814,50,POST,SOAP/listar-usuarios,66.500000,0.000000,140,160,170,170,190,230,270,320,340,340,340,4071,0,140.0,149.9791221621207,7.03606699971715,1740.9207779996905,28012.0
1780245814,50,,Aggregated,332.700000,0.000000,140,160,170,170,190,220,280,310,340,370,370,20252,0,140.0,146.39454640820713,5.303391999859741,1740.9207779996905,20732.124234643492
1780245815,50,POST,SOAP/listar-musicas,66.400000,0.000000,150,160,170,180,190,220,290,310,370,370,370,4126,0,150.0,151.93950686815356,12.401186000261077,367.64927000012904,71703.0
1780245815,50,POST,SOAP/listar-musicas-playlist,66.000000,0.000000,140,150,160,170,180,210,270,290,320,320,320,4107,0,140.0,143.3706142963198,7.848902999739948,341.9491630002085,753.0
1780245815,50,POST,SOAP/listar-playlists-musica,66.700000,0.000000,140,150,160,170,190,210,270,300,320,320,320,4097,0,140.0,145.2817609548475,9.668512000189367,354.20079999994414,1263.0
1780245815,50,POST,SOAP/listar-playlists-usuario,66.300000,0.000000,140,150,160,170,180,220,290,310,340,340,340,4118,0,140.0,141.8466649169529,5.303391999859741,349.7036300000218,1608.0
1780245815,50,POST,SOAP/listar-usuarios,66.900000,0.000000,140,160,170,170,190,220,270,310,340,340,340,4138,0,140.0,149.9550228827919,7.03606699971715,1740.9207779996905,28012.0
1780245815,50,,Aggregated,332.300000,0.000000,140,160,170,170,190,210,280,310,340,370,370,20586,0,140.0,146.48709529301513,5.303391999859741,1740.9207779996905,20725.204507918002
1780245816,50,POST,SOAP/listar-musicas,66.600000,0.000000,150,160,170,180,190,220,280,310,370,370,370,4193,0,150.0,152.0133760166951,12.401186000261077,367.64927000012904,71703.0
1780245816,50,POST,SOAP/listar-musicas-playlist,65.900000,0.000000,140,150,160,170,180,210,270,300,320,320,320,4170,0,140.0,143.5007082714586,7.848902999739948,341.9491630002085,753.0
1780245816,50,POST,SOAP/listar-playlists-musica,66.200000,0.000000,140,160,160,170,180,220,280,310,320,320,320,4161,0,140.0,145.45943690891798,9.668512000189367,354.20079999994414,1263.0
1780245816,50,POST,SOAP/listar-playlists-usuario,66.200000,0.000000,140,150,160,170,180,220,300,320,340,340,340,4181,0,140.0,142.02565656828838,5.303391999859741,349.7036300000218,1608.0
1780245816,50,POST,SOAP/listar-usuarios,66.400000,0.000000,140,160,170,170,190,220,280,320,340,340,340,4201,0,140.0,150.030806369672,7.03606699971715,1740.9207779996905,28012.0
1780245816,50,,Aggregated,331.300000,0.000000,140,160,160,170,180,220,280,310,340,370,370,20906,0,140.0,146.6151078053674,5.303391999859741,1740.9207779996905,20733.162345738067
1780245817,50,POST,SOAP/listar-musicas,66.600000,0.000000,150,160,170,170,190,210,280,310,370,370,370,4261,0,150.0,151.96737629922643,12.401186000261077,367.64927000012904,71703.0
1780245817,50,POST,SOAP/listar-musicas-playlist,67.000000,0.000000,140,150,160,170,180,210,260,290,320,320,320,4236,0,140.0,143.629713270534,7.848902999739948,341.9491630002085,753.0
1780245817,50,POST,SOAP/listar-playlists-musica,66.800000,0.000000,140,160,160,170,180,230,270,310,320,320,320,4227,0,140.0,145.5952743532072,9.668512000189367,354.20079999994414,1263.0
1780245817,50,POST,SOAP/listar-playlists-usuario,66.900000,0.000000,140,150,160,160,180,220,300,320,340,340,340,4249,0,140.0,142.07803931066445,5.303391999859741,349.7036300000218,1608.0
1780245817,50,POST,SOAP/listar-usuarios,66.400000,0.000000,150,160,170,170,190,240,280,320,340,340,340,4269,0,140.0,150.1639269159035,7.03606699971715,1740.9207779996905,28012.0
1780245817,50,,Aggregated,333.700000,0.000000,140,160,160,170,180,220,280,310,340,370,370,21242,0,140.0,146.69612435509865,5.303391999859741,1740.9207779996905,20735.830524432728
1780245818,50,POST,SOAP/listar-musicas,66.200000,0.000000,150,160,170,170,190,220,280,310,380,380,380,4328,0,150.0,152.0855501351673,12.401186000261077,383.9975979999508,71703.0
1780245818,50,POST,SOAP/listar-musicas-playlist,65.800000,0.000000,140,150,160,170,190,240,270,300,350,350,350,4314,0,140.0,143.61477685604615,7.848902999739948,349.533387000065,753.0
1780245818,50,POST,SOAP/listar-playlists-musica,66.000000,0.000000,140,160,160,170,190,240,270,310,320,320,320,4302,0,140.0,145.53586839679352,9.668512000189367,354.20079999994414,1263.0
1780245818,50,POST,SOAP/listar-playlists-usuario,65.800000,0.000000,140,150,160,160,180,240,300,320,350,350,350,4322,0,140.0,142.09509664391777,5.303391999859741,351.42507199998363,1608.0
1780245818,50,POST,SOAP/listar-usuarios,66.700000,0.000000,150,160,170,170,190,240,270,320,340,340,340,4334,0,140.0,150.16521756437328,7.03606699971715,1740.9207779996905,28012.0
1780245818,50,,Aggregated,330.500000,0.000000,140,160,160,170,190,240,280,310,350,380,380,21600,0,140.0,146.70494327796328,5.303391999859741,1740.9207779996905,20711.399814814813
1780245819,50,POST,SOAP/listar-musicas,66.400000,0.000000,150,160,170,170,190,220,280,320,380,380,380,4394,0,150.0,152.0885727690039,12.401186000261077,383.9975979999508,71703.0
1780245819,50,POST,SOAP/listar-musicas-playlist,66.200000,0.000000,140,150,160,170,190,240,270,300,350,350,350,4376,0,140.0,143.74122439807633,7.848902999739948,349.533387000065,753.0
1780245819,50,POST,SOAP/listar-playlists-musica,65.700000,0.000000,140,160,160,170,190,240,270,310,320,320,320,4366,0,140.0,145.5143547347697,9.668512000189367,354.20079999994414,1263.0
1780245819,50,POST,SOAP/listar-playlists-usuario,66.600000,0.000000,140,150,160,160,180,230,300,320,350,350,350,4382,0,140.0,142.1099221419476,5.303391999859741,351.42507199998363,1608.0
1780245819,50,POST,SOAP/listar-usuarios,66.100000,0.000000,150,160,170,170,200,240,270,320,340,340,340,4407,0,140.0,150.22554264057038,7.03606699971715,1740.9207779996905,28012.0
1780245819,50,,Aggregated,331.000000,0.000000,140,160,160,170,190,240,270,310,350,380,380,21925,0,140.0,146.7445429750517,5.303391999859741,1740.9207779996905,20723.71758266819
1780245820,50,POST,SOAP/listar-musicas,66.200000,0.000000,150,160,170,170,190,230,290,330,380,380,380,4459,0,150.0,152.2604840504602,12.401186000261077,383.9975979999508,71703.0
1780245820,50,POST,SOAP/listar-musicas-playlist,65.900000,0.000000,140,160,160,170,190,240,270,300,350,350,350,4438,0,140.0,143.95986429179456,7.848902999739948,349.533387000065,753.0
1780245820,50,POST,SOAP/listar-playlists-musica,66.100000,0.000000,140,160,160,170,190,240,280,310,320,320,320,4424,0,140.0,145.68348637816553,9.668512000189367,354.20079999994414,1263.0
1780245820,50,POST,SOAP/listar-playlists-usuario,66.200000,0.000000,140,150,160,160,180,230,300,320,350,350,350,4450,0,140.0,142.25420643326228,5.303391999859741,351.42507199998363,1608.0
1780245820,50,POST,SOAP/listar-usuarios,66.200000,0.000000,150,160,170,170,200,240,270,300,340,340,340,4469,0,140.0,150.34415152651462,7.03606699971715,1740.9207779996905,28012.0
1780245820,50,,Aggregated,330.600000,0.000000,150,160,160,170,190,240,280,310,350,380,380,22240,0,140.0,146.90855897684415,5.303391999859741,1740.9207779996905,20728.157868705035
1780245821,50,POST,SOAP/listar-musicas,66.300000,0.000000,150,160,170,170,190,220,290,330,380,380,380,4526,0,150.0,152.17083061710147,12.401186000261077,383.9975979999508,71703.0
1780245821,50,POST,SOAP/listar-musicas-playlist,66.500000,0.000000,140,160,160,170,190,240,270,310,350,350,350,4509,0,140.0,143.90305216899168,7.848902999739948,349.533387000065,753.0
1780245821,50,POST,SOAP/listar-playlists-musica,66.300000,0.000000,140,160,170,170,190,240,290,310,320,320,320,4498,0,140.0,145.55041451845432,9.668512000189367,354.20079999994414,1263.0
1780245821,50,POST,SOAP/listar-playlists-usuario,66.500000,0.000000,140,150,160,170,180,230,300,320,350,350,350,4518,0,140.0,142.2960903147447,5.303391999859741,351.42507199998363,1608.0
1780245821,50,POST,SOAP/listar-usuarios,66.000000,0.000000,150,160,170,180,200,240,260,300,340,340,340,4540,0,140.0,150.2260480187218,7.03606699971715,1740.9207779996905,28012.0
1780245821,50,,Aggregated,331.600000,0.000000,140,160,170,170,190,240,280,310,350,380,380,22591,0,140.0,146.8367845670409,5.303391999859741,1740.9207779996905,20718.137886769066
1780245822,50,POST,SOAP/listar-musicas,66.200000,0.000000,150,160,170,170,180,220,300,330,380,380,380,4595,0,150.0,152.2405662080522,12.401186000261077,383.9975979999508,71703.0
1780245822,50,POST,SOAP/listar-musicas-playlist,66.500000,0.000000,140,160,160,170,190,250,270,300,350,350,350,4570,0,140.0,144.08714400568562,7.848902999739948,349.533387000065,753.0
1780245822,50,POST,SOAP/listar-playlists-musica,66.400000,0.000000,140,160,170,170,190,250,290,310,320,320,320,4561,0,140.0,145.7835923681232,9.668512000189367,354.20079999994414,1263.0
1780245822,50,POST,SOAP/listar-playlists-usuario,66.600000,0.000000,140,150,160,160,180,240,300,320,350,350,350,4585,0,140.0,142.48136248179156,5.303391999859741,351.42507199998363,1608.0
1780245822,50,POST,SOAP/listar-usuarios,66.400000,0.000000,150,160,170,170,190,240,260,280,340,340,340,4602,0,140.0,150.361777729899,7.03606699971715,1740.9207779996905,28012.0
1780245822,50,,Aggregated,332.100000,0.000000,140,160,160,170,190,240,280,310,350,380,380,22913,0,140.0,146.99884618840886,5.303391999859741,1740.9207779996905,20728.88499978178
1780245823,50,POST,SOAP/listar-musicas,66.100000,0.000000,150,160,170,170,190,230,290,310,380,380,380,4660,0,150.0,152.15882862768197,12.401186000261077,383.9975979999508,71703.0
1780245823,50,POST,SOAP/listar-musicas-playlist,65.800000,0.000000,140,150,160,170,190,240,270,300,350,350,350,4644,0,140.0,143.97111184194256,7.848902999739948,349.533387000065,753.0
1780245823,50,POST,SOAP/listar-playlists-musica,66.000000,0.000000,140,160,160,170,190,250,290,310,330,330,330,4635,0,140.0,145.75060343322716,9.668512000189367,354.20079999994414,1263.0
1780245823,50,POST,SOAP/listar-playlists-usuario,65.800000,0.000000,140,150,160,170,180,230,290,320,350,350,350,4653,0,140.0,142.3581733279637,5.303391999859741,351.42507199998363,1608.0
1780245823,50,POST,SOAP/listar-usuarios,66.000000,0.000000,150,160,170,180,190,240,270,320,340,340,340,4675,0,140.0,150.35048240128216,7.03606699971715,1740.9207779996905,28012.0
1780245823,50,,Aggregated,329.700000,0.000000,140,160,160,170,190,240,280,310,350,380,380,23267,0,140.0,146.92470526638624,5.303391999859741,1740.9207779996905,20712.813899514334
1780245824,50,POST,SOAP/listar-musicas,66.100000,0.000000,150,160,170,180,190,230,300,320,380,380,380,4728,0,150.0,152.3249103587134,12.401186000261077,383.9975979999508,71703.0
1780245824,50,POST,SOAP/listar-musicas-playlist,66.300000,0.000000,140,160,170,170,190,250,270,300,350,350,350,4704,0,140.0,144.14641176296317,7.848902999739948,349.533387000065,753.0
1780245824,50,POST,SOAP/listar-playlists-musica,65.800000,0.000000,140,160,170,170,190,250,290,310,330,330,330,4694,0,140.0,145.77557257818626,9.668512000189367,354.20079999994414,1263.0
1780245824,50,POST,SOAP/listar-playlists-usuario,66.300000,0.000000,140,150,160,170,180,230,290,320,350,350,350,4714,0,140.0,142.50537984047799,5.303391999859741,351.42507199998363,1608.0
1780245824,50,POST,SOAP/listar-usuarios,66.300000,0.000000,150,160,170,180,190,240,270,320,340,340,340,4737,0,140.0,150.36954359911238,7.03606699971715,1740.9207779996905,28012.0
1780245824,50,,Aggregated,330.800000,0.000000,140,160,170,170,190,240,280,310,350,380,380,23577,0,140.0,147.03305439148343,5.303391999859741,1740.9207779996905,20730.17661280061
1780245826,50,POST,SOAP/listar-musicas,65.900000,0.000000,150,160,170,180,190,230,300,320,380,380,380,4796,0,150.0,152.3328436520011,12.401186000261077,383.9975979999508,71703.0
1780245826,50,POST,SOAP/listar-musicas-playlist,66.500000,0.000000,140,150,170,170,190,250,270,300,350,350,350,4778,0,140.0,144.11912901192483,7.848902999739948,349.533387000065,753.0
1780245826,50,POST,SOAP/listar-playlists-musica,66.200000,0.000000,140,150,170,180,200,250,300,310,330,330,330,4767,0,140.0,145.84854592888746,9.668512000189367,354.20079999994414,1263.0
1780245826,50,POST,SOAP/listar-playlists-usuario,66.200000,0.000000,140,150,160,170,190,240,290,320,350,350,350,4787,0,140.0,142.60810754105106,5.303391999859741,351.42507199998363,1608.0
1780245826,50,POST,SOAP/listar-usuarios,66.500000,0.000000,150,160,170,180,200,240,270,320,340,340,340,4802,0,140.0,150.30917604935368,7.03606699971715,1740.9207779996905,28012.0
1780245826,50,,Aggregated,331.300000,0.000000,140,160,170,180,190,240,280,310,350,380,380,23930,0,140.0,147.04969532824904,5.303391999859741,1740.9207779996905,20715.30559966569
1780245827,50,POST,SOAP/listar-musicas,65.900000,0.000000,150,160,170,180,190,230,300,320,380,380,380,4863,0,150.0,152.3949622389472,12.401186000261077,383.9975979999508,71703.0
1780245827,50,POST,SOAP/listar-musicas-playlist,65.500000,0.000000,140,150,170,170,190,240,260,290,350,350,350,4842,0,140.0,144.13249201279962,7.848902999739948,349.533387000065,753.0
1780245827,50,POST,SOAP/listar-playlists-musica,65.600000,0.000000,140,150,170,170,200,250,290,310,330,330,330,4831,0,140.0,145.8514774771286,9.668512000189367,354.20079999994414,1263.0
1780245827,50,POST,SOAP/listar-playlists-usuario,65.600000,0.000000,140,150,170,170,190,230,290,320,350,350,350,4850,0,140.0,142.64810988866233,5.303391999859741,351.42507199998363,1608.0
1780245827,50,POST,SOAP/listar-usuarios,66.100000,0.000000,140,160,170,180,200,240,250,300,340,340,340,4872,0,140.0,150.2588160400238,7.03606699971715,1740.9207779996905,28012.0
1780245827,50,,Aggregated,328.700000,0.000000,140,160,170,180,190,240,280,310,350,380,380,24258,0,140.0,147.06484459118658,5.303391999859741,1740.9207779996905,20723.577046747465
1780245828,50,POST,SOAP/listar-musicas,66.300000,0.000000,150,160,170,180,190,220,300,320,360,360,360,4930,0,150.0,152.49330434198797,12.401186000261077,383.9975979999508,71703.0
1780245828,50,POST,SOAP/listar-musicas-playlist,66.600000,0.000000,140,150,170,170,190,240,270,290,330,330,330,4912,0,140.0,144.28041262764188,7.848902999739948,349.533387000065,753.0
1780245828,50,POST,SOAP/listar-playlists-musica,66.600000,0.000000,140,150,170,180,200,250,300,310,330,330,330,4895,0,140.0,146.0185892917276,9.668512000189367,354.20079999994414,1263.0
1780245828,50,POST,SOAP/listar-playlists-usuario,66.800000,0.000000,140,160,170,170,190,230,290,320,340,340,340,4922,0,140.0,142.7234261688365,5.303391999859741,351.42507199998363,1608.0
1780245828,50,POST,SOAP/listar-usuarios,65.700000,0.000000,140,160,170,180,190,240,270,300,340,340,340,4939,0,140.0,150.3008702192745,7.03606699971715,1740.9207779996905,28012.0
1780245828,50,,Aggregated,332.000000,0.000000,140,160,170,180,190,240,290,310,340,360,360,24598,0,140.0,147.1696509241402,5.303391999859741,1740.9207779996905,20718.86962354663
1780245829,50,POST,SOAP/listar-musicas,66.300000,0.000000,150,170,170,180,190,220,300,310,350,350,350,4994,0,150.0,152.54649154725706,12.401186000261077,383.9975979999508,71703.0
1780245829,50,POST,SOAP/listar-musicas-playlist,66.200000,0.000000,140,150,170,170,190,240,270,300,330,330,330,4978,0,140.0,144.28342709923203,7.848902999739948,349.533387000065,753.0
1780245829,50,POST,SOAP/listar-playlists-musica,66.400000,0.000000,140,150,170,170,200,250,300,310,330,330,330,4970,0,140.0,145.90674153058518,9.668512000189367,354.20079999994414,1263.0
1780245829,50,POST,SOAP/listar-playlists-usuario,65.900000,0.000000,140,150,170,170,190,230,290,320,340,340,340,4988,0,140.0,142.74637692742857,5.303391999859741,351.42507199998363,1608.0
1780245829,50,POST,SOAP/listar-usuarios,66.300000,0.000000,140,160,170,180,190,220,270,310,340,340,340,5012,0,140.0,150.24442429070146,7.03606699971715,1740.9207779996905,28012.0
1780245829,50,,Aggregated,331.100000,0.000000,140,160,170,170,190,240,290,310,340,350,350,24942,0,140.0,147.1518148886618,5.303391999859741,1740.9207779996905,20709.132146580065
1780245830,50,POST,SOAP/listar-musicas,66.400000,0.000000,150,170,180,180,200,220,290,310,350,350,350,5064,0,150.0,152.64978999802625,12.401186000261077,383.9975979999508,71703.0
1780245830,50,POST,SOAP/listar-musicas-playlist,66.500000,0.000000,140,150,160,170,190,240,270,290,330,330,330,5039,0,140.0,144.29036822047556,7.848902999739948,349.533387000065,753.0
1780245830,50,POST,SOAP/listar-playlists-musica,66.300000,0.000000,140,150,170,170,200,240,290,310,330,330,330,5033,0,140.0,145.98978125670723,9.668512000189367,354.20079999994414,1263.0
1780245830,50,POST,SOAP/listar-playlists-usuario,66.400000,0.000000,140,150,170,170,190,230,290,320,340,340,340,5052,0,140.0,142.8358909194404,5.303391999859741,351.42507199998363,1608.0
1780245830,50,POST,SOAP/listar-usuarios,66.300000,0.000000,140,160,170,180,200,220,270,300,340,340,340,5074,0,140.0,150.22411629858033,7.03606699971715,1740.9207779996905,28012.0
1780245830,50,,Aggregated,331.900000,0.000000,140,160,170,180,200,230,290,310,330,350,350,25262,0,140.0,147.20561943242836,5.303391999859741,1740.9207779996905,20723.281687910698
1780245831,50,POST,SOAP/listar-musicas,66.200000,0.000000,150,170,180,180,200,220,300,310,370,370,370,5131,0,150.0,152.74859250945357,12.401186000261077,383.9975979999508,71703.0
1780245831,50,POST,SOAP/listar-musicas-playlist,65.900000,0.000000,140,150,170,170,200,240,270,290,360,360,360,5112,0,140.0,144.3695957987043,7.848902999739948,362.2706930000277,753.0
1780245831,50,POST,SOAP/listar-playlists-musica,66.300000,0.000000,140,150,170,180,200,240,290,320,370,370,370,5101,0,140.0,145.98662649127738,9.668512000189367,372.6804479997554,1263.0
1780245831,50,POST,SOAP/listar-playlists-usuario,66.000000,0.000000,140,160,170,180,190,230,290,320,360,360,360,5123,0,140.0,143.01539450654178,5.303391999859741,363.3556210002098,1608.0
1780245831,50,POST,SOAP/listar-usuarios,66.400000,0.000000,140,160,170,180,200,230,290,330,370,370,370,5137,0,140.0,150.29031230056447,7.03606699971715,1740.9207779996905,28012.0
1780245831,50,,Aggregated,330.800000,0.000000,140,160,170,180,200,230,290,320,360,370,370,25604,0,140.0,147.28782158904886,5.303391999859741,1740.9207779996905,20712.990938915795
1780245832,50,POST,SOAP/listar-musicas,66.200000,0.000000,150,170,180,180,200,220,300,320,370,370,370,5198,0,150.0,152.8050079403626,12.401186000261077,383.9975979999508,71703.0
1780245832,50,POST,SOAP/listar-musicas-playlist,66.000000,0.000000,140,150,160,170,190,220,260,290,360,360,360,5176,0,140.0,144.40082000057507,7.848902999739948,362.2706930000277,753.0
1780245832,50,POST,SOAP/listar-playlists-musica,66.500000,0.000000,140,150,170,170,200,230,290,320,370,370,370,5164,0,140.0,146.04062873702688,9.668512000189367,372.6804479997554,1263.0
1780245832,50,POST,SOAP/listar-playlists-usuario,66.200000,0.000000,140,160,170,170,190,220,290,320,360,360,360,5184,0,140.0,143.03792474653096,5.303391999859741,363.3556210002098,1608.0
1780245832,50,POST,SOAP/listar-usuarios,66.400000,0.000000,140,150,170,180,200,220,290,310,370,370,370,5205,0,140.0,150.21049863227665,7.03606699971715,1740.9207779996905,28012.0
1780245832,50,,Aggregated,331.300000,0.000000,140,160,170,180,200,220,290,320,360,370,370,25927,0,140.0,147.3061723169674,5.303391999859741,1740.9207779996905,20722.420102595748
1780245833,50,POST,SOAP/listar-musicas,66.500000,0.000000,150,170,180,190,200,220,300,320,370,370,370,5265,0,150.0,152.8979214564112,12.401186000261077,383.9975979999508,71703.0
1780245833,50,POST,SOAP/listar-musicas-playlist,66.500000,0.000000,140,150,170,170,200,230,280,290,360,360,360,5246,0,140.0,144.40592806442544,7.848902999739948,362.2706930000277,753.0
1780245833,50,POST,SOAP/listar-playlists-musica,66.600000,0.000000,140,160,170,170,200,240,290,310,370,370,370,5231,0,140.0,146.10545531485488,9.668512000189367,372.6804479997554,1263.0
1780245833,50,POST,SOAP/listar-playlists-usuario,66.600000,0.000000,140,160,170,180,200,230,290,320,360,360,360,5258,0,140.0,143.13210372784627,5.303391999859741,363.3556210002098,1608.0
1780245833,50,POST,SOAP/listar-usuarios,66.300000,0.000000,140,160,170,180,200,220,270,310,370,370,370,5271,0,140.0,150.28387159609164,7.03606699971715,1740.9207779996905,28012.0
1780245833,50,,Aggregated,332.500000,0.000000,140,160,170,180,200,230,290,310,360,370,370,26271,0,140.0,147.37062085303225,5.303391999859741,1740.9207779996905,20714.072627612197
1780245834,50,POST,SOAP/listar-musicas,66.400000,0.000000,150,170,180,180,200,220,300,320,370,370,370,5330,0,150.0,152.88741297767453,12.401186000261077,383.9975979999508,71703.0
1780245834,50,POST,SOAP/listar-musicas-playlist,66.200000,0.000000,140,150,160,170,200,220,260,290,360,360,360,5311,0,140.0,144.40885036508675,7.848902999739948,362.2706930000277,753.0
1780245834,50,POST,SOAP/listar-playlists-musica,66.200000,0.000000,140,160,170,170,210,240,290,310,370,370,370,5302,0,140.0,146.17718265466004,9.668512000189367,372.6804479997554,1263.0
1780245834,50,POST,SOAP/listar-playlists-usuario,66.200000,0.000000,140,160,170,170,200,220,290,320,360,360,360,5321,0,140.0,143.08902731761282,5.303391999859741,363.3556210002098,1608.0
1780245834,50,POST,SOAP/listar-usuarios,66.100000,0.000000,140,150,170,180,200,230,290,310,370,370,370,5343,0,140.0,150.25763010892715,7.03606699971715,1740.9207779996905,28012.0
1780245834,50,,Aggregated,331.100000,0.000000,140,160,170,180,200,230,290,310,360,370,370,26607,0,140.0,147.3702397836663,5.303391999859741,1740.9207779996905,20712.47728041493
1780245835,50,POST,SOAP/listar-musicas,66.200000,0.000000,150,170,180,180,200,220,300,330,370,370,370,5399,0,150.0,152.91835513798895,12.401186000261077,383.9975979999508,71703.0
1780245835,50,POST,SOAP/listar-musicas-playlist,66.300000,0.000000,140,150,160,170,200,220,280,290,360,360,360,5375,0,140.0,144.4842007640887,7.848902999739948,362.2706930000277,753.0
1780245835,50,POST,SOAP/listar-playlists-musica,66.100000,0.000000,140,160,170,170,210,240,290,310,370,370,370,5366,0,140.0,146.2573429215446,9.668512000189367,372.6804479997554,1263.0
1780245835,50,POST,SOAP/listar-playlists-usuario,66.500000,0.000000,140,160,170,170,200,220,280,310,360,360,360,5389,0,140.0,143.1695533202851,5.303391999859741,363.3556210002098,1608.0
1780245835,50,POST,SOAP/listar-usuarios,66.400000,0.000000,140,150,170,180,200,230,290,310,370,370,370,5408,0,140.0,150.25216055454825,7.03606699971715,1740.9207779996905,28012.0
1780245835,50,,Aggregated,331.500000,0.000000,140,160,170,180,200,230,290,310,360,370,370,26937,0,140.0,147.42287885570036,5.303391999859741,1740.9207779996905,20718.84537996065
1780245836,50,POST,SOAP/listar-musicas,66.300000,0.000000,150,170,180,180,200,220,300,330,370,370,370,5465,0,150.0,152.98328127337672,12.401186000261077,383.9975979999508,71703.0
1780245836,50,POST,SOAP/listar-musicas-playlist,66.200000,0.000000,140,150,170,170,200,220,280,290,360,360,360,5447,0,140.0,144.5485223928725,7.848902999739948,362.2706930000277,753.0
1780245836,50,POST,SOAP/listar-playlists-musica,66.200000,0.000000,140,160,170,170,210,230,290,290,370,370,370,5436,0,140.0,146.19698486865485,9.668512000189367,372.6804479997554,1263.0
1780245836,50,POST,SOAP/listar-playlists-usuario,66.500000,0.000000,140,160,170,170,200,220,280,310,360,360,360,5456,0,140.0,143.2300667028991,5.303391999859741,363.3556210002098,1608.0
1780245836,50,POST,SOAP/listar-usuarios,66.100000,0.000000,140,150,170,180,200,230,280,310,370,370,370,5473,0,140.0,150.2753036636208,7.03606699971715,1740.9207779996905,28012.0
1780245836,50,,Aggregated,331.300000,0.000000,140,160,170,180,200,220,290,310,360,370,370,27277,0,140.0,147.45229403017194,5.303391999859741,1740.9207779996905,20710.014957656633
1780245837,50,POST,SOAP/listar-musicas,66.400000,0.000000,150,170,180,180,200,220,300,330,370,370,370,5531,0,150.0,152.9989387277164,12.401186000261077,383.9975979999508,71703.0
1780245837,50,POST,SOAP/listar-musicas-playlist,66.500000,0.000000,140,150,160,170,200,220,280,300,360,360,360,5508,0,140.0,144.6419098066406,7.848902999739948,362.2706930000277,753.0
1780245837,50,POST,SOAP/listar-playlists-musica,66.900000,0.000000,140,150,170,170,200,220,280,290,370,370,370,5499,0,140.0,146.2518311058386,9.668512000189367,372.6804479997554,1263.0
1780245837,50,POST,SOAP/listar-playlists-usuario,66.900000,0.000000,140,160,170,180,190,220,280,310,360,360,360,5519,0,140.0,143.296975788914,5.303391999859741,363.3556210002098,1608.0
1780245837,50,POST,SOAP/listar-usuarios,66.400000,0.000000,140,150,170,180,200,230,300,310,370,370,370,5541,0,140.0,150.34662275076616,7.03606699971715,1740.9207779996905,28012.0
1780245837,50,,Aggregated,333.100000,0.000000,140,160,170,180,200,220,280,310,360,370,370,27598,0,140.0,147.5139587872307,5.303391999859741,1740.9207779996905,20717.84542358142
1780245838,50,POST,SOAP/listar-musicas,66.300000,0.000000,150,160,170,180,200,220,310,330,370,370,370,5598,0,150.0,153.08917164933894,12.401186000261077,383.9975979999508,71703.0
1780245838,50,POST,SOAP/listar-musicas-playlist,66.000000,0.000000,140,150,160,170,190,220,280,300,360,360,360,5581,0,140.0,144.67930540547903,7.848902999739948,362.2706930000277,753.0
1780245838,50,POST,SOAP/listar-playlists-musica,66.000000,0.000000,140,150,170,180,200,220,290,310,370,370,370,5568,0,140.0,146.31197086889446,9.668512000189367,372.6804479997554,1263.0
1780245838,50,POST,SOAP/listar-playlists-usuario,66.100000,0.000000,140,160,170,170,190,220,280,300,360,360,360,5590,0,140.0,143.34736437263248,5.303391999859741,363.3556210002098,1608.0
1780245838,50,POST,SOAP/listar-usuarios,66.400000,0.000000,140,150,170,180,200,220,290,310,370,370,370,5607,0,140.0,150.30126137809788,7.03606699971715,1740.9207779996905,28012.0
1780245838,50,,Aggregated,330.800000,0.000000,140,160,170,180,200,220,290,310,360,370,370,27944,0,140.0,147.55097264346523,5.303391999859741,1740.9207779996905,20708.569818207845
1780245839,50,POST,SOAP/listar-musicas,66.200000,0.000000,150,160,170,180,190,220,310,320,370,370,370,5663,0,150.0,153.06144007363588,12.401186000261077,383.9975979999508,71703.0
1780245839,50,POST,SOAP/listar-musicas-playlist,66.400000,0.000000,140,150,160,170,190,210,280,290,360,360,360,5646,0,140.0,144.70888523449864,7.848902999739948,362.2706930000277,753.0
1780245839,50,POST,SOAP/listar-playlists-musica,66.300000,0.000000,140,150,160,170,190,220,280,310,370,370,370,5637,0,140.0,146.34306520347764,9.668512000189367,372.6804479997554,1263.0
1780245839,50,POST,SOAP/listar-playlists-usuario,66.200000,0.000000,140,150,160,170,190,220,280,300,360,360,360,5654,0,140.0,143.36622867456978,5.303391999859741,363.3556210002098,1608.0
1780245839,50,POST,SOAP/listar-usuarios,66.200000,0.000000,140,150,170,180,190,220,280,310,370,370,370,5678,0,140.0,150.2385894293751,7.03606699971715,1740.9207779996905,28012.0
1780245839,50,,Aggregated,331.300000,0.000000,140,150,170,170,190,220,290,310,360,370,370,28278,0,140.0,147.5492088347475,5.303391999859741,1740.9207779996905,20707.575712568076
1780245840,50,POST,SOAP/listar-musicas,66.000000,0.000000,150,160,170,180,190,220,310,320,360,360,360,5732,0,150.0,153.19606952913486,12.401186000261077,383.9975979999508,71703.0
1780245840,50,POST,SOAP/listar-musicas-playlist,66.400000,0.000000,140,150,160,170,190,220,280,290,340,340,340,5711,0,140.0,144.80969183172505,7.848902999739948,362.2706930000277,753.0
1780245840,50,POST,SOAP/listar-playlists-musica,66.400000,0.000000,140,150,160,170,190,220,280,300,320,320,320,5701,0,140.0,146.4180980901601,9.668512000189367,372.6804479997554,1263.0
1780245840,50,POST,SOAP/listar-playlists-usuario,66.100000,0.000000,140,150,160,170,190,220,280,290,340,340,340,5723,0,140.0,143.45088996802693,5.303391999859741,363.3556210002098,1608.0
1780245840,50,POST,SOAP/listar-usuarios,66.200000,0.000000,140,150,160,170,190,230,290,310,340,340,340,5742,0,140.0,150.27020938139898,7.03606699971715,1740.9207779996905,28012.0
1780245840,50,,Aggregated,331.100000,0.000000,140,150,170,170,190,220,280,310,340,360,360,28609,0,140.0,147.63461090422572,5.303391999859741,1740.9207779996905,20712.00775979587
1780245841,50,POST,SOAP/listar-musicas,66.100000,0.000000,150,160,170,180,190,220,300,320,360,360,360,5798,0,150.0,153.21263986736795,12.401186000261077,383.9975979999508,71703.0
1780245841,50,POST,SOAP/listar-musicas-playlist,66.200000,0.000000,140,150,160,170,190,210,280,300,340,340,340,5780,0,140.0,144.82411167231515,7.848902999739948,362.2706930000277,753.0
1780245841,50,POST,SOAP/listar-playlists-musica,66.000000,0.000000,140,150,160,170,190,220,280,300,320,320,320,5771,0,140.0,146.47432277976128,9.668512000189367,372.6804479997554,1263.0
1780245841,50,POST,SOAP/listar-playlists-usuario,66.200000,0.000000,140,150,160,170,190,220,290,300,340,340,340,5789,0,140.0,143.5158940701363,5.303391999859741,363.3556210002098,1608.0
1780245841,50,POST,SOAP/listar-usuarios,66.100000,0.000000,140,150,160,170,190,220,290,310,340,340,340,5807,0,140.0,150.2341175991035,7.03606699971715,1740.9207779996905,28012.0
1780245841,50,,Aggregated,330.600000,0.000000,140,150,160,170,190,220,290,310,340,360,360,28945,0,140.0,147.65716358089472,5.303391999859741,1740.9207779996905,20706.49518051477
1780245842,50,POST,SOAP/listar-musicas,66.200000,0.000000,150,160,170,180,190,200,300,320,360,360,360,5866,0,150.0,153.25621193914094,12.401186000261077,383.9975979999508,71703.0
1780245842,50,POST,SOAP/listar-musicas-playlist,66.300000,0.000000,140,150,160,170,180,210,280,310,340,340,340,5842,0,140.0,144.84439591886039,7.848902999739948,362.2706930000277,753.0
1780245842,50,POST,SOAP/listar-playlists-musica,65.800000,0.000000,140,150,160,170,190,210,290,310,320,320,320,5834,0,140.0,146.53648452708302,9.668512000189367,372.6804479997554,1263.0
1780245842,50,POST,SOAP/listar-playlists-usuario,66.000000,0.000000,140,150,160,170,180,220,290,300,310,310,310,5849,0,140.0,143.50611110172974,5.303391999859741,363.3556210002098,1608.0
1780245842,50,POST,SOAP/listar-usuarios,65.900000,0.000000,140,150,160,170,190,200,290,310,340,340,340,5876,0,140.0,150.19010926140155,7.03606699971715,1740.9207779996905,28012.0
1780245842,50,,Aggregated,330.200000,0.000000,140,150,160,170,190,210,290,310,330,360,360,29267,0,140.0,147.67349153579113,5.303391999859741,1740.9207779996905,20718.928144326375
1780245843,50,POST,SOAP/listar-musicas,66.000000,0.000000,150,160,170,180,190,210,300,320,360,360,360,5934,0,150.0,153.2824021201552,12.401186000261077,383.9975979999508,71703.0
1780245843,50,POST,SOAP/listar-musicas-playlist,66.200000,0.000000,140,150,160,170,180,200,290,310,340,340,340,5917,0,140.0,144.83084782423262,7.848902999739948,362.2706930000277,753.0
1780245843,50,POST,SOAP/listar-playlists-musica,65.800000,0.000000,140,150,160,170,190,210,290,310,320,320,320,5904,0,140.0,146.56736461128077,9.668512000189367,372.6804479997554,1263.0
1780245843,50,POST,SOAP/listar-playlists-usuario,65.900000,0.000000,140,150,160,170,180,200,290,300,310,310,310,5925,0,140.0,143.51921365485543,5.303391999859741,363.3556210002098,1608.0
1780245843,50,POST,SOAP/listar-usuarios,66.400000,0.000000,140,150,160,170,190,200,290,300,340,340,340,5943,0,140.0,150.1249262725882,7.03606699971715,1740.9207779996905,28012.0
1780245843,50,,Aggregated,330.300000,0.000000,140,150,160,170,190,200,290,310,340,360,360,29623,0,140.0,147.6696958162574,5.303391999859741,1740.9207779996905,20706.9024406711
1780245844,50,POST,SOAP/listar-musicas,65.900000,0.000000,150,160,170,180,200,210,320,320,360,360,360,5999,0,150.0,153.3362453720617,12.401186000261077,383.9975979999508,71703.0
1780245844,50,POST,SOAP/listar-musicas-playlist,66.200000,0.000000,140,150,150,160,180,200,290,310,340,340,340,5980,0,140.0,144.7943159135425,7.848902999739948,362.2706930000277,753.0
1780245844,50,POST,SOAP/listar-playlists-musica,66.700000,0.000000,140,150,160,170,190,200,280,310,320,320,320,5971,0,140.0,146.55373215926986,9.668512000189367,372.6804479997554,1263.0
1780245844,50,POST,SOAP/listar-playlists-usuario,66.200000,0.000000,140,150,160,170,190,200,280,300,310,310,310,5990,0,140.0,143.5708620607709,5.303391999859741,363.3556210002098,1608.0
1780245844,50,POST,SOAP/listar-usuarios,66.600000,0.000000,140,150,160,170,190,200,290,300,340,340,340,6013,0,140.0,150.0448702521192,7.03606699971715,1740.9207779996905,28012.0
1780245844,50,,Aggregated,331.600000,0.000000,140,150,160,170,190,200,290,310,340,360,360,29953,0,140.0,147.6652004287714,5.303391999859741,1740.9207779996905,20707.731646245786
1780245845,50,POST,SOAP/listar-musicas,66.300000,0.000000,150,160,170,180,190,210,300,320,340,340,340,6069,0,150.0,153.409931463667,12.401186000261077,383.9975979999508,71703.0
1780245845,50,POST,SOAP/listar-musicas-playlist,66.200000,0.000000,140,150,150,160,180,210,290,310,340,340,340,6046,0,140.0,144.9375013807447,7.848902999739948,362.2706930000277,753.0
1780245845,50,POST,SOAP/listar-playlists-musica,66.800000,0.000000,140,150,160,170,190,200,280,310,320,320,320,6034,0,140.0,146.6112970205498,9.668512000189367,372.6804479997554,1263.0
1780245845,50,POST,SOAP/listar-playlists-usuario,66.100000,0.000000,140,150,160,170,190,240,290,300,310,310,310,6060,0,140.0,143.70273400660355,5.303391999859741,363.3556210002098,1608.0
1780245845,50,POST,SOAP/listar-usuarios,66.400000,0.000000,140,150,150,160,190,200,290,300,340,340,340,6076,0,140.0,150.0516978956537,7.03606699971715,1740.9207779996905,28012.0
1780245845,50,,Aggregated,331.800000,0.000000,140,150,160,170,190,200,290,310,340,340,340,30285,0,140.0,147.7478044615149,5.303391999859741,1740.9207779996905,20712.711870562984
1780245846,50,POST,SOAP/listar-musicas,66.600000,0.000000,150,160,180,180,200,230,320,320,370,370,370,6134,0,150.0,153.4599971103673,12.401186000261077,383.9975979999508,71703.0
1780245846,50,POST,SOAP/listar-musicas-playlist,66.400000,0.000000,140,150,150,160,180,210,290,300,340,340,340,6119,0,140.0,144.81947000244836,7.848902999739948,362.2706930000277,753.0
1780245846,50,POST,SOAP/listar-playlists-musica,66.400000,0.000000,140,150,160,170,190,210,270,310,320,320,320,6109,0,140.0,146.4716783010306,9.668512000189367,372.6804479997554,1263.0
1780245846,50,POST,SOAP/listar-playlists-usuario,66.200000,0.000000,140,150,160,170,190,230,290,300,310,310,310,6130,0,140.0,143.6743073743913,5.303391999859741,363.3556210002098,1608.0
1780245846,50,POST,SOAP/listar-usuarios,65.800000,0.000000,140,150,160,160,190,210,270,290,340,340,340,6146,0,140.0,149.95329080247126,7.03606699971715,1740.9207779996905,28012.0
1780245846,50,,Aggregated,331.400000,0.000000,140,150,160,170,190,210,290,310,340,370,370,30638,0,140.0,147.67954407722362,5.303391999859741,1740.9207779996905,20698.748873947385
1780245847,50,POST,SOAP/listar-musicas,66.300000,0.000000,150,160,180,180,200,230,320,330,370,370,370,6201,0,150.0,153.61935507385755,12.401186000261077,383.9975979999508,71703.0
1780245847,50,POST,SOAP/listar-musicas-playlist,66.300000,0.000000,140,150,160,170,190,220,290,310,340,340,340,6178,0,140.0,144.92932430608323,7.848902999739948,362.2706930000277,753.0
1780245847,50,POST,SOAP/listar-playlists-musica,65.900000,0.000000,140,150,160,170,190,210,270,300,320,320,320,6170,0,140.0,146.50454875899447,9.668512000189367,372.6804479997554,1263.0
1780245847,50,POST,SOAP/listar-playlists-usuario,65.800000,0.000000,140,150,160,170,190,220,280,300,310,310,310,6185,0,140.0,143.7545810671011,5.303391999859741,363.3556210002098,1608.0
1780245847,50,POST,SOAP/listar-usuarios,66.400000,0.000000,140,150,160,170,190,210,260,290,340,340,340,6213,0,140.0,149.99412063656663,7.03606699971715,1740.9207779996905,28012.0
1780245847,50,,Aggregated,330.700000,0.000000,140,150,160,170,190,220,290,300,340,370,370,30947,0,140.0,147.76668522422122,5.303391999859741,1740.9207779996905,20714.740782628363
1780245848,50,POST,SOAP/listar-musicas,66.400000,0.000000,150,160,180,180,200,230,320,330,370,370,370,6271,0,150.0,153.62029442831923,12.401186000261077,383.9975979999508,71703.0
1780245848,50,POST,SOAP/listar-musicas-playlist,66.700000,0.000000,140,150,160,170,190,220,290,310,340,340,340,6252,0,140.0,144.921881547182,7.848902999739948,362.2706930000277,753.0
1780245848,50,POST,SOAP/listar-playlists-musica,66.100000,0.000000,140,150,160,170,200,220,280,310,330,330,330,6241,0,140.0,146.5062625028031,9.668512000189367,372.6804479997554,1263.0
1780245848,50,POST,SOAP/listar-playlists-usuario,66.700000,0.000000,140,150,170,180,190,230,280,290,360,360,360,6262,0,140.0,143.82689396710649,5.303391999859741,363.3556210002098,1608.0
1780245848,50,POST,SOAP/listar-usuarios,66.600000,0.000000,140,150,160,170,200,210,260,290,340,340,340,6277,0,140.0,149.9276224363532,7.03606699971715,1740.9207779996905,28012.0
1780245848,50,,Aggregated,332.500000,0.000000,140,150,170,180,200,220,290,310,350,370,370,31303,0,140.0,147.76506245816591,5.303391999859741,1740.9207779996905,20705.37239242245
1780245849,50,POST,SOAP/listar-musicas,66.300000,0.000000,150,160,180,190,200,230,320,340,370,370,370,6335,0,150.0,153.68320570418126,12.401186000261077,383.9975979999508,71703.0
1780245849,50,POST,SOAP/listar-musicas-playlist,66.600000,0.000000,140,150,160,170,190,220,290,310,340,340,340,6318,0,140.0,144.91888781892723,7.848902999739948,362.2706930000277,753.0
1780245849,50,POST,SOAP/listar-playlists-musica,67.000000,0.000000,140,150,160,170,200,220,280,310,330,330,330,6308,0,140.0,146.40031121924432,9.668512000189367,372.6804479997554,1263.0
1780245849,50,POST,SOAP/listar-playlists-usuario,66.700000,0.000000,140,150,170,180,200,220,280,300,360,360,360,6324,0,140.0,143.86235962713775,5.303391999859741,363.3556210002098,1608.0
1780245849,50,POST,SOAP/listar-usuarios,66.700000,0.000000,140,150,160,170,200,220,250,270,300,300,300,6349,0,140.0,149.88234493557812,7.03606699971715,1740.9207779996905,28012.0
1780245849,50,,Aggregated,333.300000,0.000000,140,150,170,170,200,220,280,310,350,370,370,31634,0,140.0,147.75439004947086,5.303391999859741,1740.9207779996905,20704.942245685022
1780245850,50,POST,SOAP/listar-musicas,66.500000,0.000000,150,170,180,190,210,230,320,340,370,370,370,6405,0,150.0,153.88264663793692,12.401186000261077,383.9975979999508,71703.0
1780245850,50,POST,SOAP/listar-musicas-playlist,66.300000,0.000000,140,150,160,170,190,220,290,300,340,340,340,6382,0,140.0,144.92165286007284,7.848902999739948,362.2706930000277,753.0
1780245850,50,POST,SOAP/listar-playlists-musica,66.600000,0.000000,140,150,160,170,200,220,290,310,330,330,330,6370,0,140.0,146.5052912681306,9.668512000189367,372.6804479997554,1263.0
1780245850,50,POST,SOAP/listar-playlists-usuario,66.100000,0.000000,140,160,170,180,200,220,270,300,360,360,360,6397,0,140.0,144.0059487367546,5.303391999859741,363.3556210002098,1608.0
1780245850,50,POST,SOAP/listar-usuarios,66.600000,0.000000,140,150,160,180,200,220,250,270,310,310,310,6414,0,140.0,149.97065301137928,7.03606699971715,1740.9207779996905,28012.0
1780245850,50,,Aggregated,332.100000,0.000000,140,150,170,180,200,220,280,310,350,370,370,31968,0,140.0,147.86238951861117,5.303391999859741,1740.9207779996905,20710.21067942943
1780245851,50,POST,SOAP/listar-musicas,66.700000,0.000000,150,170,180,190,210,230,320,340,370,370,370,6469,0,150.0,153.81274599273215,12.401186000261077,383.9975979999508,71703.0
1780245851,50,POST,SOAP/listar-musicas-playlist,66.500000,0.000000,130,150,160,170,190,210,260,300,340,340,340,6457,0,140.0,144.82999047034,7.848902999739948,362.2706930000277,753.0
1780245851,50,POST,SOAP/listar-playlists-musica,66.400000,0.000000,130,150,160,180,200,230,270,320,330,330,330,6446,0,140.0,146.42506158144468,9.668512000189367,372.6804479997554,1263.0
1780245851,50,POST,SOAP/listar-playlists-usuario,66.600000,0.000000,140,160,170,180,200,230,280,310,360,360,360,6464,0,140.0,143.97331712190908,5.303391999859741,363.3556210002098,1608.0
1780245851,50,POST,SOAP/listar-usuarios,66.300000,0.000000,130,150,170,180,200,220,250,270,320,320,320,6485,0,140.0,149.844321484655,7.03606699971715,1740.9207779996905,28012.0
1780245851,50,,Aggregated,332.500000,0.000000,140,150,170,180,200,220,270,310,350,370,370,32321,0,140.0,147.7807554206849,5.303391999859741,1740.9207779996905,20695.586708332045
1780245852,50,POST,SOAP/listar-musicas,66.600000,0.000000,150,170,180,190,210,230,310,340,370,370,370,6539,0,150.0,153.92187958907806,12.401186000261077,383.9975979999508,71703.0
1780245852,50,POST,SOAP/listar-musicas-playlist,66.700000,0.000000,140,150,160,170,190,210,250,290,340,340,340,6516,0,140.0,144.84247652179027,7.848902999739948,362.2706930000277,753.0
1780245852,50,POST,SOAP/listar-playlists-musica,66.700000,0.000000,130,150,170,180,200,230,280,320,330,330,330,6511,0,140.0,146.52916313300494,9.668512000189367,372.6804479997554,1263.0
1780245852,50,POST,SOAP/listar-playlists-usuario,66.300000,0.000000,140,160,170,180,200,230,280,310,360,360,360,6528,0,140.0,144.09401471431056,5.303391999859741,363.3556210002098,1608.0
1780245852,50,POST,SOAP/listar-usuarios,66.700000,0.000000,140,150,170,180,200,220,250,290,330,330,330,6547,0,140.0,149.89816754314782,7.03606699971715,1740.9207779996905,28012.0
1780245852,50,,Aggregated,333.000000,0.000000,140,150,170,180,200,220,270,320,360,370,370,32641,0,140.0,147.8621721077158,5.303391999859741,1740.9207779996905,20706.701571643025
1780245853,50,POST,SOAP/listar-musicas,66.700000,0.000000,150,170,180,190,210,230,310,330,370,370,370,6607,0,150.0,153.96263858104788,12.401186000261077,383.9975979999508,71703.0
1780245853,50,POST,SOAP/listar-musicas-playlist,66.600000,0.000000,140,150,160,170,190,220,260,300,340,340,340,6586,0,140.0,144.83797576692766,7.848902999739948,362.2706930000277,753.0
1780245853,50,POST,SOAP/listar-playlists-musica,66.700000,0.000000,130,150,170,180,200,230,280,320,330,330,330,6574,0,140.0,146.54029214678948,9.668512000189367,372.6804479997554,1263.0
1780245853,50,POST,SOAP/listar-playlists-usuario,66.800000,0.000000,140,160,170,180,200,230,290,320,360,360,360,6596,0,140.0,144.1201609467887,5.303391999859741,363.3556210002098,1608.0
1780245853,50,POST,SOAP/listar-usuarios,66.700000,0.000000,140,150,170,180,200,230,260,320,350,350,350,6614,0,140.0,149.94252353371525,7.03606699971715,1740.9207779996905,28012.0
1780245853,50,,Aggregated,333.500000,0.000000,140,160,170,180,200,230,290,320,360,370,370,32977,0,140.0,147.88568924814098,5.303391999859741,1740.9207779996905,20707.816872365587
1780245854,50,POST,SOAP/listar-musicas,66.700000,0.000000,150,170,180,190,210,230,310,330,370,370,370,6674,0,150.0,153.92040446913148,12.401186000261077,383.9975979999508,71703.0
1780245854,50,POST,SOAP/listar-musicas-playlist,67.000000,0.000000,140,150,160,170,190,220,260,300,340,340,340,6654,0,140.0,144.86838015389048,7.848902999739948,362.2706930000277,753.0
1780245854,50,POST,SOAP/listar-playlists-musica,66.600000,0.000000,130,150,170,180,200,230,280,320,330,330,330,6644,0,140.0,146.56251419792198,9.668512000189367,372.6804479997554,1263.0
1780245854,50,POST,SOAP/listar-playlists-usuario,66.900000,0.000000,140,160,170,180,200,230,280,320,360,360,360,6661,0,140.0,144.07581609848614,5.303391999859741,363.3556210002098,1608.0
1780245854,50,POST,SOAP/listar-usuarios,66.500000,0.000000,140,150,170,180,200,230,280,320,350,350,350,6684,0,140.0,149.90048640200374,7.03606699971715,1740.9207779996905,28012.0
1780245854,50,,Aggregated,333.700000,0.000000,140,160,170,180,200,230,280,320,360,370,370,33317,0,140.0,147.87058220863065,5.303391999859741,1740.9207779996905,20706.86892577363
1780245855,50,POST,SOAP/listar-musicas,66.600000,0.000000,150,160,180,190,200,230,300,320,360,360,360,6741,0,150.0,153.84928830499686,12.401186000261077,383.9975979999508,71703.0
1780245855,50,POST,SOAP/listar-musicas-playlist,66.700000,0.000000,140,150,160,160,190,230,290,290,340,340,340,6723,0,140.0,144.950053961027,7.848902999739948,362.2706930000277,753.0
1780245855,50,POST,SOAP/listar-playlists-musica,66.800000,0.000000,130,150,160,170,200,230,290,320,330,330,330,6712,0,140.0,146.5808960350109,9.668512000189367,372.6804479997554,1263.0
1780245855,50,POST,SOAP/listar-playlists-usuario,66.200000,0.000000,140,150,170,180,200,230,290,320,360,360,360,6732,0,140.0,144.10781132041248,5.303391999859741,363.3556210002098,1608.0
1780245855,50,POST,SOAP/listar-usuarios,66.700000,0.000000,140,150,160,170,200,230,290,320,350,350,350,6752,0,140.0,149.91051930139125,7.03606699971715,1740.9207779996905,28012.0
1780245855,50,,Aggregated,333.000000,0.000000,140,150,160,170,200,230,290,320,350,360,360,33660,0,140.0,147.8840716447696,5.303391999859741,1740.9207779996905,20702.6642305407
1780245856,50,POST,SOAP/listar-musicas,66.600000,0.000000,150,160,170,180,200,230,300,320,350,350,350,6808,0,150.0,153.7763127827534,12.401186000261077,383.9975979999508,71703.0
1780245856,50,POST,SOAP/listar-musicas-playlist,66.600000,0.000000,140,150,160,160,190,230,280,290,340,340,340,6788,0,140.0,144.9966749454899,7.848902999739948,362.2706930000277,753.0
1780245856,50,POST,SOAP/listar-playlists-musica,66.400000,0.000000,140,150,160,170,200,240,290,320,330,330,330,6781,0,140.0,146.63735365535953,9.668512000189367,372.6804479997554,1263.0
1780245856,50,POST,SOAP/listar-playlists-usuario,66.500000,0.000000,140,150,160,170,200,230,290,320,360,360,360,6799,0,140.0,144.06961063480122,5.303391999859741,363.3556210002098,1608.0
1780245856,50,POST,SOAP/listar-usuarios,66.800000,0.000000,140,150,160,170,200,230,290,320,350,350,350,6819,0,140.0,149.8697353814333,7.03606699971715,1740.9207779996905,28012.0
1780245856,50,,Aggregated,332.900000,0.000000,140,150,160,170,200,230,290,320,350,360,360,33995,0,140.0,147.87426004894684,5.303391999859741,1740.9207779996905,20702.350669216063
1780245857,50,POST,SOAP/listar-musicas,66.600000,0.000000,150,160,170,180,200,230,300,320,350,350,350,6875,0,150.0,153.84675671141582,12.401186000261077,383.9975979999508,71703.0
1780245857,50,POST,SOAP/listar-musicas-playlist,67.000000,0.000000,140,150,150,160,190,210,280,290,320,320,320,6858,0,140.0,145.07973549591478,7.848902999739948,362.2706930000277,753.0
1780245857,50,POST,SOAP/listar-playlists-musica,66.900000,0.000000,140,150,160,170,200,240,290,320,330,330,330,6847,0,140.0,146.60962283101964,9.668512000189367,372.6804479997554,1263.0
1780245857,50,POST,SOAP/listar-playlists-usuario,67.000000,0.000000,140,150,160,160,190,220,290,310,360,360,360,6867,0,140.0,144.07403331163772,5.303391999859741,363.3556210002098,1608.0
1780245857,50,POST,SOAP/listar-usuarios,66.600000,0.000000,140,150,160,170,200,240,290,320,350,350,350,6886,0,140.0,149.9837630233798,7.03606699971715,1740.9207779996905,28012.0
1780245857,50,,Aggregated,334.100000,0.000000,140,150,160,170,190,230,290,320,340,360,360,34333,0,140.0,147.9228131790392,5.303391999859741,1740.9207779996905,20700.280429907085
1780245858,50,POST,SOAP/listar-musicas,66.500000,0.000000,150,160,160,170,200,230,300,310,350,350,350,6943,0,150.0,153.83915069523053,12.401186000261077,383.9975979999508,71703.0
1780245858,50,POST,SOAP/listar-musicas-playlist,66.600000,0.000000,140,150,160,160,180,230,290,290,320,320,320,6923,0,140.0,145.12454695016334,7.848902999739948,362.2706930000277,753.0
1780245858,50,POST,SOAP/listar-playlists-musica,66.800000,0.000000,140,150,160,160,200,240,290,320,330,330,330,6915,0,140.0,146.6729976814162,9.668512000189367,372.6804479997554,1263.0
1780245858,50,POST,SOAP/listar-playlists-usuario,66.400000,0.000000,140,150,150,160,190,230,290,310,360,360,360,6932,0,140.0,144.11717658857694,5.303391999859741,363.3556210002098,1608.0
1780245858,50,POST,SOAP/listar-usuarios,66.600000,0.000000,140,150,160,170,190,240,290,320,350,350,350,6952,0,140.0,149.99379106645475,7.03606699971715,1740.9207779996905,28012.0
1780245858,50,,Aggregated,332.900000,0.000000,140,150,160,160,190,230,290,310,340,360,360,34665,0,140.0,147.9539404121147,5.303391999859741,1740.9207779996905,20702.91859224001
1780245859,50,POST,SOAP/listar-musicas,66.700000,0.000000,150,150,160,170,190,230,300,310,350,350,350,7011,0,150.0,153.78787338482172,12.401186000261077,383.9975979999508,71703.0
1780245859,50,POST,SOAP/listar-musicas-playlist,66.400000,0.000000,140,150,160,160,180,230,290,300,320,320,320,6989,0,140.0,145.1503011654,7.848902999739948,362.2706930000277,753.0
1780245859,50,POST,SOAP/listar-playlists-musica,66.400000,0.000000,140,150,160,160,200,240,290,310,330,330,330,6981,0,140.0,146.7127968783834,9.668512000189367,372.6804479997554,1263.0
1780245859,50,POST,SOAP/listar-playlists-usuario,66.900000,0.000000,140,150,150,160,190,220,290,310,360,360,360,7000,0,140.0,144.07151209757365,5.303391999859741,363.3556210002098,1608.0
1780245859,50,POST,SOAP/listar-usuarios,66.400000,0.000000,140,150,160,160,190,250,290,320,350,350,350,7023,0,140.0,150.02265097636263,7.03606699971715,1740.9207779996905,28012.0
1780245859,50,,Aggregated,332.800000,0.000000,140,150,160,160,190,240,290,310,340,360,360,35004,0,140.0,147.95377478699484,5.303391999859741,1740.9207779996905,20705.454490915323
1780245860,50,POST,SOAP/listar-musicas,66.700000,0.000000,150,150,160,160,180,220,300,310,340,340,340,7079,0,150.0,153.78509843890134,12.401186000261077,383.9975979999508,71703.0
1780245860,50,POST,SOAP/listar-musicas-playlist,66.800000,0.000000,140,150,160,160,170,230,290,300,350,350,350,7057,0,140.0,145.21724514240896,7.848902999739948,362.2706930000277,753.0
1780245860,50,POST,SOAP/listar-playlists-musica,66.900000,0.000000,140,150,160,160,190,240,280,300,330,330,330,7049,0,140.0,146.7253510292229,9.668512000189367,372.6804479997554,1263.0
1780245860,50,POST,SOAP/listar-playlists-usuario,66.900000,0.000000,140,150,150,150,180,210,280,300,360,360,360,7068,0,140.0,144.10886618605193,5.303391999859741,363.3556210002098,1608.0
1780245860,50,POST,SOAP/listar-usuarios,66.500000,0.000000,140,150,160,160,190,250,290,320,350,350,350,7087,0,140.0,150.01930394891963,7.03606699971715,1740.9207779996905,28012.0
1780245860,50,,Aggregated,333.800000,0.000000,140,150,160,160,180,240,290,310,350,360,360,35340,0,140.0,147.97561073890668,5.303391999859741,1740.9207779996905,20704.265223542727
1780245861,50,POST,SOAP/listar-musicas,66.700000,0.000000,150,150,160,160,180,210,300,310,340,340,340,7148,0,150.0,153.7588066592032,12.401186000261077,383.9975979999508,71703.0
1780245861,50,POST,SOAP/listar-musicas-playlist,66.800000,0.000000,140,150,160,160,170,230,290,300,350,350,350,7128,0,140.0,145.2524856217709,7.848902999739948,362.2706930000277,753.0
1780245861,50,POST,SOAP/listar-playlists-musica,67.000000,0.000000,140,150,160,160,180,240,280,290,330,330,330,7118,0,140.0,146.71189335698105,9.668512000189367,372.6804479997554,1263.0
1780245861,50,POST,SOAP/listar-playlists-usuario,66.600000,0.000000,140,150,150,150,170,240,280,300,350,350,350,7136,0,140.0,144.11774773472754,5.303391999859741,363.3556210002098,1608.0
1780245861,50,POST,SOAP/listar-usuarios,66.900000,0.000000,140,150,160,160,180,240,290,310,350,350,350,7157,0,140.0,149.96076556545955,7.03606699971715,1740.9207779996905,28012.0
1780245861,50,,Aggregated,334.000000,0.000000,140,150,160,160,170,240,290,300,340,350,350,35687,0,140.0,147.9647034330139,5.303391999859741,1740.9207779996905,20703.534452321575
1780245862,50,POST,SOAP/listar-musicas,66.600000,0.000000,150,150,160,160,170,200,300,310,340,340,340,7213,0,150.0,153.80837904616442,12.401186000261077,383.9975979999508,71703.0
1780245862,50,POST,SOAP/listar-musicas-playlist,66.600000,0.000000,140,150,160,160,170,250,290,300,350,350,350,7194,0,140.0,145.3470272442293,7.848902999739948,362.2706930000277,753.0
1780245862,50,POST,SOAP/listar-playlists-musica,66.700000,0.000000,140,150,160,160,170,240,280,290,330,330,330,7180,0,140.0,146.7643612746507,9.668512000189367,372.6804479997554,1263.0
1780245862,50,POST,SOAP/listar-playlists-usuario,67.000000,0.000000,140,150,150,150,170,240,290,300,350,350,350,7204,0,140.0,144.17213968115206,5.303391999859741,363.3556210002098,1608.0
1780245862,50,POST,SOAP/listar-usuarios,66.600000,0.000000,140,150,160,160,170,240,290,300,350,350,350,7225,0,140.0,150.00532383806123,7.03606699971715,1740.9207779996905,28012.0
1780245862,50,,Aggregated,333.500000,0.000000,140,150,160,160,170,240,290,300,340,350,350,36016,0,140.0,148.02362908151852,5.303391999859741,1740.9207779996905,20703.295563083073
1780245863,50,POST,SOAP/listar-musicas,66.700000,0.000000,150,150,160,160,170,200,300,310,340,340,340,7279,0,150.0,153.73593913325792,12.401186000261077,383.9975979999508,71703.0
1780245863,50,POST,SOAP/listar-musicas-playlist,66.700000,0.000000,140,150,160,160,170,250,300,300,350,350,350,7262,0,140.0,145.33769075543768,7.848902999739948,362.2706930000277,753.0
1780245863,50,POST,SOAP/listar-playlists-musica,66.800000,0.000000,140,150,160,160,170,250,290,290,330,330,330,7254,0,140.0,146.78061163992152,9.668512000189367,372.6804479997554,1263.0
1780245863,50,POST,SOAP/listar-playlists-usuario,66.600000,0.000000,140,140,150,150,170,240,290,300,350,350,350,7273,0,140.0,144.14708178977264,5.303391999859741,363.3556210002098,1608.0
1780245863,50,POST,SOAP/listar-usuarios,66.700000,0.000000,140,150,160,160,170,240,290,300,340,340,340,7293,0,140.0,149.98799234759244,7.03606699971715,1740.9207779996905,28012.0
1780245863,50,,Aggregated,333.500000,0.000000,140,150,160,160,170,240,290,300,340,350,350,36361,0,140.0,148.0013454553219,5.303391999859741,1740.9207779996905,20696.425428343555
1780245864,50,POST,SOAP/listar-musicas,66.700000,0.000000,150,150,160,160,170,200,300,320,340,340,340,7347,0,150.0,153.77020677636915,12.401186000261077,383.9975979999508,71703.0
1780245864,50,POST,SOAP/listar-musicas-playlist,66.200000,0.000000,140,150,160,160,170,260,300,300,350,350,350,7325,0,140.0,145.40983798935054,7.848902999739948,362.2706930000277,753.0
1780245864,50,POST,SOAP/listar-playlists-musica,66.400000,0.000000,140,150,160,160,170,250,290,300,330,330,330,7320,0,140.0,146.83729701967067,9.668512000189367,372.6804479997554,1263.0
1780245864,50,POST,SOAP/listar-playlists-usuario,66.400000,0.000000,140,150,150,150,170,240,280,300,350,350,350,7338,0,140.0,144.19202193772347,5.303391999859741,363.3556210002098,1608.0
1780245864,50,POST,SOAP/listar-usuarios,66.500000,0.000000,150,150,160,160,170,250,290,290,340,340,340,7358,0,140.0,149.9903881153839,7.03606699971715,1740.9207779996905,28012.0
1780245864,50,,Aggregated,332.200000,0.000000,140,150,160,160,170,250,290,300,340,350,350,36688,0,140.0,148.04394132615485,5.303391999859741,1740.9207779996905,20700.90018534671
1780245865,50,POST,SOAP/listar-musicas,66.400000,0.000000,150,150,160,160,170,200,300,310,340,340,340,7416,0,150.0,153.79459722262465,12.401186000261077,383.9975979999508,71703.0
1780245865,50,POST,SOAP/listar-musicas-playlist,66.600000,0.000000,140,150,160,160,170,190,300,300,350,350,350,7393,0,140.0,145.45789386067798,7.848902999739948,362.2706930000277,753.0
1780245865,50,POST,SOAP/listar-playlists-musica,66.400000,0.000000,140,150,160,160,170,240,280,300,330,330,330,7384,0,140.0,146.86405467944056,9.668512000189367,372.6804479997554,1263.0
1780245865,50,POST,SOAP/listar-playlists-usuario,66.800000,0.000000,140,150,150,160,170,240,290,300,350,350,350,7403,0,140.0,144.25888061529318,5.303391999859741,363.3556210002098,1608.0
1780245865,50,POST,SOAP/listar-usuarios,66.600000,0.000000,150,150,160,160,170,240,290,300,340,340,340,7421,0,140.0,150.0193478075722,7.03606699971715,1740.9207779996905,28012.0
1780245865,50,,Aggregated,332.800000,0.000000,140,150,160,160,170,200,290,310,340,350,350,37017,0,140.0,148.08323730564226,5.303391999859741,1740.9207779996905,20704.634222114164
1780245866,50,POST,SOAP/listar-musicas,66.500000,0.000000,150,150,160,160,170,200,300,310,330,330,330,7482,0,150.0,153.77437212082145,12.401186000261077,383.9975979999508,71703.0
1780245866,50,POST,SOAP/listar-musicas-playlist,66.600000,0.000000,140,150,150,160,170,200,300,310,350,350,350,7464,0,140.0,145.43137550214252,7.848902999739948,362.2706930000277,753.0
1780245866,50,POST,SOAP/listar-playlists-musica,66.600000,0.000000,140,150,160,160,170,200,280,300,330,330,330,7452,0,140.0,146.85847096390066,9.668512000189367,372.6804479997554,1263.0
1780245866,50,POST,SOAP/listar-playlists-usuario,66.700000,0.000000,140,150,150,160,170,240,290,310,350,350,350,7469,0,140.0,144.24694183277725,5.303391999859741,363.3556210002098,1608.0
1780245866,50,POST,SOAP/listar-usuarios,66.500000,0.000000,140,150,160,160,170,200,290,300,330,330,330,7491,0,140.0,149.91671095914992,7.03606699971715,1740.9207779996905,28012.0
1780245866,50,,Aggregated,332.900000,0.000000,140,150,160,160,170,200,290,310,330,350,350,37358,0,140.0,148.0495597977131,5.303391999859741,1740.9207779996905,20701.38010600139
1780245867,50,POST,SOAP/listar-musicas,66.600000,0.000000,150,160,160,160,180,200,300,310,330,330,330,7548,0,150.0,153.82050409830234,12.401186000261077,383.9975979999508,71703.0
1780245867,50,POST,SOAP/listar-musicas-playlist,66.500000,0.000000,140,150,150,160,170,200,300,310,350,350,350,7529,0,140.0,145.47932114463896,7.848902999739948,362.2706930000277,753.0
1780245867,50,POST,SOAP/listar-playlists-musica,66.500000,0.000000,140,150,160,160,170,200,290,310,320,320,320,7516,0,140.0,146.93494882636895,9.668512000189367,372.6804479997554,1263.0
1780245867,50,POST,SOAP/listar-playlists-usuario,66.100000,0.000000,140,150,150,160,170,240,300,310,350,350,350,7537,0,140.0,144.29120670625127,5.303391999859741,363.3556210002098,1608.0
1780245867,50,POST,SOAP/listar-usuarios,66.300000,0.000000,140,150,150,160,170,190,290,300,330,330,330,7560,0,140.0,149.89714917063378,7.03606699971715,1740.9207779996905,28012.0
1780245867,50,,Aggregated,332.000000,0.000000,140,150,160,160,170,200,300,310,330,350,350,37690,0,140.0,148.0885996785876,5.303391999859741,1740.9207779996905,20702.215574422924
1780245868,50,POST,SOAP/listar-musicas,66.500000,0.000000,150,160,160,160,170,190,300,310,330,330,330,7615,0,150.0,153.80081534339962,12.401186000261077,383.9975979999508,71703.0
1780245868,50,POST,SOAP/listar-musicas-playlist,66.300000,0.000000,140,150,150,160,170,190,300,310,350,350,350,7599,0,140.0,145.4628247801009,7.848902999739948,362.2706930000277,753.0
1780245868,50,POST,SOAP/listar-playlists-musica,66.500000,0.000000,140,150,160,160,170,190,290,310,320,320,320,7588,0,140.0,146.94765331127965,9.668512000189367,372.6804479997554,1263.0
1780245868,50,POST,SOAP/listar-playlists-usuario,66.200000,0.000000,140,150,150,160,170,250,300,310,350,350,350,7610,0,140.0,144.31786865966072,5.303391999859741,363.3556210002098,1608.0
1780245868,50,POST,SOAP/listar-usuarios,66.800000,0.000000,140,150,150,160,170,190,290,300,330,330,330,7629,0,140.0,149.8330625123858,7.03606699971715,1740.9207779996905,28012.0
1780245868,50,,Aggregated,332.300000,0.000000,140,150,160,160,170,190,300,310,330,350,350,38041,0,140.0,148.07548229744154,5.303391999859741,1740.9207779996905,20695.156909650115
1780245869,50,POST,SOAP/listar-musicas,66.400000,0.000000,150,160,160,160,170,180,300,310,330,330,330,7682,0,150.0,153.81916824993365,12.401186000261077,383.9975979999508,71703.0
1780245869,50,POST,SOAP/listar-musicas-playlist,66.800000,0.000000,140,150,150,160,170,180,300,310,330,330,330,7661,0,140.0,145.45480925544803,7.848902999739948,362.2706930000277,753.0
1780245869,50,POST,SOAP/listar-playlists-musica,66.300000,0.000000,140,150,160,160,170,180,290,310,320,320,320,7657,0,140.0,146.996780810499,9.668512000189367,372.6804479997554,1263.0
1780245869,50,POST,SOAP/listar-playlists-usuario,66.600000,0.000000,140,150,150,160,170,240,300,310,320,320,320,7673,0,140.0,144.3430444193951,5.303391999859741,363.3556210002098,1608.0
1780245869,50,POST,SOAP/listar-usuarios,66.700000,0.000000,140,150,150,160,170,180,290,300,330,330,330,7695,0,140.0,149.8022447724483,7.03606699971715,1740.9207779996905,28012.0
1780245869,50,,Aggregated,332.800000,0.000000,140,150,160,160,170,180,300,310,320,330,330,38368,0,140.0,148.08681578977192,5.303391999859741,1740.9207779996905,20698.303117180985
