Timestamp,User Count,Type,Name,Requests/s,Failures/s,50%,66%,75%,80%,90%,95%,98%,99%,99.9%,99.99%,100%,Total Request Count,Total Failure Count,Total Median Response Time,Total Average Response Time,Total Min Response Time,Total Max Response Time,Total Average Content Size
1781108844,0,,Aggregated,0.000000,0.000000,N/A,N/A,N/A,N/A,N/A,N/A,N/A,N/A,N/A,N/A,N/A,0,0,0,0.0,0,0,0
1781108845,10,GET,REST/listar-musicas,0.000000,0.000000,0,0,0,0,0,0,0,0,0,0,0,361,0,4,3.713018576178465,1.9546710000213352,13.227209000433504,50889.0
1781108845,10,GET,REST/listar-musicas-playlist,0.000000,0.000000,0,0,0,0,0,0,0,0,0,0,0,355,0,3,3.5740163943430647,1.723452000078396,12.855588000093121,30493.0
1781108845,10,GET,REST/listar-playlists,0.000000,0.000000,0,0,0,0,0,0,0,0,0,0,0,360,0,4,3.6884187000244615,1.7697599996608915,12.970282999958727,39163.0
1781108845,10,GET,REST/listar-playlists-musica,0.000000,0.000000,0,0,0,0,0,0,0,0,0,0,0,353,0,3,3.5401057110678757,1.7448020007577725,9.465962999456679,29577.0
1781108845,10,GET,REST/listar-playlists-usuario,0.000000,0.000000,0,0,0,0,0,0,0,0,0,0,0,356,0,3,3.5293732471600787,1.7557940000187955,8.54002199957904,29570.0
1781108845,10,GET,REST/listar-usuarios,0.000000,0.000000,0,0,0,0,0,0,0,0,0,0,0,362,0,3,3.4651257182284008,1.710790000288398,10.599322000416578,21998.0
1781108845,10,,Aggregated,0.000000,0.000000,0,0,0,0,0,0,0,0,0,0,0,2147,0,3,3.585233330226199,1.710790000288398,13.227209000433504,33640.19608756404
1781108846,20,GET,REST/listar-musicas,0.000000,0.000000,5,7,8,8,9,10,10,13,19,19,19,758,0,5,5.158852806075785,1.9546710000213352,19.307331999698363,50889.0
1781108846,20,GET,REST/listar-musicas-playlist,0.000000,0.000000,5,6,7,8,9,9,10,20,24,24,24,752,0,5,5.0697646768669,1.723452000078396,23.738639000839612,30493.0
1781108846,20,GET,REST/listar-playlists,0.000000,0.000000,6,7,8,8,9,9,12,13,20,20,20,756,0,5,5.171945832023118,1.7697599996608915,20.34658400043554,39163.0
1781108846,20,GET,REST/listar-playlists-musica,0.000000,0.000000,6,7,8,8,9,10,16,20,24,24,24,748,0,5,5.189045367641858,1.7448020007577725,23.822723000193946,29577.0
1781108846,20,GET,REST/listar-playlists-usuario,0.000000,0.000000,5,6,7,8,9,9,10,13,20,20,20,755,0,5,4.924965076816982,1.7557940000187955,19.877725999322138,29570.0
1781108846,20,GET,REST/listar-usuarios,0.000000,0.000000,5,6,7,8,9,10,13,15,20,20,20,765,0,4,4.963703222212905,1.710790000288398,19.960499000262644,21998.0
1781108846,20,,Aggregated,0.000000,0.000000,5,6,7,8,9,9,12,16,24,24,24,4534,0,5,5.079367456110418,1.710790000288398,23.822723000193946,33610.331274812524
1781108847,30,GET,REST/listar-musicas,294.000000,0.000000,7,8,9,10,12,13,19,22,26,26,26,1166,0,6,6.762315969118386,1.9546710000213352,26.247139000588504,50889.0
1781108847,30,GET,REST/listar-musicas-playlist,292.000000,0.000000,7,8,9,9,12,13,17,20,24,24,24,1146,0,6,6.537573000002497,1.723452000078396,24.110034999466734,30493.0
1781108847,30,GET,REST/listar-playlists,293.000000,0.000000,7,8,9,9,13,13,14,19,24,24,24,1159,0,6,6.6614689422004805,1.7697599996608915,24.16016600000148,39163.0
1781108847,30,GET,REST/listar-playlists-musica,288.000000,0.000000,7,8,9,9,12,13,19,21,27,27,27,1141,0,6,6.661781702899881,1.7448020007577725,27.21713600021758,29577.0
1781108847,30,GET,REST/listar-playlists-usuario,293.000000,0.000000,7,8,9,9,12,13,16,20,25,25,25,1152,0,6,6.4591699609385005,1.7557940000187955,24.738785999943502,29570.0
1781108847,30,GET,REST/listar-usuarios,296.000000,0.000000,7,8,9,9,13,14,19,22,25,25,25,1167,0,6,6.578910305908087,1.710790000288398,24.989687000015692,21998.0
1781108847,30,,Aggregated,1756.000000,0.000000,7,8,9,9,12,13,18,20,25,27,27,6931,0,6,6.610475635119017,1.710790000288398,27.21713600021758,33639.46501226374
1781108848,40,GET,REST/listar-musicas,340.000000,0.000000,9,10,11,12,16,18,20,22,30,31,31,1571,0,8,8.267063381281401,1.9546710000213352,30.736968999917735,50889.0
1781108848,40,GET,REST/listar-musicas-playlist,332.000000,0.000000,8,10,12,12,15,17,20,22,31,32,32,1549,0,7,8.091612422859926,1.723452000078396,31.831063000026916,30493.0
1781108848,40,GET,REST/listar-playlists,338.500000,0.000000,8,10,12,12,15,18,21,26,29,29,29,1559,0,7,8.236433435551165,1.7697599996608915,29.26967700022942,39163.0
1781108848,40,GET,REST/listar-playlists-musica,331.000000,0.000000,8,10,11,12,14,17,19,21,25,27,27,1544,0,8,8.020735563479363,1.7448020007577725,27.21713600021758,29577.0
1781108848,40,GET,REST/listar-playlists-usuario,333.500000,0.000000,8,10,11,12,14,17,19,21,30,30,30,1553,0,7,7.902445169342546,1.7557940000187955,30.03993799939053,29570.0
1781108848,40,GET,REST/listar-usuarios,340.000000,0.000000,8,10,11,12,14,17,22,25,35,35,35,1578,0,7,8.034446280099498,1.710790000288398,35.42171499975666,21998.0
1781108848,40,,Aggregated,2015.000000,0.000000,8,10,11,12,14,17,20,23,32,35,35,9354,0,8,8.092466669769694,1.710790000288398,35.42171499975666,33625.9712422493
1781108849,50,GET,REST/listar-musicas,364.000000,0.000000,10,12,13,14,18,21,23,27,38,38,38,1995,0,9,9.781956283200488,1.9546710000213352,38.02146199996059,50889.0
1781108849,50,GET,REST/listar-musicas-playlist,359.666667,0.000000,10,12,13,14,17,20,22,24,37,38,38,1968,0,9,9.444433998483445,1.723452000078396,38.38177400029963,30493.0
1781108849,50,GET,REST/listar-playlists,363.000000,0.000000,10,12,13,14,18,21,23,28,37,37,37,1983,0,9,9.68096849420852,1.7697599996608915,37.428618000376446,39163.0
1781108849,50,GET,REST/listar-playlists-musica,357.333333,0.000000,10,12,13,14,17,20,22,23,36,38,38,1964,0,9,9.411638261718284,1.7448020007577725,37.62808400006179,29577.0
1781108849,50,GET,REST/listar-playlists-usuario,361.333333,0.000000,10,12,13,13,17,20,22,26,37,39,39,1979,0,9,9.382297506813254,1.7557940000187955,38.818492999780574,29570.0
1781108849,50,GET,REST/listar-usuarios,365.000000,0.000000,10,12,13,14,17,21,26,33,36,37,37,2009,0,9,9.531341633641455,1.710790000288398,36.57400100019004,21998.0
1781108849,50,,Aggregated,2170.333333,0.000000,10,12,13,14,17,21,23,27,37,38,39,11898,0,9,9.539376287779472,1.710790000288398,38.818492999780574,33618.78029920995
1781108850,60,GET,REST/listar-musicas,368.750000,0.000000,11,14,16,17,21,24,27,29,39,42,42,2412,0,10,11.231897915414532,1.9546710000213352,41.81070100003126,50889.0
1781108850,60,GET,REST/listar-musicas-playlist,364.000000,0.000000,11,13,15,16,20,24,27,31,38,42,42,2378,0,10,10.910779814977243,1.723452000078396,41.508506999889505,30493.0
1781108850,60,GET,REST/listar-playlists,366.750000,0.000000,11,13,15,16,21,24,27,30,37,41,41,2404,0,10,11.156051358578038,1.7697599996608915,41.16761800014501,39163.0
1781108850,60,GET,REST/listar-playlists-musica,362.750000,0.000000,11,13,15,16,20,23,26,31,39,41,41,2369,0,10,10.906816092454203,1.7448020007577725,40.898407999520714,29577.0
1781108850,60,GET,REST/listar-playlists-usuario,365.500000,0.000000,11,13,15,16,20,24,26,30,37,39,39,2388,0,10,10.856838822444011,1.7557940000187955,39.19259999929636,29570.0
1781108850,60,GET,REST/listar-usuarios,370.500000,0.000000,11,13,15,16,21,25,31,35,48,70,70,2421,0,10,11.081752094166852,1.710790000288398,70.27830200058816,21998.0
1781108850,60,,Aggregated,2198.250000,0.000000,11,13,15,16,20,24,27,31,41,70,70,14372,0,10,11.024883098317341,1.710790000288398,70.27830200058816,33630.858961870304
1781108851,70,GET,REST/listar-musicas,378.800000,0.000000,13,16,17,19,23,27,30,31,42,46,46,2830,0,12,12.631104569957293,1.9546710000213352,45.83016700053122,50889.0
1781108851,70,GET,REST/listar-musicas-playlist,373.600000,0.000000,13,15,17,18,22,27,31,33,42,43,43,2791,0,12,12.359342816561728,1.723452000078396,43.24530499980028,30493.0
1781108851,70,GET,REST/listar-playlists,376.400000,0.000000,13,15,17,19,23,27,31,32,41,44,44,2821,0,12,12.537320153140337,1.7697599996608915,44.27273300007073,39163.0
1781108851,70,GET,REST/listar-playlists-musica,372.000000,0.000000,12,15,17,18,22,27,31,34,41,45,45,2784,0,12,12.340019997496704,1.7448020007577725,45.11462800019217,29577.0
1781108851,70,GET,REST/listar-playlists-usuario,374.800000,0.000000,12,15,17,18,22,27,31,34,42,44,44,2808,0,12,12.350666028489151,1.7557940000187955,43.72471599981509,29570.0
1781108851,70,GET,REST/listar-usuarios,381.200000,0.000000,12,15,17,18,23,28,33,37,50,70,70,2841,0,12,12.4816161235409,1.710790000288398,70.27830200058816,21998.0
1781108851,70,,Aggregated,2256.800000,0.000000,13,15,17,18,22,27,31,34,46,70,70,16875,0,12,12.450624543645691,1.710790000288398,70.27830200058816,33627.96456296296
1781108852,80,GET,REST/listar-musicas,384.166667,0.000000,14,17,20,21,26,30,34,36,46,48,48,3235,0,13,14.07093759010252,1.9546710000213352,48.1554789994334,50889.0
1781108852,80,GET,REST/listar-musicas-playlist,378.833333,0.000000,14,17,19,21,25,31,35,37,51,54,54,3207,0,13,13.90903748083206,1.723452000078396,54.28667599971959,30493.0
1781108852,80,GET,REST/listar-playlists,382.500000,0.000000,14,17,19,21,25,30,34,36,44,45,45,3225,0,13,13.93087366915527,1.7697599996608915,45.21650900005625,39163.0
1781108852,80,GET,REST/listar-playlists-musica,376.666667,0.000000,14,17,19,21,25,30,35,37,53,54,54,3188,0,13,13.867593661869929,1.7448020007577725,54.00206000012986,29577.0
1781108852,80,GET,REST/listar-playlists-usuario,380.666667,0.000000,14,17,19,21,25,30,35,37,46,48,48,3215,0,13,13.79423309953442,1.7557940000187955,47.664124999755586,29570.0
1781108852,80,GET,REST/listar-usuarios,385.666667,0.000000,14,17,19,21,26,32,36,46,56,70,70,3254,0,13,14.00304467208874,1.710790000288398,70.27830200058816,21998.0
1781108852,80,,Aggregated,2288.500000,0.000000,14,17,19,21,25,30,35,37,52,70,70,19324,0,13,13.929677564689403,1.710790000288398,70.27830200058816,33619.23820120058
1781108853,90,GET,REST/listar-musicas,389.285714,0.000000,15,19,22,23,29,34,39,43,54,58,58,3643,0,14,15.728834539111912,1.9546710000213352,57.64726200050063,50889.0
1781108853,90,GET,REST/listar-musicas-playlist,384.571429,0.000000,15,18,21,23,29,34,39,42,54,65,65,3591,0,14,15.379628442221644,1.723452000078396,64.65692900019349,30493.0
1781108853,90,GET,REST/listar-playlists,387.000000,0.000000,15,19,21,23,28,33,39,41,62,66,66,3619,0,14,15.442619016584775,1.7697599996608915,66.38062500041997,39163.0
1781108853,90,GET,REST/listar-playlists-musica,382.857143,0.000000,15,19,21,23,29,34,39,45,54,61,61,3584,0,14,15.474046066696191,1.7448020007577725,61.18173800041404,29577.0
1781108853,90,GET,REST/listar-playlists-usuario,385.714286,0.000000,15,19,21,23,29,34,39,42,63,66,66,3602,0,14,15.3189367990024,1.7557940000187955,65.938396999627,29570.0
1781108853,90,GET,REST/listar-usuarios,390.428571,0.000000,15,19,21,23,29,35,41,49,70,72,72,3661,0,14,15.526800928702176,1.710790000288398,71.89606500014634,21998.0
1781108853,90,,Aggregated,2319.857143,0.000000,15,19,21,23,29,34,39,44,63,71,72,21700,0,14,15.479107734380129,1.710790000288398,71.89606500014634,33625.330552995394
1781108854,100,GET,REST/listar-musicas,392.375000,0.000000,17,21,24,26,31,38,43,45,54,58,58,4073,0,16,17.09047453105347,1.9546710000213352,57.64726200050063,50889.0
1781108854,100,GET,REST/listar-musicas-playlist,388.000000,0.000000,17,21,23,25,31,37,42,45,54,65,65,4020,0,16,16.789940379112988,1.723452000078396,64.65692900019349,30493.0
1781108854,100,GET,REST/listar-playlists,391.375000,0.000000,17,21,24,25,31,37,42,44,62,66,66,4058,0,16,16.92652912050623,1.7697599996608915,66.38062500041997,39163.0
1781108854,100,GET,REST/listar-playlists-musica,385.250000,0.000000,17,21,23,25,31,36,43,45,56,61,61,4006,0,15,16.814713207451657,1.7448020007577725,61.18173800041404,29577.0
1781108854,100,GET,REST/listar-playlists-usuario,390.125000,0.000000,16,21,23,25,31,36,43,45,63,66,66,4041,0,16,16.70910501336518,1.7557940000187955,65.938396999627,29570.0
1781108854,100,GET,REST/listar-usuarios,393.750000,0.000000,16,21,23,25,31,38,45,52,70,72,72,4092,0,15,16.989118723846698,1.710790000288398,71.89606500014634,21998.0
1781108854,100,,Aggregated,2340.875000,0.000000,17,21,23,25,31,37,43,46,66,71,72,24290,0,16,16.8873456791302,1.710790000288398,71.89606500014634,33625.76611774393
1781108855,110,GET,REST/listar-musicas,391.000000,0.000000,20,23,26,29,35,42,46,48,65,66,66,4489,0,17,18.533160923363045,1.9546710000213352,66.42089700017095,50889.0
1781108855,110,GET,REST/listar-musicas-playlist,386.333333,0.000000,19,23,26,28,34,42,46,48,61,65,65,4436,0,17,18.18735013864368,1.723452000078396,64.65692900019349,30493.0
1781108855,110,GET,REST/listar-playlists,390.111111,0.000000,19,23,26,28,34,41,45,48,65,67,67,4460,0,17,18.308866978700856,1.7697599996608915,67.20430099994701,39163.0
1781108855,110,GET,REST/listar-playlists-musica,384.777778,0.000000,19,23,26,28,34,41,46,48,64,75,75,4414,0,17,18.207135616909927,1.7448020007577725,75.39596100014023,29577.0
1781108855,110,GET,REST/listar-playlists-usuario,388.222222,0.000000,19,23,26,28,33,40,45,47,65,68,68,4448,0,17,18.016056015739352,1.7557940000187955,67.57263200051966,29570.0
1781108855,110,GET,REST/listar-usuarios,392.333333,0.000000,19,23,26,28,35,42,48,56,71,73,73,4504,0,17,18.4116519831251,1.710790000288398,73.3059129997855,21998.0
1781108855,110,,Aggregated,2332.777778,0.000000,19,23,26,28,34,41,46,49,67,75,75,26751,0,17,18.2781871940508,1.710790000288398,75.39596100014023,33626.17767560091
1781108856,120,GET,REST/listar-musicas,394.000000,0.000000,22,26,29,31,39,45,48,50,65,66,66,4911,0,19,19.70502067745383,1.9546710000213352,66.42089700017095,50889.0
1781108856,120,GET,REST/listar-musicas-playlist,389.200000,0.000000,22,25,28,30,37,43,47,49,62,65,65,4849,0,18,19.215529933392432,1.723452000078396,64.65692900019349,30493.0
1781108856,120,GET,REST/listar-playlists,392.500000,0.000000,22,26,29,30,37,43,47,50,65,67,67,4892,0,19,19.41774620135025,1.7697599996608915,67.20430099994701,39163.0
1781108856,120,GET,REST/listar-playlists-musica,387.200000,0.000000,22,26,28,30,37,44,47,52,64,75,75,4827,0,18,19.33757267931005,1.7448020007577725,75.39596100014023,29577.0
1781108856,120,GET,REST/listar-playlists-usuario,390.800000,0.000000,22,25,28,30,36,44,46,48,65,68,68,4875,0,18,19.15496179138762,1.7557940000187955,67.57263200051966,29570.0
1781108856,120,GET,REST/listar-usuarios,395.500000,0.000000,22,26,29,31,38,45,51,64,72,89,89,4932,0,18,19.61580679987817,1.710790000288398,88.50343500034796,21998.0
1781108856,120,,Aggregated,2349.200000,0.000000,22,26,29,30,37,44,47,51,68,75,89,29286,0,18,19.40883482906669,1.710790000288398,88.50343500034796,33626.23427576316
1781108857,130,GET,REST/listar-musicas,405.800000,0.000000,24,28,31,32,41,46,48,51,65,66,66,5329,0,20,20.638045963028464,1.9546710000213352,66.42089700017095,50889.0
1781108857,130,GET,REST/listar-musicas-playlist,401.700000,0.000000,23,27,30,32,41,46,48,50,62,65,65,5266,0,20,20.263341246302936,1.723452000078396,64.65692900019349,30493.0
1781108857,130,GET,REST/listar-playlists,403.900000,0.000000,24,28,30,32,40,45,48,53,66,74,74,5312,0,20,20.418606195220164,1.7697599996608915,73.71032799983368,39163.0
1781108857,130,GET,REST/listar-playlists-musica,399.900000,0.000000,24,27,30,32,40,46,48,53,74,75,75,5241,0,20,20.335413399165287,1.7448020007577725,75.39596100014023,29577.0
1781108857,130,GET,REST/listar-playlists-usuario,403.000000,0.000000,24,27,30,32,39,45,47,49,65,68,68,5283,0,20,20.122708706039845,1.7557940000187955,67.57263200051966,29570.0
1781108857,130,GET,REST/listar-usuarios,407.900000,0.000000,24,28,31,33,42,46,54,66,89,91,91,5347,0,20,20.730511694407607,1.710790000288398,90.51926499978435,21998.0
1781108857,130,,Aggregated,2422.200000,0.000000,24,28,30,32,41,46,48,52,70,90,91,31778,0,20,20.419244628297925,1.710790000288398,90.51926499978435,33628.67858266726
1781108858,140,GET,REST/listar-musicas,408.500000,0.000000,25,29,32,34,43,47,50,54,65,73,73,5733,0,21,21.450034166573467,1.9546710000213352,72.75898900024913,50889.0
1781108858,140,GET,REST/listar-musicas-playlist,403.600000,0.000000,25,29,32,33,43,46,49,53,64,66,66,5669,0,21,21.105970630628,1.723452000078396,65.936299999521,30493.0
1781108858,140,GET,REST/listar-playlists,406.700000,0.000000,25,29,31,33,42,46,50,56,66,74,74,5712,0,21,21.20645653273877,1.7697599996608915,73.71032799983368,39163.0
1781108858,140,GET,REST/listar-playlists-musica,401.600000,0.000000,26,29,32,34,43,47,52,57,74,75,75,5642,0,21,21.25064781886379,1.7448020007577725,75.39596100014023,29577.0
1781108858,140,GET,REST/listar-playlists-usuario,404.600000,0.000000,25,29,32,33,43,46,49,54,66,72,72,5693,0,21,21.053722154224978,1.7557940000187955,72.15522999922541,29570.0
1781108858,140,GET,REST/listar-usuarios,410.600000,0.000000,25,29,32,35,45,48,57,68,89,91,91,5761,0,21,21.68331278788506,1.710790000288398,90.51926499978435,21998.0
1781108858,140,,Aggregated,2435.600000,0.000000,25,29,32,34,43,47,51,56,72,90,91,34210,0,21,21.29279840064412,1.710790000288398,90.51926499978435,33623.397603040044
1781108859,150,GET,REST/listar-musicas,409.100000,0.000000,27,30,33,36,45,47,51,56,65,73,73,6163,0,22,22.19227833830305,1.9546710000213352,72.75898900024913,50889.0
1781108859,150,GET,REST/listar-musicas-playlist,404.400000,0.000000,26,30,32,35,44,47,50,53,64,66,66,6083,0,22,21.75420191731789,1.723452000078396,65.936299999521,30493.0
1781108859,150,GET,REST/listar-playlists,407.800000,0.000000,27,30,32,35,44,47,51,57,66,74,74,6145,0,22,21.88852943401145,1.7697599996608915,73.71032799983368,39163.0
1781108859,150,GET,REST/listar-playlists-musica,402.600000,0.000000,27,30,33,35,45,47,53,60,75,77,77,6061,0,22,21.977123762088645,1.7448020007577725,76.77474000047368,29577.0
1781108859,150,GET,REST/listar-playlists-usuario,405.500000,0.000000,26,30,33,34,44,47,50,55,66,77,77,6113,0,22,21.73668351300561,1.7557940000187955,77.1629020000546,29570.0
1781108859,150,GET,REST/listar-usuarios,411.300000,0.000000,27,30,33,36,45,49,61,70,100,100,100,6184,0,22,22.40654472946477,1.710790000288398,102.11750500002381,21998.0
1781108859,150,,Aggregated,2440.700000,0.000000,27,30,33,35,45,47,52,58,75,100,100,36749,0,22,21.99375768260463,1.710790000288398,102.11750500002381,33629.1518136548
1781108860,160,GET,REST/listar-musicas,409.500000,0.000000,28,32,35,38,45,48,52,57,66,73,73,6577,0,22,22.791124564080377,1.9546710000213352,72.75898900024913,50889.0
1781108860,160,GET,REST/listar-musicas-playlist,404.000000,0.000000,28,31,34,37,45,47,52,57,68,70,70,6487,0,22,22.40273244135321,1.723452000078396,69.74709699989035,30493.0
1781108860,160,GET,REST/listar-playlists,408.800000,0.000000,28,31,34,37,45,47,53,58,66,74,74,6524,0,22,22.486633077405912,1.7697599996608915,73.71032799983368,39163.0
1781108860,160,GET,REST/listar-playlists-musica,402.300000,0.000000,28,31,34,36,45,48,54,61,75,77,77,6467,0,22,22.560190968457682,1.7448020007577725,76.77474000047368,29577.0
1781108860,160,GET,REST/listar-playlists-usuario,406.700000,0.000000,28,31,34,37,45,47,51,56,69,77,77,6512,0,22,22.43518937315611,1.7557940000187955,77.1629020000546,29570.0
1781108860,160,GET,REST/listar-usuarios,411.300000,0.000000,28,31,35,38,46,50,65,72,100,100,100,6606,0,22,23.049084617923516,1.710790000288398,102.11750500002381,21998.0
1781108860,160,,Aggregated,2442.600000,0.000000,28,31,34,37,45,48,54,61,89,100,100,39173,0,22,22.622303805657484,1.710790000288398,102.11750500002381,33624.1171980701
1781108861,170,GET,REST/listar-musicas,410.800000,0.000000,29,32,36,40,46,48,53,58,66,73,73,7004,0,23,23.350201392912464,1.9546710000213352,72.75898900024913,50889.0
1781108861,170,GET,REST/listar-musicas-playlist,404.700000,0.000000,28,32,35,39,46,48,53,59,69,71,71,6917,0,23,22.981713993936506,1.723452000078396,71.21540600019216,30493.0
1781108861,170,GET,REST/listar-playlists,409.200000,0.000000,28,32,35,39,46,48,54,59,70,77,77,6984,0,23,23.060861952749146,1.7697599996608915,76.8682190000618,39163.0
1781108861,170,GET,REST/listar-playlists-musica,403.100000,0.000000,28,32,34,38,46,48,54,61,75,77,77,6885,0,23,23.107448239945768,1.7448020007577725,76.77474000047368,29577.0
1781108861,170,GET,REST/listar-playlists-usuario,406.700000,0.000000,28,32,35,38,46,48,53,57,69,77,77,6952,0,23,23.026458090475963,1.7557940000187955,77.1629020000546,29570.0
1781108861,170,GET,REST/listar-usuarios,411.000000,0.000000,28,32,36,41,46,50,67,74,100,100,100,7024,0,23,23.610556937642155,1.710790000288398,102.11750500002381,21998.0
1781108861,170,,Aggregated,2445.500000,0.000000,28,32,35,39,46,48,55,62,90,100,100,41766,0,23,23.19067317523902,1.710790000288398,102.11750500002381,33629.82488148255
1781108862,180,GET,REST/listar-musicas,412.100000,0.000000,29,32,36,41,46,49,54,59,66,73,73,7430,0,24,23.80173349837952,1.9546710000213352,72.75898900024913,50889.0
1781108862,180,GET,REST/listar-musicas-playlist,406.400000,0.000000,28,32,35,41,46,48,54,60,69,71,71,7340,0,23,23.502039464314233,1.723452000078396,71.21540600019216,30493.0
1781108862,180,GET,REST/listar-playlists,408.700000,0.000000,29,32,35,40,46,48,54,59,70,77,77,7397,0,23,23.528735722050186,1.7697599996608915,76.8682190000618,39163.0
1781108862,180,GET,REST/listar-playlists-musica,405.500000,0.000000,29,32,34,39,46,48,54,61,75,77,77,7313,0,24,23.524419114319826,1.7448020007577725,76.77474000047368,29577.0
1781108862,180,GET,REST/listar-playlists-usuario,407.300000,0.000000,29,32,35,39,46,48,53,57,69,77,77,7359,0,23,23.465824110611646,1.7557940000187955,77.1629020000546,29570.0
1781108862,180,GET,REST/listar-usuarios,414.300000,0.000000,29,32,36,42,47,50,67,88,100,100,100,7463,0,23,24.13712795605053,1.710790000288398,102.11750500002381,21998.0
1781108862,180,,Aggregated,2454.300000,0.000000,29,32,35,40,46,48,55,62,90,100,100,44302,0,23,23.66142319186606,1.710790000288398,102.11750500002381,33625.703263961
1781108863,190,GET,REST/listar-musicas,410.300000,0.000000,29,32,36,42,47,49,55,60,71,75,75,7829,0,24,24.236535747598445,1.9546710000213352,75.0515780000569,50889.0
1781108863,190,GET,REST/listar-musicas-playlist,404.400000,0.000000,29,32,36,41,46,49,55,62,70,74,74,7740,0,24,23.977569436053916,1.723452000078396,73.52014900061477,30493.0
1781108863,190,GET,REST/listar-playlists,409.300000,0.000000,29,32,35,41,46,49,55,60,73,77,77,7794,0,24,24.015476415191024,1.7697599996608915,76.8682190000618,39163.0
1781108863,190,GET,REST/listar-playlists-musica,402.100000,0.000000,29,32,35,39,46,49,55,62,75,77,77,7702,0,24,23.979847456505734,1.7448020007577725,76.77474000047368,29577.0
1781108863,190,GET,REST/listar-playlists-usuario,406.500000,0.000000,29,32,36,40,46,48,54,58,69,77,77,7761,0,24,23.92417862633449,1.7557940000187955,77.1629020000546,29570.0
1781108863,190,GET,REST/listar-usuarios,411.600000,0.000000,29,33,37,43,47,52,69,90,110,120,120,7858,0,24,24.660514202725675,1.710790000288398,124.67218199981289,21998.0
1781108863,190,,Aggregated,2444.200000,0.000000,29,32,36,41,46,49,56,63,93,110,120,46684,0,24,24.13378255969954,1.710790000288398,124.67218199981289,33626.45298174964
1781108864,200,GET,REST/listar-musicas,410.300000,0.000000,29,33,36,42,47,49,55,60,71,75,75,8236,0,24,24.61064489338937,1.9546710000213352,75.0515780000569,50889.0
1781108864,200,GET,REST/listar-musicas-playlist,405.700000,0.000000,29,32,36,41,47,50,55,62,70,74,74,8150,0,24,24.35888704049863,1.723452000078396,73.52014900061477,30493.0
1781108864,200,GET,REST/listar-playlists,407.800000,0.000000,29,33,36,41,47,49,55,59,73,77,77,8205,0,24,24.429172869959082,1.7697599996608915,76.8682190000618,39163.0
1781108864,200,GET,REST/listar-playlists-musica,405.200000,0.000000,29,32,35,39,46,49,56,62,75,77,77,8103,0,24,24.388953235962454,1.7448020007577725,76.77474000047368,29577.0
1781108864,200,GET,REST/listar-playlists-usuario,405.700000,0.000000,29,33,36,40,46,48,54,58,69,77,77,8170,0,24,24.302595685433303,1.7557940000187955,77.1629020000546,29570.0
1781108864,200,GET,REST/listar-usuarios,412.400000,0.000000,30,33,37,43,47,52,72,93,110,120,120,8265,0,24,25.12103293611683,1.710790000288398,124.67218199981289,21998.0
1781108864,200,,Aggregated,2447.100000,0.000000,29,33,36,41,47,49,56,63,100,110,120,49129,0,24,24.536644266279275,1.710790000288398,124.67218199981289,33626.47255185329
1781108865,210,GET,REST/listar-musicas,411.200000,0.000000,29,33,36,41,47,50,55,59,73,75,75,8627,0,25,25.014963759586962,1.9546710000213352,75.0515780000569,50889.0
1781108865,210,GET,REST/listar-musicas-playlist,406.000000,0.000000,29,33,36,41,47,50,56,62,71,74,74,8509,0,24,24.723635518752612,1.723452000078396,73.52014900061477,30493.0
1781108865,210,GET,REST/listar-playlists,408.600000,0.000000,29,33,36,40,47,50,55,59,73,77,77,8586,0,25,24.7949043049168,1.7697599996608915,76.8682190000618,39163.0
1781108865,210,GET,REST/listar-playlists-musica,404.100000,0.000000,29,32,35,39,46,49,56,62,74,77,77,8479,0,25,24.78416964936946,1.7448020007577725,76.77474000047368,29577.0
1781108865,210,GET,REST/listar-playlists-usuario,406.700000,0.000000,30,33,36,40,46,49,54,58,69,77,77,8550,0,25,24.69077623251381,1.7557940000187955,77.1629020000546,29570.0
1781108865,210,GET,REST/listar-usuarios,412.600000,0.000000,30,33,37,43,47,53,74,98,110,120,120,8663,0,25,25.592214730694547,1.710790000288398,124.67218199981289,21998.0
1781108865,210,,Aggregated,2449.200000,0.000000,30,33,36,41,47,50,56,63,110,120,120,51414,0,25,24.935290442331745,1.710790000288398,124.67218199981289,33627.28857898627
1781108866,220,GET,REST/listar-musicas,410.600000,0.000000,29,33,36,40,47,50,55,59,73,75,75,9028,0,25,25.2965115797469,1.9546710000213352,75.0515780000569,50889.0
1781108866,220,GET,REST/listar-musicas-playlist,405.900000,0.000000,29,33,36,40,47,50,56,62,71,74,74,8921,0,25,25.065527326206322,1.723452000078396,73.52014900061477,30493.0
1781108866,220,GET,REST/listar-playlists,408.900000,0.000000,29,33,35,40,47,50,55,59,70,77,77,8987,0,25,25.063094786804704,1.7697599996608915,76.8682190000618,39163.0
1781108866,220,GET,REST/listar-playlists-musica,404.000000,0.000000,30,33,35,39,47,50,56,62,72,77,77,8885,0,25,25.073830489477658,1.7448020007577725,76.77474000047368,29577.0
1781108866,220,GET,REST/listar-playlists-usuario,407.000000,0.000000,30,33,36,39,46,49,54,58,69,77,77,8960,0,25,24.96844023760959,1.7557940000187955,77.1629020000546,29570.0
1781108866,220,GET,REST/listar-usuarios,411.500000,0.000000,30,33,36,43,47,53,74,100,120,120,120,9066,0,25,25.896134145820156,1.710790000288398,124.67218199981289,21998.0
1781108866,220,,Aggregated,2447.900000,0.000000,30,33,36,40,47,50,56,63,110,120,120,53847,0,25,25.228909117723475,1.710790000288398,124.67218199981289,33624.6130517949
1781108867,230,GET,REST/listar-musicas,409.300000,0.000000,29,32,35,40,47,50,55,61,73,84,84,9450,0,25,25.609213240630538,1.9546710000213352,83.67722299954039,50889.0
1781108867,230,GET,REST/listar-musicas-playlist,402.900000,0.000000,29,33,35,40,47,50,57,62,71,74,74,9328,0,25,25.37982365727808,1.723452000078396,73.52014900061477,30493.0
1781108867,230,GET,REST/listar-playlists,408.100000,0.000000,29,33,35,39,47,50,55,60,74,85,85,9410,0,25,25.385584027525564,1.7697599996608915,84.62522199988598,39163.0
1781108867,230,GET,REST/listar-playlists-musica,400.500000,0.000000,29,32,35,37,46,49,55,61,72,77,77,9290,0,25,25.355387070184708,1.7448020007577725,76.77474000047368,29577.0
1781108867,230,GET,REST/listar-playlists-usuario,405.300000,0.000000,29,33,35,38,46,49,54,59,69,84,84,9375,0,25,25.244684710718353,1.7557940000187955,83.98699100052909,29570.0
1781108867,230,GET,REST/listar-usuarios,409.700000,0.000000,29,33,35,41,47,52,89,110,120,120,120,9480,0,25,26.23219823417619,1.710790000288398,124.67218199981289,21998.0
1781108867,230,,Aggregated,2435.900000,0.000000,29,33,35,39,47,50,56,64,110,120,120,56333,0,25,25.536188560933375,1.710790000288398,124.67218199981289,33628.48958869579
1781108868,240,GET,REST/listar-musicas,405.300000,0.000000,30,33,35,39,47,50,55,61,75,84,84,9834,0,26,25.897028074838072,1.9546710000213352,83.67722299954039,50889.0
1781108868,240,GET,REST/listar-musicas-playlist,400.400000,0.000000,30,33,36,40,47,51,58,63,71,77,77,9708,0,25,25.691129167912404,1.723452000078396,76.98633699965285,30493.0
1781108868,240,GET,REST/listar-playlists,403.700000,0.000000,30,33,36,39,47,51,56,61,76,85,85,9788,0,25,25.692106951473857,1.7697599996608915,84.62522199988598,39163.0
1781108868,240,GET,REST/listar-playlists-musica,399.700000,0.000000,30,33,35,38,46,49,55,63,77,78,78,9676,0,26,25.692780869471623,1.7448020007577725,78.20685499973479,29577.0
1781108868,240,GET,REST/listar-playlists-usuario,403.200000,0.000000,30,33,36,38,46,49,55,62,69,84,84,9737,0,25,25.563077504363026,1.7557940000187955,83.98699100052909,29570.0
1781108868,240,GET,REST/listar-usuarios,407.200000,0.000000,30,33,36,41,47,53,89,110,130,130,130,9874,0,25,26.59798401812729,1.710790000288398,133.13991199993325,21998.0
1781108868,240,,Aggregated,2419.500000,0.000000,30,33,36,39,47,50,57,64,110,130,130,58617,0,25,25.857596370320227,1.710790000288398,133.13991199993325,33627.00765989389
1781108869,250,GET,REST/listar-musicas,403.600000,0.000000,30,33,36,40,47,51,56,62,75,84,84,10228,0,26,26.178120720861003,1.9546710000213352,83.67722299954039,50889.0
1781108869,250,GET,REST/listar-musicas-playlist,397.900000,0.000000,30,33,36,40,48,51,58,63,71,77,77,10106,0,25,25.876748887501606,1.723452000078396,76.98633699965285,30493.0
1781108869,250,GET,REST/listar-playlists,402.400000,0.000000,30,33,36,39,47,51,57,61,76,85,85,10189,0,26,25.937150101681834,1.7697599996608915,84.62522199988598,39163.0
1781108869,250,GET,REST/listar-playlists-musica,396.700000,0.000000,30,33,35,37,46,49,55,62,77,78,78,10069,0,26,25.900827342041755,1.7448020007577725,78.20685499973479,29577.0
1781108869,250,GET,REST/listar-playlists-usuario,401.700000,0.000000,30,33,35,38,47,50,55,61,69,84,84,10152,0,26,25.847845383666147,1.7557940000187955,83.98699100052909,29570.0
1781108869,250,GET,REST/listar-usuarios,405.200000,0.000000,30,33,36,40,48,53,93,110,140,140,140,10266,0,26,26.89270341106438,1.710790000288398,143.7498509994839,21998.0
1781108869,250,,Aggregated,2407.500000,0.000000,30,33,36,39,47,51,57,64,120,140,140,61010,0,26,26.107476076644534,1.710790000288398,143.7498509994839,33626.02324209146
1781108870,260,GET,REST/listar-musicas,403.900000,0.000000,30,33,35,39,47,50,55,62,75,84,84,10650,0,26,26.417136470512247,1.9546710000213352,83.67722299954039,50889.0
1781108870,260,GET,REST/listar-musicas-playlist,398.300000,0.000000,30,33,35,38,47,51,56,62,70,77,77,10501,0,26,26.102309393113135,1.723452000078396,76.98633699965285,30493.0
1781108870,260,GET,REST/listar-playlists,401.600000,0.000000,30,33,36,39,47,51,56,60,74,85,85,10589,0,26,26.18937557135174,1.7697599996608915,84.62522199988598,39163.0
1781108870,260,GET,REST/listar-playlists-musica,397.300000,0.000000,30,33,35,38,47,50,56,62,75,78,78,10467,0,26,26.16358829980219,1.7448020007577725,78.20685499973479,29577.0
1781108870,260,GET,REST/listar-playlists-usuario,398.400000,0.000000,30,33,35,38,47,50,55,61,69,84,84,10550,0,26,26.085184799997794,1.7557940000187955,83.98699100052909,29570.0
1781108870,260,GET,REST/listar-usuarios,405.500000,0.000000,30,33,36,39,48,53,110,110,140,140,140,10683,0,26,27.188822390431984,1.710790000288398,143.7498509994839,21998.0
1781108870,260,,Aggregated,2405.000000,0.000000,30,33,35,39,47,51,57,64,130,140,140,63440,0,26,26.359919928185334,1.710790000288398,143.7498509994839,33628.97924022699
1781108871,270,GET,REST/listar-musicas,398.700000,0.000000,30,33,36,39,48,50,55,61,75,84,84,11027,0,26,26.588530956014214,1.9546710000213352,83.67722299954039,50889.0
1781108871,270,GET,REST/listar-musicas-playlist,396.000000,0.000000,30,33,35,38,47,51,56,62,70,77,77,10913,0,26,26.312619114731785,1.723452000078396,76.98633699965285,30493.0
1781108871,270,GET,REST/listar-playlists,398.100000,0.000000,30,33,36,39,48,51,57,60,74,85,85,10988,0,26,26.40332496032224,1.7697599996608915,84.62522199988598,39163.0
1781108871,270,GET,REST/listar-playlists-musica,394.600000,0.000000,30,33,35,37,47,50,56,63,75,78,78,10858,0,26,26.37453939768222,1.7448020007577725,78.20685499973479,29577.0
1781108871,270,GET,REST/listar-playlists-usuario,397.600000,0.000000,30,33,35,37,47,50,55,60,69,84,84,10955,0,26,26.278054478955788,1.7557940000187955,83.98699100052909,29570.0
1781108871,270,GET,REST/listar-usuarios,402.300000,0.000000,30,33,36,39,48,53,110,130,140,150,150,11084,0,26,27.4498067684941,1.710790000288398,151.08366899949033,21998.0
1781108871,270,,Aggregated,2387.300000,0.000000,30,33,35,38,47,51,57,64,130,140,150,65825,0,26,26.56992892873601,1.710790000288398,151.08366899949033,33621.85194075199
1781108872,280,GET,REST/listar-musicas,398.300000,0.000000,30,33,35,38,48,50,54,59,73,84,84,11468,0,26,26.775909869983373,1.9546710000213352,83.67722299954039,50889.0
1781108872,280,GET,REST/listar-musicas-playlist,392.600000,0.000000,29,33,35,37,47,51,56,60,68,77,77,11310,0,26,26.506229936080526,1.723452000078396,76.98633699965285,30493.0
1781108872,280,GET,REST/listar-playlists,397.300000,0.000000,30,33,36,39,47,51,56,59,73,85,85,11416,0,26,26.59720595961921,1.7697599996608915,84.62522199988598,39163.0
1781108872,280,GET,REST/listar-playlists-musica,390.800000,0.000000,30,33,35,37,47,50,56,63,73,78,78,11263,0,26,26.57969472725005,1.7448020007577725,78.20685499973479,29577.0
1781108872,280,GET,REST/listar-playlists-usuario,395.700000,0.000000,30,33,35,37,47,50,54,59,69,84,84,11342,0,26,26.44980555712968,1.7557940000187955,83.98699100052909,29570.0
1781108872,280,GET,REST/listar-usuarios,398.400000,0.000000,30,33,36,38,48,52,110,130,140,150,150,11513,0,26,27.67164034430646,1.710790000288398,151.08366899949033,21998.0
1781108872,280,,Aggregated,2373.100000,0.000000,30,33,35,38,47,50,56,64,130,140,150,68312,0,26,26.765863828127504,1.710790000288398,151.08366899949033,33629.923805480736
1781108873,290,GET,REST/listar-musicas,396.800000,0.000000,30,33,36,38,48,51,56,62,79,93,93,11824,0,27,27.011102676248747,1.9546710000213352,92.97896400039463,50889.0
1781108873,290,GET,REST/listar-musicas-playlist,394.000000,0.000000,30,33,35,38,48,51,56,62,82,92,92,11689,0,26,26.724258694248558,1.723452000078396,92.05733300041175,30493.0
1781108873,290,GET,REST/listar-playlists,394.100000,0.000000,30,33,36,39,48,52,57,62,93,95,95,11788,0,26,26.82792851552582,1.7697599996608915,95.16215899930103,39163.0
1781108873,290,GET,REST/listar-playlists-musica,391.800000,0.000000,30,33,36,38,47,51,59,66,83,95,95,11629,0,26,26.841343434345657,1.7448020007577725,94.50794199983648,29577.0
1781108873,290,GET,REST/listar-playlists-usuario,393.800000,0.000000,30,33,35,37,47,50,56,63,83,94,94,11746,0,26,26.715002139704026,1.7557940000187955,93.87725199940178,29570.0
1781108873,290,GET,REST/listar-usuarios,399.500000,0.000000,30,33,36,38,48,53,110,130,160,160,160,11875,0,26,27.940964677473627,1.710790000288398,157.5206529996649,21998.0
1781108873,290,,Aggregated,2370.000000,0.000000,30,33,36,38,48,51,58,66,140,160,160,70551,0,26,27.012205535542144,1.710790000288398,157.5206529996649,33625.37823702003
1781108874,300,GET,REST/listar-musicas,396.800000,0.000000,30,33,35,38,48,51,56,62,79,93,93,12227,0,27,27.154977988955675,1.9546710000213352,92.97896400039463,50889.0
1781108874,300,GET,REST/listar-musicas-playlist,388.900000,0.000000,30,33,35,37,48,51,56,61,82,92,92,12097,0,26,26.900871329839873,1.723452000078396,92.05733300041175,30493.0
1781108874,300,GET,REST/listar-playlists,395.300000,0.000000,30,33,35,39,48,51,57,62,93,95,95,12182,0,26,26.99540814143928,1.7697599996608915,95.16215899930103,39163.0
1781108874,300,GET,REST/listar-playlists-musica,387.200000,0.000000,30,33,35,37,48,50,59,66,83,95,95,12052,0,27,26.983393033189838,1.7448020007577725,94.50794199983648,29577.0
1781108874,300,GET,REST/listar-playlists-usuario,393.200000,0.000000,30,33,35,37,47,50,57,63,83,94,94,12131,0,26,26.86510067174726,1.7557940000187955,93.87725199940178,29570.0
1781108874,300,GET,REST/listar-usuarios,398.000000,0.000000,30,33,36,38,48,53,110,130,160,160,160,12304,0,27,28.14763185866253,1.710790000288398,157.5206529996649,21998.0
1781108874,300,,Aggregated,2359.400000,0.000000,30,33,35,38,48,51,58,66,140,160,160,72993,0,27,27.17705355035428,1.710790000288398,157.5206529996649,33619.88623566643
1781108875,310,GET,REST/listar-musicas,393.700000,0.000000,30,33,36,39,48,51,57,62,79,93,93,12630,0,27,27.378040610526988,1.9546710000213352,92.97896400039463,50889.0
1781108875,310,GET,REST/listar-musicas-playlist,391.400000,0.000000,30,33,35,37,47,50,56,60,82,92,92,12463,0,27,27.115676716045872,1.723452000078396,92.05733300041175,30493.0
1781108875,310,GET,REST/listar-playlists,393.500000,0.000000,30,33,36,39,48,51,57,62,93,95,95,12565,0,27,27.20079814365377,1.7697599996608915,95.16215899930103,39163.0
1781108875,310,GET,REST/listar-playlists-musica,388.500000,0.000000,30,33,35,37,48,50,58,65,83,95,95,12423,0,27,27.181109713434978,1.7448020007577725,94.50794199983648,29577.0
1781108875,310,GET,REST/listar-playlists-usuario,393.400000,0.000000,30,33,35,37,47,50,57,63,83,94,94,12513,0,27,27.04499983368996,1.7557940000187955,93.87725199940178,29570.0
1781108875,310,GET,REST/listar-usuarios,396.000000,0.000000,30,33,36,38,48,53,130,140,160,180,180,12678,0,27,28.417583296969966,1.710790000288398,183.5758720008016,21998.0
1781108875,310,,Aggregated,2356.500000,0.000000,30,33,35,38,48,51,58,66,150,180,180,75272,0,27,27.392237358194404,1.710790000288398,183.5758720008016,33627.119632798385
1781108876,320,GET,REST/listar-musicas,393.800000,0.000000,30,33,36,38,48,51,56,60,78,93,93,13035,0,27,27.52901763612966,1.9546710000213352,92.97896400039463,50889.0
1781108876,320,GET,REST/listar-musicas-playlist,387.400000,0.000000,30,33,35,37,48,50,55,60,82,92,92,12853,0,27,27.248180095081697,1.723452000078396,92.05733300041175,30493.0
1781108876,320,GET,REST/listar-playlists,390.500000,0.000000,30,33,36,39,48,51,56,60,93,95,95,12971,0,27,27.373707100147616,1.7697599996608915,95.16215899930103,39163.0
1781108876,320,GET,REST/listar-playlists-musica,387.600000,0.000000,30,33,35,37,48,50,57,64,83,95,95,12808,0,27,27.321881909743677,1.7448020007577725,94.50794199983648,29577.0
1781108876,320,GET,REST/listar-playlists-usuario,389.900000,0.000000,30,33,35,37,47,50,55,61,80,94,94,12922,0,27,27.17796070840111,1.7557940000187955,93.87725199940178,29570.0
1781108876,320,GET,REST/listar-usuarios,397.600000,0.000000,30,34,36,38,48,53,130,150,160,180,180,13072,0,27,28.62579805010561,1.710790000288398,183.5758720008016,21998.0
1781108876,320,,Aggregated,2346.800000,0.000000,30,33,36,38,48,51,57,65,160,180,180,77661,0,27,27.548636539962015,1.710790000288398,183.5758720008016,33629.89826296339
1781108877,330,GET,REST/listar-musicas,392.800000,0.000000,30,33,35,38,48,50,55,60,77,93,93,13422,0,27,27.660233142821983,1.9546710000213352,92.97896400039463,50889.0
1781108877,330,GET,REST/listar-musicas-playlist,386.600000,0.000000,30,33,35,37,47,50,55,58,82,92,92,13265,0,27,27.397694454737277,1.723452000078396,92.05733300041175,30493.0
1781108877,330,GET,REST/listar-playlists,391.400000,0.000000,30,34,36,39,48,51,56,60,93,95,95,13371,0,27,27.556133225414463,1.7697599996608915,95.16215899930103,39163.0
1781108877,330,GET,REST/listar-playlists-musica,386.300000,0.000000,30,33,35,37,48,50,56,61,83,95,95,13200,0,27,27.46934171257588,1.7448020007577725,94.50794199983648,29577.0
1781108877,330,GET,REST/listar-playlists-usuario,389.100000,0.000000,30,33,35,37,47,50,55,58,80,94,94,13321,0,27,27.3054222637152,1.7557940000187955,93.87725199940178,29570.0
1781108877,330,GET,REST/listar-usuarios,395.500000,0.000000,30,34,36,38,48,53,130,150,180,180,180,13468,0,27,28.85497715132032,1.710790000288398,183.5758720008016,21998.0
1781108877,330,,Aggregated,2341.600000,0.000000,30,33,35,38,48,50,56,64,160,180,180,80047,0,27,27.70983042958507,1.710790000288398,183.5758720008016,33627.21538596075
1781108878,340,GET,REST/listar-musicas,393.400000,0.000000,30,33,36,38,48,50,55,60,77,93,93,13793,0,27,27.803695013481477,1.9546710000213352,92.97896400039463,50889.0
1781108878,340,GET,REST/listar-musicas-playlist,389.200000,0.000000,30,33,35,37,47,50,55,58,82,92,92,13649,0,27,27.563612739620485,1.723452000078396,92.05733300041175,30493.0
1781108878,340,GET,REST/listar-playlists,393.200000,0.000000,30,34,36,39,48,51,56,60,93,95,95,13745,0,27,27.73145842517324,1.7697599996608915,95.16215899930103,39163.0
1781108878,340,GET,REST/listar-playlists-musica,385.800000,0.000000,30,33,36,38,48,50,56,64,83,95,95,13592,0,27,27.632793309741555,1.7448020007577725,94.50794199983648,29577.0
1781108878,340,GET,REST/listar-playlists-usuario,391.000000,0.000000,30,33,35,37,47,50,55,59,80,94,94,13698,0,27,27.476507025766384,1.7557940000187955,93.87725199940178,29570.0
1781108878,340,GET,REST/listar-usuarios,395.000000,0.000000,31,34,36,39,48,53,130,160,180,180,180,13861,0,27,29.098682083469434,1.710790000288398,184.44363600065117,21998.0
1781108878,340,,Aggregated,2347.600000,0.000000,30,33,36,38,48,51,56,65,180,180,180,82338,0,27,27.887196238941655,1.710790000288398,184.44363600065117,33622.15612475406
1781108879,350,GET,REST/listar-musicas,391.200000,0.000000,30,33,36,38,48,50,56,60,77,93,93,14211,0,27,27.92301876982367,1.9546710000213352,92.97896400039463,50889.0
1781108879,350,GET,REST/listar-musicas-playlist,387.600000,0.000000,30,33,35,37,48,50,55,60,82,92,92,14048,0,27,27.66652261859898,1.723452000078396,92.05733300041175,30493.0
1781108879,350,GET,REST/listar-playlists,388.600000,0.000000,30,34,36,39,48,51,56,60,93,95,95,14143,0,27,27.828181646043912,1.7697599996608915,95.16215899930103,39163.0
1781108879,350,GET,REST/listar-playlists-musica,386.300000,0.000000,30,34,36,38,48,50,57,64,83,95,95,13993,0,27,27.761669871793117,1.7448020007577725,94.50794199983648,29577.0
1781108879,350,GET,REST/listar-playlists-usuario,388.100000,0.000000,30,33,35,37,47,50,55,59,80,94,94,14095,0,27,27.604437998152626,1.7557940000187955,93.87725199940178,29570.0
1781108879,350,GET,REST/listar-usuarios,393.800000,0.000000,31,34,36,39,48,53,130,160,180,180,180,14284,0,27,29.259071916057504,1.710790000288398,184.44363600065117,21998.0
1781108879,350,,Aggregated,2335.600000,0.000000,30,34,36,38,48,51,57,65,180,180,180,84774,0,27,28.01020933131613,1.710790000288398,184.44363600065117,33622.467914690824
1781108880,360,GET,REST/listar-musicas,391.900000,0.000000,30,33,35,37,48,50,56,61,77,93,93,14614,0,27,28.03181168256272,1.9546710000213352,92.97896400039463,50889.0
1781108880,360,GET,REST/listar-musicas-playlist,388.900000,0.000000,30,33,35,37,48,50,55,58,82,92,92,14439,0,27,27.801685842723494,1.723452000078396,92.05733300041175,30493.0
1781108880,360,GET,REST/listar-playlists,389.300000,0.000000,30,34,36,39,48,51,56,60,93,95,95,14552,0,27,27.978935929150193,1.7697599996608915,95.16215899930103,39163.0
1781108880,360,GET,REST/listar-playlists-musica,387.000000,0.000000,30,34,36,38,48,50,57,65,83,95,95,14384,0,27,27.911207785594346,1.7448020007577725,94.50794199983648,29577.0
1781108880,360,GET,REST/listar-playlists-usuario,390.400000,0.000000,30,33,35,37,47,50,55,59,80,94,94,14484,0,27,27.730432941381153,1.7557940000187955,93.87725199940178,29570.0
1781108880,360,GET,REST/listar-usuarios,394.800000,0.000000,31,34,36,39,48,53,150,180,180,180,180,14684,0,27,29.455083661057433,1.710790000288398,184.44363600065117,21998.0
1781108880,360,,Aggregated,2342.300000,0.000000,30,34,36,38,48,51,57,65,180,180,180,87157,0,27,28.154660732276145,1.710790000288398,184.44363600065117,33624.68108126714
1781108881,370,GET,REST/listar-musicas,394.100000,0.000000,30,33,36,37,48,50,56,61,77,93,93,15028,0,27,28.122848388540284,1.9546710000213352,92.97896400039463,50889.0
1781108881,370,GET,REST/listar-musicas-playlist,386.900000,0.000000,30,33,35,37,48,50,55,58,82,92,92,14842,0,27,27.906890612794275,1.723452000078396,92.05733300041175,30493.0
1781108881,370,GET,REST/listar-playlists,390.300000,0.000000,30,34,36,39,48,51,56,61,93,95,95,14957,0,27,28.08771340710021,1.7697599996608915,95.16215899930103,39163.0
1781108881,370,GET,REST/listar-playlists-musica,385.500000,0.000000,30,34,36,38,48,50,57,65,83,95,95,14775,0,27,28.01927100805405,1.7448020007577725,94.50794199983648,29577.0
1781108881,370,GET,REST/listar-playlists-usuario,387.200000,0.000000,30,33,35,37,48,50,55,59,80,94,94,14903,0,27,27.838034815538084,1.7557940000187955,93.87725199940178,29570.0
1781108881,370,GET,REST/listar-usuarios,394.600000,0.000000,31,34,36,38,48,53,150,180,190,190,190,15088,0,28,29.597470390241764,1.710790000288398,188.99270800011436,21998.0
1781108881,370,,Aggregated,2338.600000,0.000000,30,34,36,38,48,51,57,65,180,190,190,89593,0,27,28.26508500369482,1.710790000288398,188.99270800011436,33626.35136673624
1781108882,380,GET,REST/listar-musicas,390.700000,0.000000,30,33,35,37,48,50,55,59,66,80,80,15414,0,28,28.2151581273506,1.9546710000213352,92.97896400039463,50889.0
1781108882,380,GET,REST/listar-musicas-playlist,386.600000,0.000000,30,33,35,37,48,51,55,57,72,80,80,15229,0,27,28.026477724413454,1.723452000078396,92.05733300041175,30493.0
1781108882,380,GET,REST/listar-playlists,389.600000,0.000000,31,34,36,39,48,51,56,60,71,81,81,15349,0,27,28.21742241917947,1.7697599996608915,95.16215899930103,39163.0
1781108882,380,GET,REST/listar-playlists-musica,385.900000,0.000000,30,33,35,38,48,50,56,61,79,81,81,15162,0,27,28.156139294749824,1.7448020007577725,94.50794199983648,29577.0
1781108882,380,GET,REST/listar-playlists-usuario,387.800000,0.000000,30,33,35,37,47,50,55,57,71,80,80,15296,0,27,27.95191342017303,1.7557940000187955,93.87725199940178,29570.0
1781108882,380,GET,REST/listar-usuarios,394.400000,0.000000,30,34,36,38,48,54,160,180,190,190,190,15481,0,28,29.767339772041645,1.710790000288398,188.99270800011436,21998.0
1781108882,380,,Aggregated,2335.000000,0.000000,30,33,36,38,48,51,56,62,180,190,190,91931,0,27,28.392130315399932,1.710790000288398,188.99270800011436,33625.154322263435
1781108883,390,GET,REST/listar-musicas,390.800000,0.000000,30,33,35,37,48,50,56,59,72,80,80,15791,0,28,28.336683877777844,1.9546710000213352,92.97896400039463,50889.0
1781108883,390,GET,REST/listar-musicas-playlist,383.300000,0.000000,31,34,36,38,48,51,56,59,72,80,80,15590,0,27,28.18669218736997,1.723452000078396,92.05733300041175,30493.0
1781108883,390,GET,REST/listar-playlists,390.100000,0.000000,31,34,37,40,49,52,57,60,71,81,81,15732,0,27,28.374780300533235,1.7697599996608915,95.16215899930103,39163.0
1781108883,390,GET,REST/listar-playlists-musica,384.000000,0.000000,30,34,36,38,48,51,57,62,79,81,81,15528,0,28,28.298950551970776,1.7448020007577725,94.50794199983648,29577.0
1781108883,390,GET,REST/listar-playlists-usuario,386.800000,0.000000,30,33,35,37,48,51,55,58,71,80,80,15671,0,28,28.082852902046703,1.7557940000187955,93.87725199940178,29570.0
1781108883,390,GET,REST/listar-usuarios,392.200000,0.000000,31,34,36,39,49,55,160,180,210,230,230,15862,0,28,29.992105434244767,1.710790000288398,232.9047700004594,21998.0
1781108883,390,,Aggregated,2327.200000,0.000000,30,34,36,38,48,51,57,64,180,220,230,94174,0,28,28.548584730393646,1.710790000288398,232.9047700004594,33625.86050289889
1781108884,400,GET,REST/listar-musicas,388.000000,0.000000,30,33,35,37,48,51,56,59,72,80,80,16189,0,28,28.458624137129593,1.9546710000213352,92.97896400039463,50889.0
1781108884,400,GET,REST/listar-musicas-playlist,385.700000,0.000000,30,34,36,38,48,51,56,59,72,80,80,15989,0,27,28.305557586658555,1.723452000078396,92.05733300041175,30493.0
1781108884,400,GET,REST/listar-playlists,387.300000,0.000000,31,34,37,39,49,52,57,60,71,81,81,16127,0,28,28.48384289818258,1.7697599996608915,95.16215899930103,39163.0
1781108884,400,GET,REST/listar-playlists-musica,384.000000,0.000000,30,34,36,38,48,51,57,62,79,81,81,15917,0,28,28.392770505120914,1.7448020007577725,94.50794199983648,29577.0
1781108884,400,GET,REST/listar-playlists-usuario,385.200000,0.000000,30,33,35,37,48,51,56,58,72,80,80,16071,0,28,28.207631728017553,1.7557940000187955,93.87725199940178,29570.0
1781108884,400,GET,REST/listar-usuarios,389.600000,0.000000,31,34,36,39,49,55,170,180,220,230,230,16261,0,28,30.139330318675892,1.710790000288398,232.9047700004594,21998.0
1781108884,400,,Aggregated,2319.800000,0.000000,30,34,36,38,48,52,57,64,190,220,230,96554,0,28,28.667910068677443,1.710790000288398,232.9047700004594,33625.5603703627
1781108885,410,GET,REST/listar-musicas,392.100000,0.000000,30,33,35,37,48,51,56,58,73,80,80,16583,0,28,28.57979717897825,1.9546710000213352,92.97896400039463,50889.0
1781108885,410,GET,REST/listar-musicas-playlist,385.400000,0.000000,30,34,36,38,48,52,56,58,72,80,80,16370,0,28,28.391484119858404,1.723452000078396,92.05733300041175,30493.0
1781108885,410,GET,REST/listar-playlists,389.200000,0.000000,30,34,37,39,49,52,56,59,71,81,81,16521,0,28,28.56607627050297,1.7697599996608915,95.16215899930103,39163.0
1781108885,410,GET,REST/listar-playlists-musica,385.100000,0.000000,30,34,35,37,48,51,57,62,79,81,81,16302,0,28,28.471633717091436,1.7448020007577725,94.50794199983648,29577.0
1781108885,410,GET,REST/listar-playlists-usuario,386.300000,0.000000,30,33,35,37,48,51,56,58,72,80,80,16465,0,28,28.310534653626892,1.7557940000187955,93.87725199940178,29570.0
1781108885,410,GET,REST/listar-usuarios,393.400000,0.000000,31,34,36,38,49,54,180,180,220,230,230,16657,0,28,30.291002383801974,1.710790000288398,232.9047700004594,21998.0
1781108885,410,,Aggregated,2331.500000,0.000000,30,34,36,38,48,52,57,64,200,220,230,98898,0,28,28.771888919503557,1.710790000288398,232.9047700004594,33625.85300006067
1781108886,420,GET,REST/listar-musicas,386.900000,0.000000,30,33,35,37,48,51,56,59,73,80,80,16979,0,28,28.671669841745597,1.9546710000213352,92.97896400039463,50889.0
1781108886,420,GET,REST/listar-musicas-playlist,383.900000,0.000000,30,34,36,38,48,52,56,59,72,80,80,16750,0,28,28.483831897079366,1.723452000078396,92.05733300041175,30493.0
1781108886,420,GET,REST/listar-playlists,386.300000,0.000000,30,34,36,39,48,52,56,59,72,81,81,16924,0,28,28.66498867460236,1.7697599996608915,95.16215899930103,39163.0
1781108886,420,GET,REST/listar-playlists-musica,379.700000,0.000000,30,34,35,37,48,52,57,62,79,81,81,16688,0,28,28.566711972736684,1.7448020007577725,94.50794199983648,29577.0
1781108886,420,GET,REST/listar-playlists-usuario,384.700000,0.000000,30,34,35,37,48,51,56,60,72,80,80,16845,0,28,28.412833024515578,1.7557940000187955,93.87725199940178,29570.0
1781108886,420,GET,REST/listar-usuarios,386.500000,0.000000,30,34,36,38,49,54,180,200,220,230,230,17045,0,28,30.438366331943065,1.710790000288398,232.9047700004594,21998.0
1781108886,420,,Aggregated,2308.000000,0.000000,30,34,36,38,48,52,57,63,210,220,230,101231,0,28,28.876570918740747,1.710790000288398,232.9047700004594,33628.43623988699
1781108887,430,GET,REST/listar-musicas,388.100000,0.000000,30,33,35,37,48,51,56,59,73,80,80,17391,0,28,28.75762769409476,1.9546710000213352,92.97896400039463,50889.0
1781108887,430,GET,REST/listar-musicas-playlist,386.000000,0.000000,30,34,36,38,48,52,56,59,72,80,80,17154,0,28,28.57069665635395,1.723452000078396,92.05733300041175,30493.0
1781108887,430,GET,REST/listar-playlists,385.300000,0.000000,30,33,36,38,48,52,56,59,72,81,81,17329,0,28,28.71277448156145,1.7697599996608915,95.16215899930103,39163.0
1781108887,430,GET,REST/listar-playlists-musica,382.500000,0.000000,30,33,35,37,48,52,57,62,79,81,81,17090,0,28,28.629533452196743,1.7448020007577725,94.50794199983648,29577.0
1781108887,430,GET,REST/listar-playlists-usuario,385.500000,0.000000,30,34,35,37,48,51,56,59,72,80,80,17249,0,28,28.488771724677896,1.7557940000187955,93.87725199940178,29570.0
1781108887,430,GET,REST/listar-usuarios,388.100000,0.000000,30,34,36,38,49,54,180,200,220,230,230,17454,0,28,30.556473993122793,1.710790000288398,232.9047700004594,21998.0
1781108887,430,,Aggregated,2315.500000,0.000000,30,34,36,37,48,52,57,62,210,220,230,103667,0,28,28.956211233228295,1.710790000288398,232.9047700004594,33629.02466551554
1781108888,440,GET,REST/listar-musicas,388.400000,0.000000,30,33,35,37,48,51,57,63,81,110,110,17773,0,28,28.879808673606227,1.9546710000213352,106.63863100035087,50889.0
1781108888,440,GET,REST/listar-musicas-playlist,384.700000,0.000000,30,34,36,39,49,53,58,63,84,110,110,17518,0,28,28.741910931276433,1.723452000078396,107.1812130003309,30493.0
1781108888,440,GET,REST/listar-playlists,385.200000,0.000000,30,34,36,38,48,52,57,62,81,110,110,17686,0,28,28.8511104474712,1.7697599996608915,105.09215399997629,39163.0
1781108888,440,GET,REST/listar-playlists-musica,381.900000,0.000000,30,34,35,37,48,53,59,65,80,110,110,17454,0,28,28.76137974137984,1.7448020007577725,106.11406099997112,29577.0
1781108888,440,GET,REST/listar-playlists-usuario,385.600000,0.000000,30,34,36,38,48,51,58,61,77,80,80,17596,0,28,28.603150772957576,1.7557940000187955,93.87725199940178,29570.0
1781108888,440,GET,REST/listar-usuarios,388.100000,0.000000,30,34,36,38,49,56,180,210,260,280,280,17830,0,28,30.783310769768814,1.710790000288398,281.7587179997645,21998.0
1781108888,440,,Aggregated,2313.900000,0.000000,30,34,36,38,48,53,59,69,220,260,280,105857,0,28,29.107295395260486,1.710790000288398,281.7587179997645,33630.63762434227
1781108889,450,GET,REST/listar-musicas,389.000000,0.000000,30,34,36,38,48,52,57,66,81,110,110,18159,0,28,28.98217918079248,1.9546710000213352,106.63863100035087,50889.0
1781108889,450,GET,REST/listar-musicas-playlist,384.000000,0.000000,30,34,36,39,49,53,58,65,84,110,110,17909,0,28,28.8319134516222,1.723452000078396,107.1812130003309,30493.0
1781108889,450,GET,REST/listar-playlists,387.900000,0.000000,31,34,36,38,48,52,58,62,81,110,110,18061,0,28,28.94710977415285,1.7697599996608915,105.09215399997629,39163.0
1781108889,450,GET,REST/listar-playlists-musica,380.000000,0.000000,30,34,35,37,48,52,58,63,80,110,110,17845,0,28,28.841055981285376,1.7448020007577725,106.11406099997112,29577.0
1781108889,450,GET,REST/listar-playlists-usuario,386.700000,0.000000,30,34,36,38,48,52,58,62,80,82,82,17985,0,28,28.704676127437324,1.7557940000187955,93.87725199940178,29570.0
1781108889,450,GET,REST/listar-usuarios,389.100000,0.000000,31,34,36,38,49,56,180,210,260,280,280,18235,0,28,30.950579280229636,1.710790000288398,281.7587179997645,21998.0
1781108889,450,,Aggregated,2316.700000,0.000000,30,34,36,38,48,53,59,70,220,260,280,108194,0,28,29.213800549874332,1.710790000288398,281.7587179997645,33627.252675749114
1781108890,460,GET,REST/listar-musicas,389.300000,0.000000,30,34,36,38,48,52,58,65,81,110,110,18539,0,28,29.057998889314543,1.9546710000213352,106.63863100035087,50889.0
1781108890,460,GET,REST/listar-musicas-playlist,382.900000,0.000000,30,34,36,39,49,53,58,64,84,110,110,18299,0,28,28.91765126198672,1.723452000078396,107.1812130003309,30493.0
1781108890,460,GET,REST/listar-playlists,389.500000,0.000000,31,34,36,39,49,52,58,64,81,110,110,18448,0,28,29.055882570846006,1.7697599996608915,105.09215399997629,39163.0
1781108890,460,GET,REST/listar-playlists-musica,380.200000,0.000000,30,34,36,37,48,52,59,63,80,110,110,18238,0,28,28.92085173528001,1.7448020007577725,106.11406099997112,29577.0
1781108890,460,GET,REST/listar-playlists-usuario,387.500000,0.000000,30,34,36,38,48,52,58,62,80,82,82,18375,0,28,28.791177100459937,1.7557940000187955,93.87725199940178,29570.0
1781108890,460,GET,REST/listar-usuarios,388.600000,0.000000,31,34,36,38,50,57,190,210,260,280,280,18628,0,28,31.079543741249363,1.710790000288398,281.7587179997645,21998.0
1781108890,460,,Aggregated,2318.000000,0.000000,31,34,36,38,49,53,60,70,220,260,280,110527,0,28,29.30812722230838,1.710790000288398,281.7587179997645,33624.85566422684
1781108892,470,GET,REST/listar-musicas,385.700000,0.000000,31,34,36,39,49,53,58,67,81,110,110,18916,0,28,29.15160707713018,1.9546710000213352,106.63863100035087,50889.0
1781108892,470,GET,REST/listar-musicas-playlist,379.300000,0.000000,31,34,37,39,49,54,59,69,84,110,110,18701,0,28,29.0184358131166,1.723452000078396,107.1812130003309,30493.0
1781108892,470,GET,REST/listar-playlists,385.100000,0.000000,31,34,36,39,49,53,58,63,80,110,110,18848,0,28,29.139247167602456,1.7697599996608915,105.09215399997629,39163.0
1781108892,470,GET,REST/listar-playlists-musica,377.700000,0.000000,30,34,36,37,48,52,58,62,77,110,110,18628,0,28,29.003135805241552,1.7448020007577725,106.11406099997112,29577.0
1781108892,470,GET,REST/listar-playlists-usuario,382.300000,0.000000,31,34,36,38,48,52,58,63,78,82,82,18770,0,28,28.87767307788796,1.7557940000187955,93.87725199940178,29570.0
1781108892,470,GET,REST/listar-usuarios,386.100000,0.000000,31,34,37,39,50,57,200,220,260,280,280,19004,0,28,31.217412723847346,1.710790000288398,281.7587179997645,21998.0
1781108892,470,,Aggregated,2296.200000,0.000000,31,34,36,38,49,53,60,71,230,260,280,112867,0,28,29.40524818665404,1.710790000288398,281.7587179997645,33624.083115525355
1781108893,480,GET,REST/listar-musicas,384.700000,0.000000,31,34,36,39,49,53,58,67,81,110,110,19326,0,28,29.22209739796129,1.9546710000213352,106.63863100035087,50889.0
1781108893,480,GET,REST/listar-musicas-playlist,379.500000,0.000000,30,34,36,38,49,53,59,68,84,110,110,19102,0,28,29.088664959276223,1.723452000078396,107.1812130003309,30493.0
1781108893,480,GET,REST/listar-playlists,381.600000,0.000000,31,34,36,38,49,52,58,62,80,110,110,19250,0,28,29.20119197880404,1.7697599996608915,105.09215399997629,39163.0
1781108893,480,GET,REST/listar-playlists-musica,378.400000,0.000000,30,34,36,37,48,51,58,61,77,110,110,19008,0,28,29.07885983065196,1.7448020007577725,106.11406099997112,29577.0
1781108893,480,GET,REST/listar-playlists-usuario,381.200000,0.000000,30,34,36,38,48,51,58,63,78,82,82,19175,0,28,28.92998039332212,1.7557940000187955,93.87725199940178,29570.0
1781108893,480,GET,REST/listar-usuarios,387.400000,0.000000,31,34,36,38,50,57,200,220,260,280,280,19395,0,28,31.330776900437865,1.710790000288398,281.7587179997645,21998.0
1781108893,480,,Aggregated,2292.800000,0.000000,31,34,36,38,49,53,59,71,220,260,280,115256,0,28,29.47911291077316,1.710790000288398,281.7587179997645,33626.895137780244
1781108894,490,GET,REST/listar-musicas,382.600000,0.000000,31,34,36,39,49,53,60,69,81,110,110,19701,0,28,29.350124263083256,1.9546710000213352,106.63863100035087,50889.0
1781108894,490,GET,REST/listar-musicas-playlist,379.400000,0.000000,30,34,37,39,49,54,61,70,84,110,110,19430,0,28,29.17813459650483,1.723452000078396,107.1812130003309,30493.0
1781108894,490,GET,REST/listar-playlists,381.300000,0.000000,31,34,36,38,49,52,59,62,80,110,110,19617,0,28,29.299750093846153,1.7697599996608915,105.09215399997629,39163.0
1781108894,490,GET,REST/listar-playlists-musica,378.200000,0.000000,31,34,36,38,49,52,59,63,77,110,110,19349,0,28,29.19839546178187,1.7448020007577725,106.11406099997112,29577.0
1781108894,490,GET,REST/listar-playlists-usuario,380.800000,0.000000,31,34,36,38,48,52,59,63,78,82,82,19529,0,28,29.06222959634173,1.7557940000187955,93.87725199940178,29570.0
1781108894,490,GET,REST/listar-usuarios,385.400000,0.000000,31,34,37,39,50,58,200,220,280,280,280,19770,0,28,31.52459344446119,1.710790000288398,281.7587179997645,21998.0
1781108894,490,,Aggregated,2287.700000,0.000000,31,34,36,39,49,53,61,72,240,280,280,117396,0,28,29.606531729207774,1.710790000288398,281.7587179997645,33629.44319227231
1781108895,500,GET,REST/listar-musicas,382.800000,0.000000,31,34,36,39,49,54,61,69,81,110,110,20069,0,28,29.461211357466592,1.9546710000213352,106.63863100035087,50889.0
1781108895,500,GET,REST/listar-musicas-playlist,378.800000,0.000000,31,34,37,39,49,54,61,70,84,110,110,19806,0,28,29.262872800267264,1.723452000078396,107.1812130003309,30493.0
1781108895,500,GET,REST/listar-playlists,382.000000,0.000000,31,34,37,39,49,53,60,64,80,110,110,19989,0,28,29.39831214507878,1.7697599996608915,105.09215399997629,39163.0
1781108895,500,GET,REST/listar-playlists-musica,375.700000,0.000000,31,34,37,39,49,53,59,64,77,110,110,19735,0,28,29.316613104485086,1.7448020007577725,106.11406099997112,29577.0
1781108895,500,GET,REST/listar-playlists-usuario,381.300000,0.000000,31,34,37,39,49,54,61,67,78,82,82,19869,0,28,29.179711592982034,1.7557940000187955,93.87725199940178,29570.0
1781108895,500,GET,REST/listar-usuarios,383.100000,0.000000,31,35,37,40,50,58,220,240,290,290,290,20161,0,29,31.701436151927137,1.710790000288398,292.96634100046504,21998.0
1781108895,500,,Aggregated,2283.800000,0.000000,31,34,37,39,49,54,62,72,260,290,290,119629,0,28,29.724799792693098,1.710790000288398,292.96634100046504,33627.256008158554
1781108896,500,GET,REST/listar-musicas,383.200000,0.000000,31,35,37,40,50,55,61,69,81,110,110,20422,0,28,29.551759749632513,1.9546710000213352,106.63863100035087,50889.0
1781108896,500,GET,REST/listar-musicas-playlist,375.700000,0.000000,31,35,37,40,49,54,62,70,84,110,110,20197,0,28,29.37570272134947,1.723452000078396,107.1812130003309,30493.0
1781108896,500,GET,REST/listar-playlists,383.000000,0.000000,31,34,37,39,49,54,61,67,80,110,110,20338,0,28,29.488047739108524,1.7697599996608915,105.09215399997629,39163.0
1781108896,500,GET,REST/listar-playlists-musica,375.800000,0.000000,31,34,37,39,49,53,60,64,77,110,110,20116,0,28,29.39772687467733,1.7448020007577725,106.11406099997112,29577.0
1781108896,500,GET,REST/listar-playlists-usuario,379.600000,0.000000,31,35,37,39,49,54,62,67,80,82,82,20270,0,28,29.29528594528676,1.7557940000187955,93.87725199940178,29570.0
1781108896,500,GET,REST/listar-usuarios,384.900000,0.000000,32,35,37,40,50,58,200,240,290,290,290,20526,0,29,31.7309936844985,1.710790000288398,292.96634100046504,21998.0
1781108896,500,,Aggregated,2282.200000,0.000000,31,35,37,39,49,54,63,71,260,290,290,121869,0,28,29.810907750765967,1.710790000288398,292.96634100046504,33622.21034881717
1781108897,500,GET,REST/listar-musicas,379.800000,0.000000,31,35,37,40,50,55,62,69,81,110,110,20808,0,29,29.62188124769344,1.9546710000213352,106.63863100035087,50889.0
1781108897,500,GET,REST/listar-musicas-playlist,373.300000,0.000000,31,35,37,40,50,55,62,70,84,110,110,20584,0,28,29.455609789307356,1.723452000078396,107.1812130003309,30493.0
1781108897,500,GET,REST/listar-playlists,377.800000,0.000000,32,35,37,40,50,55,61,67,80,110,110,20738,0,29,29.598060744863325,1.7697599996608915,105.09215399997629,39163.0
1781108897,500,GET,REST/listar-playlists-musica,374.300000,0.000000,31,35,37,40,49,53,60,64,77,110,110,20497,0,29,29.489118582915033,1.7448020007577725,106.11406099997112,29577.0
1781108897,500,GET,REST/listar-playlists-usuario,373.700000,0.000000,31,35,37,39,49,54,62,67,80,82,82,20663,0,28,29.363496182692657,1.7557940000187955,93.87725199940178,29570.0
1781108897,500,GET,REST/listar-usuarios,383.300000,0.000000,32,35,38,41,50,57,200,240,290,290,290,20885,0,29,31.774536864784167,1.710790000288398,292.96634100046504,21998.0
1781108897,500,,Aggregated,2262.200000,0.000000,31,35,37,40,50,55,63,71,260,290,290,124175,0,29,29.887485792390706,1.710790000288398,292.96634100046504,33625.13732232736
1781108898,500,GET,REST/listar-musicas,375.200000,0.000000,31,34,37,39,50,54,60,65,76,80,80,21224,0,29,29.66752686374018,1.9546710000213352,106.63863100035087,50889.0
1781108898,500,GET,REST/listar-musicas-playlist,372.000000,0.000000,31,34,37,39,49,53,59,64,73,80,80,20974,0,28,29.516868349533286,1.723452000078396,107.1812130003309,30493.0
1781108898,500,GET,REST/listar-playlists,375.300000,0.000000,32,35,37,39,50,54,61,63,76,78,78,21146,0,29,29.681519988979826,1.7697599996608915,105.09215399997629,39163.0
1781108898,500,GET,REST/listar-playlists-musica,373.600000,0.000000,31,34,37,39,49,53,59,62,75,77,77,20860,0,29,29.533710571956306,1.7448020007577725,106.11406099997112,29577.0
1781108898,500,GET,REST/listar-playlists-usuario,373.100000,0.000000,31,34,37,39,49,53,60,65,77,81,81,21063,0,28,29.39760060774703,1.7557940000187955,93.87725199940178,29570.0
1781108898,500,GET,REST/listar-usuarios,381.200000,0.000000,32,35,37,40,50,55,71,220,290,290,290,21302,0,29,31.792886121397565,1.710790000288398,292.96634100046504,21998.0
1781108898,500,,Aggregated,2250.400000,0.000000,31,35,37,39,49,54,60,66,240,290,290,126569,0,29,29.93562983744931,1.710790000288398,292.96634100046504,33627.346680466784
1781108899,500,GET,REST/listar-musicas,376.300000,0.000000,31,35,37,40,50,54,61,65,75,76,76,21601,0,29,29.753861931207965,1.9546710000213352,106.63863100035087,50889.0
1781108899,500,GET,REST/listar-musicas-playlist,372.900000,0.000000,31,35,37,39,49,54,60,65,73,75,75,21325,0,29,29.611539211025427,1.723452000078396,107.1812130003309,30493.0
1781108899,500,GET,REST/listar-playlists,375.900000,0.000000,32,35,37,39,50,54,61,65,75,76,76,21510,0,29,29.76866970497344,1.7697599996608915,105.09215399997629,39163.0
1781108899,500,GET,REST/listar-playlists-musica,371.300000,0.000000,31,35,37,40,50,53,59,63,75,79,79,21255,0,29,29.634642500306196,1.7448020007577725,106.11406099997112,29577.0
1781108899,500,GET,REST/listar-playlists-usuario,372.900000,0.000000,31,35,37,39,49,53,61,66,75,81,81,21399,0,28,29.481550479459873,1.7557940000187955,93.87725199940178,29570.0
1781108899,500,GET,REST/listar-usuarios,376.500000,0.000000,32,35,37,40,50,54,68,220,290,290,290,21675,0,29,31.846340209781502,1.710790000288398,292.96634100046504,21998.0
1781108899,500,,Aggregated,2245.800000,0.000000,31,35,37,39,50,54,61,67,240,290,290,128765,0,29,30.020058088037374,1.710790000288398,292.96634100046504,33628.29075447521
1781108900,500,GET,REST/listar-musicas,376.600000,0.000000,31,35,37,40,50,55,61,67,76,82,82,21984,0,29,29.813205078603605,1.9546710000213352,106.63863100035087,50889.0
1781108900,500,GET,REST/listar-musicas-playlist,371.300000,0.000000,31,35,37,39,49,55,61,66,73,75,75,21733,0,29,29.674763519353906,1.723452000078396,107.1812130003309,30493.0
1781108900,500,GET,REST/listar-playlists,375.300000,0.000000,32,35,37,39,50,54,61,65,76,83,83,21869,0,29,29.8305366062911,1.7697599996608915,105.09215399997629,39163.0
1781108900,500,GET,REST/listar-playlists-musica,371.100000,0.000000,31,35,37,40,50,54,59,63,75,81,81,21651,0,29,29.692642415731214,1.7448020007577725,106.11406099997112,29577.0
1781108900,500,GET,REST/listar-playlists-usuario,372.700000,0.000000,31,35,37,39,49,54,62,67,76,83,83,21807,0,29,29.565574239875527,1.7557940000187955,93.87725199940178,29570.0
1781108900,500,GET,REST/listar-usuarios,377.900000,0.000000,32,35,37,40,50,55,64,220,290,290,290,22067,0,29,31.88556618434842,1.710790000288398,292.96634100046504,21998.0
1781108900,500,,Aggregated,2244.900000,0.000000,31,35,37,40,50,54,61,67,240,290,290,131111,0,29,30.080846065083175,1.710790000288398,292.96634100046504,33624.472965655055
1781108901,500,GET,REST/listar-musicas,376.000000,0.000000,31,35,37,40,50,55,61,66,76,82,82,22341,0,29,29.877272331812826,1.9546710000213352,106.63863100035087,50889.0
1781108901,500,GET,REST/listar-musicas-playlist,375.000000,0.000000,31,35,37,39,50,55,61,66,74,75,75,22124,0,29,29.758152940160713,1.723452000078396,107.1812130003309,30493.0
1781108901,500,GET,REST/listar-playlists,373.200000,0.000000,32,35,37,40,50,55,62,65,76,83,83,22278,0,29,29.91399515732878,1.7697599996608915,105.09215399997629,39163.0
1781108901,500,GET,REST/listar-playlists-musica,374.100000,0.000000,31,35,37,40,50,54,60,63,75,81,81,22033,0,29,29.753894816502115,1.7448020007577725,106.11406099997112,29577.0
1781108901,500,GET,REST/listar-playlists-usuario,374.000000,0.000000,31,35,37,39,49,54,62,67,76,83,83,22201,0,29,29.632097768026984,1.7557940000187955,93.87725199940178,29570.0
1781108901,500,GET,REST/listar-usuarios,378.600000,0.000000,32,35,38,40,50,55,62,74,290,290,290,22435,0,29,31.916311509472852,1.710790000288398,292.96634100046504,21998.0
1781108901,500,,Aggregated,2250.900000,0.000000,31,35,37,40,50,54,61,66,220,290,290,133412,0,29,30.14536710852934,1.710790000288398,292.96634100046504,33622.84004437382
1781108902,500,GET,REST/listar-musicas,371.800000,0.000000,31,35,37,40,50,55,61,67,76,82,82,22747,0,29,29.956015213127536,1.9546710000213352,106.63863100035087,50889.0
1781108902,500,GET,REST/listar-musicas-playlist,375.400000,0.000000,31,35,37,40,50,55,61,66,74,75,75,22496,0,29,29.837144168746242,1.723452000078396,107.1812130003309,30493.0
1781108902,500,GET,REST/listar-playlists,373.400000,0.000000,32,35,38,40,50,55,62,65,76,83,83,22669,0,29,29.986632844323484,1.7697599996608915,105.09215399997629,39163.0
1781108902,500,GET,REST/listar-playlists-musica,374.600000,0.000000,31,35,37,40,50,54,60,64,76,81,81,22390,0,29,29.811821138319907,1.7448020007577725,106.11406099997112,29577.0
1781108902,500,GET,REST/listar-playlists-usuario,376.000000,0.000000,32,35,37,40,50,54,62,67,76,83,83,22592,0,29,29.70776010282239,1.7557940000187955,93.87725199940178,29570.0
1781108902,500,GET,REST/listar-usuarios,376.300000,0.000000,32,35,38,40,50,55,61,70,290,290,290,22818,0,29,31.960339360681427,1.710790000288398,292.96634100046504,21998.0
1781108902,500,,Aggregated,2247.500000,0.000000,32,35,37,40,50,55,61,66,83,290,290,135712,0,29,30.21330662198697,1.710790000288398,292.96634100046504,33626.749970525816
1781108903,500,GET,REST/listar-musicas,375.000000,0.000000,31,34,37,39,50,55,61,66,76,82,82,23152,0,29,30.00007986022886,1.9546710000213352,106.63863100035087,50889.0
1781108903,500,GET,REST/listar-musicas-playlist,375.700000,0.000000,31,35,37,40,50,55,61,65,74,75,75,22871,0,29,29.893597953133483,1.723452000078396,107.1812130003309,30493.0
1781108903,500,GET,REST/listar-playlists,376.400000,0.000000,32,35,38,40,50,55,61,65,76,83,83,23067,0,29,30.054800403475202,1.7697599996608915,105.09215399997629,39163.0
1781108903,500,GET,REST/listar-playlists-musica,373.100000,0.000000,31,35,37,39,50,53,60,62,76,81,81,22803,0,29,29.860825209313752,1.7448020007577725,106.11406099997112,29577.0
1781108903,500,GET,REST/listar-playlists-usuario,376.300000,0.000000,31,35,37,39,50,54,62,67,76,83,83,22980,0,29,29.7492645998681,1.7557940000187955,93.87725199940178,29570.0
1781108903,500,GET,REST/listar-usuarios,372.100000,0.000000,32,35,37,40,50,54,60,64,290,290,290,23231,0,29,31.967931016144124,1.710790000288398,292.96634100046504,21998.0
1781108903,500,,Aggregated,2248.600000,0.000000,31,35,37,39,50,54,61,65,76,290,290,138104,0,29,30.25787748223166,1.710790000288398,292.96634100046504,33626.53450298326
1781108904,500,GET,REST/listar-musicas,377.900000,0.000000,31,34,37,39,50,54,61,63,75,82,82,23515,0,29,30.077724297513022,1.9546710000213352,106.63863100035087,50889.0
1781108904,500,GET,REST/listar-musicas-playlist,371.800000,0.000000,32,35,38,41,50,55,61,65,74,75,75,23260,0,29,30.00107622971249,1.723452000078396,107.1812130003309,30493.0
1781108904,500,GET,REST/listar-playlists,376.400000,0.000000,32,35,38,41,50,55,61,64,76,83,83,23407,0,29,30.14090145580289,1.7697599996608915,105.09215399997629,39163.0
1781108904,500,GET,REST/listar-playlists-musica,370.700000,0.000000,31,35,37,39,50,54,59,62,76,81,81,23181,0,29,29.94390729990016,1.7448020007577725,106.11406099997112,29577.0
1781108904,500,GET,REST/listar-playlists-usuario,375.800000,0.000000,31,35,37,39,49,53,61,67,76,83,83,23328,0,29,29.823698958804055,1.7557940000187955,93.87725199940178,29570.0
1781108904,500,GET,REST/listar-usuarios,376.700000,0.000000,32,35,37,40,49,53,60,62,75,76,76,23605,0,29,32.010077226563915,1.710790000288398,292.96634100046504,21998.0
1781108904,500,,Aggregated,2249.300000,0.000000,31,35,37,40,50,54,60,64,75,82,83,140296,0,29,30.33632917330617,1.710790000288398,292.96634100046504,33623.95608570451
1781108905,500,GET,REST/listar-musicas,375.700000,0.000000,31,34,37,39,50,54,60,64,76,82,82,23880,0,29,30.131145070728998,1.9546710000213352,106.63863100035087,50889.0
1781108905,500,GET,REST/listar-musicas-playlist,371.400000,0.000000,31,35,37,40,50,55,60,64,74,80,80,23660,0,29,30.05313064231209,1.723452000078396,107.1812130003309,30493.0
1781108905,500,GET,REST/listar-playlists,373.900000,0.000000,32,35,38,41,50,55,61,64,76,83,83,23810,0,29,30.201650433178475,1.7697599996608915,105.09215399997629,39163.0
1781108905,500,GET,REST/listar-playlists-musica,374.400000,0.000000,31,34,37,39,50,54,60,63,79,81,81,23578,0,29,30.006021321909348,1.7448020007577725,106.11406099997112,29577.0
1781108905,500,GET,REST/listar-playlists-usuario,370.800000,0.000000,31,34,36,38,49,53,60,67,81,83,83,23737,0,29,29.895450321943688,1.7557940000187955,93.87725199940178,29570.0
1781108905,500,GET,REST/listar-usuarios,377.500000,0.000000,32,35,37,39,50,53,60,62,76,80,80,23988,0,29,32.02300043159304,1.710790000288398,292.96634100046504,21998.0
1781108905,500,,Aggregated,2243.600000,0.000000,31,35,37,39,50,54,60,64,76,82,83,142653,0,29,30.388201590384607,1.710790000288398,292.96634100046504,33620.90071712477
1781108906,500,GET,REST/listar-musicas,372.300000,0.000000,31,34,37,40,50,55,61,64,76,82,82,24282,0,29,30.214709679475426,1.9546710000213352,106.63863100035087,50889.0
1781108906,500,GET,REST/listar-musicas-playlist,376.500000,0.000000,31,35,37,40,50,55,61,65,74,80,80,24045,0,29,30.11546122903232,1.723452000078396,107.1812130003309,30493.0
1781108906,500,GET,REST/listar-playlists,371.700000,0.000000,32,35,38,41,50,55,61,65,76,83,83,24208,0,29,30.26801880056164,1.7697599996608915,105.09215399997629,39163.0
1781108906,500,GET,REST/listar-playlists-musica,376.300000,0.000000,31,35,37,39,50,54,60,63,79,81,81,23944,0,29,30.103289406614433,1.7448020007577725,106.11406099997112,29577.0
1781108906,500,GET,REST/listar-playlists-usuario,374.200000,0.000000,31,34,37,39,50,53,61,67,81,83,83,24122,0,29,29.965453471021462,1.7557940000187955,93.87725199940178,29570.0
1781108906,500,GET,REST/listar-usuarios,375.900000,0.000000,31,35,37,39,50,54,60,63,76,80,80,24348,0,29,32.05172695437203,1.710790000288398,292.96634100046504,21998.0
1781108906,500,,Aggregated,2246.900000,0.000000,31,35,37,40,50,54,60,64,76,82,83,144949,0,29,30.455838418189458,1.710790000288398,292.96634100046504,33625.86371068445
1781108907,500,GET,REST/listar-musicas,374.900000,0.000000,31,34,37,40,50,55,61,65,76,82,82,24682,0,29,30.249293642169462,1.9546710000213352,106.63863100035087,50889.0
1781108907,500,GET,REST/listar-musicas-playlist,376.700000,0.000000,31,35,37,40,50,55,61,65,74,80,80,24407,0,29,30.155563784573573,1.723452000078396,107.1812130003309,30493.0
1781108907,500,GET,REST/listar-playlists,376.700000,0.000000,31,35,37,40,50,54,61,64,76,83,83,24602,0,29,30.293837311763166,1.7697599996608915,105.09215399997629,39163.0
1781108907,500,GET,REST/listar-playlists-musica,375.400000,0.000000,31,35,37,40,50,54,60,62,79,81,81,24327,0,29,30.162201967442467,1.7448020007577725,106.11406099997112,29577.0
1781108907,500,GET,REST/listar-playlists-usuario,379.000000,0.000000,31,35,37,39,50,54,61,67,81,83,83,24515,0,29,30.020006490188944,1.7557940000187955,93.87725199940178,29570.0
1781108907,500,GET,REST/listar-usuarios,373.000000,0.000000,31,35,37,39,50,54,60,63,76,80,80,24763,0,29,32.06442534567879,1.710790000288398,292.96634100046504,21998.0
1781108907,500,,Aggregated,2255.700000,0.000000,31,35,37,40,50,54,60,64,76,82,83,147296,0,29,30.493812511637433,1.710790000288398,292.96634100046504,33625.74528839887
1781108908,500,GET,REST/listar-musicas,381.300000,0.000000,31,34,36,39,50,54,60,64,76,82,82,25088,0,29,30.278004557797946,1.9546710000213352,106.63863100035087,50889.0
1781108908,500,GET,REST/listar-musicas-playlist,376.800000,0.000000,31,35,37,39,50,54,60,64,74,80,80,24816,0,29,30.190539295498166,1.723452000078396,107.1812130003309,30493.0
1781108908,500,GET,REST/listar-playlists,380.000000,0.000000,31,35,37,40,50,53,60,62,76,83,83,24993,0,29,30.333787790221432,1.7697599996608915,105.09215399997629,39163.0
1781108908,500,GET,REST/listar-playlists-musica,374.700000,0.000000,31,34,36,39,50,54,60,62,79,81,81,24747,0,29,30.18165716842349,1.7448020007577725,106.11406099997112,29577.0
1781108908,500,GET,REST/listar-playlists-usuario,379.700000,0.000000,31,34,37,39,50,54,60,65,81,83,83,24887,0,29,30.057359552335647,1.7557940000187955,93.87725199940178,29570.0
1781108908,500,GET,REST/listar-usuarios,377.400000,0.000000,31,34,36,39,50,54,59,61,76,80,80,25163,0,29,32.069537234393124,1.710790000288398,292.96634100046504,21998.0
1781108908,500,,Aggregated,2269.900000,0.000000,31,34,37,39,50,54,60,63,76,82,83,149694,0,29,30.521357584800594,1.710790000288398,292.96634100046504,33625.961374537386
1781108909,500,GET,REST/listar-musicas,380.400000,0.000000,31,34,37,39,50,54,60,63,75,79,79,25431,0,29,30.3290711557166,1.9546710000213352,106.63863100035087,50889.0
1781108909,500,GET,REST/listar-musicas-playlist,376.900000,0.000000,31,35,37,40,50,54,60,63,74,80,80,25201,0,29,30.247428447287074,1.723452000078396,107.1812130003309,30493.0
1781108909,500,GET,REST/listar-playlists,377.900000,0.000000,31,35,37,40,50,53,60,62,74,80,80,25335,0,29,30.385834208565022,1.7697599996608915,105.09215399997629,39163.0
1781108909,500,GET,REST/listar-playlists-musica,380.500000,0.000000,31,34,37,39,50,54,60,62,76,81,81,25117,0,29,30.241511037185425,1.7448020007577725,106.11406099997112,29577.0
1781108909,500,GET,REST/listar-playlists-usuario,375.700000,0.000000,31,34,37,39,50,53,60,63,76,82,82,25274,0,29,30.115596959127476,1.7557940000187955,93.87725199940178,29570.0
1781108909,500,GET,REST/listar-usuarios,380.800000,0.000000,31,34,36,39,49,53,59,61,76,80,80,25537,0,29,32.09442446767579,1.710790000288398,292.96634100046504,21998.0
1781108909,500,,Aggregated,2272.200000,0.000000,31,34,37,39,50,54,60,62,75,81,82,151895,0,29,30.571790450193536,1.710790000288398,292.96634100046504,33620.64236479147
1781108910,500,GET,REST/listar-musicas,377.700000,0.000000,31,34,37,39,50,55,61,66,76,79,79,25826,0,29,30.384796826416757,1.9546710000213352,106.63863100035087,50889.0
1781108910,500,GET,REST/listar-musicas-playlist,380.300000,0.000000,31,35,37,40,50,55,60,64,75,80,80,25604,0,29,30.286672953526093,1.723452000078396,107.1812130003309,30493.0
1781108910,500,GET,REST/listar-playlists,374.300000,0.000000,31,35,37,40,50,54,61,64,77,89,89,25763,0,29,30.430889550595218,1.7697599996608915,105.09215399997629,39163.0
1781108910,500,GET,REST/listar-playlists-musica,380.300000,0.000000,31,34,37,39,50,55,60,64,79,81,81,25511,0,29,30.289985784445154,1.7448020007577725,106.11406099997112,29577.0
1781108910,500,GET,REST/listar-playlists-usuario,377.400000,0.000000,31,34,37,39,50,55,60,65,77,82,82,25678,0,29,30.179497696081462,1.7557940000187955,93.87725199940178,29570.0
1781108910,500,GET,REST/listar-usuarios,379.000000,0.000000,31,34,36,39,49,53,60,64,76,80,80,25908,0,29,32.10894714428134,1.710790000288398,292.96634100046504,21998.0
1781108910,500,,Aggregated,2269.000000,0.000000,31,34,37,39,50,54,61,64,77,81,89,154290,0,29,30.615881239446033,1.710790000288398,292.96634100046504,33623.176783978226
1781108911,500,GET,REST/listar-musicas,378.100000,0.000000,31,34,36,39,50,55,61,66,76,79,79,26236,0,29,30.419430604247914,1.9546710000213352,106.63863100035087,50889.0
1781108911,500,GET,REST/listar-musicas-playlist,381.500000,0.000000,31,35,37,39,49,54,60,63,75,80,80,25983,0,29,30.328443964980526,1.723452000078396,107.1812130003309,30493.0
1781108911,500,GET,REST/listar-playlists,382.100000,0.000000,31,34,36,39,50,53,61,63,77,89,89,26155,0,29,30.457797579735665,1.7697599996608915,105.09215399997629,39163.0
1781108911,500,GET,REST/listar-playlists-musica,380.400000,0.000000,31,34,37,40,50,54,60,63,79,81,81,25876,0,29,30.329952825204472,1.7448020007577725,106.11406099997112,29577.0
1781108911,500,GET,REST/listar-playlists-usuario,382.500000,0.000000,31,34,37,40,50,54,60,65,77,82,82,26074,0,29,30.233314337462186,1.7557940000187955,93.87725199940178,29570.0
1781108911,500,GET,REST/listar-usuarios,377.600000,0.000000,31,34,36,39,49,52,59,62,76,80,80,26306,0,29,32.122562689805925,1.710790000288398,292.96634100046504,21998.0
1781108911,500,,Aggregated,2282.200000,0.000000,31,34,37,39,50,54,60,64,77,81,89,156630,0,29,30.65102003467529,1.710790000288398,292.96634100046504,33625.44664495946
1781108912,500,GET,REST/listar-musicas,381.900000,0.000000,31,34,36,39,50,55,61,65,76,79,79,26621,0,29,30.47046022692827,1.9546710000213352,106.63863100035087,50889.0
1781108912,500,GET,REST/listar-musicas-playlist,379.100000,0.000000,31,34,37,39,49,54,60,63,78,80,80,26346,0,29,30.38054595248165,1.723452000078396,107.1812130003309,30493.0
1781108912,500,GET,REST/listar-playlists,381.700000,0.000000,31,34,36,39,50,54,61,64,77,89,89,26542,0,29,30.502352410142514,1.7697599996608915,105.09215399997629,39163.0
1781108912,500,GET,REST/listar-playlists-musica,376.000000,0.000000,31,34,37,40,50,55,60,63,79,81,81,26280,0,29,30.388232590562883,1.7448020007577725,106.11406099997112,29577.0
1781108912,500,GET,REST/listar-playlists-usuario,379.600000,0.000000,31,35,37,40,50,55,60,64,77,82,82,26440,0,29,30.278492972390282,1.7557940000187955,93.87725199940178,29570.0
1781108912,500,GET,REST/listar-usuarios,378.500000,0.000000,31,34,36,38,49,52,59,63,77,80,80,26702,0,29,32.13427541749831,1.710790000288398,292.96634100046504,21998.0
1781108912,500,,Aggregated,2276.800000,0.000000,31,34,36,39,50,54,60,64,77,81,89,158931,0,29,30.694886157535215,1.710790000288398,292.96634100046504,33624.99417357218
1781108913,500,GET,REST/listar-musicas,380.900000,0.000000,30,34,36,38,50,55,60,64,76,79,79,27019,0,29,30.49539246967214,1.9546710000213352,106.63863100035087,50889.0
1781108913,500,GET,REST/listar-musicas-playlist,376.800000,0.000000,31,34,36,38,49,53,59,62,78,80,80,26766,0,29,30.413683117540266,1.723452000078396,107.1812130003309,30493.0
1781108913,500,GET,REST/listar-playlists,379.800000,0.000000,31,34,36,38,50,53,60,63,77,89,89,26917,0,29,30.530748073262313,1.7697599996608915,105.09215399997629,39163.0
1781108913,500,GET,REST/listar-playlists-musica,379.500000,0.000000,31,34,36,39,50,54,60,62,79,81,81,26688,0,29,30.41888760465354,1.7448020007577725,106.11406099997112,29577.0
1781108913,500,GET,REST/listar-playlists-usuario,377.500000,0.000000,31,34,37,40,50,54,60,63,77,82,82,26828,0,29,30.32102381355315,1.7557940000187955,93.87725199940178,29570.0
1781108913,500,GET,REST/listar-usuarios,383.100000,0.000000,31,34,36,38,49,53,59,64,77,80,80,27106,0,29,32.15599173382461,1.710790000288398,292.96634100046504,21998.0
1781108913,500,,Aggregated,2277.600000,0.000000,31,34,36,38,50,54,60,63,77,81,89,161324,0,29,30.72509861242142,1.710790000288398,292.96634100046504,33623.197565148395
1781108914,500,GET,REST/listar-musicas,378.400000,0.000000,30,34,36,38,50,55,61,66,76,84,84,27362,0,29,30.546501625614596,1.9546710000213352,106.63863100035087,50889.0
1781108914,500,GET,REST/listar-musicas-playlist,381.100000,0.000000,31,34,36,39,49,55,60,63,77,79,79,27140,0,29,30.492012286664213,1.723452000078396,107.1812130003309,30493.0
1781108914,500,GET,REST/listar-playlists,376.100000,0.000000,31,34,36,38,49,53,60,63,77,89,89,27294,0,29,30.59624117754854,1.7697599996608915,105.09215399997629,39163.0
1781108914,500,GET,REST/listar-playlists-musica,381.500000,0.000000,31,34,37,39,50,55,60,62,78,79,79,27054,0,29,30.483392650180807,1.7448020007577725,106.11406099997112,29577.0
1781108914,500,GET,REST/listar-playlists-usuario,377.700000,0.000000,31,34,37,40,50,55,60,64,77,77,77,27221,0,29,30.391536013004924,1.7557940000187955,93.87725199940178,29570.0
1781108914,500,GET,REST/listar-usuarios,379.700000,0.000000,31,34,36,38,49,54,60,66,76,78,78,27462,0,29,32.20442442240356,1.710790000288398,292.96634100046504,21998.0
1781108914,500,,Aggregated,2274.500000,0.000000,31,34,36,39,50,55,60,64,77,84,89,163533,0,29,30.787938872865006,1.710790000288398,292.96634100046504,33620.92032800719
1781108915,500,GET,REST/listar-musicas,376.400000,0.000000,30,34,36,38,50,55,61,66,76,84,84,27781,0,29,30.572795783919833,1.9546710000213352,106.63863100035087,50889.0
1781108915,500,GET,REST/listar-musicas-playlist,380.800000,0.000000,31,34,36,38,49,54,60,63,77,79,79,27537,0,29,30.51068486120743,1.723452000078396,107.1812130003309,30493.0
1781108915,500,GET,REST/listar-playlists,379.000000,0.000000,31,34,36,38,49,53,60,63,77,89,89,27703,0,29,30.631092453741903,1.7697599996608915,105.09215399997629,39163.0
1781108915,500,GET,REST/listar-playlists-musica,379.200000,0.000000,31,34,36,39,50,54,60,62,78,79,79,27442,0,29,30.506457518074015,1.7448020007577725,106.11406099997112,29577.0
1781108915,500,GET,REST/listar-playlists-usuario,381.700000,0.000000,31,34,37,41,50,55,60,64,77,77,77,27622,0,29,30.417942156940104,1.7557940000187955,93.87725199940178,29570.0
1781108915,500,GET,REST/listar-usuarios,376.800000,0.000000,31,34,36,38,49,54,60,66,76,78,78,27840,0,29,32.209055640626346,1.710790000288398,292.96634100046504,21998.0
1781108915,500,,Aggregated,2273.900000,0.000000,31,34,36,39,50,54,60,64,77,84,89,165925,0,29,30.810013183349398,1.710790000288398,292.96634100046504,33624.97835166491
1781108916,500,GET,REST/listar-musicas,383.700000,0.000000,30,34,36,38,50,54,60,64,76,84,84,28164,0,29,30.60385457761942,1.9546710000213352,106.63863100035087,50889.0
1781108916,500,GET,REST/listar-musicas-playlist,380.200000,0.000000,31,34,36,38,49,54,60,63,77,79,79,27900,0,29,30.551131425235667,1.723452000078396,107.1812130003309,30493.0
1781108916,500,GET,REST/listar-playlists,383.300000,0.000000,31,34,36,38,49,53,59,63,77,89,89,28092,0,29,30.68032468574715,1.7697599996608915,105.09215399997629,39163.0
1781108916,500,GET,REST/listar-playlists-musica,377.900000,0.000000,30,34,36,38,49,53,60,62,78,79,79,27818,0,29,30.544141585483665,1.7448020007577725,106.11406099997112,29577.0
1781108916,500,GET,REST/listar-playlists-usuario,382.200000,0.000000,31,34,37,40,50,54,59,63,77,77,77,27994,0,29,30.460146772486837,1.7557940000187955,93.87725199940178,29570.0
1781108916,500,GET,REST/listar-usuarios,379.100000,0.000000,31,34,36,39,49,54,60,66,77,78,78,28252,0,29,32.234567200589304,1.710790000288398,292.96634100046504,21998.0
1781108916,500,,Aggregated,2286.400000,0.000000,31,34,36,39,49,54,60,63,77,84,89,168220,0,29,30.847963857360885,1.710790000288398,292.96634100046504,33623.841124717634
1781108917,500,GET,REST/listar-musicas,382.000000,0.000000,30,34,36,39,50,55,61,66,76,84,84,28545,0,29,30.661988213034544,1.9546710000213352,106.63863100035087,50889.0
1781108917,500,GET,REST/listar-musicas-playlist,377.700000,0.000000,31,35,37,39,49,54,60,67,78,86,86,28285,0,29,30.614625860423324,1.723452000078396,107.1812130003309,30493.0
1781108917,500,GET,REST/listar-playlists,381.200000,0.000000,31,34,37,39,50,54,60,64,77,89,89,28451,0,29,30.72943616256026,1.7697599996608915,105.09215399997629,39163.0
1781108917,500,GET,REST/listar-playlists-musica,380.400000,0.000000,31,34,36,39,49,54,60,64,78,87,87,28208,0,29,30.59595039378904,1.7448020007577725,106.11406099997112,29577.0
1781108917,500,GET,REST/listar-playlists-usuario,379.400000,0.000000,31,34,37,40,49,54,59,63,77,77,77,28346,0,29,30.493052833168946,1.7557940000187955,93.87725199940178,29570.0
1781108917,500,GET,REST/listar-usuarios,383.100000,0.000000,31,34,37,39,49,55,61,68,77,87,87,28630,0,29,32.260907729795214,1.710790000288398,292.96634100046504,21998.0
1781108917,500,,Aggregated,2283.800000,0.000000,31,34,37,39,50,54,60,65,77,87,89,170465,0,29,30.894909611270542,1.710790000288398,292.96634100046504,33623.614812424836
1781108918,500,GET,REST/listar-musicas,379.400000,0.000000,30,34,36,39,50,55,60,65,76,84,84,28925,0,29,30.692679456527785,1.9546710000213352,106.63863100035087,50889.0
1781108918,500,GET,REST/listar-musicas-playlist,382.200000,0.000000,31,34,36,38,49,54,60,67,78,86,86,28693,0,29,30.63203016959096,1.723452000078396,107.1812130003309,30493.0
1781108918,500,GET,REST/listar-playlists,378.300000,0.000000,31,34,36,38,49,53,60,64,77,89,89,28835,0,29,30.743419959632217,1.7697599996608915,105.09215399997629,39163.0
1781108918,500,GET,REST/listar-playlists-musica,383.000000,0.000000,31,34,36,39,49,53,60,63,78,87,87,28614,0,29,30.622250271370422,1.7448020007577725,106.11406099997112,29577.0
1781108918,500,GET,REST/listar-playlists-usuario,377.900000,0.000000,31,34,37,39,49,53,59,63,77,77,77,28773,0,29,30.525375971397306,1.7557940000187955,93.87725199940178,29570.0
1781108918,500,GET,REST/listar-usuarios,381.800000,0.000000,31,34,36,38,49,54,60,68,77,87,87,29029,0,29,32.25470537283514,1.710790000288398,292.96634100046504,21998.0
1781108918,500,,Aggregated,2282.600000,0.000000,31,34,36,39,49,54,60,65,77,87,89,172869,0,29,30.91387503734149,1.710790000288398,292.96634100046504,33620.13379495456
1781108919,500,GET,REST/listar-musicas,376.100000,0.000000,31,34,37,39,50,54,60,62,75,84,84,29290,0,29,30.743480436908857,1.9546710000213352,106.63863100035087,50889.0
1781108919,500,GET,REST/listar-musicas-playlist,381.600000,0.000000,31,34,36,39,50,55,60,68,78,86,86,29050,0,29,30.682928221069616,1.723452000078396,107.1812130003309,30493.0
1781108919,500,GET,REST/listar-playlists,379.100000,0.000000,31,35,37,39,50,54,60,63,77,87,87,29220,0,29,30.8170739909649,1.7697599996608915,105.09215399997629,39163.0
1781108919,500,GET,REST/listar-playlists-musica,379.900000,0.000000,31,34,37,39,50,54,60,64,78,87,87,28962,0,29,30.688941314688165,1.7448020007577725,106.11406099997112,29577.0
1781108919,500,GET,REST/listar-playlists-usuario,382.000000,0.000000,31,35,37,40,49,54,59,64,77,83,83,29138,0,29,30.582146969044782,1.7557940000187955,93.87725199940178,29570.0
1781108919,500,GET,REST/listar-usuarios,379.000000,0.000000,31,35,37,39,50,55,61,68,78,87,87,29360,0,29,32.29508722091363,1.710790000288398,292.96634100046504,21998.0
1781108919,500,,Aggregated,2277.700000,0.000000,31,34,37,39,50,54,60,64,77,87,87,175020,0,29,30.970117623021228,1.710790000288398,292.96634100046504,33623.496366129584
1781108920,500,GET,REST/listar-musicas,378.000000,0.000000,31,34,36,39,50,54,60,63,75,84,84,29693,0,29,30.77585083130934,1.9546710000213352,106.63863100035087,50889.0
1781108920,500,GET,REST/listar-musicas-playlist,377.500000,0.000000,31,34,36,38,50,54,60,70,78,86,86,29426,0,29,30.718605638315612,1.723452000078396,107.1812130003309,30493.0
1781108920,500,GET,REST/listar-playlists,380.600000,0.000000,31,35,37,39,50,55,61,68,83,87,87,29613,0,29,30.85480698595225,1.7697599996608915,105.09215399997629,39163.0
1781108920,500,GET,REST/listar-playlists-musica,375.400000,0.000000,31,34,37,39,50,54,60,64,77,87,87,29331,0,29,30.716635381473324,1.7448020007577725,106.11406099997112,29577.0
1781108920,500,GET,REST/listar-playlists-usuario,379.500000,0.000000,31,34,37,39,49,53,60,65,78,84,84,29524,0,29,30.606733929854553,1.7557940000187955,93.87725199940178,29570.0
1781108920,500,GET,REST/listar-usuarios,375.900000,0.000000,31,34,37,39,50,55,61,69,82,87,87,29773,0,29,32.305984341685686,1.710790000288398,292.96634100046504,21998.0
1781108920,500,,Aggregated,2266.900000,0.000000,31,34,37,39,50,54,60,66,79,87,87,177360,0,29,30.998451422227,1.710790000288398,292.96634100046504,33624.05353518268
1781108921,500,GET,REST/listar-musicas,379.800000,0.000000,31,34,36,39,50,53,60,64,75,84,84,30090,0,29,30.80374553054406,1.9546710000213352,106.63863100035087,50889.0
1781108921,500,GET,REST/listar-musicas-playlist,374.700000,0.000000,31,34,36,38,49,54,61,70,78,86,86,29819,0,29,30.745892600156107,1.723452000078396,107.1812130003309,30493.0
1781108921,500,GET,REST/listar-playlists,377.900000,0.000000,31,35,37,40,50,55,61,70,83,87,87,29990,0,29,30.894784002534827,1.7697599996608915,105.09215399997629,39163.0
1781108921,500,GET,REST/listar-playlists-musica,377.000000,0.000000,31,34,37,39,50,54,60,65,77,87,87,29752,0,29,30.765099079019652,1.7448020007577725,106.11406099997112,29577.0
1781108921,500,GET,REST/listar-playlists-usuario,377.200000,0.000000,31,34,37,39,49,54,60,67,78,84,84,29893,0,29,30.64583362007928,1.7557940000187955,93.87725199940178,29570.0
1781108921,500,GET,REST/listar-usuarios,379.900000,0.000000,31,35,37,39,50,56,62,72,82,87,87,30163,0,29,32.326616416835144,1.710790000288398,292.96634100046504,21998.0
1781108921,500,,Aggregated,2266.500000,0.000000,31,34,37,39,50,54,60,68,79,87,87,179707,0,29,31.032279821482685,1.710790000288398,292.96634100046504,33623.93081516023
1781108922,500,GET,REST/listar-musicas,377.500000,0.000000,31,34,36,39,50,53,60,65,75,84,84,30465,0,29,30.832261317907943,1.9546710000213352,106.63863100035087,50889.0
1781108922,500,GET,REST/listar-musicas-playlist,377.700000,0.000000,31,34,36,38,49,54,60,70,78,86,86,30223,0,29,30.78362505102265,1.723452000078396,107.1812130003309,30493.0
1781108922,500,GET,REST/listar-playlists,374.600000,0.000000,31,35,37,40,50,55,61,70,83,87,87,30370,0,29,30.927240579322277,1.7697599996608915,105.09215399997629,39163.0
1781108922,500,GET,REST/listar-playlists-musica,380.200000,0.000000,31,34,37,39,49,54,60,65,77,87,87,30145,0,29,30.788660919688084,1.7448020007577725,106.11406099997112,29577.0
1781108922,500,GET,REST/listar-playlists-usuario,376.000000,0.000000,31,34,36,39,49,53,60,67,78,84,84,30295,0,29,30.676763789866886,1.7557940000187955,93.87725199940178,29570.0
1781108922,500,GET,REST/listar-usuarios,379.500000,0.000000,31,34,37,39,50,55,61,69,82,87,87,30558,0,30,32.33237978041748,1.710790000288398,292.96634100046504,21998.0
1781108922,500,,Aggregated,2265.500000,0.000000,31,34,37,39,50,54,60,67,79,87,87,182056,0,29,31.05873050670765,1.710790000288398,292.96634100046504,33621.19530803709
1781108923,500,GET,REST/listar-musicas,373.900000,0.000000,31,34,36,39,50,53,60,65,75,84,84,30851,0,29,30.85271966118031,1.9546710000213352,106.63863100035087,50889.0
1781108923,500,GET,REST/listar-musicas-playlist,380.000000,0.000000,31,34,36,38,49,54,60,69,78,86,86,30625,0,29,30.807052682614454,1.723452000078396,107.1812130003309,30493.0
1781108923,500,GET,REST/listar-playlists,376.500000,0.000000,31,35,37,39,50,54,61,69,83,87,87,30783,0,29,30.951051142352018,1.7697599996608915,105.09215399997629,39163.0
1781108923,500,GET,REST/listar-playlists-musica,377.100000,0.000000,31,34,37,39,49,53,60,64,77,87,87,30538,0,29,30.812917447147942,1.7448020007577725,106.11406099997112,29577.0
1781108923,500,GET,REST/listar-playlists-usuario,378.700000,0.000000,31,34,36,38,49,52,59,66,78,84,84,30707,0,29,30.697849920442586,1.7557940000187955,93.87725199940178,29570.0
1781108923,500,GET,REST/listar-usuarios,375.800000,0.000000,31,34,36,38,50,54,61,68,82,87,87,30945,0,30,32.33705236852492,1.710790000288398,292.96634100046504,21998.0
1781108923,500,,Aggregated,2262.000000,0.000000,31,34,36,39,50,54,60,67,79,87,87,184449,0,29,31.078202028957648,1.710790000288398,292.96634100046504,33620.86982851628
1781108924,500,GET,REST/listar-musicas,378.400000,0.000000,31,35,37,39,50,54,60,64,75,76,76,31232,0,29,30.914614934620456,1.9546710000213352,106.63863100035087,50889.0
1781108924,500,GET,REST/listar-musicas-playlist,377.200000,0.000000,31,34,37,39,50,54,61,69,78,86,86,30972,0,29,30.86332574012271,1.723452000078396,107.1812130003309,30493.0
1781108924,500,GET,REST/listar-playlists,379.700000,0.000000,31,35,37,40,50,55,61,68,83,87,87,31153,0,29,31.00668913465868,1.7697599996608915,105.09215399997629,39163.0
1781108924,500,GET,REST/listar-playlists-musica,375.200000,0.000000,31,35,37,40,50,54,60,64,77,87,87,30875,0,29,30.865994923595377,1.7448020007577725,106.11406099997112,29577.0
1781108924,500,GET,REST/listar-playlists-usuario,379.000000,0.000000,31,34,36,39,49,53,60,66,78,84,84,31070,0,29,30.75554156627032,1.7557940000187955,93.87725199940178,29570.0
1781108924,500,GET,REST/listar-usuarios,375.400000,0.000000,31,34,37,39,50,55,60,68,82,87,87,31300,0,30,32.371774132268385,1.710790000288398,292.96634100046504,21998.0
1781108924,500,,Aggregated,2264.900000,0.000000,31,35,37,39,50,54,61,66,78,87,87,186602,0,29,31.13136174930177,1.710790000288398,292.96634100046504,33624.004876689425
1781108925,500,GET,REST/listar-musicas,380.700000,0.000000,31,35,37,39,50,54,60,64,75,76,76,31633,0,29,30.937504375843776,1.9546710000213352,106.63863100035087,50889.0
1781108925,500,GET,REST/listar-musicas-playlist,375.500000,0.000000,31,34,37,39,50,54,61,68,78,86,86,31359,0,29,30.88925115048572,1.723452000078396,107.1812130003309,30493.0
1781108925,500,GET,REST/listar-playlists,378.500000,0.000000,31,35,37,40,50,55,61,66,83,87,87,31544,0,30,31.024242280878166,1.7697599996608915,105.09215399997629,39163.0
1781108925,500,GET,REST/listar-playlists-musica,376.200000,0.000000,31,35,37,39,50,54,60,63,77,87,87,31289,0,29,30.884444280578073,1.7448020007577725,106.11406099997112,29577.0
1781108925,500,GET,REST/listar-playlists-usuario,376.800000,0.000000,31,34,36,39,49,53,61,65,78,84,84,31458,0,29,30.77365368984087,1.7557940000187955,93.87725199940178,29570.0
1781108925,500,GET,REST/listar-usuarios,379.800000,0.000000,31,34,37,39,49,54,60,67,82,87,87,31716,0,30,32.36690123032553,1.710790000288398,292.96634100046504,21998.0
1781108925,500,,Aggregated,2267.500000,0.000000,31,34,37,39,50,54,60,65,78,87,87,188999,0,29,31.14778604938758,1.710790000288398,292.96634100046504,33622.90687781417
1781108926,500,GET,REST/listar-musicas,377.900000,0.000000,31,34,37,39,50,53,60,65,75,76,76,32014,0,29,30.962192497346816,1.9546710000213352,106.63863100035087,50889.0
1781108926,500,GET,REST/listar-musicas-playlist,378.100000,0.000000,31,34,36,39,49,53,60,68,78,86,86,31766,0,29,30.92499318847485,1.723452000078396,107.1812130003309,30493.0
1781108926,500,GET,REST/listar-playlists,376.400000,0.000000,31,35,37,40,50,55,62,68,83,87,87,31910,0,30,31.061464770229584,1.7697599996608915,105.09215399997629,39163.0
1781108926,500,GET,REST/listar-playlists-musica,380.300000,0.000000,31,35,37,39,50,54,60,64,77,87,87,31677,0,29,30.925102400227754,1.7448020007577725,106.11406099997112,29577.0
1781108926,500,GET,REST/listar-playlists-usuario,375.000000,0.000000,31,34,36,39,49,53,61,66,78,84,84,31826,0,29,30.806025743323676,1.7557940000187955,93.87725199940178,29570.0
1781108926,500,GET,REST/listar-usuarios,379.900000,0.000000,31,34,36,38,49,54,60,67,82,87,87,32103,0,30,32.370190777030295,1.710790000288398,292.96634100046504,21998.0
1781108926,500,,Aggregated,2267.600000,0.000000,31,34,37,39,50,54,61,66,78,87,87,191296,0,29,31.176739626585153,1.710790000288398,292.96634100046504,33621.71533644196
1781108927,500,GET,REST/listar-musicas,374.500000,0.000000,31,34,37,39,50,53,59,63,75,85,85,32383,0,29,30.988620236360656,1.9546710000213352,106.63863100035087,50889.0
1781108927,500,GET,REST/listar-musicas-playlist,380.500000,0.000000,31,34,37,39,49,53,60,64,78,84,84,32155,0,29,30.958362142064754,1.723452000078396,107.1812130003309,30493.0
1781108927,500,GET,REST/listar-playlists,375.500000,0.000000,31,35,37,40,50,55,61,66,83,85,85,32305,0,30,31.100390838818655,1.7697599996608915,105.09215399997629,39163.0
1781108927,500,GET,REST/listar-playlists-musica,377.700000,0.000000,31,34,37,39,50,53,59,62,76,79,79,32076,0,29,30.944768621898383,1.7448020007577725,106.11406099997112,29577.0
1781108927,500,GET,REST/listar-playlists-usuario,378.400000,0.000000,31,34,36,39,49,53,60,66,83,84,84,32243,0,29,30.83630666873518,1.7557940000187955,93.87725199940178,29570.0
1781108927,500,GET,REST/listar-usuarios,376.500000,0.000000,31,34,36,38,49,54,59,64,82,84,84,32482,0,30,32.37997715088348,1.710790000288398,292.96634100046504,21998.0
1781108927,500,,Aggregated,2263.100000,0.000000,31,34,37,39,50,54,60,65,79,84,85,193644,0,29,31.203004492219012,1.710790000288398,292.96634100046504,33619.82821569478
1781108928,500,GET,REST/listar-musicas,377.600000,0.000000,31,34,36,39,50,53,59,63,75,85,85,32790,0,29,31.014348741112062,1.9546710000213352,106.63863100035087,50889.0
1781108928,500,GET,REST/listar-musicas-playlist,376.900000,0.000000,31,34,36,38,49,53,60,63,78,84,84,32542,0,29,30.97402008112865,1.723452000078396,107.1812130003309,30493.0
1781108928,500,GET,REST/listar-playlists,378.700000,0.000000,31,35,37,40,50,55,61,65,83,85,85,32713,0,30,31.132360631401518,1.7697599996608915,105.09215399997629,39163.0
1781108928,500,GET,REST/listar-playlists-musica,376.200000,0.000000,31,34,37,39,50,53,59,62,75,79,79,32457,0,29,30.972376103583553,1.7448020007577725,106.11406099997112,29577.0
1781108928,500,GET,REST/listar-playlists-usuario,379.200000,0.000000,31,34,36,38,49,53,60,65,83,84,84,32631,0,29,30.86088188572298,1.7557940000187955,93.87725199940178,29570.0
1781108928,500,GET,REST/listar-usuarios,373.600000,0.000000,31,34,36,38,49,53,59,62,82,84,84,32858,0,30,32.38371828519669,1.710790000288398,292.96634100046504,21998.0
1781108928,500,,Aggregated,2262.200000,0.000000,31,34,36,39,49,53,60,63,78,84,85,195991,0,29,31.22442374118321,1.710790000288398,292.96634100046504,33622.88257113847
1781108929,500,GET,REST/listar-musicas,380.400000,0.000000,31,34,37,39,50,54,60,66,75,85,85,33164,0,29,31.065685204108824,1.9546710000213352,106.63863100035087,50889.0
1781108929,500,GET,REST/listar-musicas-playlist,374.800000,0.000000,31,34,37,39,50,53,59,62,76,84,84,32890,0,29,31.01797546859519,1.723452000078396,107.1812130003309,30493.0
1781108929,500,GET,REST/listar-playlists,379.100000,0.000000,31,35,37,40,50,55,61,65,83,85,85,33082,0,30,31.1869125204051,1.7697599996608915,105.09215399997629,39163.0
1781108929,500,GET,REST/listar-playlists-musica,376.100000,0.000000,31,34,37,39,50,53,59,62,75,76,76,32816,0,30,31.006344824963612,1.7448020007577725,106.11406099997112,29577.0
1781108929,500,GET,REST/listar-playlists-usuario,376.800000,0.000000,31,34,36,39,50,53,60,64,75,84,84,32990,0,29,30.901746691483172,1.7557940000187955,93.87725199940178,29570.0
1781108929,500,GET,REST/listar-usuarios,378.800000,0.000000,31,34,36,38,49,52,59,62,76,84,84,33252,0,30,32.41405490123876,1.710790000288398,292.96634100046504,21998.0
1781108929,500,,Aggregated,2266.000000,0.000000,31,34,37,39,50,53,60,63,76,84,85,198194,0,30,31.26711215261432,1.710790000288398,292.96634100046504,33622.50401122133
1781108930,500,GET,REST/listar-musicas,379.800000,0.000000,31,34,37,39,50,54,59,64,75,85,85,33553,0,29,31.086107007929403,1.9546710000213352,106.63863100035087,50889.0
1781108930,500,GET,REST/listar-musicas-playlist,380.200000,0.000000,31,35,37,39,49,53,59,61,75,84,84,33294,0,29,31.037712002826087,1.723452000078396,107.1812130003309,30493.0
1781108930,500,GET,REST/listar-playlists,379.800000,0.000000,32,35,37,40,50,54,60,63,74,83,83,33460,0,30,31.21687179605641,1.7697599996608915,105.09215399997629,39163.0
1781108930,500,GET,REST/listar-playlists-musica,382.600000,0.000000,31,34,37,39,49,53,58,62,75,76,76,33220,0,30,31.029692567700174,1.7448020007577725,106.11406099997112,29577.0
1781108930,500,GET,REST/listar-playlists-usuario,377.000000,0.000000,31,34,36,39,49,53,59,62,73,84,84,33368,0,29,30.926246150354768,1.7557940000187955,93.87725199940178,29570.0
1781108930,500,GET,REST/listar-usuarios,381.900000,0.000000,31,34,36,38,49,52,58,61,74,84,84,33637,0,30,32.42165071242945,1.710790000288398,292.96634100046504,21998.0
1781108930,500,,Aggregated,2281.300000,0.000000,31,34,37,39,49,53,59,62,75,84,85,200532,0,30,31.287967485554535,1.710790000288398,292.96634100046504,33622.03022460256
1781108931,500,GET,REST/listar-musicas,377.700000,0.000000,31,35,37,40,50,54,59,64,75,85,85,33934,0,29,31.12823552413683,1.9546710000213352,106.63863100035087,50889.0
1781108931,500,GET,REST/listar-musicas-playlist,382.100000,0.000000,31,34,37,39,49,53,59,62,75,84,84,33697,0,29,31.059782337836978,1.723452000078396,107.1812130003309,30493.0
1781108931,500,GET,REST/listar-playlists,378.200000,0.000000,31,35,37,40,50,54,59,62,75,83,83,33838,0,30,31.240520214996607,1.7697599996608915,105.09215399997629,39163.0
1781108931,500,GET,REST/listar-playlists-musica,380.600000,0.000000,31,34,37,39,49,53,58,61,75,76,76,33612,0,30,31.044155418749238,1.7448020007577725,106.11406099997112,29577.0
1781108931,500,GET,REST/listar-playlists-usuario,381.300000,0.000000,31,34,36,39,50,53,59,63,75,84,84,33773,0,29,30.95480712986846,1.7557940000187955,93.87725199940178,29570.0
1781108931,500,GET,REST/listar-usuarios,379.700000,0.000000,31,34,36,38,49,52,58,61,74,84,84,34028,0,30,32.43109821708561,1.710790000288398,292.96634100046504,21998.0
1781108931,500,,Aggregated,2279.600000,0.000000,31,34,37,39,49,53,59,62,75,84,85,202882,0,30,31.311314044677317,1.710790000288398,292.96634100046504,33620.25817470254
1781108932,500,GET,REST/listar-musicas,378.900000,0.000000,31,35,37,41,50,54,60,65,75,85,85,34314,0,29,31.168620910009178,1.9546710000213352,106.63863100035087,50889.0
1781108932,500,GET,REST/listar-musicas-playlist,379.200000,0.000000,31,34,37,39,49,53,59,62,75,84,84,34079,0,30,31.0933966774874,1.723452000078396,107.1812130003309,30493.0
1781108932,500,GET,REST/listar-playlists,381.800000,0.000000,32,35,37,41,50,55,60,63,77,83,83,34247,0,30,31.28301622606511,1.7697599996608915,105.09215399997629,39163.0
1781108932,500,GET,REST/listar-playlists-musica,378.100000,0.000000,31,34,36,38,49,53,58,62,75,80,80,33992,0,30,31.064647352553433,1.7448020007577725,106.11406099997112,29577.0
1781108932,500,GET,REST/listar-playlists-usuario,381.400000,0.000000,31,34,36,39,50,54,59,63,76,84,84,34160,0,29,30.9848693723083,1.7557940000187955,93.87725199940178,29570.0
1781108932,500,GET,REST/listar-usuarios,376.000000,0.000000,31,34,37,39,49,53,58,61,75,84,84,34389,0,30,32.44831727703621,1.710790000288398,292.96634100046504,21998.0
1781108932,500,,Aggregated,2275.400000,0.000000,31,35,37,39,50,54,59,62,75,84,85,205181,0,30,31.341884450208575,1.710790000288398,292.96634100046504,33621.890720875715
1781108933,500,GET,REST/listar-musicas,382.600000,0.000000,31,35,37,40,50,54,59,64,75,85,85,34727,0,29,31.18413082333786,1.9546710000213352,106.63863100035087,50889.0
1781108933,500,GET,REST/listar-musicas-playlist,378.500000,0.000000,31,34,37,39,49,52,59,61,75,84,84,34473,0,30,31.098320426771917,1.723452000078396,107.1812130003309,30493.0
1781108933,500,GET,REST/listar-playlists,381.000000,0.000000,31,35,37,40,50,55,60,63,77,83,83,34643,0,30,31.29456140013978,1.7697599996608915,105.09215399997629,39163.0
1781108933,500,GET,REST/listar-playlists-musica,378.600000,0.000000,31,34,36,38,49,53,58,62,75,80,80,34370,0,30,31.075796545563183,1.7448020007577725,106.11406099997112,29577.0
1781108933,500,GET,REST/listar-playlists-usuario,380.200000,0.000000,31,34,36,38,49,53,59,63,76,84,84,34564,0,29,30.990647439938538,1.7557940000187955,93.87725199940178,29570.0
1781108933,500,GET,REST/listar-usuarios,381.300000,0.000000,31,34,36,38,49,52,58,61,75,84,84,34800,0,30,32.4491392227298,1.710790000288398,292.96634100046504,21998.0
1781108933,500,,Aggregated,2282.200000,0.000000,31,34,37,39,49,53,59,62,75,84,85,207577,0,30,31.350232020383903,1.710790000288398,292.96634100046504,33622.61074685538
1781108934,500,GET,REST/listar-musicas,378.200000,0.000000,31,35,37,40,50,54,60,65,75,85,85,35100,0,30,31.230181316069693,1.9546710000213352,106.63863100035087,50889.0
1781108934,500,GET,REST/listar-musicas-playlist,378.800000,0.000000,31,34,37,39,49,53,59,61,75,84,84,34824,0,30,31.137292165090493,1.723452000078396,107.1812130003309,30493.0
1781108934,500,GET,REST/listar-playlists,378.200000,0.000000,31,35,37,40,50,55,60,63,81,83,83,35004,0,30,31.33142039081365,1.7697599996608915,105.09215399997629,39163.0
1781108934,500,GET,REST/listar-playlists-musica,381.000000,0.000000,31,34,36,38,49,53,58,62,75,81,81,34759,0,30,31.11665053537238,1.7448020007577725,106.11406099997112,29577.0
1781108934,500,GET,REST/listar-playlists-usuario,376.300000,0.000000,31,34,36,38,49,53,59,62,82,84,84,34912,0,29,31.030681730380348,1.7557940000187955,93.87725199940178,29570.0
1781108934,500,GET,REST/listar-usuarios,381.100000,0.000000,31,34,36,39,49,52,59,61,81,84,84,35178,0,30,32.47591830882947,1.710790000288398,292.96634100046504,21998.0
1781108934,500,,Aggregated,2273.600000,0.000000,31,34,37,39,50,53,59,62,76,84,85,209777,0,30,31.388541816830443,1.710790000288398,292.96634100046504,33622.43816528981
1781108935,500,GET,REST/listar-musicas,377.700000,0.000000,31,35,37,40,50,54,59,63,75,85,85,35473,0,30,31.253708889579663,1.9546710000213352,106.63863100035087,50889.0
1781108935,500,GET,REST/listar-musicas-playlist,381.500000,0.000000,31,35,37,39,49,53,59,61,75,84,84,35229,0,30,31.172199317582642,1.723452000078396,107.1812130003309,30493.0
1781108935,500,GET,REST/listar-playlists,377.200000,0.000000,32,35,37,41,50,54,60,63,81,83,83,35368,0,30,31.36536752078242,1.7697599996608915,105.09215399997629,39163.0
1781108935,500,GET,REST/listar-playlists-musica,381.200000,0.000000,31,34,36,38,49,53,58,62,75,81,81,35140,0,30,31.14285901573692,1.7448020007577725,106.11406099997112,29577.0
1781108935,500,GET,REST/listar-playlists-usuario,380.400000,0.000000,31,34,36,38,49,53,59,62,82,84,84,35299,0,30,31.061852737868993,1.7557940000187955,93.87725199940178,29570.0
1781108935,500,GET,REST/listar-usuarios,379.900000,0.000000,31,35,37,39,49,53,59,61,81,84,84,35561,0,30,32.488011387250125,1.710790000288398,292.96634100046504,21998.0
1781108935,500,,Aggregated,2277.900000,0.000000,31,35,37,39,49,53,59,62,76,84,85,212070,0,30,31.41546245213016,1.710790000288398,292.96634100046504,33620.68404772009
1781108936,500,GET,REST/listar-musicas,378.400000,0.000000,31,35,37,40,50,54,60,65,75,83,83,35840,0,30,31.280484965347554,1.9546710000213352,106.63863100035087,50889.0
1781108936,500,GET,REST/listar-musicas-playlist,380.400000,0.000000,31,34,37,39,49,53,59,61,74,81,81,35611,0,30,31.195084221564045,1.723452000078396,107.1812130003309,30493.0
1781108936,500,GET,REST/listar-playlists,381.100000,0.000000,32,35,37,40,50,54,59,63,77,82,82,35775,0,30,31.38744461316645,1.7697599996608915,105.09215399997629,39163.0
1781108936,500,GET,REST/listar-playlists-musica,379.200000,0.000000,31,34,36,38,49,53,58,62,75,81,81,35525,0,30,31.16884733900042,1.7448020007577725,106.11406099997112,29577.0
1781108936,500,GET,REST/listar-playlists-usuario,381.700000,0.000000,31,34,37,39,49,53,59,62,81,82,82,35694,0,30,31.096570693450907,1.7557940000187955,93.87725199940178,29570.0
1781108936,500,GET,REST/listar-usuarios,377.100000,0.000000,31,35,37,40,50,53,59,62,75,83,83,35930,0,30,32.51379958733626,1.710790000288398,292.96634100046504,21998.0
1781108936,500,,Aggregated,2277.900000,0.000000,31,35,37,39,49,53,59,62,75,82,83,214375,0,30,31.441733745218553,1.710790000288398,292.96634100046504,33620.46392069971
1781108937,500,GET,REST/listar-musicas,381.100000,0.000000,31,35,37,41,50,55,60,65,75,83,83,36244,0,30,31.308544945316708,1.9546710000213352,106.63863100035087,50889.0
1781108937,500,GET,REST/listar-musicas-playlist,376.600000,0.000000,31,35,37,39,49,53,59,62,78,81,81,35987,0,30,31.228165179429553,1.723452000078396,107.1812130003309,30493.0
1781108937,500,GET,REST/listar-playlists,380.700000,0.000000,32,35,37,40,50,54,60,63,77,82,82,36161,0,30,31.41900731047361,1.7697599996608915,105.09215399997629,39163.0
1781108937,500,GET,REST/listar-playlists-musica,376.500000,0.000000,31,34,37,39,49,53,59,62,79,81,81,35889,0,30,31.196823654016598,1.7448020007577725,106.11406099997112,29577.0
1781108937,500,GET,REST/listar-playlists-usuario,377.700000,0.000000,31,35,37,39,50,53,59,62,81,82,82,36078,0,30,31.121785973669233,1.7557940000187955,93.87725199940178,29570.0
1781108937,500,GET,REST/listar-usuarios,379.200000,0.000000,31,35,37,41,50,54,59,62,75,83,83,36311,0,30,32.52675712907883,1.710790000288398,292.96634100046504,21998.0
1781108937,500,,Aggregated,2271.800000,0.000000,31,35,37,40,50,54,59,63,77,82,83,216670,0,30,31.468183335280596,1.710790000288398,292.96634100046504,33622.7006092214
1781108938,500,GET,REST/listar-musicas,379.100000,0.000000,31,35,37,40,50,54,60,65,75,83,83,36643,0,30,31.313078663866516,1.9546710000213352,106.63863100035087,50889.0
1781108938,500,GET,REST/listar-musicas-playlist,377.900000,0.000000,31,35,37,39,49,53,59,62,78,81,81,36367,0,30,31.241407493170474,1.723452000078396,107.1812130003309,30493.0
1781108938,500,GET,REST/listar-playlists,378.500000,0.000000,32,35,37,40,50,54,59,63,77,82,82,36556,0,30,31.43143176778159,1.7697599996608915,105.09215399997629,39163.0
1781108938,500,GET,REST/listar-playlists-musica,380.300000,0.000000,31,34,36,38,49,53,58,62,79,81,81,36300,0,30,31.207030661074707,1.7448020007577725,106.11406099997112,29577.0
1781108938,500,GET,REST/listar-playlists-usuario,375.800000,0.000000,31,34,37,39,49,53,59,63,81,82,82,36470,0,30,31.133981224377266,1.7557940000187955,93.87725199940178,29570.0
1781108938,500,GET,REST/listar-usuarios,381.400000,0.000000,31,35,37,40,50,53,59,62,75,83,83,36727,0,30,32.52333437598966,1.710790000288398,292.96634100046504,21998.0
1781108938,500,,Aggregated,2273.000000,0.000000,31,35,37,39,50,53,59,63,77,82,83,219063,0,30,31.476446672255193,1.710790000288398,292.96634100046504,33621.7925071783
1781108939,500,GET,REST/listar-musicas,375.700000,0.000000,31,35,37,40,50,54,60,63,77,83,83,37017,0,30,31.352863752277514,1.9546710000213352,106.63863100035087,50889.0
1781108939,500,GET,REST/listar-musicas-playlist,380.100000,0.000000,31,35,37,39,49,54,60,63,78,81,81,36768,0,30,31.286787531335015,1.723452000078396,107.1812130003309,30493.0
1781108939,500,GET,REST/listar-playlists,375.200000,0.000000,32,35,37,40,50,54,59,63,77,82,82,36912,0,30,31.474688586828638,1.7697599996608915,105.09215399997629,39163.0
1781108939,500,GET,REST/listar-playlists-musica,379.800000,0.000000,31,34,36,38,49,53,59,62,79,81,81,36682,0,30,31.240546899842496,1.7448020007577725,106.11406099997112,29577.0
1781108939,500,GET,REST/listar-playlists-usuario,378.600000,0.000000,31,34,37,39,49,53,59,62,81,82,82,36829,0,30,31.165192991502227,1.7557940000187955,93.87725199940178,29570.0
1781108939,500,GET,REST/listar-usuarios,377.800000,0.000000,31,35,37,41,50,53,59,61,75,83,83,37102,0,30,32.548484324240555,1.710790000288398,292.96634100046504,21998.0
1781108939,500,,Aggregated,2267.200000,0.000000,31,35,37,39,50,54,59,63,78,82,83,221310,0,30,31.512799991185304,1.710790000288398,292.96634100046504,33620.967118521534
1781108940,500,GET,REST/listar-musicas,376.500000,0.000000,31,35,37,41,50,54,60,64,77,83,83,37385,0,30,31.370921267568765,1.9546710000213352,106.63863100035087,50889.0
1781108940,500,GET,REST/listar-musicas-playlist,377.700000,0.000000,31,35,37,39,50,54,60,63,78,81,81,37162,0,30,31.305766898797796,1.723452000078396,107.1812130003309,30493.0
1781108940,500,GET,REST/listar-playlists,377.800000,0.000000,32,35,37,41,50,54,59,63,77,82,82,37309,0,30,31.504718051355724,1.7697599996608915,105.09215399997629,39163.0
1781108940,500,GET,REST/listar-playlists-musica,376.500000,0.000000,31,34,36,38,49,53,58,61,79,81,81,37078,0,30,31.255741162037086,1.7448020007577725,106.11406099997112,29577.0
1781108940,500,GET,REST/listar-playlists-usuario,379.300000,0.000000,31,34,37,39,49,53,59,62,81,82,82,37241,0,30,31.18200763277093,1.7557940000187955,93.87725199940178,29570.0
1781108940,500,GET,REST/listar-usuarios,374.600000,0.000000,31,35,37,41,50,54,59,61,75,83,83,37489,0,30,32.56228739104735,1.710790000288398,292.96634100046504,21998.0
1781108940,500,,Aggregated,2262.400000,0.000000,31,35,37,39,50,54,59,63,78,82,83,223664,0,30,31.531553740969592,1.710790000288398,292.96634100046504,33618.97263752772
1781108941,500,GET,REST/listar-musicas,379.900000,0.000000,31,35,37,40,50,54,60,65,77,83,83,37789,0,30,31.402721611581754,1.9546710000213352,106.63863100035087,50889.0
1781108941,500,GET,REST/listar-musicas-playlist,376.300000,0.000000,31,35,37,39,49,53,59,62,78,79,79,37540,0,30,31.33536804928377,1.723452000078396,107.1812130003309,30493.0
1781108941,500,GET,REST/listar-playlists,379.700000,0.000000,32,35,37,41,50,54,59,62,77,81,81,37711,0,30,31.551808154968633,1.7697599996608915,105.09215399997629,39163.0
1781108941,500,GET,REST/listar-playlists-musica,375.200000,0.000000,31,34,37,38,49,53,59,61,78,81,81,37441,0,30,31.27948099124025,1.7448020007577725,106.11406099997112,29577.0
1781108941,500,GET,REST/listar-playlists-usuario,376.800000,0.000000,31,35,37,39,49,53,58,61,78,82,82,37627,0,30,31.217674209026008,1.7557940000187955,93.87725199940178,29570.0
1781108941,500,GET,REST/listar-usuarios,377.700000,0.000000,32,35,37,41,50,54,59,61,74,83,83,37848,0,30,32.588471987026246,1.710790000288398,292.96634100046504,21998.0
1781108941,500,,Aggregated,2265.600000,0.000000,31,35,37,40,50,53,59,62,77,82,83,225956,0,30,31.563792791088655,1.710790000288398,292.96634100046504,33622.61097293278
1781108942,500,GET,REST/listar-musicas,378.400000,0.000000,31,34,37,39,50,54,60,65,78,83,83,38181,0,30,31.422151125142154,1.9546710000213352,106.63863100035087,50889.0
1781108942,500,GET,REST/listar-musicas-playlist,377.100000,0.000000,31,35,37,39,50,54,60,63,78,79,79,37918,0,30,31.3475976279635,1.723452000078396,107.1812130003309,30493.0
1781108942,500,GET,REST/listar-playlists,377.400000,0.000000,32,35,38,42,50,54,60,64,77,81,81,38099,0,30,31.571997739810282,1.7697599996608915,105.09215399997629,39163.0
1781108942,500,GET,REST/listar-playlists-musica,378.900000,0.000000,31,34,37,39,50,53,59,64,79,81,81,37829,0,30,31.308223962489713,1.7448020007577725,106.11406099997112,29577.0
1781108942,500,GET,REST/listar-playlists-usuario,375.000000,0.000000,31,35,37,39,50,53,59,63,80,82,82,38015,0,30,31.23933978374381,1.7557940000187955,93.87725199940178,29570.0
1781108942,500,GET,REST/listar-usuarios,380.200000,0.000000,32,35,37,41,50,54,59,62,74,83,83,38267,0,30,32.59407443515194,1.710790000288398,292.96634100046504,21998.0
1781108942,500,,Aggregated,2267.000000,0.000000,31,35,37,40,50,54,59,63,78,82,83,228309,0,30,31.581885310790312,1.710790000288398,292.96634100046504,33621.39455299616
1781108943,500,GET,REST/listar-musicas,375.400000,0.000000,31,34,37,39,50,53,60,65,78,83,83,38582,0,30,31.425299436059777,1.9546710000213352,106.63863100035087,50889.0
1781108943,500,GET,REST/listar-musicas-playlist,378.700000,0.000000,31,35,37,39,49,53,59,63,78,79,79,38315,0,30,31.36012720767632,1.723452000078396,107.1812130003309,30493.0
1781108943,500,GET,REST/listar-playlists,374.500000,0.000000,32,35,37,41,50,54,59,63,77,81,81,38496,0,30,31.583972296031373,1.7697599996608915,105.09215399997629,39163.0
1781108943,500,GET,REST/listar-playlists-musica,379.300000,0.000000,31,34,37,38,49,53,59,62,79,81,81,38250,0,30,31.3191771101967,1.7448020007577725,106.11406099997112,29577.0
1781108943,500,GET,REST/listar-playlists-usuario,377.100000,0.000000,31,35,37,40,49,53,59,62,80,82,82,38395,0,30,31.251483875582977,1.7557940000187955,93.87725199940178,29570.0
1781108943,500,GET,REST/listar-usuarios,377.000000,0.000000,31,35,37,40,50,54,59,61,74,83,83,38667,0,30,32.582420191195844,1.710790000288398,292.96634100046504,21998.0
1781108943,500,,Aggregated,2262.000000,0.000000,31,35,37,39,50,53,59,63,78,82,83,230705,0,30,31.588368105213263,1.710790000288398,292.96634100046504,33621.354574023106
1781108944,500,GET,REST/listar-musicas,375.900000,0.000000,31,34,36,39,50,53,60,65,77,79,79,38944,0,30,31.45994928754258,1.9546710000213352,106.63863100035087,50889.0
1781108944,500,GET,REST/listar-musicas-playlist,377.400000,0.000000,31,35,37,39,50,54,59,63,78,79,79,38711,0,30,31.393096730984105,1.723452000078396,107.1812130003309,30493.0
1781108944,500,GET,REST/listar-playlists,378.000000,0.000000,32,35,37,42,50,54,59,63,77,80,80,38846,0,30,31.61315077457189,1.7697599996608915,105.09215399997629,39163.0
1781108944,500,GET,REST/listar-playlists-musica,376.500000,0.000000,31,34,36,38,50,53,58,61,78,79,79,38624,0,30,31.3509117284337,1.7448020007577725,106.11406099997112,29577.0
1781108944,500,GET,REST/listar-playlists-usuario,379.100000,0.000000,31,34,37,39,50,53,59,62,76,80,80,38785,0,30,31.283017471626053,1.7557940000187955,93.87725199940178,29570.0
1781108944,500,GET,REST/listar-usuarios,374.400000,0.000000,31,35,37,40,50,54,59,61,73,76,76,39039,0,30,32.600160065446374,1.710790000288398,292.96634100046504,21998.0
1781108944,500,,Aggregated,2261.300000,0.000000,31,35,37,39,50,53,59,62,77,79,80,232949,0,30,31.617933468816087,1.710790000288398,292.96634100046504,33619.35898844811
1781108945,500,GET,REST/listar-musicas,378.900000,0.000000,31,34,37,39,50,54,61,66,77,79,79,39322,0,30,31.487539150197257,1.9546710000213352,106.63863100035087,50889.0
1781108945,500,GET,REST/listar-musicas-playlist,375.800000,0.000000,31,35,37,39,49,53,59,63,78,79,79,39094,0,30,31.41526808904485,1.723452000078396,107.1812130003309,30493.0
1781108945,500,GET,REST/listar-playlists,379.500000,0.000000,31,35,37,42,50,54,59,63,77,80,80,39256,0,30,31.63284544833941,1.7697599996608915,105.09215399997629,39163.0
1781108945,500,GET,REST/listar-playlists-musica,374.100000,0.000000,31,35,37,39,50,53,58,62,78,79,79,39001,0,30,31.37734690041312,1.7448020007577725,106.11406099997112,29577.0
1781108945,500,GET,REST/listar-playlists-usuario,377.300000,0.000000,31,35,37,40,50,53,59,62,76,80,80,39173,0,30,31.306700714957092,1.7557940000187955,93.87725199940178,29570.0
1781108945,500,GET,REST/listar-usuarios,376.500000,0.000000,31,35,37,40,50,54,59,61,73,76,76,39402,0,30,32.60453679148181,1.710790000288398,292.96634100046504,21998.0
1781108945,500,,Aggregated,2262.100000,0.000000,31,35,37,40,50,53,59,63,77,79,80,235248,0,30,31.63848253028813,1.710790000288398,292.96634100046504,33620.59065751887
1781108947,500,GET,REST/listar-musicas,377.400000,0.000000,31,35,37,39,50,54,61,66,77,79,79,39726,0,30,31.522206189524727,1.9546710000213352,106.63863100035087,50889.0
1781108947,500,GET,REST/listar-musicas-playlist,380.500000,0.000000,31,35,37,40,50,54,59,62,74,78,78,39466,0,30,31.44676609494561,1.723452000078396,107.1812130003309,30493.0
1781108947,500,GET,REST/listar-playlists,375.300000,0.000000,31,35,37,42,50,54,59,64,77,80,80,39639,0,30,31.65172751870662,1.7697599996608915,105.09215399997629,39163.0
1781108947,500,GET,REST/listar-playlists-musica,381.000000,0.000000,31,35,37,39,50,53,58,62,78,79,79,39358,0,30,31.406319863179107,1.7448020007577725,106.11406099997112,29577.0
1781108947,500,GET,REST/listar-playlists-usuario,379.000000,0.000000,31,35,37,40,50,53,59,62,76,80,80,39555,0,30,31.33679893201902,1.7557940000187955,93.87725199940178,29570.0
1781108947,500,GET,REST/listar-usuarios,379.000000,0.000000,31,35,37,39,49,53,58,61,73,76,76,39798,0,30,32.61297570699451,1.710790000288398,292.96634100046504,21998.0
1781108947,500,,Aggregated,2272.200000,0.000000,31,35,37,40,50,53,59,63,76,79,80,237542,0,30,31.663959581969575,1.710790000288398,292.96634100046504,33622.03159441278
1781108948,500,GET,REST/listar-musicas,376.000000,0.000000,31,35,37,40,50,55,62,68,77,79,79,40109,0,30,31.546432661374226,1.9546710000213352,106.63863100035087,50889.0
1781108948,500,GET,REST/listar-musicas-playlist,379.300000,0.000000,31,34,37,40,50,54,60,63,74,78,78,39834,0,30,31.45815607832823,1.723452000078396,107.1812130003309,30493.0
1781108948,500,GET,REST/listar-playlists,378.300000,0.000000,32,35,38,42,50,55,61,66,77,80,80,40022,0,30,31.6774841819002,1.7697599996608915,105.09215399997629,39163.0
1781108948,500,GET,REST/listar-playlists-musica,377.100000,0.000000,31,35,37,39,50,54,59,64,78,85,85,39769,0,30,31.429963535140462,1.7448020007577725,106.11406099997112,29577.0
1781108948,500,GET,REST/listar-playlists-usuario,380.500000,0.000000,31,35,37,40,50,54,59,62,76,80,80,39921,0,30,31.35882697490063,1.7557940000187955,93.87725199940178,29570.0
1781108948,500,GET,REST/listar-usuarios,375.900000,0.000000,31,35,37,39,50,54,59,61,73,76,76,40184,0,30,32.618411308654096,1.710790000288398,292.96634100046504,21998.0
1781108948,500,,Aggregated,2267.100000,0.000000,31,35,37,40,50,54,60,64,76,80,85,239839,0,30,31.682705983131164,1.710790000288398,292.96634100046504,33621.829493952195
1781108949,500,GET,REST/listar-musicas,381.100000,0.000000,31,34,37,39,50,53,60,66,76,79,79,40500,0,30,31.548328204050534,1.9546710000213352,106.63863100035087,50889.0
1781108949,500,GET,REST/listar-musicas-playlist,377.900000,0.000000,31,34,36,38,49,53,58,61,73,74,74,40255,0,30,31.46296869696046,1.723452000078396,107.1812130003309,30493.0
1781108949,500,GET,REST/listar-playlists,380.800000,0.000000,31,35,37,40,50,54,60,64,75,80,80,40401,0,30,31.6836913895695,1.7697599996608915,105.09215399997629,39163.0
1781108949,500,GET,REST/listar-playlists-musica,375.100000,0.000000,31,34,36,38,50,54,59,62,78,85,85,40171,0,30,31.4447046132036,1.7448020007577725,106.11406099997112,29577.0
1781108949,500,GET,REST/listar-playlists-usuario,378.700000,0.000000,31,34,37,39,49,53,59,61,75,80,80,40322,0,30,31.363781134938662,1.7557940000187955,93.87725199940178,29570.0
1781108949,500,GET,REST/listar-usuarios,377.600000,0.000000,31,34,36,38,49,52,58,60,73,76,76,40593,0,30,32.61070625612703,1.710790000288398,292.96634100046504,21998.0
1781108949,500,,Aggregated,2271.200000,0.000000,31,34,37,39,49,53,59,62,75,80,85,242242,0,30,31.686841769739285,1.710790000288398,292.96634100046504,33619.8867207173
1781108950,500,GET,REST/listar-musicas,379.000000,0.000000,31,35,37,39,50,54,61,66,77,82,82,40849,0,30,31.57884420722765,1.9546710000213352,106.63863100035087,50889.0
1781108950,500,GET,REST/listar-musicas-playlist,376.200000,0.000000,31,34,36,39,50,53,59,62,73,74,74,40624,0,30,31.498205924309506,1.723452000078396,107.1812130003309,30493.0
1781108950,500,GET,REST/listar-playlists,377.100000,0.000000,31,35,37,40,50,55,60,65,79,82,82,40779,0,30,31.722805199612573,1.7697599996608915,105.09215399997629,39163.0
1781108950,500,GET,REST/listar-playlists-musica,378.600000,0.000000,31,35,37,39,50,55,60,65,78,85,85,40538,0,30,31.479883793354396,1.7448020007577725,106.11406099997112,29577.0
1781108950,500,GET,REST/listar-playlists-usuario,376.300000,0.000000,31,35,37,39,50,54,59,62,75,80,80,40703,0,30,31.388376031644054,1.7557940000187955,93.87725199940178,29570.0
1781108950,500,GET,REST/listar-usuarios,380.100000,0.000000,31,34,36,39,49,53,59,62,74,77,77,40942,0,30,32.63123216281521,1.710790000288398,292.96634100046504,21998.0
1781108950,500,,Aggregated,2267.300000,0.000000,31,35,37,39,50,54,60,64,76,82,85,244435,0,30,31.717602240948434,1.710790000288398,292.96634100046504,33619.41874936077
1781108951,500,GET,REST/listar-musicas,377.900000,0.000000,31,35,37,39,50,54,60,66,76,82,82,41252,0,30,31.606665473699472,1.9546710000213352,106.63863100035087,50889.0
1781108951,500,GET,REST/listar-musicas-playlist,380.600000,0.000000,31,34,36,38,49,53,59,62,73,81,81,40998,0,30,31.51091596258699,1.723452000078396,107.1812130003309,30493.0
1781108951,500,GET,REST/listar-playlists,376.100000,0.000000,31,35,37,40,50,54,60,64,77,82,82,41169,0,30,31.743607739245583,1.7697599996608915,105.09215399997629,39163.0
1781108951,500,GET,REST/listar-playlists-musica,381.300000,0.000000,31,34,36,39,50,54,59,63,74,85,85,40897,0,30,31.499033450204138,1.7448020007577725,106.11406099997112,29577.0
1781108951,500,GET,REST/listar-playlists-usuario,377.800000,0.000000,31,34,37,39,49,53,59,62,73,80,80,41093,0,30,31.410710501618645,1.7557940000187955,93.87725199940178,29570.0
1781108951,500,GET,REST/listar-usuarios,379.600000,0.000000,31,34,36,38,49,53,59,63,77,81,81,41322,0,30,32.63979365064547,1.710790000288398,292.96634100046504,21998.0
1781108951,500,,Aggregated,2273.300000,0.000000,31,34,37,39,50,54,59,64,75,82,85,246731,0,30,31.736154494815107,1.710790000288398,292.96634100046504,33621.468417020966
1781108952,500,GET,REST/listar-musicas,376.800000,0.000000,31,35,37,39,50,54,60,66,75,82,82,41637,0,30,31.619505687755048,1.9546710000213352,106.63863100035087,50889.0
1781108952,500,GET,REST/listar-musicas-playlist,380.100000,0.000000,31,34,37,39,49,53,59,62,73,81,81,41357,0,30,31.52288183616176,1.723452000078396,107.1812130003309,30493.0
1781108952,500,GET,REST/listar-playlists,378.700000,0.000000,31,35,37,40,50,54,60,64,75,82,82,41554,0,30,31.76345029869605,1.7697599996608915,105.09215399997629,39163.0
1781108952,500,GET,REST/listar-playlists-musica,379.000000,0.000000,31,35,37,39,50,54,59,63,74,85,85,41296,0,30,31.512999352043735,1.7448020007577725,106.11406099997112,29577.0
1781108952,500,GET,REST/listar-playlists-usuario,380.700000,0.000000,31,35,37,40,49,53,59,63,73,80,80,41464,0,30,31.436465691202237,1.7557940000187955,93.87725199940178,29570.0
1781108952,500,GET,REST/listar-usuarios,376.600000,0.000000,31,34,36,39,49,53,59,62,77,81,81,41723,0,30,32.65221284655888,1.710790000288398,292.96634100046504,21998.0
1781108952,500,,Aggregated,2271.900000,0.000000,31,35,37,39,50,54,59,64,74,82,85,249031,0,30,31.752361382278654,1.710790000288398,292.96634100046504,33620.98863996852
1781108953,500,GET,REST/listar-musicas,380.400000,0.000000,31,35,37,40,50,55,61,66,76,89,89,42030,0,30,31.638634422413904,1.9546710000213352,106.63863100035087,50889.0
1781108953,500,GET,REST/listar-musicas-playlist,377.900000,0.000000,31,34,37,39,50,53,60,63,76,90,90,41773,0,30,31.54570564647313,1.723452000078396,107.1812130003309,30493.0
1781108953,500,GET,REST/listar-playlists,381.000000,0.000000,31,35,37,40,50,55,61,67,82,89,89,41926,0,30,31.783011696107664,1.7697599996608915,105.09215399997629,39163.0
1781108953,500,GET,REST/listar-playlists-musica,375.500000,0.000000,31,35,37,39,50,54,60,66,75,91,91,41691,0,30,31.52895471118441,1.7448020007577725,106.11406099997112,29577.0
1781108953,500,GET,REST/listar-playlists-usuario,379.300000,0.000000,31,35,37,40,50,54,60,64,76,90,90,41841,0,30,31.454095121172884,1.7557940000187955,93.87725199940178,29570.0
1781108953,500,GET,REST/listar-usuarios,377.400000,0.000000,31,34,37,39,49,54,59,64,80,90,90,42117,0,30,32.65405833494754,1.710790000288398,292.96634100046504,21998.0
1781108953,500,,Aggregated,2271.500000,0.000000,31,35,37,40,50,54,60,65,77,90,91,251378,0,30,31.76849419932219,1.710790000288398,292.96634100046504,33620.362720683595
1781108954,500,GET,REST/listar-musicas,382.000000,0.000000,31,35,37,40,50,54,60,66,74,89,89,42396,0,30,31.658560470140156,1.9546710000213352,106.63863100035087,50889.0
1781108954,500,GET,REST/listar-musicas-playlist,378.600000,0.000000,31,34,37,39,50,53,60,63,76,90,90,42164,0,30,31.56407578493753,1.723452000078396,107.1812130003309,30493.0
1781108954,500,GET,REST/listar-playlists,380.400000,0.000000,31,35,37,40,50,55,62,67,82,89,89,42319,0,30,31.806081235001045,1.7697599996608915,105.09215399997629,39163.0
1781108954,500,GET,REST/listar-playlists-musica,380.100000,0.000000,31,35,37,39,50,54,60,66,74,91,91,42093,0,30,31.549295507257607,1.7448020007577725,106.11406099997112,29577.0
1781108954,500,GET,REST/listar-playlists-usuario,379.000000,0.000000,31,34,37,39,49,53,60,64,76,90,90,42253,0,30,31.464183191442054,1.7557940000187955,93.87725199940178,29570.0
1781108954,500,GET,REST/listar-usuarios,382.500000,0.000000,31,34,36,38,49,53,59,64,80,90,90,42498,0,30,32.65045433102719,1.710790000288398,292.96634100046504,21998.0
1781108954,500,,Aggregated,2282.600000,0.000000,31,35,37,39,50,54,60,65,77,90,91,253723,0,30,31.783106810211184,1.710790000288398,292.96634100046504,33618.60283852863
1781108955,500,GET,REST/listar-musicas,378.100000,0.000000,31,35,37,41,50,55,61,66,77,89,89,42784,0,30,31.69365529847774,1.9546710000213352,106.63863100035087,50889.0
1781108955,500,GET,REST/listar-musicas-playlist,380.500000,0.000000,31,35,37,40,50,54,60,64,77,90,90,42544,0,30,31.60019763102002,1.723452000078396,107.1812130003309,30493.0
1781108955,500,GET,REST/listar-playlists,376.100000,0.000000,31,35,37,40,50,56,62,67,82,89,89,42708,0,30,31.82689151065423,1.7697599996608915,105.09215399997629,39163.0
1781108955,500,GET,REST/listar-playlists-musica,381.200000,0.000000,31,35,37,40,50,55,60,67,77,91,91,42455,0,30,31.578476640301762,1.7448020007577725,106.11406099997112,29577.0
1781108955,500,GET,REST/listar-playlists-usuario,377.100000,0.000000,31,35,37,40,50,54,60,64,76,90,90,42629,0,30,31.5004007304652,1.7557940000187955,93.87725199940178,29570.0
1781108955,500,GET,REST/listar-usuarios,379.300000,0.000000,31,34,36,39,49,54,60,63,80,90,90,42856,0,30,32.66567374995307,1.710790000288398,292.96634100046504,21998.0
1781108955,500,,Aggregated,2272.300000,0.000000,31,35,37,40,50,54,60,65,77,90,91,255976,0,30,31.811802519268397,1.710790000288398,292.96634100046504,33620.651643122794
1781108956,500,GET,REST/listar-musicas,375.000000,0.000000,31,35,37,41,50,55,61,66,77,89,89,43163,0,30,31.72203735000039,1.9546710000213352,106.63863100035087,50889.0
1781108956,500,GET,REST/listar-musicas-playlist,379.400000,0.000000,31,35,37,39,50,54,60,63,77,90,90,42894,0,30,31.61801633867471,1.723452000078396,107.1812130003309,30493.0
1781108956,500,GET,REST/listar-playlists,376.700000,0.000000,31,35,37,40,50,56,62,67,82,89,89,43089,0,30,31.851933486713783,1.7697599996608915,105.09215399997629,39163.0
1781108956,500,GET,REST/listar-playlists-musica,377.100000,0.000000,31,35,37,39,50,55,60,66,77,91,91,42818,0,30,31.600253420127252,1.7448020007577725,106.11406099997112,29577.0
1781108956,500,GET,REST/listar-playlists-usuario,378.800000,0.000000,31,35,37,40,50,54,60,64,76,90,90,42999,0,30,31.524584106769908,1.7557940000187955,93.87725199940178,29570.0
1781108956,500,GET,REST/listar-usuarios,376.100000,0.000000,31,34,36,39,49,54,60,63,80,90,90,43252,0,30,32.67296716334496,1.710790000288398,292.96634100046504,21998.0
1781108956,500,,Aggregated,2263.100000,0.000000,31,35,37,40,50,55,60,65,77,90,91,258215,0,30,31.83264284289146,1.710790000288398,292.96634100046504,33620.62261293883
1781108957,500,GET,REST/listar-musicas,379.700000,0.000000,31,35,37,40,50,54,60,64,77,89,89,43557,0,30,31.73324232752655,1.9546710000213352,106.63863100035087,50889.0
1781108957,500,GET,REST/listar-musicas-playlist,377.300000,0.000000,31,35,37,39,50,53,59,63,77,90,90,43299,0,30,31.626025873278913,1.723452000078396,107.1812130003309,30493.0
1781108957,500,GET,REST/listar-playlists,380.700000,0.000000,31,35,37,40,50,55,61,66,82,89,89,43475,0,30,31.860823054123404,1.7697599996608915,105.09215399997629,39163.0
1781108957,500,GET,REST/listar-playlists-musica,375.400000,0.000000,31,35,37,39,50,54,60,65,77,91,91,43228,0,30,31.61694088780443,1.7448020007577725,106.11406099997112,29577.0
1781108957,500,GET,REST/listar-playlists-usuario,378.100000,0.000000,31,34,37,39,49,54,60,63,76,90,90,43366,0,30,31.532512291749203,1.7557940000187955,93.87725199940178,29570.0
1781108957,500,GET,REST/listar-usuarios,376.300000,0.000000,31,34,36,38,49,53,59,62,80,90,90,43644,0,30,32.66304712281176,1.710790000288398,292.96634100046504,21998.0
1781108957,500,,Aggregated,2267.500000,0.000000,31,35,37,39,50,54,60,64,77,90,91,260569,0,30,31.8397487421573,1.710790000288398,292.96634100046504,33620.53004386554
1781108958,500,GET,REST/listar-musicas,379.200000,0.000000,32,35,37,41,50,55,61,65,77,89,89,43925,0,30,31.75487683000764,1.9546710000213352,106.63863100035087,50889.0
1781108958,500,GET,REST/listar-musicas-playlist,374.500000,0.000000,31,35,37,39,50,54,60,65,81,93,93,43689,0,30,31.64294726018199,1.723452000078396,107.1812130003309,30493.0
1781108958,500,GET,REST/listar-playlists,377.300000,0.000000,31,35,37,40,50,55,62,67,88,92,92,43840,0,30,31.874085542336374,1.7697599996608915,105.09215399997629,39163.0
1781108958,500,GET,REST/listar-playlists-musica,377.000000,0.000000,31,35,37,40,50,55,60,65,77,91,91,43615,0,30,31.64082160176558,1.7448020007577725,106.11406099997112,29577.0
1781108958,500,GET,REST/listar-playlists-usuario,375.200000,0.000000,31,35,37,40,50,54,60,64,89,93,93,43772,0,30,31.556498432285395,1.7557940000187955,93.87725199940178,29570.0
1781108958,500,GET,REST/listar-usuarios,378.600000,0.000000,31,34,36,39,49,54,60,65,80,90,90,44026,0,30,32.67128382083312,1.710790000288398,292.96634100046504,21998.0
1781108958,500,,Aggregated,2261.800000,0.000000,31,35,37,40,50,54,60,65,80,92,93,262867,0,30,31.857680967254126,1.710790000288398,292.96634100046504,33618.66177572689
1781108959,500,GET,REST/listar-musicas,377.800000,0.000000,31,35,37,41,50,53,60,62,77,89,89,44330,0,30,31.7636907347636,1.9546710000213352,106.63863100035087,50889.0
1781108959,500,GET,REST/listar-musicas-playlist,379.100000,0.000000,31,35,37,38,50,53,60,63,81,93,93,44096,0,30,31.654554647475614,1.723452000078396,107.1812130003309,30493.0
1781108959,500,GET,REST/listar-playlists,375.900000,0.000000,31,35,37,39,50,54,61,66,88,92,92,44257,0,30,31.88110657846285,1.7697599996608915,105.09215399997629,39163.0
1781108959,500,GET,REST/listar-playlists-musica,381.300000,0.000000,31,35,37,39,50,54,59,63,77,91,91,44004,0,30,31.64969348454716,1.7448020007577725,106.11406099997112,29577.0
1781108959,500,GET,REST/listar-playlists-usuario,376.900000,0.000000,31,34,37,39,50,54,59,63,89,93,93,44172,0,30,31.561172360318672,1.7557940000187955,93.87725199940178,29570.0
1781108959,500,GET,REST/listar-usuarios,379.600000,0.000000,31,34,36,38,49,53,59,62,80,90,90,44404,0,30,32.66823029943259,1.710790000288398,292.96634100046504,21998.0
1781108959,500,,Aggregated,2270.600000,0.000000,31,34,37,39,50,54,60,63,78,92,93,265263,0,30,31.86392034192575,1.710790000288398,292.96634100046504,33620.35839525301
1781108960,500,GET,REST/listar-musicas,375.200000,0.000000,31,35,37,41,50,54,60,62,77,89,89,44715,0,30,31.79101628574501,1.9546710000213352,106.63863100035087,50889.0
1781108960,500,GET,REST/listar-musicas-playlist,379.200000,0.000000,31,35,37,39,50,55,60,64,77,93,93,44458,0,30,31.689824459446594,1.723452000078396,107.1812130003309,30493.0
1781108960,500,GET,REST/listar-playlists,376.900000,0.000000,31,35,37,40,50,54,60,66,88,92,92,44634,0,30,31.90599677880147,1.7697599996608915,105.09215399997629,39163.0
1781108960,500,GET,REST/listar-playlists-musica,376.900000,0.000000,31,35,37,40,50,54,60,64,77,91,91,44360,0,30,31.676836107506894,1.7448020007577725,106.11406099997112,29577.0
1781108960,500,GET,REST/listar-playlists-usuario,378.400000,0.000000,31,35,37,40,50,54,60,63,89,93,93,44550,0,30,31.588548902783337,1.7557940000187955,93.87725199940178,29570.0
1781108960,500,GET,REST/listar-usuarios,376.200000,0.000000,31,34,36,38,49,53,59,62,75,90,90,44792,0,30,32.682832320057265,1.710790000288398,292.96634100046504,21998.0
1781108960,500,,Aggregated,2262.800000,0.000000,31,35,37,40,50,54,60,63,77,92,93,267509,0,30,31.890057896699737,1.710790000288398,292.96634100046504,33620.82923191369
1781108961,500,GET,REST/listar-musicas,378.100000,0.000000,32,35,37,41,50,54,60,62,77,89,89,45112,0,30,31.813406124891173,1.9546710000213352,106.63863100035087,50889.0
1781108961,500,GET,REST/listar-musicas-playlist,376.900000,0.000000,31,35,37,40,50,55,60,64,77,93,93,44841,0,30,31.707298340359838,1.723452000078396,107.1812130003309,30493.0
1781108961,500,GET,REST/listar-playlists,379.900000,0.000000,31,35,37,40,50,55,60,66,88,92,92,45022,0,30,31.918387206233096,1.7697599996608915,105.09215399997629,39163.0
1781108961,500,GET,REST/listar-playlists-musica,375.900000,0.000000,31,35,37,40,50,54,59,63,77,91,91,44769,0,30,31.688597151220975,1.7448020007577725,106.11406099997112,29577.0
1781108961,500,GET,REST/listar-playlists-usuario,379.200000,0.000000,31,34,37,39,50,54,60,63,89,93,93,44924,0,30,31.593454164410748,1.7557940000187955,93.87725199940178,29570.0
1781108961,500,GET,REST/listar-usuarios,375.400000,0.000000,31,34,36,38,49,53,59,62,75,90,90,45188,0,30,32.68542375601966,1.710790000288398,292.96634100046504,21998.0
1781108961,500,,Aggregated,2265.400000,0.000000,31,35,37,39,50,54,60,63,77,92,93,269856,0,30,31.90198861695598,1.710790000288398,292.96634100046504,33620.96371398079
