Timestamp,User Count,Type,Name,Requests/s,Failures/s,50%,66%,75%,80%,90%,95%,98%,99%,99.9%,99.99%,100%,Total Request Count,Total Failure Count,Total Median Response Time,Total Average Response Time,Total Min Response Time,Total Max Response Time,Total Average Content Size
1780245031,0,,Aggregated,0.000000,0.000000,N/A,N/A,N/A,N/A,N/A,N/A,N/A,N/A,N/A,N/A,N/A,0,0,0,0.0,0,0,0
1780245032,10,GET,REST/listar-musicas,0.000000,0.000000,0,0,0,0,0,0,0,0,0,0,0,461,0,3,3.356460457699598,1.965921999726561,8.467294000183756,50889.0
1780245032,10,GET,REST/listar-musicas-playlist,0.000000,0.000000,0,0,0,0,0,0,0,0,0,0,0,456,0,3,3.196485013163191,1.5532320003330824,5.9110980000696145,300.0
1780245032,10,GET,REST/listar-playlists-musica,0.000000,0.000000,0,0,0,0,0,0,0,0,0,0,0,454,0,3,3.0699393039502976,1.6408100000262493,5.5083890001697,511.0
1780245032,10,GET,REST/listar-playlists-usuario,0.000000,0.000000,0,0,0,0,0,0,0,0,0,0,0,458,0,3,3.0752763559039957,1.52501700040375,5.663002999881428,712.0
1780245032,10,GET,REST/listar-usuarios,0.000000,0.000000,0,0,0,0,0,0,0,0,0,0,0,463,0,3,3.4204677235367154,1.8122630003745144,21.92485099976693,21998.0
1780245032,10,,Aggregated,0.000000,0.000000,0,0,0,0,0,0,0,0,0,0,0,2292,0,3,3.2246208586373886,1.52501700040375,21.92485099976693,14982.457678883071
1780245033,20,GET,REST/listar-musicas,0.000000,0.000000,6,6,7,7,8,11,14,17,18,18,18,940,0,5,4.906873012765437,1.965921999726561,18.45126900025207,50889.0
1780245033,20,GET,REST/listar-musicas-playlist,0.000000,0.000000,5,6,7,7,8,9,10,12,17,17,17,932,0,4,4.650088283258522,1.5532320003330824,17.098207999879378,300.0
1780245033,20,GET,REST/listar-playlists-musica,0.000000,0.000000,5,6,6,7,7,8,9,11,17,17,17,928,0,4,4.514382169177146,1.6408100000262493,16.849827999976696,511.0
1780245033,20,GET,REST/listar-playlists-usuario,0.000000,0.000000,5,6,6,7,8,9,11,12,18,18,18,936,0,4,4.6020891570596465,1.52501700040375,18.309580000277492,712.0
1780245033,20,GET,REST/listar-usuarios,0.000000,0.000000,6,6,6,7,8,9,12,14,17,17,17,943,0,4,4.807067494167735,1.8122630003745144,21.92485099976693,21998.0
1780245033,20,,Aggregated,0.000000,0.000000,5,6,6,7,8,9,11,14,18,18,18,4679,0,4,4.6967962519771,1.52501700040375,21.92485099976693,14960.464629194272
1780245034,30,GET,REST/listar-musicas,369.000000,0.000000,7,8,9,9,10,12,16,17,25,25,25,1447,0,6,6.223205489980796,1.965921999726561,25.049396000213164,50889.0
1780245034,30,GET,REST/listar-musicas-playlist,364.000000,0.000000,7,8,8,9,10,11,12,14,25,26,26,1432,0,6,5.987394085199902,1.5532320003330824,25.644462999935058,300.0
1780245034,30,GET,REST/listar-playlists-musica,363.000000,0.000000,7,8,8,9,10,11,13,15,24,25,25,1427,0,6,5.934233869652178,1.6408100000262493,25.126577999799338,511.0
1780245034,30,GET,REST/listar-playlists-usuario,366.000000,0.000000,7,8,8,9,10,11,14,17,24,25,25,1442,0,6,5.994132814155935,1.52501700040375,25.406642999769247,712.0
1780245034,30,GET,REST/listar-usuarios,372.000000,0.000000,7,8,9,9,10,12,15,21,26,26,26,1450,0,6,6.260467139998519,1.8122630003745144,26.385097999991558,21998.0
1780245034,30,,Aggregated,1834.000000,0.000000,7,8,8,9,10,11,14,17,25,26,26,7198,0,6,6.080618960407463,1.52501700040375,26.385097999991558,14965.126979716588
1780245035,40,GET,REST/listar-musicas,414.500000,0.000000,8,9,10,11,12,14,17,18,25,25,25,1978,0,7,7.478118895351724,1.965921999726561,25.235643000087293,50889.0
1780245035,40,GET,REST/listar-musicas-playlist,411.000000,0.000000,8,9,10,11,12,13,15,18,25,26,26,1970,0,7,7.311327882236841,1.5532320003330824,25.644462999935058,300.0
1780245035,40,GET,REST/listar-playlists-musica,409.000000,0.000000,8,9,10,10,12,13,15,19,24,25,25,1963,0,7,7.195966950075857,1.6408100000262493,25.126577999799338,511.0
1780245035,40,GET,REST/listar-playlists-usuario,412.500000,0.000000,8,9,10,11,12,13,14,17,24,25,25,1974,0,7,7.194513017230474,1.52501700040375,25.406642999769247,712.0
1780245035,40,GET,REST/listar-usuarios,417.000000,0.000000,8,9,10,11,12,14,18,23,29,30,30,1989,0,7,7.56265538612272,1.8122630003745144,29.940559999886318,21998.0
1780245035,40,,Aggregated,2064.000000,0.000000,8,9,10,11,12,13,16,19,27,30,30,9874,0,7,7.349079247014625,1.52501700040375,29.940559999886318,14929.313854567552
1780245036,50,GET,REST/listar-musicas,443.000000,0.000000,9,11,12,13,16,17,22,27,32,33,33,2475,0,8,8.962385222223405,1.965921999726561,33.16075299971999,50889.0
1780245036,50,GET,REST/listar-musicas-playlist,439.000000,0.000000,9,11,12,13,15,17,23,27,34,35,35,2457,0,8,8.790053828246403,1.5532320003330824,34.99699199983297,300.0
1780245036,50,GET,REST/listar-playlists-musica,436.333333,0.000000,9,11,12,13,15,17,20,26,32,34,34,2446,0,8,8.655573476692338,1.6408100000262493,34.184131999609235,511.0
1780245036,50,GET,REST/listar-playlists-usuario,441.666667,0.000000,9,11,12,13,15,17,23,27,33,35,35,2467,0,8,8.733703310503245,1.52501700040375,34.58720700018603,712.0
1780245036,50,GET,REST/listar-usuarios,445.000000,0.000000,9,11,12,13,16,18,26,29,53,55,55,2483,0,8,9.126671047524496,1.8122630003745144,54.59910800027501,21998.0
1780245036,50,,Aggregated,2205.000000,0.000000,9,11,12,13,15,17,23,28,35,54,55,12328,0,8,8.854491294857956,1.52501700040375,54.59910800027501,14950.910042180401
1780245037,50,GET,REST/listar-musicas,463.500000,0.000000,10,12,13,14,16,18,24,27,32,33,33,2996,0,10,9.873103305407348,1.965921999726561,33.16075299971999,50889.0
1780245037,50,GET,REST/listar-musicas-playlist,461.500000,0.000000,10,12,13,14,16,17,23,27,34,35,35,2974,0,9,9.684252247143009,1.5532320003330824,34.99699199983297,300.0
1780245037,50,GET,REST/listar-playlists-musica,459.750000,0.000000,10,12,13,14,16,17,22,27,32,34,34,2967,0,9,9.597747907984322,1.6408100000262493,34.184131999609235,511.0
1780245037,50,GET,REST/listar-playlists-usuario,462.500000,0.000000,10,12,13,14,16,18,23,27,33,35,35,2982,0,9,9.649205028171567,1.52501700040375,34.58720700018603,712.0
1780245037,50,GET,REST/listar-usuarios,465.750000,0.000000,11,12,13,14,16,18,25,28,53,55,55,3007,0,10,9.993687209845856,1.8122630003745144,54.59910800027501,21998.0
1780245037,50,,Aggregated,2313.000000,0.000000,10,12,13,14,16,18,23,27,34,54,55,14926,0,9,9.760300721091237,1.52501700040375,54.59910800027501,14949.949819107598
1780245038,50,GET,REST/listar-musicas,471.400000,0.000000,11,13,14,15,17,18,24,27,33,36,36,3509,0,10,10.505021400970778,1.965921999726561,36.403317999884166,50889.0
1780245038,50,GET,REST/listar-musicas-playlist,466.600000,0.000000,11,13,14,15,16,18,24,28,35,36,36,3483,0,10,10.348601155038,1.5532320003330824,36.06446599997071,300.0
1780245038,50,GET,REST/listar-playlists-musica,465.000000,0.000000,11,13,14,15,16,18,23,28,34,35,35,3476,0,10,10.225243160812322,1.6408100000262493,35.260039000149845,511.0
1780245038,50,GET,REST/listar-playlists-usuario,469.200000,0.000000,11,13,14,15,16,18,23,28,33,37,37,3497,0,10,10.317677081501959,1.52501700040375,37.182552999638574,712.0
1780245038,50,GET,REST/listar-usuarios,473.400000,0.000000,11,13,14,15,17,18,25,29,53,55,55,3521,0,11,10.597730050841271,1.8122630003745144,54.59910800027501,21998.0
1780245038,50,,Aggregated,2345.600000,0.000000,11,13,14,15,16,18,24,28,36,54,55,17486,0,10,10.399449125529765,1.52501700040375,54.59910800027501,14945.411128903123
1780245039,50,GET,REST/listar-musicas,475.333333,0.000000,12,13,15,15,17,19,24,27,33,36,36,4014,0,11,11.013814169406626,1.965921999726561,36.403317999884166,50889.0
1780245039,50,GET,REST/listar-musicas-playlist,471.166667,0.000000,11,13,14,15,17,19,25,28,35,36,36,3992,0,11,10.856057596444131,1.5532320003330824,36.06446599997071,300.0
1780245039,50,GET,REST/listar-playlists-musica,470.500000,0.000000,11,13,14,15,16,18,24,28,34,35,35,3981,0,11,10.734639677214085,1.6408100000262493,35.260039000149845,511.0
1780245039,50,GET,REST/listar-playlists-usuario,472.833333,0.000000,11,13,14,15,17,19,25,28,33,37,37,4001,0,11,10.848008269436264,1.52501700040375,37.182552999638574,712.0
1780245039,50,GET,REST/listar-usuarios,477.500000,0.000000,12,13,15,15,17,20,26,29,53,55,55,4023,0,11,11.08867754263384,1.8122630003745144,54.59910800027501,21998.0
1780245039,50,,Aggregated,2367.333333,0.000000,11,13,14,15,17,19,25,28,35,54,55,20011,0,11,10.908703382940585,1.52501700040375,54.59910800027501,14934.136374993754
1780245040,50,GET,REST/listar-musicas,480.714286,0.000000,12,14,15,15,17,19,24,27,32,36,36,4551,0,11,11.29327639859418,1.965921999726561,36.403317999884166,50889.0
1780245040,50,GET,REST/listar-musicas-playlist,476.571429,0.000000,12,13,14,15,16,19,25,28,34,36,36,4531,0,11,11.163020455308928,1.5532320003330824,36.06446599997071,300.0
1780245040,50,GET,REST/listar-playlists-musica,475.285714,0.000000,12,13,14,15,16,18,24,28,34,35,35,4523,0,11,11.073870248726552,1.6408100000262493,35.260039000149845,511.0
1780245040,50,GET,REST/listar-playlists-usuario,478.857143,0.000000,12,13,15,15,17,19,25,27,33,37,37,4542,0,11,11.161830390140913,1.52501700040375,37.182552999638574,712.0
1780245040,50,GET,REST/listar-usuarios,481.857143,0.000000,12,13,15,15,17,20,26,29,53,55,55,4565,0,11,11.37740489726713,1.8122630003745144,54.59910800027501,21998.0
1780245040,50,,Aggregated,2393.285714,0.000000,12,13,15,15,17,19,25,28,35,53,55,22712,0,11,11.214219297994092,1.52501700040375,54.59910800027501,14922.559263825291
1780245041,50,GET,REST/listar-musicas,481.875000,0.000000,12,14,15,15,17,19,24,27,32,36,36,5092,0,12,11.538341863710059,1.965921999726561,36.403317999884166,50889.0
1780245041,50,GET,REST/listar-musicas-playlist,479.000000,0.000000,12,14,15,15,16,19,25,27,34,36,36,5073,0,12,11.4071460281895,1.5532320003330824,36.06446599997071,300.0
1780245041,50,GET,REST/listar-playlists-musica,478.000000,0.000000,12,14,15,15,16,18,24,28,34,35,35,5065,0,12,11.334990294764081,1.6408100000262493,35.260039000149845,511.0
1780245041,50,GET,REST/listar-playlists-usuario,480.375000,0.000000,12,14,15,15,17,19,25,27,33,37,37,5081,0,11,11.397258207639268,1.52501700040375,37.182552999638574,712.0
1780245041,50,GET,REST/listar-usuarios,483.750000,0.000000,12,14,15,15,17,20,26,28,53,55,55,5101,0,12,11.620270171539946,1.8122630003745144,54.59910800027501,21998.0
1780245041,50,,Aggregated,2403.000000,0.000000,12,14,15,15,17,19,25,28,34,53,55,25412,0,12,11.459856820086506,1.52501700040375,54.59910800027501,14916.825633558949
1780245042,50,GET,REST/listar-musicas,487.000000,0.000000,12,14,15,16,17,19,25,27,32,36,36,5642,0,12,11.70249189259365,1.965921999726561,36.403317999884166,50889.0
1780245042,50,GET,REST/listar-musicas-playlist,485.666667,0.000000,12,14,15,15,17,19,25,27,34,36,36,5623,0,12,11.589323756537329,1.5532320003330824,36.06446599997071,300.0
1780245042,50,GET,REST/listar-playlists-musica,484.333333,0.000000,12,14,15,15,17,18,24,28,34,35,35,5615,0,12,11.51409038770806,1.6408100000262493,35.260039000149845,511.0
1780245042,50,GET,REST/listar-playlists-usuario,486.222222,0.000000,12,14,15,15,17,19,25,27,33,37,37,5631,0,12,11.582181993785877,1.52501700040375,37.182552999638574,712.0
1780245042,50,GET,REST/listar-usuarios,488.666667,0.000000,12,14,15,16,17,20,26,28,53,55,55,5651,0,12,11.78505749336958,1.8122630003745144,54.59910800027501,21998.0
1780245042,50,,Aggregated,2431.888889,0.000000,12,14,15,15,17,19,25,28,34,53,55,28162,0,12,11.634843795541643,1.52501700040375,54.59910800027501,14913.424934308643
1780245043,50,GET,REST/listar-musicas,492.600000,0.000000,13,15,15,16,17,20,26,28,33,36,36,6151,0,12,11.918099744110323,1.965921999726561,36.403317999884166,50889.0
1780245043,50,GET,REST/listar-musicas-playlist,490.900000,0.000000,13,14,15,16,17,20,26,28,34,36,36,6132,0,12,11.828136508807605,1.5532320003330824,36.06446599997071,300.0
1780245043,50,GET,REST/listar-playlists-musica,489.600000,0.000000,13,14,15,16,17,19,26,28,34,35,35,6123,0,12,11.742377294460658,1.6408100000262493,35.260039000149845,511.0
1780245043,50,GET,REST/listar-playlists-usuario,491.600000,0.000000,13,14,15,16,17,20,26,28,33,37,37,6142,0,12,11.804436205797794,1.52501700040375,37.182552999638574,712.0
1780245043,50,GET,REST/listar-usuarios,493.200000,0.000000,13,14,15,16,17,21,27,29,53,55,55,6165,0,12,12.015508099761693,1.8122630003745144,54.59910800027501,21998.0
1780245043,50,,Aggregated,2457.900000,0.000000,13,14,15,16,17,20,26,28,34,53,55,30713,0,12,11.861928023412112,1.52501700040375,54.59910800027501,14911.518444958161
1780245044,50,GET,REST/listar-musicas,509.600000,0.000000,13,15,16,16,17,21,26,28,33,36,36,6673,0,12,12.081749556872918,1.965921999726561,36.403317999884166,50889.0
1780245044,50,GET,REST/listar-musicas-playlist,507.800000,0.000000,13,15,15,16,17,20,26,28,34,36,36,6653,0,12,11.999977997294451,1.5532320003330824,36.06446599997071,300.0
1780245044,50,GET,REST/listar-playlists-musica,506.800000,0.000000,13,15,15,16,17,19,26,28,34,35,35,6642,0,12,11.910070396715332,1.6408100000262493,35.260039000149845,511.0
1780245044,50,GET,REST/listar-playlists-usuario,508.500000,0.000000,13,15,15,16,17,20,26,28,33,37,37,6665,0,12,11.960522498578273,1.52501700040375,37.182552999638574,712.0
1780245044,50,GET,REST/listar-usuarios,510.100000,0.000000,13,15,16,16,17,21,26,29,53,55,55,6682,0,12,12.150059423081416,1.8122630003745144,54.59910800027501,21998.0
1780245044,50,,Aggregated,2542.800000,0.000000,13,15,15,16,17,20,26,28,34,53,55,33315,0,12,12.020640417291112,1.52501700040375,54.59910800027501,14909.451448296562
1780245045,50,GET,REST/listar-musicas,514.400000,0.000000,13,15,16,16,17,21,25,28,34,36,36,7210,0,12,12.20422533925266,1.965921999726561,36.403317999884166,50889.0
1780245045,50,GET,REST/listar-musicas-playlist,512.800000,0.000000,14,15,15,16,17,20,26,28,35,36,36,7183,0,12,12.137650702631163,1.5532320003330824,36.06446599997071,300.0
1780245045,50,GET,REST/listar-playlists-musica,512.300000,0.000000,13,15,15,16,17,19,26,28,34,37,37,7176,0,12,12.035478110225842,1.6408100000262493,36.73163500025112,511.0
1780245045,50,GET,REST/listar-playlists-usuario,513.900000,0.000000,13,15,15,16,17,20,26,27,33,37,37,7197,0,12,12.087871337365586,1.52501700040375,37.20346099999006,712.0
1780245045,50,GET,REST/listar-usuarios,514.800000,0.000000,13,15,15,16,17,20,26,28,34,37,37,7221,0,12,12.257672374052264,1.8122630003745144,54.59910800027501,21998.0
1780245045,50,,Aggregated,2568.200000,0.000000,13,15,15,16,17,20,26,28,34,37,37,35987,0,12,12.144742902716166,1.52501700040375,54.59910800027501,14913.811876510963
1780245046,50,GET,REST/listar-musicas,515.300000,0.000000,13,15,15,16,17,20,25,28,35,36,36,7742,0,12,12.304845667529625,1.965921999726561,36.403317999884166,50889.0
1780245046,50,GET,REST/listar-musicas-playlist,514.800000,0.000000,13,15,15,16,17,20,27,29,35,36,36,7723,0,12,12.262762781431533,1.5532320003330824,36.06446599997071,300.0
1780245046,50,GET,REST/listar-playlists-musica,514.600000,0.000000,13,15,15,16,17,19,26,28,34,37,37,7716,0,12,12.141303691546302,1.6408100000262493,36.73163500025112,511.0
1780245046,50,GET,REST/listar-playlists-usuario,514.900000,0.000000,13,15,15,16,17,20,26,28,35,37,37,7732,0,12,12.202874264229292,1.52501700040375,37.20346099999006,712.0
1780245046,50,GET,REST/listar-usuarios,515.900000,0.000000,13,15,15,16,17,20,26,29,34,37,37,7752,0,12,12.35236094595471,1.8122630003745144,54.59910800027501,21998.0
1780245046,50,,Aggregated,2575.500000,0.000000,13,15,15,16,17,20,26,28,35,37,37,38665,0,12,12.252938245623836,1.52501700040375,54.59910800027501,14904.334514418724
1780245047,50,GET,REST/listar-musicas,516.700000,0.000000,13,15,15,16,17,20,25,28,34,36,36,8276,0,12,12.384717181489961,1.965921999726561,36.403317999884166,50889.0
1780245047,50,GET,REST/listar-musicas-playlist,515.100000,0.000000,13,15,15,16,17,20,26,28,35,36,36,8260,0,12,12.337482528327968,1.5532320003330824,36.06446599997071,300.0
1780245047,50,GET,REST/listar-playlists-musica,514.400000,0.000000,13,15,15,16,17,19,26,28,34,37,37,8247,0,12,12.226255659266537,1.6408100000262493,36.73163500025112,511.0
1780245047,50,GET,REST/listar-playlists-usuario,516.000000,0.000000,13,15,15,16,17,20,26,28,35,37,37,8271,0,12,12.279679146055445,1.52501700040375,37.20346099999006,712.0
1780245047,50,GET,REST/listar-usuarios,516.300000,0.000000,13,15,15,16,17,20,25,28,34,35,35,8283,0,12,12.425396123149422,1.8122630003745144,54.59910800027501,21998.0
1780245047,50,,Aggregated,2578.500000,0.000000,13,15,15,16,17,20,26,28,34,36,37,41337,0,12,12.330798988921448,1.52501700040375,54.59910800027501,14900.64511212715
1780245048,50,GET,REST/listar-musicas,517.500000,0.000000,13,15,15,16,17,19,25,28,34,36,36,8776,0,12,12.49751219769895,1.965921999726561,36.403317999884166,50889.0
1780245048,50,GET,REST/listar-musicas-playlist,518.200000,0.000000,13,15,15,16,17,20,25,28,35,36,36,8760,0,12,12.466184160272558,1.5532320003330824,36.06446599997071,300.0
1780245048,50,GET,REST/listar-playlists-musica,517.700000,0.000000,13,15,15,16,17,19,24,28,34,37,37,8747,0,12,12.357852475245458,1.6408100000262493,36.73163500025112,511.0
1780245048,50,GET,REST/listar-playlists-usuario,517.700000,0.000000,13,15,15,16,17,19,25,27,35,37,37,8771,0,12,12.393387099650006,1.52501700040375,37.20346099999006,712.0
1780245048,50,GET,REST/listar-usuarios,517.500000,0.000000,13,15,15,16,17,19,25,27,34,35,35,8783,0,12,12.54473286554196,1.8122630003745144,54.59910800027501,21998.0
1780245048,50,,Aggregated,2588.600000,0.000000,13,15,15,16,17,19,25,28,34,36,37,43837,0,12,12.45201229329229,1.52501700040375,54.59910800027501,14899.581791637202
1780245049,50,GET,REST/listar-musicas,522.100000,0.000000,13,15,15,16,17,20,25,29,35,36,36,9276,0,13,12.625150618693162,1.965921999726561,36.403317999884166,50889.0
1780245049,50,GET,REST/listar-musicas-playlist,522.500000,0.000000,13,15,15,16,17,20,26,29,35,36,36,9259,0,13,12.580043968138057,1.5532320003330824,36.06446599997071,300.0
1780245049,50,GET,REST/listar-playlists-musica,521.900000,0.000000,13,15,15,16,17,19,24,28,34,37,37,9247,0,12,12.480961957929875,1.6408100000262493,36.73163500025112,511.0
1780245049,50,GET,REST/listar-playlists-usuario,522.900000,0.000000,13,15,15,16,17,19,25,28,35,37,37,9270,0,13,12.502705933983327,1.52501700040375,37.20346099999006,712.0
1780245049,50,GET,REST/listar-usuarios,521.700000,0.000000,14,15,15,16,17,19,25,28,34,35,35,9283,0,13,12.657660624049832,1.8122630003745144,54.59910800027501,21998.0
1780245049,50,,Aggregated,2611.100000,0.000000,13,15,15,16,17,19,25,28,34,36,37,46335,0,13,12.569377944233251,1.52501700040375,54.59910800027501,14899.254451278732
1780245050,50,GET,REST/listar-musicas,520.700000,0.000000,13,15,15,16,17,20,25,28,35,36,36,9826,0,13,12.6516392570724,1.965921999726561,36.403317999884166,50889.0
1780245050,50,GET,REST/listar-musicas-playlist,521.200000,0.000000,13,15,15,16,17,20,26,29,35,36,36,9809,0,13,12.619478819755304,1.5532320003330824,36.06446599997071,300.0
1780245050,50,GET,REST/listar-playlists-musica,521.400000,0.000000,13,15,15,16,17,19,25,28,34,37,37,9797,0,13,12.52932161896316,1.6408100000262493,36.73163500025112,511.0
1780245050,50,GET,REST/listar-playlists-usuario,521.000000,0.000000,13,15,15,16,17,19,25,28,35,37,37,9820,0,13,12.535070878821774,1.52501700040375,37.20346099999006,712.0
1780245050,50,GET,REST/listar-usuarios,520.700000,0.000000,13,15,15,16,17,19,25,28,34,35,35,9833,0,13,12.686743302964679,1.8122630003745144,54.59910800027501,21998.0
1780245050,50,,Aggregated,2605.000000,0.000000,13,15,15,16,17,19,25,28,34,36,37,49085,0,13,12.604510174432871,1.52501700040375,54.59910800027501,14898.287766119996
1780245051,50,GET,REST/listar-musicas,520.900000,0.000000,13,15,15,16,17,20,25,28,35,36,36,10360,0,13,12.709616415637038,1.965921999726561,36.403317999884166,50889.0
1780245051,50,GET,REST/listar-musicas-playlist,520.900000,0.000000,14,15,15,16,17,20,26,29,35,36,36,10332,0,13,12.675149233059916,1.5532320003330824,36.06446599997071,300.0
1780245051,50,GET,REST/listar-playlists-musica,520.300000,0.000000,13,15,15,16,17,19,25,28,34,37,37,10326,0,13,12.594238857735858,1.6408100000262493,36.73163500025112,511.0
1780245051,50,GET,REST/listar-playlists-usuario,520.700000,0.000000,13,15,15,16,17,19,25,28,35,37,37,10346,0,13,12.589835302921584,1.52501700040375,37.20346099999006,712.0
1780245051,50,GET,REST/listar-usuarios,520.200000,0.000000,14,15,15,16,17,19,24,28,34,35,35,10369,0,13,12.744162998751388,1.8122630003745144,54.59910800027501,21998.0
1780245051,50,,Aggregated,2603.000000,0.000000,13,15,15,16,17,19,25,28,34,36,37,51733,0,13,12.662672579688737,1.52501700040375,54.59910800027501,14904.409951095045
1780245052,50,GET,REST/listar-musicas,520.000000,0.000000,14,15,16,16,17,19,25,28,35,36,36,10850,0,13,12.78810881225794,1.965921999726561,36.403317999884166,50889.0
1780245052,50,GET,REST/listar-musicas-playlist,519.900000,0.000000,14,15,16,16,17,20,26,29,35,36,36,10830,0,13,12.761238834992717,1.5532320003330824,36.06446599997071,300.0
1780245052,50,GET,REST/listar-playlists-musica,520.000000,0.000000,14,15,15,16,17,19,25,28,34,37,37,10823,0,13,12.68633482259887,1.6408100000262493,36.73163500025112,511.0
1780245052,50,GET,REST/listar-playlists-usuario,520.000000,0.000000,13,15,15,16,17,19,26,28,35,37,37,10842,0,13,12.689127625256718,1.52501700040375,37.20346099999006,712.0
1780245052,50,GET,REST/listar-usuarios,519.900000,0.000000,14,15,16,16,17,19,24,27,34,35,35,10864,0,13,12.823827745218287,1.8122630003745144,54.59910800027501,21998.0
1780245052,50,,Aggregated,2599.800000,0.000000,14,15,16,16,17,19,25,28,34,36,37,54209,0,13,12.749782975484612,1.52501700040375,54.59910800027501,14898.466656828203
1780245053,50,GET,REST/listar-musicas,520.000000,0.000000,14,15,16,16,17,19,25,30,50,53,53,11360,0,13,12.882926397622967,1.965921999726561,53.15659999996569,50889.0
1780245053,50,GET,REST/listar-musicas-playlist,520.100000,0.000000,14,15,16,16,17,20,27,30,36,54,54,11333,0,13,12.847955994526501,1.5532320003330824,53.832633000183705,300.0
1780245053,50,GET,REST/listar-playlists-musica,520.000000,0.000000,14,15,16,16,17,19,26,29,37,52,52,11326,0,13,12.773302141354918,1.6408100000262493,51.90313799994328,511.0
1780245053,50,GET,REST/listar-playlists-usuario,520.300000,0.000000,14,15,16,16,17,19,26,29,37,53,53,11346,0,13,12.769201094837943,1.52501700040375,52.820785000221804,712.0
1780245053,50,GET,REST/listar-usuarios,520.000000,0.000000,14,15,16,16,17,19,24,28,48,49,49,11369,0,13,12.901038442260452,1.8122630003745144,54.59910800027501,21998.0
1780245053,50,,Aggregated,2600.400000,0.000000,14,15,16,16,17,19,26,29,38,53,54,56734,0,13,12.834942201996068,1.52501700040375,54.59910800027501,14902.177530228788
1780245054,50,GET,REST/listar-musicas,516.500000,0.000000,14,15,16,16,17,19,27,31,50,53,53,11873,0,13,12.942116556220366,1.965921999726561,53.15659999996569,50889.0
1780245054,50,GET,REST/listar-musicas-playlist,517.200000,0.000000,14,15,16,16,17,20,27,31,36,54,54,11850,0,13,12.907243957128088,1.5532320003330824,53.832633000183705,300.0
1780245054,50,GET,REST/listar-playlists-musica,516.900000,0.000000,14,15,16,16,17,20,26,29,37,52,52,11842,0,13,12.83895654644372,1.6408100000262493,51.90313799994328,511.0
1780245054,50,GET,REST/listar-playlists-usuario,517.200000,0.000000,14,15,16,16,17,19,27,30,37,53,53,11864,0,13,12.839486004385966,1.52501700040375,52.820785000221804,712.0
1780245054,50,GET,REST/listar-usuarios,516.900000,0.000000,14,15,16,16,17,19,26,29,48,49,49,11880,0,13,12.966103387294785,1.8122630003745144,54.59910800027501,21998.0
1780245054,50,,Aggregated,2584.700000,0.000000,14,15,16,16,17,20,27,30,38,53,54,59309,0,13,12.898826221721073,1.52501700040375,54.59910800027501,14898.156552968352
1780245055,50,GET,REST/listar-musicas,512.700000,0.000000,14,15,16,16,17,19,25,28,50,53,53,12414,0,13,12.96090226824619,1.965921999726561,53.15659999996569,50889.0
1780245055,50,GET,REST/listar-musicas-playlist,513.100000,0.000000,14,15,16,16,17,19,26,28,36,54,54,12392,0,13,12.932041684712914,1.5532320003330824,53.832633000183705,300.0
1780245055,50,GET,REST/listar-playlists-musica,513.200000,0.000000,14,15,16,16,17,20,26,28,37,52,52,12380,0,13,12.85713623869052,1.6408100000262493,51.90313799994328,511.0
1780245055,50,GET,REST/listar-playlists-usuario,512.900000,0.000000,14,15,16,16,17,19,25,28,37,53,53,12401,0,13,12.8598990087922,1.52501700040375,52.820785000221804,712.0
1780245055,50,GET,REST/listar-usuarios,513.200000,0.000000,14,15,16,16,17,19,25,28,48,49,49,12424,0,13,12.990090976099621,1.8122630003745144,54.59910800027501,21998.0
1780245055,50,,Aggregated,2565.100000,0.000000,14,15,16,16,17,19,25,28,38,53,54,62011,0,13,12.920068146700606,1.52501700040375,54.59910800027501,14899.1709535405
1780245056,50,GET,REST/listar-musicas,513.000000,0.000000,14,15,16,16,17,19,25,29,50,53,53,12951,0,13,12.98398052567464,1.965921999726561,53.15659999996569,50889.0
1780245056,50,GET,REST/listar-musicas-playlist,512.400000,0.000000,14,15,16,16,17,20,26,29,36,54,54,12930,0,13,12.958217455063162,1.5532320003330824,53.832633000183705,300.0
1780245056,50,GET,REST/listar-playlists-musica,512.500000,0.000000,14,15,16,16,17,20,26,28,37,52,52,12924,0,13,12.883335072887222,1.6408100000262493,51.90313799994328,511.0
1780245056,50,GET,REST/listar-playlists-usuario,512.400000,0.000000,14,15,16,16,17,19,25,29,37,53,53,12942,0,13,12.891674654614741,1.52501700040375,52.820785000221804,712.0
1780245056,50,GET,REST/listar-usuarios,512.700000,0.000000,14,15,16,16,17,20,25,28,48,49,49,12964,0,13,13.017039410371499,1.8122630003745144,54.59910800027501,21998.0
1780245056,50,,Aggregated,2563.000000,0.000000,14,15,16,16,17,20,26,29,38,53,54,64711,0,13,12.946894009674597,1.52501700040375,54.59910800027501,14896.128618009303
1780245057,50,GET,REST/listar-musicas,512.100000,0.000000,14,15,16,16,17,19,25,28,50,53,53,13492,0,13,13.007876032168578,1.965921999726561,53.15659999996569,50889.0
1780245057,50,GET,REST/listar-musicas-playlist,512.600000,0.000000,14,15,16,16,17,19,26,28,36,54,54,13474,0,13,12.980557521149853,1.5532320003330824,53.832633000183705,300.0
1780245057,50,GET,REST/listar-playlists-musica,513.100000,0.000000,14,15,15,16,17,19,26,28,37,52,52,13464,0,13,12.901818744503107,1.6408100000262493,51.90313799994328,511.0
1780245057,50,GET,REST/listar-playlists-usuario,512.000000,0.000000,14,15,15,16,17,19,25,29,37,53,53,13480,0,13,12.9141644793786,1.52501700040375,52.820785000221804,712.0
1780245057,50,GET,REST/listar-usuarios,512.400000,0.000000,14,15,16,16,17,19,25,28,48,49,49,13501,0,13,13.035887006077576,1.8122630003745144,54.59910800027501,21998.0
1780245057,50,,Aggregated,2562.200000,0.000000,14,15,16,16,17,19,25,28,38,53,54,67411,0,13,12.96810358388183,1.52501700040375,54.59910800027501,14895.33533102906
1780245058,50,GET,REST/listar-musicas,513.700000,0.000000,14,15,16,16,17,19,25,28,50,53,53,14007,0,13,13.053456888486071,1.965921999726561,53.15659999996569,50889.0
1780245058,50,GET,REST/listar-musicas-playlist,513.100000,0.000000,13,15,15,16,17,19,26,28,36,54,54,13981,0,13,13.024022960087333,1.5532320003330824,53.832633000183705,300.0
1780245058,50,GET,REST/listar-playlists-musica,513.100000,0.000000,13,15,15,16,17,19,25,28,37,52,52,13976,0,13,12.933757820334389,1.6408100000262493,51.90313799994328,511.0
1780245058,50,GET,REST/listar-playlists-usuario,513.700000,0.000000,14,15,15,16,17,19,25,29,37,53,53,13994,0,13,12.9573803973864,1.52501700040375,52.820785000221804,712.0
1780245058,50,GET,REST/listar-usuarios,513.400000,0.000000,14,15,15,16,17,19,26,28,48,49,49,14018,0,13,13.073835840708135,1.8122630003745144,54.59910800027501,21998.0
1780245058,50,,Aggregated,2567.000000,0.000000,13,15,15,16,17,19,25,28,38,53,54,69976,0,13,13.008537884918697,1.52501700040375,54.59910800027501,14897.535597919286
1780245059,50,GET,REST/listar-musicas,512.600000,0.000000,14,15,16,16,17,19,25,29,50,53,53,14518,0,13,13.093194951441102,1.965921999726561,53.15659999996569,50889.0
1780245059,50,GET,REST/listar-musicas-playlist,512.500000,0.000000,14,15,16,16,17,19,26,28,36,54,54,14494,0,13,13.058449091622252,1.5532320003330824,53.832633000183705,300.0
1780245059,50,GET,REST/listar-playlists-musica,513.000000,0.000000,13,15,15,16,17,19,25,28,37,52,52,14481,0,13,12.968150343414607,1.6408100000262493,51.90313799994328,511.0
1780245059,50,GET,REST/listar-playlists-usuario,512.200000,0.000000,14,15,15,16,17,19,25,29,37,53,53,14507,0,13,12.992466607225861,1.52501700040375,52.820785000221804,712.0
1780245059,50,GET,REST/listar-usuarios,513.200000,0.000000,14,15,16,16,17,19,25,28,48,49,49,14526,0,13,13.112407286179382,1.8122630003745144,54.59910800027501,21998.0
1780245059,50,,Aggregated,2563.500000,0.000000,14,15,15,16,17,19,25,28,38,53,54,72526,0,13,13.044983755784786,1.52501700040375,54.59910800027501,14897.091043212089
1780245060,50,GET,REST/listar-musicas,514.200000,0.000000,14,15,16,16,17,19,26,29,50,53,53,15057,0,13,13.114150589162742,1.965921999726561,53.15659999996569,50889.0
1780245060,50,GET,REST/listar-musicas-playlist,514.400000,0.000000,14,15,16,16,17,19,26,29,43,54,54,15031,0,13,13.07621559889386,1.5532320003330824,53.832633000183705,300.0
1780245060,50,GET,REST/listar-playlists-musica,513.900000,0.000000,14,15,15,16,17,19,25,28,44,52,52,15026,0,13,12.995911293423745,1.6408100000262493,51.90313799994328,511.0
1780245060,50,GET,REST/listar-playlists-usuario,514.000000,0.000000,14,15,15,16,17,19,26,29,46,53,53,15044,0,13,13.019271997741825,1.52501700040375,52.820785000221804,712.0
1780245060,50,GET,REST/listar-usuarios,514.400000,0.000000,14,15,16,16,17,19,26,28,48,49,49,15068,0,13,13.120345006307724,1.8122630003745144,54.59910800027501,21998.0
1780245060,50,,Aggregated,2570.900000,0.000000,14,15,16,16,17,19,26,29,45,53,54,75226,0,13,13.065219627150867,1.52501700040375,54.59910800027501,14896.451373195438
1780245061,50,GET,REST/listar-musicas,516.500000,0.000000,13,15,16,16,17,19,26,29,50,53,53,15589,0,13,13.127546206493399,1.965921999726561,53.15659999996569,50889.0
1780245061,50,GET,REST/listar-musicas-playlist,517.000000,0.000000,13,15,15,16,17,19,26,28,43,54,54,15572,0,13,13.095155639544025,1.5532320003330824,53.832633000183705,300.0
1780245061,50,GET,REST/listar-playlists-musica,517.200000,0.000000,13,15,15,16,17,19,24,28,44,52,52,15561,0,13,13.008077002440915,1.6408100000262493,51.90313799994328,511.0
1780245061,50,GET,REST/listar-playlists-usuario,517.200000,0.000000,13,15,15,16,17,19,26,29,46,53,53,15579,0,13,13.038021054049109,1.52501700040375,52.820785000221804,712.0
1780245061,50,GET,REST/listar-usuarios,516.700000,0.000000,14,15,15,16,17,19,25,28,48,49,49,15599,0,13,13.135748040197768,1.8122630003745144,54.59910800027501,21998.0
1780245061,50,,Aggregated,2584.600000,0.000000,13,15,15,16,17,19,26,28,45,53,54,77900,0,13,13.080945203428213,1.52501700040375,54.59910800027501,14893.080128369706
1780245062,50,GET,REST/listar-musicas,515.700000,0.000000,13,15,15,16,17,19,25,28,34,43,43,16131,0,13,13.13833950189242,1.965921999726561,53.15659999996569,50889.0
1780245062,50,GET,REST/listar-musicas-playlist,515.400000,0.000000,13,15,15,16,17,18,25,28,40,45,45,16118,0,13,13.09941774841644,1.5532320003330824,53.832633000183705,300.0
1780245062,50,GET,REST/listar-playlists-musica,515.200000,0.000000,13,15,15,16,17,18,24,27,38,45,45,16107,0,13,13.018055111690156,1.6408100000262493,51.90313799994328,511.0
1780245062,50,GET,REST/listar-playlists-usuario,515.400000,0.000000,13,15,15,16,17,19,25,28,42,46,46,16126,0,13,13.045715933835059,1.52501700040375,52.820785000221804,712.0
1780245062,50,GET,REST/listar-usuarios,515.500000,0.000000,13,15,15,16,17,19,25,28,31,45,45,16144,0,13,13.146537027691208,1.8122630003745144,54.59910800027501,21998.0
1780245062,50,,Aggregated,2577.200000,0.000000,13,15,15,16,17,19,25,28,37,45,46,80626,0,13,13.089644685114736,1.52501700040375,54.59910800027501,14890.655123657381
1780245063,50,GET,REST/listar-musicas,514.700000,0.000000,13,15,15,16,17,19,25,28,34,43,43,16650,0,13,13.173262008290259,1.965921999726561,53.15659999996569,50889.0
1780245063,50,GET,REST/listar-musicas-playlist,514.100000,0.000000,13,15,15,16,17,18,25,27,40,45,45,16629,0,13,13.131325779179258,1.5532320003330824,53.832633000183705,300.0
1780245063,50,GET,REST/listar-playlists-musica,514.600000,0.000000,13,15,15,16,17,18,24,27,38,45,45,16622,0,13,13.055056296534149,1.6408100000262493,51.90313799994328,511.0
1780245063,50,GET,REST/listar-playlists-usuario,514.500000,0.000000,13,15,15,16,17,19,24,28,42,46,46,16639,0,13,13.079211761465633,1.52501700040375,52.820785000221804,712.0
1780245063,50,GET,REST/listar-usuarios,514.800000,0.000000,13,15,15,16,17,19,25,28,31,45,45,16661,0,13,13.179291189967296,1.8122630003745144,54.59910800027501,21998.0
1780245063,50,,Aggregated,2572.800000,0.000000,13,15,15,16,17,19,25,28,37,45,46,83201,0,13,13.123663773224692,1.52501700040375,54.59910800027501,14893.331065732384
1780245064,50,GET,REST/listar-musicas,518.100000,0.000000,13,15,15,16,17,19,25,28,34,43,43,17157,0,13,13.20645652899903,1.965921999726561,53.15659999996569,50889.0
1780245064,50,GET,REST/listar-musicas-playlist,517.500000,0.000000,13,15,15,16,17,19,25,27,40,45,45,17131,0,13,13.163749952189969,1.5532320003330824,53.832633000183705,300.0
1780245064,50,GET,REST/listar-playlists-musica,517.900000,0.000000,13,15,15,16,17,19,24,27,38,45,45,17126,0,13,13.095357904355385,1.6408100000262493,51.90313799994328,511.0
1780245064,50,GET,REST/listar-playlists-usuario,517.600000,0.000000,13,15,15,16,17,19,25,28,42,46,46,17144,0,13,13.114464211620849,1.52501700040375,52.820785000221804,712.0
1780245064,50,GET,REST/listar-usuarios,518.000000,0.000000,13,15,15,16,17,20,25,28,30,45,45,17168,0,13,13.21855508253994,1.8122630003745144,54.59910800027501,21998.0
1780245064,50,,Aggregated,2589.100000,0.000000,13,15,15,16,17,19,25,28,37,45,46,85726,0,13,13.159753198213666,1.52501700040375,54.59910800027501,14894.68132188601
1780245065,50,GET,REST/listar-musicas,522.600000,0.000000,13,15,15,16,17,19,25,28,38,43,43,17681,0,13,13.226527684691993,1.965921999726561,53.15659999996569,50889.0
1780245065,50,GET,REST/listar-musicas-playlist,522.600000,0.000000,13,15,15,16,17,19,24,27,40,45,45,17668,0,13,13.178377605386611,1.5532320003330824,53.832633000183705,300.0
1780245065,50,GET,REST/listar-playlists-musica,522.100000,0.000000,13,15,15,16,17,19,25,27,38,45,45,17657,0,13,13.113079314548935,1.6408100000262493,51.90313799994328,511.0
1780245065,50,GET,REST/listar-playlists-usuario,522.500000,0.000000,13,15,15,16,17,19,25,28,42,46,46,17676,0,13,13.133105910161946,1.52501700040375,52.820785000221804,712.0
1780245065,50,GET,REST/listar-usuarios,521.700000,0.000000,13,15,15,16,17,19,25,28,34,45,45,17694,0,13,13.234631843961017,1.8122630003745144,54.59910800027501,21998.0
1780245065,50,,Aggregated,2611.500000,0.000000,13,15,15,16,17,19,25,28,38,45,46,88376,0,13,13.177172636202911,1.52501700040375,54.59910800027501,14889.896125644971
1780245066,50,GET,REST/listar-musicas,522.900000,0.000000,13,15,15,16,17,19,25,28,38,43,43,18211,0,13,13.243637519908008,1.965921999726561,53.15659999996569,50889.0
1780245066,50,GET,REST/listar-musicas-playlist,523.500000,0.000000,13,15,15,16,17,19,24,27,40,45,45,18189,0,13,13.196633423881165,1.5532320003330824,53.832633000183705,300.0
1780245066,50,GET,REST/listar-playlists-musica,523.300000,0.000000,13,15,15,16,17,19,25,28,38,45,45,18179,0,13,13.132975740854238,1.6408100000262493,51.90313799994328,511.0
1780245066,50,GET,REST/listar-playlists-usuario,523.200000,0.000000,13,15,15,16,17,19,25,28,42,46,46,18200,0,13,13.149846606429438,1.52501700040375,52.820785000221804,712.0
1780245066,50,GET,REST/listar-usuarios,523.400000,0.000000,14,15,15,16,17,19,25,28,34,45,45,18222,0,13,13.254313585612907,1.8122630003745144,54.59910800027501,21998.0
1780245066,50,,Aggregated,2616.300000,0.000000,13,15,15,16,17,19,25,28,38,45,46,91001,0,13,13.195515704322624,1.52501700040375,54.59910800027501,14893.151767562993
1780245067,50,GET,REST/listar-musicas,519.700000,0.000000,13,15,15,16,17,19,25,28,38,43,43,18757,0,13,13.247279355176623,1.965921999726561,53.15659999996569,50889.0
1780245067,50,GET,REST/listar-musicas-playlist,519.900000,0.000000,13,15,15,16,17,18,24,27,40,45,45,18731,0,13,13.195308251239759,1.5532320003330824,53.832633000183705,300.0
1780245067,50,GET,REST/listar-playlists-musica,519.700000,0.000000,13,15,15,16,17,18,25,28,38,45,45,18726,0,13,13.13933787258329,1.6408100000262493,51.90313799994328,511.0
1780245067,50,GET,REST/listar-playlists-usuario,519.900000,0.000000,13,15,15,16,17,19,24,28,42,46,46,18744,0,13,13.152616406317623,1.52501700040375,52.820785000221804,712.0
1780245067,50,GET,REST/listar-usuarios,520.000000,0.000000,13,15,15,16,17,19,25,28,34,45,45,18769,0,13,13.256174234591374,1.8122630003745144,54.59910800027501,21998.0
1780245067,50,,Aggregated,2599.200000,0.000000,13,15,15,16,17,19,25,28,38,45,46,93727,0,13,13.198177204541622,1.52501700040375,54.59910800027501,14893.674704194096
1780245068,50,GET,REST/listar-musicas,519.900000,0.000000,13,15,15,16,17,19,25,28,38,43,43,19257,0,13,13.28092902305916,1.965921999726561,53.15659999996569,50889.0
1780245068,50,GET,REST/listar-musicas-playlist,519.800000,0.000000,13,15,15,16,17,19,24,27,40,45,45,19231,0,13,13.234579044821992,1.5532320003330824,53.832633000183705,300.0
1780245068,50,GET,REST/listar-playlists-musica,519.800000,0.000000,14,15,15,16,17,19,25,28,38,45,45,19226,0,13,13.173757980546819,1.6408100000262493,51.90313799994328,511.0
1780245068,50,GET,REST/listar-playlists-usuario,519.700000,0.000000,13,15,15,16,17,19,25,28,42,46,46,19244,0,13,13.191248169716122,1.52501700040375,52.820785000221804,712.0
1780245068,50,GET,REST/listar-usuarios,520.000000,0.000000,14,15,15,16,17,19,25,28,34,45,45,19269,0,13,13.286764363383783,1.8122630003745144,54.59910800027501,21998.0
1780245068,50,,Aggregated,2599.200000,0.000000,13,15,15,16,17,19,25,28,38,45,46,96227,0,13,13.233486994690365,1.52501700040375,54.59910800027501,14893.371392644476
1780245069,50,GET,REST/listar-musicas,520.100000,0.000000,13,15,15,16,17,20,25,28,33,38,38,19780,0,13,13.302634500862105,1.965921999726561,53.15659999996569,50889.0
1780245069,50,GET,REST/listar-musicas-playlist,520.200000,0.000000,13,15,15,16,17,19,24,27,31,37,37,19762,0,13,13.252441757310748,1.5532320003330824,53.832633000183705,300.0
1780245069,50,GET,REST/listar-playlists-musica,520.000000,0.000000,14,15,15,16,17,19,25,27,30,37,37,19750,0,13,13.191345329620193,1.6408100000262493,51.90313799994328,511.0
1780245069,50,GET,REST/listar-playlists-usuario,520.100000,0.000000,13,15,15,16,17,19,24,27,32,36,36,19772,0,13,13.206554217985923,1.52501700040375,52.820785000221804,712.0
1780245069,50,GET,REST/listar-usuarios,519.700000,0.000000,14,15,15,16,17,20,26,28,31,35,35,19789,0,13,13.302424992321045,1.8122630003745144,54.59910800027501,21998.0
1780245069,50,,Aggregated,2600.100000,0.000000,13,15,15,16,17,19,25,28,31,37,38,98853,0,13,13.251106318129743,1.52501700040375,54.59910800027501,14890.811164051673
1780245070,50,GET,REST/listar-musicas,519.700000,0.000000,13,15,15,16,17,20,25,28,33,38,38,20307,0,13,13.321662171914083,1.965921999726561,53.15659999996569,50889.0
1780245070,50,GET,REST/listar-musicas-playlist,519.700000,0.000000,13,15,15,16,17,19,24,27,31,37,37,20281,0,13,13.269036532368677,1.5532320003330824,53.832633000183705,300.0
1780245070,50,GET,REST/listar-playlists-musica,520.000000,0.000000,14,15,15,16,17,19,25,27,30,37,37,20276,0,13,13.206304564706972,1.6408100000262493,51.90313799994328,511.0
1780245070,50,GET,REST/listar-playlists-usuario,519.800000,0.000000,13,15,15,16,17,19,25,27,32,36,36,20295,0,13,13.222623367086602,1.52501700040375,52.820785000221804,712.0
1780245070,50,GET,REST/listar-usuarios,519.800000,0.000000,14,15,15,16,17,20,26,28,31,35,35,20319,0,13,13.318039915057057,1.8122630003745144,54.59910800027501,21998.0
1780245070,50,,Aggregated,2599.000000,0.000000,13,15,15,16,17,19,25,28,31,37,38,101478,0,13,13.267562912760278,1.52501700040375,54.59910800027501,14892.643341413903
1780245071,50,GET,REST/listar-musicas,520.200000,0.000000,13,15,16,16,17,20,26,28,33,38,38,20839,0,13,13.330639709585872,1.965921999726561,53.15659999996569,50889.0
1780245071,50,GET,REST/listar-musicas-playlist,520.800000,0.000000,14,15,16,16,17,19,24,27,31,37,37,20822,0,13,13.278621498797444,1.5532320003330824,53.832633000183705,300.0
1780245071,50,GET,REST/listar-playlists-musica,520.600000,0.000000,14,15,15,16,17,19,25,27,30,37,37,20812,0,13,13.215511759945917,1.6408100000262493,51.90313799994328,511.0
1780245071,50,GET,REST/listar-playlists-usuario,520.200000,0.000000,13,15,15,16,17,19,25,28,32,36,36,20830,0,13,13.232308602593472,1.52501700040375,52.820785000221804,712.0
1780245071,50,GET,REST/listar-usuarios,520.500000,0.000000,14,15,15,16,17,20,26,28,31,35,35,20851,0,13,13.323687417967768,1.8122630003745144,54.59910800027501,21998.0
1780245071,50,,Aggregated,2602.300000,0.000000,13,15,15,16,17,20,25,28,31,37,38,104154,0,13,13.276178380552599,1.52501700040375,54.59910800027501,14890.149787814198
1780245072,50,GET,REST/listar-musicas,519.000000,0.000000,13,15,15,16,17,20,26,28,33,38,38,21376,0,13,13.339342367704477,1.965921999726561,53.15659999996569,50889.0
1780245072,50,GET,REST/listar-musicas-playlist,518.800000,0.000000,13,15,16,16,17,19,24,26,31,37,37,21357,0,13,13.278320657909147,1.5532320003330824,53.832633000183705,300.0
1780245072,50,GET,REST/listar-playlists-musica,518.900000,0.000000,14,15,15,16,17,19,24,27,30,37,37,21345,0,13,13.220246830077228,1.6408100000262493,51.90313799994328,511.0
1780245072,50,GET,REST/listar-playlists-usuario,519.200000,0.000000,13,15,15,16,17,19,25,28,32,36,36,21370,0,13,13.238350494058324,1.52501700040375,52.820785000221804,712.0
1780245072,50,GET,REST/listar-usuarios,518.700000,0.000000,14,15,15,16,17,19,25,28,31,35,35,21381,0,13,13.329201042517028,1.8122630003745144,54.59910800027501,21998.0
1780245072,50,,Aggregated,2594.600000,0.000000,13,15,15,16,17,19,25,28,31,37,38,106829,0,13,13.281115079979084,1.52501700040375,54.59910800027501,14889.892604068184
1780245073,50,GET,REST/listar-musicas,519.900000,0.000000,13,15,16,16,17,20,26,28,33,38,38,21881,0,13,13.356483737445599,1.965921999726561,53.15659999996569,50889.0
1780245073,50,GET,REST/listar-musicas-playlist,519.800000,0.000000,14,15,16,16,17,19,24,27,31,37,37,21870,0,13,13.300188291448078,1.5532320003330824,53.832633000183705,300.0
1780245073,50,GET,REST/listar-playlists-musica,519.200000,0.000000,14,15,15,16,17,19,24,27,30,37,37,21857,0,13,13.247102635997475,1.6408100000262493,51.90313799994328,511.0
1780245073,50,GET,REST/listar-playlists-usuario,519.700000,0.000000,13,15,15,16,17,19,25,28,32,36,36,21876,0,13,13.261238251463952,1.52501700040375,52.820785000221804,712.0
1780245073,50,GET,REST/listar-usuarios,519.600000,0.000000,14,15,15,16,17,20,25,28,31,35,35,21895,0,13,13.35127774154184,1.8122630003745144,54.59910800027501,21998.0
1780245073,50,,Aggregated,2598.100000,0.000000,14,15,15,16,17,19,24,27,31,37,38,109379,0,13,13.303278829099666,1.52501700040375,54.59910800027501,14888.178334049499
1780245074,50,GET,REST/listar-musicas,517.800000,0.000000,13,15,16,16,17,20,26,28,31,32,32,22401,0,13,13.376708376636865,1.965921999726561,53.15659999996569,50889.0
1780245074,50,GET,REST/listar-musicas-playlist,518.300000,0.000000,14,15,16,16,17,19,24,26,30,32,32,22380,0,13,13.317428103305526,1.5532320003330824,53.832633000183705,300.0
1780245074,50,GET,REST/listar-playlists-musica,518.300000,0.000000,14,15,15,16,17,19,24,26,30,31,31,22372,0,13,13.266439890040886,1.6408100000262493,51.90313799994328,511.0
1780245074,50,GET,REST/listar-playlists-usuario,518.100000,0.000000,13,15,15,16,17,19,25,28,31,32,32,22389,0,13,13.280130825584985,1.52501700040375,52.820785000221804,712.0
1780245074,50,GET,REST/listar-usuarios,517.900000,0.000000,14,15,15,16,17,19,25,27,31,32,32,22412,0,13,13.372631463548815,1.8122630003745144,54.59910800027501,21998.0
1780245074,50,,Aggregated,2590.400000,0.000000,14,15,15,16,17,19,24,27,31,32,32,111954,0,13,13.322692748200941,1.52501700040375,54.59910800027501,14890.675857941655
1780245075,50,GET,REST/listar-musicas,519.400000,0.000000,13,15,15,16,17,20,26,28,31,31,31,22930,0,13,13.385049050241621,1.965921999726561,53.15659999996569,50889.0
1780245075,50,GET,REST/listar-musicas-playlist,518.800000,0.000000,13,15,16,16,17,19,24,27,30,32,32,22912,0,13,13.32865275938289,1.5532320003330824,53.832633000183705,300.0
1780245075,50,GET,REST/listar-playlists-musica,518.700000,0.000000,14,15,15,16,17,19,24,26,30,31,31,22901,0,13,13.275706969083945,1.6408100000262493,51.90313799994328,511.0
1780245075,50,GET,REST/listar-playlists-usuario,518.900000,0.000000,13,15,15,16,17,19,25,28,31,32,32,22922,0,13,13.291775165126213,1.52501700040375,52.820785000221804,712.0
1780245075,50,GET,REST/listar-usuarios,519.500000,0.000000,14,15,15,16,17,19,24,26,30,31,31,22939,0,13,13.380480681200495,1.8122630003745144,54.59910800027501,21998.0
1780245075,50,,Aggregated,2595.300000,0.000000,14,15,15,16,17,19,24,27,30,32,32,114604,0,13,13.332354444217373,1.52501700040375,54.59910800027501,14889.474774004399
1780245076,50,GET,REST/listar-musicas,518.500000,0.000000,13,15,16,16,17,20,26,28,31,31,31,23470,0,13,13.392831166895688,1.965921999726561,53.15659999996569,50889.0
1780245076,50,GET,REST/listar-musicas-playlist,518.300000,0.000000,14,15,16,16,17,19,24,27,30,32,32,23446,0,13,13.331860355795408,1.5532320003330824,53.832633000183705,300.0
1780245076,50,GET,REST/listar-playlists-musica,518.300000,0.000000,14,15,15,16,17,19,24,26,30,31,31,23431,0,13,13.284213922922296,1.6408100000262493,51.90313799994328,511.0
1780245076,50,GET,REST/listar-playlists-usuario,519.000000,0.000000,13,15,15,16,17,19,25,28,31,32,32,23457,0,13,13.299460812849896,1.52501700040375,52.820785000221804,712.0
1780245076,50,GET,REST/listar-usuarios,517.600000,0.000000,14,15,15,16,17,19,25,26,30,31,31,23476,0,13,13.388214990503402,1.8122630003745144,54.59910800027501,21998.0
1780245076,50,,Aggregated,2591.700000,0.000000,14,15,15,16,17,19,25,27,31,32,32,117280,0,13,13.339343018597258,1.52501700040375,54.59910800027501,14891.69767223738
1780245077,50,GET,REST/listar-musicas,519.200000,0.000000,13,15,15,16,17,19,26,28,31,33,33,24001,0,13,13.3992641233301,1.965921999726561,53.15659999996569,50889.0
1780245077,50,GET,REST/listar-musicas-playlist,519.300000,0.000000,13,15,15,16,17,19,25,28,31,33,33,23980,0,13,13.343935811884265,1.5532320003330824,53.832633000183705,300.0
1780245077,50,GET,REST/listar-playlists-musica,519.000000,0.000000,14,15,15,16,17,19,24,27,32,33,33,23972,0,13,13.295606553145117,1.6408100000262493,51.90313799994328,511.0
1780245077,50,GET,REST/listar-playlists-usuario,519.300000,0.000000,13,15,15,16,17,19,26,28,31,33,33,23989,0,13,13.308943683481312,1.52501700040375,52.820785000221804,712.0
1780245077,50,GET,REST/listar-usuarios,519.000000,0.000000,14,15,15,16,17,19,25,26,31,33,33,24012,0,13,13.393723443322216,1.8122630003745144,54.59910800027501,21998.0
1780245077,50,,Aggregated,2595.800000,0.000000,13,15,15,16,17,19,25,28,31,33,33,119954,0,13,13.34831632650107,1.52501700040375,54.59910800027501,14890.097245610817
1780245078,50,GET,REST/listar-musicas,520.200000,0.000000,14,15,16,16,17,20,26,28,32,36,36,24501,0,13,13.423322160117918,1.965921999726561,53.15659999996569,50889.0
1780245078,50,GET,REST/listar-musicas-playlist,520.200000,0.000000,13,15,16,16,17,20,25,28,32,34,34,24480,0,13,13.36656946294886,1.5532320003330824,53.832633000183705,300.0
1780245078,50,GET,REST/listar-playlists-musica,520.000000,0.000000,14,15,15,16,17,19,25,28,34,35,35,24472,0,13,13.32157889461413,1.6408100000262493,51.90313799994328,511.0
1780245078,50,GET,REST/listar-playlists-usuario,520.000000,0.000000,13,15,15,16,17,19,26,28,31,35,35,24489,0,13,13.330817630202937,1.52501700040375,52.820785000221804,712.0
1780245078,50,GET,REST/listar-usuarios,520.000000,0.000000,14,15,15,16,17,19,25,28,33,35,35,24512,0,13,13.411617709572921,1.8122630003745144,54.59910800027501,21998.0
1780245078,50,,Aggregated,2600.400000,0.000000,14,15,15,16,17,19,25,28,33,35,36,122454,0,13,13.370801130629594,1.52501700040375,54.59910800027501,14889.931933624055
1780245079,50,GET,REST/listar-musicas,518.000000,0.000000,13,15,15,16,17,19,26,28,32,36,36,25022,0,13,13.434146262490815,1.965921999726561,53.15659999996569,50889.0
1780245079,50,GET,REST/listar-musicas-playlist,518.300000,0.000000,13,15,15,16,17,20,25,28,32,34,34,25001,0,13,13.375859555257412,1.5532320003330824,53.832633000183705,300.0
1780245079,50,GET,REST/listar-playlists-musica,517.900000,0.000000,14,15,15,16,17,19,25,28,34,35,35,24989,0,13,13.329933787986715,1.6408100000262493,51.90313799994328,511.0
1780245079,50,GET,REST/listar-playlists-usuario,518.300000,0.000000,13,15,15,16,17,19,26,28,31,35,35,25012,0,13,13.344012073845947,1.52501700040375,52.820785000221804,712.0
1780245079,50,GET,REST/listar-usuarios,517.900000,0.000000,14,15,15,16,17,19,24,27,33,35,35,25030,0,13,13.423782977429012,1.8122630003745144,54.59910800027501,21998.0
1780245079,50,,Aggregated,2590.400000,0.000000,13,15,15,16,17,19,25,28,33,35,36,125054,0,13,13.381567209886231,1.52501700040375,54.59910800027501,14889.82936171574
1780245080,50,GET,REST/listar-musicas,520.900000,0.000000,14,15,15,16,17,19,26,28,32,36,36,25546,0,13,13.440576962814044,1.965921999726561,53.15659999996569,50889.0
1780245080,50,GET,REST/listar-musicas-playlist,520.700000,0.000000,13,15,15,16,17,20,25,28,32,34,34,25526,0,13,13.385529461803229,1.5532320003330824,53.832633000183705,300.0
1780245080,50,GET,REST/listar-playlists-musica,520.500000,0.000000,14,15,15,16,17,19,25,28,34,35,35,25520,0,13,13.340155389811777,1.6408100000262493,51.90313799994328,511.0
1780245080,50,GET,REST/listar-playlists-usuario,520.800000,0.000000,13,15,15,16,17,19,26,28,31,35,35,25532,0,13,13.352630383480902,1.52501700040375,52.820785000221804,712.0
1780245080,50,GET,REST/listar-usuarios,520.500000,0.000000,14,15,15,16,17,19,25,28,33,35,35,25557,0,13,13.431065408343951,1.8122630003745144,54.59910800027501,21998.0
1780245080,50,,Aggregated,2603.400000,0.000000,14,15,15,16,17,19,25,28,33,35,36,127681,0,13,13.390010003634874,1.52501700040375,54.59910800027501,14889.377307508557
1780245081,50,GET,REST/listar-musicas,518.100000,0.000000,13,15,15,16,17,19,25,28,32,36,36,26082,0,13,13.443595293422549,1.965921999726561,53.15659999996569,50889.0
1780245081,50,GET,REST/listar-musicas-playlist,517.000000,0.000000,13,15,15,16,17,19,25,28,32,34,34,26070,0,13,13.384221938472892,1.5532320003330824,53.832633000183705,300.0
1780245081,50,GET,REST/listar-playlists-musica,517.500000,0.000000,14,15,15,16,17,19,25,28,34,35,35,26057,0,13,13.342178412479926,1.6408100000262493,51.90313799994328,511.0
1780245081,50,GET,REST/listar-playlists-usuario,517.700000,0.000000,13,15,15,16,17,19,26,28,31,35,35,26076,0,13,13.352848290767039,1.52501700040375,52.820785000221804,712.0
1780245081,50,GET,REST/listar-usuarios,517.800000,0.000000,14,15,15,16,17,19,25,27,33,35,35,26096,0,13,13.43210897559204,1.8122630003745144,54.59910800027501,21998.0
1780245081,50,,Aggregated,2588.100000,0.000000,14,15,15,16,17,19,25,28,33,35,36,130381,0,13,13.391006735107908,1.52501700040375,54.59910800027501,14887.513863216267
1780245082,50,GET,REST/listar-musicas,519.000000,0.000000,13,15,15,16,17,19,26,28,38,40,40,26620,0,13,13.456063720888277,1.965921999726561,53.15659999996569,50889.0
1780245082,50,GET,REST/listar-musicas-playlist,518.400000,0.000000,13,15,15,16,17,19,25,29,34,39,39,26596,0,13,13.388460285944767,1.5532320003330824,53.832633000183705,300.0
1780245082,50,GET,REST/listar-playlists-musica,518.600000,0.000000,14,15,15,16,17,19,26,29,35,40,40,26582,0,13,13.355134780414982,1.6408100000262493,51.90313799994328,511.0
1780245082,50,GET,REST/listar-playlists-usuario,518.600000,0.000000,13,15,15,16,17,19,26,29,33,40,40,26607,0,13,13.362636132898798,1.52501700040375,52.820785000221804,712.0
1780245082,50,GET,REST/listar-usuarios,518.800000,0.000000,14,15,15,16,17,19,25,28,36,39,39,26626,0,13,13.443764844439439,1.8122630003745144,54.59910800027501,21998.0
1780245082,50,,Aggregated,2593.500000,0.000000,13,15,15,16,17,19,26,29,36,40,40,133031,0,13,13.401233104194475,1.52501700040375,54.59910800027501,14890.441430944667
1780245083,50,GET,REST/listar-musicas,516.700000,0.000000,13,15,15,16,17,19,27,29,38,40,40,27130,0,13,13.467480830042145,1.965921999726561,53.15659999996569,50889.0
1780245083,50,GET,REST/listar-musicas-playlist,517.300000,0.000000,13,15,15,16,17,19,26,29,35,39,39,27112,0,13,13.402307838889932,1.5532320003330824,53.832633000183705,300.0
1780245083,50,GET,REST/listar-playlists-musica,517.800000,0.000000,14,15,15,16,17,19,26,29,36,40,40,27101,0,13,13.366711922511692,1.6408100000262493,51.90313799994328,511.0
1780245083,50,GET,REST/listar-playlists-usuario,516.900000,0.000000,13,15,15,16,17,19,26,29,35,40,40,27122,0,13,13.374062853699552,1.52501700040375,52.820785000221804,712.0
1780245083,50,GET,REST/listar-usuarios,517.500000,0.000000,14,15,15,16,17,19,26,29,36,39,39,27139,0,13,13.455321354546875,1.8122630003745144,54.59910800027501,21998.0
1780245083,50,,Aggregated,2586.200000,0.000000,13,15,15,16,17,19,26,29,36,40,40,135604,0,13,13.413193444279562,1.52501700040375,54.59910800027501,14888.317210406773
1780245084,50,GET,REST/listar-musicas,516.900000,0.000000,13,15,15,16,17,19,27,29,38,40,40,27639,0,13,13.486601020226503,1.965921999726561,53.15659999996569,50889.0
1780245084,50,GET,REST/listar-musicas-playlist,516.600000,0.000000,13,15,15,16,17,19,27,29,35,39,39,27622,0,13,13.415496261493828,1.5532320003330824,53.832633000183705,300.0
1780245084,50,GET,REST/listar-playlists-musica,516.800000,0.000000,14,15,15,16,17,19,27,30,36,40,40,27612,0,13,13.388275952121715,1.6408100000262493,51.90313799994328,511.0
1780245084,50,GET,REST/listar-playlists-usuario,516.900000,0.000000,13,15,15,16,17,19,26,29,35,40,40,27630,0,13,13.389523297250959,1.52501700040375,52.820785000221804,712.0
1780245084,50,GET,REST/listar-usuarios,517.000000,0.000000,14,15,15,16,17,19,26,29,36,39,39,27651,0,13,13.473531449171785,1.8122630003745144,54.59910800027501,21998.0
1780245084,50,,Aggregated,2584.200000,0.000000,13,15,15,16,17,19,27,29,37,40,40,138154,0,13,13.430702156485406,1.52501700040375,54.59910800027501,14888.144107300548
1780245085,50,GET,REST/listar-musicas,517.300000,0.000000,13,15,15,16,17,19,27,29,38,40,40,28170,0,13,13.49080008871303,1.965921999726561,53.15659999996569,50889.0
1780245085,50,GET,REST/listar-musicas-playlist,517.800000,0.000000,13,15,15,16,17,19,27,30,35,39,39,28146,0,13,13.420973439706605,1.5532320003330824,53.832633000183705,300.0
1780245085,50,GET,REST/listar-playlists-musica,518.500000,0.000000,14,15,15,16,17,19,28,32,36,40,40,28132,0,13,13.395263882837316,1.6408100000262493,51.90313799994328,511.0
1780245085,50,GET,REST/listar-playlists-usuario,517.500000,0.000000,13,15,15,16,17,19,27,29,35,40,40,28157,0,13,13.396767922081388,1.52501700040375,52.820785000221804,712.0
1780245085,50,GET,REST/listar-usuarios,517.700000,0.000000,14,15,15,16,17,19,27,30,36,39,39,28176,0,13,13.477412779601474,1.8122630003745144,54.59910800027501,21998.0
1780245085,50,,Aggregated,2588.800000,0.000000,13,15,15,16,17,19,27,30,37,40,40,140781,0,13,13.436262687046487,1.52501700040375,54.59910800027501,14889.976729814392
1780245086,50,GET,REST/listar-musicas,516.700000,0.000000,14,15,15,16,17,19,26,29,38,40,40,28696,0,13,13.491844478709673,1.965921999726561,53.15659999996569,50889.0
1780245086,50,GET,REST/listar-musicas-playlist,516.700000,0.000000,13,15,15,16,17,19,25,29,35,39,39,28676,0,13,13.42418218074277,1.5532320003330824,53.832633000183705,300.0
1780245086,50,GET,REST/listar-playlists-musica,517.200000,0.000000,13,15,15,16,17,19,27,31,36,40,40,28670,0,13,13.399678479176135,1.6408100000262493,51.90313799994328,511.0
1780245086,50,GET,REST/listar-playlists-usuario,516.200000,0.000000,13,15,15,16,17,19,25,28,35,40,40,28682,0,13,13.399280263651375,1.52501700040375,52.820785000221804,712.0
1780245086,50,GET,REST/listar-usuarios,517.200000,0.000000,14,15,15,16,17,19,27,30,36,39,39,28707,0,13,13.479773008292398,1.8122630003745144,54.59910800027501,21998.0
1780245086,50,,Aggregated,2584.000000,0.000000,13,15,15,16,17,19,26,29,37,40,40,143431,0,13,13.43896786360759,1.52501700040375,54.59910800027501,14888.567213503356
1780245087,50,GET,REST/listar-musicas,517.000000,0.000000,13,15,15,16,17,19,27,29,38,40,40,29232,0,13,13.492118454982602,1.965921999726561,53.15659999996569,50889.0
1780245087,50,GET,REST/listar-musicas-playlist,516.500000,0.000000,13,15,15,16,17,19,25,29,35,39,39,29220,0,13,13.42114385728893,1.5532320003330824,53.832633000183705,300.0
1780245087,50,GET,REST/listar-playlists-musica,517.100000,0.000000,14,15,15,16,17,19,27,31,36,40,40,29207,0,13,13.397633294278085,1.6408100000262493,51.90313799994328,511.0
1780245087,50,GET,REST/listar-playlists-usuario,516.700000,0.000000,13,15,15,16,17,19,26,28,35,40,40,29226,0,13,13.397783456341644,1.52501700040375,52.820785000221804,712.0
1780245087,50,GET,REST/listar-usuarios,517.200000,0.000000,14,15,15,16,17,19,27,30,36,39,39,29246,0,13,13.478840257951273,1.8122630003745144,54.59910800027501,21998.0
1780245087,50,,Aggregated,2584.500000,0.000000,13,15,15,16,17,19,26,29,37,40,40,146131,0,13,13.437517619745917,1.52501700040375,54.59910800027501,14886.919579007876
1780245088,50,GET,REST/listar-musicas,515.500000,0.000000,13,15,15,16,17,19,27,29,38,40,40,29744,0,13,13.505879208211923,1.965921999726561,53.15659999996569,50889.0
1780245088,50,GET,REST/listar-musicas-playlist,516.000000,0.000000,13,15,15,16,17,18,25,29,35,39,39,29726,0,13,13.432716200867329,1.5532320003330824,53.832633000183705,300.0
1780245088,50,GET,REST/listar-playlists-musica,516.200000,0.000000,13,15,15,16,17,19,27,30,36,40,40,29717,0,13,13.413334206850573,1.6408100000262493,51.90313799994328,511.0
1780245088,50,GET,REST/listar-playlists-usuario,515.900000,0.000000,13,15,15,16,17,19,26,29,36,40,40,29730,0,13,13.41361568859872,1.52501700040375,52.820785000221804,712.0
1780245088,50,GET,REST/listar-usuarios,515.400000,0.000000,13,15,15,16,17,19,27,29,36,39,39,29756,0,13,13.48943657433934,1.8122630003745144,54.59910800027501,21998.0
1780245088,50,,Aggregated,2579.000000,0.000000,13,15,15,16,17,19,26,29,37,40,40,148673,0,13,13.451012051341486,1.52501700040375,54.59910800027501,14888.284026016829
1780245089,50,GET,REST/listar-musicas,517.100000,0.000000,13,15,15,16,17,19,27,30,38,40,40,30261,0,13,13.522806321967522,1.965921999726561,53.15659999996569,50889.0
1780245089,50,GET,REST/listar-musicas-playlist,516.800000,0.000000,13,15,15,16,17,18,25,29,36,39,39,30235,0,13,13.441844864328777,1.5532320003330824,53.832633000183705,300.0
1780245089,50,GET,REST/listar-playlists-musica,517.100000,0.000000,13,15,15,16,17,19,27,31,37,40,40,30229,0,13,13.426815318335985,1.6408100000262493,51.90313799994328,511.0
1780245089,50,GET,REST/listar-playlists-usuario,516.700000,0.000000,13,15,15,16,17,19,26,29,38,40,40,30250,0,13,13.432207725191413,1.52501700040375,52.820785000221804,712.0
1780245089,50,GET,REST/listar-usuarios,517.200000,0.000000,14,15,15,16,17,19,27,30,37,39,39,30272,0,13,13.507460228364211,1.8122630003745144,54.59910800027501,21998.0
1780245089,50,,Aggregated,2584.900000,0.000000,13,15,15,16,17,19,27,30,38,40,40,151247,0,13,13.466244894510956,1.52501700040375,54.59910800027501,14889.095347345732
1780245090,50,GET,REST/listar-musicas,516.200000,0.000000,14,15,16,16,17,20,27,30,38,40,40,30772,0,13,13.538222647603689,1.965921999726561,53.15659999996569,50889.0
1780245090,50,GET,REST/listar-musicas-playlist,517.400000,0.000000,13,15,15,16,17,19,26,29,36,39,39,30750,0,13,13.455008563251358,1.5532320003330824,53.832633000183705,300.0
1780245090,50,GET,REST/listar-playlists-musica,517.200000,0.000000,14,15,15,16,17,20,27,31,37,40,40,30735,0,13,13.436734363070869,1.6408100000262493,51.90313799994328,511.0
1780245090,50,GET,REST/listar-playlists-usuario,516.800000,0.000000,13,15,15,16,17,20,27,30,38,40,40,30761,0,13,13.445947133287016,1.52501700040375,52.820785000221804,712.0
1780245090,50,GET,REST/listar-usuarios,516.900000,0.000000,14,15,15,16,17,19,27,30,37,39,39,30779,0,13,13.515596404692694,1.8122630003745144,54.59910800027501,21998.0
1780245090,50,,Aggregated,2584.500000,0.000000,13,15,15,16,17,20,27,30,38,40,40,153797,0,13,13.478319166096238,1.52501700040375,54.59910800027501,14888.88058284622
1780245091,50,GET,REST/listar-musicas,516.700000,0.000000,14,15,15,16,17,19,26,29,37,39,39,31317,0,13,13.53387513823363,1.965921999726561,53.15659999996569,50889.0
1780245091,50,GET,REST/listar-musicas-playlist,517.100000,0.000000,13,15,15,16,17,19,25,29,35,38,38,31294,0,13,13.453260080909626,1.5532320003330824,53.832633000183705,300.0
1780245091,50,GET,REST/listar-playlists-musica,516.900000,0.000000,13,15,15,16,17,19,26,30,36,38,38,31282,0,13,13.436342795856573,1.6408100000262493,51.90313799994328,511.0
1780245091,50,GET,REST/listar-playlists-usuario,517.100000,0.000000,13,15,15,16,17,20,25,29,37,39,39,31305,0,13,13.444835606933287,1.52501700040375,52.820785000221804,712.0
1780245091,50,GET,REST/listar-usuarios,516.200000,0.000000,14,15,15,16,17,19,25,29,35,37,37,31326,0,13,13.51027714014054,1.8122630003745144,54.59910800027501,21998.0
1780245091,50,,Aggregated,2584.000000,0.000000,13,15,15,16,17,19,25,29,36,39,39,156524,0,13,13.4757346118367,1.52501700040375,54.59910800027501,14888.851696864378
1780245092,50,GET,REST/listar-musicas,516.500000,0.000000,14,15,15,16,17,20,26,29,37,39,39,31850,0,13,13.539591138275183,1.965921999726561,53.15659999996569,50889.0
1780245092,50,GET,REST/listar-musicas-playlist,517.600000,0.000000,13,15,15,16,17,20,26,30,37,39,39,31829,0,13,13.459013649187474,1.5532320003330824,53.832633000183705,300.0
1780245092,50,GET,REST/listar-playlists-musica,517.500000,0.000000,13,15,15,16,17,20,27,31,38,39,39,31822,0,13,13.444708263905026,1.6408100000262493,51.90313799994328,511.0
1780245092,50,GET,REST/listar-playlists-usuario,517.100000,0.000000,13,15,15,16,17,20,26,30,38,39,39,31835,0,13,13.45307508745233,1.52501700040375,52.820785000221804,712.0
1780245092,50,GET,REST/listar-usuarios,517.300000,0.000000,14,15,15,16,17,19,26,29,36,39,39,31861,0,13,13.512581265435578,1.8122630003745144,54.59910800027501,21998.0
1780245092,50,,Aggregated,2585.900000,0.000000,13,15,15,16,17,20,26,30,38,39,39,159197,0,13,13.481808241833312,1.52501700040375,54.59910800027501,14888.2779826253
1780245094,50,GET,REST/listar-musicas,516.800000,0.000000,13,15,15,16,17,19,26,29,38,39,39,32376,0,13,13.552416199841499,1.965921999726561,53.15659999996569,50889.0
1780245094,50,GET,REST/listar-musicas-playlist,516.700000,0.000000,13,15,15,16,17,19,25,29,37,39,39,32355,0,13,13.46526299768163,1.5532320003330824,53.832633000183705,300.0
1780245094,50,GET,REST/listar-playlists-musica,516.400000,0.000000,13,15,15,16,17,19,25,31,38,39,39,32343,0,13,13.450327040657632,1.6408100000262493,51.90313799994328,511.0
1780245094,50,GET,REST/listar-playlists-usuario,516.800000,0.000000,13,15,15,16,17,20,27,31,38,39,39,32367,0,13,13.46610814684851,1.52501700040375,52.820785000221804,712.0
1780245094,50,GET,REST/listar-usuarios,516.100000,0.000000,13,15,15,16,17,19,25,29,36,39,39,32381,0,13,13.522638918039892,1.8122630003745144,54.59910800027501,21998.0
1780245094,50,,Aggregated,2582.800000,0.000000,13,15,15,16,17,19,26,30,38,39,39,161822,0,13,13.491364782576898,1.52501700040375,54.59910800027501,14887.830943876605
1780245095,50,GET,REST/listar-musicas,515.700000,0.000000,14,15,16,16,17,20,27,32,39,40,40,32876,0,13,13.57169165102421,1.965921999726561,53.15659999996569,50889.0
1780245095,50,GET,REST/listar-musicas-playlist,515.600000,0.000000,13,15,15,16,17,20,27,30,39,41,41,32855,0,13,13.485814323025172,1.5532320003330824,53.832633000183705,300.0
1780245095,50,GET,REST/listar-playlists-musica,515.600000,0.000000,13,15,15,16,17,20,27,31,38,41,41,32843,0,13,13.474310820813963,1.6408100000262493,51.90313799994328,511.0
1780245095,50,GET,REST/listar-playlists-usuario,515.300000,0.000000,13,15,15,16,17,20,28,33,39,40,40,32867,0,13,13.48493530218909,1.52501700040375,52.820785000221804,712.0
1780245095,50,GET,REST/listar-usuarios,515.800000,0.000000,14,15,15,16,17,19,26,31,39,40,40,32881,0,13,13.540762005901614,1.8122630003745144,54.59910800027501,21998.0
1780245095,50,,Aggregated,2578.000000,0.000000,13,15,15,16,17,20,27,31,39,41,41,164322,0,13,13.511515918033886,1.52501700040375,54.59910800027501,14887.742231715778
1780245096,50,GET,REST/listar-musicas,517.900000,0.000000,14,15,15,16,17,20,26,32,39,40,40,33406,0,13,13.571460258099577,1.965921999726561,53.15659999996569,50889.0
1780245096,50,GET,REST/listar-musicas-playlist,517.600000,0.000000,13,15,15,16,17,20,27,30,39,41,41,33381,0,13,13.488385178724304,1.5532320003330824,53.832633000183705,300.0
1780245096,50,GET,REST/listar-playlists-musica,516.700000,0.000000,13,15,15,16,17,21,26,31,38,41,41,33376,0,13,13.475091403403322,1.6408100000262493,51.90313799994328,511.0
1780245096,50,GET,REST/listar-playlists-usuario,517.900000,0.000000,13,15,15,16,17,21,28,33,39,40,40,33393,0,13,13.488369695386687,1.52501700040375,52.820785000221804,712.0
1780245096,50,GET,REST/listar-usuarios,517.600000,0.000000,14,15,15,16,17,19,26,30,39,40,40,33417,0,13,13.544278398630983,1.8122630003745144,54.59910800027501,21998.0
1780245096,50,,Aggregated,2587.700000,0.000000,13,15,15,16,17,20,27,31,39,41,41,166973,0,13,13.513531638038273,1.52501700040375,54.59910800027501,14888.337347954459
1780245097,50,GET,REST/listar-musicas,516.000000,0.000000,14,15,16,16,17,21,27,32,39,40,40,33931,0,13,13.579761830393272,1.965921999726561,53.15659999996569,50889.0
1780245097,50,GET,REST/listar-musicas-playlist,515.500000,0.000000,13,15,15,16,17,21,28,32,39,41,41,33917,0,13,13.495055864993612,1.5532320003330824,53.832633000183705,300.0
1780245097,50,GET,REST/listar-playlists-musica,515.700000,0.000000,13,15,15,16,17,21,28,32,38,41,41,33906,0,13,13.478378242316944,1.6408100000262493,51.90313799994328,511.0
1780245097,50,GET,REST/listar-playlists-usuario,516.100000,0.000000,13,15,16,16,17,21,28,33,39,40,40,33926,0,13,13.495960860580354,1.52501700040375,52.820785000221804,712.0
1780245097,50,GET,REST/listar-usuarios,516.000000,0.000000,14,15,15,16,17,20,27,31,39,40,40,33943,0,13,13.54817987847428,1.8122630003745144,54.59910800027501,21998.0
1780245097,50,,Aggregated,2579.300000,0.000000,13,15,15,16,17,20,28,32,39,41,41,169623,0,13,13.519478130295786,1.52501700040375,54.59910800027501,14886.242732412467
1780245098,50,GET,REST/listar-musicas,515.500000,0.000000,14,15,15,16,17,20,26,30,38,40,40,34476,0,13,13.579113851376992,1.965921999726561,53.15659999996569,50889.0
1780245098,50,GET,REST/listar-musicas-playlist,516.100000,0.000000,13,15,15,16,17,20,27,31,39,41,41,34456,0,13,13.493000877669745,1.5532320003330824,53.832633000183705,300.0
1780245098,50,GET,REST/listar-playlists-musica,516.300000,0.000000,13,15,15,16,17,20,27,31,38,41,41,34443,0,13,13.479075855355173,1.6408100000262493,51.90313799994328,511.0
1780245098,50,GET,REST/listar-playlists-usuario,516.000000,0.000000,13,15,15,16,17,20,28,31,39,40,40,34467,0,13,13.495174474455514,1.52501700040375,52.820785000221804,712.0
1780245098,50,GET,REST/listar-usuarios,516.300000,0.000000,14,15,15,16,17,19,26,29,39,40,40,34481,0,13,13.547346939765228,1.8122630003745144,54.59910800027501,21998.0
1780245098,50,,Aggregated,2580.200000,0.000000,13,15,15,16,17,20,27,30,38,41,41,172323,0,13,13.518755044353727,1.52501700040375,54.59910800027501,14887.390998299705
1780245099,50,GET,REST/listar-musicas,514.900000,0.000000,14,15,15,16,17,20,27,31,38,40,40,35000,0,13,13.583635300259116,1.965921999726561,53.15659999996569,50889.0
1780245099,50,GET,REST/listar-musicas-playlist,514.900000,0.000000,13,15,15,16,17,20,28,31,39,41,41,34979,0,13,13.49940458740918,1.5532320003330824,53.832633000183705,300.0
1780245099,50,GET,REST/listar-playlists-musica,515.000000,0.000000,13,15,15,16,17,20,27,31,38,41,41,34972,0,13,13.48442556882627,1.6408100000262493,51.90313799994328,511.0
1780245099,50,GET,REST/listar-playlists-usuario,514.600000,0.000000,13,15,15,16,17,20,28,31,39,40,40,34985,0,13,13.501318625841332,1.52501700040375,52.820785000221804,712.0
1780245099,50,GET,REST/listar-usuarios,514.900000,0.000000,14,15,15,16,17,19,26,29,39,40,40,35011,0,13,13.553363632945219,1.8122630003745144,54.59910800027501,21998.0
1780245099,50,,Aggregated,2574.300000,0.000000,13,15,15,16,17,19,27,31,38,41,41,174947,0,13,13.524442750336714,1.52501700040375,54.59910800027501,14887.712793017314
1780245100,50,GET,REST/listar-musicas,514.900000,0.000000,13,15,15,16,17,19,27,31,38,40,40,35517,0,13,13.589923615284743,1.965921999726561,53.15659999996569,50889.0
1780245100,50,GET,REST/listar-musicas-playlist,514.700000,0.000000,13,15,15,16,17,19,28,31,39,41,41,35491,0,13,13.504503683665627,1.5532320003330824,53.832633000183705,300.0
1780245100,50,GET,REST/listar-playlists-musica,514.900000,0.000000,13,15,15,16,17,19,27,31,38,41,41,35481,0,13,13.488350879963676,1.6408100000262493,51.90313799994328,511.0
1780245100,50,GET,REST/listar-playlists-usuario,515.000000,0.000000,13,15,15,16,17,19,28,31,39,40,40,35506,0,13,13.509036280123302,1.52501700040375,52.820785000221804,712.0
1780245100,50,GET,REST/listar-usuarios,514.700000,0.000000,13,15,15,16,17,19,27,31,39,40,40,35526,0,13,13.55933849226061,1.8122630003745144,54.59910800027501,21998.0
1780245100,50,,Aggregated,2574.200000,0.000000,13,15,15,16,17,19,27,31,38,41,41,177521,0,13,13.530245640184239,1.52501700040375,54.59910800027501,14888.288844700064
1780245101,50,GET,REST/listar-musicas,517.000000,0.000000,14,15,15,16,17,20,27,30,37,40,40,36029,0,13,13.600259608955795,1.965921999726561,53.15659999996569,50889.0
1780245101,50,GET,REST/listar-musicas-playlist,516.900000,0.000000,13,15,15,16,17,20,27,30,39,41,41,36011,0,13,13.509692480824544,1.5532320003330824,53.832633000183705,300.0
1780245101,50,GET,REST/listar-playlists-musica,517.300000,0.000000,13,15,15,16,17,19,26,29,38,41,41,36000,0,13,13.49601765813871,1.6408100000262493,51.90313799994328,511.0
1780245101,50,GET,REST/listar-playlists-usuario,516.200000,0.000000,13,15,15,16,17,20,27,30,38,40,40,36022,0,13,13.516678526429997,1.52501700040375,52.820785000221804,712.0
1780245101,50,GET,REST/listar-usuarios,517.700000,0.000000,14,15,15,16,17,19,27,30,38,40,40,36035,0,13,13.568005507785507,1.8122630003745144,54.59910800027501,21998.0
1780245101,50,,Aggregated,2585.100000,0.000000,13,15,15,16,17,20,27,30,38,41,41,180097,0,13,13.53814220904931,1.52501700040375,54.59910800027501,14886.559326363016
1780245102,50,GET,REST/listar-musicas,518.600000,0.000000,14,15,15,16,17,20,27,30,37,40,40,36567,0,13,13.600812964478097,1.965921999726561,53.15659999996569,50889.0
1780245102,50,GET,REST/listar-musicas-playlist,517.300000,0.000000,13,15,15,16,17,19,27,30,39,41,41,36541,0,13,13.510975344735199,1.5532320003330824,53.832633000183705,300.0
1780245102,50,GET,REST/listar-playlists-musica,517.200000,0.000000,13,15,15,16,17,19,26,29,38,41,41,36531,0,13,13.495654558511445,1.6408100000262493,51.90313799994328,511.0
1780245102,50,GET,REST/listar-playlists-usuario,517.900000,0.000000,13,15,15,16,17,20,27,30,38,40,40,36556,0,13,13.517294289502644,1.52501700040375,52.820785000221804,712.0
1780245102,50,GET,REST/listar-usuarios,517.600000,0.000000,14,15,15,16,17,19,27,30,38,40,40,36576,0,13,13.568975650072488,1.8122630003745144,54.59910800027501,21998.0
1780245102,50,,Aggregated,2588.600000,0.000000,13,15,15,16,17,20,27,30,38,41,41,182771,0,13,13.53875777801266,1.52501700040375,54.59910800027501,14888.108200972802
1780245103,50,GET,REST/listar-musicas,517.800000,0.000000,13,15,15,16,17,20,27,30,37,40,40,37091,0,13,13.605838153435311,1.965921999726561,53.15659999996569,50889.0
1780245103,50,GET,REST/listar-musicas-playlist,517.400000,0.000000,13,15,15,16,17,20,28,31,40,41,41,37076,0,13,13.520147288595357,1.5532320003330824,53.832633000183705,300.0
1780245103,50,GET,REST/listar-playlists-musica,516.800000,0.000000,13,15,15,16,17,20,27,30,39,41,41,37067,0,13,13.502326961690462,1.6408100000262493,51.90313799994328,511.0
1780245103,50,GET,REST/listar-playlists-usuario,518.100000,0.000000,13,15,15,16,17,20,27,30,38,40,40,37081,0,13,13.52347319732644,1.52501700040375,52.820785000221804,712.0
1780245103,50,GET,REST/listar-usuarios,517.400000,0.000000,14,15,15,16,17,19,26,29,39,40,40,37106,0,13,13.570098104054626,1.8122630003745144,54.59910800027501,21998.0
1780245103,50,,Aggregated,2587.500000,0.000000,13,15,15,16,17,20,27,30,39,41,41,185421,0,13,13.544387351967385,1.52501700040375,54.59910800027501,14886.379622588596
1780245104,50,GET,REST/listar-musicas,517.300000,0.000000,13,15,15,16,17,19,27,30,35,39,39,37617,0,13,13.613025330437516,1.965921999726561,53.15659999996569,50889.0
1780245104,50,GET,REST/listar-musicas-playlist,517.400000,0.000000,13,15,15,16,17,19,27,30,39,40,40,37591,0,13,13.52165759378455,1.5532320003330824,53.832633000183705,300.0
1780245104,50,GET,REST/listar-playlists-musica,517.800000,0.000000,13,15,15,16,17,19,26,29,37,40,40,37581,0,13,13.506248019131409,1.6408100000262493,51.90313799994328,511.0
1780245104,50,GET,REST/listar-playlists-usuario,516.800000,0.000000,13,15,15,16,17,20,27,29,37,38,38,37606,0,13,13.53079318430742,1.52501700040375,52.820785000221804,712.0
1780245104,50,GET,REST/listar-usuarios,517.900000,0.000000,14,15,15,16,17,19,26,29,34,39,39,37627,0,13,13.57466636380938,1.8122630003745144,54.59910800027501,21998.0
1780245104,50,,Aggregated,2587.200000,0.000000,13,15,15,16,17,19,26,29,37,40,40,188022,0,13,13.549292588261686,1.52501700040375,54.59910800027501,14887.975460318474
1780245105,50,GET,REST/listar-musicas,517.600000,0.000000,13,15,15,16,17,20,28,30,37,39,39,38129,0,13,13.62348753169681,1.965921999726561,53.15659999996569,50889.0
1780245105,50,GET,REST/listar-musicas-playlist,517.700000,0.000000,13,15,15,16,17,19,29,31,39,40,40,38111,0,13,13.536718585026781,1.5532320003330824,53.832633000183705,300.0
1780245105,50,GET,REST/listar-playlists-musica,516.900000,0.000000,13,15,15,16,17,19,27,30,38,40,40,38100,0,13,13.517008846797282,1.6408100000262493,51.90313799994328,511.0
1780245105,50,GET,REST/listar-playlists-usuario,518.200000,0.000000,13,15,15,16,17,20,27,30,37,38,38,38122,0,13,13.540770093858326,1.52501700040375,52.820785000221804,712.0
1780245105,50,GET,REST/listar-usuarios,517.000000,0.000000,14,15,15,16,17,19,27,29,38,39,39,38136,0,13,13.582504925871994,1.8122630003745144,54.59910800027501,21998.0
1780245105,50,,Aggregated,2587.400000,0.000000,13,15,15,16,17,19,27,30,38,40,40,190598,0,13,13.560108293498029,1.52501700040375,54.59910800027501,14886.345465324925
1780245106,50,GET,REST/listar-musicas,515.700000,0.000000,14,15,15,16,17,20,27,30,37,39,39,38636,0,13,13.631820914149479,1.965921999726561,53.15659999996569,50889.0
1780245106,50,GET,REST/listar-musicas-playlist,516.100000,0.000000,13,15,15,16,17,19,27,31,39,40,40,38623,0,13,13.543328781812978,1.5532320003330824,53.832633000183705,300.0
1780245106,50,GET,REST/listar-playlists-musica,516.500000,0.000000,13,15,15,16,17,20,26,29,38,40,40,38611,0,13,13.526349364921096,1.6408100000262493,51.90313799994328,511.0
1780245106,50,GET,REST/listar-playlists-usuario,516.100000,0.000000,13,15,15,16,17,20,26,29,37,38,38,38629,0,13,13.545324719202359,1.52501700040375,52.820785000221804,712.0
1780245106,50,GET,REST/listar-usuarios,515.700000,0.000000,14,15,15,16,17,19,26,29,38,39,39,38650,0,13,13.59111076703903,1.8122630003745144,54.59910800027501,21998.0
1780245106,50,,Aggregated,2580.100000,0.000000,13,15,15,16,17,20,26,29,38,40,40,193149,0,13,13.567596391553481,1.52501700040375,54.59910800027501,14885.870871710442
1780245107,50,GET,REST/listar-musicas,517.500000,0.000000,14,15,15,16,17,20,28,31,42,44,44,39177,0,13,13.639789665086026,1.965921999726561,53.15659999996569,50889.0
1780245107,50,GET,REST/listar-musicas-playlist,518.700000,0.000000,13,15,15,16,17,20,28,31,41,44,44,39156,0,13,13.54580213607036,1.5532320003330824,53.832633000183705,300.0
1780245107,50,GET,REST/listar-playlists-musica,518.200000,0.000000,13,15,15,16,17,20,27,31,41,44,44,39141,0,13,13.533146776090794,1.6408100000262493,51.90313799994328,511.0
1780245107,50,GET,REST/listar-playlists-usuario,517.900000,0.000000,13,15,15,16,17,20,27,30,39,44,44,39167,0,13,13.54908820422978,1.52501700040375,52.820785000221804,712.0
1780245107,50,GET,REST/listar-usuarios,517.800000,0.000000,14,15,15,16,17,19,27,30,40,42,42,39181,0,13,13.596746097880828,1.8122630003745144,54.59910800027501,21998.0
1780245107,50,,Aggregated,2590.100000,0.000000,13,15,15,16,17,20,27,30,40,44,44,195822,0,13,13.572926497881584,1.52501700040375,54.59910800027501,14887.07472092002
1780245108,50,GET,REST/listar-musicas,515.100000,0.000000,13,15,15,16,17,20,28,30,42,44,44,39723,0,13,13.635614388567962,1.965921999726561,53.15659999996569,50889.0
1780245108,50,GET,REST/listar-musicas-playlist,515.000000,0.000000,13,15,15,16,17,19,27,31,41,44,44,39700,0,13,13.543207473802918,1.5532320003330824,53.832633000183705,300.0
1780245108,50,GET,REST/listar-playlists-musica,515.000000,0.000000,13,15,15,16,17,19,27,30,41,44,44,39686,0,13,13.531650665523449,1.6408100000262493,51.90313799994328,511.0
1780245108,50,GET,REST/listar-playlists-usuario,515.100000,0.000000,13,15,15,16,17,19,26,30,39,44,44,39711,0,13,13.54529794261198,1.52501700040375,52.820785000221804,712.0
1780245108,50,GET,REST/listar-usuarios,514.800000,0.000000,14,15,15,16,17,19,26,29,40,42,42,39729,0,13,13.595315917014458,1.8122630003745144,54.59910800027501,21998.0
1780245108,50,,Aggregated,2575.000000,0.000000,13,15,15,16,17,19,27,30,40,44,44,198549,0,13,13.57022985784454,1.52501700040375,54.59910800027501,14887.438702788731
1780245109,50,GET,REST/listar-musicas,515.600000,0.000000,14,15,15,16,17,20,28,30,42,44,44,40236,0,13,13.641934856623145,1.965921999726561,53.15659999996569,50889.0
1780245109,50,GET,REST/listar-musicas-playlist,515.300000,0.000000,13,15,15,16,17,19,27,31,41,44,44,40223,0,13,13.547702907539772,1.5532320003330824,53.832633000183705,300.0
1780245109,50,GET,REST/listar-playlists-musica,515.500000,0.000000,13,15,15,16,17,19,27,31,41,44,44,40211,0,13,13.538240059037719,1.6408100000262493,51.90313799994328,511.0
1780245109,50,GET,REST/listar-playlists-usuario,515.800000,0.000000,13,15,15,16,17,19,27,30,39,44,44,40229,0,13,13.552432859704865,1.52501700040375,52.820785000221804,712.0
1780245109,50,GET,REST/listar-usuarios,515.700000,0.000000,14,15,15,16,17,19,26,29,40,42,42,40250,0,13,13.60019820362897,1.8122630003745144,54.59910800027501,21998.0
1780245109,50,,Aggregated,2578.000000,0.000000,13,15,15,16,17,19,27,30,40,44,44,201149,0,13,13.576110819164892,1.52501700040375,54.59910800027501,14885.716921287205
1780245110,50,GET,REST/listar-musicas,515.500000,0.000000,13,15,15,16,17,19,28,30,42,44,44,40767,0,13,13.645358562074415,1.965921999726561,53.15659999996569,50889.0
1780245110,50,GET,REST/listar-musicas-playlist,515.500000,0.000000,13,15,15,16,17,19,28,31,41,44,44,40742,0,13,13.550889652691808,1.5532320003330824,53.832633000183705,300.0
1780245110,50,GET,REST/listar-playlists-musica,515.500000,0.000000,13,15,15,16,17,19,27,31,41,44,44,40731,0,13,13.540488684195388,1.6408100000262493,51.90313799994328,511.0
1780245110,50,GET,REST/listar-playlists-usuario,515.300000,0.000000,13,15,15,16,17,19,27,30,39,44,44,40756,0,13,13.554541779616928,1.52501700040375,52.820785000221804,712.0
1780245110,50,GET,REST/listar-usuarios,515.600000,0.000000,13,15,15,16,17,19,27,29,40,42,42,40777,0,13,13.602902815216092,1.8122630003745144,54.59910800027501,21998.0
1780245110,50,,Aggregated,2577.400000,0.000000,13,15,15,16,17,19,27,30,40,44,44,203773,0,13,13.578848994676381,1.52501700040375,54.59910800027501,14887.442016361343
1780245111,50,GET,REST/listar-musicas,515.100000,0.000000,14,15,15,16,17,20,28,32,42,44,44,41277,0,13,13.658326592002538,1.965921999726561,53.15659999996569,50889.0
1780245111,50,GET,REST/listar-musicas-playlist,515.000000,0.000000,13,15,15,16,17,20,29,32,41,44,44,41256,0,13,13.56274301231267,1.5532320003330824,53.832633000183705,300.0
1780245111,50,GET,REST/listar-playlists-musica,515.100000,0.000000,13,15,15,16,17,20,27,32,41,44,44,41242,0,13,13.551546593956683,1.6408100000262493,51.90313799994328,511.0
1780245111,50,GET,REST/listar-playlists-usuario,515.200000,0.000000,13,15,15,16,17,19,28,32,39,44,44,41267,0,13,13.565736788452432,1.52501700040375,52.820785000221804,712.0
1780245111,50,GET,REST/listar-usuarios,515.000000,0.000000,14,15,15,16,17,19,26,30,40,42,42,41281,0,13,13.610826869602807,1.8122630003745144,54.59910800027501,21998.0
1780245111,50,,Aggregated,2575.400000,0.000000,13,15,15,16,17,20,28,32,40,44,44,206323,0,13,13.589846799121707,1.52501700040375,54.59910800027501,14886.746785380205
1780245112,50,GET,REST/listar-musicas,515.500000,0.000000,14,15,15,16,17,20,28,30,42,44,44,41811,0,13,13.655629766355617,1.965921999726561,53.15659999996569,50889.0
1780245112,50,GET,REST/listar-musicas-playlist,516.000000,0.000000,13,15,15,16,17,20,27,31,41,44,44,41786,0,13,13.561513055400487,1.5532320003330824,53.832633000183705,300.0
1780245112,50,GET,REST/listar-playlists-musica,515.700000,0.000000,13,15,15,16,17,20,27,31,41,44,44,41779,0,13,13.552111419731496,1.6408100000262493,51.90313799994328,511.0
1780245112,50,GET,REST/listar-playlists-usuario,515.900000,0.000000,13,15,15,16,17,20,27,30,39,44,44,41800,0,13,13.567975651580635,1.52501700040375,52.820785000221804,712.0
1780245112,50,GET,REST/listar-usuarios,515.400000,0.000000,14,15,15,16,17,19,27,30,40,42,42,41823,0,13,13.609587538031152,1.8122630003745144,54.59910800027501,21998.0
1780245112,50,,Aggregated,2578.500000,0.000000,13,15,15,16,17,20,27,30,40,44,44,208999,0,13,13.58937480819614,1.52501700040375,54.59910800027501,14887.098990904262
1780245113,50,GET,REST/listar-musicas,514.700000,0.000000,14,15,15,16,17,20,28,32,42,44,44,42342,0,13,13.658896907092336,1.965921999726561,53.15659999996569,50889.0
1780245113,50,GET,REST/listar-musicas-playlist,514.700000,0.000000,13,15,15,16,17,20,28,32,41,44,44,42327,0,13,13.566590643158444,1.5532320003330824,53.832633000183705,300.0
1780245113,50,GET,REST/listar-playlists-musica,514.900000,0.000000,13,15,15,16,17,20,27,32,41,44,44,42318,0,13,13.554669860271204,1.6408100000262493,51.90313799994328,511.0
1780245113,50,GET,REST/listar-playlists-usuario,514.800000,0.000000,13,15,15,16,17,19,27,31,39,44,44,42331,0,13,13.570467222982616,1.52501700040375,52.820785000221804,712.0
1780245113,50,GET,REST/listar-usuarios,515.000000,0.000000,13,15,15,16,17,19,27,30,40,42,42,42357,0,13,13.611856940224111,1.8122630003745144,54.59910800027501,21998.0
1780245113,50,,Aggregated,2574.100000,0.000000,13,15,15,16,17,19,27,31,40,44,44,211675,0,13,13.592504956056182,1.52501700040375,54.59910800027501,14885.903361284989
1780245114,50,GET,REST/listar-musicas,514.800000,0.000000,14,15,15,16,17,20,27,30,42,44,44,42869,0,13,13.66336007768093,1.965921999726561,53.15659999996569,50889.0
1780245114,50,GET,REST/listar-musicas-playlist,514.800000,0.000000,13,15,15,16,17,19,27,30,41,44,44,42842,0,13,13.57098562611397,1.5532320003330824,53.832633000183705,300.0
1780245114,50,GET,REST/listar-playlists-musica,515.000000,0.000000,13,15,15,16,17,19,27,29,41,44,44,42831,0,13,13.557548607292661,1.6408100000262493,51.90313799994328,511.0
1780245114,50,GET,REST/listar-playlists-usuario,515.000000,0.000000,13,15,15,16,17,19,26,29,39,44,44,42857,0,13,13.575574615863678,1.52501700040375,52.820785000221804,712.0
1780245114,50,GET,REST/listar-usuarios,515.000000,0.000000,13,15,15,16,17,19,26,29,40,42,42,42877,0,13,13.615029293375683,1.8122630003745144,54.59910800027501,21998.0
1780245114,50,,Aggregated,2574.600000,0.000000,13,15,15,16,17,19,27,29,40,44,44,214276,0,13,13.596511630267438,1.52501700040375,54.59910800027501,14887.445220183316
1780245115,50,GET,REST/listar-musicas,514.700000,0.000000,13,15,15,16,17,19,27,31,42,44,44,43381,0,13,13.66445373841317,1.965921999726561,53.15659999996569,50889.0
1780245115,50,GET,REST/listar-musicas-playlist,514.400000,0.000000,13,15,15,16,17,19,27,31,41,44,44,43369,0,13,13.576602354953517,1.5532320003330824,53.832633000183705,300.0
1780245115,50,GET,REST/listar-playlists-musica,514.500000,0.000000,13,15,15,16,17,19,27,30,41,44,44,43357,0,13,13.560304953155105,1.6408100000262493,51.90313799994328,511.0
1780245115,50,GET,REST/listar-playlists-usuario,514.400000,0.000000,13,15,15,16,17,19,27,30,39,44,44,43377,0,13,13.577262684673226,1.52501700040375,52.820785000221804,712.0
1780245115,50,GET,REST/listar-usuarios,514.800000,0.000000,13,15,15,16,17,19,26,29,40,42,42,43393,0,13,13.61570787309171,1.8122630003745144,54.59910800027501,21998.0
1780245115,50,,Aggregated,2572.800000,0.000000,13,15,15,16,17,19,27,30,40,44,44,216877,0,13,13.598873150321145,1.52501700040375,54.59910800027501,14885.052236982252
1780245116,50,GET,REST/listar-musicas,515.500000,0.000000,14,15,15,16,17,19,25,29,36,38,38,43898,0,13,13.670479777554768,1.965921999726561,53.15659999996569,50889.0
1780245116,50,GET,REST/listar-musicas-playlist,516.200000,0.000000,13,15,15,16,17,19,27,30,38,39,39,43879,0,13,13.581529755417986,1.5532320003330824,53.832633000183705,300.0
1780245116,50,GET,REST/listar-playlists-musica,516.000000,0.000000,13,15,15,16,17,19,26,29,37,39,39,43873,0,13,13.564710682195276,1.6408100000262493,51.90313799994328,511.0
1780245116,50,GET,REST/listar-playlists-usuario,515.500000,0.000000,13,15,15,16,17,19,26,29,38,39,39,43886,0,13,13.580685870643805,1.52501700040375,52.820785000221804,712.0
1780245116,50,GET,REST/listar-usuarios,516.100000,0.000000,14,15,15,16,17,19,25,28,37,38,38,43912,0,13,13.620887155949719,1.8122630003745144,54.59910800027501,21998.0
1780245116,50,,Aggregated,2579.300000,0.000000,13,15,15,16,17,19,26,29,37,39,39,219448,0,13,13.603667356659546,1.52501700040375,54.59910800027501,14886.12852703146
1780245117,50,GET,REST/listar-musicas,517.600000,0.000000,14,15,15,16,17,19,26,30,36,38,38,44431,0,13,13.673815340215299,1.965921999726561,53.15659999996569,50889.0
1780245117,50,GET,REST/listar-musicas-playlist,516.400000,0.000000,13,15,15,16,17,19,28,31,38,39,39,44418,0,13,13.582320170178402,1.5532320003330824,53.832633000183705,300.0
1780245117,50,GET,REST/listar-playlists-musica,516.800000,0.000000,13,15,15,16,17,19,27,29,37,39,39,44407,0,13,13.565323424796832,1.6408100000262493,51.90313799994328,511.0
1780245117,50,GET,REST/listar-playlists-usuario,517.100000,0.000000,13,15,15,16,17,19,27,30,38,39,39,44427,0,13,13.583570988927372,1.52501700040375,52.820785000221804,712.0
1780245117,50,GET,REST/listar-usuarios,517.300000,0.000000,13,15,15,16,17,19,25,29,37,38,38,44442,0,13,13.621351892603146,1.8122630003745144,54.59910800027501,21998.0
1780245117,50,,Aggregated,2585.200000,0.000000,13,15,15,16,17,19,27,30,37,39,39,222125,0,13,13.605283210630176,1.52501700040375,54.59910800027501,14885.013735509285
1780245118,50,GET,REST/listar-musicas,519.200000,0.000000,14,15,15,16,17,19,26,30,36,38,38,44979,0,13,13.668942619002358,1.965921999726561,53.15659999996569,50889.0
1780245118,50,GET,REST/listar-musicas-playlist,518.100000,0.000000,13,15,15,16,17,19,28,30,38,39,39,44962,0,13,13.578047925158595,1.5532320003330824,53.832633000183705,300.0
1780245118,50,GET,REST/listar-playlists-musica,518.000000,0.000000,13,15,15,16,17,19,26,29,37,39,39,44948,0,13,13.562420144922099,1.6408100000262493,51.90313799994328,511.0
1780245118,50,GET,REST/listar-playlists-usuario,518.500000,0.000000,13,15,15,16,17,19,26,29,38,39,39,44973,0,13,13.579010124921194,1.52501700040375,52.820785000221804,712.0
1780245118,50,GET,REST/listar-usuarios,518.800000,0.000000,13,15,15,16,17,19,25,28,37,38,38,44986,0,13,13.618988174433422,1.8122630003745144,54.59910800027501,21998.0
1780245118,50,,Aggregated,2592.600000,0.000000,13,15,15,16,17,19,26,29,37,39,39,224848,0,13,13.601490099570546,1.52501700040375,54.59910800027501,14885.683497295951
1780245119,50,GET,REST/listar-musicas,518.400000,0.000000,14,15,15,16,17,19,26,30,36,38,38,45498,0,13,13.672698985518403,1.965921999726561,53.15659999996569,50889.0
1780245119,50,GET,REST/listar-musicas-playlist,519.200000,0.000000,13,15,15,16,17,19,28,30,38,39,39,45479,0,13,13.580906255897933,1.5532320003330824,53.832633000183705,300.0
1780245119,50,GET,REST/listar-playlists-musica,518.500000,0.000000,13,15,15,16,17,19,26,29,37,39,39,45473,0,13,13.565032955840941,1.6408100000262493,51.90313799994328,511.0
1780245119,50,GET,REST/listar-playlists-usuario,518.600000,0.000000,13,15,15,16,17,19,26,29,38,39,39,45486,0,13,13.580620030670508,1.52501700040375,52.820785000221804,712.0
1780245119,50,GET,REST/listar-usuarios,518.600000,0.000000,13,15,15,16,17,19,26,28,37,38,38,45512,0,13,13.623883716713445,1.8122630003745144,54.59910800027501,21998.0
1780245119,50,,Aggregated,2593.200000,0.000000,13,15,15,16,17,19,26,29,37,39,39,227448,0,13,13.604637174590398,1.52501700040375,54.59910800027501,14885.983314867573
1780245120,50,GET,REST/listar-musicas,518.700000,0.000000,14,15,15,16,17,19,25,29,36,38,38,46027,0,13,13.674832547681081,1.965921999726561,53.15659999996569,50889.0
1780245120,50,GET,REST/listar-musicas-playlist,517.600000,0.000000,13,15,15,16,17,19,26,29,38,39,39,46006,0,13,13.58263716000032,1.5532320003330824,53.832633000183705,300.0
1780245120,50,GET,REST/listar-playlists-musica,517.500000,0.000000,13,15,15,16,17,19,25,28,36,39,39,45993,0,13,13.565010608917653,1.6408100000262493,51.90313799994328,511.0
1780245120,50,GET,REST/listar-playlists-usuario,518.300000,0.000000,13,15,15,16,17,18,25,28,38,39,39,46018,0,13,13.583574400323334,1.52501700040375,52.820785000221804,712.0
1780245120,50,GET,REST/listar-usuarios,518.000000,0.000000,13,15,15,16,17,19,25,28,35,38,38,46031,0,13,13.623567878213825,1.8122630003745144,54.59910800027501,21998.0
1780245120,50,,Aggregated,2590.100000,0.000000,13,15,15,16,17,19,25,28,37,39,39,230075,0,13,13.60593387176879,1.52501700040375,54.59910800027501,14886.132695860046
1780245121,50,GET,REST/listar-musicas,519.200000,0.000000,14,15,15,16,17,19,26,29,36,38,38,46529,0,13,13.68350680870236,1.965921999726561,53.15659999996569,50889.0
1780245121,50,GET,REST/listar-musicas-playlist,519.800000,0.000000,13,15,15,16,17,19,26,29,38,39,39,46512,0,13,13.587274482068645,1.5532320003330824,53.832633000183705,300.0
1780245121,50,GET,REST/listar-playlists-musica,519.500000,0.000000,13,15,15,16,17,19,25,28,36,39,39,46498,0,13,13.571861459115327,1.6408100000262493,51.90313799994328,511.0
1780245121,50,GET,REST/listar-playlists-usuario,519.500000,0.000000,13,15,15,16,17,19,25,29,38,39,39,46523,0,13,13.59187121204736,1.52501700040375,52.820785000221804,712.0
1780245121,50,GET,REST/listar-usuarios,519.500000,0.000000,13,15,15,16,17,19,25,28,35,38,38,46536,0,13,13.63000144084275,1.8122630003745144,54.59910800027501,21998.0
1780245121,50,,Aggregated,2597.500000,0.000000,13,15,15,16,17,19,26,29,37,39,39,232598,0,13,13.61291148069715,1.52501700040375,54.59910800027501,14885.560765784745
1780245122,50,GET,REST/listar-musicas,518.000000,0.000000,14,15,15,16,17,19,25,29,35,36,36,47068,0,13,13.679522401973927,1.965921999726561,53.15659999996569,50889.0
1780245122,50,GET,REST/listar-musicas-playlist,517.600000,0.000000,13,15,15,16,17,19,24,28,36,38,38,47043,0,13,13.585013650744532,1.5532320003330824,53.832633000183705,300.0
1780245122,50,GET,REST/listar-playlists-musica,518.700000,0.000000,13,15,15,16,17,19,24,27,36,38,38,47031,0,13,13.571292745443506,1.6408100000262493,51.90313799994328,511.0
1780245122,50,GET,REST/listar-playlists-usuario,517.600000,0.000000,13,15,15,16,17,18,24,28,35,39,39,47057,0,13,13.589513316830208,1.52501700040375,52.820785000221804,712.0
1780245122,50,GET,REST/listar-usuarios,518.800000,0.000000,13,15,15,16,17,19,24,28,33,38,38,47077,0,13,13.62879794207486,1.8122630003745144,54.59910800027501,21998.0
1780245122,50,,Aggregated,2590.700000,0.000000,13,15,15,16,17,19,24,28,35,38,39,235276,0,13,13.610838655741277,1.52501700040375,54.59910800027501,14886.744177051633
1780245123,50,GET,REST/listar-musicas,520.400000,0.000000,14,15,15,16,17,18,25,29,35,36,36,47606,0,13,13.67576782120139,1.965921999726561,53.15659999996569,50889.0
1780245123,50,GET,REST/listar-musicas-playlist,520.100000,0.000000,13,15,15,16,17,19,24,28,36,38,38,47581,0,13,13.583199538596707,1.5532320003330824,53.832633000183705,300.0
1780245123,50,GET,REST/listar-playlists-musica,520.200000,0.000000,13,15,15,16,17,19,24,28,36,38,38,47577,0,13,13.569492117009311,1.6408100000262493,51.90313799994328,511.0
1780245123,50,GET,REST/listar-playlists-usuario,520.300000,0.000000,13,15,15,16,17,18,24,28,35,39,39,47593,0,13,13.586569091422675,1.52501700040375,52.820785000221804,712.0
1780245123,50,GET,REST/listar-usuarios,520.000000,0.000000,13,15,15,16,17,19,25,28,33,38,38,47619,0,13,13.624211978854344,1.8122630003745144,54.59910800027501,21998.0
1780245123,50,,Aggregated,2601.000000,0.000000,13,15,15,16,17,19,24,28,35,38,39,237976,0,13,13.607857429245808,1.52501700040375,54.59910800027501,14886.445939926716
1780245124,50,GET,REST/listar-musicas,519.600000,0.000000,14,15,15,16,17,19,25,29,35,36,36,48123,0,13,13.681407954431608,1.965921999726561,53.15659999996569,50889.0
1780245124,50,GET,REST/listar-musicas-playlist,520.000000,0.000000,13,15,15,16,17,19,24,28,36,38,38,48098,0,13,13.589288918145602,1.5532320003330824,53.832633000183705,300.0
1780245124,50,GET,REST/listar-playlists-musica,519.600000,0.000000,13,15,15,16,17,19,24,27,36,38,38,48086,0,13,13.57376365135289,1.6408100000262493,51.90313799994328,511.0
1780245124,50,GET,REST/listar-playlists-usuario,519.600000,0.000000,13,15,15,16,17,18,24,28,35,39,39,48112,0,13,13.59125367172595,1.52501700040375,52.820785000221804,712.0
1780245124,50,GET,REST/listar-usuarios,519.600000,0.000000,13,15,15,16,17,19,24,28,33,38,38,48129,0,13,13.628087688235215,1.8122630003745144,54.59910800027501,21998.0
1780245124,50,,Aggregated,2598.400000,0.000000,13,15,15,16,17,19,24,28,35,38,39,240548,0,13,13.612770180239256,1.52501700040375,54.59910800027501,14886.55145334819
1780245125,50,GET,REST/listar-musicas,520.000000,0.000000,14,15,15,16,17,19,25,28,33,36,36,48643,0,13,13.682704972351797,1.965921999726561,53.15659999996569,50889.0
1780245125,50,GET,REST/listar-musicas-playlist,519.800000,0.000000,13,15,15,16,17,19,24,28,34,36,36,48627,0,13,13.591023545663404,1.5532320003330824,53.832633000183705,300.0
1780245125,50,GET,REST/listar-playlists-musica,520.000000,0.000000,13,15,15,16,17,19,24,27,33,36,36,48619,0,13,13.573223739483756,1.6408100000262493,51.90313799994328,511.0
1780245125,50,GET,REST/listar-playlists-usuario,520.100000,0.000000,13,15,15,16,17,18,24,28,34,35,35,48631,0,13,13.594756131851584,1.52501700040375,52.820785000221804,712.0
1780245125,50,GET,REST/listar-usuarios,520.000000,0.000000,13,15,15,16,17,19,24,28,33,35,35,48656,0,13,13.626737361457371,1.8122630003745144,54.59910800027501,21998.0
1780245125,50,,Aggregated,2599.900000,0.000000,13,15,15,16,17,19,24,28,33,36,36,243176,0,13,13.613696266992589,1.52501700040375,54.59910800027501,14885.457430009541
1780245126,50,GET,REST/listar-musicas,521.400000,0.000000,14,15,16,16,17,19,24,28,34,35,35,49148,0,13,13.690658931148977,1.965921999726561,53.15659999996569,50889.0
1780245126,50,GET,REST/listar-musicas-playlist,520.600000,0.000000,13,15,15,16,17,19,23,27,30,34,34,49129,0,13,13.595246205519667,1.5532320003330824,53.832633000183705,300.0
1780245126,50,GET,REST/listar-playlists-musica,521.300000,0.000000,13,15,15,16,17,19,23,27,31,34,34,49123,0,13,13.579562951997337,1.6408100000262493,51.90313799994328,511.0
1780245126,50,GET,REST/listar-playlists-usuario,520.900000,0.000000,13,15,15,16,17,19,24,28,33,36,36,49136,0,13,13.60080559785231,1.52501700040375,52.820785000221804,712.0
1780245126,50,GET,REST/listar-usuarios,521.500000,0.000000,13,15,15,16,17,19,24,27,32,36,36,49162,0,13,13.636279756052891,1.8122630003745144,54.59910800027501,21998.0
1780245126,50,,Aggregated,2605.700000,0.000000,13,15,15,16,17,19,24,27,32,35,36,245698,0,13,13.62051866963997,1.52501700040375,54.59910800027501,14885.687441493215
1780245127,50,GET,REST/listar-musicas,520.700000,0.000000,14,15,16,16,17,19,25,29,34,35,35,49686,0,13,13.690963843680493,1.965921999726561,53.15659999996569,50889.0
1780245127,50,GET,REST/listar-musicas-playlist,520.700000,0.000000,13,15,15,16,17,19,23,27,31,34,34,49673,0,13,13.593708379622301,1.5532320003330824,53.832633000183705,300.0
1780245127,50,GET,REST/listar-playlists-musica,520.200000,0.000000,13,15,15,16,17,19,23,27,31,34,34,49663,0,13,13.578577573262908,1.6408100000262493,51.90313799994328,511.0
1780245127,50,GET,REST/listar-playlists-usuario,520.600000,0.000000,13,15,15,16,17,19,24,28,34,36,36,49679,0,13,13.601367367299432,1.52501700040375,52.820785000221804,712.0
1780245127,50,GET,REST/listar-usuarios,520.400000,0.000000,13,15,15,16,17,19,24,28,33,36,36,49698,0,13,13.637662700230814,1.8122630003745144,54.59910800027501,21998.0
1780245127,50,,Aggregated,2602.600000,0.000000,13,15,15,16,17,19,24,28,33,35,36,248399,0,13,13.620462619475926,1.52501700040375,54.59910800027501,14884.836891452864
1780245128,50,GET,REST/listar-musicas,520.400000,0.000000,14,15,16,16,17,19,26,29,34,35,35,50227,0,13,13.692399305256343,1.965921999726561,53.15659999996569,50889.0
1780245128,50,GET,REST/listar-musicas-playlist,520.800000,0.000000,13,15,15,16,17,19,24,28,31,34,34,50207,0,13,13.592302622920595,1.5532320003330824,53.832633000183705,300.0
1780245128,50,GET,REST/listar-playlists-musica,520.700000,0.000000,13,15,15,16,17,19,23,27,31,34,34,50193,0,13,13.575352031258603,1.6408100000262493,51.90313799994328,511.0
1780245128,50,GET,REST/listar-playlists-usuario,520.700000,0.000000,13,15,15,16,17,19,25,28,34,36,36,50219,0,13,13.601556283400129,1.52501700040375,52.820785000221804,712.0
1780245128,50,GET,REST/listar-usuarios,520.200000,0.000000,13,15,15,16,17,19,24,28,33,36,36,50231,0,13,13.637769043440716,1.8122630003745144,54.59910800027501,21998.0
1780245128,50,,Aggregated,2602.800000,0.000000,13,15,15,16,17,19,24,28,33,35,36,251077,0,13,13.619884951692919,1.52501700040375,54.59910800027501,14885.672490909163
1780245129,50,GET,REST/listar-musicas,518.900000,0.000000,14,15,15,16,17,19,25,29,34,35,35,50748,0,13,13.693780981203515,1.965921999726561,53.15659999996569,50889.0
1780245129,50,GET,REST/listar-musicas-playlist,518.900000,0.000000,13,15,15,16,17,19,23,28,31,34,34,50729,0,13,13.593551146365511,1.5532320003330824,53.832633000183705,300.0
1780245129,50,GET,REST/listar-playlists-musica,518.600000,0.000000,13,15,15,16,17,19,23,26,31,34,34,50723,0,13,13.577475223921327,1.6408100000262493,51.90313799994328,511.0
1780245129,50,GET,REST/listar-playlists-usuario,519.400000,0.000000,13,15,15,16,17,19,25,28,34,36,36,50736,0,13,13.604699403166778,1.52501700040375,52.820785000221804,712.0
1780245129,50,GET,REST/listar-usuarios,518.200000,0.000000,13,15,15,16,17,19,24,28,33,36,36,50763,0,13,13.640148945985699,1.8122630003745144,54.59910800027501,21998.0
1780245129,50,,Aggregated,2594.000000,0.000000,13,15,15,16,17,19,24,28,33,35,36,253699,0,13,13.621939538528776,1.52501700040375,54.59910800027501,14885.599198262507
1780245130,50,GET,REST/listar-musicas,519.600000,0.000000,14,15,15,16,17,19,25,29,34,35,35,51273,0,13,13.697889787941296,1.965921999726561,53.15659999996569,50889.0
1780245130,50,GET,REST/listar-musicas-playlist,519.500000,0.000000,13,15,15,16,17,19,24,28,31,34,34,51248,0,13,13.596437273122303,1.5532320003330824,53.832633000183705,300.0
1780245130,50,GET,REST/listar-playlists-musica,519.500000,0.000000,13,15,15,16,17,19,24,27,31,34,34,51236,0,13,13.58008102716781,1.6408100000262493,51.90313799994328,511.0
1780245130,50,GET,REST/listar-playlists-usuario,519.300000,0.000000,13,15,15,16,17,19,26,28,34,36,36,51263,0,13,13.610116649046558,1.52501700040375,52.820785000221804,712.0
1780245130,50,GET,REST/listar-usuarios,519.700000,0.000000,13,15,15,16,17,19,24,28,33,36,36,51279,0,13,13.644423603971829,1.8122630003745144,54.59910800027501,21998.0
1780245130,50,,Aggregated,2597.600000,0.000000,13,15,15,16,17,19,25,28,33,35,36,256299,0,13,13.625800177707388,1.52501700040375,54.59910800027501,14886.216454219486
1780245131,50,GET,REST/listar-musicas,520.800000,0.000000,14,15,16,16,17,19,26,29,35,38,38,51779,0,13,13.70407780561838,1.965921999726561,53.15659999996569,50889.0
1780245131,50,GET,REST/listar-musicas-playlist,520.200000,0.000000,13,15,15,16,17,19,26,29,37,38,38,51768,0,13,13.60543516373004,1.5532320003330824,53.832633000183705,300.0
1780245131,50,GET,REST/listar-playlists-musica,520.500000,0.000000,13,15,15,16,17,19,24,28,37,39,39,51756,0,13,13.587952385887041,1.6408100000262493,51.90313799994328,511.0
1780245131,50,GET,REST/listar-playlists-usuario,520.900000,0.000000,13,15,16,16,17,19,27,29,36,38,38,51776,0,13,13.617162403798678,1.52501700040375,52.820785000221804,712.0
1780245131,50,GET,REST/listar-usuarios,520.800000,0.000000,13,15,15,16,17,19,25,29,35,39,39,51793,0,13,13.650607899022447,1.8122630003745144,54.59910800027501,21998.0
1780245131,50,,Aggregated,2603.200000,0.000000,13,15,15,16,17,19,26,29,36,38,39,258872,0,13,13.633053445217094,1.52501700040375,54.59910800027501,14884.445490435428
1780245132,50,GET,REST/listar-musicas,519.900000,0.000000,14,15,16,16,17,19,26,29,35,38,38,52317,0,13,13.705864984309452,1.965921999726561,53.15659999996569,50889.0
1780245132,50,GET,REST/listar-musicas-playlist,519.800000,0.000000,13,15,15,16,17,19,26,28,37,38,38,52292,0,13,13.606195187102722,1.5532320003330824,53.832633000183705,300.0
1780245132,50,GET,REST/listar-playlists-musica,519.700000,0.000000,13,15,15,16,17,19,24,28,37,39,39,52279,0,13,13.588437055872587,1.6408100000262493,51.90313799994328,511.0
1780245132,50,GET,REST/listar-playlists-usuario,519.900000,0.000000,14,15,16,16,17,19,26,29,36,38,38,52305,0,13,13.617693984610852,1.52501700040375,52.820785000221804,712.0
1780245132,50,GET,REST/listar-usuarios,519.900000,0.000000,13,15,15,16,17,19,25,28,35,39,39,52325,0,13,13.650467982648246,1.8122630003745144,54.59910800027501,21998.0
1780245132,50,,Aggregated,2599.200000,0.000000,13,15,15,16,17,19,25,28,36,38,39,261518,0,13,13.63374230075651,1.52501700040375,54.59910800027501,14886.350048562623
1780245133,50,GET,REST/listar-musicas,518.300000,0.000000,14,15,15,16,17,19,26,29,36,38,38,52863,0,13,13.703616832134133,1.965921999726561,53.15659999996569,50889.0
1780245133,50,GET,REST/listar-musicas-playlist,518.100000,0.000000,13,15,15,16,17,19,27,29,37,39,39,52836,0,13,13.605466715780446,1.5532320003330824,53.832633000183705,300.0
1780245133,50,GET,REST/listar-playlists-musica,519.000000,0.000000,13,15,15,16,17,19,24,29,37,39,39,52829,0,13,13.587971362546224,1.6408100000262493,51.90313799994328,511.0
1780245133,50,GET,REST/listar-playlists-usuario,518.100000,0.000000,13,15,16,16,17,19,27,29,37,39,39,52848,0,13,13.61664090995074,1.52501700040375,52.820785000221804,712.0
1780245133,50,GET,REST/listar-usuarios,518.900000,0.000000,13,15,15,16,17,19,25,29,37,39,39,52873,0,13,13.6482610411942,1.8122630003745144,54.59910800027501,21998.0
1780245133,50,,Aggregated,2592.400000,0.000000,13,15,15,16,17,19,26,29,37,39,39,264249,0,13,13.63240133337959,1.52501700040375,54.59910800027501,14886.41264867606
1780245134,50,GET,REST/listar-musicas,517.500000,0.000000,14,15,16,16,17,19,27,29,36,38,38,53379,0,13,13.70677433046903,1.965921999726561,53.15659999996569,50889.0
1780245134,50,GET,REST/listar-musicas-playlist,516.900000,0.000000,13,15,15,16,17,19,26,29,37,39,39,53367,0,13,13.607576683680401,1.5532320003330824,53.832633000183705,300.0
1780245134,50,GET,REST/listar-playlists-musica,516.500000,0.000000,13,15,15,16,17,19,24,29,37,39,39,53355,0,13,13.588381595332145,1.6408100000262493,51.90313799994328,511.0
1780245134,50,GET,REST/listar-playlists-usuario,517.900000,0.000000,13,15,16,16,17,19,27,29,37,39,39,53375,0,13,13.621446370062351,1.52501700040375,52.820785000221804,712.0
1780245134,50,GET,REST/listar-usuarios,517.100000,0.000000,13,15,15,16,17,19,25,29,37,39,39,53392,0,13,13.648946295850793,1.8122630003745144,54.59910800027501,21998.0
1780245134,50,,Aggregated,2585.900000,0.000000,13,15,15,16,17,19,26,29,37,39,39,266868,0,13,13.634631325273961,1.52501700040375,54.59910800027501,14884.507142107708
1780245135,50,GET,REST/listar-musicas,516.900000,0.000000,14,15,15,16,17,19,27,29,36,38,38,53905,0,13,13.708205651184606,1.965921999726561,53.15659999996569,50889.0
1780245135,50,GET,REST/listar-musicas-playlist,517.700000,0.000000,13,15,15,16,17,19,26,29,37,39,39,53879,0,13,13.608411445868938,1.5532320003330824,53.832633000183705,300.0
1780245135,50,GET,REST/listar-playlists-musica,518.100000,0.000000,13,15,15,16,17,19,25,29,37,39,39,53875,0,13,13.591852040908563,1.6408100000262493,51.90313799994328,511.0
1780245135,50,GET,REST/listar-playlists-usuario,516.700000,0.000000,13,15,15,16,17,19,27,29,37,39,39,53892,0,13,13.622607946653922,1.52501700040375,52.820785000221804,712.0
1780245135,50,GET,REST/listar-usuarios,517.600000,0.000000,13,15,15,16,17,19,26,29,37,39,39,53917,0,13,13.652878485302766,1.8122630003745144,54.59910800027501,21998.0
1780245135,50,,Aggregated,2587.000000,0.000000,13,15,15,16,17,19,26,29,37,39,39,269468,0,13,13.636800255971824,1.52501700040375,54.59910800027501,14886.007392343432
1780245136,50,GET,REST/listar-musicas,517.500000,0.000000,14,15,16,16,17,20,26,28,36,38,38,54398,0,13,13.718864017300465,1.965921999726561,53.15659999996569,50889.0
1780245136,50,GET,REST/listar-musicas-playlist,516.800000,0.000000,13,15,15,16,17,19,26,29,37,39,39,54378,0,13,13.616661720952754,1.5532320003330824,53.832633000183705,300.0
1780245136,50,GET,REST/listar-playlists-musica,516.100000,0.000000,13,15,15,16,17,19,25,29,37,39,39,54373,0,13,13.598810009930444,1.6408100000262493,51.90313799994328,511.0
1780245136,50,GET,REST/listar-playlists-usuario,517.400000,0.000000,14,15,16,16,17,19,26,28,37,39,39,54384,0,13,13.631927445849353,1.52501700040375,52.820785000221804,712.0
1780245136,50,GET,REST/listar-usuarios,516.600000,0.000000,14,15,15,16,17,20,26,28,37,39,39,54411,0,13,13.660666205584636,1.8122630003745144,54.59910800027501,21998.0
1780245136,50,,Aggregated,2584.400000,0.000000,13,15,15,16,17,19,26,28,37,39,39,271944,0,13,13.645393697497353,1.52501700040375,54.59910800027501,14885.463224046127
1780245137,50,GET,REST/listar-musicas,516.500000,0.000000,14,15,16,16,17,20,27,29,38,40,40,54934,0,13,13.71989370805163,1.965921999726561,53.15659999996569,50889.0
1780245137,50,GET,REST/listar-musicas-playlist,518.000000,0.000000,13,15,15,16,17,19,26,29,38,41,41,54923,0,13,13.615987895962851,1.5532320003330824,53.832633000183705,300.0
1780245137,50,GET,REST/listar-playlists-musica,517.900000,0.000000,13,15,15,16,17,19,25,29,38,41,41,54911,0,13,13.598216212051403,1.6408100000262493,51.90313799994328,511.0
1780245137,50,GET,REST/listar-playlists-usuario,517.200000,0.000000,14,15,16,16,17,20,27,29,39,41,41,54928,0,13,13.634995173027841,1.52501700040375,52.820785000221804,712.0
1780245137,50,GET,REST/listar-usuarios,517.100000,0.000000,14,15,15,16,17,19,26,29,39,40,40,54948,0,13,13.661510948061089,1.8122630003745144,54.59910800027501,21998.0
1780245137,50,,Aggregated,2586.700000,0.000000,13,15,15,16,17,19,26,29,38,41,41,274644,0,13,13.646127033637086,1.52501700040375,54.59910800027501,14884.459835277668
1780245138,50,GET,REST/listar-musicas,517.100000,0.000000,14,15,16,16,17,20,27,29,38,40,40,55473,0,13,13.721418731835445,1.965921999726561,53.15659999996569,50889.0
1780245138,50,GET,REST/listar-musicas-playlist,517.200000,0.000000,13,15,15,16,17,19,26,29,38,41,41,55448,0,13,13.6161379374724,1.5532320003330824,53.832633000183705,300.0
1780245138,50,GET,REST/listar-playlists-musica,518.000000,0.000000,13,15,15,16,17,20,25,29,38,41,41,55434,0,13,13.599951214939573,1.6408100000262493,51.90313799994328,511.0
1780245138,50,GET,REST/listar-playlists-usuario,516.500000,0.000000,14,15,16,16,17,20,27,29,39,41,41,55461,0,13,13.635426113630738,1.52501700040375,52.820785000221804,712.0
1780245138,50,GET,REST/listar-usuarios,517.900000,0.000000,14,15,15,16,17,20,26,29,39,40,40,55478,0,13,13.663794686867867,1.8122630003745144,54.59910800027501,21998.0
1780245138,50,,Aggregated,2586.700000,0.000000,14,15,16,16,17,20,26,29,38,41,41,277294,0,13,13.647356028775336,1.52501700040375,54.59910800027501,14886.077401602632
1780245139,50,GET,REST/listar-musicas,515.700000,0.000000,14,15,16,16,17,20,26,29,38,40,40,55992,0,13,13.722294130538483,1.965921999726561,53.15659999996569,50889.0
1780245139,50,GET,REST/listar-musicas-playlist,516.100000,0.000000,13,15,15,16,17,19,26,29,38,41,41,55975,0,13,13.617846945207218,1.5532320003330824,53.832633000183705,300.0
1780245139,50,GET,REST/listar-playlists-musica,516.600000,0.000000,13,15,15,16,17,19,25,29,38,41,41,55967,0,13,13.601629450693558,1.6408100000262493,51.90313799994328,511.0
1780245139,50,GET,REST/listar-playlists-usuario,515.600000,0.000000,13,15,16,16,17,19,26,29,39,41,41,55979,0,13,13.636909670163417,1.52501700040375,52.820785000221804,712.0
1780245139,50,GET,REST/listar-usuarios,516.300000,0.000000,14,15,15,16,17,19,25,29,39,40,40,56006,0,13,13.663398840642966,1.8122630003745144,54.59910800027501,21998.0
1780245139,50,,Aggregated,2580.300000,0.000000,13,15,15,16,17,19,26,29,38,41,41,279919,0,13,13.648423126251659,1.52501700040375,54.59910800027501,14885.183074389377
1780245140,50,GET,REST/listar-musicas,515.400000,0.000000,14,15,16,16,17,20,26,28,38,40,40,56517,0,13,13.72596779179904,1.965921999726561,53.15659999996569,50889.0
1780245140,50,GET,REST/listar-musicas-playlist,515.400000,0.000000,13,15,15,16,17,19,25,28,37,41,41,56492,0,13,13.618313521170764,1.5532320003330824,53.832633000183705,300.0
1780245140,50,GET,REST/listar-playlists-musica,515.300000,0.000000,13,15,15,16,17,19,25,28,36,41,41,56479,0,13,13.603987470014845,1.6408100000262493,51.90313799994328,511.0
1780245140,50,GET,REST/listar-playlists-usuario,515.500000,0.000000,13,15,16,16,17,19,26,28,37,41,41,56506,0,13,13.639964227941856,1.52501700040375,52.820785000221804,712.0
1780245140,50,GET,REST/listar-usuarios,515.200000,0.000000,14,15,15,16,17,20,25,28,38,40,40,56525,0,13,13.667569035701904,1.8122630003745144,54.59910800027501,21998.0
1780245140,50,,Aggregated,2576.800000,0.000000,13,15,15,16,17,19,25,28,38,41,41,282519,0,13,13.651170561460455,1.52501700040375,54.59910800027501,14885.976532551793
1780245141,50,GET,REST/listar-musicas,514.800000,0.000000,14,15,16,16,17,20,26,28,38,40,40,57025,0,13,13.730188172294593,1.965921999726561,53.15659999996569,50889.0
1780245141,50,GET,REST/listar-musicas-playlist,514.900000,0.000000,13,15,15,16,17,19,25,28,37,41,41,57006,0,13,13.623164201715221,1.5532320003330824,53.832633000183705,300.0
1780245141,50,GET,REST/listar-playlists-musica,515.000000,0.000000,13,15,15,16,17,19,24,28,36,41,41,56992,0,13,13.607057164970044,1.6408100000262493,51.90313799994328,511.0
1780245141,50,GET,REST/listar-playlists-usuario,514.400000,0.000000,13,15,16,16,17,20,26,28,37,41,41,57017,0,13,13.644290193662966,1.52501700040375,52.820785000221804,712.0
1780245141,50,GET,REST/listar-usuarios,514.700000,0.000000,14,15,15,16,17,20,25,28,38,40,40,57029,0,13,13.67109147507501,1.8122630003745144,54.59910800027501,21998.0
1780245141,50,,Aggregated,2573.800000,0.000000,13,15,15,16,17,19,25,28,38,41,41,285069,0,13,13.655166470778061,1.52501700040375,54.59910800027501,14885.133013410788
1780245142,50,GET,REST/listar-musicas,516.200000,0.000000,14,15,16,16,17,20,25,28,36,40,40,57548,0,13,13.730520147078854,1.965921999726561,53.15659999996569,50889.0
1780245142,50,GET,REST/listar-musicas-playlist,516.300000,0.000000,13,15,15,16,17,19,24,27,35,41,41,57528,0,13,13.624383896502223,1.5532320003330824,53.832633000183705,300.0
1780245142,50,GET,REST/listar-playlists-musica,515.500000,0.000000,14,15,15,16,17,19,24,27,34,41,41,57523,0,13,13.609754096221863,1.6408100000262493,51.90313799994328,511.0
1780245142,50,GET,REST/listar-playlists-usuario,516.400000,0.000000,13,15,16,16,17,20,25,28,37,41,41,57535,0,13,13.645548846008245,1.52501700040375,52.820785000221804,712.0
1780245142,50,GET,REST/listar-usuarios,515.800000,0.000000,14,15,16,16,17,20,25,28,38,40,40,57561,0,13,13.672557930995868,1.8122630003745144,54.59910800027501,21998.0
1780245142,50,,Aggregated,2580.200000,0.000000,14,15,16,16,17,19,25,27,37,41,41,287695,0,13,13.65656050685704,1.52501700040375,54.59910800027501,14885.224362606232
1780245143,50,GET,REST/listar-musicas,517.700000,0.000000,14,15,16,16,17,20,25,28,36,40,40,58079,0,13,13.73087472773451,1.965921999726561,53.15659999996569,50889.0
1780245143,50,GET,REST/listar-musicas-playlist,519.400000,0.000000,13,15,15,16,17,19,24,27,35,41,41,58067,0,13,13.621738384951602,1.5532320003330824,53.832633000183705,300.0
1780245143,50,GET,REST/listar-playlists-musica,518.500000,0.000000,14,15,15,16,17,19,24,27,34,41,41,58056,0,13,13.608263620004248,1.6408100000262493,51.90313799994328,511.0
1780245143,50,GET,REST/listar-playlists-usuario,518.400000,0.000000,13,15,16,16,17,19,25,28,37,41,41,58075,0,13,13.645130380216719,1.52501700040375,52.820785000221804,712.0
1780245143,50,GET,REST/listar-usuarios,517.800000,0.000000,14,15,15,16,17,20,25,28,38,40,40,58092,0,13,13.673153859826629,1.8122630003745144,54.59910800027501,21998.0
1780245143,50,,Aggregated,2591.800000,0.000000,14,15,16,16,17,19,24,27,37,41,41,290369,0,13,13.655838294343502,1.52501700040375,54.59910800027501,14884.254734493008
1780245144,50,GET,REST/listar-musicas,516.100000,0.000000,14,15,16,16,17,20,26,28,38,40,40,58598,0,13,13.738488368563749,1.965921999726561,53.15659999996569,50889.0
1780245144,50,GET,REST/listar-musicas-playlist,517.100000,0.000000,13,15,15,16,17,19,25,28,35,41,41,58578,0,13,13.625323296646975,1.5532320003330824,53.832633000183705,300.0
1780245144,50,GET,REST/listar-playlists-musica,517.200000,0.000000,14,15,15,16,17,19,25,27,34,41,41,58573,0,13,13.612645476652583,1.6408100000262493,51.90313799994328,511.0
1780245144,50,GET,REST/listar-playlists-usuario,516.500000,0.000000,13,15,16,16,17,20,25,28,37,41,41,58585,0,13,13.649914517028034,1.52501700040375,52.820785000221804,712.0
1780245144,50,GET,REST/listar-usuarios,516.400000,0.000000,14,15,15,16,17,20,25,28,38,40,40,58611,0,13,13.679677083739449,1.8122630003745144,54.59910800027501,21998.0
1780245144,50,,Aggregated,2583.300000,0.000000,14,15,16,16,17,20,25,28,37,41,41,292945,0,13,13.661217663831934,1.52501700040375,54.59910800027501,14885.16657734387
1780245145,50,GET,REST/listar-musicas,516.400000,0.000000,14,15,16,16,17,20,26,29,38,40,40,59125,0,13,13.740139969760765,1.965921999726561,53.15659999996569,50889.0
1780245145,50,GET,REST/listar-musicas-playlist,515.400000,0.000000,13,15,15,16,17,19,25,28,35,41,41,59107,0,13,13.626125798551492,1.5532320003330824,53.832633000183705,300.0
1780245145,50,GET,REST/listar-playlists-musica,515.800000,0.000000,14,15,15,16,17,19,25,28,34,41,41,59092,0,13,13.614449232450614,1.6408100000262493,51.90313799994328,511.0
1780245145,50,GET,REST/listar-playlists-usuario,516.300000,0.000000,13,15,16,16,17,20,25,28,37,41,41,59117,0,13,13.651707941338126,1.52501700040375,52.820785000221804,712.0
1780245145,50,GET,REST/listar-usuarios,516.200000,0.000000,14,15,15,16,17,20,26,29,38,40,40,59129,0,13,13.682246581678259,1.8122630003745144,54.59910800027501,21998.0
1780245145,50,,Aggregated,2580.100000,0.000000,14,15,15,16,17,19,25,28,37,41,41,295570,0,13,13.6629421248004,1.52501700040375,54.59910800027501,14884.972368643637
1780245146,50,GET,REST/listar-musicas,515.500000,0.000000,14,15,16,16,17,20,25,28,36,38,38,59635,0,13,13.74382052883541,1.965921999726561,53.15659999996569,50889.0
1780245146,50,GET,REST/listar-musicas-playlist,516.400000,0.000000,13,15,15,16,17,19,24,28,34,35,35,59623,0,13,13.630056830853642,1.5532320003330824,53.832633000183705,300.0
1780245146,50,GET,REST/listar-playlists-musica,516.400000,0.000000,14,15,15,16,17,19,25,27,33,38,38,59612,0,13,13.618412467136936,1.6408100000262493,51.90313799994328,511.0
1780245146,50,GET,REST/listar-playlists-usuario,516.300000,0.000000,13,15,16,16,17,19,25,28,32,36,36,59628,0,13,13.656451121370583,1.52501700040375,52.820785000221804,712.0
1780245146,50,GET,REST/listar-usuarios,515.700000,0.000000,14,15,15,16,17,20,25,28,35,38,38,59648,0,13,13.686622654289312,1.8122630003745144,54.59910800027501,21998.0
1780245146,50,,Aggregated,2580.300000,0.000000,14,15,15,16,17,19,25,28,34,38,38,298146,0,13,13.667079065968537,1.52501700040375,54.59910800027501,14884.338501942002
1780245147,50,GET,REST/listar-musicas,514.500000,0.000000,14,15,16,16,17,20,25,28,36,38,38,60173,0,13,13.744826844732671,1.965921999726561,53.15659999996569,50889.0
1780245147,50,GET,REST/listar-musicas-playlist,514.400000,0.000000,13,15,15,16,17,19,25,28,34,35,35,60148,0,13,13.630380004338944,1.5532320003330824,53.832633000183705,300.0
1780245147,50,GET,REST/listar-playlists-musica,514.700000,0.000000,14,15,15,16,17,19,25,27,33,38,38,60135,0,13,13.620177749313514,1.6408100000262493,51.90313799994328,511.0
1780245147,50,GET,REST/listar-playlists-usuario,514.700000,0.000000,13,15,16,16,17,19,25,27,32,36,36,60162,0,13,13.656341808152797,1.52501700040375,52.820785000221804,712.0
1780245147,50,GET,REST/listar-usuarios,514.400000,0.000000,14,15,15,16,17,20,25,28,35,38,38,60178,0,13,13.688487804397795,1.8122630003745144,54.59910800027501,21998.0
1780245147,50,,Aggregated,2572.700000,0.000000,14,15,15,16,17,19,25,28,34,38,38,300796,0,13,13.668052787069188,1.52501700040375,54.59910800027501,14885.663938350244
