Timestamp,User Count,Type,Name,Requests/s,Failures/s,50%,66%,75%,80%,90%,95%,98%,99%,99.9%,99.99%,100%,Total Request Count,Total Failure Count,Total Median Response Time,Total Average Response Time,Total Min Response Time,Total Max Response Time,Total Average Content Size
1780245392,0,,Aggregated,0.000000,0.000000,N/A,N/A,N/A,N/A,N/A,N/A,N/A,N/A,N/A,N/A,N/A,0,0,0,0.0,0,0,0
1780245393,10,POST,GraphQL/listar-musicas,0.000000,0.000000,0,0,0,0,0,0,0,0,0,0,0,285,0,6,6.775244171934135,2.825905000008788,15.968546999829414,50908.0
1780245393,10,POST,GraphQL/listar-musicas-playlist,0.000000,0.000000,0,0,0,0,0,0,0,0,0,0,0,284,0,5,5.637432334507638,1.9961859998147702,17.598298999928375,327.0
1780245393,10,POST,GraphQL/listar-playlists-musica,0.000000,0.000000,0,0,0,0,0,0,0,0,0,0,0,278,0,5,5.266905018007171,1.849618000051123,18.336415000248962,538.0
1780245393,10,POST,GraphQL/listar-playlists-usuario,0.000000,0.000000,0,0,0,0,0,0,0,0,0,0,0,285,0,5,6.053671978958862,1.4162390002638858,16.634239999802958,739.0
1780245393,10,POST,GraphQL/listar-usuarios,0.000000,0.000000,0,0,0,0,0,0,0,0,0,0,0,285,0,5,6.88194078245368,2.1299179998095497,63.57144000003245,22017.0
1780245393,10,,Aggregated,0.000000,0.000000,0,0,0,0,0,0,0,0,0,0,0,1417,0,5,6.127610870860949,1.4162390002638858,63.57144000003245,14987.065631616091
1780245394,20,POST,GraphQL/listar-musicas,0.000000,0.000000,10,11,11,12,13,14,16,31,37,37,37,628,0,8,8.614523202234256,2.825905000008788,37.076482999964355,50908.0
1780245394,20,POST,GraphQL/listar-musicas-playlist,0.000000,0.000000,8,10,10,11,12,12,15,23,40,40,40,618,0,7,7.3207266294505855,1.9961859998147702,40.05999100036206,327.0
1780245394,20,POST,GraphQL/listar-playlists-musica,0.000000,0.000000,9,10,10,11,12,13,18,23,37,37,37,617,0,7,7.283784967597232,1.849618000051123,36.55707600000824,538.0
1780245394,20,POST,GraphQL/listar-playlists-usuario,0.000000,0.000000,9,10,11,11,12,14,16,18,29,29,29,623,0,7,7.637424905298808,1.4162390002638858,28.993481999805226,739.0
1780245394,20,POST,GraphQL/listar-usuarios,0.000000,0.000000,9,11,11,11,13,16,42,55,76,76,76,631,0,7,8.971566207599668,2.1299179998095497,76.36423199983255,22017.0
1780245394,20,,Aggregated,0.000000,0.000000,9,10,11,11,12,13,18,35,71,76,76,3117,0,7,7.971574894452234,1.4162390002638858,76.36423199983255,15032.845684953481
1780245395,30,POST,GraphQL/listar-musicas,268.000000,0.000000,12,13,14,15,18,22,28,32,47,47,47,986,0,10,10.854259600405044,2.825905000008788,46.687695999935386,50908.0
1780245395,30,POST,GraphQL/listar-musicas-playlist,265.000000,0.000000,10,12,13,13,16,18,26,28,46,46,46,972,0,9,9.330402436213719,1.9961859998147702,46.28463700009888,327.0
1780245395,30,POST,GraphQL/listar-playlists-musica,265.000000,0.000000,10,11,13,14,16,18,25,29,42,42,42,966,0,9,9.248479351981587,1.849618000051123,41.631182999935845,538.0
1780245395,30,POST,GraphQL/listar-playlists-usuario,266.000000,0.000000,11,12,14,14,16,18,26,29,46,46,46,983,0,9,9.789078476096675,1.4162390002638858,45.53694900005212,739.0
1780245395,30,POST,GraphQL/listar-usuarios,271.000000,0.000000,11,13,14,15,18,29,43,47,76,76,76,993,0,9,11.161281522650139,2.1299179998095497,76.36423199983255,22017.0
1780245395,30,,Aggregated,1335.000000,0.000000,11,12,14,14,17,20,29,37,55,76,76,4900,0,9,10.083938547348556,1.4162390002638858,76.36423199983255,15024.930204081633
1780245396,40,POST,GraphQL/listar-musicas,301.000000,0.000000,13,16,18,19,21,23,27,31,40,47,47,1371,0,12,12.60824259081358,2.825905000008788,46.687695999935386,50908.0
1780245396,40,POST,GraphQL/listar-musicas-playlist,297.000000,0.000000,11,13,16,17,20,22,26,28,40,46,46,1358,0,10,11.184002854933984,1.9961859998147702,46.28463700009888,327.0
1780245396,40,POST,GraphQL/listar-playlists-musica,294.500000,0.000000,11,14,16,17,20,21,26,29,37,42,42,1350,0,10,11.175100320752218,1.849618000051123,41.631182999935845,538.0
1780245396,40,POST,GraphQL/listar-playlists-usuario,300.500000,0.000000,12,14,16,18,20,22,26,29,45,46,46,1366,0,11,11.624025512446346,1.4162390002638858,45.53694900005212,739.0
1780245396,40,POST,GraphQL/listar-usuarios,302.500000,0.000000,12,15,17,19,21,26,39,46,71,76,76,1382,0,11,12.735787287259178,2.1299179998095497,76.36423199983255,22017.0
1780245396,40,,Aggregated,1495.500000,0.000000,12,15,17,18,20,23,27,33,48,76,76,6827,0,11,11.870431929546639,1.4162390002638858,76.36423199983255,14999.590156730628
1780245397,50,POST,GraphQL/listar-musicas,317.666667,0.000000,15,18,20,22,26,29,35,39,47,47,47,1724,0,13,14.809391876454635,2.825905000008788,46.92832799992175,50908.0
1780245397,50,POST,GraphQL/listar-musicas-playlist,312.000000,0.000000,13,17,19,21,25,27,31,36,45,46,46,1708,0,12,13.364913619437472,1.9961859998147702,46.28463700009888,327.0
1780245397,50,POST,GraphQL/listar-playlists-musica,310.666667,0.000000,14,17,19,20,25,27,31,36,53,53,53,1696,0,12,13.33167805425261,1.849618000051123,53.12233499989816,538.0
1780245397,50,POST,GraphQL/listar-playlists-usuario,315.666667,0.000000,14,17,19,20,25,28,31,37,51,52,52,1717,0,12,13.687962481072265,1.4162390002638858,52.348095000070316,739.0
1780245397,50,POST,GraphQL/listar-usuarios,319.666667,0.000000,14,18,20,21,26,30,39,48,120,120,120,1737,0,13,14.87209546401287,2.1299179998095497,124.15249899959235,22017.0
1780245397,50,,Aggregated,1575.666667,0.000000,14,17,20,21,25,28,34,38,67,120,120,8582,0,12,14.018206879283454,1.4162390002638858,124.15249899959235,15002.184572360755
1780245398,50,POST,GraphQL/listar-musicas,333.000000,0.000000,16,20,23,25,28,33,39,42,54,55,55,2073,0,15,16.438164603477478,2.825905000008788,54.83893100017667,50908.0
1780245398,50,POST,GraphQL/listar-musicas-playlist,329.500000,0.000000,15,19,21,23,27,31,37,43,54,54,54,2047,0,13,15.060747570591221,1.9961859998147702,54.28253299987773,327.0
1780245398,50,POST,GraphQL/listar-playlists-musica,327.500000,0.000000,15,19,21,23,27,31,37,42,56,56,56,2040,0,14,15.04213121079062,1.849618000051123,56.20825500000137,538.0
1780245398,50,POST,GraphQL/listar-playlists-usuario,332.250000,0.000000,15,19,21,23,27,31,36,42,54,55,55,2059,0,14,15.37611127051994,1.4162390002638858,54.581455000061396,739.0
1780245398,50,POST,GraphQL/listar-usuarios,335.000000,0.000000,16,19,22,24,28,33,43,49,120,120,120,2082,0,14,16.29222957684783,2.1299179998095497,124.15249899959235,22017.0
1780245398,50,,Aggregated,1657.250000,0.000000,15,19,22,24,28,32,38,44,62,120,120,10301,0,14,15.646194374819913,1.4162390002638858,124.15249899959235,15014.09261236773
1780245399,50,POST,GraphQL/listar-musicas,337.800000,0.000000,17,21,24,26,29,33,39,42,53,55,55,2430,0,16,17.321461343211514,2.825905000008788,54.83893100017667,50908.0
1780245399,50,POST,GraphQL/listar-musicas-playlist,333.400000,0.000000,16,20,23,25,28,31,38,42,53,54,54,2411,0,14,16.041836647448903,1.9961859998147702,54.28253299987773,327.0
1780245399,50,POST,GraphQL/listar-playlists-musica,332.000000,0.000000,16,20,23,25,28,31,37,41,53,56,56,2401,0,15,16.02632102707646,1.849618000051123,56.20825500000137,538.0
1780245399,50,POST,GraphQL/listar-playlists-usuario,335.600000,0.000000,16,20,23,25,28,32,37,42,52,55,55,2421,0,15,16.363048724079366,1.4162390002638858,54.581455000061396,739.0
1780245399,50,POST,GraphQL/listar-usuarios,339.600000,0.000000,16,20,24,25,29,33,41,48,110,120,120,2437,0,15,17.04529840213167,2.1299179998095497,124.15249899959235,22017.0
1780245399,50,,Aggregated,1678.400000,0.000000,16,20,23,25,28,32,38,43,56,120,120,12100,0,15,16.562111501983896,1.4162390002638858,124.15249899959235,14977.778760330579
1780245400,50,POST,GraphQL/listar-musicas,338.833333,0.000000,18,22,25,26,29,33,39,41,53,55,55,2810,0,17,17.92331180747151,2.825905000008788,54.83893100017667,50908.0
1780245400,50,POST,GraphQL/listar-musicas-playlist,334.166667,0.000000,17,21,24,25,28,31,37,41,53,54,54,2788,0,15,16.642249114777325,1.9961859998147702,54.28253299987773,327.0
1780245400,50,POST,GraphQL/listar-playlists-musica,332.500000,0.000000,17,20,23,25,28,31,36,39,53,56,56,2779,0,16,16.590690397987327,1.849618000051123,56.20825500000137,538.0
1780245400,50,POST,GraphQL/listar-playlists-usuario,336.166667,0.000000,17,21,24,25,28,31,37,42,52,55,55,2797,0,16,16.913410796207476,1.4162390002638858,54.581455000061396,739.0
1780245400,50,POST,GraphQL/listar-usuarios,339.833333,0.000000,17,21,24,25,29,32,39,46,110,120,120,2824,0,16,17.50812950035059,2.1299179998095497,124.15249899959235,22017.0
1780245400,50,,Aggregated,1681.500000,0.000000,17,21,24,25,28,32,38,42,55,120,120,13998,0,16,17.118044937347,1.4162390002638858,124.15249899959235,14980.800757251036
1780245401,50,POST,GraphQL/listar-musicas,340.142857,0.000000,18,23,25,26,29,32,38,41,53,55,55,3196,0,17,18.316376500311975,2.825905000008788,54.83893100017667,50908.0
1780245401,50,POST,GraphQL/listar-musicas-playlist,336.714286,0.000000,17,21,24,25,28,31,37,41,53,54,54,3172,0,16,16.984928586693805,1.9961859998147702,54.28253299987773,327.0
1780245401,50,POST,GraphQL/listar-playlists-musica,335.857143,0.000000,17,21,24,25,28,31,36,39,53,56,56,3162,0,16,16.97429498387167,1.849618000051123,56.20825500000137,538.0
1780245401,50,POST,GraphQL/listar-playlists-usuario,338.714286,0.000000,17,21,24,25,28,31,36,40,52,55,55,3187,0,16,17.309391307811545,1.4162390002638858,54.581455000061396,739.0
1780245401,50,POST,GraphQL/listar-usuarios,341.142857,0.000000,17,22,24,26,29,32,39,46,110,120,120,3207,0,16,17.861292430615553,2.1299179998095497,124.15249899959235,22017.0
1780245401,50,,Aggregated,1692.571429,0.000000,17,22,24,25,28,32,37,41,55,120,120,15924,0,16,17.491475033532538,1.4162390002638858,124.15249899959235,14971.369002763126
1780245402,50,POST,GraphQL/listar-musicas,343.875000,0.000000,19,23,25,26,29,32,39,41,52,55,55,3588,0,18,18.69672289158134,2.825905000008788,54.83893100017667,50908.0
1780245402,50,POST,GraphQL/listar-musicas-playlist,341.625000,0.000000,17,21,24,25,28,31,36,41,53,54,54,3567,0,16,17.208282615641895,1.9961859998147702,54.28253299987773,327.0
1780245402,50,POST,GraphQL/listar-playlists-musica,341.000000,0.000000,17,21,24,25,28,31,36,39,53,56,56,3557,0,16,17.21134011358081,1.849618000051123,56.20825500000137,538.0
1780245402,50,POST,GraphQL/listar-playlists-usuario,343.125000,0.000000,17,22,24,25,28,31,36,40,52,55,55,3576,0,17,17.630455865490283,1.4162390002638858,54.581455000061396,739.0
1780245402,50,POST,GraphQL/listar-usuarios,346.250000,0.000000,18,22,25,26,28,32,38,45,110,120,120,3599,0,17,18.10121832814218,2.1299179998095497,124.15249899959235,22017.0
1780245402,50,,Aggregated,1715.875000,0.000000,17,22,24,25,28,31,37,41,54,120,120,17887,0,17,17.771527788168733,1.4162390002638858,124.15249899959235,14961.694303125174
1780245403,50,POST,GraphQL/listar-musicas,349.111111,0.000000,20,24,26,27,29,33,39,42,52,55,55,3965,0,18,18.976194815634518,2.825905000008788,54.83893100017667,50908.0
1780245403,50,POST,GraphQL/listar-musicas-playlist,347.222222,0.000000,18,22,25,25,28,31,38,42,53,54,54,3946,0,16,17.57319348834124,1.9961859998147702,54.28253299987773,327.0
1780245403,50,POST,GraphQL/listar-playlists-musica,345.888889,0.000000,18,22,24,25,28,31,36,40,53,56,56,3935,0,16,17.562469344094275,1.849618000051123,56.20825500000137,538.0
1780245403,50,POST,GraphQL/listar-playlists-usuario,348.555556,0.000000,19,23,25,26,29,32,37,43,52,55,55,3956,0,17,17.948889264914122,1.4162390002638858,54.581455000061396,739.0
1780245403,50,POST,GraphQL/listar-usuarios,350.111111,0.000000,19,23,25,26,29,32,38,44,110,120,120,3976,0,17,18.400078753014178,2.1299179998095497,124.15249899959235,22017.0
1780245403,50,,Aggregated,1740.888889,0.000000,19,23,25,26,29,32,38,42,54,120,120,19778,0,17,18.093703603599078,1.4162390002638858,124.15249899959235,14952.000606734755
1780245404,50,POST,GraphQL/listar-musicas,351.900000,0.000000,22,25,26,27,30,34,39,42,52,55,55,4327,0,18,19.303953020797486,2.825905000008788,54.83893100017667,50908.0
1780245404,50,POST,GraphQL/listar-musicas-playlist,350.700000,0.000000,19,23,25,26,29,32,38,42,53,54,54,4305,0,17,17.905339955630435,1.9961859998147702,54.28253299987773,327.0
1780245404,50,POST,GraphQL/listar-playlists-musica,349.500000,0.000000,19,23,25,26,29,32,37,41,53,56,56,4297,0,17,17.860820360952722,1.849618000051123,56.20825500000137,538.0
1780245404,50,POST,GraphQL/listar-playlists-usuario,351.100000,0.000000,20,24,25,26,29,32,38,43,52,55,55,4318,0,17,18.269938430292314,1.4162390002638858,54.581455000061396,739.0
1780245404,50,POST,GraphQL/listar-usuarios,353.500000,0.000000,20,24,26,26,29,32,38,43,110,120,120,4336,0,17,18.691148189111225,2.1299179998095497,124.15249899959235,22017.0
1780245404,50,,Aggregated,1756.700000,0.000000,20,24,25,26,29,32,38,42,54,120,120,21583,0,17,18.40768433540208,1.4162390002638858,124.15249899959235,14949.504285780475
1780245405,50,POST,GraphQL/listar-musicas,362.600000,0.000000,23,25,27,27,31,35,40,43,52,55,55,4697,0,19,19.55263902980477,2.825905000008788,54.83893100017667,50908.0
1780245405,50,POST,GraphQL/listar-musicas-playlist,360.800000,0.000000,20,24,25,26,29,33,40,44,53,54,54,4677,0,17,18.188516875985204,1.9961859998147702,54.28253299987773,327.0
1780245405,50,POST,GraphQL/listar-playlists-musica,359.900000,0.000000,20,24,25,26,29,32,38,42,53,56,56,4665,0,17,18.107852086603494,1.849618000051123,56.20825500000137,538.0
1780245405,50,POST,GraphQL/listar-playlists-usuario,362.000000,0.000000,21,24,26,26,30,33,40,44,52,55,55,4691,0,17,18.526123892135676,1.4162390002638858,54.581455000061396,739.0
1780245405,50,POST,GraphQL/listar-usuarios,363.500000,0.000000,21,25,26,27,29,33,39,44,110,120,120,4706,0,18,18.919159320226584,2.1299179998095497,124.15249899959235,22017.0
1780245405,50,,Aggregated,1808.800000,0.000000,21,25,26,27,30,33,39,43,53,120,120,23436,0,17,18.660145924004812,1.4162390002638858,124.15249899959235,14944.217272572112
1780245406,50,POST,GraphQL/listar-musicas,364.700000,0.000000,23,25,27,27,30,34,40,44,52,55,55,5085,0,19,19.708121367943924,2.825905000008788,54.83893100017667,50908.0
1780245406,50,POST,GraphQL/listar-musicas-playlist,364.200000,0.000000,20,24,25,26,29,33,40,44,53,54,54,5061,0,17,18.367957103531488,1.9961859998147702,54.28253299987773,327.0
1780245406,50,POST,GraphQL/listar-playlists-musica,363.600000,0.000000,20,24,25,26,29,32,38,42,51,56,56,5055,0,17,18.298732013057823,1.849618000051123,56.20825500000137,538.0
1780245406,50,POST,GraphQL/listar-playlists-usuario,364.200000,0.000000,22,24,26,26,29,33,40,44,52,55,55,5069,0,18,18.721746362007288,1.4162390002638858,54.581455000061396,739.0
1780245406,50,POST,GraphQL/listar-usuarios,366.000000,0.000000,21,25,26,27,29,32,38,43,51,55,55,5095,0,18,19.025862857897927,2.1299179998095497,124.15249899959235,22017.0
1780245406,50,,Aggregated,1822.700000,0.000000,21,24,26,27,29,33,39,43,52,56,56,25365,0,18,18.825681922057214,1.4162390002638858,124.15249899959235,14948.32734082397
1780245407,50,POST,GraphQL/listar-musicas,365.400000,0.000000,23,25,26,27,29,33,39,42,48,52,52,5460,0,19,19.83625538040207,2.825905000008788,54.83893100017667,50908.0
1780245407,50,POST,GraphQL/listar-musicas-playlist,364.600000,0.000000,20,24,25,26,29,32,39,42,48,53,53,5439,0,17,18.51681710975802,1.9961859998147702,54.28253299987773,327.0
1780245407,50,POST,GraphQL/listar-playlists-musica,364.200000,0.000000,20,24,25,26,28,31,37,40,48,53,53,5430,0,17,18.459572696318713,1.849618000051123,56.20825500000137,538.0
1780245407,50,POST,GraphQL/listar-playlists-usuario,364.900000,0.000000,21,24,25,26,29,33,39,43,47,52,52,5451,0,18,18.840652238858517,1.4162390002638858,54.581455000061396,739.0
1780245407,50,POST,GraphQL/listar-usuarios,365.600000,0.000000,21,24,26,26,29,32,38,41,47,50,50,5468,0,18,19.185348748535972,2.1299179998095497,124.15249899959235,22017.0
1780245407,50,,Aggregated,1824.700000,0.000000,21,24,26,26,29,32,38,41,48,53,53,27248,0,18,18.96874209809869,1.4162390002638858,124.15249899959235,14939.621917204933
1780245408,50,POST,GraphQL/listar-musicas,365.000000,0.000000,23,25,26,27,29,33,39,43,49,52,52,5845,0,20,19.957689687596087,2.825905000008788,54.83893100017667,50908.0
1780245408,50,POST,GraphQL/listar-musicas-playlist,363.600000,0.000000,20,24,25,26,28,31,39,42,49,53,53,5827,0,17,18.63885729156914,1.9961859998147702,54.28253299987773,327.0
1780245408,50,POST,GraphQL/listar-playlists-musica,363.800000,0.000000,20,24,25,26,28,31,37,40,48,53,53,5814,0,17,18.58020947867529,1.849618000051123,56.20825500000137,538.0
1780245408,50,POST,GraphQL/listar-playlists-usuario,363.800000,0.000000,21,24,25,26,28,32,39,43,48,52,52,5838,0,18,18.968098580680863,1.4162390002638858,54.581455000061396,739.0
1780245408,50,POST,GraphQL/listar-usuarios,365.100000,0.000000,21,24,26,26,28,32,38,41,49,50,50,5853,0,18,19.29531169161086,2.1299179998095497,124.15249899959235,22017.0
1780245408,50,,Aggregated,1821.300000,0.000000,21,24,25,26,28,32,38,42,49,53,53,29177,0,18,19.08893561421687,1.4162390002638858,124.15249899959235,14935.408163964767
1780245409,50,POST,GraphQL/listar-musicas,366.700000,0.000000,23,25,26,27,29,33,39,42,49,52,52,6207,0,20,20.099279616884818,2.825905000008788,54.83893100017667,50908.0
1780245409,50,POST,GraphQL/listar-musicas-playlist,366.500000,0.000000,20,24,25,26,28,32,39,42,49,53,53,6188,0,18,18.760770416285894,1.9961859998147702,54.28253299987773,327.0
1780245409,50,POST,GraphQL/listar-playlists-musica,366.200000,0.000000,20,24,25,26,28,31,38,41,48,53,53,6178,0,18,18.737762596474454,1.849618000051123,56.20825500000137,538.0
1780245409,50,POST,GraphQL/listar-playlists-usuario,366.700000,0.000000,21,24,25,26,29,32,39,42,48,52,52,6194,0,18,19.08326278043525,1.4162390002638858,54.581455000061396,739.0
1780245409,50,POST,GraphQL/listar-usuarios,366.700000,0.000000,21,24,26,26,29,32,38,41,49,50,50,6221,0,18,19.462173057706725,2.1299179998095497,124.15249899959235,22017.0
1780245409,50,,Aggregated,1832.800000,0.000000,21,24,25,26,29,32,38,42,49,53,53,30988,0,18,19.229562459436305,1.4162390002638858,124.15249899959235,14937.340873886666
1780245410,50,POST,GraphQL/listar-musicas,369.900000,0.000000,23,25,26,27,30,34,39,42,49,52,52,6577,0,20,20.210960892201204,2.825905000008788,54.83893100017667,50908.0
1780245410,50,POST,GraphQL/listar-musicas-playlist,370.400000,0.000000,20,24,25,26,29,32,39,42,49,53,53,6561,0,18,18.860276153326602,1.9961859998147702,54.28253299987773,327.0
1780245410,50,POST,GraphQL/listar-playlists-musica,370.400000,0.000000,20,24,25,26,28,31,38,41,48,53,53,6548,0,18,18.86007848839706,1.849618000051123,56.20825500000137,538.0
1780245410,50,POST,GraphQL/listar-playlists-usuario,370.300000,0.000000,21,24,25,26,29,33,39,42,48,52,52,6570,0,18,19.217370910199573,1.4162390002638858,54.581455000061396,739.0
1780245410,50,POST,GraphQL/listar-usuarios,370.400000,0.000000,21,25,26,27,29,33,38,41,49,50,50,6586,0,18,19.54898508578682,2.1299179998095497,124.15249899959235,22017.0
1780245410,50,,Aggregated,1851.400000,0.000000,21,24,26,26,29,33,39,42,49,53,53,32842,0,18,19.34027459433086,1.4162390002638858,124.15249899959235,14930.557791851897
1780245411,50,POST,GraphQL/listar-musicas,370.200000,0.000000,23,25,26,27,29,33,38,41,49,50,50,6963,0,20,20.255198524918185,2.825905000008788,54.83893100017667,50908.0
1780245411,50,POST,GraphQL/listar-musicas-playlist,370.200000,0.000000,20,24,25,26,28,33,39,42,49,49,49,6946,0,18,18.918585727033786,1.9961859998147702,54.28253299987773,327.0
1780245411,50,POST,GraphQL/listar-playlists-musica,370.200000,0.000000,20,24,25,26,28,32,38,41,48,48,48,6934,0,18,18.911853762046285,1.849618000051123,56.20825500000137,538.0
1780245411,50,POST,GraphQL/listar-playlists-usuario,370.400000,0.000000,21,24,25,26,29,33,39,41,47,49,49,6954,0,18,19.268835663072043,1.4162390002638858,54.581455000061396,739.0
1780245411,50,POST,GraphQL/listar-usuarios,370.800000,0.000000,21,25,26,27,29,33,38,41,48,49,49,6974,0,18,19.60857763019727,2.1299179998095497,124.15249899959235,22017.0
1780245411,50,,Aggregated,1851.800000,0.000000,21,24,26,26,29,33,38,41,48,50,50,34771,0,18,19.393343342699755,1.4162390002638858,124.15249899959235,14930.827471168503
1780245412,50,POST,GraphQL/listar-musicas,370.600000,0.000000,23,25,26,27,29,33,37,41,49,50,50,7348,0,20,20.308465486118997,2.825905000008788,54.83893100017667,50908.0
1780245412,50,POST,GraphQL/listar-musicas-playlist,369.800000,0.000000,20,24,25,26,28,32,38,41,49,49,49,7324,0,18,18.973147938281404,1.9961859998147702,54.28253299987773,327.0
1780245412,50,POST,GraphQL/listar-playlists-musica,369.500000,0.000000,20,24,25,26,28,31,38,40,48,48,48,7315,0,18,18.997541434316975,1.849618000051123,56.20825500000137,538.0
1780245412,50,POST,GraphQL/listar-playlists-usuario,369.800000,0.000000,21,24,25,26,29,33,38,40,47,49,49,7338,0,18,19.324502720495907,1.4162390002638858,54.581455000061396,739.0
1780245412,50,POST,GraphQL/listar-usuarios,369.400000,0.000000,21,25,26,27,29,32,38,41,48,49,49,7357,0,19,19.65963314938174,2.1299179998095497,124.15249899959235,22017.0
1780245412,50,,Aggregated,1849.100000,0.000000,21,24,26,26,29,32,38,40,48,50,50,36682,0,19,19.45346702816119,1.4162390002638858,124.15249899959235,14933.87091761627
1780245413,50,POST,GraphQL/listar-musicas,368.500000,0.000000,23,25,26,27,29,32,37,41,49,50,50,7697,0,21,20.426855724828535,2.825905000008788,54.83893100017667,50908.0
1780245413,50,POST,GraphQL/listar-musicas-playlist,368.900000,0.000000,20,24,25,26,28,32,38,41,49,49,49,7679,0,18,19.113032926549305,1.9961859998147702,54.28253299987773,327.0
1780245413,50,POST,GraphQL/listar-playlists-musica,368.900000,0.000000,20,24,25,26,28,31,37,40,48,48,48,7666,0,18,19.13197037986304,1.849618000051123,56.20825500000137,538.0
1780245413,50,POST,GraphQL/listar-playlists-usuario,368.400000,0.000000,21,24,26,26,29,33,39,41,47,49,49,7687,0,19,19.457282731104357,1.4162390002638858,54.581455000061396,739.0
1780245413,50,POST,GraphQL/listar-usuarios,368.600000,0.000000,21,25,26,27,29,33,38,41,48,49,49,7706,0,19,19.77990585725393,2.1299179998095497,124.15249899959235,22017.0
1780245413,50,,Aggregated,1843.300000,0.000000,21,24,26,26,29,32,38,41,48,50,50,38435,0,19,19.582470669416082,1.4162390002638858,124.15249899959235,14929.567113308183
1780245414,50,POST,GraphQL/listar-musicas,369.600000,0.000000,23,25,26,27,29,32,36,39,48,50,50,8061,0,21,20.50990562870668,2.825905000008788,54.83893100017667,50908.0
1780245414,50,POST,GraphQL/listar-musicas-playlist,368.700000,0.000000,20,24,25,26,29,32,37,39,49,49,49,8038,0,18,19.207154736498193,1.9961859998147702,54.28253299987773,327.0
1780245414,50,POST,GraphQL/listar-playlists-musica,369.300000,0.000000,20,24,25,26,29,32,37,40,48,48,48,8029,0,18,19.24709947702484,1.849618000051123,56.20825500000137,538.0
1780245414,50,POST,GraphQL/listar-playlists-usuario,369.200000,0.000000,21,24,26,26,29,32,37,39,47,49,49,8050,0,19,19.561470584471646,1.4162390002638858,54.581455000061396,739.0
1780245414,50,POST,GraphQL/listar-usuarios,368.900000,0.000000,21,25,26,27,29,32,37,39,48,49,49,8068,0,19,19.8744929232777,2.1299179998095497,124.15249899959235,22017.0
1780245414,50,,Aggregated,1845.700000,0.000000,21,24,26,26,29,32,37,39,48,50,50,40246,0,19,19.680705358445923,1.4162390002638858,124.15249899959235,14930.664463549172
1780245415,50,POST,GraphQL/listar-musicas,367.900000,0.000000,23,25,26,27,30,32,37,40,57,59,59,8427,0,21,20.585910377003625,2.825905000008788,59.31557800022347,50908.0
1780245415,50,POST,GraphQL/listar-musicas-playlist,367.900000,0.000000,20,24,25,26,29,31,37,39,49,58,58,8413,0,18,19.254516267796536,1.9961859998147702,58.29023900014363,327.0
1780245415,50,POST,GraphQL/listar-playlists-musica,367.900000,0.000000,20,24,25,26,29,31,37,40,48,50,50,8400,0,18,19.306601518812712,1.849618000051123,56.20825500000137,538.0
1780245415,50,POST,GraphQL/listar-playlists-usuario,367.400000,0.000000,21,24,26,26,29,32,37,39,48,57,57,8422,0,19,19.627467182615955,1.4162390002638858,57.250352000210114,739.0
1780245415,50,POST,GraphQL/listar-usuarios,367.600000,0.000000,21,25,26,27,29,33,38,40,57,59,59,8435,0,19,19.967919425608653,2.1299179998095497,124.15249899959235,22017.0
1780245415,50,,Aggregated,1838.700000,0.000000,21,25,26,27,29,32,37,40,50,59,59,42097,0,19,19.748986717177317,1.4162390002638858,124.15249899959235,14922.897593652755
1780245416,50,POST,GraphQL/listar-musicas,367.600000,0.000000,22,25,26,27,30,32,37,40,57,59,59,8811,0,21,20.609125070027666,2.825905000008788,59.31557800022347,50908.0
1780245416,50,POST,GraphQL/listar-musicas-playlist,366.800000,0.000000,20,24,25,26,29,31,36,40,49,58,58,8794,0,18,19.26825583658976,1.9961859998147702,58.29023900014363,327.0
1780245416,50,POST,GraphQL/listar-playlists-musica,366.400000,0.000000,20,24,25,26,29,32,37,41,48,50,50,8786,0,18,19.344184443549548,1.849618000051123,56.20825500000137,538.0
1780245416,50,POST,GraphQL/listar-playlists-usuario,366.900000,0.000000,21,24,26,26,29,32,37,39,48,57,57,8801,0,19,19.654028497215855,1.4162390002638858,57.250352000210114,739.0
1780245416,50,POST,GraphQL/listar-usuarios,366.800000,0.000000,21,25,26,27,29,33,38,40,57,59,59,8827,0,19,19.995278709642008,2.1299179998095497,124.15249899959235,22017.0
1780245416,50,,Aggregated,1834.500000,0.000000,21,24,26,27,29,32,37,40,50,59,59,44019,0,19,19.774721763648046,1.4162390002638858,124.15249899959235,14925.393398305278
1780245417,50,POST,GraphQL/listar-musicas,367.200000,0.000000,22,25,26,27,30,32,36,40,57,59,59,9202,0,21,20.660746150729665,2.825905000008788,59.31557800022347,50908.0
1780245417,50,POST,GraphQL/listar-musicas-playlist,368.600000,0.000000,20,24,25,26,29,31,35,38,46,58,58,9178,0,18,19.277378379927576,1.9961859998147702,58.29023900014363,327.0
1780245417,50,POST,GraphQL/listar-playlists-musica,368.700000,0.000000,20,24,25,26,29,31,37,40,48,50,50,9169,0,18,19.33416453659346,1.849618000051123,56.20825500000137,538.0
1780245417,50,POST,GraphQL/listar-playlists-usuario,367.700000,0.000000,21,24,26,26,29,32,35,39,50,57,57,9189,0,19,19.678629230383745,1.4162390002638858,57.250352000210114,739.0
1780245417,50,POST,GraphQL/listar-usuarios,368.200000,0.000000,22,25,26,27,29,32,37,40,57,59,59,9207,0,19,20.011418167590936,2.1299179998095497,124.15249899959235,22017.0
1780245417,50,,Aggregated,1840.400000,0.000000,21,24,26,27,29,32,36,39,52,59,59,45945,0,19,19.793121570421768,1.4162390002638858,124.15249899959235,14928.517444770921
1780245418,50,POST,GraphQL/listar-musicas,368.100000,0.000000,22,25,26,27,29,32,36,39,57,59,59,9593,0,21,20.6563481490684,2.825905000008788,59.31557800022347,50908.0
1780245418,50,POST,GraphQL/listar-musicas-playlist,368.500000,0.000000,19,24,25,26,28,31,35,38,46,58,58,9571,0,18,19.29306868007276,1.9961859998147702,58.29023900014363,327.0
1780245418,50,POST,GraphQL/listar-playlists-musica,368.100000,0.000000,20,24,25,26,28,31,36,39,48,50,50,9564,0,18,19.342151551445983,1.849618000051123,56.20825500000137,538.0
1780245418,50,POST,GraphQL/listar-playlists-usuario,368.700000,0.000000,21,24,25,26,28,31,35,39,50,57,57,9581,0,19,19.68781118140082,1.4162390002638858,57.250352000210114,739.0
1780245418,50,POST,GraphQL/listar-usuarios,368.500000,0.000000,21,24,26,26,29,32,37,39,57,59,59,9600,0,19,20.019263294375836,2.1299179998095497,124.15249899959235,22017.0
1780245418,50,,Aggregated,1841.900000,0.000000,21,24,26,26,28,31,36,39,52,59,59,47909,0,19,19.80029831814559,1.4162390002638858,124.15249899959235,14925.779122920538
1780245419,50,POST,GraphQL/listar-musicas,369.100000,0.000000,22,25,26,27,29,32,36,40,57,59,59,9943,0,21,20.737282242684877,2.825905000008788,59.31557800022347,50908.0
1780245419,50,POST,GraphQL/listar-musicas-playlist,370.100000,0.000000,20,24,25,26,28,31,35,38,46,58,58,9921,0,18,19.397482686017685,1.9961859998147702,58.29023900014363,327.0
1780245419,50,POST,GraphQL/listar-playlists-musica,369.500000,0.000000,20,24,25,26,29,31,36,40,48,50,50,9912,0,18,19.444770568909565,1.849618000051123,56.20825500000137,538.0
1780245419,50,POST,GraphQL/listar-playlists-usuario,369.300000,0.000000,21,24,26,26,29,32,36,41,50,57,57,9936,0,19,19.795501041566666,1.4162390002638858,57.250352000210114,739.0
1780245419,50,POST,GraphQL/listar-usuarios,369.000000,0.000000,21,25,26,27,29,32,37,40,57,59,59,9951,0,19,20.082405749071167,2.1299179998095497,124.15249899959235,22017.0
1780245419,50,,Aggregated,1847.000000,0.000000,21,24,26,26,29,32,36,40,52,59,59,49663,0,19,19.89203042313292,1.4162390002638858,124.15249899959235,14924.369007107907
1780245420,50,POST,GraphQL/listar-musicas,369.000000,0.000000,22,25,26,27,30,32,37,41,58,61,61,10303,0,21,20.795487882074525,2.825905000008788,61.44811700005448,50908.0
1780245420,50,POST,GraphQL/listar-musicas-playlist,369.300000,0.000000,20,24,25,26,29,31,35,38,46,58,58,10287,0,18,19.454669318264244,1.9961859998147702,58.29023900014363,327.0
1780245420,50,POST,GraphQL/listar-playlists-musica,369.700000,0.000000,20,24,26,26,29,32,37,42,48,50,50,10279,0,18,19.513214206151368,1.849618000051123,56.20825500000137,538.0
1780245420,50,POST,GraphQL/listar-playlists-usuario,369.300000,0.000000,21,24,26,26,29,32,37,41,52,61,61,10299,0,19,19.84567303738245,1.4162390002638858,61.00657199976922,739.0
1780245420,50,POST,GraphQL/listar-usuarios,369.200000,0.000000,21,25,26,27,29,32,36,40,57,59,59,10315,0,19,20.123018282405248,2.1299179998095497,124.15249899959235,22017.0
1780245420,50,,Aggregated,1846.500000,0.000000,21,24,26,27,29,32,37,40,52,61,61,51483,0,19,19.94681630724798,1.4162390002638858,124.15249899959235,14919.786939378047
1780245421,50,POST,GraphQL/listar-musicas,370.600000,0.000000,22,25,27,27,30,32,38,41,58,61,61,10689,0,21,20.81880799214258,2.825905000008788,61.44811700005448,50908.0
1780245421,50,POST,GraphQL/listar-musicas-playlist,371.200000,0.000000,20,24,25,26,29,31,35,38,46,58,58,10665,0,18,19.461867960992628,1.9961859998147702,58.29023900014363,327.0
1780245421,50,POST,GraphQL/listar-playlists-musica,370.800000,0.000000,20,24,26,26,29,31,37,42,48,50,50,10657,0,18,19.523709511872685,1.849618000051123,56.20825500000137,538.0
1780245421,50,POST,GraphQL/listar-playlists-usuario,370.700000,0.000000,21,24,26,26,29,32,37,41,52,61,61,10676,0,19,19.857725839733856,1.4162390002638858,61.00657199976922,739.0
1780245421,50,POST,GraphQL/listar-usuarios,370.300000,0.000000,21,25,26,27,29,32,36,40,57,59,59,10696,0,19,20.149086880891293,2.1299179998095497,124.15249899959235,22017.0
1780245421,50,,Aggregated,1853.600000,0.000000,21,25,26,27,29,32,36,40,52,61,61,53383,0,19,19.962777420584125,1.4162390002638858,124.15249899959235,14925.349437086714
1780245422,50,POST,GraphQL/listar-musicas,369.200000,0.000000,23,25,26,27,29,32,38,41,58,61,61,11073,0,21,20.831981965683674,2.825905000008788,61.44811700005448,50908.0
1780245422,50,POST,GraphQL/listar-musicas-playlist,370.000000,0.000000,19,24,25,26,28,31,35,38,46,58,58,11050,0,18,19.477660567691107,1.9961859998147702,58.29023900014363,327.0
1780245422,50,POST,GraphQL/listar-playlists-musica,370.200000,0.000000,20,24,25,26,28,31,37,42,48,50,50,11041,0,18,19.542143587810934,1.849618000051123,56.20825500000137,538.0
1780245422,50,POST,GraphQL/listar-playlists-usuario,369.900000,0.000000,21,24,26,26,29,32,37,41,52,61,61,11059,0,19,19.875683408987204,1.4162390002638858,61.00657199976922,739.0
1780245422,50,POST,GraphQL/listar-usuarios,369.800000,0.000000,21,25,26,27,29,32,36,40,57,59,59,11082,0,19,20.16579509159147,2.1299179998095497,124.15249899959235,22017.0
1780245422,50,,Aggregated,1849.100000,0.000000,21,24,26,26,29,32,36,41,52,61,61,55305,0,19,19.97917036356634,1.4162390002638858,124.15249899959235,14924.91975409095
1780245423,50,POST,GraphQL/listar-musicas,369.000000,0.000000,22,25,26,27,29,32,37,41,58,61,61,11457,0,21,20.841570681768363,2.825905000008788,61.44811700005448,50908.0
1780245423,50,POST,GraphQL/listar-musicas-playlist,368.400000,0.000000,19,24,25,26,28,31,34,38,45,58,58,11433,0,18,19.480010853493543,1.9961859998147702,58.29023900014363,327.0
1780245423,50,POST,GraphQL/listar-playlists-musica,368.700000,0.000000,19,24,25,26,28,31,37,40,48,50,50,11423,0,18,19.545636738599494,1.849618000051123,56.20825500000137,538.0
1780245423,50,POST,GraphQL/listar-playlists-usuario,369.300000,0.000000,21,24,25,26,28,31,36,41,52,61,61,11445,0,19,19.885116501964923,1.4162390002638858,61.00657199976922,739.0
1780245423,50,POST,GraphQL/listar-usuarios,369.000000,0.000000,21,25,26,26,29,31,35,40,57,59,59,11467,0,19,20.19279447806876,2.1299179998095497,124.15249899959235,22017.0
1780245423,50,,Aggregated,1844.400000,0.000000,21,24,26,26,28,31,36,40,52,61,61,57225,0,19,19.989560165994664,1.4162390002638858,124.15249899959235,14924.664307557885
1780245424,50,POST,GraphQL/listar-musicas,367.800000,0.000000,23,25,26,27,29,32,37,41,58,61,61,11806,0,21,20.908574041845107,2.825905000008788,61.44811700005448,50908.0
1780245424,50,POST,GraphQL/listar-musicas-playlist,368.100000,0.000000,19,24,25,26,28,31,34,38,46,58,58,11784,0,18,19.54344261829566,1.9961859998147702,58.29023900014363,327.0
1780245424,50,POST,GraphQL/listar-playlists-musica,367.300000,0.000000,19,24,25,26,28,31,37,42,48,54,54,11775,0,18,19.626877701148583,1.849618000051123,56.20825500000137,538.0
1780245424,50,POST,GraphQL/listar-playlists-usuario,368.400000,0.000000,21,24,25,26,29,32,37,41,52,61,61,11794,0,19,19.948066879429142,1.4162390002638858,61.00657199976922,739.0
1780245424,50,POST,GraphQL/listar-usuarios,367.800000,0.000000,21,25,26,26,29,32,37,41,57,59,59,11817,0,20,20.258689089110383,2.1299179998095497,124.15249899959235,22017.0
1780245424,50,,Aggregated,1839.400000,0.000000,21,24,26,26,29,32,37,41,53,61,61,58976,0,19,20.05760763064737,1.4162390002638858,124.15249899959235,14922.999542186652
1780245425,50,POST,GraphQL/listar-musicas,370.400000,0.000000,23,25,26,27,29,33,38,41,51,61,61,12171,0,21,20.96799555501006,2.825905000008788,61.44811700005448,50908.0
1780245425,50,POST,GraphQL/listar-musicas-playlist,371.000000,0.000000,19,24,25,26,28,31,35,38,48,52,52,12153,0,18,19.580372318193167,1.9961859998147702,58.29023900014363,327.0
1780245425,50,POST,GraphQL/listar-playlists-musica,370.300000,0.000000,19,24,25,26,28,31,37,41,48,54,54,12141,0,19,19.671028050327745,1.849618000051123,56.20825500000137,538.0
1780245425,50,POST,GraphQL/listar-playlists-usuario,371.000000,0.000000,20,24,25,26,29,32,37,41,48,61,61,12160,0,19,19.96644251291014,1.4162390002638858,61.00657199976922,739.0
1780245425,50,POST,GraphQL/listar-usuarios,370.500000,0.000000,21,25,26,27,29,32,37,41,47,48,48,12182,0,20,20.308949132081636,2.1299179998095497,124.15249899959235,22017.0
1780245425,50,,Aggregated,1853.200000,0.000000,21,24,26,26,29,32,37,41,49,61,61,60807,0,19,20.099384109166234,1.4162390002638858,124.15249899959235,14921.05334912099
1780245426,50,POST,GraphQL/listar-musicas,370.600000,0.000000,23,25,26,27,29,33,39,43,54,64,64,12555,0,21,20.987030969974235,2.825905000008788,63.83922300028644,50908.0
1780245426,50,POST,GraphQL/listar-musicas-playlist,370.600000,0.000000,19,24,25,26,28,31,36,39,52,54,54,12535,0,18,19.609661130913654,1.9961859998147702,58.29023900014363,327.0
1780245426,50,POST,GraphQL/listar-playlists-musica,371.200000,0.000000,20,24,25,26,28,32,38,42,52,55,55,12528,0,19,19.695264404695983,1.849618000051123,56.20825500000137,538.0
1780245426,50,POST,GraphQL/listar-playlists-usuario,370.800000,0.000000,21,24,26,26,29,32,38,42,56,63,63,12547,0,19,19.99073597170534,1.4162390002638858,63.17243300009068,739.0
1780245426,50,POST,GraphQL/listar-usuarios,370.800000,0.000000,21,25,26,27,29,32,38,42,53,63,63,12568,0,20,20.32328782885277,2.1299179998095497,124.15249899959235,22017.0
1780245426,50,,Aggregated,1854.000000,0.000000,21,25,26,26,29,32,38,42,53,63,64,62733,0,19,20.121600979326264,1.4162390002638858,124.15249899959235,14919.911976152902
1780245427,50,POST,GraphQL/listar-musicas,371.300000,0.000000,23,25,26,27,29,33,39,42,54,64,64,12935,0,21,21.009032042058127,2.825905000008788,63.83922300028644,50908.0
1780245427,50,POST,GraphQL/listar-musicas-playlist,370.100000,0.000000,19,24,26,26,28,31,36,39,52,54,54,12920,0,18,19.62038017848321,1.9961859998147702,58.29023900014363,327.0
1780245427,50,POST,GraphQL/listar-playlists-musica,370.200000,0.000000,20,24,26,26,28,32,38,41,52,55,55,12911,0,19,19.697506000931867,1.849618000051123,56.20825500000137,538.0
1780245427,50,POST,GraphQL/listar-playlists-usuario,370.400000,0.000000,20,24,26,26,29,32,38,41,56,63,63,12924,0,19,19.990773298823623,1.4162390002638858,63.17243300009068,739.0
1780245427,50,POST,GraphQL/listar-usuarios,371.000000,0.000000,21,25,26,27,29,32,38,41,53,63,63,12950,0,20,20.34043040061986,2.1299179998095497,124.15249899959235,22017.0
1780245427,50,,Aggregated,1853.000000,0.000000,21,25,26,26,29,32,38,41,53,63,64,64640,0,19,20.13197662670304,1.4162390002638858,124.15249899959235,14918.578650990099
1780245428,50,POST,GraphQL/listar-musicas,368.700000,0.000000,23,25,26,27,29,33,39,42,54,64,64,13319,0,21,21.02666880058683,2.825905000008788,63.83922300028644,50908.0
1780245428,50,POST,GraphQL/listar-musicas-playlist,369.000000,0.000000,19,24,26,26,28,31,36,39,52,54,54,13297,0,18,19.63215176716602,1.9961859998147702,58.29023900014363,327.0
1780245428,50,POST,GraphQL/listar-playlists-musica,369.300000,0.000000,19,24,25,26,28,31,38,41,52,55,55,13292,0,18,19.682972152800787,1.849618000051123,56.20825500000137,538.0
1780245428,50,POST,GraphQL/listar-playlists-usuario,368.800000,0.000000,20,24,25,26,28,32,38,41,56,63,63,13309,0,19,20.016034258246165,1.4162390002638858,63.17243300009068,739.0
1780245428,50,POST,GraphQL/listar-usuarios,368.500000,0.000000,21,25,26,27,29,32,38,41,53,63,63,13328,0,20,20.334742128453914,2.1299179998095497,124.15249899959235,22017.0
1780245428,50,,Aggregated,1844.300000,0.000000,21,25,26,26,28,32,38,41,53,63,64,66545,0,19,20.1389110029166,1.4162390002638858,124.15249899959235,14919.540070628898
1780245429,50,POST,GraphQL/listar-musicas,368.100000,0.000000,23,25,27,27,30,33,39,42,54,64,64,13666,0,22,21.069549985000634,2.825905000008788,63.83922300028644,50908.0
1780245429,50,POST,GraphQL/listar-musicas-playlist,367.200000,0.000000,19,24,26,26,28,32,37,39,52,54,54,13648,0,18,19.684447993332746,1.9961859998147702,58.29023900014363,327.0
1780245429,50,POST,GraphQL/listar-playlists-musica,368.200000,0.000000,19,24,25,26,28,32,37,41,52,55,55,13637,0,19,19.736734289581598,1.849618000051123,56.20825500000137,538.0
1780245429,50,POST,GraphQL/listar-playlists-usuario,367.700000,0.000000,20,24,26,26,28,32,38,41,56,63,63,13657,0,19,20.064699735666913,1.4162390002638858,63.17243300009068,739.0
1780245429,50,POST,GraphQL/listar-usuarios,368.500000,0.000000,21,25,26,27,29,32,38,41,53,63,63,13676,0,20,20.395599952401025,2.1299179998095497,124.15249899959235,22017.0
1780245429,50,,Aggregated,1839.700000,0.000000,21,25,26,27,29,32,38,41,53,63,64,68284,0,20,20.190578921183484,1.4162390002638858,124.15249899959235,14918.653637748228
1780245430,50,POST,GraphQL/listar-musicas,368.100000,0.000000,23,25,27,27,30,33,39,43,54,64,64,14037,0,22,21.10338084982734,2.825905000008788,63.83922300028644,50908.0
1780245430,50,POST,GraphQL/listar-musicas-playlist,367.900000,0.000000,19,24,26,26,29,32,37,40,52,54,54,14013,0,18,19.7094753653754,1.9961859998147702,58.29023900014363,327.0
1780245430,50,POST,GraphQL/listar-playlists-musica,367.400000,0.000000,19,24,25,26,28,31,37,40,52,55,55,14006,0,19,19.747075157791137,1.849618000051123,56.20825500000137,538.0
1780245430,50,POST,GraphQL/listar-playlists-usuario,367.700000,0.000000,20,24,26,26,29,32,38,41,55,63,63,14024,0,19,20.094884852681428,1.4162390002638858,63.17243300009068,739.0
1780245430,50,POST,GraphQL/listar-usuarios,367.800000,0.000000,21,25,26,27,29,32,38,41,53,63,63,14049,0,20,20.419530100935084,2.1299179998095497,124.15249899959235,22017.0
1780245430,50,,Aggregated,1838.900000,0.000000,21,25,26,27,29,32,38,41,53,63,64,70129,0,20,20.215306271387018,1.4162390002638858,124.15249899959235,14920.983387756849
1780245431,50,POST,GraphQL/listar-musicas,368.300000,0.000000,23,26,27,27,30,34,40,44,54,64,64,14414,0,22,21.13936936277408,2.825905000008788,63.83922300028644,50908.0
1780245431,50,POST,GraphQL/listar-musicas-playlist,368.700000,0.000000,19,24,26,26,29,33,38,42,52,54,54,14396,0,18,19.717672314115063,1.9961859998147702,58.29023900014363,327.0
1780245431,50,POST,GraphQL/listar-playlists-musica,368.600000,0.000000,19,24,25,26,28,31,37,42,52,55,55,14384,0,18,19.7401997658526,1.849618000051123,56.20825500000137,538.0
1780245431,50,POST,GraphQL/listar-playlists-usuario,368.300000,0.000000,20,24,26,26,29,33,39,42,55,63,63,14406,0,19,20.118092731015206,1.4162390002638858,63.17243300009068,739.0
1780245431,50,POST,GraphQL/listar-usuarios,368.500000,0.000000,21,25,26,27,29,33,39,42,53,63,63,14428,0,20,20.430517495220226,2.1299179998095497,124.15249899959235,22017.0
1780245431,50,,Aggregated,1842.400000,0.000000,20,25,26,27,29,33,39,42,53,63,64,72028,0,20,20.229553289902498,1.4162390002638858,124.15249899959235,14918.383212084189
1780245432,50,POST,GraphQL/listar-musicas,367.600000,0.000000,23,26,27,27,30,34,41,44,54,64,64,14797,0,22,21.14276125897307,2.825905000008788,63.83922300028644,50908.0
1780245432,50,POST,GraphQL/listar-musicas-playlist,367.800000,0.000000,19,24,26,26,29,33,38,42,52,54,54,14780,0,18,19.728049701353445,1.9961859998147702,58.29023900014363,327.0
1780245432,50,POST,GraphQL/listar-playlists-musica,367.400000,0.000000,19,24,25,26,28,31,37,42,52,55,55,14775,0,18,19.742850491304456,1.849618000051123,56.20825500000137,538.0
1780245432,50,POST,GraphQL/listar-playlists-usuario,367.600000,0.000000,20,24,26,26,29,33,39,43,55,63,63,14793,0,19,20.113909564321112,1.4162390002638858,63.17243300009068,739.0
1780245432,50,POST,GraphQL/listar-usuarios,367.600000,0.000000,21,25,26,27,29,33,39,42,53,63,63,14813,0,20,20.42774802572331,2.1299179998095497,124.15249899959235,22017.0
1780245432,50,,Aggregated,1838.000000,0.000000,20,25,26,27,29,33,39,43,53,63,64,73958,0,20,20.231373544905168,1.4162390002638858,124.15249899959235,14915.729657373104
1780245433,50,POST,GraphQL/listar-musicas,367.000000,0.000000,23,25,27,27,30,33,40,44,54,64,64,15187,0,22,21.14773488589106,2.825905000008788,63.83922300028644,50908.0
1780245433,50,POST,GraphQL/listar-musicas-playlist,365.800000,0.000000,19,24,25,26,29,32,37,41,52,54,54,15168,0,18,19.74333075573583,1.9961859998147702,58.29023900014363,327.0
1780245433,50,POST,GraphQL/listar-playlists-musica,366.500000,0.000000,18,24,25,26,28,31,36,40,52,55,55,15157,0,18,19.74009720142668,1.849618000051123,56.20825500000137,538.0
1780245433,50,POST,GraphQL/listar-playlists-usuario,365.800000,0.000000,20,24,25,26,28,32,38,42,55,63,63,15180,0,19,20.111252069631337,1.4162390002638858,63.17243300009068,739.0
1780245433,50,POST,GraphQL/listar-usuarios,367.400000,0.000000,20,25,26,27,29,32,38,41,53,63,63,15198,0,20,20.41149027799951,2.1299179998095497,124.15249899959235,22017.0
1780245433,50,,Aggregated,1832.500000,0.000000,20,24,26,26,29,32,38,42,53,63,64,75890,0,20,20.231134267480467,1.4162390002638858,124.15249899959235,14917.467176176044
1780245434,50,POST,GraphQL/listar-musicas,367.200000,0.000000,23,26,27,27,30,33,40,43,54,64,64,15529,0,22,21.186752366606047,2.825905000008788,63.83922300028644,50908.0
1780245434,50,POST,GraphQL/listar-musicas-playlist,366.700000,0.000000,19,24,26,26,29,33,38,41,52,54,54,15508,0,19,19.791397201637807,1.9961859998147702,58.29023900014363,327.0
1780245434,50,POST,GraphQL/listar-playlists-musica,367.300000,0.000000,19,24,25,26,28,31,37,39,52,55,55,15501,0,19,19.804707824593525,1.849618000051123,56.20825500000137,538.0
1780245434,50,POST,GraphQL/listar-playlists-usuario,366.700000,0.000000,21,24,26,26,28,32,38,42,55,63,63,15518,0,19,20.148268328328456,1.4162390002638858,63.17243300009068,739.0
1780245434,50,POST,GraphQL/listar-usuarios,367.100000,0.000000,21,25,26,27,29,32,38,40,53,63,63,15544,0,20,20.46133035222797,2.1299179998095497,124.15249899959235,22017.0
1780245434,50,,Aggregated,1835.000000,0.000000,21,25,26,27,29,32,38,41,53,63,64,77600,0,20,20.278847786173767,1.4162390002638858,124.15249899959235,14918.312319587629
1780245435,50,POST,GraphQL/listar-musicas,366.900000,0.000000,23,25,27,27,29,33,40,43,57,59,59,15897,0,22,21.22402221287191,2.825905000008788,63.83922300028644,50908.0
1780245435,50,POST,GraphQL/listar-musicas-playlist,366.200000,0.000000,19,24,26,26,29,33,38,41,49,57,57,15881,0,18,19.799818798312202,1.9961859998147702,58.29023900014363,327.0
1780245435,50,POST,GraphQL/listar-playlists-musica,367.100000,0.000000,19,24,25,26,28,31,36,39,47,57,57,15870,0,19,19.82659864228302,1.849618000051123,57.20602300016253,538.0
1780245435,50,POST,GraphQL/listar-playlists-usuario,366.500000,0.000000,21,24,26,26,28,32,38,41,49,56,56,15891,0,19,20.165705866780236,1.4162390002638858,63.17243300009068,739.0
1780245435,50,POST,GraphQL/listar-usuarios,366.600000,0.000000,21,25,26,27,29,32,37,40,48,58,58,15912,0,20,20.48634697700039,2.1299179998095497,124.15249899959235,22017.0
1780245435,50,,Aggregated,1833.300000,0.000000,20,25,26,26,29,32,38,41,50,58,59,79451,0,20,20.30080564038319,1.4162390002638858,124.15249899959235,14916.03096248002
1780245436,50,POST,GraphQL/listar-musicas,367.800000,0.000000,23,25,27,27,30,33,39,43,57,59,59,16285,0,22,21.223435863188794,2.825905000008788,63.83922300028644,50908.0
1780245436,50,POST,GraphQL/listar-musicas-playlist,368.700000,0.000000,19,24,26,26,29,33,37,41,49,57,57,16262,0,19,19.807506231521195,1.9961859998147702,58.29023900014363,327.0
1780245436,50,POST,GraphQL/listar-playlists-musica,368.000000,0.000000,19,24,25,26,28,31,36,39,47,57,57,16252,0,19,19.830431125463335,1.849618000051123,57.20602300016253,538.0
1780245436,50,POST,GraphQL/listar-playlists-usuario,368.300000,0.000000,20,24,26,26,28,32,38,42,49,56,56,16274,0,19,20.16026086708865,1.4162390002638858,63.17243300009068,739.0
1780245436,50,POST,GraphQL/listar-usuarios,368.200000,0.000000,21,25,26,27,29,32,36,40,48,58,58,16298,0,20,20.474634761567486,2.1299179998095497,124.15249899959235,22017.0
1780245436,50,,Aggregated,1841.000000,0.000000,20,25,26,27,29,32,37,41,50,58,59,81371,0,20,20.29962970487131,1.4162390002638858,124.15249899959235,14918.798859544555
1780245437,50,POST,GraphQL/listar-musicas,366.700000,0.000000,23,25,27,27,29,33,39,43,57,59,59,16668,0,22,21.224436993162403,2.825905000008788,63.83922300028644,50908.0
1780245437,50,POST,GraphQL/listar-musicas-playlist,367.300000,0.000000,19,24,25,26,28,32,37,41,49,57,57,16645,0,19,19.80545470753993,1.9961859998147702,58.29023900014363,327.0
1780245437,50,POST,GraphQL/listar-playlists-musica,366.900000,0.000000,19,24,25,26,28,31,37,40,47,57,57,16639,0,19,19.83327778382271,1.849618000051123,57.20602300016253,538.0
1780245437,50,POST,GraphQL/listar-playlists-usuario,367.600000,0.000000,20,24,26,26,28,31,38,41,49,56,56,16654,0,20,20.171669056142658,1.4162390002638858,63.17243300009068,739.0
1780245437,50,POST,GraphQL/listar-usuarios,366.200000,0.000000,21,25,26,27,29,32,37,40,48,58,58,16679,0,20,20.47311484801365,2.1299179998095497,124.15249899959235,22017.0
1780245437,50,,Aggregated,1834.700000,0.000000,20,24,26,26,29,32,37,41,50,58,59,83285,0,20,20.301935252027118,1.4162390002638858,124.15249899959235,14918.149606771927
1780245438,50,POST,GraphQL/listar-musicas,367.900000,0.000000,23,25,27,27,29,33,39,43,57,59,59,17049,0,22,21.229806741804783,2.825905000008788,63.83922300028644,50908.0
1780245438,50,POST,GraphQL/listar-musicas-playlist,367.900000,0.000000,19,24,25,26,28,32,37,41,49,57,57,17030,0,18,19.793367110217115,1.9961859998147702,58.29023900014363,327.0
1780245438,50,POST,GraphQL/listar-playlists-musica,367.700000,0.000000,19,24,25,26,28,31,37,40,47,57,57,17023,0,19,19.820520049405655,1.849618000051123,57.20602300016253,538.0
1780245438,50,POST,GraphQL/listar-playlists-usuario,367.800000,0.000000,20,24,26,26,28,32,38,41,49,56,56,17041,0,20,20.182297082859243,1.4162390002638858,63.17243300009068,739.0
1780245438,50,POST,GraphQL/listar-usuarios,367.900000,0.000000,21,25,26,27,29,32,37,40,48,58,58,17065,0,20,20.480206773572856,2.1299179998095497,124.15249899959235,22017.0
1780245438,50,,Aggregated,1839.200000,0.000000,20,24,26,26,28,32,38,41,50,58,59,85208,0,20,20.30154425651447,1.4162390002638858,124.15249899959235,14916.100366162802
1780245439,50,POST,GraphQL/listar-musicas,367.800000,0.000000,23,25,27,27,29,33,39,43,57,59,59,17418,0,22,21.25730320381406,2.825905000008788,63.83922300028644,50908.0
1780245439,50,POST,GraphQL/listar-musicas-playlist,368.300000,0.000000,19,24,25,26,28,31,37,41,49,57,57,17396,0,19,19.81208783001825,1.9961859998147702,58.29023900014363,327.0
1780245439,50,POST,GraphQL/listar-playlists-musica,367.900000,0.000000,18,24,25,26,28,31,36,39,47,57,57,17388,0,19,19.837136714862595,1.849618000051123,57.20602300016253,538.0
1780245439,50,POST,GraphQL/listar-playlists-usuario,367.700000,0.000000,20,24,25,26,28,31,37,41,49,56,56,17407,0,20,20.19372006250395,1.4162390002638858,63.17243300009068,739.0
1780245439,50,POST,GraphQL/listar-usuarios,367.500000,0.000000,20,25,26,27,28,32,37,40,48,58,58,17426,0,20,20.497946162975836,2.1299179998095497,124.15249899959235,22017.0
1780245439,50,,Aggregated,1839.200000,0.000000,20,24,26,26,28,32,37,41,50,58,59,87035,0,20,20.319965706406403,1.4162390002638858,124.15249899959235,14916.881656804733
1780245440,50,POST,GraphQL/listar-musicas,368.100000,0.000000,23,25,27,27,29,33,40,44,57,59,59,17765,0,22,21.30549299544177,2.825905000008788,63.83922300028644,50908.0
1780245440,50,POST,GraphQL/listar-musicas-playlist,368.700000,0.000000,19,24,25,26,28,32,38,41,46,57,57,17742,0,19,19.861013414439753,1.9961859998147702,58.29023900014363,327.0
1780245440,50,POST,GraphQL/listar-playlists-musica,368.700000,0.000000,19,24,25,26,28,32,37,41,49,57,57,17734,0,19,19.89454523198553,1.849618000051123,57.20602300016253,538.0
1780245440,50,POST,GraphQL/listar-playlists-usuario,368.300000,0.000000,20,24,25,26,28,31,37,41,50,56,56,17752,0,20,20.232060378887343,1.4162390002638858,63.17243300009068,739.0
1780245440,50,POST,GraphQL/listar-usuarios,368.200000,0.000000,21,25,26,27,29,32,38,40,49,58,58,17775,0,20,20.548400000056912,2.1299179998095497,124.15249899959235,22017.0
1780245440,50,,Aggregated,1842.000000,0.000000,20,24,26,26,28,32,38,41,53,58,59,88768,0,20,20.368639532872898,1.4162390002638858,124.15249899959235,14917.470811553712
1780245441,50,POST,GraphQL/listar-musicas,369.900000,0.000000,23,25,27,27,29,33,39,44,57,59,59,18149,0,22,21.30608323241056,2.825905000008788,63.83922300028644,50908.0
1780245441,50,POST,GraphQL/listar-musicas-playlist,369.400000,0.000000,19,24,25,26,28,32,38,41,46,57,57,18125,0,19,19.868609513820054,1.9961859998147702,58.29023900014363,327.0
1780245441,50,POST,GraphQL/listar-playlists-musica,369.200000,0.000000,19,24,25,26,28,32,37,41,49,57,57,18117,0,19,19.891550713475425,1.849618000051123,57.20602300016253,538.0
1780245441,50,POST,GraphQL/listar-playlists-usuario,369.900000,0.000000,20,24,26,26,28,31,37,40,50,56,56,18141,0,20,20.233370808169983,1.4162390002638858,63.17243300009068,739.0
1780245441,50,POST,GraphQL/listar-usuarios,369.700000,0.000000,21,25,26,27,29,32,38,40,49,58,58,18158,0,20,20.541298364743348,2.1299179998095497,124.15249899959235,22017.0
1780245441,50,,Aggregated,1848.100000,0.000000,21,24,26,26,28,32,38,41,52,58,59,90690,0,20,20.36851198408934,1.4162390002638858,124.15249899959235,14916.683184474583
1780245442,50,POST,GraphQL/listar-musicas,368.100000,0.000000,23,25,27,27,29,33,40,44,57,59,59,18524,0,22,21.308698328602013,2.825905000008788,63.83922300028644,50908.0
1780245442,50,POST,GraphQL/listar-musicas-playlist,368.000000,0.000000,19,24,25,26,28,32,38,41,46,57,57,18507,0,19,19.873432047171068,1.9961859998147702,58.29023900014363,327.0
1780245442,50,POST,GraphQL/listar-playlists-musica,368.000000,0.000000,19,24,25,26,28,32,37,41,49,57,57,18497,0,19,19.892829042224676,1.849618000051123,57.20602300016253,538.0
1780245442,50,POST,GraphQL/listar-playlists-usuario,367.900000,0.000000,20,24,26,26,28,31,37,41,50,56,56,18514,0,20,20.237926019607286,1.4162390002638858,63.17243300009068,739.0
1780245442,50,POST,GraphQL/listar-usuarios,368.200000,0.000000,21,25,26,27,29,32,38,40,49,58,58,18537,0,20,20.545520680315462,2.1299179998095497,124.15249899959235,22017.0
1780245442,50,,Aggregated,1840.200000,0.000000,21,25,26,27,29,32,38,42,52,58,59,92579,0,20,20.371951227687347,1.4162390002638858,124.15249899959235,14915.196124391061
1780245443,50,POST,GraphQL/listar-musicas,368.100000,0.000000,23,25,27,27,29,33,40,44,57,59,59,18911,0,22,21.309554263868737,2.825905000008788,63.83922300028644,50908.0
1780245443,50,POST,GraphQL/listar-musicas-playlist,369.400000,0.000000,19,24,25,26,28,32,37,41,46,57,57,18893,0,19,19.877115129095117,1.9961859998147702,58.29023900014363,327.0
1780245443,50,POST,GraphQL/listar-playlists-musica,368.700000,0.000000,19,24,25,26,28,31,36,41,49,57,57,18878,0,19,19.884737435375506,1.849618000051123,57.20602300016253,538.0
1780245443,50,POST,GraphQL/listar-playlists-usuario,368.600000,0.000000,20,24,26,26,28,31,36,41,50,56,56,18902,0,20,20.239757424135462,1.4162390002638858,63.17243300009068,739.0
1780245443,50,POST,GraphQL/listar-usuarios,367.800000,0.000000,21,25,26,27,29,32,38,40,49,58,58,18916,0,20,20.541286296733492,2.1299179998095497,124.15249899959235,22017.0
1780245443,50,,Aggregated,1842.600000,0.000000,20,24,26,27,29,32,37,41,52,58,59,94500,0,20,20.3707752015138,1.4162390002638858,124.15249899959235,14915.319714285713
1780245444,50,POST,GraphQL/listar-musicas,368.200000,0.000000,23,26,27,27,30,33,40,44,55,58,58,19255,0,22,21.354554555596852,2.825905000008788,63.83922300028644,50908.0
1780245444,50,POST,GraphQL/listar-musicas-playlist,368.700000,0.000000,19,24,25,26,28,32,37,41,51,58,58,19239,0,19,19.909069199958196,1.9961859998147702,58.29023900014363,327.0
1780245444,50,POST,GraphQL/listar-playlists-musica,368.200000,0.000000,19,24,25,26,28,31,37,42,51,57,57,19230,0,19,19.919092387884394,1.849618000051123,57.20602300016253,538.0
1780245444,50,POST,GraphQL/listar-playlists-usuario,368.400000,0.000000,20,24,26,26,28,31,36,41,53,58,58,19248,0,20,20.275958175395214,1.4162390002638858,63.17243300009068,739.0
1780245444,50,POST,GraphQL/listar-usuarios,368.400000,0.000000,21,25,26,27,29,33,39,42,56,58,58,19268,0,20,20.591136590824696,2.1299179998095497,124.15249899959235,22017.0
1780245444,50,,Aggregated,1841.900000,0.000000,20,25,26,27,29,32,38,42,54,58,58,96240,0,20,20.410207187417345,1.4162390002638858,124.15249899959235,14913.947017871988
1780245445,50,POST,GraphQL/listar-musicas,367.800000,0.000000,23,26,27,27,30,33,40,44,52,56,56,19625,0,22,21.370188015134804,2.825905000008788,63.83922300028644,50908.0
1780245445,50,POST,GraphQL/listar-musicas-playlist,368.000000,0.000000,19,24,25,26,28,32,37,42,49,58,58,19602,0,19,19.934933582797562,1.9961859998147702,58.29023900014363,327.0
1780245445,50,POST,GraphQL/listar-playlists-musica,367.600000,0.000000,19,24,25,26,28,31,36,41,48,51,51,19596,0,19,19.935015816187725,1.849618000051123,57.20602300016253,538.0
1780245445,50,POST,GraphQL/listar-playlists-usuario,367.900000,0.000000,21,24,26,26,28,32,37,40,53,58,58,19611,0,20,20.296348100046323,1.4162390002638858,63.17243300009068,739.0
1780245445,50,POST,GraphQL/listar-usuarios,368.200000,0.000000,21,25,26,27,29,33,39,42,56,57,57,19637,0,20,20.607582803483698,2.1299179998095497,124.15249899959235,22017.0
1780245445,50,,Aggregated,1839.500000,0.000000,21,25,26,27,29,32,38,42,52,58,58,98071,0,20,20.429116292513072,1.4162390002638858,124.15249899959235,14916.360188027042
1780245446,50,POST,GraphQL/listar-musicas,369.400000,0.000000,23,26,27,27,30,33,40,44,52,56,56,20003,0,22,21.376626349698387,2.825905000008788,63.83922300028644,50908.0
1780245446,50,POST,GraphQL/listar-musicas-playlist,368.300000,0.000000,19,24,25,26,28,32,37,41,49,58,58,19983,0,19,19.922847441675433,1.9961859998147702,58.29023900014363,327.0
1780245446,50,POST,GraphQL/listar-playlists-musica,368.800000,0.000000,19,24,25,26,28,31,35,41,48,51,51,19968,0,19,19.9320795664068,1.849618000051123,57.20602300016253,538.0
1780245446,50,POST,GraphQL/listar-playlists-usuario,369.100000,0.000000,21,24,26,27,28,32,36,40,53,58,58,19994,0,20,20.2976641529464,1.4162390002638858,63.17243300009068,739.0
1780245446,50,POST,GraphQL/listar-usuarios,368.700000,0.000000,21,25,26,27,29,33,39,42,56,57,57,20011,0,20,20.61843421078447,2.1299179998095497,124.15249899959235,22017.0
1780245446,50,,Aggregated,1844.300000,0.000000,21,25,26,27,29,32,37,42,52,58,58,99959,0,20,20.4298328929666,1.4162390002638858,124.15249899959235,14915.592412889284
1780245447,50,POST,GraphQL/listar-musicas,368.600000,0.000000,23,26,27,27,30,33,40,44,52,56,56,20382,0,22,21.374728849426603,2.825905000008788,63.83922300028644,50908.0
1780245447,50,POST,GraphQL/listar-musicas-playlist,367.900000,0.000000,19,24,25,26,28,32,37,42,49,58,58,20365,0,19,19.92664277883631,1.9961859998147702,58.29023900014363,327.0
1780245447,50,POST,GraphQL/listar-playlists-musica,368.300000,0.000000,19,24,25,26,28,31,35,41,48,51,51,20356,0,19,19.92320447126198,1.849618000051123,57.20602300016253,538.0
1780245447,50,POST,GraphQL/listar-playlists-usuario,368.200000,0.000000,21,25,26,26,28,32,36,41,53,58,58,20373,0,20,20.306780685515726,1.4162390002638858,63.17243300009068,739.0
1780245447,50,POST,GraphQL/listar-usuarios,368.700000,0.000000,21,25,26,27,29,33,39,42,56,57,57,20396,0,20,20.61220625784478,2.1299179998095497,124.15249899959235,22017.0
1780245447,50,,Aggregated,1841.700000,0.000000,21,25,26,27,29,32,37,42,52,58,58,101872,0,20,20.428961398206,1.4162390002638858,124.15249899959235,14914.128690906235
1780245448,50,POST,GraphQL/listar-musicas,367.900000,0.000000,23,26,27,27,30,33,40,44,52,56,56,20764,0,22,21.378450111876813,2.825905000008788,63.83922300028644,50908.0
1780245448,50,POST,GraphQL/listar-musicas-playlist,368.400000,0.000000,20,24,25,26,28,32,37,42,49,58,58,20744,0,19,19.921708133050466,1.9961859998147702,58.29023900014363,327.0
1780245448,50,POST,GraphQL/listar-playlists-musica,368.700000,0.000000,19,24,25,26,28,31,35,41,48,51,51,20737,0,19,19.925041829387382,1.849618000051123,57.20602300016253,538.0
1780245448,50,POST,GraphQL/listar-playlists-usuario,368.200000,0.000000,21,24,26,27,29,32,35,40,53,58,58,20752,0,20,20.3041923080191,1.4162390002638858,63.17243300009068,739.0
1780245448,50,POST,GraphQL/listar-usuarios,367.900000,0.000000,21,25,26,27,29,33,39,42,56,57,57,20775,0,20,20.61298666440455,2.1299179998095497,124.15249899959235,22017.0
1780245448,50,,Aggregated,1841.100000,0.000000,21,25,26,27,29,32,37,42,52,58,58,103772,0,20,20.428738395521265,1.4162390002638858,124.15249899959235,14914.740093666886
1780245449,50,POST,GraphQL/listar-musicas,367.400000,0.000000,23,26,27,27,30,33,37,43,50,56,56,21127,0,22,21.39573840242402,2.825905000008788,63.83922300028644,50908.0
1780245449,50,POST,GraphQL/listar-musicas-playlist,367.600000,0.000000,19,24,25,26,28,31,35,40,49,58,58,21113,0,19,19.93332424752543,1.9961859998147702,58.29023900014363,327.0
1780245449,50,POST,GraphQL/listar-playlists-musica,367.700000,0.000000,19,24,25,26,28,31,34,39,48,51,51,21098,0,19,19.931844184899212,1.849618000051123,57.20602300016253,538.0
1780245449,50,POST,GraphQL/listar-playlists-usuario,368.200000,0.000000,21,25,26,26,28,31,35,39,52,58,58,21117,0,20,20.326962325994106,1.4162390002638858,63.17243300009068,739.0
1780245449,50,POST,GraphQL/listar-usuarios,367.800000,0.000000,20,25,26,27,29,32,37,41,56,57,57,21141,0,20,20.626459379263004,2.1299179998095497,124.15249899959235,22017.0
1780245449,50,,Aggregated,1838.700000,0.000000,20,24,26,27,29,32,35,41,51,58,58,105596,0,20,20.443108923198245,1.4162390002638858,124.15249899959235,14913.963133073223
1780245450,50,POST,GraphQL/listar-musicas,367.900000,0.000000,23,26,27,27,30,33,37,42,52,56,56,21491,0,22,21.42697541287095,2.825905000008788,63.83922300028644,50908.0
1780245450,50,POST,GraphQL/listar-musicas-playlist,367.500000,0.000000,19,24,25,26,28,31,36,41,49,58,58,21463,0,19,19.95336109439499,1.9961859998147702,58.29023900014363,327.0
1780245450,50,POST,GraphQL/listar-playlists-musica,367.700000,0.000000,19,24,25,26,28,31,35,39,47,51,51,21457,0,19,19.95448632530183,1.849618000051123,57.20602300016253,538.0
1780245450,50,POST,GraphQL/listar-playlists-usuario,368.000000,0.000000,21,25,26,27,29,32,35,39,52,58,58,21477,0,20,20.35700135917587,1.4162390002638858,63.17243300009068,739.0
1780245450,50,POST,GraphQL/listar-usuarios,368.000000,0.000000,20,25,26,27,29,32,37,41,56,57,57,21498,0,20,20.63975389622284,2.1299179998095497,124.15249899959235,22017.0
1780245450,50,,Aggregated,1839.100000,0.000000,20,25,26,27,29,32,36,41,51,58,58,107386,0,20,20.466636975965624,1.4162390002638858,124.15249899959235,14916.460842195445
1780245451,50,POST,GraphQL/listar-musicas,367.000000,0.000000,23,26,27,27,30,33,37,42,52,56,56,21876,0,22,21.426095504023095,2.825905000008788,63.83922300028644,50908.0
1780245451,50,POST,GraphQL/listar-musicas-playlist,366.800000,0.000000,19,24,25,26,28,31,36,41,56,58,58,21853,0,19,19.959530309019286,1.9961859998147702,58.29023900014363,327.0
1780245451,50,POST,GraphQL/listar-playlists-musica,367.500000,0.000000,19,24,25,26,28,31,35,40,48,55,55,21842,0,19,19.952994255562544,1.849618000051123,57.20602300016253,538.0
1780245451,50,POST,GraphQL/listar-playlists-usuario,366.700000,0.000000,21,25,26,26,29,32,36,40,55,58,58,21870,0,20,20.35341685473356,1.4162390002638858,63.17243300009068,739.0
1780245451,50,POST,GraphQL/listar-usuarios,367.400000,0.000000,21,25,26,27,29,32,38,42,56,57,57,21880,0,20,20.642712680255933,2.1299179998095497,124.15249899959235,22017.0
1780245451,50,,Aggregated,1835.400000,0.000000,20,25,26,27,29,32,36,41,54,58,58,109321,0,20,20.4672291844755,1.4162390002638858,124.15249899959235,14914.373496400509
1780245452,50,POST,GraphQL/listar-musicas,368.800000,0.000000,23,26,27,27,29,33,37,42,52,56,56,22254,0,22,21.418179180417635,2.825905000008788,63.83922300028644,50908.0
1780245452,50,POST,GraphQL/listar-musicas-playlist,368.100000,0.000000,19,24,25,26,28,31,36,41,56,58,58,22235,0,19,19.958559077985118,1.9961859998147702,58.29023900014363,327.0
1780245452,50,POST,GraphQL/listar-playlists-musica,368.100000,0.000000,19,24,25,26,28,31,35,39,48,55,55,22224,0,19,19.95487333162344,1.849618000051123,57.20602300016253,538.0
1780245452,50,POST,GraphQL/listar-playlists-usuario,368.400000,0.000000,21,25,26,26,29,32,36,40,55,58,58,22246,0,20,20.35135175065296,1.4162390002638858,63.17243300009068,739.0
1780245452,50,POST,GraphQL/listar-usuarios,368.400000,0.000000,21,25,26,27,29,32,37,41,56,57,57,22266,0,20,20.63967009193383,2.1299179998095497,124.15249899959235,22017.0
1780245452,50,,Aggregated,1841.800000,0.000000,21,24,26,27,29,32,36,41,54,58,58,111225,0,20,20.46477762026577,1.4162390002638858,124.15249899959235,14913.951944257136
1780245453,50,POST,GraphQL/listar-musicas,368.300000,0.000000,23,26,27,27,30,33,39,42,52,56,56,22634,0,22,21.428608607493942,2.825905000008788,63.83922300028644,50908.0
1780245453,50,POST,GraphQL/listar-musicas-playlist,367.900000,0.000000,19,24,25,26,28,32,37,41,56,58,58,22613,0,19,19.960289745721465,1.9961859998147702,58.29023900014363,327.0
1780245453,50,POST,GraphQL/listar-playlists-musica,367.700000,0.000000,19,24,25,26,28,31,35,39,48,55,55,22605,0,19,19.95329275009939,1.849618000051123,57.20602300016253,538.0
1780245453,50,POST,GraphQL/listar-playlists-usuario,368.400000,0.000000,21,24,26,26,29,32,37,40,55,58,58,22624,0,20,20.35027764718984,1.4162390002638858,63.17243300009068,739.0
1780245453,50,POST,GraphQL/listar-usuarios,367.900000,0.000000,21,25,26,27,29,32,38,41,56,57,57,22642,0,20,20.64385369410843,2.1299179998095497,124.15249899959235,22017.0
1780245453,50,,Aggregated,1840.200000,0.000000,20,25,26,27,29,32,37,41,54,58,58,113118,0,20,20.46751320470718,1.4162390002638858,124.15249899959235,14913.945287222194
1780245454,50,POST,GraphQL/listar-musicas,368.600000,0.000000,23,25,27,27,29,32,36,41,47,52,52,23005,0,22,21.436453149881373,2.825905000008788,63.83922300028644,50908.0
1780245454,50,POST,GraphQL/listar-musicas-playlist,368.700000,0.000000,19,24,25,26,28,31,35,40,54,57,57,22982,0,19,19.972206650160977,1.9961859998147702,58.29023900014363,327.0
1780245454,50,POST,GraphQL/listar-playlists-musica,368.400000,0.000000,19,24,25,26,28,31,35,38,45,55,55,22972,0,19,19.964543868535525,1.849618000051123,57.20602300016253,538.0
1780245454,50,POST,GraphQL/listar-playlists-usuario,368.900000,0.000000,21,24,26,26,28,32,36,40,47,57,57,22996,0,20,20.36744191229012,1.4162390002638858,63.17243300009068,739.0
1780245454,50,POST,GraphQL/listar-usuarios,368.300000,0.000000,21,25,26,27,29,32,36,40,48,54,54,23013,0,20,20.65268803632756,2.1299179998095497,124.15249899959235,22017.0
1780245454,50,,Aggregated,1842.900000,0.000000,20,24,26,26,28,32,35,40,48,57,57,114968,0,20,20.478936431790423,1.4162390002638858,124.15249899959235,14914.444497599332
1780245455,50,POST,GraphQL/listar-musicas,368.200000,0.000000,23,25,27,27,29,33,37,41,50,54,54,23358,0,22,21.45314867047809,2.825905000008788,63.83922300028644,50908.0
1780245455,50,POST,GraphQL/listar-musicas-playlist,368.300000,0.000000,19,24,25,26,28,31,36,40,54,57,57,23341,0,19,19.997958769504447,1.9961859998147702,58.29023900014363,327.0
1780245455,50,POST,GraphQL/listar-playlists-musica,368.300000,0.000000,19,24,25,26,28,31,35,38,46,55,55,23334,0,19,19.99183080851962,1.849618000051123,57.20602300016253,538.0
1780245455,50,POST,GraphQL/listar-playlists-usuario,368.200000,0.000000,21,24,26,26,29,32,36,40,53,57,57,23349,0,20,20.39107553385695,1.4162390002638858,63.17243300009068,739.0
1780245455,50,POST,GraphQL/listar-usuarios,368.300000,0.000000,21,25,26,27,29,32,36,41,51,54,54,23372,0,20,20.67746954364209,2.1299179998095497,124.15249899959235,22017.0
1780245455,50,,Aggregated,1841.300000,0.000000,21,24,26,26,29,32,36,40,50,57,57,116754,0,20,20.50250460955587,1.4162390002638858,124.15249899959235,14912.820956883705
1780245456,50,POST,GraphQL/listar-musicas,368.200000,0.000000,23,25,27,27,29,33,37,41,50,54,54,23739,0,22,21.454320127007623,2.825905000008788,63.83922300028644,50908.0
1780245456,50,POST,GraphQL/listar-musicas-playlist,368.500000,0.000000,19,24,25,26,28,31,36,40,54,57,57,23719,0,19,20.007190657279168,1.9961859998147702,58.29023900014363,327.0
1780245456,50,POST,GraphQL/listar-playlists-musica,368.600000,0.000000,19,24,25,26,28,31,36,39,46,55,55,23712,0,19,20.001153128373723,1.849618000051123,57.20602300016253,538.0
1780245456,50,POST,GraphQL/listar-playlists-usuario,368.200000,0.000000,21,24,26,26,28,32,36,40,53,57,57,23732,0,20,20.387360453017926,1.4162390002638858,63.17243300009068,739.0
1780245456,50,POST,GraphQL/listar-usuarios,368.400000,0.000000,21,25,26,27,29,32,37,42,51,54,54,23753,0,20,20.690140249947504,2.1299179998095497,124.15249899959235,22017.0
1780245456,50,,Aggregated,1841.900000,0.000000,21,24,26,26,29,32,36,40,50,57,57,118655,0,20,20.50826128947872,1.4162390002638858,124.15249899959235,14913.201550714255
1780245457,50,POST,GraphQL/listar-musicas,369.700000,0.000000,23,25,26,27,29,33,37,41,50,54,54,24127,0,22,21.445089193063012,2.825905000008788,63.83922300028644,50908.0
1780245457,50,POST,GraphQL/listar-musicas-playlist,369.700000,0.000000,20,24,25,26,28,31,36,40,54,57,57,24113,0,19,20.006483966989006,1.9961859998147702,58.29023900014363,327.0
1780245457,50,POST,GraphQL/listar-playlists-musica,369.700000,0.000000,19,24,25,26,28,31,36,39,46,55,55,24101,0,19,20.000105844529052,1.849618000051123,57.20602300016253,538.0
1780245457,50,POST,GraphQL/listar-playlists-usuario,369.400000,0.000000,21,24,26,26,28,32,36,40,53,57,57,24122,0,20,20.376181169762905,1.4162390002638858,63.17243300009068,739.0
1780245457,50,POST,GraphQL/listar-usuarios,369.900000,0.000000,21,25,26,27,29,32,37,41,51,54,54,24138,0,20,20.67574023481646,2.1299179998095497,124.15249899959235,22017.0
1780245457,50,,Aggregated,1848.400000,0.000000,21,24,26,26,29,32,36,40,50,57,57,120601,0,20,20.500906508081087,1.4162390002638858,124.15249899959235,14911.825847215197
1780245458,50,POST,GraphQL/listar-musicas,369.000000,0.000000,23,25,26,27,29,33,37,41,50,54,54,24506,0,22,21.44242159699805,2.825905000008788,63.83922300028644,50908.0
1780245458,50,POST,GraphQL/listar-musicas-playlist,368.900000,0.000000,20,24,25,26,28,31,36,40,54,57,57,24488,0,19,20.011964795492037,1.9961859998147702,58.29023900014363,327.0
1780245458,50,POST,GraphQL/listar-playlists-musica,368.400000,0.000000,19,24,25,26,28,31,36,39,46,55,55,24479,0,19,20.005369662486164,1.849618000051123,57.20602300016253,538.0
1780245458,50,POST,GraphQL/listar-playlists-usuario,368.800000,0.000000,20,24,26,26,28,32,36,40,53,57,57,24496,0,20,20.373551191542465,1.4162390002638858,63.17243300009068,739.0
1780245458,50,POST,GraphQL/listar-usuarios,369.200000,0.000000,21,25,26,27,29,32,38,41,51,54,54,24519,0,20,20.677147443329662,2.1299179998095497,124.15249899959235,22017.0
1780245458,50,,Aggregated,1844.300000,0.000000,21,24,26,26,29,32,36,40,50,57,57,122488,0,20,20.502301529024084,1.4162390002638858,124.15249899959235,14913.020810201815
1780245459,50,POST,GraphQL/listar-musicas,369.400000,0.000000,22,25,26,27,29,33,39,42,50,54,54,24881,0,22,21.448143358105728,2.825905000008788,63.83922300028644,50908.0
1780245459,50,POST,GraphQL/listar-musicas-playlist,369.000000,0.000000,20,24,25,26,28,31,36,40,54,57,57,24861,0,19,20.0229529170594,1.9961859998147702,58.29023900014363,327.0
1780245459,50,POST,GraphQL/listar-playlists-musica,368.900000,0.000000,19,24,25,26,28,31,36,40,46,55,55,24850,0,19,20.017418228169046,1.849618000051123,57.20602300016253,538.0
1780245459,50,POST,GraphQL/listar-playlists-usuario,369.100000,0.000000,20,24,25,26,28,32,36,40,53,57,57,24873,0,20,20.372756289109528,1.4162390002638858,63.17243300009068,739.0
1780245459,50,POST,GraphQL/listar-usuarios,369.100000,0.000000,21,24,26,27,29,32,37,41,51,54,54,24891,0,20,20.680677219878458,2.1299179998095497,124.15249899959235,22017.0
1780245459,50,,Aggregated,1845.500000,0.000000,21,24,26,26,28,32,37,41,50,57,57,124356,0,20,20.508612645896456,1.4162390002638858,124.15249899959235,14913.209567692753
1780245460,50,POST,GraphQL/listar-musicas,369.700000,0.000000,22,25,26,27,29,33,37,41,50,54,54,25228,0,22,21.475049398050963,2.825905000008788,63.83922300028644,50908.0
1780245460,50,POST,GraphQL/listar-musicas-playlist,369.000000,0.000000,20,24,25,26,28,31,35,39,45,49,49,25204,0,19,20.05126355019078,1.9961859998147702,58.29023900014363,327.0
1780245460,50,POST,GraphQL/listar-playlists-musica,369.200000,0.000000,20,24,25,26,28,32,36,39,47,50,50,25195,0,19,20.05084042024219,1.849618000051123,57.20602300016253,538.0
1780245460,50,POST,GraphQL/listar-playlists-usuario,369.300000,0.000000,20,24,25,26,28,31,35,40,48,53,53,25218,0,20,20.393491271553135,1.4162390002638858,63.17243300009068,739.0
1780245460,50,POST,GraphQL/listar-usuarios,369.400000,0.000000,21,25,26,27,29,32,36,41,47,53,53,25240,0,20,20.701459023177176,2.1299179998095497,124.15249899959235,22017.0
1780245460,50,,Aggregated,1846.600000,0.000000,21,24,26,26,29,32,36,40,48,53,54,126085,0,20,20.53466634216681,1.4162390002638858,124.15249899959235,14914.135892453503
1780245461,50,POST,GraphQL/listar-musicas,369.400000,0.000000,22,25,26,27,29,33,39,42,54,57,57,25610,0,22,21.47743895095809,2.825905000008788,63.83922300028644,50908.0
1780245461,50,POST,GraphQL/listar-musicas-playlist,369.100000,0.000000,20,24,25,26,28,31,36,40,47,50,50,25592,0,19,20.048936390552143,1.9961859998147702,58.29023900014363,327.0
1780245461,50,POST,GraphQL/listar-playlists-musica,368.800000,0.000000,20,24,25,26,28,32,36,40,49,51,51,25583,0,19,20.05232211613205,1.849618000051123,57.20602300016253,538.0
1780245461,50,POST,GraphQL/listar-playlists-usuario,369.300000,0.000000,20,24,25,26,28,31,35,40,49,54,54,25600,0,20,20.391918438868228,1.4162390002638858,63.17243300009068,739.0
1780245461,50,POST,GraphQL/listar-usuarios,368.500000,0.000000,21,24,26,27,29,32,36,41,49,56,56,25623,0,20,20.694632418529896,2.1299179998095497,124.15249899959235,22017.0
1780245461,50,,Aggregated,1845.100000,0.000000,21,24,26,26,29,32,36,41,49,56,57,128008,0,20,20.533246569223156,1.4162390002638858,124.15249899959235,14912.709432222986
1780245462,50,POST,GraphQL/listar-musicas,370.400000,0.000000,22,25,26,27,30,33,39,43,54,57,57,25985,0,22,21.479627722610452,2.825905000008788,63.83922300028644,50908.0
1780245462,50,POST,GraphQL/listar-musicas-playlist,371.000000,0.000000,20,24,25,26,28,32,36,40,47,50,50,25961,0,19,20.061633306460067,1.9961859998147702,58.29023900014363,327.0
1780245462,50,POST,GraphQL/listar-playlists-musica,370.900000,0.000000,20,24,25,26,28,32,36,40,49,51,51,25955,0,19,20.071491355846902,1.849618000051123,57.20602300016253,538.0
1780245462,50,POST,GraphQL/listar-playlists-usuario,370.900000,0.000000,20,24,25,26,28,32,35,40,49,54,54,25974,0,20,20.395104997998992,1.4162390002638858,63.17243300009068,739.0
1780245462,50,POST,GraphQL/listar-usuarios,370.500000,0.000000,21,25,26,27,29,33,37,42,49,56,56,25997,0,20,20.701989708619934,2.1299179998095497,124.15249899959235,22017.0
1780245462,50,,Aggregated,1853.700000,0.000000,21,24,26,26,29,32,37,41,49,56,57,129872,0,20,20.542194086909472,1.4162390002638858,124.15249899959235,14913.670013551804
1780245463,50,POST,GraphQL/listar-musicas,369.000000,0.000000,22,25,26,27,29,33,39,43,54,57,57,26373,0,22,21.47257755712411,2.825905000008788,63.83922300028644,50908.0
1780245463,50,POST,GraphQL/listar-musicas-playlist,369.000000,0.000000,20,24,25,26,28,31,36,40,47,50,50,26353,0,19,20.06089080260349,1.9961859998147702,58.29023900014363,327.0
1780245463,50,POST,GraphQL/listar-playlists-musica,368.900000,0.000000,20,24,25,26,28,32,37,40,49,51,51,26339,0,19,20.06753101495931,1.849618000051123,57.20602300016253,538.0
1780245463,50,POST,GraphQL/listar-playlists-usuario,368.900000,0.000000,20,24,25,26,28,31,35,39,49,54,54,26363,0,20,20.38941329260816,1.4162390002638858,63.17243300009068,739.0
1780245463,50,POST,GraphQL/listar-usuarios,369.200000,0.000000,21,24,26,26,29,32,36,41,49,56,56,26381,0,20,20.695091457336382,2.1299179998095497,124.15249899959235,22017.0
1780245463,50,,Aggregated,1845.000000,0.000000,21,24,26,26,28,32,36,41,50,56,57,131809,0,20,20.537315001305863,1.4162390002638858,124.15249899959235,14913.224673580711
1780245465,50,POST,GraphQL/listar-musicas,368.600000,0.000000,22,25,26,27,29,33,38,42,52,57,57,26748,0,22,21.47303631258558,2.825905000008788,63.83922300028644,50908.0
1780245465,50,POST,GraphQL/listar-musicas-playlist,367.500000,0.000000,20,24,25,26,28,31,35,39,46,50,50,26733,0,19,20.07250498612247,1.9961859998147702,58.29023900014363,327.0
1780245465,50,POST,GraphQL/listar-playlists-musica,368.100000,0.000000,20,24,25,26,28,31,36,40,48,51,51,26722,0,19,20.073144345745565,1.849618000051123,57.20602300016253,538.0
1780245465,50,POST,GraphQL/listar-playlists-usuario,368.200000,0.000000,20,24,25,26,28,31,34,38,47,54,54,26740,0,20,20.387599441923275,1.4162390002638858,63.17243300009068,739.0
1780245465,50,POST,GraphQL/listar-usuarios,368.000000,0.000000,20,24,26,26,28,32,35,39,46,56,56,26762,0,20,20.689816461624364,2.1299179998095497,124.15249899959235,22017.0
1780245465,50,,Aggregated,1840.400000,0.000000,21,24,26,26,28,32,36,40,48,56,57,133705,0,20,20.539388141902897,1.4162390002638858,124.15249899959235,14911.821734415318
1780245466,50,POST,GraphQL/listar-musicas,368.800000,0.000000,22,25,26,27,29,33,39,43,56,57,57,27095,0,22,21.496676852963358,2.825905000008788,63.83922300028644,50908.0
1780245466,50,POST,GraphQL/listar-musicas-playlist,368.800000,0.000000,20,24,25,26,28,32,36,41,50,55,55,27078,0,19,20.09843480031789,1.9961859998147702,58.29023900014363,327.0
1780245466,50,POST,GraphQL/listar-playlists-musica,368.400000,0.000000,20,24,25,26,28,32,36,41,50,55,55,27069,0,19,20.099221268462742,1.849618000051123,57.20602300016253,538.0
1780245466,50,POST,GraphQL/listar-playlists-usuario,368.700000,0.000000,20,24,25,26,28,31,35,39,53,56,56,27086,0,20,20.41229046138317,1.4162390002638858,63.17243300009068,739.0
1780245466,50,POST,GraphQL/listar-usuarios,368.700000,0.000000,20,24,26,26,29,32,36,40,48,56,56,27109,0,20,20.70887965055859,2.1299179998095497,124.15249899959235,22017.0
1780245466,50,,Aggregated,1843.400000,0.000000,21,24,26,26,29,32,36,41,52,57,57,135437,0,20,20.56327307348901,1.4162390002638858,124.15249899959235,14912.06461306733
1780245467,50,POST,GraphQL/listar-musicas,370.400000,0.000000,22,25,27,27,30,34,40,44,57,62,62,27475,0,22,21.509728510392748,2.825905000008788,63.83922300028644,50908.0
1780245467,50,POST,GraphQL/listar-musicas-playlist,371.100000,0.000000,20,24,25,26,29,32,38,43,54,58,58,27456,0,19,20.11090622869314,1.9961859998147702,58.29023900014363,327.0
1780245467,50,POST,GraphQL/listar-playlists-musica,370.800000,0.000000,20,24,25,26,28,32,38,42,55,59,59,27446,0,19,20.1012987571965,1.849618000051123,59.15662400002475,538.0
1780245467,50,POST,GraphQL/listar-playlists-usuario,370.800000,0.000000,20,24,26,26,28,32,36,41,55,61,61,27465,0,20,20.421948678391626,1.4162390002638858,63.17243300009068,739.0
1780245467,50,POST,GraphQL/listar-usuarios,370.300000,0.000000,20,24,26,26,29,32,37,42,56,60,60,27487,0,20,20.71396227180105,2.1299179998095497,124.15249899959235,22017.0
1780245467,50,,Aggregated,1853.400000,0.000000,21,24,26,26,29,32,38,43,56,61,62,137329,0,20,20.57175526906274,1.4162390002638858,124.15249899959235,14912.504088721245
1780245468,50,POST,GraphQL/listar-musicas,369.300000,0.000000,23,25,27,27,30,34,40,44,57,62,62,27864,0,22,21.506790477678653,2.825905000008788,63.83922300028644,50908.0
1780245468,50,POST,GraphQL/listar-musicas-playlist,369.300000,0.000000,20,24,25,26,28,32,37,43,54,58,58,27849,0,19,20.100898322991867,1.9961859998147702,58.29023900014363,327.0
1780245468,50,POST,GraphQL/listar-playlists-musica,369.500000,0.000000,20,24,25,26,28,32,38,42,55,59,59,27836,0,19,20.094685042571165,1.849618000051123,59.15662400002475,538.0
1780245468,50,POST,GraphQL/listar-playlists-usuario,369.100000,0.000000,21,24,26,26,28,32,37,41,55,61,61,27859,0,20,20.422674994580802,1.4162390002638858,63.17243300009068,739.0
1780245468,50,POST,GraphQL/listar-usuarios,369.400000,0.000000,20,24,26,26,28,32,37,42,56,60,60,27876,0,20,20.70751546785744,2.1299179998095497,124.15249899959235,22017.0
1780245468,50,,Aggregated,1846.600000,0.000000,21,24,26,26,29,32,38,42,56,61,62,139284,0,20,20.56667516705525,1.4162390002638858,124.15249899959235,14911.379598518135
1780245469,50,POST,GraphQL/listar-musicas,368.200000,0.000000,22,25,27,27,30,34,41,45,57,62,62,28244,0,22,21.516911090250634,2.825905000008788,63.83922300028644,50908.0
1780245469,50,POST,GraphQL/listar-musicas-playlist,368.300000,0.000000,20,24,25,26,28,32,37,42,54,58,58,28219,0,19,20.111570102555074,1.9961859998147702,58.29023900014363,327.0
1780245469,50,POST,GraphQL/listar-playlists-musica,368.100000,0.000000,20,24,25,26,28,32,38,42,55,59,59,28211,0,19,20.107924571798684,1.849618000051123,59.15662400002475,538.0
1780245469,50,POST,GraphQL/listar-playlists-usuario,368.200000,0.000000,21,24,26,26,28,32,37,41,55,61,61,28227,0,20,20.43364021242188,1.4162390002638858,63.17243300009068,739.0
1780245469,50,POST,GraphQL/listar-usuarios,368.200000,0.000000,20,25,26,26,29,33,38,42,56,60,60,28252,0,20,20.72041875799941,2.1299179998095497,124.15249899959235,22017.0
1780245469,50,,Aggregated,1841.000000,0.000000,21,25,26,26,29,32,38,43,56,61,62,141153,0,20,20.57831095817404,1.4162390002638858,124.15249899959235,14913.850360955843
1780245470,50,POST,GraphQL/listar-musicas,367.900000,0.000000,22,25,26,27,29,32,39,42,57,62,62,28629,0,22,21.511653542353503,2.825905000008788,63.83922300028644,50908.0
1780245470,50,POST,GraphQL/listar-musicas-playlist,368.300000,0.000000,19,24,25,26,28,31,36,40,54,58,58,28608,0,19,20.10273550391509,1.9961859998147702,58.29023900014363,327.0
1780245470,50,POST,GraphQL/listar-playlists-musica,368.000000,0.000000,19,24,25,26,28,31,36,40,55,59,59,28595,0,19,20.099437404686594,1.849618000051123,59.15662400002475,538.0
1780245470,50,POST,GraphQL/listar-playlists-usuario,368.500000,0.000000,20,24,25,26,28,31,36,40,55,61,61,28617,0,20,20.42771607142718,1.4162390002638858,63.17243300009068,739.0
1780245470,50,POST,GraphQL/listar-usuarios,367.900000,0.000000,20,24,26,26,28,31,37,41,56,60,60,28634,0,20,20.716454806663474,2.1299179998095497,124.15249899959235,22017.0
1780245470,50,,Aggregated,1840.600000,0.000000,20,24,26,26,28,31,37,41,56,61,62,143083,0,20,20.57179760626454,1.4162390002638858,124.15249899959235,14912.79047126493
1780245471,50,POST,GraphQL/listar-musicas,367.300000,0.000000,23,25,26,27,29,33,40,42,57,62,62,28979,0,22,21.529866843266976,2.825905000008788,63.83922300028644,50908.0
1780245471,50,POST,GraphQL/listar-musicas-playlist,367.800000,0.000000,20,24,25,26,28,31,36,40,54,58,58,28958,0,19,20.11652670263837,1.9961859998147702,58.29023900014363,327.0
1780245471,50,POST,GraphQL/listar-playlists-musica,367.100000,0.000000,20,24,25,26,28,32,37,40,55,59,59,28943,0,19,20.122398292437236,1.849618000051123,59.15662400002475,538.0
1780245471,50,POST,GraphQL/listar-playlists-usuario,367.300000,0.000000,21,24,26,26,28,32,37,40,55,61,61,28966,0,20,20.4434501795219,1.4162390002638858,63.17243300009068,739.0
1780245471,50,POST,GraphQL/listar-usuarios,367.500000,0.000000,20,25,26,27,29,32,38,41,56,60,60,28988,0,20,20.73566747116073,2.1299179998095497,124.15249899959235,22017.0
1780245471,50,,Aggregated,1837.000000,0.000000,21,25,26,26,29,32,38,41,56,61,62,144834,0,20,20.589788805378124,1.4162390002638858,124.15249899959235,14913.198572158472
1780245472,50,POST,GraphQL/listar-musicas,369.000000,0.000000,23,25,26,27,29,33,39,42,57,62,62,29347,0,22,21.534587446043535,2.825905000008788,63.83922300028644,50908.0
1780245472,50,POST,GraphQL/listar-musicas-playlist,368.700000,0.000000,20,24,26,26,28,32,37,40,54,58,58,29323,0,19,20.132163971933338,1.9961859998147702,58.29023900014363,327.0
1780245472,50,POST,GraphQL/listar-playlists-musica,368.900000,0.000000,20,24,26,26,28,32,37,40,55,59,59,29314,0,19,20.139437633827242,1.849618000051123,59.15662400002475,538.0
1780245472,50,POST,GraphQL/listar-playlists-usuario,368.900000,0.000000,21,24,26,26,28,32,38,41,55,61,61,29339,0,20,20.447545854427013,1.4162390002638858,63.17243300009068,739.0
1780245472,50,POST,GraphQL/listar-usuarios,368.600000,0.000000,21,25,26,27,29,33,39,42,56,60,60,29355,0,20,20.74591291616451,2.1299179998095497,124.15249899959235,22017.0
1780245472,50,,Aggregated,1844.100000,0.000000,21,25,26,26,29,32,38,41,56,61,62,146678,0,20,20.600125978014063,1.4162390002638858,124.15249899959235,14912.578471209043
1780245473,50,POST,GraphQL/listar-musicas,369.700000,0.000000,23,25,26,27,29,33,39,42,57,62,62,29727,0,22,21.52681558946552,2.825905000008788,63.83922300028644,50908.0
1780245473,50,POST,GraphQL/listar-musicas-playlist,369.800000,0.000000,20,24,26,26,28,32,37,40,54,58,58,29709,0,19,20.132773915715877,1.9961859998147702,58.29023900014363,327.0
1780245473,50,POST,GraphQL/listar-playlists-musica,370.000000,0.000000,20,24,26,26,28,32,37,40,55,59,59,29700,0,19,20.140713794006974,1.849618000051123,59.15662400002475,538.0
1780245473,50,POST,GraphQL/listar-playlists-usuario,369.400000,0.000000,21,24,26,26,28,32,37,41,55,61,61,29717,0,20,20.441712370731565,1.4162390002638858,63.17243300009068,739.0
1780245473,50,POST,GraphQL/listar-usuarios,369.600000,0.000000,21,25,26,27,29,32,39,42,56,60,60,29735,0,20,20.743007174744054,2.1299179998095497,124.15249899959235,22017.0
1780245473,50,,Aggregated,1848.500000,0.000000,21,25,26,26,29,32,38,41,56,61,62,148588,0,20,20.59716203081103,1.4162390002638858,124.15249899959235,14911.513157186313
1780245474,50,POST,GraphQL/listar-musicas,368.300000,0.000000,23,25,26,27,29,33,39,42,57,62,62,30117,0,22,21.51700695504333,2.825905000008788,63.83922300028644,50908.0
1780245474,50,POST,GraphQL/listar-musicas-playlist,368.600000,0.000000,20,24,25,26,28,31,37,40,54,58,58,30094,0,19,20.13380350966978,1.9961859998147702,58.29023900014363,327.0
1780245474,50,POST,GraphQL/listar-playlists-musica,368.600000,0.000000,20,24,25,26,28,32,37,40,55,59,59,30084,0,19,20.135823754952984,1.849618000051123,59.15662400002475,538.0
1780245474,50,POST,GraphQL/listar-playlists-usuario,369.000000,0.000000,21,24,26,26,28,32,38,41,55,61,61,30103,0,20,20.43684049596487,1.4162390002638858,63.17243300009068,739.0
1780245474,50,POST,GraphQL/listar-usuarios,368.100000,0.000000,21,25,26,27,28,32,39,42,56,60,60,30128,0,20,20.733278998540147,2.1299179998095497,124.15249899959235,22017.0
1780245474,50,,Aggregated,1842.600000,0.000000,21,25,26,26,28,32,38,41,56,61,62,150526,0,20,20.59154526292565,1.4162390002638858,124.15249899959235,14913.01475492606
1780245475,50,POST,GraphQL/listar-musicas,368.400000,0.000000,22,25,26,27,29,33,39,42,58,62,62,30489,0,22,21.525516522878426,2.825905000008788,63.83922300028644,50908.0
1780245475,50,POST,GraphQL/listar-musicas-playlist,369.700000,0.000000,20,24,25,26,28,31,36,40,53,58,58,30468,0,19,20.13981921163185,1.9961859998147702,58.29023900014363,327.0
1780245475,50,POST,GraphQL/listar-playlists-musica,369.300000,0.000000,20,24,25,26,28,31,37,40,53,59,59,30459,0,19,20.143895179126353,1.849618000051123,59.15662400002475,538.0
1780245475,50,POST,GraphQL/listar-playlists-usuario,368.900000,0.000000,20,24,25,26,28,31,38,41,52,61,61,30478,0,20,20.439514807567136,1.4162390002638858,63.17243300009068,739.0
1780245475,50,POST,GraphQL/listar-usuarios,368.700000,0.000000,21,25,26,27,28,31,39,41,56,60,60,30503,0,20,20.731885853752424,2.1299179998095497,124.15249899959235,22017.0
1780245475,50,,Aggregated,1845.000000,0.000000,21,24,26,26,28,31,38,41,55,61,62,152397,0,20,20.596301992618912,1.4162390002638858,124.15249899959235,14912.313122961737
1780245476,50,POST,GraphQL/listar-musicas,368.800000,0.000000,23,25,26,27,29,33,39,41,50,58,58,30846,0,22,21.545316697498556,2.825905000008788,63.83922300028644,50908.0
1780245476,50,POST,GraphQL/listar-musicas-playlist,368.800000,0.000000,20,24,25,26,28,31,36,39,49,51,51,30830,0,19,20.149524006746724,1.9961859998147702,58.29023900014363,327.0
1780245476,50,POST,GraphQL/listar-playlists-musica,369.000000,0.000000,20,24,25,26,28,32,37,40,51,51,51,30818,0,19,20.15672430417316,1.849618000051123,59.15662400002475,538.0
1780245476,50,POST,GraphQL/listar-playlists-usuario,368.400000,0.000000,21,24,25,26,28,32,38,41,49,50,50,30836,0,20,20.455257743904205,1.4162390002638858,63.17243300009068,739.0
1780245476,50,POST,GraphQL/listar-usuarios,368.900000,0.000000,21,25,26,27,28,32,39,41,50,52,52,30857,0,20,20.749627657841106,2.1299179998095497,124.15249899959235,22017.0
1780245476,50,,Aggregated,1843.900000,0.000000,21,24,26,26,28,32,38,41,50,53,58,154187,0,20,20.61144053658314,1.4162390002638858,124.15249899959235,14911.348135705344
1780245477,50,POST,GraphQL/listar-musicas,369.300000,0.000000,23,25,26,27,30,33,39,42,50,58,58,31211,0,22,21.552415304765724,2.825905000008788,63.83922300028644,50908.0
1780245477,50,POST,GraphQL/listar-musicas-playlist,368.900000,0.000000,20,24,25,26,28,32,37,40,49,51,51,31194,0,19,20.157818656536648,1.9961859998147702,58.29023900014363,327.0
1780245477,50,POST,GraphQL/listar-playlists-musica,368.700000,0.000000,20,24,25,26,28,33,37,41,51,51,51,31184,0,19,20.168361355727434,1.849618000051123,59.15662400002475,538.0
1780245477,50,POST,GraphQL/listar-playlists-usuario,368.900000,0.000000,21,24,25,26,28,32,38,41,49,50,50,31204,0,20,20.459326411678937,1.4162390002638858,63.17243300009068,739.0
1780245477,50,POST,GraphQL/listar-usuarios,369.300000,0.000000,21,25,26,27,29,32,39,42,50,52,52,31226,0,20,20.76123405674774,2.1299179998095497,124.15249899959235,22017.0
1780245477,50,,Aggregated,1845.100000,0.000000,21,25,26,26,29,32,38,41,50,53,58,156019,0,20,20.61998042400052,1.4162390002638858,124.15249899959235,14911.19425198213
1780245478,50,POST,GraphQL/listar-musicas,369.000000,0.000000,23,25,26,27,29,33,38,41,47,58,58,31592,0,22,21.551052624558118,2.825905000008788,63.83922300028644,50908.0
1780245478,50,POST,GraphQL/listar-musicas-playlist,368.700000,0.000000,20,24,25,26,28,32,37,40,49,51,51,31569,0,19,20.15533617884649,1.9961859998147702,58.29023900014363,327.0
1780245478,50,POST,GraphQL/listar-playlists-musica,368.900000,0.000000,20,24,25,26,28,32,37,40,47,48,48,31562,0,19,20.16970849280779,1.849618000051123,59.15662400002475,538.0
1780245478,50,POST,GraphQL/listar-playlists-usuario,369.400000,0.000000,21,24,25,26,28,32,38,41,49,50,50,31581,0,20,20.459690151674547,1.4162390002638858,63.17243300009068,739.0
1780245478,50,POST,GraphQL/listar-usuarios,368.600000,0.000000,21,25,26,27,29,32,39,41,47,50,50,31602,0,20,20.759846447661673,2.1299179998095497,124.15249899959235,22017.0
1780245478,50,,Aggregated,1844.600000,0.000000,21,25,26,26,28,32,38,41,48,51,58,157906,0,20,20.61929973474174,1.4162390002638858,124.15249899959235,14912.090408217548
1780245479,50,POST,GraphQL/listar-musicas,369.100000,0.000000,23,25,26,27,29,33,38,41,47,58,58,31974,0,22,21.5511579724476,2.825905000008788,63.83922300028644,50908.0
1780245479,50,POST,GraphQL/listar-musicas-playlist,369.100000,0.000000,20,24,25,26,28,32,37,40,49,51,51,31958,0,19,20.148790504506184,1.9961859998147702,58.29023900014363,327.0
1780245479,50,POST,GraphQL/listar-playlists-musica,369.200000,0.000000,20,24,25,26,28,32,37,40,47,48,48,31949,0,19,20.16272210804717,1.849618000051123,59.15662400002475,538.0
1780245479,50,POST,GraphQL/listar-playlists-usuario,369.100000,0.000000,21,24,25,26,28,32,38,41,49,50,50,31965,0,20,20.456195687002282,1.4162390002638858,63.17243300009068,739.0
1780245479,50,POST,GraphQL/listar-usuarios,369.200000,0.000000,21,25,26,27,28,32,38,41,47,50,50,31986,0,20,20.759332764615674,2.1299179998095497,124.15249899959235,22017.0
1780245479,50,,Aggregated,1845.700000,0.000000,21,25,26,26,28,32,38,41,48,51,58,159832,0,20,20.615777150558827,1.4162390002638858,124.15249899959235,14910.838361529606
1780245480,50,POST,GraphQL/listar-musicas,368.800000,0.000000,23,25,26,27,29,32,38,41,47,58,58,32361,0,22,21.545164050215924,2.825905000008788,63.83922300028644,50908.0
1780245480,50,POST,GraphQL/listar-musicas-playlist,369.100000,0.000000,20,24,25,26,28,31,36,39,49,51,51,32341,0,19,20.143063455768527,1.9961859998147702,58.29023900014363,327.0
1780245480,50,POST,GraphQL/listar-playlists-musica,369.200000,0.000000,20,24,25,26,28,31,36,39,47,48,48,32329,0,19,20.160227716415612,1.849618000051123,59.15662400002475,538.0
1780245480,50,POST,GraphQL/listar-playlists-usuario,368.500000,0.000000,20,24,25,26,28,31,37,41,49,50,50,32352,0,20,20.453224879173746,1.4162390002638858,63.17243300009068,739.0
1780245480,50,POST,GraphQL/listar-usuarios,368.800000,0.000000,21,25,26,26,28,31,37,40,47,50,50,32372,0,20,20.75231951303589,2.1299179998095497,124.15249899959235,22017.0
1780245480,50,,Aggregated,1844.400000,0.000000,21,24,26,26,28,31,37,40,48,51,58,161755,0,20,20.610965283688984,1.4162390002638858,124.15249899959235,14911.716787734536
1780245481,50,POST,GraphQL/listar-musicas,369.300000,0.000000,23,25,26,27,29,33,38,41,47,58,58,32709,0,22,21.565604442937396,2.825905000008788,63.83922300028644,50908.0
1780245481,50,POST,GraphQL/listar-musicas-playlist,368.800000,0.000000,20,24,25,26,28,32,37,40,49,51,51,32690,0,19,20.166130234689813,1.9961859998147702,58.29023900014363,327.0
1780245481,50,POST,GraphQL/listar-playlists-musica,369.600000,0.000000,20,24,25,26,28,32,37,40,47,48,48,32680,0,19,20.18031881679945,1.849618000051123,59.15662400002475,538.0
1780245481,50,POST,GraphQL/listar-playlists-usuario,369.200000,0.000000,21,24,25,26,28,32,38,41,49,50,50,32700,0,20,20.472641716912353,1.4162390002638858,63.17243300009068,739.0
1780245481,50,POST,GraphQL/listar-usuarios,369.600000,0.000000,21,25,26,27,28,32,38,40,47,50,50,32721,0,20,20.774328576632723,2.1299179998095497,124.15249899959235,22017.0
1780245481,50,,Aggregated,1846.500000,0.000000,21,24,26,26,28,32,38,41,48,51,58,163500,0,20,20.631958174483948,1.4162390002638858,124.15249899959235,14911.344336391438
1780245482,50,POST,GraphQL/listar-musicas,369.000000,0.000000,23,25,27,27,29,33,38,41,47,58,58,33084,0,22,21.57081776472128,2.825905000008788,63.83922300028644,50908.0
1780245482,50,POST,GraphQL/listar-musicas-playlist,369.200000,0.000000,20,24,25,26,28,32,36,40,49,51,51,33066,0,19,20.169153052350207,1.9961859998147702,58.29023900014363,327.0
1780245482,50,POST,GraphQL/listar-playlists-musica,368.700000,0.000000,19,24,25,26,28,32,37,40,47,48,48,33054,0,19,20.18385635938183,1.849618000051123,59.15662400002475,538.0
1780245482,50,POST,GraphQL/listar-playlists-usuario,368.800000,0.000000,21,24,26,26,28,32,38,41,49,50,50,33073,0,20,20.47358205312614,1.4162390002638858,63.17243300009068,739.0
1780245482,50,POST,GraphQL/listar-usuarios,369.200000,0.000000,21,25,26,27,28,32,38,40,47,50,50,33094,0,20,20.774695791533382,2.1299179998095497,124.15249899959235,22017.0
1780245482,50,,Aggregated,1844.900000,0.000000,21,24,26,26,28,32,37,41,48,51,58,165371,0,20,20.63457256488832,1.4162390002638858,124.15249899959235,14911.36566266153
1780245483,50,POST,GraphQL/listar-musicas,369.500000,0.000000,23,25,27,27,29,33,38,41,47,58,58,33472,0,22,21.563724518135725,2.825905000008788,63.83922300028644,50908.0
1780245483,50,POST,GraphQL/listar-musicas-playlist,369.900000,0.000000,19,24,25,26,28,32,36,40,49,51,51,33450,0,19,20.163072777429377,1.9961859998147702,58.29023900014363,327.0
1780245483,50,POST,GraphQL/listar-playlists-musica,369.500000,0.000000,19,24,25,26,28,32,37,40,47,48,48,33439,0,19,20.17807526606674,1.849618000051123,59.15662400002475,538.0
1780245483,50,POST,GraphQL/listar-playlists-usuario,369.700000,0.000000,20,24,25,26,28,32,38,41,49,50,50,33461,0,20,20.466812919250422,1.4162390002638858,63.17243300009068,739.0
1780245483,50,POST,GraphQL/listar-usuarios,369.600000,0.000000,21,25,26,27,28,32,38,40,47,50,50,33482,0,20,20.769119611254023,2.1299179998095497,124.15249899959235,22017.0
1780245483,50,,Aggregated,1848.200000,0.000000,21,24,26,26,29,32,37,41,48,51,58,167304,0,20,20.628329987406957,1.4162390002638858,124.15249899959235,14911.907551522976
1780245484,50,POST,GraphQL/listar-musicas,368.700000,0.000000,23,25,27,27,30,33,39,41,47,58,58,33848,0,22,21.565615592886953,2.825905000008788,63.83922300028644,50908.0
1780245484,50,POST,GraphQL/listar-musicas-playlist,368.500000,0.000000,19,24,25,26,28,32,37,40,49,51,51,33828,0,19,20.167151650082996,1.9961859998147702,58.29023900014363,327.0
1780245484,50,POST,GraphQL/listar-playlists-musica,368.500000,0.000000,19,24,25,26,28,32,37,40,47,48,48,33813,0,19,20.183823601662333,1.849618000051123,59.15662400002475,538.0
1780245484,50,POST,GraphQL/listar-playlists-usuario,368.500000,0.000000,21,24,26,26,29,32,38,41,49,50,50,33839,0,20,20.466926227165136,1.4162390002638858,63.17243300009068,739.0
1780245484,50,POST,GraphQL/listar-usuarios,368.800000,0.000000,21,25,26,27,29,32,38,40,47,50,50,33852,0,20,20.765986409783782,2.1299179998095497,124.15249899959235,22017.0
1780245484,50,,Aggregated,1843.000000,0.000000,21,25,26,27,29,32,38,40,48,51,58,169180,0,20,20.630059573206783,1.4162390002638858,124.15249899959235,14911.417655751271
1780245485,50,POST,GraphQL/listar-musicas,369.500000,0.000000,23,25,26,27,29,32,37,40,47,49,49,34230,0,22,21.56222570306869,2.825905000008788,63.83922300028644,50908.0
1780245485,50,POST,GraphQL/listar-musicas-playlist,369.000000,0.000000,19,24,25,26,28,32,36,39,46,47,47,34208,0,19,20.165832647246475,1.9961859998147702,58.29023900014363,327.0
1780245485,50,POST,GraphQL/listar-playlists-musica,369.000000,0.000000,19,24,25,26,28,32,37,40,47,48,48,34201,0,19,20.189395876933794,1.849618000051123,59.15662400002475,538.0
1780245485,50,POST,GraphQL/listar-playlists-usuario,369.400000,0.000000,20,24,26,26,28,31,36,39,47,48,48,34218,0,20,20.466425595301967,1.4162390002638858,63.17243300009068,739.0
1780245485,50,POST,GraphQL/listar-usuarios,369.500000,0.000000,21,24,26,27,28,32,37,39,47,49,49,34242,0,20,20.766668178260755,2.1299179998095497,124.15249899959235,22017.0
1780245485,50,,Aggregated,1846.400000,0.000000,20,24,26,26,28,32,37,39,47,49,49,171099,0,20,20.6302650522804,1.4162390002638858,124.15249899959235,14911.602113396339
1780245486,50,POST,GraphQL/listar-musicas,368.600000,0.000000,23,25,27,27,29,33,38,41,65,71,71,34572,0,22,21.58995147315864,2.825905000008788,71.46903300008489,50908.0
1780245486,50,POST,GraphQL/listar-musicas-playlist,368.700000,0.000000,19,24,26,26,28,32,36,40,64,70,70,34552,0,19,20.182737905620804,1.9961859998147702,69.94807499995659,327.0
1780245486,50,POST,GraphQL/listar-playlists-musica,369.100000,0.000000,19,24,26,26,28,32,37,40,47,49,49,34544,0,19,20.203863962077733,1.849618000051123,59.15662400002475,538.0
1780245486,50,POST,GraphQL/listar-playlists-usuario,369.500000,0.000000,20,24,26,26,28,32,38,41,63,68,68,34563,0,20,20.494251997513036,1.4162390002638858,68.076259999998,739.0
1780245486,50,POST,GraphQL/listar-usuarios,368.700000,0.000000,21,25,26,27,29,32,38,40,52,71,71,34587,0,20,20.78997781270439,2.1299179998095497,124.15249899959235,22017.0
1780245486,50,,Aggregated,1844.600000,0.000000,20,25,26,27,29,32,37,40,54,71,71,172818,0,20,20.652303773618087,1.4162390002638858,124.15249899959235,14911.17006330359
1780245487,50,POST,GraphQL/listar-musicas,367.500000,0.000000,23,26,27,27,30,33,38,41,65,71,71,34941,0,22,21.591043725280972,2.825905000008788,71.46903300008489,50908.0
1780245487,50,POST,GraphQL/listar-musicas-playlist,368.000000,0.000000,19,24,26,26,28,32,36,39,64,70,70,34926,0,19,20.18810443732491,1.9961859998147702,69.94807499995659,327.0
1780245487,50,POST,GraphQL/listar-playlists-musica,368.100000,0.000000,19,24,26,26,29,32,37,40,47,49,49,34916,0,19,20.21087245537907,1.849618000051123,59.15662400002475,538.0
1780245487,50,POST,GraphQL/listar-playlists-usuario,367.700000,0.000000,20,24,26,26,29,32,37,41,63,68,68,34932,0,20,20.49722620697475,1.4162390002638858,68.076259999998,739.0
1780245487,50,POST,GraphQL/listar-usuarios,367.900000,0.000000,21,25,26,27,29,32,38,40,52,71,71,34953,0,20,20.793157734615313,2.1299179998095497,124.15249899959235,22017.0
1780245487,50,,Aggregated,1839.200000,0.000000,20,25,26,27,29,32,37,40,54,71,71,174668,0,20,20.656202425144475,1.4162390002638858,124.15249899959235,14910.326945977511
1780245488,50,POST,GraphQL/listar-musicas,367.800000,0.000000,23,26,27,27,30,33,38,41,65,71,71,35318,0,22,21.58974338306364,2.825905000008788,71.46903300008489,50908.0
1780245488,50,POST,GraphQL/listar-musicas-playlist,368.600000,0.000000,19,24,26,27,28,32,36,39,64,70,70,35300,0,19,20.191592337309235,1.9961859998147702,69.94807499995659,327.0
1780245488,50,POST,GraphQL/listar-playlists-musica,368.100000,0.000000,19,24,26,27,29,32,37,40,49,51,51,35289,0,19,20.217383628893376,1.849618000051123,59.15662400002475,538.0
1780245488,50,POST,GraphQL/listar-playlists-usuario,367.800000,0.000000,20,24,26,26,29,32,37,41,63,68,68,35313,0,20,20.49647681111888,1.4162390002638858,68.076259999998,739.0
1780245488,50,POST,GraphQL/listar-usuarios,368.100000,0.000000,21,25,26,27,29,32,38,41,52,71,71,35330,0,20,20.793868930654018,2.1299179998095497,124.15249899959235,22017.0
1780245488,50,,Aggregated,1840.400000,0.000000,20,25,26,27,29,32,37,41,54,71,71,176550,0,20,20.657946712779054,1.4162390002638858,124.15249899959235,14910.530971396205
1780245489,50,POST,GraphQL/listar-musicas,368.300000,0.000000,23,25,27,27,30,33,38,41,65,71,71,35704,0,22,21.582860141469975,2.825905000008788,71.46903300008489,50908.0
1780245489,50,POST,GraphQL/listar-musicas-playlist,367.800000,0.000000,19,24,26,27,29,32,37,39,64,70,70,35689,0,19,20.18966908033337,1.9961859998147702,69.94807499995659,327.0
1780245489,50,POST,GraphQL/listar-playlists-musica,368.200000,0.000000,19,24,26,27,29,32,37,40,49,51,51,35676,0,19,20.217513239769712,1.849618000051123,59.15662400002475,538.0
1780245489,50,POST,GraphQL/listar-playlists-usuario,368.200000,0.000000,20,24,26,26,29,32,37,41,63,68,68,35696,0,20,20.494086177163876,1.4162390002638858,68.076259999998,739.0
1780245489,50,POST,GraphQL/listar-usuarios,368.000000,0.000000,20,25,26,27,29,32,38,41,52,71,71,35718,0,20,20.786969459068576,2.1299179998095497,124.15249899959235,22017.0
1780245489,50,,Aggregated,1840.500000,0.000000,20,25,26,27,29,32,37,40,54,71,71,178483,0,20,20.654344760902454,1.4162390002638858,124.15249899959235,14910.471994531692
1780245490,50,POST,GraphQL/listar-musicas,367.100000,0.000000,23,25,27,27,29,33,38,41,65,71,71,36079,0,22,21.587231882647583,2.825905000008788,71.46903300008489,50908.0
1780245490,50,POST,GraphQL/listar-musicas-playlist,367.500000,0.000000,19,24,26,26,28,31,36,39,64,70,70,36063,0,19,20.188671960514164,1.9961859998147702,69.94807499995659,327.0
1780245490,50,POST,GraphQL/listar-playlists-musica,367.500000,0.000000,19,24,26,26,28,32,37,40,49,51,51,36055,0,19,20.220707483456525,1.849618000051123,59.15662400002475,538.0
1780245490,50,POST,GraphQL/listar-playlists-usuario,367.000000,0.000000,20,24,26,26,28,31,37,41,63,68,68,36070,0,20,20.497004969449485,1.4162390002638858,68.076259999998,739.0
1780245490,50,POST,GraphQL/listar-usuarios,367.600000,0.000000,20,25,26,27,29,31,37,40,52,71,71,36096,0,20,20.788570708666168,2.1299179998095497,124.15249899959235,22017.0
1780245490,50,,Aggregated,1836.700000,0.000000,20,25,26,27,29,32,37,40,54,71,71,180363,0,20,20.656557286528628,1.4162390002638858,124.15249899959235,14910.382312336787
1780245491,50,POST,GraphQL/listar-musicas,367.400000,0.000000,22,25,27,27,29,33,38,42,65,71,71,36432,0,22,21.60360323427324,2.825905000008788,71.46903300008489,50908.0
1780245491,50,POST,GraphQL/listar-musicas-playlist,367.400000,0.000000,19,24,26,26,28,31,37,39,64,70,70,36413,0,19,20.200590052619052,1.9961859998147702,69.94807499995659,327.0
1780245491,50,POST,GraphQL/listar-playlists-musica,367.400000,0.000000,19,24,26,26,28,32,37,40,49,51,51,36404,0,19,20.232244592270717,1.849618000051123,59.15662400002475,538.0
1780245491,50,POST,GraphQL/listar-playlists-usuario,367.300000,0.000000,20,24,26,26,28,32,37,40,63,68,68,36423,0,20,20.511046778822106,1.4162390002638858,68.076259999998,739.0
1780245491,50,POST,GraphQL/listar-usuarios,367.700000,0.000000,20,25,26,27,29,32,38,42,52,71,71,36442,0,20,20.803752159706193,2.1299179998095497,124.15249899959235,22017.0
1780245491,50,,Aggregated,1837.200000,0.000000,20,25,26,27,29,32,37,41,54,71,71,182114,0,20,20.67037890432997,1.4162390002638858,124.15249899959235,14910.620655194
1780245492,50,POST,GraphQL/listar-musicas,366.900000,0.000000,23,26,27,27,30,33,38,42,65,71,71,36802,0,22,21.610792047552845,2.825905000008788,71.46903300008489,50908.0
1780245492,50,POST,GraphQL/listar-musicas-playlist,367.100000,0.000000,19,24,26,26,28,31,37,40,64,70,70,36778,0,19,20.20292652071946,1.9961859998147702,69.94807499995659,327.0
1780245492,50,POST,GraphQL/listar-playlists-musica,367.200000,0.000000,19,24,26,27,28,32,37,40,49,51,51,36768,0,19,20.237560133513295,1.849618000051123,59.15662400002475,538.0
1780245492,50,POST,GraphQL/listar-playlists-usuario,367.500000,0.000000,20,24,26,26,29,32,37,41,63,68,68,36790,0,20,20.514845277576583,1.4162390002638858,68.076259999998,739.0
1780245492,50,POST,GraphQL/listar-usuarios,367.100000,0.000000,20,25,26,27,29,32,38,41,52,71,71,36811,0,20,20.812304074434664,2.1299179998095497,124.15249899959235,22017.0
1780245492,50,,Aggregated,1835.800000,0.000000,20,25,26,27,29,32,38,41,54,71,71,183949,0,20,20.67584544927208,1.4162390002638858,124.15249899959235,14911.629870235773
1780245493,50,POST,GraphQL/listar-musicas,367.200000,0.000000,23,26,27,27,30,33,38,42,65,71,71,37184,0,22,21.605010765626055,2.825905000008788,71.46903300008489,50908.0
1780245493,50,POST,GraphQL/listar-musicas-playlist,366.500000,0.000000,19,24,26,26,28,31,37,39,64,70,70,37159,0,19,20.199434646734762,1.9961859998147702,69.94807499995659,327.0
1780245493,50,POST,GraphQL/listar-playlists-musica,366.700000,0.000000,19,24,26,27,28,32,37,40,49,51,51,37147,0,19,20.23675746135684,1.849618000051123,59.15662400002475,538.0
1780245493,50,POST,GraphQL/listar-playlists-usuario,367.200000,0.000000,20,25,26,27,29,32,37,42,63,68,68,37174,0,20,20.51672744299886,1.4162390002638858,68.076259999998,739.0
1780245493,50,POST,GraphQL/listar-usuarios,367.100000,0.000000,20,25,26,27,29,33,38,41,52,71,71,37191,0,20,20.80204335820523,2.1299179998095497,124.15249899959235,22017.0
1780245493,50,,Aggregated,1834.700000,0.000000,20,25,26,27,29,32,38,41,54,71,71,185855,0,20,20.672158200022345,1.4162390002638858,124.15249899959235,14911.651470232171
1780245494,50,POST,GraphQL/listar-musicas,366.400000,0.000000,23,26,27,27,30,33,38,41,65,71,71,37552,0,22,21.608793497977047,2.825905000008788,71.46903300008489,50908.0
1780245494,50,POST,GraphQL/listar-musicas-playlist,366.400000,0.000000,19,24,26,26,28,31,37,39,64,70,70,37534,0,19,20.204403303032098,1.9961859998147702,69.94807499995659,327.0
1780245494,50,POST,GraphQL/listar-playlists-musica,366.400000,0.000000,19,25,26,27,28,31,36,40,49,51,51,37525,0,19,20.2445420146042,1.849618000051123,59.15662400002475,538.0
1780245494,50,POST,GraphQL/listar-playlists-usuario,366.600000,0.000000,20,25,26,27,29,32,37,42,63,68,68,37543,0,20,20.52119981304209,1.4162390002638858,68.076259999998,739.0
1780245494,50,POST,GraphQL/listar-usuarios,366.200000,0.000000,20,25,26,27,29,32,38,41,52,71,71,37564,0,20,20.80225784405317,2.1299179998095497,124.15249899959235,22017.0
1780245494,50,,Aggregated,1832.000000,0.000000,20,25,26,27,29,32,37,41,54,71,71,187718,0,20,20.67636211948312,1.4162390002638858,124.15249899959235,14910.398304904165
1780245495,50,POST,GraphQL/listar-musicas,366.300000,0.000000,22,26,27,27,29,32,36,40,48,51,51,37939,0,22,21.60257365737201,2.825905000008788,71.46903300008489,50908.0
1780245495,50,POST,GraphQL/listar-musicas-playlist,366.000000,0.000000,19,24,26,26,28,31,36,38,44,50,50,37920,0,19,20.201602045174297,1.9961859998147702,69.94807499995659,327.0
1780245495,50,POST,GraphQL/listar-playlists-musica,366.300000,0.000000,19,24,26,26,28,31,36,38,49,51,51,37912,0,19,20.24222085392551,1.849618000051123,59.15662400002475,538.0
1780245495,50,POST,GraphQL/listar-playlists-usuario,365.800000,0.000000,20,24,26,26,28,31,35,39,46,50,50,37931,0,20,20.514464117240163,1.4162390002638858,68.076259999998,739.0
1780245495,50,POST,GraphQL/listar-usuarios,366.100000,0.000000,20,25,26,27,28,31,36,39,49,52,52,37951,0,20,20.793367646149445,2.1299179998095497,124.15249899959235,22017.0
1780245495,50,,Aggregated,1830.500000,0.000000,20,25,26,27,28,31,36,39,46,51,52,189653,0,20,20.670968044397554,1.4162390002638858,124.15249899959235,14910.353561504431
1780245496,50,POST,GraphQL/listar-musicas,365.700000,0.000000,22,26,27,27,29,33,38,41,49,51,51,38290,0,22,21.616531725934678,2.825905000008788,71.46903300008489,50908.0
1780245496,50,POST,GraphQL/listar-musicas-playlist,365.900000,0.000000,19,24,26,26,28,31,36,39,48,50,50,38272,0,19,20.211245884354263,1.9961859998147702,69.94807499995659,327.0
1780245496,50,POST,GraphQL/listar-playlists-musica,365.600000,0.000000,19,24,26,26,28,31,36,40,49,51,51,38262,0,19,20.258978999922263,1.849618000051123,59.15662400002475,538.0
1780245496,50,POST,GraphQL/listar-playlists-usuario,365.400000,0.000000,20,24,26,26,28,31,37,40,48,50,50,38284,0,20,20.52167072066743,1.4162390002638858,68.076259999998,739.0
1780245496,50,POST,GraphQL/listar-usuarios,366.100000,0.000000,20,25,26,27,29,32,38,41,49,52,52,38302,0,20,20.806972849277276,2.1299179998095497,124.15249899959235,22017.0
1780245496,50,,Aggregated,1828.700000,0.000000,20,25,26,27,28,32,37,40,49,51,52,191410,0,20,20.6831992722957,1.4162390002638858,124.15249899959235,14910.162635181025
1780245497,50,POST,GraphQL/listar-musicas,366.400000,0.000000,23,26,27,27,30,33,38,41,51,54,54,38653,0,22,21.629149574833455,2.825905000008788,71.46903300008489,50908.0
1780245497,50,POST,GraphQL/listar-musicas-playlist,366.000000,0.000000,19,24,26,26,28,32,37,40,50,53,53,38633,0,19,20.221540094427283,1.9961859998147702,69.94807499995659,327.0
1780245497,50,POST,GraphQL/listar-playlists-musica,366.000000,0.000000,20,24,26,27,29,32,37,40,49,54,54,38623,0,19,20.26707593884532,1.849618000051123,59.15662400002475,538.0
1780245497,50,POST,GraphQL/listar-playlists-usuario,366.600000,0.000000,21,24,26,26,29,32,37,40,48,51,51,38643,0,20,20.53355491162777,1.4162390002638858,68.076259999998,739.0
1780245497,50,POST,GraphQL/listar-usuarios,366.000000,0.000000,20,25,26,27,29,32,38,41,47,52,52,38662,0,20,20.81836691001542,2.1299179998095497,124.15249899959235,22017.0
1780245497,50,,Aggregated,1831.000000,0.000000,21,25,26,27,29,32,37,40,49,54,54,193214,0,20,20.694066759629813,1.4162390002638858,124.15249899959235,14910.604407548108
1780245498,50,POST,GraphQL/listar-musicas,368.400000,0.000000,23,26,27,27,30,33,37,40,51,54,54,39028,0,22,21.63194741142353,2.825905000008788,71.46903300008489,50908.0
1780245498,50,POST,GraphQL/listar-musicas-playlist,368.300000,0.000000,19,24,26,26,28,32,36,39,50,53,53,39009,0,19,20.218669038119568,1.9961859998147702,69.94807499995659,327.0
1780245498,50,POST,GraphQL/listar-playlists-musica,368.300000,0.000000,19,24,26,26,29,32,36,40,49,54,54,38999,0,19,20.265250003410973,1.849618000051123,59.15662400002475,538.0
1780245498,50,POST,GraphQL/listar-playlists-usuario,368.300000,0.000000,21,25,26,27,29,32,36,40,48,51,51,39021,0,20,20.530382394147647,1.4162390002638858,68.076259999998,739.0
1780245498,50,POST,GraphQL/listar-usuarios,368.300000,0.000000,20,25,26,27,29,32,37,40,47,52,52,39037,0,20,20.81409726375008,2.1299179998095497,124.15249899959235,22017.0
1780245498,50,,Aggregated,1841.600000,0.000000,21,25,26,27,29,32,37,40,49,54,54,195094,0,20,20.69219020190837,1.4162390002638858,124.15249899959235,14910.191892113546
1780245499,50,POST,GraphQL/listar-musicas,365.400000,0.000000,23,26,27,27,30,33,36,40,51,54,54,39413,0,22,21.62458634026939,2.825905000008788,71.46903300008489,50908.0
1780245499,50,POST,GraphQL/listar-musicas-playlist,366.400000,0.000000,19,24,25,26,28,31,36,39,50,53,53,39390,0,19,20.21379004823566,1.9961859998147702,69.94807499995659,327.0
1780245499,50,POST,GraphQL/listar-playlists-musica,365.800000,0.000000,19,24,26,26,28,31,36,39,49,54,54,39378,0,19,20.263467144675335,1.849618000051123,59.15662400002475,538.0
1780245499,50,POST,GraphQL/listar-playlists-usuario,366.200000,0.000000,20,24,26,26,28,31,36,39,48,51,51,39399,0,20,20.523753280084083,1.4162390002638858,68.076259999998,739.0
1780245499,50,POST,GraphQL/listar-usuarios,365.700000,0.000000,20,25,26,27,29,32,37,40,47,52,52,39421,0,20,20.808428873773128,2.1299179998095497,124.15249899959235,22017.0
1780245499,50,,Aggregated,1829.500000,0.000000,20,25,26,27,29,32,36,39,49,54,54,197001,0,20,20.686952100583824,1.4162390002638858,124.15249899959235,14911.35027740976
1780245500,50,POST,GraphQL/listar-musicas,366.700000,0.000000,23,26,27,27,29,32,36,40,57,61,61,39779,0,22,21.631929012268685,2.825905000008788,71.46903300008489,50908.0
1780245500,50,POST,GraphQL/listar-musicas-playlist,365.800000,0.000000,19,24,26,26,28,31,36,39,53,61,61,39758,0,19,20.22710559638337,1.9961859998147702,69.94807499995659,327.0
1780245500,50,POST,GraphQL/listar-playlists-musica,366.300000,0.000000,19,24,26,26,28,31,35,38,50,58,58,39748,0,19,20.266775679103972,1.849618000051123,59.15662400002475,538.0
1780245500,50,POST,GraphQL/listar-playlists-usuario,366.700000,0.000000,20,24,26,26,28,31,36,39,48,55,55,39771,0,20,20.53489501073746,1.4162390002638858,68.076259999998,739.0
1780245500,50,POST,GraphQL/listar-usuarios,366.500000,0.000000,20,25,26,27,29,32,36,39,50,61,61,39788,0,20,20.8150909917063,2.1299179998095497,124.15249899959235,22017.0
1780245500,50,,Aggregated,1832.000000,0.000000,20,25,26,27,29,32,36,39,52,61,61,198844,0,20,20.69528735100443,1.4162390002638858,124.15249899959235,14910.471460039025
1780245501,50,POST,GraphQL/listar-musicas,366.000000,0.000000,23,26,27,27,29,33,37,41,57,61,61,40130,0,22,21.649612070347168,2.825905000008788,71.46903300008489,50908.0
1780245501,50,POST,GraphQL/listar-musicas-playlist,366.700000,0.000000,19,24,26,26,28,32,37,39,53,61,61,40107,0,19,20.24524114274366,1.9961859998147702,69.94807499995659,327.0
1780245501,50,POST,GraphQL/listar-playlists-musica,366.300000,0.000000,20,24,26,26,28,31,36,40,50,58,58,40100,0,19,20.28267538857922,1.849618000051123,59.15662400002475,538.0
1780245501,50,POST,GraphQL/listar-playlists-usuario,366.500000,0.000000,21,25,26,26,28,31,37,40,51,55,55,40118,0,20,20.55361561184604,1.4162390002638858,68.076259999998,739.0
1780245501,50,POST,GraphQL/listar-usuarios,366.000000,0.000000,21,25,26,27,29,31,36,39,51,61,61,40141,0,20,20.828995556687754,2.1299179998095497,124.15249899959235,22017.0
1780245501,50,,Aggregated,1831.500000,0.000000,21,25,26,27,29,32,36,40,52,61,61,200596,0,20,20.71216157717066,1.4162390002638858,124.15249899959235,14910.857783804264
1780245502,50,POST,GraphQL/listar-musicas,366.600000,0.000000,23,26,27,27,30,33,38,42,57,61,61,40482,0,22,21.669034845808834,2.825905000008788,71.46903300008489,50908.0
1780245502,50,POST,GraphQL/listar-musicas-playlist,366.400000,0.000000,20,24,26,26,28,32,37,41,53,61,61,40459,0,19,20.25813411858966,1.9961859998147702,69.94807499995659,327.0
1780245502,50,POST,GraphQL/listar-playlists-musica,366.900000,0.000000,20,25,26,27,29,32,37,41,50,58,58,40455,0,19,20.301051558126947,1.849618000051123,59.15662400002475,538.0
1780245502,50,POST,GraphQL/listar-playlists-usuario,366.000000,0.000000,21,25,26,27,29,32,37,41,51,55,55,40470,0,20,20.569355038448997,1.4162390002638858,68.076259999998,739.0
1780245502,50,POST,GraphQL/listar-usuarios,366.700000,0.000000,21,25,26,27,29,32,37,40,51,61,61,40499,0,20,20.84357732371187,2.1299179998095497,124.15249899959235,22017.0
1780245502,50,,Aggregated,1832.600000,0.000000,21,25,26,27,29,32,37,41,52,61,61,202365,0,20,20.728360112445976,1.4162390002638858,124.15249899959235,14910.811415017419
1780245503,50,POST,GraphQL/listar-musicas,367.400000,0.000000,23,26,27,28,30,34,39,43,57,61,61,40860,0,22,21.67706804395573,2.825905000008788,71.46903300008489,50908.0
1780245503,50,POST,GraphQL/listar-musicas-playlist,367.800000,0.000000,20,24,26,26,28,32,37,42,53,61,61,40839,0,19,20.249888129729328,1.9961859998147702,69.94807499995659,327.0
1780245503,50,POST,GraphQL/listar-playlists-musica,367.800000,0.000000,20,24,26,26,29,32,37,41,50,58,58,40829,0,19,20.293624160352334,1.849618000051123,59.15662400002475,538.0
1780245503,50,POST,GraphQL/listar-playlists-usuario,367.500000,0.000000,21,25,26,27,29,32,37,41,51,55,55,40849,0,20,20.56946001003767,1.4162390002638858,68.076259999998,739.0
1780245503,50,POST,GraphQL/listar-usuarios,367.400000,0.000000,21,25,26,27,29,32,37,41,51,61,61,40870,0,20,20.846729509175486,2.1299179998095497,124.15249899959235,22017.0
1780245503,50,,Aggregated,1837.900000,0.000000,21,25,26,27,29,32,37,42,52,61,61,204247,0,20,20.72748324058184,1.4162390002638858,124.15249899959235,14910.590784687169
1780245504,50,POST,GraphQL/listar-musicas,364.700000,0.000000,23,26,27,28,30,34,39,43,57,61,61,41235,0,22,21.68355452802307,2.825905000008788,71.46903300008489,50908.0
1780245504,50,POST,GraphQL/listar-musicas-playlist,364.700000,0.000000,20,24,26,26,29,32,37,42,53,61,61,41212,0,19,20.247785372125016,1.9961859998147702,69.94807499995659,327.0
1780245504,50,POST,GraphQL/listar-playlists-musica,364.300000,0.000000,20,24,26,27,29,32,37,41,50,58,58,41201,0,19,20.297328540157302,1.849618000051123,59.15662400002475,538.0
1780245504,50,POST,GraphQL/listar-playlists-usuario,364.800000,0.000000,21,25,26,27,29,32,37,41,51,55,55,41222,0,20,20.568024421062205,1.4162390002638858,68.076259999998,739.0
1780245504,50,POST,GraphQL/listar-usuarios,364.500000,0.000000,21,25,26,27,29,32,37,41,51,61,61,41242,0,20,20.85005868696972,2.1299179998095497,124.15249899959235,22017.0
1780245504,50,,Aggregated,1823.000000,0.000000,21,25,26,27,29,32,37,42,52,61,61,206112,0,20,20.72948958796735,1.4162390002638858,124.15249899959235,14910.931988433473
1780245505,50,POST,GraphQL/listar-musicas,363.700000,0.000000,23,26,27,28,30,34,39,43,57,61,61,41620,0,22,21.677053978832987,2.825905000008788,71.46903300008489,50908.0
1780245505,50,POST,GraphQL/listar-musicas-playlist,364.300000,0.000000,20,24,26,26,28,32,36,40,53,61,61,41599,0,19,20.24478653277756,1.9961859998147702,69.94807499995659,327.0
1780245505,50,POST,GraphQL/listar-playlists-musica,363.700000,0.000000,20,24,26,26,29,32,37,40,50,58,58,41589,0,19,20.299950796797845,1.849618000051123,59.15662400002475,538.0
1780245505,50,POST,GraphQL/listar-playlists-usuario,364.300000,0.000000,21,25,26,27,29,32,37,40,51,55,55,41612,0,20,20.56279334115216,1.4162390002638858,68.076259999998,739.0
1780245505,50,POST,GraphQL/listar-usuarios,363.800000,0.000000,21,25,26,27,29,32,37,40,51,61,61,41631,0,20,20.84457252110228,2.1299179998095497,124.15249899959235,22017.0
1780245505,50,,Aggregated,1819.800000,0.000000,21,25,26,27,29,32,37,41,52,61,61,208051,0,20,20.725955993492615,1.4162390002638858,124.15249899959235,14910.333091405473
1780245506,50,POST,GraphQL/listar-musicas,363.600000,0.000000,23,25,27,27,30,33,39,45,57,61,61,41973,0,22,21.690431072166103,2.825905000008788,71.46903300008489,50908.0
1780245506,50,POST,GraphQL/listar-musicas-playlist,363.400000,0.000000,20,24,25,26,28,31,36,40,53,61,61,41955,0,19,20.254873303897455,1.9961859998147702,69.94807499995659,327.0
1780245506,50,POST,GraphQL/listar-playlists-musica,363.300000,0.000000,20,24,26,26,28,31,37,41,52,58,58,41944,0,19,20.311494413432825,1.849618000051123,59.15662400002475,538.0
1780245506,50,POST,GraphQL/listar-playlists-usuario,363.500000,0.000000,21,24,26,26,29,31,37,40,52,55,55,41963,0,20,20.572321750137526,1.4162390002638858,68.076259999998,739.0
1780245506,50,POST,GraphQL/listar-usuarios,363.400000,0.000000,21,25,26,27,29,32,37,41,52,61,61,41982,0,20,20.85196073488654,2.1299179998095497,124.15249899959235,22017.0
1780245506,50,,Aggregated,1817.200000,0.000000,21,25,26,27,29,32,37,41,53,61,61,209817,0,20,20.73632902818715,1.4162390002638858,124.15249899959235,14910.01678605642
1780245507,50,POST,GraphQL/listar-musicas,364.000000,0.000000,23,26,27,27,30,34,40,46,57,61,61,42331,0,22,21.698357753160373,2.825905000008788,71.46903300008489,50908.0
1780245507,50,POST,GraphQL/listar-musicas-playlist,364.200000,0.000000,20,24,26,26,28,32,37,42,53,61,61,42312,0,19,20.266439373062354,1.9961859998147702,69.94807499995659,327.0
1780245507,50,POST,GraphQL/listar-playlists-musica,364.200000,0.000000,20,24,26,26,29,32,37,41,53,58,58,42303,0,19,20.32019445039414,1.849618000051123,59.15662400002475,538.0
1780245507,50,POST,GraphQL/listar-playlists-usuario,364.300000,0.000000,21,24,26,27,29,32,38,42,52,55,55,42321,0,20,20.584623602278203,1.4162390002638858,68.076259999998,739.0
1780245507,50,POST,GraphQL/listar-usuarios,364.000000,0.000000,21,25,26,27,29,32,37,41,53,61,61,42345,0,20,20.860418354020794,2.1299179998095497,124.15249899959235,22017.0
1780245507,50,,Aggregated,1820.700000,0.000000,21,25,26,27,29,32,38,42,53,61,61,211612,0,20,20.746121303660217,1.4162390002638858,124.15249899959235,14910.150038750166
1780245508,50,POST,GraphQL/listar-musicas,365.300000,0.000000,23,26,27,27,30,34,41,46,57,61,61,42709,0,22,21.701577498654423,2.825905000008788,71.46903300008489,50908.0
1780245508,50,POST,GraphQL/listar-musicas-playlist,364.900000,0.000000,20,24,26,26,28,32,37,42,53,61,61,42695,0,19,20.261425519241495,1.9961859998147702,69.94807499995659,327.0
1780245508,50,POST,GraphQL/listar-playlists-musica,364.800000,0.000000,20,24,26,26,29,32,38,41,53,58,58,42673,0,19,20.314952529890736,1.849618000051123,59.15662400002475,538.0
1780245508,50,POST,GraphQL/listar-playlists-usuario,365.000000,0.000000,21,24,26,26,29,32,38,41,52,55,55,42703,0,20,20.581860576048776,1.4162390002638858,68.076259999998,739.0
1780245508,50,POST,GraphQL/listar-usuarios,364.800000,0.000000,21,25,26,27,29,33,38,41,53,61,61,42718,0,20,20.86518389756092,2.1299179998095497,124.15249899959235,22017.0
1780245508,50,,Aggregated,1824.800000,0.000000,21,25,26,27,29,33,38,42,53,61,61,213498,0,20,20.745113880022938,1.4162390002638858,124.15249899959235,14909.87659837563
